0.83774127905808127
0.80615420016920902
0.78688663218687593
0.76936517058721454
0.74044532534605834
0.73540671103080379
0.70860453835840842
0.70418156345483329
0.70412638050123766
0.69158097402972274
0.68425982820049391
0.68369160568282439
0.64718353028298758
0.63968355364034846
0.63784206628697204
0.63255710859880288
0.61351169420566953
0.60957317202319661
0.60630951817449996
0.60441397962669086
0.5883681913870642
0.58562177856195463
0.56813601514217293
0.56795927128981316
0.56563407246931274
0.56197486869934243
0.5590621775838549
0.557274027981016
0.55704778530445387
0.55541779312877149
0.54981930431117376
0.54372063572939922
0.5415511000542903
0.54039819883867291
0.53877520731324813
0.52647833665348276
0.52599804852991572
0.52430957579042636
0.52052928841956636
0.51949420642079136
0.51860591587213711
0.51239029088346955
0.5117479227819165
0.51161877193872796
0.51017839921982977
0.50765295777926323
0.49982449396843842
0.49845446182673786
0.49806334792814033
0.49770178730754755
0.4973734125411452
0.48664070928079994
0.48494314594917592
0.48046189339614537
0.48031793617696683
0.47821492222021694
0.4770311075744792
0.47248352915390718
0.47072033581059464
0.46742318490606954
0.46088643454656464
0.46007237145121527
0.45973269804798744
0.45853945596274615
0.45656397228945667
0.45383681204559434
0.45014181602042058
0.44978148164330561
0.44922794518925224
0.44279151110862869
0.44244234749752637
0.44146254279097902
0.43989869259444198
0.43964389046291891
0.4370176369887388
0.42731767776538293
0.42545662280272428
0.42515296385426138
0.42486148668466389
0.41933715925214171
0.41929166548903296
0.41723217423379078
0.41543223115685063
0.41489342040906518
0.41371399042647478
0.41336952697360546
0.4130522434269947
0.41300029509114333
0.41210298152776431
0.41071096506992688
0.40780725088483039
0.40529920689189708
0.40524069216162195
0.40503920038686575
0.40059974130813975
0.4001213649017118
0.39990333147800139
0.39527711641352981
0.39498893208763036
0.39490300541122436
0.39420136746874712
0.39411058943915445
0.39387228500068228
0.39047619801644357
0.38944035121969045
0.38344652655379036
0.38233804186667736
0.38088695425126168
0.3806597010846085
0.38011223843494163
0.37933164829389915
0.37803900129028378
0.37776246817638165
0.37741101177754133
0.37704403578183171
0.37387635061816626
0.37343755965355313
0.37143761760898086
0.37110402604977671
0.37055081448082927
0.36985998988915703
0.36945129761972084
0.36862308809516947
0.36847010990652013
0.36695255505594782
0.36469093880937414
0.36320497657855444
0.36309566910590291
0.36304749646046436
0.36281452275314591
0.36276470151155493
0.36213324104725958
0.36200830235451631
0.36187375186820492
0.36130920366506419
0.3584547708578959
0.35825409109680134
0.35819442874801805
0.35761627479258373
0.35668309030480572
0.35643073504093992
0.35577870650096127
0.35570921854728577
0.35556711350119119
0.35475579569231541
0.35473530979115675
0.35459369820874487
0.35454384798384103
0.35438584495897368
0.35415300934312188
0.35414957163539834
0.35394857497043175
0.35394009392472719
0.3537667457347255
0.35354514180055713
0.35311299612002511
0.35257105892462148
0.35252951191133641
0.35214811920968675
0.35182930984483279
0.35081663750762099
0.35029845838798435
0.34876072644182959
0.34871744925515752
0.34816573319982458
0.3480581006468938
0.34706451116606574
0.34659037225973272
0.34651820573893982
0.34643477937867995
0.34633127368423267
0.34614973347898342
0.3453420375758971
0.34491023195170245
0.3445851346646609
0.34321179213049124
0.34239341208556745
0.34236737062619677
0.34229688486632665
0.34192324162117382
0.34182466540655621
0.34180175852065414
0.34162377074396816
0.34148169851178656
0.34054822801963786
0.34014783695003986
0.33858852337721151
0.33799465240925392
0.3376966699119448
0.33760846188242744
0.33663561879509535
0.3361897423820624
0.3359784537417162
0.33573160005307473
0.33546089196095341
0.33540735090720791
0.33527547934142687
0.3347398832778844
0.33432914710762629
0.33324572426197252
0.33324492498305519
0.3329018871003766
0.33282600939529294
0.3326263883017338
0.33186964415499554
0.33161974461364058
0.33145525901244177
0.33131957679801349
0.33128133094724421
0.32964363582367168
0.32889812787184708
0.3288712050104442
0.32841807195741124
0.32836025953660541
0.32709716177093173
0.32679920747864905
0.32643345421897152
0.32636792683579868
0.32619082416023509
0.32586561330932662
0.32550185665787706
0.3254624019847927
0.3254361830687344
0.32481924327758688
0.32474283959838013
0.32400717795139616
0.32352625841530441
0.32350326329038892
0.32292500911104455
0.32139939578621901
0.32136611328121012
0.32129435377158266
0.32092229613337281
0.32085217251717407
0.32055151805513704
0.31969564119598781
0.31956535898380345
0.3194597349085101
0.31936543394310918
0.31856114655789142
0.31755867817746281
0.31689026724681862
0.31688235496954048
0.31579856045464544
0.31492933676029589
0.31408190452358786
0.31405736213152585
0.31359176140525619
0.31343854401640397
0.31310848830643856
0.31239510585617758
0.31214550562742671
0.312087734829195
0.31172875374293774
0.31167907576370985
0.31148360373865253
0.31104016439082105
0.31067314966290205
0.31057520442307074
0.310390382079334
0.31034115055424827
0.31028226412748944
0.31022159330605537
0.30968638017416977
0.30938169823054523
0.30871778299423963
0.30854709148869791
0.30805415935054442
0.30781227553974794
0.30777764798350415
0.30752326803087615
0.30748571911502054
0.30747103602224152
0.30725656971267812
0.30722348586499298
0.30693235733130331
0.30688336294111368
0.30660839859757871
0.30654124364358842
0.30620888390183021
0.30616123967908115
0.30611072573768849
0.30589758389312438
0.30564358890716509
0.30559351475964086
0.30514151292321079
0.30494572732141489
0.30489000815873424
0.30487856139229191
0.30468660092441835
0.30443346319889819
0.3037633943107691
0.30342584018320673
0.30251737006410195
0.30214671416428507
0.30199159876456261
0.30190141800441028
0.30188259868580281
0.30172453003838529
0.30098100814599821
0.30085179215212143
0.30051413263559773
0.30039298753620136
0.30014244093412812
0.30010889541740798
0.29939020440615949
0.29906304794896654
0.29858233296889336
0.29808563718723696
0.29807313534038782
0.29805504302050595
0.29800605172461214
0.29796539485580392
0.29767640734633255
0.29756889162584249
0.29728252937300031
0.29702326663221712
0.29698262037637457
0.29667952538695236
0.29649225933666495
0.29620203624865599
0.29608007898672112
0.29556944179469335
0.29554011228105376
0.29553270066240256
0.2954790539270884
0.29503743096032803
0.29482554445218145
0.29474758619613178
0.2944430606734853
0.29427190408504333
0.29422970723012482
0.29397915444501699
0.29389240638323727
0.29378232473471927
0.29362777925701339
0.29345898653333669
0.29279772329266029
0.2927241216110032
0.29197966241160384
0.2919534824329722
0.29095871548317764
0.29078026545713764
0.29055450949823036
0.29047054839055891
0.29023338248316366
0.29018206982650485
0.29005612481118304
0.28988631078035154
0.28968341156365351
0.28958127540124456
0.28935766106371336
0.28920539343018137
0.2889042323426248
0.28874981780238385
0.28853672375754097
0.28799838487748874
0.28796408932088563
0.28787516013798675
0.28784172309998174
0.28759011384604949
0.28740723175366173
0.28676880797446985
0.2866747610070704
0.28665284317504897
0.28663423067212279
0.28652334308842936
0.28575464595056133
0.28571639599587695
0.28543622650677758
0.28539850343554768
0.28517996401998308
0.28515522058943898
0.28470723106364126
0.28465636915892839
0.2841054112954578
0.28393406011397704
0.28341054507777164
0.28340455612125293
0.28298975619463113
0.28294014091579039
0.28286135406406332
0.28262853161985135
0.28242729121733851
0.28194270274886957
0.28181715279064706
0.28175282616237118
0.28094883633863965
0.28087799145714215
0.28077334453533387
0.28051292365955843
0.28007759160743007
0.28006948908323664
0.27981239516753942
0.27972238343828848
0.27924291897873782
0.27923144876245676
0.27890489883368635
0.27873329225724952
0.27852016245511602
0.27833611025095945
0.27817888348059822
0.27816961436972532
0.27816265019345826
0.27777513503768425
0.27772407503946273
0.27754923153264588
0.27730951938747345
0.27702830403104423
0.27689164305812997
0.27615586618999366
0.27594735667908182
0.27593274480667274
0.27535035376066913
0.27464810727099909
0.27445188335992798
0.27414738835019115
0.27413135588946025
0.27407925704934483
0.27396706525259135
0.27390853286910161
0.27380938434578711
0.27369994636877837
0.27354561535147121
0.27342418670407309
0.273252768089915
0.27322181584838384
0.2724959211267215
0.27248326492149466
0.27195822118927682
0.27195429210437211
0.27182881852559543
0.27168040180317005
0.27165810325173106
0.27159906264188571
0.27156623866665991
0.27148635977880375
0.27128159582981654
0.27127098497009927
0.270894823550763
0.27058041539829292
0.27037061010134733
0.26999186617132398
0.26952252868955384
0.26925892812397545
0.26905788170708905
0.26889269162361823
0.268452605661477
0.26836765859815503
0.26787127458179083
0.26774216155626673
0.26752856607178699
0.26748838957105014
0.26747989845890829
0.26734229502603241
0.2669786970191787
0.26683747847374317
0.26642799120466809
0.26630134023418151
0.26625877696691996
0.26613908256319169
0.26602254697394689
0.26523415882587686
0.26501505549762339
0.26500733309082197
0.26479933014573681
0.26423689599234668
0.26401364257381299
0.26387158504553054
0.26359352510627032
0.2634181737886197
0.26338613901309577
0.26300805000213828
0.26276669894841026
0.26268889215738145
0.26268046762099984
0.26258095703201628
0.26235025579435128
0.26230760605711378
0.26223298249790639
0.26209514353303687
0.26198297954674604
0.26196170863353191
0.26093211459361632
0.26010822392228378
0.25987532610736724
0.25962025790134091
0.25949062836198106
0.25943124878756696
0.25904208047778393
0.2582384881933682
0.25813289794676136
0.25811502341735509
0.25791270834792923
0.25753670534359102
0.25753033924925217
0.25729081582064134
0.25726167089302238
0.25684138945316876
0.25670058035171273
0.25668052893558096
0.25647392816324621
0.2562591692511082
0.25613642398645409
0.25593850958381148
0.25575112764423991
0.25543158880505551
0.25541233237164301
0.25501391989457572
0.25470275063133641
0.25465022880059668
0.25456211503407206
0.25405265592111881
0.25394072527791545
0.25360293208222223
0.25324571796030348
0.25313460397237736
0.25312533415565819
0.25272089404424292
0.25245500987975944
0.2523255882230569
0.25225299077425534
0.25222526992566968
0.25204963599269831
0.25164367285334249
0.25140213178151216
0.25126717705818291
0.25120777095435126
0.2512043295947135
0.25109471005444467
0.25102618838400076
0.25100327193118027
0.25099427317734996
0.25082424008378873
0.25072881397167684
0.2503894733185531
0.2501653382953774
0.25013774170760256
0.25011250745298286
0.2500259973111722
0.24953276499581653
0.24928809471581007
0.24898957284692111
0.24866271377164481
0.24841133873454113
0.24780682946608187
0.24779882208282211
0.24774403741097523
0.24771940370831896
0.24769388356706967
0.24763085445595698
0.24718275884902674
0.24694671803859
0.24674188340529613
0.24668361005662329
0.2465612232166754
0.24634815038615654
0.2463292207419325
0.24605157939366606
0.24599911212587874
0.24585920197519878
0.24584789015853031
0.24583514122009906
0.24549466648470625
0.24549288056585211
0.24542302391706089
0.24537537786656716
0.24515370535246594
0.2450984990277558
0.24397635592197908
0.24351533168873613
0.2434105636098215
0.24339831443891377
0.24333042717990028
0.24315956635220157
0.24315134054029605
0.24250972915034177
0.2423510004659308
0.24228152565577971
0.24198639143541736
0.24195624825836765
0.24190309773183741
0.24188332107092234
0.24185784795682902
0.24152423980900412
0.24105610235398781
0.24102300359054496
0.2406049562707907
0.24057982814126774
0.240116056518728
0.23990460506153888
0.23983824242480012
0.23981757762507286
0.23968933404559903
0.23966026532030807
0.23934845266494467
0.2391687001569833
0.23899030557056652
0.23886918245658434
0.23881788811174418
0.2386289853580574
0.23853440229607212
0.23820038648022698
0.23797822957515016
0.23795530334932502
0.23786101764134707
0.23740772467591131
0.23726521968214853
0.23723957911895613
0.23714086720358826
0.23711568513204231
0.2369628975757288
0.23691521176340158
0.23683757355661714
0.23678165090088488
0.23670270643282773
0.2365803618046699
0.23648464844657002
0.23629154004461425
0.23613452045034772
0.23586842679510506
0.23585658822730138
0.23578484360225885
0.23570263951030629
0.23562679515556101
0.23560134718862047
0.23548474027959482
0.23538012218621338
0.23526709408707736
0.23518212358902715
0.23506579356774931
0.23502620612629585
0.23481757633489428
0.2345828725197085
0.2345392896805473
0.23447514002824271
0.23443440729346204
0.23430407421226113
0.23424180132582215
0.2342280417912988
0.2340909235158142
0.233700594490207
0.23335710916584956
0.23322838952344135
0.23317893761497877
0.2331341925171504
0.2330404486569887
0.232963284427293
0.23292701853129832
0.23247132237206675
0.23243613440889963
0.23242397012654323
0.23223231929358304
0.23193244131324348
0.23184761426324718
0.23174717425566596
0.23169644270734757
0.23157263139395262
0.23148741077800589
0.2312176617781368
0.23080352866239681
0.23070932470369004
0.23062319548455146
0.2305610234727398
0.23049556177768396
0.23049063576536774
0.23041149390447555
0.23035920093610321
0.23018821451631413
0.23014376284444904
0.22998528012239347
0.22996792993201137
0.22994594389982381
0.22988595830968248
0.22982385552773255
0.22979840520453523
0.22973051046457968
0.22965886573959599
0.22964583566951666
0.22962727715965506
0.22905896432442982
0.22895559452019648
0.22876927384067183
0.22873273391082213
0.22871159768394989
0.22870696967027954
0.2285821163656323
0.22857191404019317
0.22848641389015126
0.22840603379944313
0.2281915268118892
0.22814036192395171
0.22799254333780461
0.22796150119796085
0.22790613255638309
0.22789054618969856
0.22782092593063397
0.22768787027229764
0.22752677211753253
0.22750039273737696
0.22740236640446029
0.22739259081754226
0.22738634457909856
0.22736940555697532
0.22718132180524361
0.22715890722537238
0.22707904356442835
0.22703489399192328
0.22689464911516763
0.22680181605656372
0.22664208369386027
0.22660074298364111
0.22638639776540401
0.2262417411787023
0.22610016130029031
0.22581122706425166
0.22563307794820656
0.22562189309487241
0.22549676647520681
0.22503315355660158
0.22497645123223475
0.22493118071421836
0.22474427170110092
0.22452109450815042
0.22444503808104813
0.22444216079843882
0.22443407173017102
0.22439398403918018
0.22413710440778958
0.22387323721338814
0.22375375597425987
0.22354524684525623
0.22351990125705323
0.22347289725575484
0.22336662941093952
0.223241724292504
0.22320532990432124
0.22319909869722168
0.22307549818443195
0.22303700264359128
0.22284597299100559
0.22278486249524962
0.22272358623291127
0.22246119744116083
0.22227201176666417
0.2221545050733793
0.22214899103296709
0.22210993204011206
0.22207876113404637
0.22204985655964113
0.22203026254208963
0.22200319186145642
0.22182560734147949
0.22145883737596886
0.22096741829409727
0.22076758903239019
0.22075977850062245
0.22068611847634584
0.22058221855418761
0.22053410648206578
0.22052606394337845
0.22051314489027019
0.22032341175931264
0.22030132391406382
0.22024404955917981
0.22021865127008647
0.22021818604499713
0.2201918443099615
0.22015014746352216
0.22009000038416893
0.21991842995058447
0.21990171740287373
0.21969178660924685
0.21960039405367396
0.21944726739662737
0.21932623844024526
0.21923910391884663
0.2191193181366759
0.21910040688154842
0.2189733108312068
0.21892846674169067
0.21853942236393234
0.21846179396034399
0.21843948970426938
0.21842221497149797
0.21833797435474067
0.21828920719558617
0.21826789848246095
0.21818663785418224
0.21814161329148124
0.21812444861341643
0.21805370387780923
0.21803896830212965
0.21794507041535513
0.21779862301449404
0.21778938986790727
0.21748877039720027
0.21728949311764642
0.21719716153218327
0.21717339219819692
0.21703779547644303
0.21700415074441087
0.21670491106809125
0.21666445484016453
0.21656495613192975
0.21634248689205177
0.21629702488090469
0.2162967131828625
0.21596221152145839
0.21558629827828102
0.21552618823683747
0.2150882284513751
0.21503924456050344
0.21489864859529531
0.21473175157342161
0.2143423873505369
0.21427483360660879
0.21417906432423131
0.21415292983837639
0.21410880528577422
0.21378866024910131
0.2137464401398074
0.21373948180290372
0.21352287509146331
0.21336114108775361
0.21308253369307645
0.21302988096225808
0.21302340315614246
0.21292968601295728
0.21287651538567401
0.2128104273978467
0.21275364765655083
0.21267145362786943
0.21245065634792373
0.21243539077688209
0.21243528175584106
0.21235081439281622
0.21231548699960981
0.21228163252996957
0.21226022986062421
0.21225134745512073
0.21219537749503636
0.21210604044874692
0.21197365346042374
0.21182078386652026
0.21173461123114509
0.21161160811618437
0.21150768091825678
0.21115915592272669
0.21099603464514374
0.21097561626755981
0.21086439434539736
0.21068433696645808
0.21059669369798048
0.21054903146078754
0.2102662016227827
0.21026600428042125
0.21026488342139735
0.21011384409595038
0.21008388962482308
0.20999990617553002
0.20998873512648181
0.20987884145787269
0.20961650956215119
0.20945442069628942
0.20913653463215995
0.20906496948171521
0.20892414082322627
0.20886940793411704
0.20878907544715911
0.20874505858689402
0.20869334496907135
0.20855674760498649
0.20838405110922989
0.20800803435270007
0.20794163396670887
0.20791487384442192
0.20733385906019297
0.2072497689475781
0.2071286696704325
0.20699100492387898
0.20692254149715425
0.2069105652969386
0.20684616454737417
0.20677386392590533
0.20673790052441182
0.20657174157418723
0.20643878397663476
0.20635762470263722
0.20634322071560032
0.20631297503375964
0.20608158605765092
0.20604835059321844
0.20596874918309055
0.20592624497161963
0.20587692712676742
0.20573975016819421
0.20566848498983226
0.20555139373252032
0.20536279003866006
0.20528123787928088
0.20518767627744056
0.2051714055353123
0.20503870090304877
0.20503657244903475
0.205028969459916
0.2049759729312686
0.20494062092674237
0.2048596775180116
0.20476381694894519
0.20466187730473792
0.20441725334854252
0.20440701587456311
0.20423483877908311
0.20410652522616132
0.20408822492285375
0.20390913197923483
0.20381545096139658
0.20368973712437122
0.20367102717519045
0.20360477090038995
0.20352438225315311
0.20339417495938431
0.20325319812612805
0.2030766296872823
0.20301733554457013
0.20299020973335927
0.20284388688630578
0.20278265628284131
0.20274267000557539
0.20268504053968017
0.20256115606979669
0.20246891686711008
0.20233148387607072
0.20212292921032515
0.20206705548907958
0.20203045413623702
0.20155724743402759
0.20150864777382932
0.20131888689770142
0.20116479832508155
0.2011555584136894
0.20112746549529398
0.20095238407666285
0.20090497919209363
0.20080191613630813
0.20072865250176467
0.20069796587275615
0.20064618332144377
0.20056475305957921
0.2002711458578654
0.20005043905658421
0.19995207549585919
0.19983838298414563
0.19982273783633775
0.19965524197576179
0.19963839893552421
0.19950933857770739
0.19947256044355222
0.1991647606932487
0.1990366034493139
0.19902211353667679
0.19901585810438147
0.19896474275542311
0.19892795301514576
0.19887692117510272
0.19879243597731477
0.19861067589864606
0.1985720040819455
0.19853398531834798
0.19852605849134822
0.19851585687461415
0.19849010641940956
0.1983995912330358
0.19830387374480893
0.19819686816134635
0.19815839290816392
0.19799220560632208
0.19794674540175372
0.19794581157628116
0.19786026352814706
0.19777570494453917
0.19776651097329201
0.19764803515781329
0.19763420295091938
0.19725037690130628
0.19714426456198883
0.19674890065175013
0.19671162443268841
0.19670576370639403
0.19667306903022364
0.19654695416751047
0.19653734256711983
0.1964984900354742
0.19644003521049735
0.19643450359785952
0.19639476848763654
0.19632605045876542
0.19626122538371887
0.19624152901743766
0.19623786187781206
0.1960639566765574
0.1959702404538457
0.1959292853064584
0.19578823057196088
0.19571711301993924
0.19571227154027765
0.19568166210519275
0.19559657738631081
0.19554494087816995
0.19552603192056742
0.19549703362004439
0.19521215989985741
0.19509015673532276
0.19505102451300774
0.19500511990367281
0.19478496265865552
0.19478330116530074
0.19465808379974994
0.19445836063715211
0.19442412624409036
0.19440180642122112
0.19439185064771675
0.19437872726291017
0.19437294061782617
0.19435397380136374
0.19422636524082076
0.19416386077586203
0.19408918653910726
0.19398645597715364
0.19397912253177865
0.19372791819390697
0.1936708346187879
0.19366854216054821
0.19362960968941564
0.19355971856619913
0.19354915524304286
0.19342307161996428
0.19327144756805476
0.1931504426933735
0.19310190249624179
0.19307846246622157
0.19302042626992622
0.19299221280510581
0.19299155535562595
0.19289950016688254
0.19268900865773378
0.19262606178169403
0.19254978676349038
0.19238498075145372
0.19212291658809055
0.1919937859593924
0.19198554227153788
0.19190051495195759
0.19185692928197312
0.19183587403104313
0.19171971224791687
0.19156276600808322
0.19154814015526672
0.19152079725902041
0.19151685641010585
0.19151652871133482
0.19149166794303968
0.19144179835631636
0.19134949156730752
0.19131197668610492
0.19129817982394445
0.19129053385727862
0.19118982151598335
0.19110369559064189
0.19104503901364636
0.19099387863619044
0.19098256759200874
0.19094706231412278
0.19088308993574349
0.19080580187498231
0.19078445801868735
0.19072357449773422
0.19050611804720924
0.19039471280517642
0.1903691849692202
0.19023469601624887
0.19015686803489487
0.19009349072653026
0.18999351230592862
0.18983554015431794
0.18982540594715111
0.18981599076588668
0.18979378867720165
0.18965721184801851
0.18948711522868508
0.18942669474555932
0.18942188550097699
0.18922914298182569
0.18921391241211552
0.18917834977830195
0.18916024757462999
0.1891010398907054
0.18903116608883444
0.18871756481555862
0.18848852296547455
0.18829257477510436
0.18816760008871977
0.18802133625971124
0.18801882392559829
0.18800903236468808
0.1878029730903811
0.18775714482568936
0.18759465304367184
0.18737059382031301
0.18736272401032808
0.18728717223145547
0.18711967263771265
0.18708406806995209
0.18686347334000186
0.18684858059618065
0.18683623223083473
0.18683040793546921
0.18658735225066012
0.18656554222056956
0.18653338852384929
0.18653294750345789
0.18640272053123622
0.18625882538984867
0.1859839358797114
0.18591169425457882
0.18581816730480832
0.18575267185816316
0.1853777110309516
0.18532376087654093
0.18524171339035042
0.18513461858667615
0.18500394479692694
0.18482307071398416
0.18480520714056126
0.18476273603634327
0.18474341876336867
0.18472128571830124
0.18467017006426509
0.18465257637542049
0.18453484523689162
0.18420291256957436
0.18418433014549937
0.18416362001877717
0.18415771365819547
0.18412670783332055
0.1839535614537344
0.18369943850814879
0.18348749317112395
0.18311403155945621
0.18307713719863533
0.18307444273122886
0.18299519803239417
0.18296059879698925
0.18274732829294019
0.18269444114921388
0.182564493502961
0.1825625369566885
0.18256140720732089
0.18252459838468624
0.18245736585279734
0.18239846971905516
0.18235074709977639
0.18224521924720324
0.18224131556973575
0.18222505633622049
0.18214320512749965
0.18211504570384648
0.18210714718077295
0.18194951263364958
0.18189859964368821
0.18166322936566578
0.18155854964318435
0.18146666188723029
0.18141881453249661
0.18133742686322435
0.18132557918657508
0.18131768495980449
0.18116771002840198
0.18096885533762941
0.1808968375538729
0.18082040696653295
0.18081001852113052
0.18080861312490223
0.18060672519271673
0.18051278108504368
0.18050421841051456
0.18047292212546054
0.18045639309415792
0.1803885163937268
0.17996418937126502
0.17982567621365791
0.17974360747824183
0.17973374763231795
0.17966404579316886
0.17945015137987294
0.1794147097261963
0.17934446158177067
0.17931135067236742
0.17930911339509462
0.17917143423576845
0.17914456137776905
0.17902180051022176
0.17890671818697157
0.17878150441988674
0.17875409212358812
0.17869586458858139
0.17867884132038522
0.17864045682901983
0.17813059497900482
0.17804060052558657
0.17801034726694809
0.17797112630936157
0.17781718564736199
0.17779787348414908
0.17772874628613602
0.17762564570790146
0.17748897988462686
0.17738535005930087
0.17736058154234874
0.17725390095338711
0.17717505120437363
0.1771308020011948
0.17709814818831546
0.17707510418319891
0.17701992029491109
0.1769671872114767
0.17696421891781369
0.17668172926135089
0.17656676287493064
0.17648167279663296
0.17645861918410446
0.1762104333030963
0.17610598084130147
0.1760940373724405
0.17601429205383742
0.17598416117743215
0.17593139504798641
0.17574905483325531
0.17570863897805913
0.17560050601376348
0.17546917690897068
0.17543516717108915
0.17542000101658328
0.175415975662397
0.17533903444292134
0.1752885344617223
0.17495244866937068
0.17477283011893424
0.17476573936485681
0.17473417961398927
0.1746949658334265
0.17463734556010566
0.17460846720152201
0.17454138260983537
0.17433598002450584
0.17432938579272578
0.17428742891460663
0.17425431777091227
0.17422351037826705
0.17419408584884319
0.17407334717609912
0.17406166450321353
0.17405540495810445
0.17405024038434772
0.1740242772509851
0.1739905569631553
0.17390514957911393
0.17386741714755996
0.17383436928225499
0.17380966187711133
0.1737037348855674
0.17357601045918727
0.17356595548266182
0.1735266559433733
0.17351090443564976
0.17342255309425825
0.17330855359619993
0.17328177814694409
0.17324658365033632
0.1730666586716465
0.17303768943808798
0.17299230975090293
0.17287599574099466
0.17279193021361905
0.17275176439681461
0.17265265124844026
0.17260141851561719
0.17255354154691949
0.17253942358034222
0.17244827587809455
0.17232903983953243
0.17222055029888272
0.17219853105627339
0.17212190804903846
0.17208907038223151
0.17206652257289567
0.17205983231915808
0.17201268494083932
0.17201064352423426
0.17199256263976573
0.17181663509597447
0.17181513852989164
0.17170323783674959
0.17140424923784983
0.1713861925719472
0.17133768163274216
0.17110384874205728
0.17101956031262888
0.17076292150390524
0.17073314356819558
0.17054979934667502
0.1704375927889849
0.17042929631167186
0.17033698016897744
0.17029038300361055
0.17028291686001426
0.17027562865501558
0.17015053132698887
0.17009600923598073
0.17003719764070346
0.16993003599915024
0.1697220425025259
0.16969529168592473
0.16969412006078702
0.16968634964045401
0.16967249385699562
0.1696576713764332
0.16948161821297403
0.16947189958084719
0.16938508453293766
0.16935590239780668
0.16921002282168149
0.16920570042829633
0.16918862266455034
0.16908947350408837
0.16896830109763292
0.16895584262118768
0.16877177301503357
0.1686987677873448
0.16868356376390051
0.16866101451116275
0.16836420198209825
0.16835637897104583
0.16829110048349963
0.16818342419432633
0.16814662898346461
0.16804257356011232
0.16800418216920168
0.16794015983321894
0.16793194290218449
0.16782810140396287
0.16776555307247354
0.16773125163964742
0.16770972938392101
0.16770103880530732
0.16763498907328386
0.16759823942904514
0.16753869167862806
0.16745269770251806
0.16743846735345508
0.16737612205207933
0.16736002258712795
0.16727905212825242
0.16724469555211069
0.16718459656486701
0.16709967703969125
0.1670483687602129
0.1670356643748839
0.1670126293473668
0.16668780456788393
0.16660286997840998
0.16646477443554225
0.16645647476667794
0.16638338588493973
0.16630821985839159
0.16622566626551713
0.16615382146073421
0.1661262631773224
0.16593368745958409
0.16590542629675128
0.16589888727497679
0.16588104192876335
0.1658799649954712
0.16575274208280794
0.16571796803463243
0.16571400014933299
0.16556951340657758
0.16542387489514973
0.1653577671727339
0.16535358242406847
0.16520007636129105
0.1651794825670708
0.16513902751083734
0.16513148653619628
0.16510355496451415
0.16503179758181841
0.16478716134634031
0.16469297944727931
0.16463859309072346
0.16443149358919276
0.1643932458951787
0.16433749847248566
0.16430897345983861
0.16429786309870623
0.16401692806469839
0.16399302031598179
0.16391230785974761
0.16387871790000871
0.1638663321146645
0.16385761807594465
0.16385551054726072
0.16373964304104061
0.16373493216697207
0.16371384472897824
0.1636815723743279
0.16363803635369503
0.16360164049445944
0.16353526547033417
0.16339425700945534
0.16335382925924169
0.16331875542701479
0.16321611842436631
0.16317827614348709
0.16292935605279962
0.16283650133483477
0.16277320287658456
0.16275401554630037
0.16263830097848106
0.16262001928395531
0.16261528372126446
0.16259439942367049
0.16252046750419893
0.16250909808166367
0.16250662372268013
0.16245638900472831
0.16244596234811493
0.16235735638454976
0.16233119184801645
0.16226880307725622
0.16215770071959126
0.16210495273982969
0.16204413388868696
0.1620121308561312
0.16200914079314982
0.16200860183019578
0.16185762395831185
0.16176606566213247
0.16170553682211419
0.16163065030265888
0.16160052353160631
0.16158154323202756
0.16151201463672471
0.16150942016466502
0.16146906962754587
0.16110084014812737
0.16091616506127479
0.16089426125356232
0.16088561516678879
0.16072685609640347
0.16061193919335368
0.16057221673557626
0.16054681488116501
0.16049672568781859
0.16046443781985184
0.16039770707356316
0.16034499732279509
0.16033831577247187
0.16031116018209607
0.16029563894841914
0.16025476313006631
0.1602341045830652
0.16022445631846924
0.16021359933702287
0.16017898457543622
0.16016864186090207
0.16016281302139251
0.16007547427436916
0.16005416324042282
0.15999711227679891
0.15993285381409933
0.1599256972836654
0.15989397661319882
0.15977425486395289
0.15965386138850585
0.15958560998146742
0.15956170889725022
0.15949968369922318
0.15949096095426535
0.15943743355205103
0.15942104178952499
0.1593053693744729
0.15929439259443592
0.15928070922028867
0.15925363250266858
0.1592165609696565
0.15915622413890884
0.15902784217527499
0.1590147396845612
0.15894535434678234
0.15881757055343382
0.1587181100055175
0.1586657087936208
0.1586487709449719
0.15862191060139799
0.15861252880680554
0.15857903095158593
0.15854663032462576
0.15854006131697909
0.15849383241320866
0.15838705257385552
0.15837335267957806
0.1583137061920486
0.15830100981572473
0.15827841638171539
0.15821410669721558
0.15816362994445701
0.15813352782086751
0.15811597421194831
0.15808861115940598
0.15807960062482057
0.15801703375790022
0.15787816677462133
0.15785382691918254
0.15781289758151312
0.15775857851505062
0.15772022345918771
0.15770894960626453
0.15768350288080024
0.1576247413582352
0.157525274388468
0.1574711746709577
0.15745027340999337
0.15740751870345976
0.15735962554473915
0.15731570196368716
0.15728478366700382
0.15708562523337127
0.15680448946363057
0.15667991648254245
0.15656327891488372
0.15655381890177728
0.15637549092206035
0.15636543802658032
0.15635491344413058
0.15633993944562496
0.15633613629532764
0.15628524839192565
0.15623384691513179
0.15615904929980576
0.15612998991679952
0.15612750997352115
0.15602883057899644
0.15601393522868159
0.1559730393600389
0.15590182799317928
0.15578977930890084
0.15573250218923934
0.15567981549558813
0.15566082948953039
0.15562323251312982
0.15560455967327091
0.15551772997863331
0.15547716459635705
0.15541371325120723
0.15529491276664861
0.15526520022177656
0.15518409215571707
0.15510811519801082
0.15509973666307664
0.1550044507510166
0.1549398280105185
0.15493322125610992
0.15492314616324826
0.15491479963623042
0.15490994616150919
0.15468593841862713
0.1546818530053802
0.15463634482763941
0.15460313702968811
0.1545745564464848
0.15454438429427905
0.15451384090666745
0.15440474767476442
0.15432057921535566
0.15429817930296774
0.15419272913308021
0.1541681600266728
0.15408994865523304
0.15402971928264039
0.15400201172099376
0.1539982836145983
0.15398754425437028
0.1538793077548298
0.15361756583527772
0.15348698755627613
0.15345066806723795
0.15332045055177515
0.15324979346652792
0.15321578591347129
0.15312732238419186
0.15309608022225549
0.15305374590284104
0.15301710982190248
0.15297267006475312
0.15278031742232492
0.1526503547980062
0.15261928618397863
0.15258179507689643
0.1525642270450788
0.15255355269628881
0.15246938828130488
0.15243484783090849
0.15242779954240249
0.15238481249370367
0.15237166811518985
0.15224002913367224
0.15222676722071965
0.15222366938697662
0.15218603881208806
0.15217099715420773
0.15210705737813654
0.15205949453365886
0.15203145523552139
0.15199710598865734
0.15193325652107686
0.15189710027280229
0.15186765538959085
0.15186344553231451
0.15185110622601733
0.15178445082524589
0.15173405589081848
0.15163654210574409
0.15161821679983448
0.15156283657228353
0.15144767218206848
0.15133687867143486
0.15133581681479852
0.15132195993803202
0.15129811135712556
0.15122263733429461
0.15114381496489426
0.15110209183221304
0.15110139332559525
0.1510867520562825
0.15103729920204439
0.15099779077334743
0.15095812160341596
0.15093300493668999
0.15082598319071608
0.15082243307291221
0.15060240347689996
0.15058517773877675
0.15056853633592665
0.1505079891782409
0.15050224020990957
0.15046622852195538
0.15045206090291099
0.15042542407833154
0.15030643121264392
0.15030163123354054
0.15024598428050373
0.15012402487290685
0.15007470858021602
0.15005198426751365
0.1500169118222377
0.14985627367168086
0.14965315153792952
0.14962862445628961
0.14953803370525739
0.14953120367880723
0.14952463146140657
0.14951748459481223
0.14947694181093513
0.14944186150880026
0.14944067359465332
0.14942942362963699
0.14939875261618135
0.1493957019004763
0.14935389404768862
0.1493324297715736
0.14930577687872815
0.1492534416974092
0.14923519558829584
0.1492109735466608
0.14914636659388322
0.14912227287602131
0.14911001452977649
0.1488669740525024
0.14886275244518216
0.14880228701269169
0.14877699521306412
0.14864124888084371
0.14853789570494688
0.14852856525735891
0.1484538405296642
0.14835569857415759
0.14830547986153828
0.14814194399072772
0.14806363258999766
0.14805707064649712
0.14802903992054367
0.14799845050820565
0.14798108158787385
0.14792080169633423
0.14790333620491233
0.14784997816713941
0.14774900767736071
0.14772245038052007
0.14772045182064736
0.14759166885819308
0.14746929075327456
0.14742790770862896
0.14729208528472004
0.14724799803917379
0.14722479343629108
0.14721645859511881
0.1471287090713361
0.14711010479122538
0.14696370673746642
0.14685798535771311
0.14682748735294679
0.14682645369442157
0.14677556996080696
0.14674706124897985
0.14660509293203047
0.14659545269723082
0.14653900180188173
0.14652595871530763
0.14651054193025995
0.1464473707495606
0.14644503055044344
0.14636141525677118
0.14626718745961076
0.14625820209398974
0.14618192748370182
0.14615934588924478
0.14603356699272479
0.14588071496988558
0.14586604551631419
0.14586369784941292
0.14585207953618959
0.14578688377439114
0.14576866602329661
0.1453732424967443
0.14530395060743037
0.14522080810944585
0.14516960738679291
0.14516821369929944
0.14516462930502685
0.14514991200087268
0.14513957520541201
0.14508880142360717
0.14505618928553984
0.14505294301465008
0.14498355724251472
0.14494882877110038
0.14494352317295686
0.14489141054263902
0.14486933727324988
0.1448259287554638
0.14479920950523942
0.14479822847098164
0.14478926689815216
0.14477762463325086
0.14476508748902156
0.14476398860642711
0.14470195068568853
0.14470078004790987
0.14466134562228944
0.14452531514925618
0.14449945473327891
0.14441798426027583
0.14441124635088876
0.14428519955404337
0.14428136139264719
0.14408827888303244
0.14400743187385034
0.14395957693271474
0.14385346735366666
0.14384899197675036
0.14373550538801338
0.14371163677667204
0.14363181000177394
0.14351270991220449
0.14350738129091312
0.1434639817643662
0.1434303228715243
0.14334315734102449
0.14326311451543905
0.14324321593441935
0.14316139168614142
0.14313432394356768
0.1431074743287831
0.14309982564871526
0.14305119085960105
0.14301865577696202
0.14301010383124574
0.14291915521808188
0.14289892941785104
0.14276561131008664
0.14273821948172125
0.14261844952682867
0.14260939402752842
0.14260540720663623
0.14250182060425787
0.14245947072260434
0.14245043773781191
0.14243822434721967
0.14227006200149642
0.14225893143114288
0.14211196472274834
0.14205556640159056
0.14200423944771742
0.14198571944329005
0.14196394950117291
0.14192902497462975
0.14191414729637905
0.14189869140953523
0.14182087060630605
0.14168602254817134
0.14163361962205392
0.14162075776002087
0.14155761807694345
0.14144686507306778
0.14137370000210872
0.14135310436067988
0.14132559330815672
0.1412386500448726
0.14120502939675117
0.14118677404302657
0.14118481312341222
0.14112881843253672
0.14110657961933698
0.14108139204376316
0.14105337402828128
0.14083846047452292
0.14077529497296307
0.14072256186069268
0.14060498247809555
0.14053542283177659
0.14052043191357735
0.1405032141729517
0.14048525725488822
0.1403725326612682
0.14036572524736224
0.14032363121061056
0.14016941655424864
0.1401151154613981
0.14005848606927662
0.14002302329415431
0.13998042855875437
0.13986364820253122
0.13985134611269334
0.13982242876846512
0.13969350070333239
0.13968990668201425
0.13965355095687088
0.13959850830664808
0.13959170772874269
0.1395529072832575
0.13940783331665954
0.13934415451751436
0.13928984870397543
0.13921550023279922
0.13917774332187266
0.13915134793110795
0.13912588352388378
0.13910180107824321
0.13906039734944439
0.13904785757114582
0.13904623897945662
0.13904474400635763
0.13903474873406063
0.13902120799313861
0.13901063912715697
0.13900059187782812
0.13896243266287864
0.13891825920070983
0.13890031910657916
0.13884747733012381
0.13876242249214663
0.13863361775589139
0.13859812744709413
0.13853390028160523
0.13850119377010678
0.1384828588964363
0.13842737050353254
0.1382164587423993
0.13815989305036497
0.1381419747832216
0.13809373031128189
0.13808790131031545
0.13807863608277518
0.13807044620234751
0.13798322498924481
0.13798136661541135
0.13794387151961757
0.13791975882353241
0.1379013110266154
0.13790034541361379
0.13787275984239442
0.13781822501196195
0.13777617287358485
0.13773014323770402
0.1376564689278115
0.13758551783875161
0.13750370569612239
0.13747463270037072
0.13745464366692248
0.13734920898679512
0.13734098965733679
0.13731721638757957
0.13730261650320244
0.13729950482969758
0.13726046970442635
0.13720832584450385
0.13719722103993565
0.13710853934884695
0.13710584739555412
0.13708208296226171
0.13708169592700811
0.13705420375735644
0.13704421051822199
0.13703792402337872
0.13698184420462631
0.13697625748646855
0.13694851074426453
0.13690440138841922
0.13681276677588552
0.1368038556055087
0.13672616285095038
0.13671804594949213
0.13665467844604026
0.13662965487248208
0.13658254481981008
0.13654822705787756
0.13653318417815952
0.13645410159113799
0.13640133029603885
0.13633707267009873
0.13632947663819495
0.13630753829868889
0.13629473014466242
0.13627969673806389
0.13625213326674945
0.13625154429098452
0.13618427380685766
0.13617905866904387
0.1361725399896325
0.13615818035632452
0.13612971015003328
0.13609706015803147
0.13605936554747144
0.13598229793846117
0.13596273670056364
0.13588349631880151
0.13587994418468224
0.13586072120748094
0.1357512665267562
0.13569353840922035
0.13567519596857489
0.13566616783399002
0.13563957150491807
0.13558542707564905
0.13554657982391907
0.13552675320270388
0.13542123214346324
0.13521503433212495
0.13520547496247748
0.13515581389031101
0.13512907222727683
0.13509778226760433
0.13507961465644727
0.13505381489299575
0.13501158660982898
0.13486288975431202
0.13485263906629033
0.13479398423482697
0.13477590270810141
0.13468136258941929
0.13464459019148511
0.13453343375997279
0.13453103872556385
0.13446887922443571
0.13446559822622683
0.13441440261411688
0.13439328290110342
0.13425132383982646
0.13415491661982754
0.1341323321576437
0.13412634291324588
0.13408234275658773
0.13403937831980289
0.13399016744132478
0.13397474333107592
0.13390071007128265
0.13389692668635222
0.13388344805443833
0.13381792849185489
0.13375122179836538
0.13369922260544903
0.13362014218499679
0.13358037759080615
0.13354971433049689
0.13351537365499735
0.13348705107236322
0.13347120203401183
0.13342846358948912
0.13340795946296471
0.13332379416300399
0.13324029488174763
0.1332163279157248
0.13306931884078171
0.13304821584360088
0.13302955190833332
0.13300391942971096
0.132972640506065
0.13292821998431489
0.13291940256795245
0.13290880920306805
0.13287863386377097
0.13287288178271139
0.13285900958911959
0.13284118930339348
0.13279171464156472
0.1327905873370287
0.13275626258821568
0.13274626681066698
0.13269198447090258
0.13266022720867146
0.13264148280004198
0.13250501349426008
0.13245555465243658
0.13242123164321673
0.13221609241440044
0.13218539114683608
0.13215439673309834
0.13202020849277391
0.13201264075483229
0.13201232426134749
0.13192863661609341
0.13185831565950731
0.13185521761541111
0.13184403241391754
0.13183481037658298
0.13178366028283089
0.13177193326600967
0.131769921236362
0.13172206241009363
0.1316953392803871
0.13163829818915515
0.13160248291586071
0.13159507798381026
0.13157335936656703
0.1314438899713789
0.13141501067222916
0.13140150349855828
0.13133781815698886
0.13132236133403669
0.13131255397447553
0.13127835043564584
0.13119148453201745
0.13119093671144205
0.13111034840088095
0.13109684799227758
0.13107921823862126
0.13105297098351784
0.13100918124327068
0.13099460790059686
0.13096846906334064
0.13096255992714304
0.13094128185391404
0.13091214348969096
0.130907461400188
0.13082441175980525
0.13080599711722951
0.13078745019140497
0.13078339874123837
0.13075840647499076
0.13074587434935819
0.13064908328817915
0.13062935160819739
0.13057452821246041
0.13057098152624597
0.1305641496242034
0.13043673248995977
0.13040338486311476
0.13039563795689607
0.13037747689023846
0.13022519441043426
0.13022297195760094
0.13021778227335418
0.1302048723546459
0.13020307749127799
0.13020305008785957
0.13008469935510267
0.13004476246790636
0.1300278739819232
0.12997926187703368
0.12993514861409797
0.12989818027565611
0.1298843613442644
0.12983209828702674
0.12982874284541887
0.12978206569179954
0.12975957693999049
0.12961910991440551
0.12960701109036968
0.12960259973215343
0.1294643340569612
0.12944037662547164
0.12940410148906276
0.12939315767954843
0.12938483575591095
0.1293315730602238
0.12931535437498193
0.12927972542158631
0.12922234094791912
0.12914461635931451
0.12912409053885307
0.12903684988806838
0.12903604854947834
0.12896529188845524
0.12894814416280839
0.12891294165238693
0.12887484993137113
0.12883457158696068
0.12875611267371012
0.12868053855389258
0.12866278116877466
0.12860044278570204
0.12859324579149206
0.12858865604355313
0.12855249761895049
0.12855051478639418
0.12854420009218004
0.1285142508916636
0.12848809423655719
0.12840978004445089
0.12837708119184726
0.12835769542259473
0.12833380071079795
0.12825258985246768
0.12823170320084051
0.12815501100906604
0.12812196854644076
0.12811779592759401
0.12807388989152629
0.12804383550636381
0.12800668445491797
0.12800073202441492
0.12798648660891235
0.12792303603807642
0.12789545346092859
0.12784963178750636
0.12782510411813552
0.12781244644876644
0.12780263689661547
0.12779835818816471
0.12778301379866364
0.12775184541657611
0.12770310316744715
0.12766490771701236
0.12764925875840019
0.12761658985039467
0.12758660333413077
0.12758506988598259
0.12751669725122786
0.12746297629274264
0.1274444149940949
0.12743795818837603
0.12743718456500061
0.12743496736887655
0.12741067087718053
0.12733191397695967
0.12730843053788723
0.12730690596871005
0.12730482727021392
0.12727556252893188
0.12726953728471496
0.12725462465198711
0.12724244084135417
0.12723955101184969
0.12722581557357976
0.12713987021354656
0.12712927424164472
0.12712702473144324
0.12712284039134808
0.12706246402971977
0.12705763023717218
0.12705303653077057
0.12701251096679125
0.12694921719174548
0.12679140535147829
0.12679102928761665
0.12678421206520049
0.12677920801940762
0.12676804026904598
0.12669059756586198
0.12667100380712426
0.12661253709087844
0.12658042291892027
0.12649209939331824
0.12645347745655844
0.12645341101185872
0.12644125584563343
0.12638470893918363
0.12636725039409347
0.12629879814040906
0.12627099763400376
0.12626932952045272
0.12611774964870939
0.12609720303537633
0.12608837189905781
0.12605667632182668
0.12604231685984923
0.12603576073461861
0.12600393796981052
0.12589110082145716
0.12579747718896417
0.1257965670064024
0.12577804570286724
0.12574961715681829
0.12572058432593464
0.12568695259074247
0.1255844569583715
0.12553690446775889
0.12552268972886466
0.12550272400879864
0.1254926513097884
0.125390838862589
0.12537980494691633
0.12534566129834332
0.12529841384725654
0.12522221025364985
0.12520729056482438
0.12519409106233265
0.12518428847370977
0.12514559431957531
0.12511098580399657
0.12509069253371188
0.12508339084916906
0.12505227389742535
0.12504804480014908
0.12504104034938343
0.12502408055176306
0.12499583509694157
0.12495202952392739
0.12494171665607487
0.12489919916945189
0.12486097965171711
0.12484893769822294
0.12479866075506815
0.12477541555412654
0.12475344787070475
0.12472061434395217
0.12471668892217359
0.12469441308723941
0.12463371259215777
0.12462085901341159
0.12457555744207045
0.12457163961153649
0.1245586392315281
0.12453769338459184
0.12452412570975695
0.12446895690475047
0.12425567800664906
0.12422317526161397
0.12416192097365547
0.12415304094224179
0.12413426087408412
0.12410434192347017
0.12404922003794079
0.12402465601397654
0.12402209920393904
0.12400281484032374
0.12392068627069276
0.12389980578149902
0.12386818189970067
0.12386613241948105
0.12386101034546861
0.12384746104546351
0.12384567974535594
0.12382426831834305
0.12382375995813892
0.12380656406713116
0.123795969692442
0.12376165386175424
0.12374737245081403
0.1237255316543225
0.1237254386481793
0.12371221991923419
0.12370407112724792
0.12368682553387307
0.12365156495390234
0.12351860451517312
0.12351778161656617
0.1234966359414548
0.12346716264682671
0.12343193204938123
0.12335204423672051
0.12331931521239688
0.12330083513553415
0.12321837437567411
0.12320000186313197
0.12317649088476403
0.12317343870109859
0.1231708297676643
0.12313013152343197
0.12312464258405598
0.1230829127134604
0.12305237413033847
0.12304934774266503
0.12291114063182777
0.1228343520222276
0.12280268192353913
0.12276501761761108
0.12275468829566168
0.12272192630865798
0.12266064140569795
0.12264800103006662
0.1226270028003892
0.12259302159457013
0.12259106921631738
0.12253419043454594
0.12252698915623501
0.12251283526533389
0.12249845450092088
0.12246124077995069
0.12245710692100296
0.12240136437542813
0.12238523449269503
0.12237150849943568
0.12234834211594205
0.12232452243311945
0.12230790960525781
0.12229406328178014
0.12227253008369582
0.12226496780830924
0.12220430886683196
0.12219219919557241
0.12218741719854119
0.12209713021665192
0.12209240345421142
0.12205823835876188
0.12201430325731952
0.12200903460513765
0.12199737292440244
0.12191072374881876
0.12190893759912645
0.12167019989204153
0.12161650133915503
0.12159534978901446
0.12159433000904254
0.12155088561098137
0.12150430820184316
0.12149701955920708
0.12143258783903549
0.12141409704820845
0.1214105998820379
0.12135895013784731
0.12132568481837437
0.12127995802833014
0.12116022196703509
0.12114563153238622
0.12106870517064716
0.12104513475892463
0.12101265617022237
0.12099478036152296
0.12098063443889043
0.1209634994162192
0.12085363231586628
0.12083546937283679
0.12077654574327204
0.12076275359559732
0.12075575065523801
0.12068556065654026
0.1206801367598699
0.12066357392643189
0.12062259826379539
0.12057614384446654
0.12055252587612886
0.12055197782533476
0.12053198064320643
0.12052353620987767
0.12051342866834495
0.12046946993819736
0.1204068951366149
0.12040597026938404
0.12034942584372958
0.12030337205839842
0.12026662423003323
0.12024499274720771
0.12022415067521748
0.12022389245963434
0.12015631276144612
0.12015579671116358
0.12012036511453787
0.12011278456328048
0.1201069538140779
0.1200840648387721
0.12004880288157689
0.11996868273946756
0.11993735597075289
0.11992071832434263
0.11986056472073979
0.11984335181028183
0.11983141414414082
0.11980499493220109
0.11978409977309397
0.11969110682893123
0.11966731216195257
0.11964705574826266
0.11961402960692784
0.11953700939376469
0.11951212145985628
0.11948152290677166
0.11943611427758211
0.11939419614581713
0.11932556541102385
0.11930043683502006
0.11923582685733457
0.11922368001771878
0.11922218458415897
0.11921159591364903
0.11913041880236
0.11909182580112326
0.11905329432032417
0.11902372994731911
0.11890426186193698
0.1188221213689491
0.11881310651015907
0.11879169170613291
0.11877331348969226
0.11875459075731884
0.11872597798813911
0.11868873519476847
0.11861534512335818
0.1185888273056291
0.1185665619931385
0.11855217507590685
0.11854736314732885
0.11845611244669518
0.11845430120076048
0.11841735883241408
0.11839403506306978
0.11835260860596993
0.11832899338592621
0.11832475525093818
0.11822003769420808
0.11820292453685857
0.11817895841433865
0.11817534349998371
0.1181657253195193
0.11812709120191005
0.11812494181937745
0.11810291169018419
0.11802374313994464
0.11801238734439866
0.11800359225875186
0.11796138058331693
0.11794758971720315
0.11789426631896671
0.11787279899355672
0.11786574907680293
0.11783207250570962
0.11781751910218614
0.11780340445545207
0.11774096964563574
0.11768899733209609
0.11766496019203868
0.11760620510729357
0.11760373004210831
0.11758430236045231
0.11748477284752645
0.11747469112343868
0.11747016592474901
0.11745309669071838
0.11744428118225661
0.1174179018159404
0.11741605141277128
0.11740510365831711
0.11732830846097454
0.1173141719097581
0.11730350348721921
0.11730325191668678
0.1172592711648282
0.11717856813101649
0.11717403791406163
0.11712200593358142
0.11712001302855049
0.11711780361195173
0.11711007878161056
0.1170606698246747
0.11704861300699432
0.11704691913302522
0.11703153075172029
0.11698432611301343
0.11696907029428255
0.11695560118454838
0.11694932153885546
0.11693691618010812
0.11689000467025383
0.11685626819759319
0.11684684944208194
0.11683417090614842
0.11675867444892374
0.11675267990876774
0.11669286174520199
0.11660265592130475
0.1165938185415086
0.11659047798399587
0.11656990781859494
0.1165625350249969
0.11655934702604891
0.1165408647260817
0.116540351357362
0.1165257437087464
0.11652151985006599
0.11651074998156016
0.1164903563772916
0.11644212302889012
0.11641692549852571
0.11641488687292491
0.11640136969611026
0.11637238409112903
0.11633476642839043
0.11632518490687112
0.11625622623590112
0.11612893912614669
0.1161234796929206
0.11606376828909919
0.11606268574055351
0.11605972730729622
0.11605817211388617
0.1160483812617165
0.11599316029537995
0.11597852061938896
0.11596910468183695
0.11595244157644739
0.11590802465955725
0.11586084538829788
0.11578467220206945
0.11577854793348583
0.11574902992597243
0.11573641067522578
0.11570197821838873
0.11570166214255337
0.11568482939403581
0.11567616366171334
0.11562741944406509
0.11557390024837785
0.11554110525509703
0.11554016203397782
0.11552610994663126
0.11551005577487623
0.11549622927264439
0.11548526531478004
0.11547828949614791
0.1154622753378646
0.11545386976978031
0.11540119773458607
0.11536044196402701
0.11535711818744884
0.11519979955471354
0.11519206448118836
0.11513642229715888
0.11512305323293839
0.11511576698081362
0.11510554280960088
0.11509347039297059
0.11508999918558825
0.11491457715768173
0.11489227777631579
0.11487554855128589
0.11484749357487722
0.11483166798046082
0.11481843916665535
0.11479593312176845
0.11478008093090519
0.11476593961697909
0.11475571779153056
0.11475286617425484
0.11470274288099093
0.11463831495417111
0.11461470032125633
0.11448392188351691
0.11445880323209431
0.11442481473198843
0.1143485397882204
0.11432130570541663
0.11429776066024923
0.11429064461740646
0.11428656284279777
0.11424854315340754
0.11424047240094368
0.11423725769293841
0.11418840250753566
0.11417576838240372
0.11414630056539175
0.11412982363925733
0.11411312305255866
0.11410745607359593
0.11409157792213212
0.11407462331204435
0.11402343219789671
0.11399355815229037
0.11397263028450356
0.11393027107756422
0.11385933561941726
0.11381337462080705
0.11377657103661748
0.11375250098032549
0.11372686468994635
0.11371234258847593
0.11366643816180945
0.11358329216239001
0.11356901965756666
0.113545367691851
0.11354454258723849
0.11353947334108648
0.11353609002179639
0.11350272398316938
0.1134485017567796
0.11344168804095785
0.1134383896459385
0.11343749338193826
0.11342744344890243
0.11341961915484006
0.1133915687006805
0.11326153678466637
0.11325251790944128
0.11317437359364767
0.1131559503954436
0.11313824047557303
0.11311276854816098
0.11306670110919284
0.11305551163539307
0.11300957772706133
0.11295096547661178
0.11294555823792922
0.11292144910458418
0.11288072841469154
0.11285184716175022
0.11265402817928653
0.11255590885727183
0.11254653621658556
0.11254590836430729
0.11249181151536866
0.1124896627624378
0.11247256805638248
0.1124601889034849
0.11245326355421023
0.11237113670765259
0.1123581805849834
0.11235250868638939
0.11232305615343031
0.11231230531695864
0.11230177829228485
0.11226854512748353
0.11217486379927376
0.11216441659026151
0.11211119992359179
0.11210309808416451
0.11209401771737403
0.11208072473067207
0.11194049685923085
0.11193922760059477
0.11186662865225913
0.11185217538058213
0.11185117587888958
0.11182957236595691
0.11182901797444007
0.11179743477617514
0.11178939907633824
0.11171959235309108
0.11168215738390865
0.11167531097885526
0.11166713012795008
0.11166084129059758
0.11166024743915333
0.11165892501826473
0.11164635914028244
0.111641294767269
0.11160551356317742
0.11159030805508008
0.1115824182285825
0.11158192993773741
0.11156928874433097
0.11155630525467995
0.1115558717090242
0.11154240992219465
0.11149135517820725
0.11148095113686284
0.11147458261974628
0.11145856654616741
0.11144456129576395
0.11144274958032969
0.11137666316010952
0.1113654774264369
0.11136449730902129
0.1113569818188957
0.11131355891973421
0.11130751947535047
0.11125001766228336
0.11122816629218259
0.11118564399285651
0.11113541565861679
0.11111270730786875
0.11106222588318371
0.11102150844832827
0.11099323712202122
0.1109850570547572
0.11098240568442944
0.1109798503934115
0.11095213460451053
0.11091074684079619
0.11086954723552161
0.11086121233880135
0.1108479636114536
0.11082287338647374
0.11077403224947405
0.11076641395351261
0.1107334386482562
0.11072986309535411
0.11065508220606646
0.11063738125810636
0.11060939509845932
0.11058046498172058
0.11050410414601002
0.11050386907155611
0.11049762046340689
0.11046827860680368
0.11044299321103573
0.11043113112487854
0.11038239819373491
0.11033393050145865
0.11033347180896287
0.11032972459863982
0.11032678432627233
0.11027679844025605
0.11023885915188032
0.11022332148045562
0.11017518865012196
0.11012732873175686
0.11009858301425877
0.11009642541483747
0.11006734286246771
0.11006329344332813
0.1100597479278026
0.11004627977871437
0.11002300965672807
0.11001962079390787
0.11000140808145968
0.10997075819222524
0.10996822486931461
0.10994533700736675
0.10993241387534065
0.10992697953209003
0.10992566707125195
0.10992001482154092
0.10991589097328656
0.10981505676717385
0.1098003812577506
0.10978645914337722
0.10978221529388624
0.10976903135978443
0.10976071826622369
0.10975966825159084
0.10970560235888663
0.1096884689177243
0.10967843720509793
0.10963968470861227
0.10962716150390851
0.10960333478325507
0.10959617345150428
0.10958731710566544
0.10958097756373726
0.10958058724990113
0.10956367399920941
0.1095462095734081
0.10950986907077562
0.10950762047453053
0.10946309575357357
0.10945693186705568
0.10944629264280292
0.10944287247311843
0.10942732881023623
0.10940176966675648
0.10937654116522019
0.10936631065586584
0.10935189067941144
0.10931068046182207
0.10930140892518489
0.1092678118674074
0.10925846724126406
0.10925211867551879
0.10923981871921491
0.10920664587538989
0.10917258392349395
0.10916398159553166
0.1091594999362456
0.10915320082180048
0.10913971543042185
0.10913228246644846
0.10912484441372015
0.10911799167056568
0.10911622210902561
0.10911413320553154
0.10908816746226466
0.10905703492571725
0.10904453219393936
0.10903044560848608
0.10893622727347571
0.10892771382930369
0.10888244180767817
0.10884471914209258
0.10881839815238779
0.10877973202782833
0.10875613392793236
0.10875415841194543
0.10874116551691254
0.10869892736195286
0.10867713435535671
0.10865314202059052
0.10860708095124073
0.10856017096750806
0.10854891287134033
0.10853057258371232
0.10852979182950127
0.10850540531607102
0.10845902823999716
0.10843909181040437
0.10842261911082238
0.10833097743273692
0.10832846913284308
0.10832673017255388
0.10832483746154242
0.1082117288116996
0.10814105711836489
0.1080764288307362
0.10806769150152412
0.10802590073853724
0.10799408815806434
0.1079494321196544
0.10792650789714511
0.10787068446469629
0.10782677044653768
0.10782538327026889
0.10782086885217147
0.1077761568470125
0.10776808532671833
0.10773657514778087
0.10768485717911166
0.1076801872850439
0.1076721150310143
0.1076679759581497
0.10766168235005603
0.10760519257685296
0.10760426479950126
0.10758351295666659
0.10757492848529135
0.10756317794680635
0.1075277575380212
0.10750512529546878
0.10745991027811336
0.10743646181780139
0.10742772326048167
0.10742735813477104
0.10741716030746543
0.10741704864600078
0.107396736110504
0.10736375326145681
0.10735104913639591
0.10732946000903568
0.10726817482343116
0.10726206986976018
0.10725154554460556
0.10722450170723127
0.10721403684505389
0.10721324076716961
0.10719323655634223
0.10719206747862589
0.10719096250596673
0.10714101366001552
0.1070874150740951
0.1070870159627731
0.10704669903693409
0.10703148389729077
0.10703111967006594
0.1070277792416843
0.10701542646877377
0.10701163347042668
0.10696352477770278
0.10687638227972922
0.10687347117092694
0.10678173228292387
0.10677544103713753
0.10670877542774829
0.10668178785464118
0.10665102883065454
0.10664275060046217
0.10650616852185602
0.10650354486390479
0.10649763836908503
0.10648632461027113
0.10647894712117859
0.10646406824754401
0.10646368126378052
0.10643758780301461
0.10642650514518881
0.10640733924749625
0.10640195098843795
0.10639516001920832
0.10637618706243704
0.10637563704514501
0.10636514861227694
0.10634712605089838
0.10633486872819635
0.10632302497480159
0.10625151683998986
0.10620502296538335
0.10620351988083836
0.10620268931676641
0.1062022449630233
0.10618007623822688
0.10617626517366463
0.10617072461476144
0.10610813565430825
0.10601941890212468
0.1060122018381528
0.10594428928697219
0.10594108723402519
0.10589336680798876
0.10588898878022639
0.10587989349180002
0.10586502329595872
0.10586073812281641
0.10584600407696314
0.10582528820301636
0.10576622764087494
0.10574726490407647
0.10574070401827643
0.10573010797318057
0.10571706634978552
0.10569122314004831
0.10564808860293556
0.10558347853467664
0.10552825749640957
0.10551550129656921
0.10548237497202055
0.10546033523578156
0.10545862162969225
0.10545195512892884
0.10542445980956998
0.10537638843226278
0.10535479347668109
0.10534592269361374
0.10531724095195442
0.10529259830065146
0.10526446211964896
0.10521842668201324
0.10521585669053225
0.1052059330697996
0.10518278475296651
0.10516780675472226
0.10516776383273986
0.10516769223307132
0.10516394061397877
0.1051601820909082
0.10515827085963678
0.10511819425332554
0.10510974732395359
0.10510684397688511
0.10509469814276128
0.10509114167344394
0.10505576687714242
0.1050536598683781
0.1050527833656594
0.10503038816757868
0.10502985893613888
0.10502519772184271
0.10501014658174405
0.10497957337440111
0.10497048212154253
0.10491745608856182
0.10486044226189399
0.10485973905126757
0.10484083327286305
0.10479654963241987
0.10476673788986081
0.10474837188378204
0.10471254120174356
0.10468989779282356
0.10466746701814966
0.10466708940324784
0.10466198180317204
0.10465952107702232
0.10464723416367719
0.1046019743002147
0.10449767743363421
0.10447926336553946
0.10441067032466658
0.10440866282636568
0.10440793263285907
0.10440633928631289
0.10440541247403994
0.10439463565306703
0.10438432035142065
0.10436767119147267
0.10435464352487077
0.1043510192358707
0.10434108551828988
0.10432977686265554
0.10431768765095414
0.10425794736874239
0.10425204564090054
0.10423494409230492
0.10416320990133876
0.10415266813786142
0.10414672379115335
0.10411078679784345
0.10408220885201416
0.10403590965864878
0.10402703231467715
0.10389003141257501
0.10386209457433679
0.10386123068795079
0.10384930126454837
0.10384411959886944
0.10384260833282193
0.10379557169860859
0.10378475323100943
0.1037695750885872
0.10375971637072758
0.10371246873012877
0.10370398415825573
0.10369928099557772
0.10369130276689192
0.10366069081629091
0.10365516420313704
0.10364920891044864
0.10364646389600453
0.10360685827455332
0.10360348953729187
0.10359973374935523
0.10358824894606064
0.10356379863511248
0.10356260850275578
0.10355407848612544
0.10354862752318468
0.10354613928956914
0.1035431453105691
0.10351614864002574
0.10350365034457054
0.10347746740224449
0.10347534462265981
0.10344066016104445
0.1034179470924953
0.1034112730934181
0.10336655030525302
0.10336027225872838
0.1033602545821319
0.1033577774440461
0.10331893958441876
0.10324134388356189
0.10323255965347028
0.10319892609050034
0.10314735420876282
0.10314581973674543
0.10314151667271333
0.10314097431883008
0.10313944541118843
0.10313736454332997
0.10313644951948826
0.10310218664438409
0.10306489232608586
0.10303263615664683
0.10300582644609588
0.10295431295422697
0.10294912712165691
0.10292877792522122
0.10292091089320847
0.10290507298357052
0.10284738038125878
0.10282993734680584
0.10280937054944851
0.10280639677144204
0.10280578034190652
0.10279467349301308
0.10279142357053991
0.10278899777971023
0.10270055494821591
0.10269400936900978
0.10263556997394145
0.10262934905607804
0.1025939727991779
0.10254676014014684
0.10251632427221448
0.10248410511771318
0.10247688748687506
0.10247121251975178
0.10243871000067051
0.10243549286402663
0.10240234559087602
0.10236097912374983
0.10234958681249294
0.10234163989258002
0.1023373329371713
0.10232661448059051
0.10232654266863742
0.1023131577000274
0.10229592366823521
0.10228196799473502
0.10226029490464128
0.10222579033571444
0.10222108381368826
0.10222101229752044
0.10218608790004466
0.1021543002745573
0.10213090794058366
0.10211203558873266
0.10210554429317183
0.10206123012793634
0.10204772942320391
0.10204402155351693
0.10203759936728093
0.10203517527694654
0.10199846970280368
0.10197802589590234
0.10196150062049665
0.10194340622969655
0.10192734819837856
0.10192391501048308
0.10191578165413345
0.10188677962630813
0.10188400597242289
0.10187296563819012
0.10182563573571975
0.1018254320011433
0.10179364450878989
0.10177030257231429
0.10173937450170183
0.10172867112480678
0.10170016076271807
0.10169940155739063
0.1016876368655411
0.10167248904096665
0.10166483125469439
0.10157043761170829
0.10156463215202416
0.1015328146692962
0.10143715014147101
0.10136199592634572
0.10134500472912392
0.10133813256386281
0.10133543602233341
0.10133208855672976
0.10132741549846308
0.10130996061351449
0.10130403289469969
0.10127821682196175
0.10127307240889036
0.10126543348359385
0.10125104230682917
0.10121491856218599
0.10119822804281699
0.10115400077439829
0.10114054912277062
0.10111266409661887
0.10109251713949098
0.10109171624960105
0.10107423519956392
0.10104649726442823
0.10103517326167739
0.10096023106606827
0.10096005946920653
0.10094473786656684
0.1009073584170939
0.10087926382882961
0.10083494034935252
0.10080653223814535
0.10079283324441581
0.10078583441833545
0.10078256599654974
0.10075642034192134
0.10071230312786357
0.10070695423649895
0.10067267880354304
0.10065548864937233
0.10063085911649242
0.100608506909327
0.10059679202348031
0.10053205020263292
0.10046373657299369
0.10044737350109531
0.10038477306062066
0.10033997446853746
0.10032270836286414
0.10027360073837084
0.10027001469183162
0.10019331225621023
0.10018072960737522
0.10016647789010813
0.10014878090636238
0.10014763909810741
0.10011207813689242
0.10010068739851698
0.10009505962980787
0.10008762893405961
0.10008050069624896
0.10007934532465197
0.10006585531898059
0.10002262646594307
0.099997695054046654
0.099994161418757707
0.099993910787520623
0.09998530781770365
0.099943963160130975
0.099943659191397027
0.099930508538088839
0.099920905732417617
0.099872007191133996
0.099868484464075521
0.09985549633479486
0.099851554199794815
0.099818646571527309
0.099795815501962495
0.099726282617195544
0.099718651021873467
0.099677152539705535
0.099623359148935414
0.099618966761443301
0.099614045266711235
0.099591427123915402
0.099583813159937515
0.09946250408905323
0.099447330265909739
0.09939811725262522
0.099394821411664599
0.099377793949092727
0.099366468370538932
0.099324317332981665
0.099311851876075649
0.099294364748491404
0.09927874428722136
0.099246921612668959
0.099244919722126013
0.099233232578999145
0.099204870839225634
0.099176108050452391
0.099174616957733025
0.099144055675983861
0.099121242746990523
0.099106017432815094
0.099086341037262965
0.099066780481823047
0.099041084913596769
0.099036188005655376
0.099012220592441025
0.09897584167984301
0.098974755981399445
0.098968092269796887
0.098877513212288645
0.098864915676766821
0.098854408514175068
0.098836541504554634
0.098834389786982599
0.098834181684860314
0.098786124688025251
0.098783979116832565
0.098730312425732575
0.098726520846533078
0.098726002518747677
0.098724996021482839
0.098724309924711082
0.098723826150343016
0.098706512916307665
0.098679504495294362
0.098654039802250598
0.098629783034945878
0.098627198921304934
0.098604438435802813
0.09858252290614089
0.098550237170093813
0.098543649100648958
0.098529715715315339
0.098524398954801931
0.098512458031546637
0.098507483588411215
0.098503002247433399
0.098501796558580698
0.098493766098142754
0.098469687206166723
0.098442082649824347
0.098434726922544097
0.098393035743711499
0.098374692654297241
0.098371553438477463
0.098356000334655191
0.098327183765106588
0.098321493820381842
0.098319839557636762
0.098310286228208268
0.098305094330594187
0.098260887744342676
0.098205969995281653
0.098203086117438804
0.098193808437321645
0.098160541750229396
0.098067490952320549
0.098050661984253301
0.098033039159564656
0.097978197618463131
0.097946496652030243
0.09794554003658551
0.097907114865500508
0.097896500916974619
0.097850107641455381
0.097838796275413462
0.097771257046169527
0.097747366087644449
0.097742271066397463
0.097738398184987654
0.097730733808564493
0.097656265258119226
0.097632550214349856
0.097606096135596898
0.097585125193393546
0.097569507983120168
0.097544799718766798
0.097526364299191079
0.09752507874826459
0.097523844792960682
0.097519833613244039
0.097508908296653693
0.097430939031553088
0.097377610605782969
0.097357616547702155
0.097357050192345654
0.097288036938612779
0.097276643588301348
0.097263889839550921
0.097233717993057869
0.09719936344073335
0.097135292567826131
0.097121030952476012
0.097103756971697527
0.097101696482241012
0.097086054050235349
0.097065299596706345
0.097064267499189325
0.0970641650296203
0.097023485443884422
0.097011308433857982
0.097008502723128665
0.097003714595411794
0.096986383666218812
0.096971428493386413
0.096957350161236119
0.096935323295595455
0.096907064618903638
0.096900046793281472
0.096896409070144296
0.096863262242638068
0.096850387128589996
0.096813459872312699
0.096810759338562827
0.096804335167274769
0.096803898051000051
0.096788763870992625
0.096777259035712687
0.096747334714684538
0.096743294794084486
0.096736095421657703
0.096725487389352494
0.096696299210699777
0.096661210451825574
0.096634113760880269
0.096608731157514394
0.09660397858364006
0.096544900064038874
0.096439794147434227
0.096437749830547051
0.096427805911933243
0.096401398675436234
0.096400654978479577
0.096353413665207069
0.096345244909044933
0.096325062613566687
0.096314113194851017
0.096285773824999643
0.096284494053453309
0.096206517859565785
0.09617616709750626
0.096154873973025842
0.096133700989033816
0.096106140996578091
0.096099459933629283
0.096097536055622018
0.096017735376408758
0.096000544555162964
0.095981086587130407
0.095969480964675544
0.095951599374225649
0.095930731181093437
0.095926676424140961
0.095873058032748273
0.09587162458151019
0.09586479652522463
0.095854174624387334
0.095799534258323438
0.095799116930602668
0.095792147805453462
0.095790327985510376
0.095774695954302866
0.095771875546192486
0.095769071431852024
0.095755031601748669
0.095735373374214963
0.095702030819322173
0.095691859966043707
0.095657939609209749
0.095637896130601294
0.095637020696261218
0.095636275947154251
0.095630906511024447
0.095531192131071335
0.095520957717512428
0.095507389902380932
0.095506873995314087
0.095500336083156903
0.095488823854220736
0.095483478297615165
0.095474384397257542
0.095361905567614688
0.095360433033066419
0.095354340240307103
0.095338397841357919
0.095334040172643145
0.095324846444651348
0.095292226314409145
0.095286465087868477
0.095275672790918184
0.095275180811470836
0.095260273176005314
0.09525032587145571
0.095247853034806373
0.095236214913292955
0.095216992113775878
0.095214807672153498
0.095201840876062191
0.095187511229811339
0.095182045108314683
0.095180997653646238
0.095167576799257247
0.095085290297717506
0.095082923747864631
0.09507853998126882
0.095071560315165379
0.095070757127381875
0.095044864976506271
0.095040828865946239
0.095025084049576894
0.095020001992246375
0.095014269143658348
0.09497220911610052
0.094964171492460753
0.094946396037918143
0.094889141419600559
0.094867488451780058
0.094863433235776187
0.094850202523776059
0.094849687797983043
0.094834052507636213
0.094820753824326295
0.094782724041110003
0.094742010257564929
0.094741348564610639
0.094720029765569244
0.094674656650802838
0.094669614004590869
0.094631161794585417
0.094597273716155214
0.094595294602937641
0.094577436373290233
0.094571506621859119
0.094568616301052663
0.094540254055779302
0.094505531810000099
0.094475693382863601
0.094465141024977772
0.094463580727258856
0.094458828229059627
0.094450883814251457
0.094425261089843476
0.094411877455218216
0.094407290035193756
0.094392300650588318
0.09439085160655751
0.094371296394266585
0.094357163607165298
0.094343011943385333
0.094325373583269395
0.094321815035108281
0.094283205883008994
0.094281768569138766
0.094240512104887653
0.094226779175524827
0.094195326845325097
0.094194217045880685
0.094166835315165204
0.094131522032135109
0.094128934546869797
0.09408950970535232
0.09407262082063518
0.094049712023895143
0.094023750958151603
0.093980310905413103
0.093964928268340811
0.093905908534110946
0.093898055318726664
0.093814085576180928
0.093797589342929755
0.09375337334448608
0.093747295696534422
0.093718373578629957
0.093716734684285471
0.093689504893506748
0.093654404981414086
0.093646146105541825
0.093639837156095321
0.093629732447540026
0.093604174412832489
0.093594039305534824
0.093590800037742228
0.093578398499777449
0.09355728869294315
0.093520875292093741
0.093478265568865265
0.093447179621725579
0.093400553268151706
0.093399393338821635
0.09336718950661152
0.093367051314187835
0.093317219559736056
0.093310283259994603
0.093307668327456864
0.093305888242076529
0.093299378559061008
0.09329887816162595
0.093294988947562774
0.093271508201320533
0.093268996336698995
0.093261004030201364
0.093233025321657281
0.093197218525371939
0.093180790376326095
0.09317767458116466
0.093174780102319249
0.093159055312395891
0.093140397151926388
0.093128136158280264
0.093106187756135966
0.093105351811360273
0.093091831614910567
0.093085993629681882
0.093084850238690689
0.093049974712333575
0.093029872417598219
0.093025378711289311
0.093015916763171141
0.092997663076708703
0.092977316620453332
0.092967031135988587
0.092949398860981899
0.092946348925454725
0.09294154700652664
0.092940952762178924
0.092932183377062882
0.092912654241963183
0.092894690818208364
0.092885538618478855
0.092844074756691847
0.092812544428397495
0.092793769843369303
0.092705873226282987
0.09264661580541067
0.092550274575181363
0.092539375613661448
0.092456705086045282
0.092439905648733736
0.092436906282844178
0.092429107180580714
0.092411609046698318
0.092409614479577615
0.092382017369904104
0.092377182446568729
0.092356190919714046
0.092349552912725508
0.092345415474188952
0.092342780816556586
0.092330602166393078
0.092315950845392278
0.092308678329268826
0.092286650123572483
0.092282461440472252
0.092258931017161913
0.092251458481865431
0.092250554588763925
0.092219170759936367
0.092158115422001294
0.092155070233154224
0.092153713657474282
0.09214594290221384
0.092119207111113238
0.092111718002028789
0.092095877455430838
0.092080982912602805
0.092076141187812544
0.0920642680477404
0.092059482091028544
0.092024440555676407
0.092020615424257282
0.091999675707288606
0.091962736012908289
0.091953158350465539
0.091924506044683357
0.091882316989246565
0.091881783528491509
0.091870425165533301
0.091866930112169648
0.091855016423367006
0.091852314759712783
0.091836494603791091
0.091824804914287197
0.091745834354295799
0.091744503107671974
0.091735054162344815
0.091731071591311816
0.091730786346068113
0.091726803608922353
0.091650324829620863
0.091627804801776958
0.091598683918918455
0.091597498779210071
0.091580227704719117
0.091540231263266839
0.09152841292452997
0.091516855866447352
0.091510417021395854
0.091476615473566406
0.091466954561734537
0.091464728284458771
0.091461945375093931
0.091458891641188131
0.091436945585610815
0.091378794368956309
0.091340624878802595
0.091283562816949396
0.09128120951488787
0.091277093235116388
0.09125974909542002
0.091250466275590955
0.091199996035976671
0.091183778610507277
0.091178979104963573
0.091174375581506165
0.091172325901055243
0.091162883104522419
0.091142911316134209
0.091116720358536948
0.091096550982596572
0.091072310261834905
0.091031968749382755
0.091028373202490076
0.091023032801009748
0.091015355439072118
0.091010842246438975
0.091000880739429121
0.090995742272666685
0.090925805165431417
0.090923479548252611
0.090917262161533827
0.090907646583371887
0.090896836014916174
0.090825958612076915
0.090805252244408718
0.090759377213805739
0.090742439034083036
0.090740054444386584
0.090724804390419508
0.090721153535165439
0.090672535343220298
0.090652417699847207
0.090646036987468884
0.090643007638822118
0.090627355314362487
0.090619013790562378
0.090613871093392792
0.090603158961452615
0.090580077126507688
0.090566058389900561
0.090553596461104391
0.090488781753317385
0.09043999506814121
0.090431390191505867
0.090430665765819304
0.09039929095545704
0.090369595157660285
0.090350094672157572
0.090325144467748572
0.090296488092503346
0.090264055059310372
0.090259179983767313
0.090226013772890287
0.090221011121310576
0.090219270677298388
0.090204607722406474
0.090167550541638442
0.090155958182334558
0.090124327544787997
0.090117820824082526
0.090114822543596804
0.090110836377946424
0.090087815727115675
0.090058975438269628
0.090009884370657461
0.089996995335334437
0.08996300245671543
0.08993725250655224
0.089921784696040993
0.089912187579439182
0.089910639711244175
0.089899430387038126
0.089884798480856523
0.089872773001534761
0.089862376837032312
0.089832547893323539
0.089827229076440418
0.08981867552748693
0.089795366109335931
0.089786846472542176
0.089773624956522885
0.08971323482679458
0.089698195590616689
0.089674834169420542
0.089664219169598047
0.089589857283441876
0.089585355532817129
0.089584691446340126
0.089573704725598405
0.089561827714635084
0.089494282075165438
0.089491336325034546
0.089488327099522078
0.08947301635528529
0.0894413726829619
0.089434732623228277
0.089421783364619367
0.089353265453579425
0.089339714010766041
0.089334058351230969
0.089315459278239251
0.089315327794077456
0.089267530541926016
0.089230883896042321
0.089209726289490102
0.089189767652684257
0.089168057354204605
0.089165995501474749
0.089159988489489972
0.089115079851258661
0.089093070706333599
0.089083855013150526
0.089062022177349584
0.089054259851012244
0.089040543616772758
0.089034479431838773
0.089008778429225596
0.088975245680724152
0.088904885179244303
0.088888467739925217
0.088855078989084624
0.088831749980108982
0.088786722353278516
0.088770298827141478
0.088721738597003788
0.088716366665244059
0.088701871464031357
0.088690377355082742
0.088684633610673996
0.088683148011003077
0.088677365755757145
0.088640640782587918
0.088625435000766598
0.088609038073915875
0.08860889483260187
0.088599935722087492
0.088594000001738324
0.088582807710313211
0.088569075440686942
0.088549354199264199
0.088539693290462573
0.088533041420092135
0.088530938672012838
0.088513261610124766
0.088490550441329696
0.088483791148709828
0.088473510287747942
0.088460283811652191
0.088454178464409464
0.088449560444661041
0.088444423607699718
0.088436053371871298
0.088432946037743612
0.088427666569499103
0.088416997211368559
0.088410824712584796
0.088408065430822358
0.088403264866232234
0.088373989950567625
0.088369571255169407
0.088367376412931603
0.088366592554799575
0.088325043398469125
0.088244380588218554
0.088241178587614738
0.088227823486930493
0.088227261565660603
0.088218265851351035
0.08821710498773172
0.088203690138459009
0.088179635508492157
0.088161660254874902
0.088130858833057338
0.088127632782978443
0.088124953068650688
0.088100975609678292
0.088067062240654401
0.088045325897535026
0.088035632467495448
0.088031017989284907
0.088017422557883196
0.088012839970391485
0.088001412278336147
0.087998513757415228
0.087994853877488496
0.087992531072829727
0.087985852920368868
0.087978043353759486
0.08797105097918656
0.087970808110221718
0.087941750987982167
0.087892746955125445
0.087875293753919462
0.087866762933678552
0.087863929238878827
0.087858809372226926
0.087858065123589166
0.087849641301533846
0.087842757224834894
0.087836832964361899
0.087836323284172707
0.087817458868899384
0.087811622702424055
0.087811112487319778
0.087796382449902829
0.087795135245410869
0.087790706575242558
0.087783597443927705
0.087747561207582717
0.087728597861707988
0.087697685398898148
0.087689546064271928
0.087681099728543335
0.087679145629733862
0.087676723918445623
0.087669275561448365
0.087669127421052859
0.087656226385992395
0.08761528790822376
0.08760897488981835
0.087606488015927589
0.087586738017067636
0.087577172527788849
0.087556956630223629
0.087553669196755349
0.087516019474315712
0.087512254750871904
0.087499329458395003
0.087461790576944934
0.087421808953749722
0.08741673618434756
0.087415697212324589
0.087410346878987993
0.087401099472821722
0.087391424945665805
0.087375704226441919
0.087374547506822359
0.087357825355207266
0.087352758956967577
0.087342802575775882
0.087342368076589919
0.0873374070850816
0.087336591470456776
0.087334863655140718
0.087310009140731712
0.087290856693521754
0.087286108804036713
0.087193350076483669
0.087182200553614059
0.087178384868572351
0.087157212736061612
0.087148027005590642
0.087076470385452964
0.087076174119155317
0.087073411119608521
0.087053612614346451
0.08705226970345406
0.087048352706989129
0.0870368855121499
0.087016651173578763
0.08699016818822887
0.086986734823079462
0.086968172664841664
0.086954385760655187
0.086927326982141451
0.08691184195747359
0.086911643646800513
0.086891906114450995
0.086890580998401329
0.086872767476832952
0.08685931231782526
0.086847531942082862
0.086847298808298862
0.086840801173937332
0.086802756157218317
0.086798937544685234
0.086783022452573147
0.086778027948608311
0.086777353816795799
0.086775750602125973
0.086711988823257827
0.086685431793121451
0.086685409341065958
0.086666070820446528
0.086651627209587703
0.086643134294876425
0.086640880959225744
0.086629493858998388
0.08662233449272716
0.086620662464470047
0.086572208137721388
0.086536114184670054
0.08652682426372002
0.086496783121352727
0.086471501601247433
0.086469435082313015
0.086453941796357195
0.086453588088282643
0.086438014997953838
0.0864378520529442
0.086422835276746296
0.086334839931151361
0.086318448051753011
0.086309277891966088
0.086276104144841825
0.08625742384010128
0.086255345848410936
0.086255066609989731
0.086249280325223207
0.086242500159366103
0.086210515639461832
0.086194373504945188
0.086190630480140321
0.086189638142386366
0.086181270306915247
0.086174602964182265
0.086168899522254108
0.086162839072484676
0.086159334315488612
0.086158096647659263
0.086127857590731896
0.086122528643805235
0.086060620791465425
0.086044317492041542
0.086001100616498835
0.085998481505199162
0.085998206381753983
0.085973775559183507
0.085972147963049791
0.085959557516666757
0.085934870521769624
0.085894231795375184
0.085887901738552583
0.085884809554083189
0.085868387744795216
0.085852900840042989
0.085843493511120292
0.085832955363656385
0.085812731354268493
0.085807629227824617
0.085804022293666002
0.085793943877199533
0.085769862327700397
0.085760429001932079
0.085747225695924689
0.085721671882435166
0.085712905871238712
0.085688368865420958
0.085683976251009528
0.085680220559829948
0.085671104074452539
0.085650606894207532
0.08564034440969312
0.085625014727498727
0.085616445745617317
0.085603681400404544
0.085536504660621571
0.085531768684041234
0.085522923544975607
0.085516396503464209
0.085512104950461798
0.085500095587056693
0.085494778626625259
0.085489035549978998
0.085483837508118332
0.085445967758830982
0.085424552149207009
0.085422400970598819
0.085383213781524706
0.085351565782790392
0.085348876167585783
0.085342309095539443
0.085339936996508783
0.085313156553397107
0.085304855623376669
0.085297115974861018
0.085277717899865088
0.08526171840579852
0.085220969463142365
0.085217186125567931
0.085215023346655622
0.085212839174495653
0.085210751489211714
0.085200727234928553
0.08517941799433057
0.085173020813758313
0.085160362176273818
0.085159224132086014
0.085156297819533683
0.08513291949863977
0.085112228338406468
0.085098540474963916
0.085095820488019364
0.085076191632928386
0.085063902200551211
0.085041358280007404
0.085028774285832318
0.085028773659333465
0.085016591698492197
0.084995891785616701
0.084979289370809161
0.08495838004860122
0.084949561896636702
0.084943589557447949
0.084921235976489623
0.084902383113862459
0.08489679583242106
0.084886914103834837
0.084884431300741234
0.084872884677069063
0.084868871367062768
0.084865835381474908
0.084847579653701835
0.084845446724974308
0.084831946325280974
0.084815259216078437
0.084801898284466867
0.084786145110462646
0.084768184591495765
0.084761450268340754
0.084750750784785778
0.084734527920393335
0.084732472865383573
0.084696988306024415
0.084693362900319882
0.084684643934961695
0.084682945322876263
0.084675239161736596
0.084664137438125814
0.08465362085609815
0.084646384574748879
0.084620457875662108
0.084564412135911649
0.084546177119752236
0.08453874733633196
0.084531372821482736
0.084498644181456306
0.08448553871337515
0.084459740818752266
0.084453450098453842
0.084440680569540766
0.084440571453712684
0.084420846109640083
0.084418567646558529
0.0844142865584325
0.084413001970262538
0.084412482129024496
0.084402764374497938
0.084389900321314035
0.084383488429325179
0.084291682219624228
0.084285111763501536
0.084283839367469499
0.08428338627857504
0.084273346991282
0.084270819316242626
0.084255961958936809
0.084237614480079923
0.084220152567223427
0.084216986555787271
0.084200420873201842
0.084165291598944023
0.084140901148288288
0.084139379999631503
0.084134671809760905
0.084115187721165774
0.084081309267286311
0.084069629958020684
0.084069113233214157
0.084030065491921643
0.084019031673213687
0.084017431676700685
0.083998949709093579
0.083993400213061203
0.0839912732169001
0.083983087433295134
0.08398052627630731
0.083935011881797209
0.083928027610532946
0.083925972377826868
0.083906030433631637
0.083890856490475299
0.083843254012297252
0.083837348677594042
0.083830821787865287
0.083816612762673881
0.083813471324988023
0.083777964408195141
0.083766429339485929
0.083758833187406026
0.083750320513554188
0.083746029971715971
0.083735706096100482
0.083718654871984738
0.083712918348419652
0.083687788496684526
0.083647944900681406
0.083642542973507455
0.083620851948989175
0.083606071067553814
0.083597777598550541
0.083580464357585038
0.083554160959934731
0.0835473954887586
0.083528021704183678
0.083522981396493043
0.083517741501152251
0.083508107540949617
0.083506337338436779
0.08350433235059658
0.083501041953438118
0.083500038232853832
0.083493908189016544
0.08348305946184259
0.083468659354703295
0.083447609216363738
0.083435325842159166
0.083430406861840167
0.083420639101759841
0.083409096838256563
0.083385409224023335
0.083366405367674298
0.083363751291034016
0.083351874253074804
0.083340377764992521
0.083329496939709022
0.083326351737243579
0.083280541156281154
0.083268120706302129
0.083266649951708585
0.083236934856825623
0.083218775006375353
0.083202420681488407
0.083197801571140123
0.083197070558406888
0.083169342317847936
0.083159374325142296
0.083131904083373315
0.083131093396166728
0.083130643495932049
0.083121270476214953
0.083096487671084199
0.083082999491812165
0.083078232284829023
0.083047117046168184
0.083046122571286685
0.083044729212508786
0.083043532674183684
0.083038817627026737
0.083030319507464589
0.082999010147942615
0.082984514516285274
0.082983345355557708
0.082978847974099462
0.082976755370538058
0.082962738400632813
0.082942225982794368
0.082920764837252636
0.082885344373320527
0.082846015637890333
0.082835884123248341
0.082800004459878465
0.082783997380090429
0.0827434571193537
0.082742947331258851
0.082680896894644224
0.082661966193342609
0.082655351925843792
0.082637648845350076
0.082636317351652028
0.082623679144814541
0.082617683910066728
0.082596235696662315
0.082590379579034368
0.082567571570722934
0.082529603227089757
0.082523250228137862
0.082503847250465015
0.082483757839265065
0.082455715777121644
0.082409985339166422
0.082407678980700144
0.082386658774305829
0.082379942095045747
0.082377150029986856
0.082360092808122939
0.082353086089843333
0.082342554894427142
0.082324677379388977
0.082301539838947044
0.082298410975800332
0.082281226489104548
0.082246006046407458
0.082244688587129577
0.082242113806980391
0.082237210341185418
0.082206346694425475
0.082202024136833571
0.082198686777467167
0.082184424070491285
0.082144562442242205
0.082120531429366497
0.082101352468749195
0.082063306771628347
0.082058069263954869
0.082057685623922572
0.082035461716911534
0.082034356273199951
0.082028263741729071
0.082011555537319536
0.082010220263142308
0.081987219683832394
0.08198137262661602
0.081972219249150574
0.081941141683959329
0.081932635381224417
0.081931392277696732
0.081916636333626502
0.081912546178969467
0.081870435315037182
0.081869505281548058
0.081862237567517884
0.081844847830124121
0.081843566679152019
0.081843443492511117
0.081828595447646785
0.081809171065763769
0.081804530911976855
0.081796020534646366
0.081759844023726533
0.081749749672074379
0.081747943283529981
0.081742244330908501
0.081736396081611318
0.081683918921680851
0.081667278558913856
0.081659668591535312
0.081654055802877754
0.081651990950718165
0.08164665261535814
0.081646392328186809
0.081602392184310688
0.081599458114540002
0.081599327152892462
0.081597971155299445
0.081586403206617975
0.081551813442431995
0.081546803942186011
0.081508963969901024
0.081480655889378278
0.081472411019189159
0.08146904963122939
0.0814180760405291
0.08141200980892771
0.081407640849458909
0.081401675127555417
0.081389490055133171
0.081354809708289025
0.081351236891890083
0.081307541353879756
0.081305565404770935
0.081289046018039643
0.081285720609937717
0.08126233743653026
0.08124133278249944
0.081231750248754814
0.081226041922850281
0.081192130828229403
0.081183184418412088
0.08116852189491898
0.081144886606914837
0.081140453448482086
0.081133833443977496
0.081095433282456955
0.081072633295300567
0.081069013083645988
0.081056709469511823
0.081047605376618564
0.08104605974688045
0.081041797217352871
0.081013164520989833
0.080984878100130414
0.080962173316182148
0.08093809304067133
0.08092589865806378
0.080925894552669714
0.080916699546457402
0.080911956799121929
0.080885519601436459
0.080868805397690396
0.080867600944103502
0.08085852991225323
0.080857503219181212
0.08085290636170904
0.080850499608169507
0.080848443301611742
0.080749379364191048
0.080740123872486441
0.080738828113035982
0.080724698414143828
0.08072462860010915
0.080717332312960716
0.080714536036332468
0.08070160035940567
0.080663187202494227
0.080659910981623839
0.080657687651229229
0.08065055744230637
0.08063639700466238
0.080627389005226591
0.080626908133114406
0.080626610742052324
0.080625649335377997
0.080595407653607537
0.080574244520918464
0.080498235047792438
0.080494261168323963
0.080485090421541186
0.080473646108477695
0.08045210291315226
0.080450905442159271
0.080443285914673354
0.080441935764093711
0.080433293320037916
0.080408752417125265
0.080408041542651534
0.080383712611557495
0.080380958093701479
0.080359284327877686
0.080350789985610641
0.080349765499639875
0.080302936774139924
0.080292365912007044
0.080285842049717296
0.080275300823431386
0.080267788187912012
0.080265840796410554
0.080252595513170238
0.080246496753264313
0.080220522312735326
0.080205127996672301
0.080183072383550394
0.080178054311538807
0.0801698289515064
0.080166545896101546
0.08013997457950961
0.080127494365180962
0.080124058895844369
0.080090133327882812
0.08008889981703135
0.08007788417604865
0.080076836364815496
0.0800237308426405
0.080015036708890153
0.080009650017667563
0.079981259798960369
0.079979623594668592
0.079958353898342868
0.079952647178238301
0.079951593847713207
0.079913623629196101
0.079900505600975946
0.079856299112762319
0.079831047653976972
0.079823683273804458
0.079814848567730301
0.079806712420260412
0.079769282374468148
0.079740435557036499
0.079734783312788785
0.079713756874156577
0.079655948399008331
0.079649332847071458
0.07964227213611505
0.079634195828345439
0.07963056946596285
0.079559989198939599
0.079539375685362457
0.07950256326513816
0.079487443879178041
0.079485932723225183
0.07946955015649329
0.079461657651019049
0.079442142022617304
0.079440261366049078
0.079436851968423039
0.079419707246087753
0.079419547105170338
0.079404157556311333
0.079401807747518358
0.079381803433206999
0.079380166932034368
0.079372106444385485
0.079356358623703688
0.079343970543269263
0.079306765376114433
0.079287282701699047
0.079281377334209521
0.079276324836403581
0.079264254551696542
0.079241947222280465
0.079236602552710741
0.079233601018562513
0.079221165211054073
0.079215913654339887
0.079214775529247633
0.079211918726638769
0.079207150319443281
0.079186826738557217
0.079182814590135264
0.07912469858940345
0.079117652701042179
0.079109186267807427
0.07909944993370023
0.07909122308286716
0.079068874764935251
0.079042565668646828
0.079037862244339049
0.079019415609463184
0.079018203692935843
0.079010555408474833
0.078992975949437577
0.07898814571889487
0.078948574359151022
0.078943056472300432
0.078932865695509905
0.078931768062223545
0.07892404084532563
0.078921669229651867
0.078917279205318602
0.078916386048096906
0.078915006267321106
0.078914062610220853
0.078872853254740055
0.078863670916855297
0.078851439850887384
0.078851395326312565
0.078848277762214383
0.078817923807168747
0.07881537928506463
0.078812223439064591
0.07879145460455482
0.078781935686787832
0.078778210254358175
0.078761921580838209
0.078738677668549042
0.07873573731701225
0.078727770046113185
0.078718908802154222
0.078708859153858793
0.078708217167456226
0.078705450268274246
0.078695084708066007
0.078690826350295284
0.078684786018951902
0.078671015172867814
0.078664055874496472
0.078654319514566237
0.078647043416957954
0.078635337341762451
0.078624442121087143
0.078614797956158972
0.078594221926902491
0.078557230744382062
0.078547812380783774
0.078483068230621095
0.078450470726104754
0.07844476628760573
0.078424405387464188
0.078394693308759547
0.078393810564925337
0.078393716364312957
0.078370023732208555
0.078339673283453037
0.078334243805711593
0.078302928413351888
0.078300490076022786
0.078295932755385003
0.078274573854356946
0.078262052692718798
0.078239126822933866
0.078233344074214117
0.078207446450808793
0.078194798803818119
0.07815973223110996
0.078129823491070671
0.07812485979468764
0.0781137516235937
0.07810933138474821
0.078093253742191227
0.078083756214455013
0.078069839750522022
0.078062973022701307
0.078062197248397802
0.078059463013971042
0.078042957289040746
0.078011377256510375
0.077994863566363967
0.077989740104114774
0.077976873966648291
0.077976066450525544
0.077961693752056305
0.07795967976869432
0.077957674342156696
0.077925010729402513
0.077916020494001106
0.077866208951973423
0.077846479440631694
0.077844906893532878
0.077830896146211026
0.077830023168569407
0.077822776086181628
0.077814468121349248
0.077789436045274024
0.077776033316777279
0.077772609943516979
0.077726831935639382
0.077708353419200654
0.077695966365277327
0.077668807457395905
0.077647770924038725
0.077638514713396528
0.077626922452738514
0.077601620760236106
0.077596140478770712
0.07759143004015509
0.077589090264655547
0.077579678623586917
0.077570395799892028
0.077553966393337115
0.077541922774769345
0.077539788930718126
0.077539311708105157
0.077525326883273793
0.077518205246163166
0.077512474314771665
0.077497469486910733
0.077496548052629316
0.077487446505809091
0.077469037850069644
0.077443209244712374
0.077404251043801664
0.07739752795530469
0.077375182767603634
0.077314061922759345
0.077309546959259734
0.077290949365727044
0.077275043335393284
0.077271921478126532
0.077269597386217956
0.077262376827726145
0.077244282723804555
0.077234315053267638
0.077233606130616347
0.077186493538376783
0.07718331369575758
0.077181124169274057
0.077181064691139931
0.077176359885336887
0.077157570714438115
0.077153415308551784
0.077125092628666028
0.077123416001828357
0.077099766392682567
0.077090304076533833
0.077087803606236557
0.077085815788712986
0.077061076170954021
0.077042255668490406
0.077029232146122562
0.077008439893483771
0.076988393170507902
0.076973496623239837
0.076966292109321627
0.076961265044617158
0.076948033476700109
0.076916432798046844
0.076910235426429302
0.076900026174779104
0.076896593461725449
0.076891953362396445
0.076878317876949001
0.076874640726533328
0.076873903219588688
0.076861702212420571
0.076857994129392773
0.076854962093792667
0.076837019758369762
0.076833608119718483
0.076817441005499684
0.076801797919399853
0.076801593800055967
0.076785709646314093
0.076783511111592595
0.076778439845758495
0.076773478537220621
0.076762593229681306
0.076739510680126619
0.076710956116816886
0.076701194822752963
0.076686281656138514
0.076683417116346103
0.076664562839741435
0.076650832856815343
0.07665043622463151
0.076648679889799856
0.076641040771895888
0.07663150189377875
0.076613773294462506
0.076582183398532552
0.076544972707305731
0.076542322531825469
0.076540608331439206
0.076464300060394494
0.076438567573146085
0.076436272764581176
0.076428843009982733
0.07641975314391232
0.076418173655187951
0.076387974240974599
0.076338700203389107
0.076335795637334669
0.07632217530587504
0.076311965691396824
0.076306996510097314
0.07626031707366776
0.076255269268390491
0.076244584599306039
0.076238080668873109
0.076227027931887459
0.07619650500426571
0.076179248943240366
0.076166374419314953
0.076140820940884285
0.076140682219187697
0.076134123730176556
0.076132299863331518
0.076122304107795941
0.076101230763652356
0.076098227573827143
0.076097521768447571
0.076022598453576368
0.076006817458110318
0.075998287586049929
0.075968393461591593
0.075966285527535496
0.07594893292270459
0.07592076874872225
0.075882495934970678
0.075880004696482747
0.07587827828941289
0.07587540505672935
0.07583990836589774
0.075827320885623467
0.075804162600027564
0.07580321726929895
0.075789619572060971
0.075787712793989534
0.075781084319862288
0.07576373221122866
0.075758237230181921
0.075757658782851331
0.075756715884303022
0.075752226510044596
0.075732647190418972
0.075728561807355779
0.075718380695783433
0.075715313748729293
0.075709319100152037
0.075708256678632929
0.075700028157907218
0.075691312319350654
0.075679889847166115
0.075678931161751797
0.075677805858803807
0.075650662088369028
0.075649690948902365
0.07563162109092339
0.075626403144871596
0.075615134700550368
0.075601273172438838
0.075601091662886782
0.075594483155462522
0.075584510088433726
0.075549578106907378
0.075525471483566572
0.075523297331199127
0.075516437093473041
0.075512758893546306
0.075459561771365022
0.075454989627118968
0.075435603314765634
0.075433554356656843
0.075419457786999849
0.075406846955706625
0.075395802165687212
0.075391645481681813
0.07538015593455144
0.075366130113437027
0.075352963568273118
0.075344432313633067
0.075334182319536175
0.075333193548998645
0.075328249862008589
0.075317514956453502
0.075311386320769197
0.075304134379082427
0.075298724928054395
0.075297461562547616
0.07529725689501196
0.075294097609071423
0.07528915141898701
0.07526667273583143
0.07525215281994567
0.07523882350458394
0.075202513210716276
0.075198838867138226
0.075176000140225088
0.075174028973808274
0.075166530068708465
0.075165929365053397
0.075157050901216035
0.075139799048000736
0.07511145641879248
0.075104228189476013
0.07510071282142361
0.075080730637668971
0.075065579671600102
0.075040715858141802
0.075039772639659788
0.07501176612596834
0.074994174472221301
0.074973982262691294
0.07496893997852129
0.074968676868405387
0.074963123041104252
0.074956273812321186
0.07494459529028101
0.074918544893450831
0.074906915513570996
0.074903232380056251
0.074896637944820543
0.074869908671000712
0.074862417908416051
0.074846949946684019
0.074836418569180996
0.074828432793237323
0.07482491769054124
0.074822086544232641
0.074820927115054905
0.074811008965267795
0.074810241961484752
0.074805338640217281
0.074786467314198635
0.074783835850044736
0.074762816929787715
0.074762110702707676
0.074760052324294946
0.074756989447317748
0.074754316595405226
0.074671105360664514
0.07466417742881537
0.074658263910569581
0.074639303354187017
0.07463921910655387
0.074634972328952609
0.074630226729233015
0.074626227854729832
0.074610641388462268
0.074604525315344977
0.07459842413746301
0.07459717110493351
0.074585420825500265
0.074573110301343101
0.07457183114483168
0.074541996849694717
0.07452531470003175
0.074513579424244081
0.074503390181811624
0.074473753351963559
0.074469802585256428
0.074469625666371608
0.074461181985484112
0.074453537117799479
0.074419355110239588
0.074418394156192169
0.07438777705211104
0.074380937833232602
0.074380162800789767
0.0743616829110504
0.074331748079287219
0.074318775127561076
0.074308920537307754
0.074307714137881592
0.074279919338328282
0.074278573422120783
0.074252683128940677
0.0742247290521377
0.074212667060685189
0.074195133847508019
0.074170989775950741
0.074166913240356555
0.074149430085996476
0.074140933172647569
0.074124623286477717
0.074101412004372411
0.07409813884233106
0.074095511845392592
0.07408732217880945
0.074080311618931291
0.074076167819721025
0.074068049103733241
0.074030889047628654
0.073992125743080839
0.073946482921129264
0.073938092561122493
0.073929408840497715
0.073916542903835772
0.073892410951946833
0.07387701369093741
0.073875670745089578
0.073874860383204621
0.073872559930840506
0.073866208035511166
0.073865722962169186
0.073837295159955726
0.073821037126339126
0.073809502374368646
0.073800220734469152
0.073793197469715632
0.073770320432459832
0.073766039729229488
0.073758019706364877
0.073744940386107488
0.073739056095050118
0.073737478070814655
0.073734684556603189
0.073731132670601773
0.073724331484364913
0.073717330191993891
0.073700234545251292
0.073683830010267015
0.073670799414700325
0.073669580737329557
0.073666501184472044
0.073656799415358548
0.073647229553092067
0.073623851476493793
0.073612286962846343
0.073598674775671599
0.073555767434177161
0.073534933841329267
0.073534114330496739
0.073519737423225873
0.073496289736578138
0.073475642242077366
0.073468231156045546
0.073463074168228101
0.073452162056373949
0.073448584413527515
0.073436499197199287
0.073435978315500125
0.073428161908877645
0.073418143761458735
0.073412903499783966
0.073412703186527817
0.073409130357153407
0.073408595051258629
0.073407100621625018
0.073399974512164512
0.073375674943071123
0.073356223729450554
0.073329541517120539
0.073324864292596187
0.073312038217010586
0.073309331353513432
0.073290087202377216
0.073240147223091689
0.073222649110840143
0.073220559535567456
0.073214202668229117
0.073204889626039729
0.073174298872673474
0.073171597010313019
0.073154140447448182
0.073142347712501735
0.073132621946445486
0.073128255331488035
0.073112227693332629
0.07307955191490427
0.073065775538103617
0.073062380648239528
0.073046541617377322
0.07304135397886298
0.073036396536144979
0.073025237006789298
0.073021112678869987
0.073013034748302702
0.072962799264407796
0.072962607255800477
0.072956676909835885
0.072955018429199756
0.072953768126203744
0.07294054152368154
0.072930242789215102
0.072918315095419531
0.072917769154173126
0.072900452449661785
0.072889131724513653
0.07287507340341072
0.072868080982328554
0.072867897460134515
0.072853362763859147
0.072851057252744225
0.072840295093184362
0.072834607795630446
0.072826207304422158
0.072825942437247881
0.072825462725491008
0.072822681206120038
0.072813611103949252
0.072775941464207586
0.072769609581931696
0.072750454515523824
0.072743867090712011
0.072713657925969358
0.072702885450036087
0.072701161497811306
0.072686076465482044
0.072672697802734568
0.072670853319323658
0.072670034952996732
0.072663149347968331
0.072642520487381068
0.072638656709642924
0.072632133394945272
0.072630331456741415
0.072595829900360218
0.072568049326438816
0.072565366860301836
0.072564697188251218
0.072554580029926166
0.072540158787405898
0.07251567262554498
0.072494248485821464
0.072472558765445838
0.072468170608133597
0.072445378908971333
0.072444784980572191
0.072428012798074315
0.072427891695546795
0.072421558725627028
0.072421177638783044
0.07241837591138138
0.072415192378420881
0.072413368557124033
0.072392453486116837
0.072388679831862202
0.072382604180142487
0.072381928365665787
0.07234536939284629
0.072317183776777968
0.072312222629351067
0.072305988379469624
0.072290737867739208
0.072286074370435896
0.072280841284223102
0.072272603916657671
0.072269709559605488
0.072268104569915545
0.072266421651673379
0.072244543716605006
0.072241522766521543
0.072238109564612532
0.072219974568737993
0.072197696860840752
0.072179155243301457
0.072171676749836267
0.072168130878559986
0.072167855536874576
0.072157896183242184
0.072156385545000812
0.072134665606977857
0.072132457038629333
0.072112952595001681
0.072095871486342361
0.072087674931001017
0.072068746978185549
0.072059328594305874
0.072050049845049174
0.072043764142474542
0.072031498806731445
0.072030882459006365
0.072018315393477139
0.072007419982163173
0.071999199605302697
0.07199621411471134
0.071994324460244355
0.071986841560439815
0.071971201704401008
0.071968932804314698
0.071953277700202573
0.071949023429275505
0.071941474317740534
0.071933183707985793
0.071918449840574272
0.071910503697313652
0.071904070561422659
0.071900952798843509
0.07189179048457281
0.071886429193962709
0.071885221225531343
0.071878177446347363
0.071873197714683895
0.07186948888322324
0.071867281870071797
0.071866468754825844
0.071860545101712067
0.071842376726338114
0.071837787188208616
0.071834896385321728
0.0718247508278122
0.071786919214043038
0.071783094816220569
0.07176552286734604
0.071760445087250505
0.07174913804090427
0.071733772618787647
0.071733240872640033
0.071718940371353707
0.071718772018740343
0.071712245232787117
0.071703978959405987
0.071697624189256431
0.071681648931187655
0.071681159010282006
0.071677478272778303
0.07167087252598478
0.071670533943568732
0.071647932344274273
0.071647343627347329
0.071632618703280096
0.071608644393758969
0.07159708632835339
0.071594358219183654
0.071588023049911576
0.071581359956329124
0.071573235324703555
0.071568053704040527
0.071543935858565777
0.071534628857725102
0.071533141411599555
0.07152370015227226
0.071505280470267191
0.071500014299684139
0.071497833811596204
0.071492467193819631
0.071491247330861721
0.071491100304727315
0.07143976301258205
0.071433864654200693
0.071398606774306927
0.071393990359629692
0.071391203657653834
0.071380219915718635
0.071359819825895662
0.071338913143672023
0.07133272782932279
0.071328265666964222
0.071313457285682821
0.071309968257154716
0.071296891137670723
0.071290750985131449
0.071254194936441639
0.071231419599384074
0.07121713629639588
0.071210859319527364
0.071207037188042582
0.071173321418225938
0.07116999836292523
0.071140699788617645
0.071104375676185758
0.071097400744736028
0.071077208680541321
0.071077107537893605
0.071074459446431176
0.071064778732865985
0.071061035868703853
0.071058391314086616
0.071029284123398276
0.071022224776098902
0.071006571864906942
0.070994204390385132
0.070975805910594811
0.070967143013341019
0.070960170955824728
0.070947769532295785
0.070931206596249824
0.070930589085652113
0.070918704524369033
0.070902881710669136
0.070877814553781379
0.070871736063744001
0.070850343918658201
0.070849288541833713
0.07084876805813875
0.070812219252599271
0.070800769200964828
0.070799176138185371
0.070791571076139412
0.070788095358609013
0.070763512354241262
0.070760048684681456
0.070752468257861328
0.070748567496367806
0.07073803824733782
0.070737529058787454
0.07072793559684179
0.070724521492420422
0.070718065939400707
0.070716823778948668
0.070704018884690273
0.070702728722419991
0.070700876269224458
0.070700737845998923
0.070698273794338365
0.070687507311876702
0.070681923572597657
0.07066295375290689
0.070661209148134202
0.070644553003683414
0.070630594294066859
0.070627213897209065
0.070622893016676735
0.070570058768314223
0.070564596861245971
0.07055282770763352
0.070535234292157939
0.070532152791848449
0.070528070856730865
0.070521160371311481
0.070515297143600011
0.07051245111077574
0.070512429286807107
0.070509261484044933
0.070490621919633484
0.070484283731173158
0.070466020735646021
0.070450836562650013
0.070440457730483783
0.070432872492658741
0.070432242586559446
0.070389766980916729
0.070342368443813016
0.070342064932060355
0.070339295042256778
0.070268686762456678
0.070257316290342139
0.07025176867866019
0.07024637855971462
0.070245098926247238
0.070241344652645865
0.070237555859810716
0.07022438008821405
0.070221993017259218
0.070207337124276001
0.070203468364116992
0.070198598071603488
0.070189295193021264
0.070182846813612421
0.070178969007884964
0.070174253906550105
0.070149825003568922
0.070139625987267903
0.070129458751155282
0.070102519142542369
0.070089086575460424
0.070084243718828598
0.070070818484989389
0.070068217776241379
0.070063014481359057
0.070047555618237181
0.070030432988974128
0.070023966206729821
0.070012367787897767
0.069998090795190773
0.069991767068735389
0.069987808540446908
0.069979301928585244
0.069974685869845385
0.069963946079890191
0.069951709760152775
0.069944476576589323
0.069941734720975507
0.069923652609100606
0.069907708607385377
0.069903753825554582
0.069900576753695834
0.06988810605537088
0.069885259433816779
0.069883671533020303
0.069864213885882626
0.069847560847159873
0.069843947878342291
0.069828025754321232
0.069824249571153685
0.069823130214003937
0.069807623594675558
0.069803716760437257
0.069736284165419452
0.069720737926319706
0.069709399650785014
0.069704452307033274
0.069692366309217019
0.069663139718514497
0.06965459692514793
0.069643583370769716
0.069627348533611952
0.06962192677750155
0.069615467427143432
0.069600790642260976
0.069600544760196961
0.069561921636248039
0.069544206108019188
0.069541508180005748
0.069526687288749917
0.069505434846200545
0.06950425702279428
0.069489614938187214
0.069473943906684002
0.069462347143005407
0.069431680071709051
0.069429142023463605
0.06937409546687498
0.069373614673725464
0.069342098420860018
0.069331404689244161
0.069329738857604906
0.069318405658972057
0.069316537990690208
0.069306667041454995
0.069291037702112299
0.069272101098960037
0.069268249422307068
0.069256670343218849
0.069236368148048469
0.069225589046062547
0.06921899086381475
0.069215926560976443
0.06921079118186324
0.069198628213099841
0.069173209391097223
0.069172138498503857
0.06916622550895217
0.069142634824721286
0.069139769094410872
0.069124648773052411
0.069124336487172075
0.069119001400785779
0.069118803422016456
0.069116818140659939
0.06909673348636293
0.069090966522643238
0.069079745601726195
0.06907565176156974
0.069036909051777368
0.069030382915617319
0.069025188772355098
0.069017656357221083
0.06899950348494481
0.068959935648328363
0.068957615290948501
0.068956313243172362
0.068953152569193835
0.068948390354391056
0.06894735762479258
0.068943971120861772
0.068939710395679143
0.068933627596273347
0.068932374463586438
0.068895719619607471
0.068895554050444105
0.068894519448229399
0.068888673248313201
0.068867848179878441
0.068862950850400936
0.068839438094288372
0.068837618682827936
0.068805659760950752
0.068801618492503186
0.0687963145815782
0.068795823317736912
0.068783893125571663
0.068779799226994578
0.068772470978953518
0.06874219896975188
0.068740714136234615
0.068740342819274533
0.068724269583103889
0.068715429000297562
0.068711354507622752
0.068707971174901294
0.068703385646483456
0.068702044177229166
0.068694309945882021
0.068690273519870032
0.068688158094961288
0.068670799108912231
0.068656436814288221
0.068641918413866798
0.068633045086703467
0.068631310207752871
0.068621543885971956
0.068584311347989063
0.06858323634201835
0.068578130942512042
0.068570582510939324
0.068568311057784687
0.068562068425062933
0.0685620452648604
0.068560635188833277
0.068556406509357487
0.068535443357839537
0.068516533016759765
0.068508952504740803
0.068481778580884389
0.068478958737315507
0.068463530031876774
0.068458937444769802
0.068440496867884157
0.068425856915867361
0.068408692570295582
0.068390978958789678
0.068369096364488638
0.068357087679568218
0.068339686896955743
0.068333421569186356
0.068316684896471372
0.06830850452791315
0.068306351139032565
0.068297265466684728
0.068293423201847961
0.068290049570224012
0.068286553692641375
0.068276088193056195
0.068262824107787584
0.068231418987273584
0.068226931614722403
0.0682142367512307
0.068190656353957435
0.06815479655505205
0.068144223356289016
0.068143977659347113
0.068139685860137689
0.068123955649070353
0.06811511409582463
0.068114400962624652
0.06810861244057205
0.068108467103445494
0.068107277115058873
0.068096285211434696
0.068079126695327716
0.068077441993629986
0.068049040391825799
0.06804476425062024
0.068028801299536895
0.068019876220538122
0.068011769154679477
0.068006629921759279
0.068005844598792234
0.068003406292773669
0.06800125377595842
0.067980301215759209
0.067968274984852153
0.067964914082205508
0.067955781075301591
0.067953606653700122
0.067939090209552508
0.067937856936488183
0.067933032865970328
0.067924665150126184
0.067916333439889856
0.067878058978960598
0.067820703136391783
0.067803604366257361
0.067801424278430736
0.067785402399475239
0.067779212146995768
0.067771033675735448
0.067754949113788931
0.067752143823689062
0.067746739271012907
0.067717748136865569
0.06770949435228478
0.067663557689968942
0.067645827717738194
0.06764406011628922
0.067641901819595465
0.067633407570003523
0.067632049881771378
0.067621785423952446
0.067621150021871412
0.067620282778692822
0.067614900363145033
0.067599447825617623
0.06759188446499699
0.06757737643489059
0.067577154184363691
0.067556146749982532
0.067547234017504593
0.067543629383213413
0.067536685996479315
0.067532671503989547
0.067531257674441542
0.0675181412875651
0.067508848342027569
0.067495437960769761
0.067487385008985934
0.06747227147764942
0.067470484531925085
0.067446794685101424
0.067442908055633577
0.067424199134548557
0.067423915114419697
0.067414843409777367
0.067413911891212097
0.067400208358613503
0.067388354532792544
0.067381348900825394
0.067368503769069388
0.067352996516262351
0.067348556667017598
0.067344193678714345
0.067339554909281812
0.067332887795743798
0.067313205506756138
0.067310732197509146
0.067309827442159173
0.067301464079090087
0.067294293262468524
0.067282916517412736
0.067269726230010901
0.067261940364334014
0.067250280617629443
0.067249838370846665
0.067246172644326058
0.067224173313809352
0.067212928683391987
0.067211032980757215
0.067211025589930043
0.067201270305285596
0.067198416644990502
0.067158219709306841
0.067154622096666644
0.067154401950438675
0.067144577398635816
0.067126526614858156
0.067118571559787774
0.067077301375460918
0.067072770505284512
0.067053674368196398
0.067051923406024672
0.067048930688664382
0.067037401374213573
0.067024302067889979
0.067012610258599933
0.067011306054025888
0.066999222633876782
0.066997839497920639
0.066993612312765016
0.066974353305743403
0.066967089333777652
0.066965632034759609
0.066955496931743047
0.066939957233957362
0.066938892598702185
0.06693501764471449
0.06693164682284175
0.066929359736774441
0.066905744031445571
0.066895305342724476
0.066885887189046173
0.06685534850000896
0.0668452833875543
0.066837390162623564
0.066836715763487445
0.066830473406692806
0.066830113613622108
0.066810537689047211
0.066795081365498221
0.066789184234023413
0.066780355913788822
0.066774783511767119
0.066767361978717174
0.066763088918492558
0.066756951216359592
0.066743506711387623
0.066725668654373529
0.066678739943666937
0.066675870885665872
0.066675487424495944
0.066628471385483057
0.066606982957827007
0.066575948442045202
0.066568334684907193
0.066543739996124146
0.066542038963524397
0.066526521161458865
0.06651943408352623
0.066517516204842711
0.066514403297667377
0.066511577351563669
0.066509446418968193
0.066488801661682445
0.066438134636312915
0.06643755316809985
0.06642854374498379
0.066414977083700019
0.066380198362318829
0.066372860242145573
0.066369193547065455
0.066366498207908575
0.066361617197365719
0.066353149066282105
0.066351180234940743
0.066350970757270172
0.066349574670614739
0.066339523127285319
0.066335531165699527
0.066314965670865506
0.066311972762240753
0.066303125117097031
0.066300586317328367
0.066299694350546515
0.066294156626099443
0.066291775928145169
0.066287643186853568
0.066279174348835596
0.066272210283033692
0.066255195357490332
0.066230566611107863
0.066223330621502305
0.066219855933576835
0.066216134708270244
0.066213536316324678
0.066185746123129163
0.066183272909474358
0.066178055391412291
0.06617744602030301
0.066161906174256102
0.066158870196583439
0.066155181203333413
0.066140963013561635
0.066137846106953516
0.066131944865499503
0.066117172140261096
0.066097113212920236
0.066091625416374533
0.066087719739132647
0.066060118993378117
0.066059179009164901
0.06602253225546327
0.066006712894075961
0.065987064979509596
0.06598695522150104
0.065972733922898694
0.065949528201478813
0.06593364451278895
0.065931353538187992
0.065922973744805172
0.065896371281492172
0.065879606270401264
0.065862968178790796
0.065848193547930867
0.065843536714679435
0.06584283219711172
0.065840466143362864
0.065831966134203765
0.065829793081602167
0.065817739516618207
0.065814548185467059
0.065811324627022577
0.065792500709287119
0.065782779921413168
0.065775855807261974
0.065733405501643458
0.065733128841140451
0.065729954368988375
0.065724290127735896
0.065683518940333752
0.065669857352618335
0.065669693923076214
0.065667081445684283
0.065631120869665285
0.065629094798747026
0.065623256701509536
0.065616692450433986
0.06561384869150183
0.065612005465028947
0.065595915891123679
0.065594285741429906
0.065589656107828395
0.065579513709448534
0.065554250346480367
0.065551027525165895
0.065545859947054072
0.065542998908220823
0.065535029052791696
0.06553441624170564
0.065532089893974618
0.065530579509879283
0.065516068164112637
0.065512748583334959
0.065505154856678391
0.065500473525595362
0.065490757732293403
0.065469116533291696
0.065456889605850888
0.065454494849724362
0.065444196783686029
0.065441056458098917
0.065411501904882624
0.065382123901124134
0.065381414746793792
0.065380386212045921
0.065360767809271136
0.065344241647215653
0.065337123669087671
0.065331229992487652
0.065326613153273233
0.065321580826168624
0.065298434837861824
0.065285272747816356
0.065283959442666545
0.065263217112920532
0.065262638838593401
0.065237172747297317
0.0652370002620693
0.065219153670537156
0.065198249439832059
0.065194234366631937
0.065186700084112217
0.065183887799156473
0.065180267916304255
0.065168486583296617
0.065163857538792461
0.065157041599136975
0.065152091744792126
0.0651372674659704
0.06513711680339089
0.065103804694799247
0.065096028335354467
0.065088481718792654
0.065081726742123036
0.065048966494884231
0.065039775381959652
0.065032568781361447
0.065026888572065983
0.065026725297944121
0.06501431494841467
0.065013387851345222
0.065005252482657788
0.065004258717574925
0.065003404872507525
0.064981733539759473
0.064937666170445871
0.064930647742418551
0.064925003514254231
0.064920884957652886
0.064915898457953314
0.064898976173178982
0.06487930460396725
0.064863563935488672
0.064830842406898403
0.064824919231477734
0.064820501166480193
0.064818782699458594
0.064813836360105834
0.064804616877801716
0.064800514486518426
0.064792309706011339
0.064785059338867038
0.064765528231623265
0.064764284618718429
0.064763957457239937
0.064761099964956576
0.064754272727075526
0.064740675381722526
0.064733436826768687
0.064731537216968588
0.064728236053012186
0.064725338314638253
0.064703046799428704
0.0646994600191627
0.064691787335307713
0.06468014722952023
0.06467954352612279
0.064678256948255797
0.064663635347840198
0.064648005212064735
0.064643064960561741
0.064631067864233227
0.064619543881984362
0.064608867000753897
0.064608650269851381
0.064596259690234137
0.064578921204736572
0.064578691256113138
0.064571316779117358
0.064565017918709791
0.064562573154721109
0.064561051935613942
0.064557418111969869
0.064553306272379984
0.064553120213602447
0.064536349990210989
0.064533426017968271
0.064526753480877885
0.064520536143495705
0.064494381122359987
0.06448202563528109
0.064476549165110461
0.064474932531315171
0.064463674888230488
0.06445593054005036
0.064425348179129302
0.064419155737178949
0.064417109799368044
0.064414539530446138
0.064378959235221536
0.064376258740693248
0.064376070703294874
0.064371697326878419
0.064368195317914337
0.064364536272260922
0.064356905031524414
0.064352258968957701
0.064345866271071459
0.064334782368168225
0.064303918085963821
0.064302235820145229
0.064301132520410184
0.064300022454662528
0.064282065324523074
0.06427757407855425
0.064271748342646498
0.064225847433944092
0.064221731993985592
0.064215429846975577
0.064209849451346793
0.064204941254406844
0.064199206799837844
0.064197394448864215
0.064196215436287299
0.064185886988856078
0.064182652038312304
0.064151724083949271
0.064128054565495182
0.064123411000584149
0.06408910385663795
0.06407613841782217
0.064075809727075148
0.064069071086261115
0.064061562167658292
0.064056601967741711
0.064050406243743543
0.06403898963139551
0.064033673893431703
0.064026367174994284
0.064019867262288532
0.064018528597808835
0.06401705013587948
0.064003961305069246
0.06400212840313621
0.063986955625515596
0.063978223185627084
0.063966941073090255
0.063950305200529509
0.063943395930796829
0.063939343540958885
0.063919651927226095
0.063901758740775916
0.063867328217693461
0.063861635023130567
0.063849970113604548
0.063842322723151532
0.063841862624936865
0.063840360492013637
0.063833585673822926
0.063812897563330265
0.063802562272457272
0.06379235434077811
0.063782770198741692
0.063778981997622705
0.063757848672778283
0.063741648106793961
0.063728328412482896
0.063726577675319973
0.063723254616255276
0.063722633371266851
0.063721393156297601
0.06371969531567373
0.063718445622601524
0.063717511700582583
0.063711209486479861
0.063710426892834321
0.063708655725982499
0.063704643414884271
0.063702270976535552
0.063697915091310522
0.063693609186078373
0.063687541291182523
0.063687387836777118
0.063674551499130094
0.063659819382676605
0.063655898960198729
0.063649987568588084
0.06364991158069179
0.063633003945509081
0.063632949986751119
0.063621755330893912
0.063610981799575403
0.063589824290915142
0.063563367437863963
0.06355500153656933
0.063544140388056364
0.063539831466859362
0.063522815670381691
0.063517320212879272
0.063500297778477169
0.063498636594627747
0.063485074516597587
0.063471091814425826
0.063469715567828489
0.063467008690150581
0.063433625166827795
0.063424509335721996
0.063421929852995787
0.063411750697916824
0.063402776333649477
0.06339051949778314
0.063387839636996221
0.063386482822710907
0.063378478460439702
0.063351282888359284
0.063342804455317842
0.063330926208103308
0.063307617735939598
0.063304048404975222
0.063268880640045946
0.063268337042303668
0.063267172915965453
0.063266812765608763
0.06324792972090959
0.063220819937178679
0.063214185029407483
0.06321385261571584
0.063208417776057929
0.063207506054921231
0.063200916119261805
0.063184904902144762
0.063180924806002028
0.063173562085028181
0.06317009148679828
0.063169856752570488
0.063167393902415644
0.063158773511797217
0.063156037105519786
0.063154707896584117
0.063149544703861818
0.063146704388863703
0.063139639215810769
0.063128644908697226
0.063112445330109304
0.063099440605117435
0.063076924671425658
0.063064804497002552
0.063058036390265401
0.063056220477381505
0.063054232367760907
0.063024320360955982
0.062999531806343601
0.062994341704401713
0.062989060997285989
0.062965391150638761
0.062954107183794752
0.062952689727152067
0.062951714989047364
0.062945920280482251
0.062942367488920709
0.062916930536740204
0.062908851802100346
0.062886831480098548
0.062886056191671716
0.062876606692206419
0.06287318889846609
0.062870919605736944
0.062856212145986981
0.062838855699487869
0.062822680670188272
0.062822677209071781
0.06281902521568776
0.062809397306015244
0.062795628617796515
0.06279389278384985
0.06278018941664211
0.062771266925741906
0.062767928846269569
0.062763706682360199
0.062762357387088241
0.062757520125381966
0.062740539007083415
0.062740452745205719
0.062739738989406948
0.062718712298012499
0.062718210087557999
0.062716027782869221
0.0626938277243764
0.062690604589172527
0.062684323683725687
0.062681918440019566
0.062668141365547991
0.062662265816748539
0.062648987241887777
0.062648433453204172
0.06264842728014261
0.062645355733116956
0.062640703800028341
0.062640648936581736
0.062636074800490979
0.062632746436827522
0.062613843790998047
0.062613636097314573
0.062600828792414104
0.062591581136806199
0.062586530753705072
0.06257969833530827
0.06257613665049501
0.062557009024628324
0.062555697221914605
0.062554528406201307
0.062545538936166364
0.062525823432612038
0.06252262058806432
0.062509336387665218
0.062499281317980229
0.062458077232639325
0.062457756790421121
0.06245735431193656
0.062451613888417662
0.062444622777554061
0.062405362143163112
0.062388252873277809
0.062384302241738
0.062382438556253535
0.06234575938244049
0.062337660257335378
0.062325085625542655
0.062316580045467362
0.062303277339104457
0.062298241759134329
0.062273027435859316
0.062266249500788504
0.062261062695471957
0.06225561478913124
0.062239494513322773
0.062206179004867995
0.062200671838104016
0.062197867808883277
0.062193450840036996
0.062182016768120095
0.062176108701413477
0.062168428284477863
0.062167843593064084
0.062165808805667078
0.062157028911888824
0.062156780270493733
0.062153984127598511
0.062148355821525642
0.062135685471123907
0.062115658185575059
0.06211262898439672
0.062096081696542293
0.062093339756449963
0.062091893909156266
0.062074815561828839
0.062064859727862048
0.062059774786504582
0.062051302871883658
0.06205065554283995
0.062046880259841154
0.062031098782125441
0.062021398460472971
0.062018780498265182
0.062015785223264466
0.062009103132038071
0.062001978408054971
0.062001891869368046
0.062001238392719017
0.061999397241709719
0.061964999982973598
0.061964472946054741
0.061961572637567387
0.061934625437324614
0.061932727728016175
0.061926508434939014
0.061921103086591829
0.061920431033326916
0.061917277910212058
0.061916658516352391
0.061909030696891347
0.06190889562979577
0.061902693738187353
0.061897456130382375
0.06189408361679858
0.061885386504593118
0.061882792451550865
0.061880658446080254
0.061846030587073476
0.061845068388727199
0.061844582842385344
0.061822065604020066
0.061814434690486503
0.061813370667344034
0.061787249607758186
0.061787206125494085
0.06178561772210571
0.061777986047036063
0.061774298076282597
0.061750967562679393
0.061750668597189577
0.061749510034010108
0.061742356679595614
0.061736851253337957
0.061722717534752981
0.061713299320323427
0.061710595064092114
0.06170694079931556
0.061705867831827944
0.061695148151894454
0.061691317405982972
0.061689397535732327
0.061686921318695721
0.061682983015672189
0.061676389839542045
0.061661004899049757
0.061650244415275363
0.061649142439926197
0.061644020225885575
0.061624230290363097
0.061623756607938326
0.061596963977102112
0.061583790775455907
0.061582070486633604
0.061575851454972727
0.061575570911481553
0.061554010258902073
0.061548667924803013
0.061546864172519443
0.061539036413095785
0.061524381977810939
0.061523213397687217
0.061522850331723299
0.061483082321158886
0.061480277037949629
0.061470544162618143
0.061446874608392876
0.061446228579627837
0.061445948180456733
0.061431973090245055
0.061427764255079974
0.061427122998844071
0.061418756338637671
0.061415909323548019
0.061386298484855342
0.061385207227995287
0.061385027980174638
0.061369429426029375
0.06135742169984696
0.06135155633043686
0.061345821739344893
0.061330481792256038
0.061325256257338333
0.061323478776266489
0.061322030738259224
0.061319534284800477
0.061312659745999913
0.061303509230774454
0.061301412991255001
0.061287402629428812
0.061283858666097528
0.061279595126778469
0.061269803456647662
0.061265206531682825
0.061246975719504375
0.061237353635422646
0.061234337448812945
0.061233333035002127
0.061221705601958276
0.061214044117427396
0.061211243210979101
0.061210665661371441
0.061186462883395909
0.061163863576066943
0.061163023326477897
0.061162687684910941
0.061150123873958649
0.061132834546888677
0.06112534908076897
0.061116469314366151
0.061115698436098681
0.061109548706486466
0.061106887120090964
0.061088723169147478
0.061086381458741325
0.061076497966064798
0.061051817276975777
0.061045650774478454
0.06104186331084175
0.061035838512426083
0.061034834713294864
0.061027353436927403
0.061027016681393251
0.061019044896676679
0.06101735498714924
0.061007230085221784
0.060990236523893654
0.060989899921656633
0.060987131572803936
0.060982730732185894
0.060973580072546184
0.060957127794928651
0.060921211840873346
0.06091382861220232
0.060908331457617156
0.060902352654453103
0.060860668958803286
0.060853704264246314
0.06084099030859693
0.060838755301707639
0.060835995281730726
0.060835772831503772
0.060823561808917827
0.060810877905857472
0.060801691735331592
0.060799478657519529
0.060799126095323688
0.060784121089697919
0.06077575031379661
0.060768289640720348
0.060767904622305906
0.060760413628031119
0.060748678127553649
0.060743996143852119
0.060743549653279515
0.060731575176648726
0.060729805119312301
0.060728984795127693
0.060721715257869416
0.060720171478560583
0.060711939275822739
0.060685797340522964
0.060669307318207417
0.06066852971412616
0.060666066428997731
0.060663054539981158
0.060660594572000633
0.060647211665625568
0.060646640227386486
0.060634682301390221
0.060626341625491798
0.06061744612528025
0.060610056675018016
0.060603344518729521
0.060599761224118219
0.06058872352208404
0.060565009611830943
0.060556383212981804
0.0605561351182754
0.060554489611200836
0.060554132620594302
0.060549147825416198
0.060539168814617822
0.060525337620265039
0.060517363319995146
0.060489539712773384
0.060476433224226508
0.060475932411387087
0.060462654840795112
0.060459338469521416
0.060454895363761627
0.060453772874905949
0.060450223317777968
0.060437348727995194
0.060436407227582423
0.060436272620886175
0.060433046044497209
0.060427412711535275
0.060424706574456803
0.060422832648954802
0.060419213973757782
0.060419062220203372
0.060414290528935329
0.060412988476350314
0.060412987346844596
0.060387005285843551
0.060382568962601413
0.06038127408651419
0.060379554827977855
0.060366647873006551
0.060362457119647786
0.060360139430372682
0.060358860010875599
0.060342511648653598
0.06032806318438725
0.060321390628154073
0.060317189734113333
0.06030892044313816
0.060302558634593668
0.060281646367579676
0.060281487256834757
0.060258407957000382
0.060238781676776092
0.060230632743121383
0.06022825723347177
0.060226338325681861
0.060217557834746242
0.060214557742180458
0.060213306567020966
0.060189516640045994
0.060173710851856674
0.060172192446822717
0.060163490200456367
0.06015450014244076
0.060153689939625797
0.060151503992084125
0.060151430939342061
0.060147873266123093
0.060133755494167211
0.060133723250968718
0.060133477263654707
0.060126252866783393
0.060114311282062072
0.060107605428656709
0.060084677710988778
0.060079531386850786
0.060069440416860125
0.060066841387870273
0.060048418952334134
0.06004537513585536
0.060037100186387714
0.060025020356039169
0.060024800199510737
0.060015615548622336
0.060014386009496649
0.060012337366678534
0.060011559597390664
0.060006176856390127
0.059991360142443294
0.059980808719073186
0.059970994200939431
0.059969854040246649
0.05996263268231198
0.059954674946850924
0.059952474526736771
0.059947588085688473
0.059940091392972905
0.059935056833873519
0.059933275213373355
0.059920457092958318
0.059915544333056854
0.059914489863384976
0.059908719163535143
0.059903660748109967
0.059899309647450827
0.059894887758254467
0.059889872507665073
0.059872775153758266
0.059866638840158887
0.059862508786513093
0.059858584027367483
0.059857839271716236
0.059845604394628313
0.059842181279875638
0.059833291722639473
0.059832270342887031
0.059825591511946032
0.05982119261855616
0.059820939929749385
0.059817417615038775
0.059810930077874087
0.059803810075171902
0.05979546806446543
0.059778541982595856
0.05977214012758808
0.059770949589323365
0.059757599422636636
0.05974975435821768
0.059738294505036489
0.059735076103427466
0.059733601458133771
0.059715659305995157
0.059708755867154593
0.059707907513369511
0.059688715513103049
0.059680288484032999
0.059676692264748539
0.059676039953342856
0.059674434799877475
0.059659752108715561
0.059648130941710856
0.059646506202509858
0.059643686614045809
0.059642417127634587
0.059640029471926301
0.059638090802705976
0.059634373103699782
0.059629307992894336
0.059627785323628023
0.059619154074803317
0.059598316697092979
0.059597264365838454
0.059595641656208405
0.059593023706728768
0.059586765247506564
0.059580821483390646
0.059559179777087828
0.059548502763651361
0.059545383622842646
0.059541257690678633
0.059537152942414226
0.059535673730017002
0.059519043308106437
0.059516863698586893
0.059509976742518317
0.059496542382141936
0.059495689245909811
0.059481376678316662
0.059476606795842137
0.059476312096537316
0.059471791108852014
0.059461860050373377
0.059444824699202634
0.05937738573083811
0.059371008128863513
0.059360961391249509
0.059353069653710802
0.05935265163497367
0.059350919045682328
0.05934989908918846
0.05933682466815228
0.059336001713125704
0.059335977312934114
0.059329839759150335
0.059328238337666137
0.059325977063043885
0.059323034896858085
0.059319527446184551
0.059293165184277734
0.059288357129244143
0.059281730744092077
0.059273352143486044
0.059258495470461726
0.059254377950071699
0.059252619400916438
0.059228132310420831
0.059222402876093795
0.059216984342246877
0.059216456376449012
0.059212946981034992
0.059210780457114982
0.059203783492381465
0.059183361897450333
0.059180632547124801
0.059174214683078714
0.059165769737614587
0.059150986511664706
0.059144282716636909
0.059135408407066409
0.059134888968759257
0.059130496470236743
0.059122888099261584
0.059111236134364517
0.059109044335669263
0.059101208487254753
0.05909658225330075
0.059094317676514269
0.05907618247461946
0.059072868401773573
0.05907286606171766
0.059067551622842676
0.059067233605649812
0.059062351129155186
0.059058193988918734
0.059056345547846827
0.059041618263065088
0.059029296654232045
0.059028549183381837
0.059021934940883689
0.059019055973180745
0.059018594990448141
0.059015308793111974
0.059008026759769273
0.059007467386438889
0.058982172951223683
0.058949146581702624
0.058941141082239634
0.05893419766897387
0.058927204896788231
0.058923515034584553
0.058921011516649385
0.05891780945613441
0.058917096933311985
0.058915444581726054
0.058913497808660224
0.058895695813379785
0.058885797016858379
0.058878032514872586
0.058867113520858556
0.058859105590765896
0.058841344751701836
0.058813251768763369
0.05880939821594814
0.058804675735146188
0.05879341781486648
0.058780572262510086
0.058769583001915961
0.058766950350886381
0.058759666454492814
0.058756194066750575
0.058745942611448165
0.058726400602385584
0.058721241273101014
0.058716675736378898
0.058708222659786098
0.058704507596960144
0.058703992347446915
0.058691896148124964
0.058681126855393659
0.058674791770876485
0.05867319965752852
0.058664701015218049
0.058664078736118702
0.058663872422583557
0.058659368180924515
0.058656124277864971
0.058633561695466664
0.058631169274653422
0.058630141218520532
0.058616257282320693
0.058615028386878001
0.058609002350398169
0.058605940118310065
0.058594828135114796
0.058593746451285865
0.058583710337930847
0.058575401513607878
0.058572314215541772
0.058569609482295948
0.058569581781723508
0.058564635825282235
0.058561739477562942
0.058560916463211453
0.058557146880965735
0.05855282110127874
0.058544566747254369
0.058527811239482155
0.058525287488514113
0.058513780965771367
0.058509963702671801
0.05850923502727607
0.058497005425894734
0.058494777246485538
0.058492564107789163
0.058489596659404612
0.058462900294467178
0.058462767043006326
0.058437560338318796
0.0584240402756784
0.058413376444997805
0.058406591460706182
0.058402663072872993
0.058393274592236311
0.058378532970185318
0.058369976613722001
0.058368680504223495
0.058368187238649928
0.058367743120627015
0.05836556136639371
0.058358016529918399
0.058352229037917681
0.058350401845050956
0.058349844920862676
0.058348662021067976
0.058345474823666178
0.058336640074766029
0.058320275363271036
0.058316726141273922
0.058312763324979616
0.05830738893923957
0.058303752529765641
0.058291879353217599
0.058291562877938449
0.058283673020916013
0.058283167005716147
0.058279459131410756
0.058278376946988494
0.058275951782516419
0.058266048971787825
0.058262171510405421
0.058259844906900289
0.058257755387874421
0.058242658156020456
0.058232616330621441
0.058231625237083265
0.05821147060938299
0.058195481048949074
0.058188180104135616
0.058176830882365138
0.058170571583143101
0.058164590193558491
0.058157352948566936
0.058141521975530484
0.058140340546607903
0.058133320736125829
0.058130763935556357
0.058129488843019876
0.058129387784783854
0.058127907530476371
0.058124879141000153
0.05812110893552154
0.058118196870687582
0.05811564002528951
0.058115524183720707
0.058114876403666541
0.05811147314883592
0.05809951958237735
0.058097708121843838
0.058097443056045993
0.058096156597198703
0.058088280757364538
0.058086009405135884
0.058076990598096602
0.05807476561486772
0.058067341804751794
0.058064415908619195
0.058060243333756263
0.05804183055609894
0.058038738024649303
0.058035175411919715
0.058029021374473022
0.058023275915097143
0.058019593401080143
0.058014426623296055
0.058013416940777537
0.058002665664600432
0.057988757986192171
0.057986385669756793
0.057959050451908779
0.057953015153861268
0.057951386048178108
0.057938763374423385
0.057932872123570095
0.057929631917881086
0.057915272336159604
0.057902607819262174
0.057884184849991624
0.057883563357078366
0.057853794844341902
0.057837540710462917
0.057836698501821958
0.057824662147038804
0.057822918191382987
0.057814622568672334
0.057812808093135028
0.05780106596101163
0.057797509693047797
0.057792021630050136
0.057774194928703511
0.057772842129282749
0.057768646704238008
0.057766442597735571
0.057760115276903862
0.057757593815495244
0.057725150910651259
0.057718403406649604
0.057712423989085715
0.057708502266573897
0.057690691616680029
0.057679799903540871
0.057679682143264722
0.057673133982900686
0.057653982680009826
0.057646874070858271
0.057645876357874049
0.05764142657116219
0.057630747178211969
0.057630075595508506
0.057624746437522703
0.05762453830805421
0.057606777714289577
0.057594016638520422
0.057575749141261574
0.057573481670284379
0.05756304357135076
0.057560001269449435
0.057555280373685035
0.057554562359830384
0.057548196414553852
0.057546380522385879
0.057544515420886976
0.057544273581144931
0.057542395869544169
0.057534018911277657
0.05753113151188214
0.057529720405698419
0.057525251497810924
0.057512984174926188
0.057500307551814379
0.057487899882409252
0.057486868375694188
0.057484369329750755
0.057481449277687814
0.057478361809319478
0.057475760738784423
0.057473741180314071
0.0574408306821673
0.057432215575783867
0.057428299312506051
0.05741767704585133
0.057413543517399739
0.057407742920114586
0.057386483715028774
0.057381191233328285
0.057381024042615386
0.057343887172456802
0.057337900173315463
0.057334807787542685
0.057324752009234349
0.057320781917459804
0.057320592455669207
0.057306859775901886
0.057304986196224088
0.057291937928542799
0.05728978549321731
0.057277129703036576
0.057274652649260238
0.05726397760536639
0.057261994440889148
0.057253115601975858
0.057242524985015732
0.057231568561975324
0.057216057551696071
0.057214214315933307
0.057206529835399797
0.057206444039901799
0.057200845124441756
0.057192897932522621
0.057187975492821105
0.05717086537869117
0.057166976498320136
0.057165175915560092
0.057153825762371276
0.057152981986174606
0.057151816718547896
0.057148725840873889
0.057144195116543638
0.057143122430925758
0.057127622492106699
0.057122792708718374
0.057116721448155008
0.057105041848088588
0.05709403330502217
0.057091757254843167
0.057089012290313199
0.057084624986019697
0.057083332812786491
0.057082602917865821
0.057075939341808046
0.057075484373204935
0.057066286980234485
0.057042811815835176
0.05703429770914633
0.057019993353745017
0.057008601857517598
0.056996255242973942
0.056993215256395398
0.056972323589222135
0.056970189399489425
0.056959740169729184
0.056956193514018996
0.056947601837019753
0.056939024872562041
0.056913929449746693
0.05688395492891541
0.056876848997664146
0.056852704231635423
0.05683173555772756
0.056831220486776614
0.056822745809775317
0.056808863833807795
0.056797592539897614
0.056794424051591706
0.056785070222986886
0.05678321498971324
0.056780899365427566
0.056774952461826581
0.056772098150872356
0.056759881689404795
0.05675921184796711
0.056736175816220841
0.05671221504123878
0.056689660726125836
0.056680862484174387
0.056667463755341298
0.056644398993526898
0.056630432742066722
0.05662564061574183
0.056617890298015457
0.056615602600124541
0.056600815785450544
0.056600765733577085
0.056598001796728713
0.056597109742855735
0.056594773687829197
0.056583094070260166
0.056574612503282121
0.056565857231098811
0.056562922637408176
0.056560120377227685
0.056555932140235535
0.056550519197927557
0.056546249896843433
0.056542209398076471
0.056540723473969136
0.056539733685221097
0.056528784012751784
0.056524847442221922
0.056516881266921948
0.056506862901636708
0.056506068224050264
0.056504567831459691
0.056503027150634134
0.056497461203205743
0.056486731409009838
0.056480640161368473
0.056478410853890749
0.056448430264419369
0.056446602483777815
0.056429819297394102
0.056425383506343102
0.056423174317266817
0.056407757746723977
0.056400898802771965
0.056399450443338835
0.056398234641820907
0.056397987700979139
0.056396414060627842
0.056393616878283502
0.05638703321000723
0.056386748539131802
0.056381074450175005
0.056379254616128048
0.056377083166051216
0.056376606827583657
0.056372754497162843
0.056372267740888111
0.056370056521794235
0.056339589460777682
0.05633606318044411
0.056321406464255062
0.056315178766043431
0.056310730636654427
0.056307646133339745
0.056302771335158791
0.056299475532807154
0.056296568448600787
0.05629365136714256
0.056287181416278816
0.056263008782234357
0.056262184083256679
0.056256203695603781
0.05622932550272973
0.05621351476473286
0.056211894199161935
0.056194520998632133
0.056194428954446894
0.056184722795154372
0.056176834632217794
0.056169151119061594
0.056160623594551325
0.056145254241961914
0.056141939394296181
0.056141348306517583
0.056132013813983771
0.056127844971061082
0.056125815632069684
0.056106644360597376
0.056082746466345083
0.056065733327810126
0.056065721057468869
0.056057377662606704
0.056023124799790117
0.056019561573910248
0.056009224566205773
0.056004385323454003
0.055986545026621072
0.055985683897546296
0.055979383604691207
0.055977318768754704
0.0559616025814723
0.055956903853057349
0.055953137048380334
0.055949279499653837
0.055940253090499062
0.055940239019585211
0.055934856608292165
0.055920372989237917
0.055916676632549532
0.055915869331893228
0.055898757027593268
0.055895279508439664
0.055882310381656579
0.055879279218721899
0.055878066913851616
0.055877869005459886
0.055873720915178691
0.055870723525087727
0.055864358317114976
0.055861966654618039
0.055860778996444121
0.05585942810726649
0.055855348886413032
0.055853601998937033
0.055849232497266636
0.055841559448965031
0.05584106355857036
0.055837662227342252
0.055832051396674784
0.055826269232868792
0.055821897301793669
0.055814512382203765
0.055813668199093183
0.055813579778189147
0.055800379562003684
0.055796833468727727
0.055786999135829296
0.055781532164845701
0.055772956830848208
0.055770393095218113
0.055768512933235599
0.055768018892582649
0.055767833237431626
0.055759083377968352
0.055756763307350778
0.055720777715106425
0.05571186801564653
0.055706675051390951
0.055704061461059558
0.055699852985358858
0.055699647351261899
0.055698995249569547
0.055683878268979241
0.055676707449362019
0.055675540382465465
0.055674715806997802
0.055665126250975375
0.055661427735551827
0.055643691876946462
0.055640225687282781
0.055632242307769322
0.055624204421405365
0.0556000350017338
0.055596395700577207
0.055595625170111185
0.055577531447206931
0.055573694855322799
0.055563074976874689
0.05552775199264226
0.055527194030767932
0.055526527822065512
0.055522405531781178
0.055519942267554835
0.055519694880380076
0.055515755745103035
0.055515475425379331
0.055509218967957664
0.055507816391234019
0.055506364997970369
0.055504908962052943
0.05549986298706204
0.055481816229201064
0.055480836352107918
0.055467302190131351
0.055443678183991707
0.055442966981283384
0.055438260531931675
0.055428688996354974
0.055412990435370041
0.055408485449855625
0.055399516727961368
0.055395137723290355
0.055391998610216868
0.055362482293810827
0.055353812119080435
0.055350088024384791
0.055349833535804277
0.055340189293830701
0.05532892479357393
0.055317273553927113
0.055313822458783642
0.055307230629103796
0.055307211275517555
0.055300331841121132
0.055292873521485729
0.055288629665514677
0.055274512692478892
0.055272453833672609
0.055268280005998746
0.05526044791172377
0.055253563718725286
0.055248155072747961
0.055242507094001483
0.055233351724992413
0.0552329676195484
0.05523048365219424
0.055227071654271931
0.055220263600322887
0.055213421496403549
0.055206075666222612
0.055205600776562537
0.055203992485979556
0.055203589332615773
0.055199145676289647
0.055188724233745032
0.055182417327894362
0.055178024079772757
0.055160107678749591
0.055151050468075322
0.055148077588958372
0.055143217167791719
0.055138251932832061
0.055125104906852178
0.055082950233826318
0.055080112569965721
0.055076758724547627
0.055073919265080748
0.055063037569347634
0.055062586424902936
0.055051561276067251
0.055034034443692946
0.055031427624131338
0.055027196444447909
0.055023081850885516
0.055017489050920021
0.055010176305899647
0.055004376606851271
0.054997320945579464
0.054990223926124564
0.054973430701859997
0.054971653036758772
0.054971369208064391
0.054970350169372059
0.054969259597394689
0.054958530835413404
0.054954309525951567
0.054953660893508137
0.054948763338426534
0.054944093631087626
0.054936888913015222
0.054930440716585045
0.054929772815479345
0.054911454481802645
0.054894185982966519
0.054892794060937
0.054889420790837723
0.05488783775811646
0.054882761022883329
0.054881106454915334
0.054880939737996071
0.054874332655750931
0.054840222589301969
0.054827925133101384
0.054823380056654991
0.054821353793504946
0.054818283755538585
0.05481730580529854
0.054808428591511041
0.054807770674321958
0.054806330629629994
0.054806149345386579
0.054805293775159553
0.054801906817461131
0.054799686036027716
0.05479939088685843
0.054797961185224488
0.054788647386688615
0.054785558794589607
0.054784567456603303
0.05478389914516036
0.054780167526395661
0.054776642870606226
0.054771973753912219
0.054771233345457526
0.054763796773653901
0.054763125459746299
0.054760800795391244
0.054750769683017328
0.054734338820240952
0.054733002908510624
0.054729353925051787
0.054700182491756622
0.054689911920572015
0.054660829318562358
0.054660614109590423
0.054648049038064021
0.054640737142791086
0.054635566216176802
0.05463364445220073
0.054632777033221926
0.054628606164679919
0.054618908956169748
0.054612695974048685
0.054608587337955108
0.054605055999346085
0.054600902079768164
0.054599782495535723
0.054593562336139399
0.054591670458445728
0.054590077743080154
0.054588206976661474
0.054585008092009758
0.054581348939814658
0.054576401548804429
0.054574073867554328
0.054557711604596153
0.054557400290347696
0.054555377163196743
0.054551931282816581
0.054548209255486625
0.054540944766905582
0.054539254386067701
0.054529957595385127
0.054528715146306014
0.054526068738113491
0.054516961794985733
0.054497401666653865
0.054496526265911033
0.054495722177414704
0.054482320850619839
0.054477853544402731
0.05447607254915042
0.054470938472974052
0.054463052626210214
0.054453363182959701
0.054450742505284942
0.054432929525891863
0.054426094453929541
0.054388513826267477
0.054381842553203441
0.054372926751134108
0.054370149734916065
0.054369615810904839
0.054361854972441233
0.054347636016603959
0.054345621279844145
0.054341232473084228
0.054322178855495437
0.054306381355912751
0.054305791426993578
0.054300400535953322
0.054300087645265963
0.054297028518438706
0.054296919775945161
0.054282042106451274
0.054279301772841182
0.054274951211709235
0.054269588696714284
0.054262400289082073
0.054262341207537181
0.05425447262577246
0.054244261574928995
0.054240320629961328
0.054240199876136125
0.054239882691304281
0.05423395198887878
0.054230401478977293
0.054224559748171211
0.054219199973049359
0.054210612877948226
0.054207217399606281
0.05420109050621625
0.05419926461782338
0.054191455888726175
0.054188251101415744
0.054186151607914797
0.054176918223925147
0.054174303656000712
0.054171918451936842
0.054159637239592287
0.054158475216140652
0.054157242505759276
0.054152639025535791
0.054145752232451341
0.054139518360163383
0.054138522588386126
0.054115311030669529
0.054112915215684579
0.054112707364838163
0.054107302551486089
0.054085952552242182
0.054068181856288249
0.054065387949892567
0.054064031860650494
0.054056442962776417
0.054054723070835593
0.054048629165769219
0.054047271036601112
0.054046660368770219
0.054039004166056878
0.054037837245996229
0.054017368068133516
0.054014611781890209
0.054011212359497164
0.054011197622043379
0.054009577863100858
0.053993362309312246
0.053984120663512263
0.053983388236887336
0.05397464389943777
0.053973673271129521
0.053973282839256488
0.053968731448991412
0.053966149022548544
0.053956761573868126
0.053952030338288388
0.053936632604294557
0.053932409611751615
0.053930829792371342
0.05392965055525057
0.053918278757457742
0.05391556077949098
0.053898894051685207
0.053891168419267076
0.053869127998327569
0.053867315665534675
0.05385209279676105
0.053851765922614717
0.053846331267133937
0.053845924539361323
0.053841688875666351
0.053835296549489799
0.053831755661734731
0.053820352827090093
0.053818175105112429
0.053811426930040519
0.053810408843319349
0.053797944109589414
0.053797889061986327
0.053776334402264446
0.053750353344561533
0.053745910806880536
0.053745829572628211
0.053737233679362367
0.053722052817255631
0.053714926283612623
0.053714179883199382
0.053678226086428103
0.053670214565093792
0.053638560789136716
0.053625930073204736
0.053625025581969452
0.05362082297270674
0.053612120534384682
0.053597142059456176
0.053586060862014055
0.053584968822086784
0.053567770189099445
0.0535583747753147
0.053554796587844185
0.053551431442508075
0.053549664477708807
0.05353309933556423
0.053532605544942255
0.053532502480133255
0.053526031238239839
0.053525878293182727
0.053524057580055233
0.053520877178401961
0.053518211518302904
0.053507215733299598
0.053500543656819333
0.053485747092170612
0.053467283099000888
0.053467095177294727
0.053460069395077255
0.053454363609013816
0.05344914412834241
0.053423116116896388
0.053417206004004646
0.05341455684982515
0.053410874341108715
0.053405703925750024
0.053399881529686999
0.05339188070875657
0.053382114835512848
0.053378464283868617
0.053343914822762413
0.053339018203268668
0.053332689619975421
0.053323810245356831
0.05331662093168258
0.053313137085136388
0.053279093677510693
0.053273412439963003
0.053254553729618737
0.053240776546887671
0.053223310452946065
0.053222611320293774
0.053213688579442434
0.053212371439311353
0.053200978854617727
0.053194893155581312
0.053192555027165897
0.053184846525188997
0.053175974347371639
0.053168924255439662
0.053160488741528712
0.053157698435201559
0.053143880113115723
0.053140223173222458
0.053132404964277215
0.053122989491328459
0.05311399967341289
0.053107075789113667
0.053106850512959464
0.053104279743796994
0.05310214577974829
0.053091242118282561
0.05307999614539631
0.053077833837471625
0.053071087728763809
0.05305899661743
0.053057649094490775
0.053050788017352295
0.053049686557851326
0.053049496635623007
0.05303841642393025
0.053032106522465455
0.053031794603288371
0.053018003600211437
0.053017010662714296
0.053009106530573828
0.053009039368877103
0.0529917540175813
0.052989563123256006
0.052983887213706449
0.052983714620688696
0.052969580762931075
0.052968937214061027
0.052947779663775452
0.052941517994867619
0.052933899381851675
0.052928501327847488
0.052924289535696972
0.052924261669328544
0.052922597880023049
0.052918581789362408
0.052914154311396067
0.052913622419275302
0.052905812317119709
0.052904906765929322
0.052886786713280315
0.052871148446378809
0.052863832683639374
0.052850758594807944
0.0528443720057458
0.052838282835347535
0.052838055634739818
0.052834908448271545
0.052831540499433643
0.052825242245403359
0.052816709142467583
0.052813827845530889
0.052789769076882355
0.052786218592371169
0.052771264360689081
0.052760381603742419
0.052753139465618229
0.052749289872688905
0.052746576699143455
0.052746316482308847
0.052727675535164206
0.052724389805790653
0.052718810640878064
0.052715275898014911
0.052705912827222284
0.052698657741519314
0.052692037026769806
0.052683391399383842
0.052680178596909343
0.052676644651742412
0.05267091361104187
0.052662945003059881
0.052645698840490848
0.052645619679036186
0.052639154245034805
0.052633615960381464
0.052623725600523058
0.052623158934038683
0.052618484142620034
0.052616640375427126
0.052614070067879312
0.052613978502281368
0.052610218698886026
0.052608644456714489
0.052599056252944934
0.052597321138797518
0.052588953847310056
0.052584184059559155
0.052577484579362524
0.052570883343056977
0.052566314175769478
0.052560666859160325
0.052550151074214103
0.05254889291226892
0.052543508114694173
0.052531884449203654
0.052528739406423879
0.052526305857968643
0.052525160603590346
0.052505516168696136
0.052501183338798683
0.052497445487711132
0.052490199489384541
0.052488463384968473
0.052475064482012938
0.052467781721955563
0.052466683649085598
0.052452680765785076
0.052450184177707845
0.052448695716434776
0.052436289496338342
0.052432072137306295
0.052417052553088303
0.052412621723962619
0.052408378224679718
0.052403522972210514
0.052398598501442475
0.052392110204666581
0.052390115373389654
0.052384127513869748
0.05238348547449536
0.05238243401739566
0.052378166512888423
0.052376121013649239
0.052375195976159784
0.052357686422310097
0.052354554480169312
0.05235128826660209
0.052349675927246965
0.052349370585111715
0.052348085145819304
0.052324764365290613
0.052317684931950798
0.052313647265823535
0.052312700320522522
0.052299351778486186
0.052298238906272977
0.052298117867235712
0.052294498275115363
0.052291085108666577
0.052277373379125275
0.052268523921736192
0.052268019045383057
0.052266201970782106
0.052262619333535418
0.0522497788800673
0.052244972044520471
0.052242433131528133
0.052235535097626538
0.052231031473748253
0.052229622003940747
0.05222322632694338
0.052220208616626546
0.052215251327182965
0.052210038475440104
0.052199347078514452
0.052194717554024439
0.05218788761617224
0.052184776241114839
0.052182417590952719
0.052170845019042927
0.052164311321136421
0.052163978475067707
0.052159458446872961
0.052148745996488784
0.052140949264996218
0.052139018330248005
0.052111463169185787
0.052107382924017905
0.052086022777031914
0.052079207398889327
0.052068776881383005
0.052067426049781387
0.05206392437062457
0.052060804604129221
0.052055133015275909
0.052049758080753378
0.052033911347593123
0.052026596948846683
0.052020618821036514
0.052000362143586484
0.051999832537281618
0.05199772083113146
0.051995483701655715
0.051982839855830937
0.051979638858896511
0.051979311134948573
0.051970241794803106
0.051964000344330435
0.051954912281460083
0.051953629999521606
0.051920323477103049
0.051918307944465357
0.051910362718724762
0.051907144472016081
0.051906616863377657
0.051905074670287446
0.051882496702538541
0.051880555455468165
0.051853661524303069
0.051851868775868934
0.051842729692119331
0.051837974660260057
0.051817886918154837
0.051800963879720559
0.05178448143794423
0.051782889864614462
0.051774308632188328
0.051771976931104607
0.051771144897716288
0.051770494591583317
0.051758197926887198
0.051756286797062595
0.051749300664798964
0.051747796915687365
0.051746825086395075
0.051738283149050414
0.051734385477089105
0.051734338326627598
0.051734215971739737
0.051728480594607294
0.051723373407196634
0.051711049657574913
0.051702955104444559
0.051698229711997577
0.051697399976826715
0.051695323605983536
0.051693960732434464
0.051670381516415953
0.051659681781780778
0.051646331683726412
0.051644055217589697
0.05164010533298475
0.051632990421668606
0.051630334617263351
0.051629650139418316
0.051624191650739691
0.051623328211758142
0.051612618567129738
0.051607951373810468
0.051598929121501748
0.051594291379079657
0.051584716780610843
0.051579987082780256
0.051566890843915504
0.051550082894222193
0.051540111306295731
0.051538430330708873
0.051536229476730748
0.051526205277601919
0.051521729862562135
0.051519671175586215
0.051512274225755161
0.051507568573703685
0.05150328201966739
0.051500336427439702
0.051500205387508879
0.051498219697895621
0.051494629983152428
0.051485609584676191
0.051468480282052233
0.051463095442644373
0.051461827270639991
0.051457712298402097
0.051449222192279966
0.051444828626950712
0.05143657360717558
0.051435276276695537
0.051429104440386314
0.051428947471470338
0.05142849619714597
0.051426905121316563
0.051418735260404601
0.051416507519998954
0.051387696083656072
0.051383575165086841
0.051369296183817477
0.051364902880690379
0.051364364869964839
0.051362938127455113
0.0513591099496509
0.0513531626002285
0.051350238818761107
0.051348347064338343
0.051325355937773584
0.051318494858270704
0.051314105560165191
0.051308988735313969
0.051306586896352521
0.051305652283295457
0.051302880932149741
0.051293859397602254
0.05129150574251521
0.051290607087241105
0.051286443793437567
0.051260826900041516
0.051259861248318717
0.051259280852988406
0.051255413138869006
0.051249630192063758
0.051243217550066888
0.051239184434205984
0.051232423436832361
0.05123159670598941
0.051220857506379711
0.051220460038799376
0.05121256539853402
0.051208771278094777
0.051192134365429201
0.051190887128794639
0.051188815536659528
0.051173427674877078
0.051169913049040776
0.05115228374494956
0.051136306913577102
0.051135457957036536
0.05112153642804157
0.051118038533673339
0.051105791260513241
0.05110312901001815
0.05108993935026488
0.051086721574133333
0.051083665029621562
0.051075621877784999
0.051073983780076875
0.051071284776503856
0.051058630785829839
0.051056057772652687
0.051055709804965904
0.051049144107485837
0.051047351351287552
0.051042088124041762
0.051037170932973767
0.05103385837828997
0.051032142447763933
0.051030862819406934
0.051029415000837339
0.05100714875524779
0.051006718793455225
0.051005843256251994
0.051001361673459304
0.05099453431834855
0.050980450395986893
0.050979801200289089
0.050965701132087593
0.050960318285737584
0.050959925786130789
0.050950779665304979
0.050949729992738196
0.050946091244902875
0.050942801206306468
0.050941777437874737
0.0509404373068068
0.050924862625157385
0.050916306451233094
0.050912029499062331
0.050910501169262101
0.050895776796454698
0.050893873929534719
0.050886612633130678
0.050872928845596924
0.050861402271780293
0.050849282846165272
0.050843066490647577
0.050842819720296507
0.050839944840240493
0.050830064771493648
0.050828601019150384
0.050824744037262198
0.050799806043536212
0.05079848873210549
0.050788550270538663
0.050786425969813011
0.050785672834806221
0.050779746400263129
0.050767799405557888
0.050766716758643721
0.050765165486008283
0.050761889784689179
0.05075738700102525
0.050754262442373299
0.050749323044737088
0.050746903924777466
0.050731786236505989
0.050730377619541016
0.050725274968769475
0.050720325797462627
0.050706086935179001
0.050705876634920446
0.050700498654319866
0.050679996613518387
0.050677880464118814
0.05067708965567546
0.050669012182595403
0.050668973062209993
0.050657547985764807
0.050647419215415906
0.050644758513335518
0.050625579337995233
0.050623777070222878
0.05061671000123931
0.050614869778285061
0.050608653480419589
0.050607130174915492
0.050604219023843426
0.050602859785773176
0.050600141193935952
0.050590466087854911
0.050587846600881649
0.050576797316787728
0.05055796964648443
0.050554309253453229
0.050542420165741425
0.050541749313477415
0.050538755302458042
0.050530580611550691
0.050519507408568018
0.050516311200154956
0.050515554000773968
0.050515261157008232
0.05051169481125093
0.050508977771368493
0.050501493989528995
0.050481810202867766
0.050480352431655724
0.050475812055294653
0.050473048741339364
0.050456095752985389
0.050442762033159935
0.050435515253878807
0.050432773225184975
0.050424758816343743
0.050423702269853425
0.050417265691762247
0.050414350892918423
0.050402493745039342
0.050378936728102924
0.050366193593519779
0.05036204989067123
0.050349770350499021
0.050339386270231601
0.050338567052566202
0.050335168715292193
0.050330583861143266
0.050316972970045462
0.050316452033671362
0.050300293214831919
0.050297821942032347
0.050289419643763954
0.050287756317507079
0.050280082487762681
0.050260935695643862
0.05025587393505955
0.05024907754945402
0.050233041762065993
0.050232070704314062
0.050231169984171452
0.050227792832792155
0.050227539515246042
0.0502250693077268
0.050224196350258841
0.05022347741907051
0.050209557741753397
0.050208984189157792
0.050207838324152085
0.050200695085839575
0.05019559367191373
0.050195381779564979
0.050189280686495343
0.050183764075355103
0.050183128846146327
0.050174387459708494
0.050166088102059692
0.050158285196388701
0.050157319378759828
0.050156578477930508
0.050153785483638511
0.05014449137238465
0.050142557760239202
0.050131275815515637
0.050129721375046281
0.050108779163907123
0.050104520235001976
0.050099933447606187
0.05008964761317649
0.050085903595989814
0.05008367692177737
0.050082373265007821
0.050080231005096849
0.050069233402947874
0.050055661309742844
0.050053286067400449
0.050046370353366017
0.050035872297969797
0.050028241382149681
0.050023629058196718
0.05000644106340222
0.049967544094893512
0.049965032374793626
0.049964377511856665
0.049961828229822397
0.049959850790211729
0.049948647639050839
0.049938032291400418
0.049935336363328829
0.049934387825877558
0.049931484807677756
0.049927435172678947
0.049926199332848337
0.04991403783539735
0.049912940525894949
0.049905598031532508
0.049904155298573095
0.049898624530735486
0.049897015104162862
0.049894662012208719
0.049888782424377914
0.049887989887206087
0.04988603414628251
0.049881159920972105
0.049864092839227346
0.049860401804650477
0.049848376781028533
0.049844572941239139
0.049843637299618257
0.049843333733718194
0.04984092728629861
0.049840019215185292
0.049834746367085785
0.049830213841835926
0.049827223364953252
0.049824267738914678
0.049819442735743673
0.049816036849456777
0.049811603693911202
0.049806138147751255
0.049804265015037388
0.049801143235874298
0.049789802493259351
0.049789293081912385
0.049784539099456994
0.049783955118481764
0.049781700589438101
0.049781338224623516
0.049778283185476467
0.04977068748357355
0.049763242438431693
0.049755873037068146
0.049752348409446909
0.049751329524583388
0.049738961526807783
0.049735914929998758
0.049734091418240457
0.049728885041840032
0.04971205167250866
0.049711412972782962
0.049707724364683292
0.049702094055759663
0.04969801537019717
0.049697760598829625
0.049690058749614525
0.04967858047057791
0.049656856558084869
0.049656572198024773
0.049656047986576551
0.049655889320896554
0.049652564250094899
0.049648096011292303
0.049644735688150782
0.049642906783584594
0.049638305223763945
0.049632184725116581
0.049630974613475376
0.049624159472286156
0.049616510720428927
0.049615555273089577
0.049608292495795306
0.04960427797767409
0.049590529754516326
0.04957195537852304
0.049532359487514353
0.049523534426031794
0.049509321308385361
0.049499374549514412
0.049472930609939229
0.049468267719633779
0.049466270858139844
0.049464144571442679
0.049462729826539771
0.049446470672778207
0.049442304654200138
0.049441874265849277
0.04942065292210869
0.04941972527350947
0.049414189488443526
0.049398413234334387
0.049394932195640354
0.049380587335128477
0.049372745052096212
0.049370337720997415
0.049361012539818554
0.049351696534405846
0.049351247694935207
0.04935035779230211
0.049349163445937358
0.049345105467379358
0.049343170892713464
0.049342681006394155
0.049335874012020851
0.049317222085737786
0.049302797631864965
0.049299059042080914
0.049275977708687163
0.049270462659488139
0.049266827708534265
0.049266289926037737
0.04926465096176446
0.049259079233715454
0.049256088189682017
0.04925497994172879
0.049245762645171678
0.04924524784952837
0.04924108262268255
0.049239949253746633
0.049238472718852767
0.049232901910966076
0.049227504813666584
0.049224890729160121
0.049222782318436721
0.049222586520043618
0.04922195715544514
0.049221129552078843
0.049219896586041555
0.049219843503312606
0.049210646474184029
0.04920450368384649
0.049203220437221952
0.049203076508173731
0.049202269170005294
0.049198664261687418
0.04919748303582816
0.049185050523220655
0.049184650298522321
0.049181621922302514
0.049174021204005346
0.049170349592237726
0.049163209390280203
0.04916317669908761
0.049147295064781792
0.049145157503261913
0.049144211790723563
0.04914372895095117
0.049142794418721027
0.049139699890984267
0.049127639516687645
0.049098875471734582
0.049089350581450836
0.049086322649205559
0.049080062955175023
0.049077678834178157
0.049075382457866329
0.049074064350299811
0.049071429519846409
0.049065668211641378
0.049047683974228068
0.049047064002320298
0.049042912572851892
0.049024144440580376
0.049021697683829704
0.049019555346333052
0.049004064678211168
0.048984532175172221
0.048982238241494121
0.04897716290748292
0.048974356540060611
0.048974315802404633
0.048948701436257673
0.048943574170242032
0.048941582231145794
0.048929590048938189
0.048914184127784407
0.048902108985717348
0.048887798124673934
0.048882951640757004
0.048878145241829644
0.048871359937124388
0.04885628067100313
0.048829186743540379
0.048829037630369672
0.048827774192736074
0.048797169915957714
0.048787488671457872
0.048778767235243305
0.048775588082002115
0.048775000742839844
0.048774626700866533
0.0487731948187052
0.048769485900912707
0.048756446643522793
0.048751707379873666
0.048750541179793876
0.048743493983431106
0.048736337571647366
0.048734697803817353
0.048733358048012404
0.048728588955860366
0.048722598900133356
0.048717006427319978
0.048715335725528858
0.048708176443333924
0.048695184025784426
0.048687701946969239
0.048685303238167651
0.048683199802617892
0.048676978314712988
0.048676765635746584
0.04867537376363839
0.048673049198331472
0.048667471900411208
0.048662684465329988
0.048661044589144685
0.048656891359018031
0.048650072034820135
0.048634384074734811
0.048623298346264408
0.048619835188096802
0.048617062883810312
0.048608800706240851
0.048605285225001904
0.048603826731769391
0.048600262499245622
0.04858751076412051
0.048584050561186011
0.048576808488141894
0.048573930267975317
0.048571971858515035
0.048568409022770258
0.048567011822421263
0.048564799162479397
0.048561029939911245
0.048555659749977179
0.048549480494572431
0.048549397724898379
0.048545536653275434
0.048541346097810301
0.048533749429591926
0.048526859231143839
0.048514885395923128
0.048510341266273606
0.04850625868905644
0.048500487356000675
0.048490894873469199
0.048489400465783719
0.048486932867145283
0.048484735272014676
0.048483530615872746
0.048478810246499991
0.048476470349789941
0.048470713887543752
0.048463108188195061
0.048453453689088051
0.048447614018192052
0.048446293765699221
0.048445452985693312
0.048445333725044303
0.048441573762537202
0.04844052009068342
0.048440496321696801
0.048413709751297287
0.048407478904735707
0.048399233618849465
0.04839756847870845
0.048382141088866709
0.048377228061883645
0.048372280199870672
0.048361409299188585
0.048351681133747472
0.048344993637918748
0.048344898134917637
0.048336525918023919
0.048333862291133178
0.048333422816551584
0.048332875979700339
0.048332846329309856
0.048328889671210358
0.048320476674865699
0.048316368582489604
0.048316202598130749
0.048311990120351478
0.04829265589706086
0.048288203644668834
0.048287251020189076
0.048286107211523127
0.048285994525374659
0.048284940240166857
0.04828064945739368
0.048277177102535401
0.048276987467446061
0.048273350409998368
0.048251268067237063
0.048243674759180843
0.048242739947150039
0.048237330593535931
0.048227601811048938
0.048227562633933914
0.048221439933779413
0.048219022953584129
0.048215110709264514
0.048213728054119907
0.048210456516952653
0.048204270623135682
0.048200373431179964
0.048198732699317973
0.048192176785725883
0.048191773932962971
0.048189263810624404
0.048188834981549127
0.048187625352223179
0.048182095467080951
0.048179513505003588
0.048174535408585878
0.04817367031311301
0.048173617019894477
0.048170988736389128
0.048165688608771642
0.04815847787157277
0.048152322173145988
0.048151786720082072
0.048151584884035967
0.048147054113102966
0.048142482085192187
0.048135789163308976
0.048134824631959457
0.048125764634147576
0.048119952787490212
0.048117226202956026
0.048111613531230571
0.048109561323444947
0.048107982180311488
0.048105176098713669
0.048095390540511436
0.048090728091775864
0.048081403865757169
0.048076924753340917
0.048070670173565658
0.04806655237204259
0.048055849523563607
0.048050318911465835
0.048042714051823095
0.048025315753020596
0.048023412785685067
0.048019787897862952
0.048009610743396255
0.048005466374352906
0.047992138977322928
0.047972636781559934
0.047962305669925251
0.047960444475871229
0.047945947089839319
0.047940779579055591
0.047934156789585763
0.047932678113716029
0.04792927902388007
0.04792525412676648
0.047921106908928104
0.04791909251169367
0.047903867785347311
0.047901816808211407
0.04788745130985099
0.047886162832249772
0.047883609061187986
0.047877943942398894
0.047876042224129972
0.047867899991868773
0.047859788092654898
0.047850443617211261
0.047848016407785271
0.047845316901061502
0.047844188433226784
0.047839833955962675
0.047839681203499393
0.04783928550795704
0.047837298407094796
0.047833118204206569
0.047824752389534889
0.047824519595835703
0.047817107678718024
0.047816795919960908
0.047811492615909224
0.047811056658040536
0.047805812639501809
0.047803757445396756
0.047800369001628651
0.047797520310886521
0.047796402374218339
0.04778673313296386
0.047769622025656322
0.047769396440501988
0.047761699362808906
0.047752657259364353
0.047748146772738496
0.047747013662147265
0.04774397403001783
0.047735593337743465
0.047730808993651563
0.047727227663012198
0.047721018283984333
0.047720177544582014
0.047714294085818634
0.047700660128083654
0.047700077757307967
0.04769434680647109
0.047692713406244584
0.047690284444758375
0.047688364500868601
0.047671093967321596
0.047666922578116028
0.047665295939490177
0.04765028545763092
0.047647951695313225
0.047646650155192663
0.047627841505810974
0.04761497210650021
0.047597491009610519
0.047593809026279701
0.047576460668146393
0.047567481859968806
0.047567330883197992
0.047564378024721431
0.047553995781123404
0.047545685862758452
0.04754014647309536
0.047534406101083122
0.047534131132695029
0.047532409385663811
0.047516237432439046
0.047512692033968823
0.047507956315955682
0.04750494602214065
0.047499139891222716
0.047497273409869971
0.047490506049130292
0.047489217182921546
0.04748727773440161
0.04747709325488169
0.047476857631897393
0.047476586302680999
0.047474998524175215
0.047472272610135181
0.047466533414606972
0.047463754314666456
0.047454610361006198
0.047445342045925216
0.047444020741441516
0.04742697207967933
0.04741964092199203
0.047418518105317359
0.047414253871686157
0.047408047253655383
0.047407148706061976
0.047407141047041634
0.047403068007355519
0.047385329917028929
0.047381873257648394
0.047368644633114222
0.047362362049465166
0.047360435481120164
0.047355346259736579
0.047354529971684732
0.047352160172634092
0.047343664076511811
0.047343191335513651
0.047338162233937789
0.047329866975944303
0.047318614053757244
0.047311150460982797
0.047290446334069071
0.047286797984597131
0.047283542682280126
0.047282482195888792
0.047282082648034476
0.047281930329033585
0.047281269907532703
0.047277393456961296
0.047272595035945927
0.047272114756596935
0.047266719172780997
0.047258791985046456
0.047257955298076519
0.047257498942776102
0.047256642104679905
0.047251203460700594
0.047243787141243013
0.04724370539978822
0.047243351814509248
0.047241801187390249
0.047237379884289582
0.047227959252351785
0.047216290032951393
0.04721485240643878
0.047211021798765684
0.047191503530969361
0.047182488990400541
0.047181021719445382
0.047170548147459357
0.047165328394194642
0.047151787899691072
0.047147815306854489
0.047141928704213958
0.04713214064585608
0.047126901459480404
0.047124581556026661
0.047122700218131773
0.047120436247005751
0.04709721936071689
0.047093035682462321
0.04709188763180723
0.047089288203713338
0.047087977365369578
0.047084192996007836
0.047081506507902146
0.04708018956394433
0.047077095079456559
0.047073583390942024
0.047069970471068534
0.047067137543871214
0.04706329958922998
0.047062512750804704
0.047056447422501611
0.047050878310050288
0.047037377763183084
0.047026360581933553
0.047021809748917995
0.047019051826412715
0.047016346681410567
0.046995324427422783
0.046987243409812605
0.046973432624658133
0.046973420095967507
0.046972505838508108
0.046970696020321764
0.04696723221785877
0.04696631418418145
0.046964972819917981
0.046948979592228525
0.04694145480620257
0.046939884621074145
0.04693947458205313
0.046938170934389498
0.04693404481978259
0.046932906729276282
0.046919156299462944
0.046907989096411681
0.046890961344356517
0.046888288088217607
0.04687484143966069
0.046868938369097585
0.046860768400361512
0.04685643412053573
0.046854340309606946
0.046849919437597247
0.046847743843679956
0.046844473251399107
0.04684372210435326
0.046842769253425176
0.046831105125204622
0.04681721081835908
0.046812610877053712
0.046797936900317083
0.046796825226718339
0.046795292176708879
0.046793287765122732
0.046769434401603471
0.046766138549509825
0.046761000067212399
0.046746092321984796
0.046743056581414845
0.046734638611655055
0.046727970958572847
0.046721561137061475
0.046718753077612453
0.046716606986995202
0.046712076547220732
0.046708998613589903
0.04670023552751297
0.046699756604318944
0.046695626300603144
0.046695418501857544
0.046692590408648114
0.046689949924963614
0.046684705528953353
0.046679327864934193
0.046676912865146677
0.046676437780590239
0.046662943133780846
0.046661774705032036
0.046653321567533254
0.04665206690858411
0.046650837981612632
0.046644784907398776
0.046641456864163162
0.046641008805340022
0.046629291044240455
0.046625764088389691
0.04662571318428143
0.04661784385521265
0.046582740838888761
0.046582729731884411
0.046579119370060589
0.046578756675314151
0.046575091602102235
0.046571536300003276
0.046558662051869128
0.046552203968343552
0.046550377909692388
0.046545736420920331
0.046542806274554809
0.046541864645186039
0.046539022247499104
0.046531120990116664
0.046521055645108562
0.046510843005022041
0.046509303442726871
0.046506059855083895
0.046498283744371684
0.046497353809279142
0.046490031479025251
0.046477112001551968
0.046474111738228567
0.046473891689426179
0.046472999986684617
0.046463882767911927
0.046462686506158153
0.046448541073502603
0.046445854757372798
0.046445046211962389
0.046439349422793291
0.046415970465311901
0.046391163577968943
0.046388112533352475
0.046380516077608798
0.046374511076949891
0.046373622885202088
0.046372798654435714
0.046370948907290238
0.046370308784931077
0.046368549738181608
0.046367505107312676
0.046362563511876002
0.046361391759140738
0.046358944920963353
0.046347206161562578
0.046346352800724966
0.046345874613490719
0.046341590730712839
0.046339665539903027
0.046336747356725626
0.046325682610608508
0.046320895044017436
0.046298523405004975
0.046289228436196386
0.046284297988105204
0.046281258250347082
0.046277522266750581
0.046273064996932609
0.046272783751609238
0.046270311903468565
0.046268619853744176
0.04626743065401507
0.046267155233461525
0.046258985676105854
0.046257256329481175
0.046253516954398333
0.046252780317060288
0.046248754887202773
0.046244970521850823
0.046233818546040667
0.046206960930332899
0.046200412933010221
0.046199365702325482
0.046192002691404332
0.04618655367003506
0.046185084510916852
0.04618086692124939
0.046174267238895339
0.046171424282491623
0.0461682633575735
0.046164879410585564
0.046164408481105659
0.046161124495330219
0.046152161302456141
0.046148912227266116
0.046140128997256682
0.046138742963227564
0.046137089454241657
0.046129661744218953
0.046122440089924624
0.046113741331084111
0.046111865293626993
0.046106481643537083
0.04610340535900314
0.046096813704586369
0.04609266524300009
0.046092625024359138
0.046092173684276649
0.046084360780436776
0.046082758855767521
0.046081768119102057
0.046076924160166247
0.04607477778075332
0.046073351064451276
0.046070438022191899
0.046069664856781163
0.046058386082661058
0.046052687737140219
0.046052033842824101
0.046042766655431409
0.046041549329974361
0.046033013115528897
0.046031194210181481
0.046027962058185039
0.046023945523880609
0.04600711805264001
0.046007113388158216
0.046005621397149074
0.046005375546772018
0.045997735907265754
0.045992253641462727
0.045985832238890967
0.045983397289264247
0.045973914529236964
0.045967798867012084
0.045962184424183365
0.045954968291763466
0.045951408480966294
0.045948285746638791
0.045945564374575039
0.045943907252340543
0.045941083236251047
0.045938959409813733
0.045938109508644701
0.045936770234833828
0.045921804992960169
0.045920467777615152
0.045916300914877015
0.045914189377720599
0.045909955894774007
0.045908191957912507
0.045903962724124656
0.045901596548875823
0.045901132064240159
0.045896021137585973
0.045894567946475784
0.045882371651926247
0.045880766594806666
0.045880283062793056
0.045873184928146897
0.045869468587680415
0.045861359838803295
0.045860117410048466
0.045858169289159652
0.045856119531459863
0.04585476140515303
0.045844133163367801
0.045826244696536692
0.045819271179848201
0.045818049578656553
0.045815938250012657
0.045802347791695265
0.045801727021849661
0.045795813834791137
0.045784140565072864
0.045780686231443039
0.045774462519844669
0.045769041084960743
0.045762736622383865
0.045762348930060877
0.045752422900955048
0.045742162405098978
0.045741959714370388
0.045738705056796267
0.045737986640178085
0.045733962888203923
0.045732124296354787
0.045728600393109511
0.04572394693070754
0.045722672978526037
0.045719479363777474
0.045719162024235545
0.045718906239232901
0.045717112112929156
0.045709422931590318
0.045708135375532068
0.04569605779972185
0.045695182059838059
0.045688844482260821
0.045679069168074696
0.045673872763813968
0.045668676725789004
0.045666301784322377
0.045657928365269503
0.045655771802197972
0.045651590571793486
0.045647709421795996
0.045643172558793438
0.04564251018797439
0.045638855025881726
0.045638326472304681
0.045629617587617827
0.045619461759763849
0.045613461760143893
0.045598527211458177
0.045596260093626662
0.045595586500742601
0.045593596851371418
0.045591774292090624
0.045589113752351224
0.045586505855256899
0.045583043344588368
0.045580808238531924
0.045575217828283679
0.045562362546817496
0.045546492738583674
0.045508092710650816
0.045504966089516062
0.045498383939328854
0.045493181221764073
0.045491361604887745
0.045487275550598394
0.045482032500178834
0.045479809631311235
0.045479177991786114
0.045473304829508482
0.045469702261916246
0.045462053323631083
0.04545521551632524
0.045455071662238472
0.045445687578061174
0.045444961593835431
0.045439394165041475
0.045439355274618447
0.045436005201723334
0.045420538731772521
0.045418018630776276
0.045415475177592847
0.045409994823877496
0.045407904456041398
0.045404638576669057
0.04539858311968191
0.045390909935532298
0.045390199377754993
0.045383430320349312
0.045369915944971348
0.045368068609127329
0.045367460102682201
0.045358693565933202
0.045351254860112246
0.045347848959897012
0.045345789599376921
0.045344344069333138
0.045341005879673178
0.045338826950536121
0.045333762657046799
0.045324506744656073
0.045313900796036075
0.045312890165290803
0.045312427426616585
0.045292369552436339
0.045287496044848802
0.045281664442582324
0.045266126508452957
0.045265334638288683
0.045263701180797297
0.045260539103589043
0.045255641381925185
0.045253534759726252
0.045238592898199141
0.0452351495318341
0.045233313609515484
0.045226541557852655
0.045204110147636194
0.04519015166894777
0.045183158167990477
0.045177542170678139
0.045177328347559505
0.045175291452000672
0.045173584156483773
0.045171880358873512
0.045166164088458867
0.045161863879145739
0.045161227098552872
0.045154581843282561
0.045153412029735003
0.04515289981936188
0.045139926760074639
0.045133495077256135
0.045132179242766302
0.045131727996771044
0.045115215114612542
0.045110512395313031
0.045109270185579843
0.045108462361740403
0.045104701564375613
0.04509878175025913
0.045097920456487674
0.045097572398146872
0.045085275348250277
0.045083641096076599
0.04508000852137202
0.045075440472965939
0.04507216335793926
0.045069666811606443
0.04506515319606523
0.045049575740412164
0.045048230109856334
0.045046499288820027
0.04504546517871251
0.045044863595473078
0.045044367636049985
0.045043158004250246
0.045042556243145265
0.045040423914066395
0.045035655071052685
0.045034888891859234
0.045026689312347816
0.045022157984913977
0.045013526020106852
0.045003086880876536
0.044998442853197484
0.044996355299811941
0.044992350868186093
0.04498640979481397
0.044984161249876198
0.044973670581917154
0.044972492390601734
0.044971285979438995
0.044956357606695994
0.044951717488935533
0.044950771062325527
0.044942116971476154
0.044939889625150657
0.04492735437558075
0.044925894810947643
0.044922801444247783
0.044921367833938623
0.04491809890049403
0.044918011017295333
0.044912450844594068
0.044908164034285297
0.044905793925746396
0.044905680233628037
0.044901814919541184
0.044896899663743661
0.044890795898507668
0.04488413381088481
0.044883933770387054
0.044881909586938537
0.044873451133171316
0.044863368312609113
0.044859157053712163
0.044857770418782708
0.044850138695029212
0.044841768420892401
0.04484112305344648
0.044833302482622787
0.044820916812413104
0.044818349493731376
0.044814997280347449
0.04481476777016774
0.044809152017132967
0.044806611592027305
0.044802693555621748
0.044798648531751389
0.044795489716527678
0.04477902917190893
0.044775373740341566
0.04476997921031417
0.044768278561594557
0.044762755290490987
0.044762162329271778
0.044758743962395965
0.044756124883991867
0.044753140234364719
0.044752400540370982
0.044748408051747894
0.044745854011695979
0.044743272417290314
0.044740596144118107
0.044735660784568636
0.044735500262125139
0.044708799946400077
0.044708448114565598
0.044706563963896565
0.044704568626319635
0.044693686276102963
0.044691208421148647
0.04468589875533726
0.044680520015765286
0.044678684999822638
0.044672023790499206
0.044660993098117108
0.04466036610179186
0.044651686774247967
0.044644455002458339
0.0446369627267659
0.044631708733772493
0.044629446555509961
0.04462146009272136
0.044619450618679141
0.044618763431349004
0.044617738685021273
0.044610733695887674
0.04460958833749544
0.044602121619208693
0.044599168078622999
0.044598650462722073
0.044591119654082599
0.04458840585038909
0.044584739575992058
0.044578941049453112
0.04457770580414213
0.044577081353476523
0.044571870141309769
0.044564987853237932
0.044552611482276502
0.044534933413577692
0.044534260072033163
0.044526185545579078
0.044524284245644592
0.044522980928178787
0.044522529633982635
0.044519869090524467
0.044518452018651442
0.044511899743729912
0.044509681066560565
0.044502302925078188
0.044495066564907863
0.044492898646492578
0.044487123314302636
0.044483196078054572
0.04448227556319883
0.044473021428000171
0.044470981900161514
0.044455347855635763
0.044453148267140793
0.044442110962830531
0.044440788756588682
0.044439505547004342
0.044435517354791468
0.044425595218656813
0.044415454672969874
0.044412600211339096
0.044411687248264997
0.044392878577230607
0.044379563870234284
0.044377751708495727
0.044376381617125253
0.044375998131523507
0.044375630575613674
0.044372911683366434
0.044354898628768666
0.044350064060041536
0.04434967704029822
0.044348626383822407
0.044334071500291332
0.04433317853909452
0.044330416451542634
0.044324361555992356
0.044307752062670583
0.044299478236513042
0.044299108828566774
0.044298757498712829
0.044298340595696636
0.044288292235985544
0.04428432258718825
0.044281712271948458
0.044276145021282472
0.04427412124974657
0.044265115051929621
0.044264262153151053
0.044255382802041776
0.044255340632670358
0.044253507697800669
0.044250447271125717
0.044245068987745807
0.044243991730571794
0.044236737335900479
0.044235096075447879
0.04422637870205081
0.044219438010251945
0.044216446551576236
0.044210734917668498
0.044210539135362853
0.044206920717037905
0.044206558719413529
0.044201728682101704
0.044201722754059695
0.04419519952774522
0.044189122127991635
0.044187828026460742
0.044179380003537459
0.044178152552536702
0.044172478760281228
0.044170790594480286
0.044170320460163649
0.044154689308219371
0.044147539546165036
0.044137113805942201
0.04413378893874606
0.04413345381393393
0.0441327256350868
0.044130440521622558
0.044129649898615286
0.044127254190816929
0.044110947852461592
0.044110385737724231
0.044099032061198522
0.04409826136477258
0.044097520300321512
0.044096215073245563
0.044088905389771553
0.044082122481360834
0.044066593557282818
0.044060003715703656
0.044051591631753331
0.04404273881676822
0.044040619149493573
0.044035586696732708
0.044035081928575158
0.044034884798595103
0.044030979690378058
0.044024725033394427
0.044024412928207732
0.044008625298481874
0.04399820359340377
0.043995658965370145
0.043995429257066343
0.043992070213224217
0.043989380413739572
0.043985288335445141
0.043985045896351931
0.043983906438996336
0.043981674052128848
0.043979284274240117
0.043973877509754809
0.043961257795307088
0.043961203070588928
0.043952086066994932
0.043948035356898646
0.043942679602579297
0.043941571743041703
0.043933751433238105
0.043928157958828054
0.043927281741017024
0.043912023461288814
0.043910896843207523
0.043908212227487468
0.043899977626646727
0.043885295836107577
0.043881119462899944
0.043879078796823463
0.043866897437977184
0.04386529383870847
0.043863102116510608
0.0438582041433263
0.043856768824848576
0.043850180953101031
0.04384614833210692
0.043844982475563739
0.043835818371678006
0.043834007043322631
0.043829120987379649
0.043816109613688148
0.0438157040093589
0.043808865574133243
0.043808482704566283
0.043806999596291016
0.043801246951204791
0.043798028535207756
0.043795943157676452
0.043792485065394078
0.043786214345780373
0.043785670945268924
0.043783957236981773
0.043772143683727775
0.043764660509296262
0.043762590016844058
0.043761974970698725
0.043751802243825702
0.043738807464974765
0.04373557410833108
0.043735113070088309
0.043722030455203439
0.043720793909892162
0.043716758883504986
0.0437036846520822
0.043702525893339478
0.043700732679204844
0.043698948718399834
0.043696033247027498
0.043689230194038205
0.043683326559868382
0.04367015653587783
0.043669633927666651
0.043665684821573819
0.043665099008359368
0.04366455747579491
0.043662333050292219
0.043659332277822108
0.043658044169732589
0.043655671317589594
0.043652269055191241
0.043651501106426328
0.043649270973472994
0.043647074290507855
0.043642744273057435
0.043637012658870537
0.043634254367661815
0.043629776560335974
0.04362560759450216
0.043620944210739414
0.043620174189277917
0.043620147376287034
0.043616384744655734
0.043612377398686564
0.04360706967604052
0.043603072591500258
0.043596237337829462
0.043595356789388744
0.043594739497543326
0.043574234975823439
0.043565149848339334
0.043564898929742683
0.043558216261632289
0.043547796352930268
0.043546292085912278
0.043544465343954578
0.04354186477798544
0.043533150661344985
0.043532848567508428
0.043530183466458074
0.043513348508661495
0.043506082135846988
0.043505807973578461
0.043483484374831585
0.043481647708636245
0.043480317353280486
0.043468515840347589
0.043462596452992004
0.043451923550126982
0.043449291660177497
0.04344715846754512
0.043441059524845532
0.043429788371399415
0.043427882284868123
0.04342711892620453
0.043427101034806966
0.043426982047512344
0.043425118551320696
0.043419293983083647
0.043415086494278061
0.043412131502337026
0.043410993919285344
0.043391311346412671
0.043377801476796714
0.043373321572968998
0.04337168890038872
0.04336208431545728
0.043359573994789145
0.04335384097373484
0.043344971450691286
0.043344636698377119
0.043337915011379985
0.043337649598777443
0.043336130776616841
0.04333224791172078
0.043331657387156754
0.043328534332214133
0.043327920718910597
0.043307117803064399
0.043303730206481691
0.043297705714412472
0.043292352023644703
0.04328959638704466
0.043258406781741726
0.043257600609963621
0.043257478975091371
0.043255635618984038
0.043254044623563061
0.043250308699328305
0.043248703736995076
0.043246375317923406
0.043244287532030551
0.043244268077749788
0.043237869227508843
0.043229985446518515
0.043224929263300647
0.043215158953554503
0.04321128752385741
0.043208281071013883
0.043201411808705965
0.043190349291248806
0.043177767041832842
0.043172439887568186
0.043170926583961787
0.04315784568962483
0.043156048604076951
0.043155292879447325
0.043154041907333344
0.043152155757343484
0.043152104895157757
0.043141560422705262
0.043139329007479736
0.043137888463155
0.04312402883520694
0.043113297694245205
0.043110001663672091
0.043108897910446101
0.043097067197631324
0.043095595391469253
0.043094218533377797
0.043086045457827259
0.043081115335895474
0.043080649928360908
0.043080349428292933
0.04306784403510551
0.043065568695729341
0.043053992625784972
0.043046899683777604
0.043042769393975111
0.043033373620953837
0.043032502526541921
0.04302644801797794
0.043026092320781355
0.043023185679443583
0.043019956954746461
0.043017834782810405
0.043017444698770564
0.043015690144852056
0.043001813323440427
0.04300139179437696
0.042997659877629379
0.042997416661251189
0.042996690642652241
0.042994507517830231
0.042991062502065289
0.042982589743825926
0.04298123922205177
0.042979617101878372
0.042962036379655261
0.042953942699639557
0.042948719589118382
0.042948078101006058
0.042941685495051334
0.042939707831245261
0.042937458535176824
0.042931240308795755
0.042929344467640809
0.042920296446090793
0.042913819699627265
0.042912712273238535
0.042912455435458609
0.042911374822639244
0.042907114965160142
0.042903240066181049
0.042901463345465032
0.042900159281507429
0.042899364291110291
0.042898084800031787
0.042897214110021502
0.042891367325943966
0.042883967399844639
0.042878285899841266
0.04287190103219362
0.042870404107093349
0.042869851216244877
0.042866807116778718
0.042860010542976494
0.042859585430080643
0.042856231937133706
0.042845220483048826
0.042843841662076186
0.042822586284617901
0.042817080798787467
0.042816827607346286
0.042814852886674748
0.042809836145775895
0.042804404691264973
0.042803653545111918
0.042793001408606757
0.042791621609822611
0.042786896984460109
0.042778961860924815
0.04277372608662456
0.042773706198415022
0.042770824734240667
0.042764602405958196
0.042764007242999953
0.042759069702385279
0.042736997715476496
0.042733542727187282
0.042726644193410206
0.042725541756895219
0.042716466336451792
0.042712557210917414
0.042709322930389565
0.042707032608582968
0.042700759486283185
0.042696292922681039
0.042695348503227828
0.042677690464565675
0.042677664039409417
0.042675190526004117
0.042674787234237184
0.04267201852700294
0.042671087888301283
0.042668003399202938
0.042662783223166641
0.042658114168730617
0.042657276080186234
0.042650201119280494
0.042649368245138611
0.042647135524270491
0.042640927181345399
0.042630957553641498
0.042604769091058918
0.042594943874810373
0.04259241068464964
0.042591248810857303
0.042588373890215608
0.04258044193973156
0.04257368124420316
0.042573086389637763
0.042568035453760568
0.042566822564041124
0.042565510766680213
0.042556652001597688
0.042551219680994769
0.042544456416315664
0.04254276006090503
0.04253552767900376
0.042528221696314594
0.042526310543723495
0.042520141975228166
0.042519126155597581
0.042515233675009159
0.042514735026107892
0.042502193977644681
0.042498164579885679
0.042494291387088837
0.042491155154931876
0.042484552483271695
0.042481816363814436
0.042464366463401543
0.042460097035156935
0.0424589647542431
0.042457702522664231
0.042454727955154772
0.042450459440139185
0.042441094396316367
0.042439720712722402
0.042424734935696422
0.042415647975335431
0.042415227258553186
0.042409533354874157
0.042405502345952112
0.042402623055879933
0.042390921135493455
0.042389939266901822
0.042386855579089465
0.042381022619896042
0.042378137264307732
0.042368897671270993
0.042350849635812336
0.042334954458594434
0.042334685234476081
0.0423273357693369
0.042323350093368101
0.042317384923794957
0.04231582182581313
0.042310028836038037
0.042305574874747273
0.042297400226693281
0.042297270437534687
0.042282532250843004
0.042280007884881558
0.042271482599493052
0.042270344805288476
0.0422620415953728
0.042257237505850531
0.04224428609805668
0.04223846707302864
0.04223352422896904
0.04223329025511588
0.042230994805301313
0.042228209810539367
0.042227719131033681
0.042211363901070255
0.042210557239983092
0.042210085005659301
0.042206727679455609
0.042206143249212083
0.042203515028165349
0.042203464520398491
0.042194652837668899
0.042192594230304012
0.042192492510944771
0.042191216769154265
0.042180529441421269
0.042177044559150056
0.042174140426223611
0.042173830424941931
0.042159152521206479
0.042158216326767091
0.04215168779981638
0.042144189188588685
0.042142971575282122
0.042130788902437231
0.04213021786853046
0.04212521862277549
0.042124895968203492
0.04211928286150643
0.042118260705476265
0.042116726922340891
0.042111510994367968
0.042110035387751023
0.042104827983272933
0.042104797010320535
0.042098814210177915
0.042094362564905792
0.04209274469954255
0.042087956542758799
0.042084467724635019
0.042076413745800456
0.042062114510085603
0.042050624504956995
0.042049461483561167
0.042044789667262383
0.042043710807064399
0.042037491750757348
0.042034083948370549
0.042027948378562739
0.042024182152508249
0.042023905182898495
0.042018031536937131
0.042016195580879566
0.042005939382109649
0.04200478801731751
0.041997264091362944
0.041993957303872544
0.041992708209232552
0.041982267856253627
0.041981262519909156
0.041973890607110154
0.041973518528515774
0.041969211578747362
0.041968599957244182
0.041966455817850114
0.041959766600524216
0.041958060611199055
0.041954074750557686
0.04195186886776494
0.04194930894427841
0.041949244534160338
0.04194615808456735
0.041940967290405744
0.041936574352280494
0.041933602923763656
0.041924333732242566
0.041923189094023552
0.041922369543101919
0.04192186260492356
0.041920880546864069
0.041916890045050434
0.041913678879869354
0.04190750600057272
0.041898193987498757
0.041896681453214554
0.041896039969810277
0.041893093497385833
0.041891429241628413
0.04188922928619588
0.041886386976622308
0.041883507144850778
0.041877651784917223
0.041875877629692117
0.041872418645333261
0.041871543641921798
0.041870057857332187
0.041864440876895462
0.041862174821909577
0.041862171425027038
0.041850848375508801
0.04184714898367705
0.04184482956974183
0.041842796807095045
0.041825393984217724
0.041825303909053417
0.041824759186001079
0.041813604034033752
0.041808620210644652
0.041805012207521426
0.041802702759757296
0.041799912992023396
0.041791184456359806
0.041790634907309665
0.04178811294915806
0.041787016998636337
0.041784039344274715
0.041779182300211284
0.041778506081744222
0.041776464482749215
0.041774996673862475
0.041772764311726322
0.04177216280730546
0.041762811226613593
0.041762217996142159
0.041758415100565036
0.041756569779716715
0.041753716383029438
0.041751379804628952
0.041750404086600627
0.041743778751152191
0.041740430296055654
0.04173961956357148
0.041736252302353401
0.041725595025538013
0.041723514052912893
0.04171802577770501
0.041714835410562166
0.041710211864177386
0.041705946661128285
0.041702135115829653
0.041699563560579321
0.041697302561264728
0.041676493288058662
0.041674424288732789
0.041669448211059314
0.041669036411406755
0.041668597668779339
0.04166480838175713
0.041660700430566078
0.041651622216517796
0.041645176249150866
0.041642716388190663
0.041639025773988848
0.041631562763450022
0.041619151169869292
0.041613870401330445
0.041612541548402458
0.041601630596954486
0.041589354002120549
0.041587320399262516
0.041582601747169795
0.041577100841282959
0.041574503227719203
0.041572603681561106
0.041571662008042687
0.041570590961701986
0.041568357344195041
0.041565965207564587
0.04155574791762276
0.041555257386209798
0.041543307665084822
0.04153966013349597
0.041527497790428171
0.041522810126722307
0.041515479010452133
0.041511115214059285
0.041496860292541821
0.041496045694670233
0.041495224572954167
0.041489696348251059
0.041484745760335708
0.041482879920508031
0.041481629658861235
0.041477439871066314
0.041473282645994945
0.041471668467840103
0.041471375636189162
0.041470475573003818
0.041461377865123279
0.041458032657577353
0.041439622954629357
0.041426416441032905
0.041416621170432169
0.041409567814455372
0.041407717654000191
0.041403543723280006
0.041402206411286779
0.041395140471581146
0.04139425884820052
0.04139328740114373
0.041392033276045362
0.04138915475046466
0.041388408519870634
0.041387930465108067
0.041385554353298042
0.041384382166023283
0.041378011686696248
0.041368749478904815
0.041367333270814238
0.041364828697695089
0.041359183565902187
0.041356707470395729
0.041355079974809819
0.041347723643022589
0.041340938263022577
0.04133941132322632
0.041339264518945561
0.04133374406828428
0.041332706368640504
0.041331145456974243
0.041330318726058024
0.04132180926131588
0.041321162310968454
0.04131847146828533
0.04131521756838423
0.041313728850598093
0.041302135095309556
0.041297782698401106
0.041297722207973134
0.041295740318956296
0.041294655005401325
0.041291140689616243
0.041284800576019194
0.041283660618623798
0.041280465509087011
0.041276379440526534
0.041273682396317748
0.041266235249567164
0.041258627942596167
0.041247205226728312
0.041241437947150072
0.041241018519020428
0.041236449290726243
0.04123525604211821
0.041231726578537999
0.041223102050568401
0.041222853523023802
0.041219851101173113
0.041217132394039152
0.041205502390176132
0.04119626235493256
0.041195544689843211
0.041194025329507236
0.041191077690180058
0.041188086097568161
0.041184909960581856
0.041180025896157969
0.041174869100562249
0.041163403669316735
0.041154872789076938
0.041149073505459079
0.041145059759838842
0.041139342869922602
0.04113503748932449
0.041128959892145621
0.041123421639134156
0.041121996012008021
0.041117134932637578
0.041115730521680549
0.041112440246383761
0.041107212424282752
0.041094204040117141
0.041085089756861391
0.041080391442397383
0.041077848079654367
0.041070508682914404
0.041061648867931205
0.041061635197626921
0.041052623903940329
0.041050767877262646
0.04104378003593262
0.041039440164636953
0.041038299666914489
0.041037505944327965
0.041032254546676895
0.041021935136858041
0.04101810424181021
0.041007728237532702
0.04100073966554612
0.040996727084162209
0.040996140402450809
0.040995165490249029
0.04098801490134079
0.040972507651436105
0.040963813108663094
0.040957901677158681
0.040948940150487868
0.040944564306787175
0.04094213316713171
0.040927737739807547
0.040927272943318965
0.040927190890935765
0.040926411216054857
0.040922040666351807
0.040920438220948464
0.040898119448698686
0.040897224804326768
0.040884136929511532
0.040881584029205609
0.040880724104384043
0.040876850471743019
0.040876169975336253
0.040872599158783052
0.040866412369201424
0.040865292790173979
0.040864517128276073
0.04086410141313819
0.040861269621097346
0.040849181918409451
0.040848879503457634
0.040846144378964937
0.040844434658116879
0.040842125131369818
0.04083976865140268
0.040839428172960351
0.040831657003694267
0.040831331035099006
0.040830393357464793
0.040829949390612429
0.04082762959732357
0.040826006328999652
0.040821557968259203
0.040818640437723382
0.040814980387915159
0.040814927655179752
0.040812954211968809
0.04080870785884258
0.040807481499043091
0.040806485457518367
0.040795701653142766
0.040787281066997645
0.040782200832664151
0.040779999710193152
0.040779919795144136
0.04077556259971369
0.040770968507651426
0.040770559724126187
0.040770127645418923
0.040768900715990632
0.040762045993952396
0.040758728875850789
0.040741006651945688
0.040739785393699705
0.040739516205696179
0.040734519841957702
0.040730769552359151
0.040725305264017686
0.040724017849558751
0.040723565066771675
0.040711614295213694
0.040710141602451788
0.040700029530604073
0.040699060229169276
0.040691493449687859
0.040688005292114797
0.040687708904037036
0.040685768602894523
0.040674640581936754
0.040670345309380414
0.040668006840116316
0.040649322829366605
0.040639867420575834
0.040635614395233645
0.040634648188171571
0.040631401592963731
0.04063012551931991
0.040627989838760502
0.040619496307105436
0.040618187635880647
0.040617791693992766
0.040611019379948453
0.040606584510321064
0.040603543140494504
0.040588418430619652
0.040587542876363507
0.040587059227240881
0.040584123174921993
0.040575102266173751
0.040571752959628289
0.040567664175951861
0.040566585610724258
0.040558782067756309
0.040556374063565853
0.040553346604270124
0.040549760795780938
0.04054924409781302
0.040539251679412899
0.040536715605869661
0.040534968389742923
0.040533851748078512
0.040533822131933739
0.040532966875684202
0.040531437240425662
0.040518764295684656
0.040518610906530174
0.040517538904494887
0.040511615972135512
0.040507407973776013
0.040507077132915084
0.040506078665558602
0.04049426520674889
0.040492449154120279
0.040491832858718511
0.040488528703821768
0.040485471679712545
0.040482877384384323
0.040480165930729617
0.04047312556863731
0.04047191731372185
0.040470305596795708
0.040469471305028655
0.040468492832330831
0.040465985870992052
0.040464342175795961
0.040460418796646226
0.040459925600781516
0.040458713390496899
0.040458591140022579
0.040450568214178424
0.040448210099587163
0.040448075672880904
0.040432115111344272
0.040429441742806119
0.040426505372483372
0.040422291655775038
0.040419971574560849
0.040418180908241987
0.040415544746812082
0.040414073565024834
0.040405539542427739
0.040392920156467602
0.040392296824169491
0.040386703066261673
0.040383343696606677
0.040382525759297204
0.040379681538306227
0.040376563740662376
0.040371372857708865
0.040367403865943507
0.040351633275383922
0.040350080673381666
0.040347085344941011
0.040345770684413459
0.040345403242668366
0.040343312634864861
0.040340694176164496
0.040336777246649053
0.040336585605268808
0.040332181120778569
0.040331581749562473
0.040330621084026463
0.040328161233056339
0.040328093063754233
0.04032705715597406
0.040326041693481418
0.040316255715173416
0.040309175539337661
0.040308621103004913
0.040305882972174745
0.040304816583391335
0.040303359590258131
0.040302338637923554
0.040294682484512526
0.040292415221012824
0.040288746715890306
0.040284204823246968
0.040283494079742882
0.040276103179798857
0.040259474426316347
0.040257735633420173
0.040253279551202524
0.040247053214477385
0.040246572316768287
0.040246000556916482
0.040244536219357786
0.040228554495493687
0.040225239303920218
0.040224760117474667
0.040216827433431683
0.040214267095569425
0.040212153438613327
0.040211179062232087
0.040200947041968811
0.040200035112880193
0.040199706017473968
0.040197204589188587
0.040196703046593077
0.040190007645795361
0.040188449025641275
0.040182258665250742
0.040177263147085904
0.040175390834154306
0.040160711938919152
0.040158970346141173
0.040158476577909254
0.040154155749629016
0.040148495120836805
0.040147148663316798
0.040135849846037491
0.04012730958365765
0.040126981890075207
0.040126140053180721
0.040125944707597026
0.040125133582849838
0.040115217289338118
0.040114779681315639
0.040112756458245837
0.040112585335992983
0.04011207942797531
0.040108764800882775
0.040105567108603343
0.040102149495227349
0.040097536027938391
0.040093468940185409
0.040090109137894916
0.040089289212822954
0.04008805574279959
0.040082456176660168
0.040080987665376731
0.040077739097735342
0.040077157961878877
0.040075624666895168
0.040072749519048399
0.040066335499720315
0.040056589178289977
0.040055989049170397
0.040053768266744262
0.040047377098728777
0.040042506808804647
0.040037287781419947
0.040010789618158918
0.039989961263595511
0.039987931548861461
0.039979614862905362
0.039978243171947557
0.039961686495732417
0.039959736305444145
0.039957884001010788
0.039956268532695474
0.039955408215663041
0.039954672004422577
0.039950636829527347
0.039946591657547617
0.039946103372456729
0.039942521273162328
0.039931558953082535
0.039925007160338241
0.039919961066429928
0.039919336205290756
0.039918704241240555
0.039909608147754551
0.039903724437586635
0.039898661268867548
0.039898197097998786
0.039896790766679104
0.039895965383878788
0.039885548339586227
0.039882871043789438
0.039879275119334978
0.039858586958323824
0.039849742554401733
0.039849420868179206
0.039840102300783588
0.039837812576478213
0.039832698762453773
0.039826432049710821
0.039826098169050625
0.039825412099619283
0.039820583844079903
0.039816430024516632
0.039813958004677914
0.039813816159730772
0.039797891723687834
0.03979498191679718
0.039788048320995778
0.039786825194426646
0.039778986816923316
0.039774435775406694
0.03977434324210926
0.03977378025016301
0.039760553267249074
0.039757431494094907
0.039751174278044948
0.03975005846625014
0.039748952899124751
0.039748143698537616
0.03974157043404488
0.039740591934242953
0.039740555855599123
0.039738599456649225
0.039734540208181394
0.039730436601994386
0.039730363021131344
0.039728800890245324
0.039727138743305926
0.039725278261633461
0.039725259860328779
0.039709701700070238
0.039704732332761547
0.039691660023430414
0.039686732595104079
0.039680989535906264
0.039680886062615203
0.039680653958084559
0.039676062859676266
0.039674764513150107
0.039671025187818822
0.039670399849816247
0.039667752688528353
0.039663655122757921
0.039661720070688584
0.039659480653482244
0.039652698176946145
0.039638566973776407
0.039638502797161961
0.039626570910784316
0.039624624225240594
0.039623999659067995
0.039615531704316045
0.039614050683807273
0.039605207769116725
0.039605033442509915
0.039598918094778751
0.039597110521643247
0.039592928672954442
0.039590064947363349
0.039587122332315511
0.039585566892128804
0.039583869229541845
0.039582640821555548
0.039582371680486603
0.039578293545379353
0.039571019922403201
0.039569432889505644
0.039569214901003645
0.039567664866082597
0.039551480999491254
0.039537369520521636
0.039531474770178598
0.039531384432755362
0.039518825211250656
0.039509279952704368
0.039508339589526896
0.039505711283967411
0.039496732058757651
0.039494702243716942
0.039494347952848161
0.039492877818668698
0.039484565211257074
0.039482376641821984
0.039474638727601659
0.039473098142176449
0.0394722577991138
0.039471808986443736
0.039469247807453617
0.03946877299224695
0.039467333430371516
0.039467270424504895
0.039466566330602457
0.03945666284065083
0.039453701636331447
0.039447630468022202
0.039428659862133224
0.039425412021306644
0.039421758850984236
0.039421639737967626
0.039417489276764972
0.039417163930467708
0.039416040846132705
0.039414370936217073
0.039405763545588543
0.039405160180043808
0.039404383411644997
0.039401319358794464
0.039399814317481179
0.039398200024431347
0.039397248513470713
0.039396881578768292
0.039396221642175315
0.039395791798123247
0.039388476787030453
0.039387333545558574
0.039383712306148767
0.039376418266150182
0.03937606290286827
0.039371931799449561
0.039371558101295077
0.039370931017999149
0.039369369317799441
0.039367437009132249
0.039364237972963775
0.03936338163815932
0.039358268826529832
0.039355394880788756
0.039345749026422343
0.039345679563735199
0.039344199893029674
0.039343577575390934
0.039337079765421598
0.039329052923033792
0.039328521424886811
0.03931274583768718
0.039308439157699493
0.039306440528615393
0.039302546657565496
0.03929526264856454
0.039292045897608256
0.039290620040138856
0.039288910532884205
0.039284944361155129
0.039280753092830904
0.039276226946102305
0.039276088181523207
0.039274378455376464
0.039274131337570829
0.039272401060539239
0.039272388846589089
0.039271743225600016
0.039269503494234012
0.039265930198765391
0.039265133273619975
0.039263592477773938
0.039263437947895434
0.039262609996425044
0.039260602857565031
0.039258728386832059
0.039253830804870792
0.039252541769457382
0.039248820416594526
0.039246079058896294
0.039244431143226371
0.03924420615028297
0.039242420929777637
0.039234685813126766
0.039233646751353581
0.039225304175391724
0.039224830756067655
0.039215021289850271
0.039209580637888063
0.03920794573260919
0.03920616903293505
0.039199470376885287
0.039196888181976829
0.039192834448814884
0.039184148332670775
0.039182391817967337
0.039178773770478209
0.039177957444568992
0.039177455078314376
0.039176083695037868
0.039175468116273315
0.039168002867537022
0.039154187999588377
0.039152693050484542
0.039151199082616994
0.039145719524550253
0.039144478235283039
0.039144322800053123
0.039142541085890943
0.03913778872225334
0.039134392449947555
0.039131000777754381
0.039124115662833185
0.039124111859317294
0.039123458308719994
0.039120674723787725
0.03911994873647328
0.039117189013179829
0.039096747028542156
0.039095414460401622
0.039089056514378495
0.039084923576343501
0.039080232612423202
0.039068797561739782
0.039066327502486953
0.039065395432025564
0.03906323230848105
0.039060908807392013
0.039059457204435905
0.039056506842888895
0.039055423506999913
0.039053433392259321
0.039052114332351395
0.039047781357367611
0.039046206781061819
0.039043582576231459
0.039024080728953428
0.039023922232208845
0.039023798450235139
0.039021238616473317
0.039020842944164504
0.039016386180360081
0.039015430478151487
0.039007855987904093
0.039007132892489117
0.038999948482569373
0.038999158698288135
0.038997460607601564
0.038995036552797957
0.038982946794334256
0.038980690032274987
0.03897693224802818
0.038974159578081924
0.038962088057006621
0.038961296733767734
0.038958655347508683
0.0389579877135681
0.038956960163280346
0.038942293836147814
0.038941968194671141
0.038940709360612204
0.038939765304872066
0.038937600060522645
0.038931458212348481
0.038929194754081103
0.038925091164920968
0.038924694513237053
0.038903226270172543
0.03889594065429948
0.03889491912595721
0.038889648887440474
0.038889190240739814
0.038880450854519119
0.038870715415383041
0.038868710323896105
0.038868404645207272
0.038862476984906559
0.03885947092860384
0.038832192104649471
0.038828170720580875
0.038815674111418542
0.038815521225046022
0.038814625969308715
0.03881452614038175
0.038813700476461967
0.038807580611876037
0.038806193706910616
0.038802412679038743
0.038802051368786381
0.038798813980257349
0.03879236615906706
0.038791989060376855
0.038791427733075833
0.038782561201488625
0.038781516363531589
0.038772547073514421
0.038768452079822928
0.038764204603285821
0.038763680658947176
0.03875873213821425
0.038751838614791229
0.038751455466643547
0.038746742809853831
0.038742181982892268
0.038741667095272908
0.038738167240834336
0.03873210666068648
0.038730714321306897
0.038730449836329991
0.038730059242575894
0.038730055109447471
0.03872293708689549
0.038721484431905838
0.038715659803788681
0.038713629813637081
0.03871094598245213
0.038707483312785278
0.038701699201079034
0.038701616188838446
0.03869991961548426
0.038699395349330722
0.038698997839662769
0.038695722225889427
0.038689425102656161
0.038689136491844273
0.038685249269029533
0.038684791790945319
0.038682888759276376
0.03867926596418881
0.038656167255967197
0.038653473450573066
0.038646774475628053
0.038644471410616249
0.038641957243779043
0.038632609200236728
0.038632090718850466
0.038630276435890412
0.0386288585225971
0.038626895404565792
0.038626267713690744
0.038624562582817767
0.03862444198138066
0.038623589648164876
0.038621801719864374
0.038621039167468112
0.03861141771566156
0.038608327481683059
0.038605325897856972
0.038591709374734197
0.038588367807268875
0.038587105660922674
0.038574388737026739
0.038574362761491496
0.038574168503857545
0.038572001843975114
0.038571541141593786
0.038567531046453822
0.038562556564466666
0.038561024286465843
0.03855785283327072
0.038556573595214604
0.038551449252850249
0.038547475568494617
0.038537898722783799
0.038536140569028578
0.038525676663601828
0.038514138685624255
0.03851086389419095
0.038507002040476086
0.038492553565811327
0.038486726501888245
0.038485817780058489
0.038483196286062539
0.03848295212013416
0.038476023513636243
0.038473161728111702
0.0384709245195866
0.038465579721508367
0.038460707074893241
0.038458171645673826
0.038456786199848887
0.038455180481069696
0.038440793003026025
0.038439855613302897
0.038437835054291894
0.038436201183057635
0.038424697489659293
0.038420658062632361
0.038420212682249065
0.038419648156848847
0.03841899827839633
0.038414175043968816
0.038412065553827167
0.038403288027306623
0.038402785427994184
0.038401259178329213
0.038398340940580165
0.038397063986987043
0.038395427320473727
0.038394717837171188
0.038389807455655039
0.038389307733917015
0.038387257015962052
0.038385104140713375
0.038384653376627005
0.038384478083636826
0.038380407149001705
0.038373504226301335
0.038371274240401196
0.038369043248928411
0.038366317942860176
0.038364884200309077
0.038358061584287576
0.038357359133098609
0.038355795716347292
0.038353805891236124
0.038353047643691754
0.038350107981782351
0.038349025445466783
0.038344805009069172
0.038338832013977801
0.038330818166499275
0.038328970495125979
0.038325528045644978
0.038325059002571701
0.038321494285839981
0.038319630669523388
0.038312372636872323
0.038306579039565206
0.038304286277768961
0.038299721002938616
0.038289249953484046
0.038285871653047816
0.038283997182990089
0.038278034939919575
0.038277550166887511
0.038268736133533363
0.0382607306482005
0.038259550319371866
0.038253550773144705
0.038241491902863516
0.038241095945287733
0.038241007250548194
0.038233143043286205
0.038229465476924782
0.038227314150512059
0.038224141453241593
0.038221885505082792
0.038219111649185539
0.038207507264681202
0.038201047544759732
0.038198806448245068
0.038176815152982622
0.038173541417752616
0.038166630346087513
0.038162913644834366
0.03816152907918418
0.038159403781393014
0.038152142440123854
0.038152088085061521
0.038151177218330397
0.03814360957972536
0.038135144334969319
0.038126241769067128
0.038123872207183322
0.038123299936521186
0.038120233505123606
0.03811915326212735
0.038115686428659028
0.038113988639912957
0.038112820300865061
0.038102739982124566
0.038097358240415179
0.03809638359638267
0.038096291031348706
0.038095969314915594
0.03809332404388726
0.038090586029744952
0.038083036229186865
0.038081662641669241
0.038081516102070313
0.038079530097254288
0.038077247543741803
0.038072598422175571
0.038072534258233932
0.038070848121112846
0.038069076040515279
0.038068274757163637
0.038065122856590701
0.038064569083667628
0.038062633544133237
0.038056186141050809
0.038052081221362652
0.038024542142707687
0.038022257426707735
0.038020896531721006
0.038008713111304861
0.037995345227927718
0.037987964180433847
0.037981617472784432
0.03797918927856999
0.037978491862805844
0.037977590440498747
0.037975296017026983
0.037974387554020314
0.037972587518302854
0.037965151069854992
0.03796332363772973
0.037962491526847178
0.037961021739103581
0.037951102751407999
0.037942462794696777
0.037939826220162259
0.037938232022280631
0.037933732978813382
0.037929898072085445
0.037921343282504023
0.037919530520159429
0.03791838854804952
0.037915939752377975
0.037914810002658048
0.037906626010384019
0.037899898717082756
0.037894817865942565
0.037894590916271703
0.037890989978445609
0.037890625268548868
0.03788893168454719
0.037887748194401764
0.037885978121166237
0.037884455411149438
0.03788438128855505
0.037881454487472481
0.037878965312256159
0.037875246435717512
0.037873286841116155
0.037869297226480622
0.037868769944835214
0.037862462977504084
0.037860288159707024
0.03785662682797919
0.037852967480967767
0.037848482743493311
0.037848435955575785
0.03784745875297791
0.037846867268167453
0.037836487566867957
0.037827385474741231
0.037823452674668051
0.03780584595759813
0.037794269308732233
0.037792240249675611
0.037782586589083393
0.037781651210359563
0.037776938996770468
0.037770798791358091
0.03776799532483429
0.037762559501049044
0.037761582764035413
0.037757793715017897
0.037754601391487209
0.037744257503735196
0.037738887338328912
0.03772885906848264
0.037727377414682482
0.037726728799070443
0.03772659832836691
0.037721821459436512
0.037721607599835276
0.037718528960132731
0.037717799097862097
0.037716718470336003
0.037714428240073185
0.037714223111357727
0.037713169934136363
0.037709508618638532
0.037701595814017698
0.037694387531899708
0.037694058628764224
0.037685853097390545
0.037685480519910539
0.037683006039479515
0.037667089496416221
0.037662823103560346
0.037661106819408423
0.037652793712783086
0.037649199902068532
0.037646398819356483
0.037646273562023817
0.037640827565075745
0.037637416536141569
0.037636952088546873
0.03763294126997084
0.037629836286870458
0.037629638354439832
0.037623536903733143
0.037621994168024579
0.037614677578070625
0.037609227666469902
0.037607594731500979
0.037605024957844214
0.037600174371300539
0.037598940348140528
0.037591527716177423
0.037590568012342257
0.037589828775087736
0.037578226012430119
0.037570310200346818
0.03756910934560867
0.037568726852481159
0.037565348587488348
0.037555750467948082
0.03755288431858618
0.037552491493726671
0.037547798242837445
0.037541827042535468
0.037540578427161034
0.037533401315009429
0.03753158436027007
0.03753026826989319
0.037522277203940912
0.037513946544810411
0.03751058604709321
0.037508341156538887
0.03750724796057827
0.037497623640652303
0.037489522725948243
0.037478866516158338
0.037476560955624669
0.037463589284507423
0.037458577534753935
0.03745579589365796
0.037451489109579253
0.03745138530680809
0.037449784124060609
0.037444112593858596
0.037441667097427085
0.037440437289976203
0.037435792557332981
0.037433946256008641
0.037431793589661817
0.037429440247967113
0.037427415154612523
0.037422421545529598
0.037416487985421083
0.037413903910233054
0.037408368351676421
0.037406521701483099
0.037405258692834932
0.037403309830344615
0.037402860080848754
0.037397577647897869
0.037394468735120812
0.037382014430965498
0.037380569678084181
0.037378734328177406
0.037376691283932666
0.037370095086986625
0.037358176466988371
0.037356812747721665
0.037353630346200803
0.037352029213003721
0.03734385415987608
0.037338777450411663
0.037338406416452988
0.037335975087391046
0.037334634465452626
0.037334098299083997
0.037324103418162835
0.03732273855916101
0.03731916938057895
0.037313672437393426
0.037307964871547999
0.037306895048299323
0.037305623119895166
0.037303528863034049
0.037301806375578186
0.037298151938218477
0.037293313926506255
0.037281232538795291
0.037278990114926074
0.037277029167393151
0.037276439893053966
0.037272906180491727
0.037265470427067897
0.037262283329667807
0.037261112755773367
0.037258382872567566
0.037257750584561357
0.037256383116464939
0.037255472948834627
0.037253979950842987
0.037253008636243111
0.037248812308482884
0.03724834085257657
0.037240790301602697
0.037238200681944972
0.037236364857731449
0.037232303558620519
0.037231158196954391
0.037229681904400111
0.03722951502672437
0.037228754528779252
0.037225503106163696
0.037222364502183698
0.037218767494570482
0.037209688336518811
0.037206963984726033
0.037204221586609444
0.037198135509292005
0.037191193080888078
0.037189043900517332
0.037188990375314042
0.037185522050929745
0.03718212373810411
0.037179641632959004
0.037178692514726823
0.03717681950918672
0.037173843765708744
0.037171132567597721
0.037165136296523925
0.037162711546996491
0.037160995119903555
0.037160947282486978
0.037159371243182131
0.037154908203544307
0.037154392374372638
0.03715148462055879
0.037150399202491323
0.037145800764782182
0.037143813954989752
0.037138213970769191
0.037134308406159139
0.037124027614155085
0.03711753404401813
0.037115667884114953
0.037113761455774053
0.037112638021139135
0.037109389303309759
0.037108577287175468
0.037105167216504198
0.037097254140766006
0.037097241703465678
0.037086406255276157
0.037084528286034056
0.037082991335841746
0.037081342030385336
0.037072690418348694
0.037067404191834248
0.037063665726507815
0.037062891528491237
0.037052323299785445
0.037049603983248976
0.037044175790501732
0.037042443626672743
0.037036704762589745
0.037028594642184047
0.037027510515748117
0.037026123023012419
0.037023271247734996
0.037022726573768067
0.037013277243084723
0.037013173232075459
0.037002451728910334
0.037000837686509296
0.036997091218875601
0.036992513762811291
0.036992318696188242
0.036991631994391705
0.036987877814620325
0.03698640873677659
0.036982569754063117
0.036976844412889107
0.036976377908396654
0.036972085792781328
0.036970821132301768
0.036964755555074037
0.036954965778902865
0.036952015363447374
0.036948729467467196
0.036946804538383157
0.036943020459128076
0.036934821295526464
0.036933915814712552
0.036933877299607683
0.036926895025586326
0.036918172844163231
0.036917434544278219
0.036913515406218435
0.036907988297457207
0.036906667431860808
0.036906463968921943
0.036903722899219955
0.036901512043355789
0.036901468913524645
0.036896028255472106
0.036895804218185474
0.036891148529520724
0.036890709446673782
0.036887611168485296
0.036886330466394071
0.036875172241062355
0.036873258854909823
0.036870444677591999
0.036866272031615716
0.036861918433894837
0.036857832522539602
0.036856658718202331
0.036853632003865475
0.036853599254558118
0.036851904636250876
0.036848561605620604
0.036843690715124111
0.036837110531153003
0.03683622174902098
0.036825801011437453
0.036819252056676237
0.036818628062588399
0.0368064563960038
0.036805181262631201
0.036800160099629539
0.036797763973726458
0.036797675538853089
0.036789494575510742
0.036789364522185224
0.036787084476438227
0.03678569703792544
0.036785407103440783
0.036779566804762943
0.036771549158956501
0.036769697505896662
0.036769254250628484
0.036762370567097538
0.036760208128709608
0.036758721873729076
0.036752654801194586
0.036737380269086774
0.036732234565521368
0.036731878842138771
0.036717876804322681
0.036716679765200787
0.036712613848022164
0.036703608198898154
0.03669302929667783
0.036691214084358686
0.036683035371092326
0.036681100161161134
0.036678206487506401
0.036677450853450352
0.036672874228417647
0.036672266489465102
0.036663442676358814
0.036662006226539028
0.036657713581710619
0.036657085784267865
0.036654720483476413
0.036652111611850682
0.036649242736486301
0.036644910859676819
0.036642137921929094
0.036639483603323447
0.036631019669071507
0.036628646689404736
0.036623432335132912
0.036621846825161931
0.036612780356020683
0.036611406746663869
0.036605638924800843
0.03660466344515264
0.036601048855412009
0.036600317257220877
0.036593058435579473
0.036590937463122225
0.036589276440631591
0.036586775262765145
0.036582041004607262
0.036581167271966843
0.036565003651116715
0.036564495957815857
0.036560761515310583
0.036556457067733271
0.036549567709541861
0.036549196645392398
0.036543586842963403
0.036540834109230917
0.036538470113696944
0.036538118306498106
0.036532922328667637
0.036524867317340906
0.036520752110170134
0.036520724618811048
0.036518457484068047
0.036517854222432415
0.036517171186048171
0.036516401001130946
0.036516314226385529
0.036516164613589926
0.036501109090875693
0.036499518157624047
0.03649880816212292
0.036495079698492305
0.036491696148555554
0.036491478558357153
0.03648178532728933
0.036481506936516209
0.03647938760784477
0.036477107110414103
0.036475269381808291
0.036474249833945004
0.036473256970782374
0.036469930705879776
0.036469756487841704
0.036469467079365173
0.036465491525520317
0.036464962753485201
0.036462371651786708
0.036462093197555043
0.036460698645548829
0.036460680658994153
0.036456528647099362
0.036452435343850863
0.036452289005094396
0.036439652536157954
0.036435431680316613
0.036434883447767401
0.036431818151968096
0.036430196033013298
0.036428151553779167
0.036426343514258878
0.036423148971391948
0.036420082319182444
0.036416932507849664
0.036415059798323809
0.036410936374263847
0.036410478976514712
0.036406371127370232
0.036405921261265815
0.036404885582547425
0.036399366972931758
0.036397265923612393
0.036397051567421956
0.036393812487048878
0.036392764130953451
0.036392616300899433
0.036391027731610424
0.036376547598496942
0.036373596139808999
0.0363716203620046
0.036370367661567649
0.036370175732336987
0.036364567596989562
0.036363264688094109
0.036361542653696406
0.036360406639252989
0.036360015481337951
0.036357531301398516
0.036356883736152167
0.036350855083971581
0.036348159785922526
0.036348035578626807
0.036343543075336882
0.036343179814418577
0.036338282977002867
0.03633694217366322
0.036328923975551451
0.036326867462126274
0.036321142953027012
0.036320890447090283
0.036319860715337202
0.036319677693485992
0.036314373477902083
0.036309200276135885
0.036307651240264464
0.036302863954716047
0.036302550551859249
0.036301900951142559
0.036299970391212272
0.036294868747131497
0.036292932104133896
0.036291960920935215
0.036288830510657941
0.036285124507698704
0.036278763730411348
0.036275557750747138
0.036274676921338171
0.036272754789648559
0.03626833033462535
0.036260244035696984
0.036255388443562908
0.036255165650125959
0.036252949383348207
0.036239382045264709
0.036238169105645618
0.036224757486100267
0.036220082381141779
0.036219994091385772
0.036218620541151429
0.036218200871412205
0.036214539177537343
0.03621056861057239
0.036204024405108524
0.036201515724173489
0.036195909417986921
0.036194623713454319
0.036190984543712744
0.036189841184798212
0.036189585916197857
0.036180753764279476
0.036174720272333573
0.036174663454848599
0.03617186846869256
0.036162036457111468
0.036161633642576713
0.036158842042395639
0.036156293798639931
0.03615583240675032
0.036150731664098004
0.03615042690486174
0.036143233984459705
0.036142749851215954
0.03614171078191377
0.036141693622799002
0.036141606478042716
0.036138014520411897
0.036131479202897381
0.036122793599586381
0.036122676354211763
0.036119017122040846
0.036114255989907793
0.036110611477639519
0.036103701001822142
0.036103248963216816
0.036103204689497535
0.036099160678164759
0.036094646340637811
0.03609320901020973
0.036091491658806568
0.036085956215051042
0.036084207818693398
0.036074670805822925
0.036061813021835885
0.036057625055843222
0.036052146905882772
0.036049339625171817
0.036045456304058789
0.036033038757962106
0.036032288376677456
0.036027751148759161
0.036027234120234064
0.036021552036036908
0.036021394026491842
0.036019100877547186
0.03601660997360346
0.036014603880257783
0.036014350396564809
0.036010989349935019
0.03600744909626806
0.03600731485398951
0.036001236191197092
0.035999634236801713
0.035993025619248616
0.035989308815442357
0.035988930880763804
0.035982181399064041
0.035982163167048276
0.035977620917799651
0.03597718139426425
0.035976608739512729
0.035976339346417224
0.035963401419586559
0.035962666953688889
0.035960503140379463
0.035959617956027347
0.035958947240650713
0.03595766776256188
0.035947506396266038
0.035947028175092613
0.035946875383319359
0.035944656539296113
0.035938610482318813
0.035938532317363124
0.035936330977420973
0.035925250984321741
0.035918147186822111
0.035916233917120066
0.03591579907275131
0.035913162946627913
0.035909436387717937
0.035902323004212547
0.035899717623111262
0.035899195788703764
0.035898520979988711
0.035893648456322584
0.035892750087621737
0.035887971751896584
0.035886678520472524
0.035886229200247602
0.035883763331304178
0.03588261941343663
0.035861111909404095
0.035846413499727614
0.035846223369039726
0.035843737370603611
0.035838105416490247
0.035836909891614505
0.035836443086339285
0.035832849743012138
0.035832027719751781
0.035829869531819436
0.035827658198036239
0.03582095753073071
0.0358131986154301
0.035809892776566911
0.035806384714671777
0.035797477906891584
0.035796040229550255
0.035793992095458464
0.035792254249900998
0.035791702330222198
0.035789895585635438
0.035784786622167386
0.035774060142241486
0.035773840843916965
0.035762586460670875
0.035760532160179569
0.035756313739436191
0.035756200676867744
0.035750158446834233
0.035747105201509512
0.035743314601979645
0.035741494874578721
0.035741025236854962
0.0357390531861922
0.035726470359123699
0.035719595293483918
0.035718655755366549
0.035716150068767848
0.0357124679000232
0.035712076006366417
0.035711012870355704
0.035709246058633987
0.035708603306856941
0.03570554101534465
0.035680200465459513
0.035676144374833164
0.035668887490619437
0.035664956418854969
0.035661793847487057
0.035659360767843505
0.035654557032231783
0.035651772991942686
0.035650410214306601
0.035645247047906878
0.035643709881665327
0.035638666856845067
0.03563512756658313
0.035633095470158783
0.035629380791589796
0.035628543251268595
0.035627348386920839
0.035618610033557596
0.035614429820672207
0.035613143180039573
0.035612368187583787
0.035611064828210852
0.03560214559594372
0.035588561919242395
0.035587044942946469
0.03558592368953787
0.035583288727206959
0.035582126450511196
0.035577834959253603
0.035577007351302377
0.035576133767844173
0.035575055551463786
0.035573367097819705
0.035568149575027241
0.035562816504631868
0.035560843281406199
0.035559505417712883
0.035555618238763166
0.03554098460616803
0.035539990178595729
0.035535548954966446
0.035529525296560033
0.035525858328780885
0.03552031227448825
0.035505336767353332
0.035495368191592845
0.035488596971936383
0.035488250537131172
0.035483434348833567
0.035477912124518701
0.035470588134078135
0.035465874295690328
0.035463808934960088
0.035463476926755048
0.035463125658517412
0.035460696253516513
0.035459646731090984
0.035458915446501552
0.035452853680067883
0.035452519672614161
0.035452174228160084
0.035449881946660287
0.035440647561647831
0.035439050811537171
0.035435571687110944
0.035435093585801207
0.035432630337984883
0.035427961677366115
0.035425490905278571
0.035424337433016539
0.0354206560133088
0.035418439964606738
0.035416561987438651
0.035416100442358538
0.035413736348982636
0.03540874513012246
0.035395738322707711
0.035394751846035251
0.035394644595579658
0.035393874804683714
0.035392294312500863
0.035389908239334224
0.035388681620219235
0.035378743924926757
0.035374908544286501
0.035373278747931204
0.035373009102514417
0.035371645012718646
0.035367127332130793
0.035364959628284141
0.035359530531311946
0.035355505227826267
0.035352466697318369
0.035348051381315131
0.035340097429403992
0.035336719905748618
0.035335790826055938
0.0353356881919826
0.035323370463143038
0.035323293944113751
0.035320044043002735
0.035310249933420017
0.035307803370309344
0.035303411102936721
0.035303157402346338
0.035302982068351647
0.035293407165814999
0.035290992420753509
0.035290519373160398
0.035289875855880296
0.03528765932501856
0.035284296752312747
0.035281681173353126
0.035281173198827752
0.035271592685470747
0.035271268077931753
0.035266150759671482
0.035258486376643527
0.035251910765649402
0.035251237804433316
0.035250163086266766
0.035249029937131103
0.035248488840002333
0.035235919226322659
0.035235157213197851
0.035230812878971195
0.035227662946987925
0.035225865827769071
0.035224541731653028
0.035223355889505946
0.035223059487958473
0.035219669577350801
0.035218931887042386
0.035217856314281239
0.035216806663654787
0.035214018572101463
0.035211996679467082
0.035210833761345539
0.035207725812811279
0.035207710525737797
0.035198107128415881
0.035192524789083954
0.035189963049643648
0.035187032476170214
0.035182043095905217
0.035181717799456932
0.035176444116922022
0.035175743286268282
0.035174162643653674
0.035169533283637575
0.035166425637805462
0.035162310633520898
0.035160323232625079
0.035157119856233085
0.035156291113960882
0.035155655276723284
0.035154095275693083
0.035153903198123934
0.035149711966360929
0.035146407436427191
0.035143517232866579
0.035141691110669837
0.035138876253165682
0.035133146183152858
0.035128561745368256
0.035127244059773473
0.035126736278801793
0.035122637056725262
0.035115126915346302
0.035108342748694156
0.035107639798906569
0.035095735133601702
0.035094912017345666
0.035093510495711869
0.035093504585942882
0.035092039475267969
0.03508987429143557
0.03507951141451203
0.035078526978793774
0.035073962837980061
0.035071151002995654
0.035067615764494069
0.035067221153907535
0.035067166840414221
0.035065686810902677
0.035065408507393037
0.035061187152066998
0.035058102755621441
0.035057941600911767
0.035053440209065444
0.035053059352244377
0.035051563574796447
0.03505147041230669
0.035044009434357343
0.035040421000376527
0.035036091871955187
0.035035717971885171
0.035035693363598783
0.035032411106564472
0.035020583207077731
0.035019481468846848
0.035019091266353837
0.035017184989797737
0.035011452903831092
0.035009198955028881
0.034996726138432528
0.034996477808565157
0.034994209915770152
0.034989183579773507
0.034988934587190212
0.034988893080082323
0.034988720561122164
0.034987279041864383
0.034984949155836602
0.034981090615688021
0.034979026118859745
0.03497045922791861
0.034966077067552032
0.034964172475465002
0.034964070991434081
0.034964039078716147
0.034962309320754253
0.034961276086497635
0.034950246890117151
0.034940443957270542
0.034936345085329057
0.034935569158555238
0.034933805680004475
0.034932397139978859
0.034931556777431622
0.034930855369961405
0.034929984024785685
0.034928687915631737
0.034928672789027129
0.034927178337655594
0.034919874927062139
0.034908035607386444
0.034907260540825352
0.034907020035303972
0.034904221356950094
0.034899483321188467
0.034898010503451378
0.034893050576143538
0.034890669375461918
0.034889574239010228
0.034877574210941412
0.034877336886569209
0.034876012658655753
0.034875782426900273
0.034873938844380337
0.034871667438661144
0.034868751761988045
0.034868346530429965
0.034865664084186287
0.03486471426832926
0.034861941281714701
0.034859751173298419
0.034854181933339404
0.034850748431980466
0.034848557185167217
0.034845186159869979
0.034835570021681812
0.03483232778334508
0.03482892496077758
0.034821884696876186
0.03481726025826002
0.034808579529572573
0.034796723776724166
0.034783441575254627
0.034780779786095922
0.034780458573711939
0.034774981330980934
0.034767632824448523
0.034767434706225848
0.034766024800944845
0.034761297520063406
0.03475406062499959
0.034752430793569607
0.034751581556027866
0.034751359565711619
0.034739928248568322
0.034737853696455767
0.034736164584004317
0.034733446454510722
0.034729890149046948
0.034723939888467711
0.034721012835965299
0.034715263457871307
0.034714223430699388
0.034711637894280785
0.034706861007777527
0.034700408489233045
0.034699738379352474
0.034699471738813562
0.034690573556098205
0.034685198992477025
0.034681128137737029
0.034678130270068178
0.03467465439185427
0.03466897246256076
0.034656333070083513
0.03465202329218893
0.034651891110701036
0.034646588781106324
0.034644739283658722
0.034643169552981724
0.034640581775225707
0.034638646779434096
0.034627991805483933
0.034624099650411702
0.034623187901159695
0.034612971899493236
0.034610158468234231
0.034609475832048452
0.03460852679702496
0.034608435357965241
0.034607338126155081
0.034607207908215906
0.034607131015173181
0.034600146749650694
0.03459803872514839
0.034595559570063134
0.034587687710004575
0.034585334386988853
0.034581916766824955
0.034580805376146287
0.034577020788834324
0.034569482818333427
0.034568854546976391
0.034567567561823324
0.034558885856631111
0.034551958529050367
0.034551826844081299
0.034547168199564798
0.034541343565100018
0.034540226961315638
0.034539988263957142
0.034537362572784149
0.034530494929816469
0.034526036235658863
0.034521442527579868
0.034520701874545069
0.034518266168998495
0.034509934594463554
0.034509325394356326
0.034503574431333006
0.034500049326541875
0.034497190632086228
0.034495735262098995
0.034491939264453438
0.034490633212669486
0.034488837283566602
0.034488833063407519
0.034488001694894403
0.034487938016504252
0.03448423015842491
0.034482741550604143
0.034482524118294285
0.034481040983530567
0.034475040065984827
0.034468968794679269
0.034467568938286973
0.034466776457945075
0.034463524034482683
0.034458552283632295
0.0344573158409021
0.034457133062633295
0.034456357224302361
0.03445125793563171
0.03444732789218094
0.034446211119588441
0.034440025001025915
0.034439721409059335
0.034436558932749377
0.034433123295174201
0.034432507747027108
0.034431777989672431
0.034429869285705302
0.03442977290487656
0.034421011121094303
0.0344203785951913
0.0344190865732057
0.034416477076760377
0.034416476378395747
0.034414228399590276
0.03441174852771102
0.034405246392475664
0.034400729010863676
0.034398173746235869
0.034380099895587886
0.034379013894991234
0.034376611686674483
0.034376245506189326
0.034362893331653481
0.034360843720195308
0.034360648576573893
0.034358397166178098
0.034358027718443408
0.034357008979808895
0.034354374568347383
0.034349383758961086
0.03434792960468884
0.034342290642017104
0.034328006853239265
0.034326816219999952
0.034325964061659248
0.03432301262636403
0.034321524756830063
0.034318611846994945
0.034314925477424651
0.034313714314108033
0.034313672050702536
0.034312023546734426
0.034309715898062768
0.034309704186895801
0.034305685210060666
0.034304718439428179
0.034300753374893272
0.034297705089453082
0.034294482460981435
0.034294178195211064
0.03429248513620102
0.03429180180889857
0.034290814796006028
0.034288045075816925
0.034281852175470133
0.034268089267192721
0.034265692203425457
0.034256607326272108
0.03425131605523056
0.034246565873098433
0.034238409783181531
0.034238393331002176
0.03423757244350227
0.034214469097705903
0.034210413531349605
0.03420889850362363
0.034200937754529134
0.034198524066905163
0.034193236047469745
0.034190691514024013
0.034190469963858335
0.034186821578773265
0.03418297788832772
0.034179258116282051
0.034175472027794786
0.034169293568651539
0.034169284931361968
0.034167769943695643
0.034167103322723713
0.034165680458898354
0.034162593035607022
0.034160279936912313
0.034155614781188635
0.034155591835394551
0.034150753011134273
0.034140160683732296
0.034137140679297587
0.034133415940379754
0.034132378319875055
0.034130309720586345
0.034128614301790205
0.034126880147860153
0.034123067074812101
0.034118781353552396
0.034114290490348288
0.034109462419580933
0.03410629533606474
0.034102461280960394
0.034101432693595134
0.034095997011193029
0.034094315101850271
0.034093853843013104
0.034092931622139569
0.034092756818029701
0.034090915362750274
0.034083962935850864
0.034080763284002287
0.034080713894714509
0.034080689536333982
0.03407826059012381
0.034073806393222252
0.034072456006472678
0.034057726070860939
0.034057109343664384
0.034055434791974849
0.034054679338845283
0.034045903641952098
0.034038440651181466
0.034034051005483096
0.03401892853177875
0.034018030907745953
0.034014732949568902
0.034010955806293132
0.034010056611838362
0.03400231995335759
0.033993734490328359
0.033989875959406481
0.033986003043264025
0.033981093878937461
0.033976950514099637
0.033973131075011348
0.033972805158620022
0.033969520356935547
0.033966590672872152
0.033957934366416476
0.03395228665639325
0.033952157900612102
0.033951911001790923
0.033949606272363424
0.033948483899520966
0.033943967458536298
0.033940370007922042
0.033936386677316827
0.033931626820521567
0.033929704174983942
0.03392222508342576
0.033917848339032948
0.033917615504271567
0.033917548143992636
0.033917053248931968
0.033914777043662803
0.033913804595087901
0.033913656641760798
0.033912908429134143
0.033910637248072861
0.033900950951157575
0.033898422259562681
0.033895651981108076
0.033891743057104212
0.033881437330243132
0.033877297224774137
0.033871697757845591
0.033869296744741303
0.033868324623620223
0.033867859906117764
0.033855363068993477
0.033850068824251442
0.033847133289971937
0.033843147644278732
0.033836309640148443
0.033836225621559558
0.033835392221978011
0.033829527298528624
0.03382486575617636
0.033824281009950156
0.033822879427857409
0.033822464891210366
0.033817031102645501
0.033816572293056436
0.033809808023185714
0.033803116730343551
0.033801679785541605
0.033791924151087956
0.033788575610664937
0.033785885541888987
0.033785866520263573
0.033784181334547823
0.033783258457749543
0.033782799708139383
0.033774951695086416
0.033770177124707659
0.033768933930382543
0.033768386036591144
0.033765889380480175
0.033761192737697281
0.033760852132207315
0.033760695979803808
0.033760116701697152
0.033757134741686547
0.033756100270629058
0.033755180424417351
0.033753086124728729
0.0337529908690134
0.033747710673996928
0.033746303603761095
0.033742996466502112
0.033740661139568091
0.033735187668264333
0.033732471077854341
0.033723178155208249
0.033721288496316108
0.03371631407016587
0.033708489689178417
0.033708468632802926
0.033708128427481332
0.033702756691769163
0.033698389320335108
0.033696912270658262
0.033695728503132009
0.033689641825561355
0.033688410020728268
0.033683700501824072
0.033681932494077416
0.033678240832079744
0.033678233049617597
0.033677082714733124
0.033676809806302284
0.03367628344907625
0.033671017386146196
0.033667469062680179
0.033662718242021328
0.03365982708638332
0.033659317801168882
0.033657717424491626
0.033656135885858654
0.033654172998725487
0.033649154800767959
0.03364240347178489
0.033640503900005586
0.033636506685352216
0.033632207529946008
0.033629780823400263
0.033624197584782224
0.033616185926814271
0.033613142467115595
0.03360511721854232
0.033603400613699985
0.033602401585554734
0.033599317185780693
0.033598440693986167
0.033598099889989103
0.03359526068114127
0.033592828670926854
0.033592790580719616
0.033590998680631957
0.033590931230537337
0.033589733102423143
0.033589397502264334
0.033583619028857183
0.033582693918035443
0.033582634536417376
0.033581322272664541
0.03357937507797451
0.033571715982335264
0.033571091019229317
0.033561297977708626
0.033560806929507088
0.033546955005384071
0.033542298455254367
0.033541709576370801
0.033541212073032851
0.03353812336317942
0.033533828470943668
0.03352013094814036
0.033514836729388722
0.033514309485480558
0.033507540172176019
0.033503620764823959
0.033502656831146775
0.033501544459571063
0.033499477519119886
0.033497685332357911
0.033495067438142963
0.033493545464910478
0.033488437206139574
0.033480048242903182
0.033477321781262663
0.033476227395104821
0.033475204435550077
0.033473303176145879
0.033472090269974233
0.033468160365148235
0.033466409864629267
0.033459697115010033
0.033457174400923294
0.033456536852800277
0.033454493757694694
0.033449295420141925
0.033445902579157999
0.03344230563610065
0.03343975758135373
0.033438971590017103
0.033437217184040947
0.033433827387329973
0.033433357069371762
0.033431888669083629
0.033427995200391775
0.033425243066088052
0.033418578340492583
0.033416405727472481
0.033413156888756124
0.033410661586068736
0.033407101300604113
0.03340354362156861
0.033402501586901112
0.033390734542344876
0.033389263736089969
0.033386461244920257
0.033379185399670094
0.033376235332558804
0.033374915252667524
0.033373522033805628
0.033371022830694083
0.033370433170539782
0.033369561302243445
0.033367962478147342
0.033366804770511328
0.033362253370122961
0.033362065981872489
0.033357362571086041
0.0333557694561483
0.033355524610016549
0.033354645535201767
0.033347771519229387
0.033345148291026805
0.033343793782105349
0.033342520012440965
0.033340942551881692
0.033324840098658472
0.033322394102235385
0.033321722103089285
0.033320313020497684
0.033319697232855154
0.033318941291346563
0.033318308293854168
0.033314167822848857
0.033311997777695265
0.03331075744603923
0.033306370425515222
0.033306302638070183
0.033305415032940155
0.033304535293525825
0.033293930800993979
0.033286423064386915
0.033278872383947777
0.033277644512788501
0.033273462852253029
0.033271310304711692
0.033270366251121793
0.033269467600689592
0.033268754060976381
0.033263293961884606
0.033259927311725848
0.033255079283734633
0.033253129610328599
0.033253003268085932
0.033252897361262065
0.03324758555718129
0.033242330537403122
0.033242087875591075
0.033240880042286189
0.03323893912807848
0.033237674667430016
0.033236058477753044
0.033235136113780546
0.033234690811487465
0.033234254871653858
0.033225391098132474
0.033224989552546408
0.033222051959093585
0.033221552338508167
0.033218201087655136
0.033214406776003742
0.033211868657905042
0.033209286570804367
0.033200386172515736
0.033196178950366945
0.03319310259618502
0.033191302675848591
0.033182629347686954
0.033181318884973533
0.033179262606024135
0.033175442541184187
0.03317038044897655
0.033163430294035123
0.033158208010643432
0.033153100171491624
0.033150047670215524
0.033149770386107454
0.033148562477377977
0.033144934973584568
0.033143067024213761
0.033133503958364972
0.033128490949608506
0.033127283821425893
0.033125365554890041
0.03312166576694648
0.033119458376691613
0.033115896871430475
0.033109724547867821
0.033109642188101022
0.033097812489489432
0.033097171302028723
0.033093369312281316
0.033093005620345645
0.033090390670450463
0.033090200058404601
0.03308778630292563
0.033084464873359393
0.033083553929963795
0.033074814533500259
0.033067917253410947
0.033067778652819881
0.03306330168655737
0.033062972046400109
0.033061616300891869
0.033058036631883427
0.033055601615795467
0.033055441141322188
0.033054383784415838
0.033053100367630206
0.033049733747784672
0.033049103546480704
0.033047337237137903
0.033044863749279736
0.03304474700104483
0.033043708624455895
0.033042623629373685
0.033040681272862402
0.033038718105286267
0.033035363427647367
0.033033523438838946
0.033031707334698741
0.033031594723834261
0.033028313927064283
0.03302465309534805
0.033021018622185788
0.033014272823160148
0.033012664823866694
0.032998111254644899
0.032995116325508347
0.032990501569925029
0.032983472311731481
0.032983411818798186
0.032978308619469619
0.03297770947817423
0.032976402861297535
0.032975200720406508
0.032972996606141454
0.032970484938080344
0.032970126351061578
0.032969332172302988
0.032961052367391545
0.032952812616742717
0.032949969112585298
0.032949563897719331
0.032944305281638997
0.032943925496529636
0.03294323577830105
0.032942861433717989
0.032942343485757239
0.032938355166965048
0.032936174758626757
0.032933567734402071
0.032927450920678766
0.032914990204427681
0.032911441883457446
0.032909745140044543
0.032908912684306277
0.032906651607382632
0.032892747180584325
0.032890802401834916
0.032885406447246898
0.032877169631030996
0.032874400406020694
0.032873237417229625
0.032870734239484313
0.032870586702549581
0.032865486641438818
0.032862177837292499
0.032860654656357999
0.032852408150744923
0.032847675953146742
0.03284428937144674
0.032842537855098587
0.032839783936129463
0.032837665794256288
0.032837083059227681
0.032833078923094998
0.032818846552360913
0.032817704639336726
0.0328139545835004
0.032808036457498017
0.032806070077154283
0.032799237865283604
0.032798554719097504
0.03279835396483672
0.032786378171586632
0.032780753335436806
0.032777999766656629
0.032776824675840713
0.032774623605582504
0.032772494843344331
0.032769870185172488
0.032768897989911963
0.0327666457739079
0.032761585666320051
0.032755422682097357
0.032754737326012862
0.032752041372887425
0.032749648031076335
0.032744780009943505
0.032734809592833279
0.03272868865802088
0.032727761284408644
0.03272529304364475
0.032724538614791465
0.032723303203174188
0.032721588302437571
0.032719195529474214
0.032718820801704122
0.032710383231534641
0.032707265687882042
0.032702289021205901
0.032700061107081867
0.03269737533771256
0.032695618141168128
0.03269402381324453
0.032683716513380062
0.032683488141528251
0.032681559415318667
0.032681443618936282
0.032681424325781333
0.032679975373449854
0.032679394006112597
0.03267811068660121
0.032677594363282207
0.03267706188546813
0.032674085926337679
0.032671553882120438
0.032667751840373779
0.03266522968076039
0.032665215698100471
0.032658562156098025
0.032657822772298423
0.032655537299425337
0.032651930399160214
0.032651136075857574
0.032645957831570711
0.032645143872043342
0.032644561036140586
0.032643714184427283
0.032643543651136461
0.032642563876700469
0.032629701853962259
0.032627972553405632
0.032624716376272692
0.03262289331116492
0.032620964840981398
0.032620495093539544
0.032618084788398588
0.032616342066502775
0.032616059651410415
0.032604727013914168
0.032585671719839497
0.032585574283615706
0.032584775460095104
0.03258395795229968
0.03258168137198382
0.032580063053213502
0.032579081589976487
0.032579055051740455
0.032578413478655317
0.032577879505957828
0.032576826666143595
0.032576434441979434
0.032575187684498658
0.032570624326073619
0.032567787362886777
0.032566216229346315
0.032554708686908698
0.032554320877428836
0.032553670822771913
0.032553496744543789
0.032545264107637556
0.032545154195946321
0.032543974974883275
0.032543226261560337
0.032541661718565054
0.032540660051907477
0.032525843907080992
0.032524566489261886
0.032520810785576455
0.032514871348682708
0.032514216110344038
0.032513389845713607
0.032512149196596493
0.032508239152356157
0.032506412741962566
0.032503555609654261
0.032503312422440755
0.032501727794792448
0.032500566614277117
0.032495314055784243
0.032493111459343922
0.032490898883055716
0.032489854027985647
0.03248407711105681
0.032483722340409839
0.032482917065744223
0.032476207473463664
0.032474184747548866
0.032471257454038477
0.032468840460648699
0.032454868934418381
0.032452554579409834
0.032449645973282981
0.032444618698492737
0.03244354918607556
0.032440866869141501
0.032440182895806885
0.032438666146698984
0.032436745120609442
0.032432360794526771
0.032430831065385642
0.032428030159102603
0.032421606355513735
0.032420292651102731
0.032419834540224499
0.032417657226807527
0.032409020717383281
0.032408154622566722
0.032407793544320308
0.032395222057947981
0.032395072406825216
0.032391137574763647
0.032390945868020209
0.032386231718629359
0.032385613821916896
0.032381788721430133
0.032377762776415138
0.032370743275843689
0.032368927682477622
0.032368380257921804
0.032365098421598591
0.032363437174912392
0.03235730630263077
0.032351901833707356
0.032351531634070167
0.032349622080053549
0.032346727907739334
0.032345881610557591
0.032344378338733826
0.032341158155580287
0.032339148530350997
0.032328526142586883
0.032323153685319371
0.032320784742875794
0.032319940752427202
0.032311360465846095
0.032307161490743863
0.032305411513101435
0.032301632549819055
0.032296526985395251
0.032293306853890633
0.03229274944063696
0.03228563308846686
0.03228496360174235
0.032284615341359804
0.032283700791362377
0.032283622718683201
0.032280478614466313
0.032278036587831758
0.032275221770089874
0.032272710276854383
0.032269261322558411
0.03226913520958663
0.032263698175642272
0.032262231873891781
0.032260416458679948
0.032258186548249003
0.032255855664093697
0.032255627094618905
0.032255135750917457
0.032252483790056054
0.032252251857477383
0.032249138342260474
0.032246279148241366
0.032244888292093862
0.032244206468007221
0.03224083875727965
0.032239599425258413
0.032226088836600948
0.032223897683957996
0.032222029037345785
0.032221019624666523
0.032213030722029468
0.032209404213912211
0.032198624927166825
0.032196461920291665
0.032196427772331372
0.032195145167975954
0.032193778123663266
0.032193291807629407
0.032193112360145493
0.032188209984218737
0.032176966409737086
0.032175153053167128
0.032174978772910416
0.032164001811436228
0.032159866176858842
0.032155616314002378
0.032153534838767969
0.032153269929023391
0.032150755207029848
0.032148202457951497
0.0321479685531098
0.032147084713097102
0.032146773229067747
0.032139212249916276
0.032133605971286422
0.032131580901834794
0.03213123250909336
0.032130809774940282
0.03212938157511324
0.032128535567841975
0.032126677231876684
0.032116219718046846
0.032108513297229004
0.032084823439354204
0.032076997934854148
0.032076841866543415
0.032075388048090861
0.032073544515706341
0.032068975869780504
0.032066373476319014
0.03206474242475868
0.032062827489137621
0.032062186696169767
0.032060706954903415
0.032057536096105246
0.032057503190083367
0.032055414133153458
0.032052725083594691
0.032052318111722503
0.032046602128028907
0.032045390274845598
0.032043755143019256
0.032038685524894479
0.032037959163070326
0.032029664347488968
0.032028027158939799
0.032023198447632503
0.032021576687517164
0.03201562072030003
0.032011692939008081
0.031999829488513466
0.031999697242697078
0.031991752360215293
0.031987801475466218
0.031984521310491509
0.031978621030680721
0.031963567693532223
0.031963181389498205
0.031960676987459011
0.031960450461005999
0.031958534481511092
0.031956268085100999
0.031952680331098375
0.031950441438117906
0.031950333186367731
0.031942693885136091
0.03193838394583208
0.031935428189728679
0.03193520498973481
0.031933251246608327
0.031932424044409102
0.031932095866164391
0.031930537985994441
0.0319305196918147
0.031926410610877656
0.031923282253162696
0.031923222228884149
0.031919367663887505
0.031917628385720348
0.031915493384398197
0.03191515097187974
0.031912130802950293
0.031912041249925166
0.031911536831959547
0.031911057596375053
0.031911017977961857
0.031907104115801943
0.031906966596646644
0.031894561888294939
0.031893569042382643
0.03188387270218436
0.031878358774750898
0.031875964458205626
0.031875449883709085
0.031869610779296682
0.031868022255959333
0.031865057500663395
0.031862887022355457
0.031861360543174296
0.031860417882655763
0.031859766007571337
0.031859130895757024
0.031857165656069206
0.031846333884720308
0.031837323801584549
0.031834565427418922
0.031834515083780698
0.031833056871611573
0.031831132029526289
0.031829779190361944
0.031829061383912088
0.031827074439792151
0.0318239655038293
0.031816590028230389
0.031816558735677847
0.031816407257258497
0.031816140814790131
0.031815857821837372
0.03181430644498303
0.031812941291485368
0.031799259338796425
0.031797841795847666
0.031796048782550858
0.031787153790425016
0.031785952571392287
0.031785813010637883
0.031784103026891206
0.031784031469692484
0.031783898515390312
0.031781608527132396
0.031781453434654078
0.031775272013585071
0.03177290559154998
0.031770660031924566
0.03176989938045751
0.031768269876684914
0.031755855340524448
0.031755534407373345
0.031754758454185343
0.031753496956583971
0.031752604199881969
0.03175032132746531
0.031748192455557996
0.031737920634199251
0.031735232575372335
0.031731095866071382
0.031730704303073773
0.031729847798338671
0.031721386276796167
0.031720207437948615
0.031719800996055335
0.031713442418802765
0.031713203294604017
0.031710644357461008
0.031709946747987133
0.031704334410206619
0.031704296418925311
0.031699872197508326
0.031697705025710593
0.031692374230514728
0.031690425952430594
0.03168482016079107
0.031679413429481613
0.031679393387055894
0.031677528036075542
0.031675570448390318
0.031672025127906955
0.031671164082638162
0.031669929124082147
0.031669834406982518
0.031667400813801608
0.031667107796390911
0.031662401342715064
0.031662260945834873
0.03165982302279919
0.031659677184600034
0.031655632533910169
0.03165469537705775
0.031653400864824661
0.031646122510419185
0.031640736777350756
0.031638156655324753
0.031637178723241108
0.031635103636194949
0.031634669799765862
0.031634417391971807
0.031631799664231706
0.031626748836389135
0.031614075095752911
0.031612658494531473
0.031610153395737951
0.031589958012220233
0.031587619232094945
0.031585251839992202
0.031582081218980436
0.031580137407912018
0.031579483701660721
0.031571557825431126
0.031570479173065671
0.031569036176921861
0.031565537662866634
0.031562927528570636
0.031560655187405418
0.031559051747107165
0.031555799153132537
0.031555753266426262
0.031554760457136316
0.031554684536694563
0.031549872930436519
0.031549729454721218
0.031547908052232607
0.031542853766138808
0.031539803276412939
0.031537559721363823
0.031536482300298915
0.031536428947418794
0.031535523764989623
0.031533788844192348
0.031532266241964181
0.031527769129594423
0.03152125036058339
0.031519806198634849
0.031517178244892557
0.031515187968848002
0.031509860754097632
0.031509018535879389
0.031507198766674765
0.031507183393937585
0.031503802166394576
0.031503117755985917
0.031497393874791543
0.031491667625959723
0.031488588832799973
0.031486374641766832
0.031481974261840573
0.031475437118625181
0.031464321300392208
0.031462703248292263
0.031462496389555408
0.031456709138388009
0.031452391151070049
0.031445703063013884
0.031444471422921949
0.031443824571912152
0.031440551910126104
0.031437230925023388
0.03143550731405418
0.031435420999805327
0.031433957679927467
0.031431678632579452
0.031428837072187923
0.031419993622835124
0.031416971463564286
0.031412823593948487
0.031410542007042394
0.03140949187589874
0.031409260162912109
0.031409151328693402
0.03140598086448803
0.031402104440054826
0.031400892032344953
0.031397654858524714
0.031396042036129189
0.031392685294697638
0.031391213759987088
0.031388178292841629
0.031386654241421695
0.031383852553598095
0.031383272694307622
0.031381393647154171
0.031377741168254321
0.031373304034565765
0.031368466341160674
0.031367190901538999
0.031363852948182412
0.031358451323497634
0.031356728339606191
0.031352093333352156
0.031350746334944939
0.031349411367134081
0.031346911893034526
0.03134078984117103
0.031339430727258956
0.031339233115362526
0.031331079475766056
0.031330952011896424
0.031326917642312782
0.031322839972382714
0.031320829537229151
0.031319916169558121
0.031313437445694176
0.031311285876246271
0.031306930462144625
0.031306401498443895
0.031306274719522603
0.031305971570196635
0.031305420499414739
0.031301377180886047
0.03129933439333947
0.031298064691094189
0.031296112074340868
0.031283522297580163
0.031283233536711488
0.031276810866588546
0.031271920722738919
0.031270123317006827
0.031268969578166925
0.03126266538140423
0.031258688052201701
0.031255025398475307
0.031254639736371423
0.031248327813415133
0.031243856263740301
0.031237267768711031
0.031235987143301062
0.031226223677613171
0.031223358169514662
0.03122052253800265
0.031219818158164065
0.031214098093600734
0.03121362674914846
0.031208532235582447
0.031208107428608141
0.031203889774655713
0.031203436589630391
0.031203350043175392
0.031197618592970221
0.0311967682921848
0.031191446277278337
0.031187983071397817
0.031185447033176848
0.031185390312700512
0.03118324012272777
0.031177260589109693
0.031175381799349835
0.03117517155404035
0.03116928798260615
0.031168451586103461
0.031166617866057379
0.031166195283116347
0.031165678612440073
0.031165219009381417
0.031164837794253573
0.031164056087824667
0.031160182916980958
0.031152925967730748
0.031152417142236349
0.031151136211050787
0.031146094737809805
0.031145640922968509
0.031144248236117576
0.031133355766843413
0.031131049815801969
0.031127128591541514
0.031126461619628967
0.031124491416538939
0.031119941185474873
0.031117672130703784
0.031114227727177059
0.031112303389692154
0.03111080061772966
0.03110856053707272
0.031107980325011941
0.031107928522960224
0.031106842282127838
0.031106314356169472
0.031102374577711832
0.031101206143036915
0.031097307062506293
0.03109613476901868
0.031095826407434364
0.031095439533488874
0.031095380702700768
0.031094576457639127
0.031093840940323879
0.031093816506902912
0.031093735093401725
0.031093439333706716
0.03109173584594719
0.031091161909651985
0.031084625700686153
0.031083435845410748
0.03108333674847601
0.031081010155473602
0.031078871753931744
0.031076519396322347
0.031075619778755066
0.031074642770003175
0.031069237533058697
0.031068620718690043
0.031067969226268064
0.031066586911260241
0.031065638970968416
0.031063200383157356
0.031057437421124857
0.031056361466531585
0.031052049116980063
0.031051729642743171
0.031049893061886356
0.031049167241318874
0.03104791005986288
0.031047365563773389
0.031042612487989476
0.031038474369405541
0.031034639124942625
0.031034354442783962
0.031033043490117356
0.031029968341981694
0.031028820033548423
0.031027844733320025
0.031025278068580124
0.031023707381031922
0.031020133128817119
0.031018674648086674
0.031017160757408929
0.031014669112773143
0.03101187880300171
0.031007246310976989
0.031006955901871341
0.031001048939766639
0.031000141598214882
0.030999740853979562
0.030996432533639116
0.03099210145209769
0.030990510164344714
0.030981930276943077
0.030980602956132204
0.030979915852484795
0.030975618368346464
0.030975433498924607
0.03097308424422825
0.030972400111212352
0.030971123331580027
0.030969858135759105
0.030967046112573504
0.030960890292005609
0.030960232957942344
0.030958264667141754
0.030956948937791454
0.030951380212069994
0.030951099807467755
0.030950682327660257
0.030947776548411927
0.030935229267181549
0.030934543559145836
0.030930019655328805
0.030923737064793767
0.030919814756170422
0.030917382609303014
0.030912212608717828
0.03091173171482051
0.030908955378374611
0.030908918505014617
0.030908641637949909
0.030908401009998632
0.030907937209172377
0.030902803994683328
0.030900644902645637
0.030900495151838622
0.0308991804758912
0.030897878966430068
0.030895464671252704
0.030895099711135431
0.030889645703320017
0.030887620117375812
0.030885882070707416
0.030885533764970212
0.030885022702396143
0.030882336000339281
0.030877944751656401
0.030877805786962073
0.030874751748573331
0.030870888638627313
0.030869692961975483
0.03086839569347857
0.030863058339378687
0.030856897307493986
0.030854489677523654
0.030851504465772405
0.030846449908154841
0.030826838924688037
0.030822155097115563
0.030819541455990123
0.030819142657793001
0.030817714950447984
0.030817202809957332
0.030816604172473387
0.030811080275057905
0.0308103770310694
0.030809838857173262
0.030808773010270595
0.030808409023086902
0.030807039992922065
0.030805796192178093
0.030804480130044741
0.03079866725894612
0.030797832939364625
0.030796005370876005
0.030792817215255407
0.030787630652857882
0.030787513012094519
0.030782912439420881
0.030780536989056109
0.030778529831977475
0.030775350456759189
0.030774607065572411
0.030771317249652281
0.030767535661328966
0.030762196663896256
0.030759467584318398
0.030756265997289849
0.030754078863924422
0.030753341046081652
0.03075162110880254
0.030747878695302256
0.030746982249503584
0.030743609712908109
0.03074257747982331
0.030738545588775951
0.030737345491567432
0.030733307038241533
0.030728038775232645
0.030721463295154499
0.030716793893113391
0.030713763396341284
0.030703853095011373
0.030702818414443042
0.03070078705172926
0.030700651696968406
0.030698065475570323
0.030697674518830608
0.030697001773573929
0.030696873213878529
0.030692083852101187
0.030691648069134606
0.030689063496287871
0.030688877391052079
0.03068511159607033
0.030674732700190555
0.03065444135466194
0.030653861054788213
0.030649302160490038
0.030648663782961438
0.030644672448692536
0.030640844434666199
0.030639141296215044
0.03063520515161303
0.03063426114706121
0.030633277605121981
0.030627017062857469
0.030625607433585791
0.030624883847240363
0.030621724788423534
0.030619538384615345
0.030618384853169738
0.030612612558270011
0.030609034115437601
0.030600913552044185
0.030599059743588293
0.030592446155960139
0.030588467855348821
0.030588462028676322
0.030587438513248043
0.030584571041962258
0.030583101755904733
0.030580814990757682
0.03057932395190956
0.030579156241561135
0.030576955691274173
0.030568894883833096
0.030563829556405381
0.030560471835759127
0.030555782915837878
0.030544557998689787
0.030543492092410283
0.030543170864724876
0.030540267363550196
0.030533013289760703
0.030531714241052894
0.030522092083973801
0.030521416379307911
0.030518195675722202
0.030515758284687951
0.030515007938825289
0.030513048305374321
0.030510635682709845
0.030510457979548392
0.030509703262530916
0.030509298381069312
0.030509141688467519
0.030507953638887961
0.030504539271707043
0.030498457076993859
0.030495307173211639
0.030495032822810773
0.03049460832417859
0.030488568334005973
0.03048659879740297
0.030483993357315733
0.030481015302774923
0.03047961444416232
0.030477586925402922
0.03046430821594022
0.030462209564422246
0.030462131964532166
0.030458639331286026
0.030458160660684061
0.030456817365260729
0.030453655577629038
0.030452467661543407
0.030450949637456752
0.030448926710795108
0.030445800417061877
0.030442573012182551
0.030437033524112759
0.030434296560472456
0.030430337154071764
0.030422564354704463
0.030422514519679904
0.030420428411606797
0.030417383403221997
0.030414833043712074
0.030410543779652476
0.030409922902637814
0.030409541273425381
0.030408115340598348
0.030405432104692522
0.030404075101075675
0.030398609755034972
0.030398151561662031
0.030396291460932187
0.030396237776892546
0.030389579337870173
0.030388607928377817
0.030384243092767722
0.030382865536912829
0.030381859633453284
0.03037966201916608
0.030376100513306831
0.030375024396869611
0.030370158636833337
0.030369565258959924
0.03036564285988208
0.030363078663056587
0.030361364175844601
0.030360945040378
0.030360285030587898
0.03035911923002399
0.030358394990890731
0.030355928922227094
0.03035520251792171
0.030351076046680601
0.030348250400025235
0.030345557072597222
0.03034340550885779
0.030343266852655249
0.030338348880568498
0.030337252433071324
0.030336753949595664
0.03033151382314676
0.030320465849377708
0.030319293268398929
0.030317281661033594
0.030313405536334194
0.030311785007795199
0.030311624406999488
0.030307086439572362
0.030301360674087157
0.030300123045854381
0.030300043211831502
0.030299527508067737
0.030296273253666663
0.030295117113565938
0.030291361959917672
0.030289985933562715
0.030284265035985299
0.030284143791925355
0.030283141513046234
0.030282229299196581
0.03027951086925609
0.030278908883446625
0.030278256425859379
0.030268967277384349
0.030267211254870866
0.030264304831647566
0.03025776005540478
0.030253318667568061
0.030252952371854051
0.030250343290216971
0.030246548217622266
0.030245293680965214
0.030245093838040193
0.030244998717513478
0.030242990979749296
0.030242166163063224
0.030237848703444623
0.030235918377821438
0.030226728062547534
0.030223298913144684
0.030222323929084437
0.030220010303316055
0.030215318986716266
0.030198688662116276
0.030194713234957902
0.030192621238245447
0.030190938163463871
0.030186675147279643
0.030186345802129051
0.030181682620129133
0.030181663059068133
0.030180744447119327
0.030178612692657474
0.030173663375816111
0.030172194217212067
0.030169493532585231
0.030168465980043697
0.030168388146221324
0.030166658745766552
0.030159092854348302
0.030157494231104108
0.030152122971399815
0.030149822217497988
0.030149088478533138
0.030148129738937868
0.030148110418885193
0.030147324969443626
0.030147007336620665
0.030144301326413929
0.030138664068621823
0.030134236202290592
0.030133292451701845
0.030128851790486185
0.030126131909024131
0.030125065698765725
0.030123677684310731
0.030120108250252322
0.030119255856546946
0.030112791489127943
0.030111112395046186
0.030109456648391104
0.03010891826779059
0.030105177873247919
0.030102735266899393
0.030102646996987417
0.030102643753472224
0.030102239340616895
0.030097666905948381
0.030096687486847622
0.030094752769246492
0.030094426555295078
0.03008584420561634
0.03008292833630493
0.03008060168367796
0.030080350374453269
0.030079009403010677
0.030073771144048845
0.030068319222919943
0.030066122947061229
0.030063616513141184
0.030058769668292473
0.03005560043790937
0.030055403711359872
0.030055100878147951
0.030054042965410085
0.030051794693585186
0.030042457529951098
0.030042025803053589
0.030041985197597747
0.030041264496550504
0.030040634006140904
0.030039821861710378
0.030037535842631427
0.030028054912720557
0.030027468935309599
0.030024984115373469
0.03002447413821718
0.030023394884131117
0.030013717503546877
0.030012922425717778
0.030010534539079581
0.03000360981638318
0.030000638112604953
0.029992769251238061
0.029991538460658457
0.029990550926360032
0.029981695758947886
0.029978463958905504
0.029978085149933748
0.029976009773399516
0.029971513742570254
0.029969453875809817
0.029964311614757492
0.029958892201600553
0.029958075061741137
0.029957868593888513
0.029957497268553741
0.029956457775569448
0.029946825730093333
0.029946459475399867
0.029945954999572595
0.029941301156503206
0.029936975796150178
0.029935322810533252
0.029934991235154165
0.029923136348715514
0.02991892954582711
0.02991621228380794
0.029911387818271892
0.029910674367582785
0.029910172393738513
0.029909552866869204
0.029909205784129426
0.029908850308747535
0.029906433468105006
0.029901676718416818
0.029900759505190132
0.029900536181379476
0.029898256368781451
0.029898016394750274
0.029895956328803264
0.029894246289454484
0.029883219047091725
0.029882851650146012
0.029878641272164511
0.02987559772107836
0.029872424949627309
0.029867791607506449
0.029866925953947514
0.029864817527929566
0.029864661599102615
0.029864457187492022
0.029863770334157162
0.029857919661375586
0.029856971200328604
0.029855233759142175
0.029855184368052734
0.029855022043496732
0.029850757538506491
0.029847069209081641
0.029846012376777312
0.029846010936800095
0.029845356809434006
0.02983953068140683
0.029837940195514608
0.029834787382586991
0.029828186518294979
0.029818441071461563
0.029816874298030108
0.029810903471642964
0.029809614868524896
0.029806476861668249
0.029806103311108684
0.029802626023995488
0.02980062480364716
0.029799501528758435
0.029793708528577646
0.029791367397861555
0.0297903251789669
0.029785221634045886
0.029784313962499618
0.029781420974640427
0.029778914695727448
0.029771681358853021
0.029769417926036622
0.029764625164573268
0.029761835720295043
0.029761604607986054
0.029761500783349135
0.029761128493191808
0.029757227666968405
0.029752553930902311
0.029749954945357478
0.029749145653071296
0.029738636210516405
0.029723252733678283
0.029719264398745657
0.029716542141181093
0.029715966696683825
0.02971595426182053
0.029714914369477506
0.029712219097154158
0.029710417571383003
0.029708575253524556
0.029706636977576459
0.029706477178536989
0.029700655201587378
0.029700256412951716
0.029699789302630709
0.029698545381600317
0.029697529656347657
0.029696075146780836
0.029696051666271806
0.029688903927866824
0.029688175051245415
0.029687944586063521
0.029677851050099777
0.029677352501872107
0.029671569666174208
0.029670533230833008
0.029663725453760531
0.029663561611095811
0.02966314538860515
0.029661793658073605
0.029660677570537742
0.029652272743031595
0.029651384069492161
0.029644236919099381
0.029643099877226717
0.029642045814652726
0.029640776719687286
0.029637706389207878
0.029636578502292416
0.029635262838010233
0.029635125072186345
0.029635028577253066
0.029634718398004096
0.029629905532725868
0.029627521601778135
0.029624522239684328
0.029618433303949115
0.029616093416830587
0.029615717741736044
0.029612464238756867
0.029606807577288671
0.029606452688750898
0.029600952253024782
0.029600526344889501
0.029591736677354985
0.029591302477109751
0.029591283549266399
0.029589910076643661
0.029589753885638975
0.029587416026240914
0.029587259550784221
0.029582360952042697
0.029581087451298695
0.02957877408346439
0.029573507709888622
0.029573008609542439
0.029572885381783789
0.02956981770373291
0.029568860080620259
0.029568200560233522
0.029556761351099494
0.029551106994483461
0.029547637895387165
0.029544803633229005
0.02954478909142175
0.029540052623734592
0.029529893525358588
0.029527871484668958
0.029523793864930363
0.029523656727060987
0.029523163205136448
0.029522164814185604
0.029514449865026351
0.029513483549846273
0.029504932348712543
0.029504360259700112
0.029503501004491253
0.029502031064381633
0.029500945091515067
0.029500623665067116
0.029499108888929162
0.029483944922003732
0.029483826658179561
0.029481921517148246
0.029475400565887135
0.029467930141874956
0.029466969996007106
0.029464769791304808
0.029463457798245087
0.02945980984523363
0.029459075799857397
0.029452584321514468
0.029451394114585239
0.029448396526206341
0.02944129698073698
0.029433954538912791
0.029433576968222953
0.029432642326753654
0.029430640633885979
0.029428635358663534
0.029425638509877054
0.029422721597462058
0.029422289436971623
0.029416535583438298
0.02941291123795773
0.029406337917488763
0.029402582496192861
0.029398517109274117
0.029397679040228743
0.029397517886968799
0.029393649502176728
0.029392202094677009
0.029391735862663897
0.029391026955646802
0.029390349435953905
0.029390273562768313
0.029387707081498848
0.029385102860546661
0.029380628398600814
0.029380093339947878
0.029379811270857273
0.029377372436777505
0.029362281414161667
0.029362178957571448
0.029361796309820203
0.029359982924565698
0.029358576787561735
0.029357861319385108
0.029355800199786012
0.02935486995758799
0.029351893192271106
0.029343886380896942
0.029341826208988477
0.029340514489257424
0.029338511410375492
0.029332481567903267
0.029330075861698453
0.029328314966504763
0.029327007018967864
0.029325139294480457
0.029324067216775405
0.029323409607701158
0.029323136798003007
0.029323052713914229
0.029321367392511535
0.029321318102986993
0.029318533316727607
0.029316693314917024
0.02931137957214169
0.029309109805139635
0.029305158971582344
0.029303676534873823
0.029303631821022066
0.029303574278810873
0.029296414201023007
0.029294523350500194
0.029292034714308732
0.029289023469316069
0.029288162625603142
0.029287628526960961
0.029286580926588531
0.029286206588339962
0.029283894637790315
0.029279169765915974
0.029277963708585365
0.029275979359379551
0.029271847590973524
0.029269647739579928
0.029269570829791321
0.029264932162881965
0.029263459384107668
0.029262086166254274
0.029260440097483464
0.029259534812747137
0.029256492356519948
0.029256145121661189
0.029254375026713221
0.029252962837559744
0.029251079162621152
0.029249346905378004
0.029245140337033241
0.029242021470755313
0.029241902752235066
0.029241473686555112
0.029240475353506389
0.02922483298677863
0.029222595108947532
0.029222448058756467
0.029217587460266051
0.029215260991334615
0.029215103769263756
0.02921326398279973
0.029211856730618654
0.029207652371049615
0.029206465308721719
0.029201897155853376
0.029198632605748426
0.029197038457791837
0.029183079293727245
0.029182252011098572
0.029182119583915731
0.029181654599574319
0.029180618118127385
0.029179798993189909
0.02917488626065802
0.029169268849363755
0.029168657095754329
0.029166889595921747
0.029165978961660816
0.0291637214963038
0.029160356584905234
0.029157652832501473
0.029152836486919513
0.029150531712361691
0.029149196808239897
0.029147495599318327
0.029138551237363482
0.029135086551869877
0.02913458107497539
0.029134217428410634
0.029132247261407822
0.029126635357324255
0.029124554548808072
0.029114832851059903
0.029114168412967965
0.029113682300114286
0.029113163343984935
0.029113033070370345
0.029110669571208912
0.029105462944960404
0.029098386517924103
0.02909701534929672
0.029096444700232944
0.029093598118259956
0.029093569856974283
0.029093357432597614
0.029090444774248277
0.029089737052144113
0.0290852652533563
0.029085204590452721
0.02908385618950456
0.029081820876709265
0.029077597189760853
0.02907671934868819
0.029075268853068086
0.029074964643022675
0.029070335984089288
0.0290681796710371
0.029067932434889934
0.029067248693746606
0.029067196821342418
0.029065611603433388
0.029062461302794208
0.029060367027439096
0.029057570825844835
0.029057181945748807
0.029055697200304167
0.02905169034244082
0.02904895184710829
0.029047543659235585
0.02904450271586537
0.029041729187086932
0.029037211871137763
0.029035136120666508
0.029034454916253897
0.029032966893107422
0.029027789059057736
0.029025157223292391
0.0290205219985105
0.029019416079018999
0.029012894124661848
0.029011158881277196
0.029010037580555276
0.02900609404233126
0.029000571781711341
0.029000250695809162
0.028998846383118601
0.028998547462883384
0.02899838363883472
0.028995364279957393
0.028993815798915926
0.028993775875890648
0.028990354527986258
0.028989135059305775
0.028988220200515502
0.028986924611455314
0.02898194850648567
0.028981777216807274
0.028976534591802439
0.028974518960760965
0.028973952603637505
0.028967492625710797
0.028966491359889018
0.028961620000622544
0.02895842855017727
0.028956340205688807
0.02895585232174934
0.028954923347862052
0.028954854304831336
0.028954802201426044
0.028954716755214143
0.028951792170080017
0.028950907431608889
0.028946512514659104
0.028945493241224755
0.028944592150265631
0.028943617235129303
0.028940738034432326
0.028939335303220726
0.028937701292285775
0.028937639364609101
0.028932194793132398
0.028931326515648195
0.028927163300426023
0.028922688320191361
0.028919815897831744
0.028919522828430608
0.028918814257176757
0.028916105633141547
0.028915574341599692
0.028909829226915578
0.028903866789585245
0.028903165028497987
0.028897746493195712
0.02889454678593608
0.028893108568065731
0.028881421389226614
0.028881222201116222
0.028878072443558805
0.028877309856663036
0.028876790411410842
0.02887418885886114
0.028871647856007869
0.028867972555651732
0.028867269705029657
0.028862087392064258
0.028859456982288593
0.028857812805536568
0.028856417601088296
0.028855623874435292
0.028848107092280997
0.028847356763740502
0.02884495071738697
0.028843982744061261
0.028843918760258096
0.028843677200105774
0.02884347278368881
0.028840354732984547
0.02883980376119916
0.028838751293020787
0.028836933253731541
0.028836175740231024
0.028835012542752916
0.028831630783747671
0.028829130224362811
0.028824188903457434
0.028823750935395763
0.028820554865811605
0.028818162630290623
0.028816971102334062
0.02881458653383033
0.028807167802315348
0.028805682470792297
0.02880424576288294
0.028804018374042041
0.028794982477608966
0.028794945277150874
0.02879258692735626
0.028789871525377601
0.028787524834272299
0.028787272297457939
0.02878381540534513
0.028781886694538468
0.028779404854972365
0.028778213924621078
0.028775323028553554
0.028775318468500944
0.028770460502217796
0.028764157488604478
0.028764154797420598
0.028761955257306581
0.028761821405747224
0.028760900337471557
0.028760871907935505
0.028756322620624161
0.028755745641802884
0.028750530416457955
0.028749904154633407
0.028748891847129112
0.028748499490248131
0.028746963065743369
0.028742329200811885
0.02874065510732152
0.02873534493734637
0.028735028537573846
0.0287330961965102
0.028731124556211372
0.028730703024251372
0.028730264378891271
0.028729887047344173
0.028727107477962661
0.028725900095284744
0.028723470098539945
0.02872238218222644
0.028716614542004165
0.028712304001650386
0.028711856975565494
0.028710406055331077
0.02870834025222575
0.028708190098242586
0.028707336351922966
0.028706590027911712
0.028705046081712322
0.028705034502514312
0.028704374304938132
0.028700618621175282
0.028697687335995797
0.028696066821067439
0.028694884447724545
0.02869276598614905
0.02869045325760327
0.028686155401145517
0.028685740463639111
0.028681215686749091
0.028681189246966384
0.028679790940364165
0.028676999091857353
0.028674068284672241
0.028672259437306755
0.028670792113772509
0.028669709047088352
0.028669045867015398
0.028660360752455819
0.028657293335757183
0.028657030400214879
0.028656192496554867
0.028655429259270108
0.028651682777367075
0.028649196986428198
0.028645031362966113
0.028641815419332074
0.02863742657425802
0.028632896122204782
0.028626941048692116
0.02862593395744124
0.028625287589163703
0.028625163305803867
0.028615653228171424
0.028610730153717002
0.028607420703060386
0.028606505058574958
0.028605943780294192
0.028599342430262992
0.028599213343918635
0.028597206413865709
0.028595069644593078
0.028592187253305881
0.028590468707898522
0.028585184339091421
0.028582127541944575
0.028581547047287874
0.028577808348494407
0.028575578806020324
0.028574523812774699
0.028573559601929178
0.02856919931082191
0.028566311713295288
0.028556875913414319
0.028556121952590927
0.028553799621657484
0.028552293310885234
0.028547881702414402
0.028543729545797029
0.028543395051065183
0.028543047237241957
0.028542308472318027
0.028541014066931047
0.028536230425113124
0.028535292391340908
0.028534012637036886
0.028530708016237378
0.028528267815464293
0.028527074379364525
0.028518920287067987
0.028517073365335065
0.028513530573336363
0.028513495782946863
0.028505928823147956
0.028502411298821848
0.02850205206323134
0.028499356384108825
0.028497038975121621
0.028496731235623865
0.02849656412164411
0.028496054404772781
0.028494916071091694
0.028489435398428433
0.028486948942092204
0.028486830651646984
0.028484240271654256
0.028483226540515688
0.028480505569159209
0.028478663775642739
0.028472470764544022
0.0284714043072192
0.028465194073370257
0.028462164983350777
0.028459373979602607
0.028458408059415609
0.028454977242556748
0.028452063613868796
0.028440532538709283
0.02844051819939827
0.02843779803326402
0.028436911317573213
0.028435102061856791
0.028429514978773034
0.028427670485836908
0.028424123756981955
0.028423524744104978
0.028421998486207752
0.02841888882074162
0.028417916477451805
0.028417744752306174
0.028411677540396252
0.028407306682893166
0.028405380640486776
0.028398504815145102
0.028396605013301015
0.028391350662505543
0.02839096718823636
0.028390419368580128
0.028387032221874199
0.028382143780400552
0.02837939503578581
0.028379218403280369
0.028374829650559295
0.028374323316438767
0.028367756085909065
0.028364671551777045
0.02836397085495938
0.028358745696261727
0.028358114426371997
0.028352974771440619
0.02835084735844038
0.028350735371828788
0.028350410017570032
0.028349697201515634
0.028349382314062692
0.028349354675204483
0.028347867706030837
0.028338396063185164
0.028336658364267922
0.028334207437034679
0.028332389103252083
0.028330279171822112
0.028327030947457883
0.028323482894782145
0.028321276400287868
0.028319753755050026
0.028318927239708743
0.028318909966555179
0.028318128838314326
0.028314555983736108
0.028308585316063659
0.028308097881388338
0.028304002690016022
0.028303989682535304
0.028302201800858386
0.028301503346432184
0.028299237459015306
0.028298925746256278
0.028297665333428545
0.028296756802983932
0.028295793572272791
0.02829493788590981
0.02829377055673251
0.028288905473383693
0.0282885916642341
0.028288013774221018
0.028282502683884492
0.028281363110539599
0.028279512280870171
0.02827526926086597
0.028273440912268164
0.028266240007269426
0.028264307930434562
0.028264168851325905
0.028261051067636354
0.028260077416961325
0.02825963568038458
0.028257857525943168
0.028246527112291898
0.028240766534612691
0.028239358762054259
0.028237892884953257
0.028236386298163926
0.028236296805988676
0.028236045996034576
0.028234817774965403
0.028233688112491988
0.028231200283487339
0.028225489966957479
0.028213294326765854
0.028212001569749113
0.028211447570302972
0.028207759481796778
0.028200813036043788
0.028200491585632228
0.028198107773819932
0.028197848347569967
0.028197795976282379
0.028195448873912354
0.028190819459585764
0.028184648637205486
0.028183843592855015
0.028181345052370025
0.028169965224050832
0.028167982659732818
0.028162928303472438
0.028155568275879689
0.02815389277429604
0.028150507008640278
0.028146703532412203
0.028144448776795145
0.028144266313554548
0.028142330398541564
0.028141563442758269
0.028133577223336061
0.028132665560688046
0.028131518791690614
0.028131376394321009
0.028131311287989919
0.028129275004296083
0.02812870673302607
0.028128504565206696
0.028127653176909958
0.028126965768173563
0.028124919005089895
0.028124578732592633
0.0281245341300255
0.028121880193034375
0.028118871417924469
0.028117049367773386
0.028112924878238351
0.028110844724929238
0.02810945129500626
0.028107801773892941
0.028107079830248651
0.028103424402650554
0.028101872357682477
0.028094809513710114
0.028092856160111927
0.028092058683017625
0.028091007126566109
0.028083755565619546
0.028079588181213581
0.02807769273863207
0.028076899205792434
0.028075687683521248
0.02807101146839075
0.028062085984529282
0.028061823478043334
0.028056724554330451
0.028052778608069436
0.028052414095809889
0.028043287874307932
0.028042128963782966
0.028041594434831039
0.028028030501480613
0.028024128205042981
0.028021837880537949
0.028021171264382548
0.028016534292424095
0.028016098936347739
0.028015098783411466
0.028014145986068446
0.028008827630976573
0.028008409956125309
0.028005165051532058
0.028004819611753051
0.028000069315292798
0.027999405519513191
0.027999051465276897
0.027997259777642409
0.027995927146396375
0.027993811625809564
0.027988015306976654
0.027987597133038871
0.027984156620452595
0.027983836088009428
0.027978233337175643
0.0279704234482577
0.02796541773150997
0.027962886835300193
0.027954838621064293
0.027953997285881129
0.027952820011740133
0.027945359815227652
0.027940353516994455
0.027939742010394879
0.027936084977766167
0.027928679006653787
0.027927232895316376
0.027925301672602511
0.027925299190130721
0.027924366695116411
0.027922284845151423
0.027922275695601906
0.027920871304904442
0.027920626682708817
0.027918954862947393
0.02791634901605549
0.027915770992101428
0.027913326414378284
0.027912370628860959
0.027908948197422349
0.027905557085260397
0.027901236896143426
0.027901119952728759
0.027896688134883753
0.0278949474442526
0.027894574922431147
0.027893257890921754
0.02789113790815859
0.02789068535407388
0.0278904087611015
0.027887842884410312
0.027886847104544855
0.027882644220949326
0.027881306065695492
0.027880582148353272
0.027880135536081051
0.027876837343668914
0.027875117896219912
0.027870538913619056
0.027867127668893918
0.027865780896649196
0.027864559797139959
0.027864278171079469
0.027861161657289951
0.027855297050053667
0.027854181671615498
0.027852909235981146
0.027849852677147676
0.027848535387741586
0.027846043762275809
0.027841850770904644
0.027841611038225224
0.027840346370387795
0.027840061195935267
0.027835858691405466
0.027833272036817323
0.027829467571124814
0.027828266361552313
0.027826423670636039
0.027822351729419791
0.02782102929314681
0.027820034155377055
0.027818340419957042
0.027814283392332727
0.027809116070674735
0.027806136245588073
0.027802964649568763
0.027799706259663392
0.027799681218427959
0.027797561554039049
0.027794310720230527
0.027793883275436009
0.027792491937774742
0.02778468146436051
0.027782495404735298
0.027782393758549215
0.027779641897521402
0.027778344422677778
0.027774584004156333
0.027769274645814669
0.02776435735167164
0.027763954634898978
0.027756140189677349
0.027751443141640533
0.027750619199751168
0.027749340428746511
0.027747344901744884
0.027746735060142816
0.027744881609372309
0.027738697149339107
0.027726263087844604
0.027726109915455023
0.027725035660581182
0.027723089145396684
0.027718737307074869
0.02771705386355865
0.027715483523800325
0.027709566774080145
0.027706490346723067
0.02770612921193941
0.027702067858208234
0.027698773077476587
0.027692916515278793
0.027690458632829189
0.027690003155120314
0.027688770468922985
0.027688676164233778
0.027686654381036842
0.02767947760809638
0.027678114190523934
0.027677279363681331
0.027675741544130363
0.027664485849798994
0.027662859171510335
0.027658915141072746
0.027654805056375513
0.027653364652270779
0.027652230940671773
0.027651412251886439
0.027650642490578643
0.02764782081456385
0.027646684927511867
0.027645747967145154
0.027645257994948044
0.027643869571012929
0.027642860371925589
0.027641789239155543
0.027637987539763514
0.027636770215749579
0.027625534977375129
0.027613795482268225
0.027605069925138885
0.027603178544892793
0.027596521091282813
0.027594508123701782
0.027594383106670482
0.027589799905416854
0.027588830737406773
0.027588759790710522
0.027586347797626504
0.027586262636960176
0.027584817167218969
0.027580114395812549
0.027577994167888274
0.027577247784335322
0.027573273333215978
0.027572671285674713
0.027572492071395331
0.027571904549623921
0.027571022737060941
0.027570543941966643
0.02756594040240334
0.027563099497562398
0.027562546809436615
0.027557819047566622
0.027554705598674449
0.027553747554341892
0.027551651430242345
0.02755085735729295
0.027550676418982692
0.027550256067192198
0.027550186425584617
0.027549859443452195
0.027545731079336899
0.027542018124707059
0.027539358448415485
0.027537991874816144
0.027533697221038263
0.027531220629312781
0.027527997001590417
0.027527993642342475
0.027526504229506948
0.0275213826744201
0.027520313155992536
0.027515690736834825
0.027512491907131058
0.027506979020638544
0.027502033461914786
0.027498864461106044
0.027496911784095548
0.027493467899183183
0.027490757879883677
0.02748963502804138
0.027488802910062182
0.027487639541968756
0.027482706712428594
0.027481455363933746
0.027480530886383255
0.027480188428164815
0.027478818400265028
0.027478399132842571
0.027474594177200835
0.027472882347737454
0.027471442632291235
0.02746796024174666
0.027467796286011838
0.027465124045624116
0.027462785129544347
0.027459446540728186
0.027458438605412507
0.027456870359596361
0.027455723263212137
0.027454192841244892
0.027448979022491899
0.027447864774634304
0.027445919003385461
0.027440452742521829
0.027436565762178049
0.027431747541560841
0.02742789372156797
0.027420586902061988
0.027419970819524575
0.027419780501369537
0.02741959732590888
0.027418868780287393
0.027416391143934255
0.027416025384679184
0.027412652081490969
0.027411270536445483
0.027411112124079075
0.027407752775754829
0.027405203723478228
0.027401798405284443
0.027399624840594734
0.02739380728002197
0.027387676960569575
0.027387616440451529
0.027385051546302375
0.027383978240771191
0.027383571881954019
0.027382832083255811
0.027374742275990415
0.027371493151051855
0.027369138637633399
0.027368622765561793
0.027365034466670976
0.027363939098254016
0.027363696017496057
0.027362506880455991
0.02736178763329505
0.027355296432230621
0.027354573660951537
0.027352730593066438
0.027348617950108928
0.027347864071937084
0.027338205806245127
0.027332647402298144
0.027330835659915211
0.027327464309471004
0.027321672030126427
0.027316144434031967
0.027311269335568992
0.02730720955511716
0.02730621824527869
0.027306125253205846
0.027304226177688053
0.027303575518241287
0.02730303000897074
0.027302308788843172
0.027301243549526538
0.027300771751747336
0.027296805283822882
0.027293862352937098
0.027292797073145966
0.027292309449278011
0.027292276440733256
0.027292155029780763
0.027292103845056127
0.027292020682248765
0.027289959157882206
0.027289850613247024
0.027287374644596105
0.027280517495611382
0.027278000213403875
0.027275395981198554
0.027275197794102746
0.027268805988389593
0.027267926515394881
0.027266341206368654
0.027265803748830274
0.02726344888981732
0.027260000882387642
0.027257144213289883
0.027255575679748047
0.027250977136122213
0.027247913988827366
0.027246912803544326
0.027246505946851192
0.027242359730609643
0.027239991764477039
0.027237059468792613
0.027236666176802173
0.027235589775804148
0.027231897016126848
0.027229821080952923
0.027227633514587287
0.027226720347364234
0.027226651389552901
0.027224661797292188
0.027221485227261696
0.027221446415904748
0.027221154798349672
0.027221134134162682
0.027220041694225497
0.027218249903409989
0.027215787937698313
0.027209583255640039
0.027203610970956374
0.027203556891114086
0.027197797659102643
0.027192813581210371
0.027190641471033974
0.02718968227942492
0.027188948016165025
0.027188187569381076
0.027187187254669204
0.027186550894282516
0.027185426422575938
0.02718516041138009
0.027183365292020666
0.027183131303013294
0.027181745157651666
0.02717872790966204
0.027175634526610506
0.027175567712891719
0.027174120497259879
0.027173888497474229
0.027173837049884093
0.027173744317742422
0.027173346727920322
0.027170779424344
0.027167877905221044
0.027165357781996032
0.027162045957092346
0.02716114597954155
0.02715927338551483
0.027153321692988237
0.027152485414139272
0.027149038315231487
0.027144665085961677
0.027142940544891286
0.027141917318488928
0.027141359910995644
0.027132821182717513
0.027130771422346409
0.027130643890459591
0.027127842833120017
0.027127304176517254
0.027124814468618547
0.027123843828518516
0.02712319855325418
0.027122079728191348
0.027121863472924588
0.027121225030534969
0.027120241268333976
0.027115543145642341
0.027108399837732999
0.027106031402094676
0.027102954170097324
0.027099758913119523
0.027098837929360471
0.027093530719242535
0.027092849977668535
0.027091638870949324
0.027090406745979984
0.027085189797479814
0.027084934513440059
0.027082699922717193
0.027082356787693437
0.027080841644488044
0.0270766736453119
0.02707523278924763
0.027067402592514962
0.027064254627337993
0.027061503791297913
0.027061093778264374
0.027058643168063157
0.027058061867731072
0.027057778563451026
0.027056695178609928
0.027054691436608443
0.027051738596866437
0.027048402921788173
0.027045397634046224
0.027045123323536271
0.027040554974489577
0.027039231235030135
0.027035782511608694
0.027032280943459237
0.027030200221749456
0.027029867437269834
0.0270274516754061
0.027025928986220103
0.027021123251376008
0.027019918812923677
0.027019910637994728
0.027018051391497773
0.027017788854080918
0.027017369856197147
0.027014044716473035
0.027013875942889832
0.027013872986157043
0.027012187388485889
0.027010259702327868
0.02701003891581686
0.027009425626032278
0.027009411538872159
0.027007621263642815
0.027005466757126187
0.027005065399198537
0.027004548128919125
0.027003425892873037
0.027002914741555813
0.027001873460268506
0.026999460761042371
0.026999206797543949
0.026998233157368302
0.026997939754473455
0.026997573020967489
0.026996045464906283
0.026993987926272715
0.026993157520096647
0.026989809440934917
0.026986146620109858
0.026982914035556766
0.026980474629185965
0.026979139329555705
0.026976133380578429
0.026970490011866945
0.026967350565560228
0.026962623644347386
0.026961510325608014
0.026960342900940824
0.026959685154617052
0.026953368600778842
0.026952000286756889
0.026951045395973022
0.026948942508616854
0.026947555963312331
0.026946098806175552
0.026940451474506986
0.026929489219401005
0.026925588029799045
0.026925223882226717
0.026915539923504005
0.026913643174732702
0.026908919482178068
0.02690828921793964
0.026908045432103248
0.026907094114407053
0.026905386327818082
0.026903104454313927
0.026900985729433977
0.026900105361355533
0.026891949887882519
0.026889103407037342
0.026888157372815774
0.026887529321664688
0.026887488644271113
0.026885803593460485
0.026884071439689398
0.026880799849690416
0.026876592924251371
0.026875367321754242
0.026875357059113415
0.026868966065318189
0.026868021412863534
0.026867880641707555
0.026865744303636824
0.02686377085403267
0.026862899400548333
0.026858855461884063
0.026855459409736902
0.026853587268411732
0.026849030200444289
0.026846331013110968
0.02684206534773606
0.026840164490914836
0.026837179390753831
0.02683654164143915
0.026836418915011255
0.026833905136114652
0.026828300312757378
0.026826163481271842
0.026823396646158633
0.026821792011073382
0.026821286454527634
0.026821205231996402
0.026821140741100872
0.026817757756100642
0.026814233862741007
0.026810941925122969
0.026810560951317872
0.026810214426840947
0.026809899545282435
0.026804735190595726
0.026804431107664502
0.026803981558130695
0.026802287003576918
0.026800806682212061
0.026791901325190322
0.026787326967591063
0.026787226913200141
0.026784706622640785
0.026783198101987312
0.026781390431460831
0.026780566948127325
0.026779990283009203
0.026776935697429897
0.026774890156460566
0.026773313971203718
0.0267722980789281
0.026772081405202149
0.026770415331871959
0.026769026983628895
0.026764361375776084
0.026763785374494427
0.02675505323660916
0.026748692063319337
0.026747279886092004
0.026743115362157659
0.02673843564784998
0.026737089526615819
0.026735329216897023
0.02673272313482291
0.026728694874982053
0.026726703856233682
0.026724189353163948
0.026723535984855575
0.026722547127857366
0.026721192803831367
0.026720828040035699
0.026719948512694394
0.026719675794435901
0.026718276887736009
0.026714928034387676
0.026712628609084268
0.026712054032338065
0.026709130064721809
0.026707829962964617
0.02670094424633537
0.026700660569601742
0.026699493256441491
0.026698910449990128
0.026696862605158592
0.026696305865329173
0.026696032711706549
0.02669339468369929
0.026690899900969609
0.02668880952130415
0.026685957968637656
0.026678190338974089
0.026677445289141035
0.026675672091726055
0.026674495875961695
0.026669470141646744
0.026669024048368035
0.026663931341033259
0.026660242347029187
0.026658499267782212
0.02665603291549536
0.026653991959725218
0.026652147347707433
0.026648175538958929
0.026645757242006907
0.026644881115322695
0.026644543967448045
0.026643347548605922
0.026643089239482807
0.026642784814088764
0.026640232594829116
0.026637089420457158
0.026634272821840711
0.02663221028325698
0.026630064620233117
0.026629862889954503
0.026628046840683033
0.026627368642402009
0.026627186093012924
0.026627162079350026
0.026622886300011896
0.026621588060521378
0.026616743426344174
0.02661498529477339
0.026614620967641164
0.026614307534156313
0.026606978594522285
0.026603540606131473
0.026602877117205437
0.026601712808814203
0.026600409939116304
0.026597666855892051
0.026595800662237067
0.02659515987506772
0.02659419769791372
0.02659211254008902
0.026590593682941296
0.02658961570673074
0.026588624011146995
0.026587874353129991
0.026587715294815174
0.026586365838983328
0.026582123040022932
0.026576596285987825
0.026566501884046901
0.026563264929981182
0.026562919937383408
0.026562852401251783
0.026561369297387036
0.02655889353232244
0.026557851935273141
0.0265528172211364
0.026552796210787682
0.026550283665635416
0.026546855962719079
0.026544980196705006
0.026542363901887311
0.026540533784915003
0.026535664603346241
0.026533599655226132
0.026529823546019876
0.026527950881097075
0.026527407894574945
0.026526272704108907
0.02652597725773127
0.026522698537540593
0.026522143431380617
0.026518725828308148
0.026518263490065912
0.02651693378723766
0.02651589491973199
0.026511769690900737
0.026511151301966244
0.026508771235417325
0.02650780838984125
0.026495841730656246
0.026494994657225567
0.026493311533086858
0.026490481280881883
0.026490109642666036
0.026487815330826184
0.026486675841288165
0.0264801552037363
0.026479384415386394
0.026478500548901569
0.026477391978147132
0.026476905113238192
0.026472779236192703
0.026470175174173965
0.026470121060505222
0.02646649838430238
0.026463499717125583
0.026461565203542523
0.026461094404885043
0.0264610264117838
0.026460739341668208
0.026458778165892427
0.02645869307933758
0.026456405237912598
0.02645480032651432
0.026452465481046177
0.026450699743795617
0.026448821836710129
0.026447563695863489
0.026445286638154011
0.026445059609906476
0.026440322857049732
0.026438619954433695
0.026435987818600667
0.026435432019616848
0.026427380481698206
0.026426876683683792
0.026424394966834273
0.026422512170849205
0.026420085665843255
0.026419714190020174
0.026418223613354705
0.026417600710606014
0.026416213243689479
0.026415071367655241
0.026414293703981601
0.026413977482646393
0.026410982821201381
0.026407369975728418
0.02640501147122612
0.026403687716216012
0.026399162236789859
0.026397867011288226
0.026391302486023463
0.026390457041109667
0.026389922077319983
0.026385336319296248
0.026384556007589627
0.026383202311849974
0.026382692619617242
0.026380516222971204
0.026380419450274636
0.026377013030111602
0.026371398166409619
0.026368688202244753
0.026366877989720091
0.02636568756490807
0.026363153123308662
0.026361779146577485
0.026355905303754774
0.026353959076071701
0.026347235997197176
0.026340589722341903
0.026338793786326403
0.026338781285914818
0.026335716400471946
0.026334145052509729
0.026327188901828179
0.026323211305835863
0.026323145014924557
0.026321615541524648
0.02631632544056264
0.026315401300729239
0.026308429226140413
0.026307507760366472
0.026301848127898212
0.026299097275223549
0.026298713676404597
0.026288302101021982
0.026283446086065497
0.026280632359946071
0.026280623989293501
0.026279103653476917
0.026274820587569712
0.026274744930484685
0.026273926757944249
0.026273458887946775
0.026273285796495321
0.026272649417226211
0.026268723390213224
0.02626800826727331
0.026267718777148522
0.026264269159609582
0.026261418156167414
0.026260827048456004
0.026259771261015894
0.026254903982149844
0.026251159672205048
0.026249310337417356
0.026248957803402532
0.0262488212480648
0.026245860033518847
0.026241557988172143
0.026239293064078011
0.026237677588033404
0.026237148756120821
0.026237013184649018
0.026236316742691546
0.026236297078691951
0.026234942449637057
0.026234178697252884
0.026232826713178146
0.026231808441778956
0.026231744624722088
0.026230851455061769
0.026230499867915209
0.026229880008684769
0.026228048275337461
0.02622802750959103
0.0262269098114131
0.02622530756055819
0.0262241959141442
0.02622189738145483
0.026220283064589959
0.026218143533780335
0.026212605955235026
0.026211283665326705
0.026210697822761902
0.026210347172178825
0.026210247149127071
0.026208369815011213
0.026207874597583555
0.02620567639289199
0.026204407609936215
0.026201940755758997
0.026198362543605139
0.02619690845064316
0.026194939317940348
0.026192101965929009
0.026187695318939764
0.026183901592960829
0.026179875474998844
0.026172895441418612
0.026172641913478244
0.026171325608534843
0.026170132361081611
0.026169819200287211
0.026168806811693628
0.026168744568491581
0.026168306659159073
0.026167860194911449
0.02616598170445927
0.026151944434858427
0.026151618057850445
0.026148594808523634
0.026148477221491752
0.026147375364988207
0.026145478342952198
0.026142115998432122
0.026141045353586113
0.026140559356662447
0.026140309534535645
0.026138282922514123
0.026136998076438874
0.026134782745546037
0.026134511063882565
0.026133780997615829
0.026132458824534927
0.026132150366309708
0.026129849330191461
0.026128480398056365
0.026126700565196715
0.026125535378138942
0.026122247945510896
0.026120403002940256
0.02611828599954304
0.026112203154057673
0.02611198713767791
0.026111369564119732
0.026110216755038083
0.026109882270320055
0.026108354533111198
0.026104911367818985
0.026101952591739495
0.026099050647054783
0.026096597916718745
0.026094203306791824
0.026093677507269892
0.026088957733791423
0.026085979121750379
0.026084954852284778
0.02608298577446715
0.026081210653103801
0.026080064550467959
0.026079532949766969
0.026077985397722457
0.026077914343112817
0.026077757299558319
0.026074773164273382
0.026074692465389331
0.026074094424939041
0.026072858130664837
0.026071789515976412
0.026068713898442827
0.026067771366184274
0.026060513723663099
0.026057725032714169
0.026057345808507167
0.026056895596018564
0.026047123302185497
0.026040103229728884
0.026039855840167166
0.026038517635538761
0.026035798591307325
0.02603386047585006
0.026033610298328375
0.026033494177540362
0.026033231798587429
0.026032037765365584
0.026030958325900074
0.02603049300857364
0.026026666319004316
0.026026336945419899
0.026021540393312649
0.026012718497967338
0.02600854659849914
0.026007869574602237
0.02600419667420666
0.026001615817083976
0.026000596528173318
0.025999196485803754
0.025999105338289242
0.025997063033579852
0.025993792685676004
0.02599370971167396
0.025993214191279899
0.025992740898920647
0.02598924737092443
0.025988570067184229
0.025986942482445992
0.025986338978914933
0.025984241025967546
0.025982559999434798
0.02597560530563113
0.025975159994773008
0.025974185773064883
0.025967378150422486
0.025967063507767781
0.025966473525020222
0.025962828117097526
0.025962740876708065
0.025959198146576809
0.025957559632494822
0.025957138431606335
0.02595505617794874
0.025954802470496915
0.025953308013106878
0.025948374139935452
0.025948341939247124
0.025947508677041636
0.025944412963135165
0.025944067462748931
0.025935899553846915
0.025935069777714252
0.025929863603461056
0.025925933954778713
0.025922057500545912
0.025921088648510119
0.02592090127036175
0.025917956808094111
0.025914345328880484
0.025912661904706105
0.025910956663853131
0.025907215820103538
0.025906955715384629
0.02590409161796163
0.025903407539331891
0.02590294258514567
0.025902143930751371
0.025901070901344556
0.025900444333551167
0.02589834530477321
0.0258934155072429
0.025891305002546605
0.025888165031147128
0.025886822363807179
0.02588596014799301
0.025882394295790524
0.025877113069071388
0.025877065084620947
0.025876251816331425
0.025876084619476426
0.02587404287030267
0.025871485189266193
0.025869716099876251
0.025867849663008868
0.02586315715504553
0.025862458198334447
0.025862322021993775
0.025856393394381033
0.02585531900479832
0.025853968983089892
0.025844436511771849
0.025844272589562935
0.025843508460992679
0.025836991214198586
0.025833103738668262
0.025832252085131194
0.025830370363546483
0.02582885550113645
0.02582827130743506
0.025828080660933655
0.025826201060076583
0.025825668378810909
0.025823518547787562
0.025822242938930817
0.025819784307606907
0.025817851219500299
0.025817715994744452
0.025810432917622569
0.025809132800621776
0.025808424824797789
0.025807493443760099
0.025807333600493618
0.02580681066496179
0.025796566018537821
0.025794650430338382
0.025793592385829938
0.025790910979881985
0.025789585236514815
0.025789573357889391
0.025778370191638391
0.025773064565814203
0.025772108321200277
0.025771830275158492
0.025770743932011817
0.025770324749609313
0.025770137739550981
0.025769713846960685
0.025769643951709723
0.025764375820636651
0.025762973899357566
0.025761918741347999
0.025761092815505874
0.025760149022638002
0.025756472146075429
0.025754912740570058
0.025754239638816321
0.025750820301722391
0.025750240852594784
0.025748445607415602
0.02574591422291354
0.025744506418601747
0.025744172073944027
0.025743725021717921
0.02573901492896399
0.025738539339427571
0.025737681313268299
0.025737360989520654
0.025735891559107271
0.025734963623104398
0.025733470516464043
0.025733323953359748
0.02573039786710403
0.025720460071843036
0.025719672656611167
0.025714064381416837
0.025712171079790881
0.025707105210428082
0.025705878140710767
0.025704709690761971
0.025702829731834468
0.025701509472475501
0.025701432399064125
0.02569897247341214
0.025698668977679494
0.025698369040099006
0.025691248840363751
0.025689024538961602
0.025683557530016523
0.025683055167834732
0.025682882010145815
0.025682023932033605
0.025680403712583604
0.025679010434728082
0.025677906146526246
0.025677498998692382
0.025677324131453849
0.025674218361676431
0.025674101809959049
0.025671600156650109
0.025671547552971932
0.025670646465271466
0.025670538387392697
0.025669595247451778
0.025665640022119372
0.025664211443654272
0.025655804169591095
0.025655504833574806
0.025655260621596083
0.025651151199532402
0.025640298445508795
0.025637959185100135
0.025637850771352853
0.02563702536435793
0.025633488736783536
0.025631295973886987
0.025628555965143948
0.025627843814644769
0.025627619132373478
0.025627102276520146
0.025625817593867454
0.025622213814885251
0.025620789468532142
0.025618767452159748
0.025618035409042183
0.025610079945668565
0.025606533428344239
0.02560439189954512
0.025604128450904391
0.02560317441943525
0.025598933382108259
0.02559843785745923
0.025595029221765854
0.025593438797546504
0.025592634578901118
0.025591516437407879
0.025591215762748868
0.025589992409899287
0.025588799636017939
0.025586769563768087
0.02558230101338228
0.025579705146567537
0.02557938857828454
0.025578597950652
0.025575692663557185
0.025572754606511389
0.025567834987767171
0.025567127660617067
0.025566444586641694
0.025563509593485269
0.025562938350511582
0.02556122724047764
0.02555598981554251
0.025555523843514838
0.025554593569136856
0.025553628005837006
0.025550957449736126
0.025549333323270047
0.025533876558566378
0.025531121382994074
0.025530808104540243
0.025526022205234492
0.025520398172190838
0.025515262145475542
0.025515207227538469
0.02550904426257811
0.025506745135441856
0.025505896610387976
0.025503921003972481
0.025503660480700185
0.025502371958021755
0.025499286959422773
0.025497013859565962
0.025496461589593199
0.025494598620898586
0.025489554532078525
0.02548258967543264
0.025481246282909167
0.025481026561116456
0.025478803022767536
0.02547844964781356
0.025475856911927979
0.025471870964901919
0.025470571687391752
0.025469510598757215
0.025469115757220433
0.025465659604742688
0.025464253285178026
0.025463143838546642
0.025460707720457124
0.025459929028187445
0.025457116673121363
0.025456062044998846
0.025451742912036536
0.025451305823481707
0.025451142616594889
0.025449450580299779
0.025448083832701831
0.025447684634506324
0.025445539089421067
0.025443673945850231
0.025442176004348543
0.025441165287699824
0.025439419895729405
0.025437280567740878
0.025432247935462837
0.025431927219033066
0.025421135720150211
0.025420493721600202
0.025417433819227984
0.025416507787276773
0.025409685130767561
0.025409571247320083
0.025409528355056776
0.025408018133160626
0.025407676111837526
0.025407562257929197
0.025399223594335187
0.025398249322902747
0.02539695922522682
0.025391857119827596
0.025391779556719171
0.025390091723614588
0.025388887211203113
0.025382472845446084
0.025380582774730216
0.025380404234143158
0.025373718410578318
0.025368606820937264
0.02536736093242957
0.025366115784152501
0.02536603990241322
0.025365693757818362
0.025365227903468093
0.025360706036738987
0.025359872034798617
0.025359244317267535
0.025356719744976292
0.025356429981040405
0.02534940106836776
0.025344907390650699
0.025344081965199855
0.02534303111105107
0.025341564464812564
0.025339941831301092
0.025338669863671816
0.025335355322631131
0.025334166345940688
0.025331819263278099
0.02533050369723194
0.025327347031922069
0.025316357913936768
0.025312884864895902
0.025312049280722265
0.025308978465864173
0.02530893311852787
0.025306756601122846
0.025306170799044844
0.02530571320591523
0.025299409503096511
0.02529848609311669
0.025296389324344051
0.025293033499452548
0.02528941713316403
0.025288223793702339
0.025288087592081412
0.02528556699917734
0.025283200171605378
0.025282778533293117
0.025280829153844199
0.025279816311366773
0.025279077933944492
0.02527835242951346
0.02527747532926311
0.025277089807834361
0.025275215102878831
0.025270600548929132
0.025267436600335189
0.025265680753280971
0.025264702445923336
0.025259891895698477
0.025251917032755807
0.025250983752672776
0.025250720297663867
0.025248411587082718
0.025247986545664347
0.025247805768316364
0.025247263623196414
0.025246029884313216
0.02524599449493347
0.025239497453043731
0.025232967194674733
0.025224628468825085
0.025223779218904507
0.025217346684060598
0.025216467998028694
0.025211752117249117
0.025211548174454607
0.02521127239072465
0.02520989524429559
0.025208575780238753
0.025206141392974009
0.025199802438177692
0.025195248512899376
0.025191567807180484
0.025191440628264609
0.025191200399885871
0.025191176297449359
0.02519112518570853
0.025190573363182301
0.025190363401978715
0.025188485651284592
0.025187390664549253
0.025186660476455725
0.025182984645224706
0.025182618200460371
0.025181900884311464
0.025180978841319222
0.025179585926639252
0.025179087201794768
0.025175475891539179
0.0251751903929281
0.025174373411381987
0.025172461776827887
0.02517210101726371
0.02516686333109764
0.025166557508732236
0.025166199024490615
0.025165398945823321
0.025160829813599427
0.025160586651758736
0.025156875438391544
0.025155684307099763
0.02515444009702094
0.025148117016143282
0.025143943820204073
0.025142025394593665
0.025141470204645786
0.025138480825958789
0.025134423850091334
0.025133766005220465
0.025131857135954422
0.025130012525348921
0.025128486462332456
0.025125809434388347
0.025124382219189806
0.025122798879323005
0.025122058855310311
0.025112078022021818
0.025103581832718675
0.025100840489726467
0.025099084903004689
0.025092943347301985
0.025087207210565468
0.025086832430426503
0.025083223382265461
0.025082061848154674
0.025077961730899427
0.025076207389528721
0.025072829966600551
0.025071943378645857
0.025068716575681868
0.025068710401166091
0.025068687113767651
0.025064536739841242
0.025063952756024872
0.025062052384022766
0.025061636805968492
0.02505897286194992
0.025058677006904378
0.025054248379745649
0.025054204806694368
0.025052811003990885
0.0250410906393146
0.025040727103279408
0.025040610086337442
0.025039274540844061
0.025036722514267851
0.025035859763809752
0.025033114501375218
0.025027114800537428
0.02502625108569068
0.025020964226576407
0.025018084515357902
0.025017056386918392
0.025016936191332492
0.025008065896182912
0.02500728402823053
0.02500486343334056
0.025004359380880133
0.025001465770796066
0.024992517793842876
0.024989435572523241
0.0249894240625784
0.024988489911305596
0.02498808104903957
0.024987097767503963
0.02498637524435687
0.024984349219133419
0.024981700753381523
0.024981076555197136
0.024979874535920227
0.024978865424790133
0.024978648300320403
0.024977431663208999
0.02497658325362365
0.024976394881773577
0.024975620635001805
0.024974196354276609
0.024970422396941434
0.024970335528863203
0.024969847672918065
0.024967133626966689
0.024964144270172905
0.024963224796258079
0.024963180848504293
0.024962799817859847
0.024962647413788969
0.024955028768887038
0.024954695320240639
0.024952376003860514
0.024951109179270393
0.024950175546132752
0.024947522302944329
0.024946993061082362
0.024946750818140132
0.024946381225123323
0.02493945154497346
0.024939099084262815
0.024938191725156791
0.024937919961769368
0.024937451831872091
0.024935514606677558
0.02493525897361833
0.024934734314092818
0.024934224068750035
0.024930349911086842
0.024930164395977648
0.024928025046373391
0.024927960308446056
0.024924118526619351
0.024920854594700281
0.024919980398336976
0.024918227114131535
0.02491771707863286
0.024909961269752569
0.024909612138343737
0.024908907849354459
0.024908905060956606
0.02490889795840566
0.024907546316425232
0.024902357531307692
0.024901106289954667
0.024901090436165316
0.024899777396168207
0.024899183227141714
0.024899018509781549
0.024897560613965166
0.024895445058914327
0.024894838024218602
0.024885363504346818
0.024885349021347744
0.024884260582835993
0.024883642110320989
0.024882585521031619
0.024880800221787912
0.024879470211169985
0.02487761481174388
0.024877392379705366
0.024876682792575787
0.024876365914784371
0.024874408492639062
0.024873009372990685
0.024871866756663013
0.024871708828744284
0.024866093954304166
0.024865873352690103
0.024865615752906269
0.024860976896433708
0.024856307193651422
0.024855232471741245
0.024850751029172832
0.024849702120812396
0.024848420246156987
0.024845561470499419
0.024842774162409733
0.024840483652525898
0.024837068152443041
0.024836743239985956
0.024830364524919282
0.024829326906608874
0.024826293589978222
0.024823514051546976
0.024823344027366585
0.024821901217285877
0.02481928174675567
0.024818910487835358
0.024816920001738234
0.024815057050511735
0.024809025994625509
0.024807196171106972
0.024806860519635966
0.024804569256679787
0.024799525401383745
0.024796854974818754
0.024796461560623203
0.024792256629391187
0.024790671065773137
0.024789104650924796
0.024786621531329048
0.024786400447268198
0.024784954075418062
0.024783506826516755
0.024783480029540696
0.024782410066690755
0.024776425930611891
0.024775751272059218
0.024772103642561306
0.024771830214475994
0.024769148197784589
0.024764937874675347
0.024763943196872112
0.02476059713271592
0.024759987239434997
0.02475817730569731
0.024757838303083993
0.02475518291814716
0.024754751572300372
0.024752607409385018
0.024751285350986071
0.024750972381042832
0.02474817885568148
0.024747235820214077
0.024744933899890919
0.02474468050464023
0.024732194935214488
0.024730903757301956
0.024727005502954643
0.02472594987853886
0.024725505505824794
0.024722378480614732
0.02472229873760013
0.024721320326667469
0.024721308982659566
0.024720189261882495
0.0247190546616761
0.024717755024619321
0.024712510818677608
0.0247105856174611
0.024708197067739371
0.024707365121728494
0.024700758588905993
0.024699371498916434
0.024697708756435566
0.024696631202498594
0.024695210270828851
0.02469499785171464
0.024694246886313796
0.024693437238463616
0.024693433459224791
0.024692449647005708
0.024691599434246859
0.024688351171383769
0.024683465660201426
0.024680233254364307
0.024676073505049523
0.024675995371563061
0.024669433680253938
0.024668528836689442
0.024667621186983183
0.024664882254418229
0.024661622161599051
0.024659671652168886
0.024655965814968178
0.024655398750666722
0.024654478590585466
0.024644935519182273
0.024644920113219958
0.024643493760380285
0.024642953796899039
0.02464125056949806
0.024638419092028963
0.024636680857484421
0.024633422699276417
0.024632618213384277
0.024630161341289567
0.024628230458584387
0.024622610349183081
0.024621473244187699
0.024620795795982715
0.024618943289153507
0.024618735496835437
0.024612549565227182
0.024610794061324166
0.024607493747849606
0.024606960406447578
0.024603874653207663
0.024603822006992147
0.02460042840699754
0.024598815928090871
0.024596998141923294
0.024595351756196971
0.024594045885676125
0.024588786857137168
0.024586232825393135
0.024585304300655374
0.024583237426624466
0.024582880245225789
0.024581694042494717
0.024577220126511284
0.0245760362803038
0.024574075988673862
0.024573523389380354
0.024573201685717069
0.024569984241957932
0.024565927555720467
0.024565302417386404
0.024564310268152822
0.02456389109653068
0.024561769144189564
0.02456114678644844
0.024559464126744309
0.02455862116351068
0.024556039037351273
0.024552552402409548
0.024551318237508994
0.024542750162582786
0.024540996410597989
0.024539327512125644
0.024538721974308141
0.024532384178055953
0.024529707462876027
0.024529466086883674
0.024529373728000667
0.024526545089195731
0.024526220624546978
0.024526018425972941
0.02452434555244639
0.024523466188926122
0.024520214497425266
0.024518613183698242
0.024515052105493283
0.024513468675314693
0.024509350574982026
0.024509173543910866
0.024507565837320215
0.024507530412278954
0.024505685423929436
0.02449837306562884
0.024497261602176572
0.024495936785113512
0.02449467739994083
0.024493529199517351
0.024488142790637095
0.024485458472356596
0.024485057047756668
0.024484881850576998
0.024484701499413987
0.024483373895228956
0.024482051937721998
0.024481637588696249
0.024481174874703335
0.024480849980594067
0.024480260109915164
0.024477903501471863
0.024477600441172101
0.024475257197391062
0.024473858629142684
0.024472626823404234
0.024470782209588326
0.024470428987291584
0.024467926435674789
0.024467381219614448
0.024465931773684533
0.024463955566082284
0.024462542252708316
0.024460283256479306
0.024455302320859223
0.02445344176228717
0.024452966530288365
0.024450894728500403
0.024448078946352866
0.024447585071725259
0.02444736891076146
0.02444722115415016
0.024445980808168056
0.02444525053902373
0.024442892179032297
0.024442673329025034
0.024438264420440382
0.024436958969059064
0.024435993853117503
0.024435422090933197
0.024433292761925116
0.024431793046862899
0.024427432423080032
0.024426765829969554
0.024424852403556709
0.024424508411501244
0.024424141872806435
0.02442332685808303
0.024420108675524174
0.024419741106933675
0.024419674304987007
0.024419582431329179
0.024419229836425284
0.024418569328209294
0.024417741853334212
0.024417398259740763
0.024413455830355063
0.02441197482216052
0.024410405596000204
0.024408739454361374
0.024407790555491457
0.024407610883823677
0.024407380835038357
0.024406516834579041
0.024404302759921569
0.024404005358838101
0.024401218719612799
0.024398050919507894
0.024398013481849449
0.024396875313554972
0.024394988421547817
0.024390181495240412
0.024389448632715999
0.024387178519719731
0.024387011404513274
0.024385410922654029
0.024384946899050863
0.024379555037137939
0.02437937511469538
0.024375858383114905
0.024375377004537846
0.024372767251952074
0.024371889333559271
0.024371552321698561
0.024370167700724858
0.0243686402329297
0.024367383863843125
0.024365833731229296
0.024363370194759267
0.024363156026953558
0.024360925542562049
0.024359683350643088
0.024357816623974207
0.024354540672811283
0.02435171699677741
0.024350218106715726
0.024349770535071587
0.024348915234442551
0.024348344904990358
0.024346942528620588
0.024346816656037738
0.024344052240769562
0.024342601958117122
0.02433730008590658
0.02433660134774519
0.024334342517518402
0.024331090092886719
0.024327530082678586
0.02432546591867444
0.024325373001251913
0.02432443724715341
0.024320893713759895
0.024319714869716617
0.024318095738511063
0.024317734225017013
0.024315406703587127
0.024314302024849146
0.024313882049984744
0.024312016197027622
0.024307617750132522
0.024307268306199083
0.024306449534091525
0.02430643610594866
0.024305985395335961
0.024304105074824736
0.024302823698534169
0.024300832077522816
0.024299063498654804
0.024297524449474903
0.024292874299512913
0.024291976719923222
0.024291122239624749
0.024290412806195236
0.024283807064938066
0.024280918873196351
0.02428051234828409
0.024278206297653239
0.024277207424589331
0.024274739893912704
0.024274603543615932
0.024273482756218517
0.024273222824905308
0.024272634639146019
0.024270211483498279
0.024265532142129304
0.024265115841670265
0.024262532802734438
0.024259289788453816
0.024258733826761216
0.024258344762181496
0.024256267531068763
0.024255704293039703
0.024252746694770115
0.024248510000972338
0.024246481663936309
0.024246096152918319
0.024241225680397771
0.024241150411687156
0.024239806024921602
0.024238538480780097
0.024238488126727704
0.024237315600433258
0.024237136371521147
0.024236574761212052
0.024233763834341567
0.024231116277373618
0.024228717365179307
0.024227737880845392
0.024227069897765848
0.024226922459272257
0.024226568402225698
0.024223498040163625
0.024223481960365115
0.024222086749278563
0.024219102911008643
0.024218448267713209
0.024215363983898917
0.024214250183814727
0.024212636782332278
0.024211662947376086
0.024204448241411981
0.024200548046359082
0.024199967872347267
0.024199462139089686
0.024198829768929793
0.024196589367047626
0.024194556645313409
0.024193467901259383
0.024192722146556406
0.024190607163076285
0.024188458403159342
0.024187159838290277
0.024186305720046514
0.024184762117345555
0.02418139964215478
0.024180793517961808
0.024179827888573514
0.024179391476384305
0.024174133998183175
0.024173494813559487
0.024168696414071274
0.024168128154396156
0.02416807646754654
0.024168053017223936
0.024165936560099594
0.024162358319412158
0.024158473879564383
0.024155693928662025
0.024154984907867039
0.02415304424596983
0.024151560638203149
0.024151255439177659
0.024151228518427166
0.024151179169646059
0.024151013515452315
0.024150221846537083
0.024148687091254253
0.024148242483856466
0.024143730181523746
0.02414197260758006
0.024137385313411433
0.024135420765137361
0.024130845254308322
0.024130596735590655
0.024128185207366072
0.024126520940829323
0.024124854193376961
0.024124399840024204
0.024122989304671924
0.02412272691312816
0.024122400823508822
0.02411809865246042
0.024115848865310041
0.024113819899012109
0.024111359660599456
0.024108412361781573
0.02410825819135241
0.024107168819112922
0.024105770340851134
0.024104111748209811
0.024103785995141708
0.024103692660523736
0.024098914340360746
0.024094004488546827
0.024091661159338747
0.024091607038088211
0.024089024788967402
0.024088131280381366
0.024081893812498985
0.024081136067671875
0.024079568360307047
0.024076608595840918
0.02407603260544082
0.024073724775550982
0.024067897626613495
0.02406651299800899
0.024061838292469689
0.024059888925176881
0.024059642956067332
0.024052652216106401
0.024051584489490723
0.024050897059697283
0.024050821265942567
0.024047725200989419
0.024047246370410145
0.024046354359781034
0.024045669396948497
0.024044456345143857
0.024043366137775891
0.024041883626387543
0.024038973486412284
0.024036500210893749
0.024035423630089169
0.024034771680066992
0.024034320398273867
0.024033230549130927
0.024032531381421349
0.024031513193680142
0.024030778664874138
0.024029896261574774
0.024027780187744048
0.024026810807310204
0.024026601982364591
0.024022266690135109
0.02402085675525931
0.024017801952277928
0.024017044049545584
0.024015574885420405
0.024009812578954851
0.024009393324496888
0.024007461395667291
0.024002882807902151
0.023999733963655605
0.023997255463290131
0.023994636824713235
0.023993519561798762
0.023990217573277899
0.023989309452077397
0.023988545061571852
0.023985453772089275
0.02398444925874477
0.023982546163709987
0.023979770910115317
0.023979321338340978
0.023976232923520101
0.023975388234691093
0.023972307789059639
0.023971021986325496
0.023968937143013114
0.023968587912729006
0.023961553468943859
0.023961412077811294
0.023960699225862064
0.023960004003855923
0.023956755476142452
0.023953609822155792
0.023951001207821763
0.023950785112657205
0.023950535461567751
0.023949552460322616
0.023949363274372235
0.023948344083814403
0.023946583946920216
0.023946262400967335
0.023944821604935683
0.02394347424224158
0.023942541528696619
0.023942396492733848
0.02394190786772871
0.023941690480416139
0.023941455565853555
0.023940788551752138
0.023939030861209406
0.023934373643731788
0.023932770812032506
0.023932108226366291
0.023928193067060177
0.023925322009221064
0.023923080448836113
0.023922589090049982
0.023920973083015384
0.023917481473278872
0.023917272107515937
0.023915023982210817
0.023911559503333724
0.023909168731203051
0.023907898728156851
0.023907503188270465
0.023906037078173369
0.023902772088446784
0.023898349535359627
0.02389761054650423
0.023897513478254407
0.023891920569030126
0.023885246292155327
0.023883059993257624
0.023880937239667263
0.023879196282634855
0.023877713541871466
0.023870688394408947
0.023869904298074215
0.023868267906556415
0.023867376793932162
0.023866901042741809
0.023864050344836341
0.0238624026004167
0.023860704829430753
0.02385938256959122
0.023857770992100416
0.023854442729087322
0.023853610879953593
0.023852977435962409
0.023848246742744734
0.02384521411097586
0.023844860776016781
0.023844724917246467
0.023838481032112637
0.023834804667574146
0.023834391543602937
0.023831847620838564
0.023830830987526214
0.023827091711895149
0.023826320477231773
0.023826232216008679
0.023817312232986151
0.02381671088054076
0.023816611540276107
0.023813558064612286
0.023813477004352861
0.02381117891126117
0.023807213147529656
0.023806335563087699
0.023804024383832181
0.023802412979995372
0.023797957885258632
0.023796117428278103
0.023794963763868835
0.023790139370129412
0.023789243690966681
0.023785839913481082
0.02378559192336327
0.02378150532316213
0.023779693801343933
0.023779193428712084
0.02377805459181382
0.023776912023034065
0.02377562463805602
0.023774908130683173
0.023774787860967091
0.023772414264989335
0.02377183021462536
0.023771048414838358
0.023770053148436533
0.023768170248491819
0.023767061000774199
0.023766051738394311
0.023764570784524985
0.023763950026289091
0.023763676842309896
0.023762016796469675
0.023761625426131382
0.023760885457782398
0.023759999290925749
0.023759612418970268
0.023759329180003563
0.023758610786692402
0.023756838672496037
0.023756166291900221
0.023754925782704005
0.023753862594113148
0.02375151599971885
0.02374919916154378
0.023743594586339036
0.023742100757792071
0.02373871850329852
0.023736428524142008
0.023735439356439514
0.023735327805926885
0.023730753535654077
0.02373013689404305
0.02372992063769714
0.023728683988282442
0.023726862075527072
0.023726385498082835
0.02372590480065527
0.023725300010641381
0.023723230541049422
0.023719102559824026
0.023717832659270226
0.023717434455843529
0.023714777824402442
0.023713150749564069
0.02371128011842108
0.023709328334427734
0.023708852278940269
0.023706274682122636
0.023705388029305576
0.023702131666753116
0.023700394756618632
0.023700327097661344
0.023695116995575496
0.023694647636382477
0.023693883319396369
0.023688518549798084
0.023688473939226042
0.023687270219148435
0.023686404969654757
0.02368512192349578
0.023685071819179393
0.023681955311222438
0.023681839477973837
0.023680901868582047
0.023680844467089009
0.023680005241615294
0.023678335813538405
0.023676855148219985
0.023670898265177556
0.023668300897029627
0.02366739718470233
0.023666885460443311
0.02366248102688838
0.023658284248389845
0.023656674837880264
0.023655868500699249
0.023652992767704675
0.023652574244636682
0.023650107347870084
0.023648891778868628
0.023639296407353239
0.023638940503720229
0.023638054709011674
0.02363791954639588
0.023636981855575955
0.023635616782249919
0.023633466728875126
0.023632658565042455
0.023631391212269367
0.02362974895535206
0.023620353209402829
0.023620132255920329
0.023618273937899635
0.023616820762503512
0.023613230891162493
0.023613052129338757
0.023612739036850749
0.023610893324096115
0.023610450047221711
0.023609311279573494
0.023602803674993348
0.023600052916470403
0.023599416102175728
0.023594971584825406
0.02359417220869019
0.023592580011186689
0.023590145392696184
0.023590136614723731
0.023586697148245843
0.023586506075753171
0.023586319231436382
0.02358523898352035
0.023584883365251143
0.023583698883415837
0.023580796741756026
0.023578130174320318
0.023575867104732879
0.023575036573327064
0.023571906298189407
0.023570166715994136
0.02356995066805961
0.023568481684811043
0.023568378441493929
0.023566971702474931
0.023561362523579217
0.023559721846945277
0.023558784078174928
0.023558663889056614
0.023558318645252509
0.023555428198332187
0.023554779574235803
0.02355373149287307
0.023553229805263143
0.023549196672672617
0.023547160584820793
0.023544177605369886
0.023543994687052251
0.023543002874029571
0.023542053066369025
0.023541102780664194
0.023538436151890059
0.023537831870520092
0.023535741159768017
0.023534366410715678
0.023529828968442208
0.023528981853684856
0.023527190341862153
0.023526480802896769
0.023524189697886978
0.023523957316319379
0.023522585896670022
0.023522297683725751
0.023521467853366188
0.023521403251984922
0.023520833519069879
0.023520011162565663
0.023516566076870846
0.023516310384145298
0.023516118945911789
0.023515806841331994
0.023510786410592885
0.023510185843199503
0.02350935158962442
0.02350834320872304
0.023508153669379649
0.023505073077020395
0.023503957381581484
0.023498673245292357
0.023496312285155304
0.023494690547400523
0.023494133611790355
0.023491714770907349
0.023487810130089399
0.023487801471571659
0.02348660171734018
0.02348439198556642
0.023481781975652715
0.023480009809888555
0.023474358033018387
0.023473736959954101
0.023472004455846164
0.023469555042824386
0.023468491012319029
0.02346576846359406
0.023462962013736349
0.023460138764643566
0.023460025093664155
0.023457176675018968
0.023455762577578046
0.023455321431361361
0.023452021550299483
0.023451718521604929
0.023449777937456433
0.023448819856184043
0.023446791681387521
0.023446474386742962
0.023446422639655764
0.023438098976044042
0.023436606381710533
0.023436436035795059
0.023434117595349177
0.023433073026175911
0.023431837981241224
0.023429877584560565
0.023429278980844737
0.023429216769032445
0.023426933373767816
0.023426010577358387
0.02342581779887376
0.023424261833846213
0.023422966306469648
0.023422215347128662
0.023421547026577314
0.023420243844803283
0.023415827912823366
0.023415792318124937
0.02340688070250159
0.023404868860380353
0.023400257678737331
0.023399838572724013
0.023399429128239113
0.023398301334498932
0.023398073727961391
0.023393324898765853
0.023392658065033173
0.023392316465836741
0.023383765554693316
0.02338232650964292
0.023382155261743327
0.023381354168468659
0.023379455554234214
0.0233790969814466
0.023378758197328851
0.023376987518057911
0.023374833482161128
0.023374520024832472
0.023374467657925873
0.02337325996742105
0.023372577210075487
0.023371238974302478
0.023365938525437974
0.023365615254177314
0.023363598009811169
0.023363302774659894
0.02336183651282631
0.023361480128350803
0.023361286075133745
0.023358657518475105
0.023357043733834518
0.023356217773599527
0.023355456446792641
0.023355413603540678
0.023354952477713152
0.023354764699412032
0.023354104630082143
0.023352853485062688
0.023351934293079208
0.023347761596324117
0.023346137565016443
0.023345768480266184
0.023342695541939035
0.023341902102094903
0.023340414218224043
0.023334728594248597
0.023334295324958773
0.023332738207941125
0.023325318837258968
0.023323500964539369
0.023323226121122281
0.023320654583687039
0.023320503443968015
0.023319940154566225
0.023318708052850454
0.023316377559419028
0.023312540321629601
0.023311891724729188
0.023308418388804517
0.023307118797156402
0.023300146855945572
0.023298182586770161
0.023295999903967239
0.02329380595832076
0.023293059999631636
0.0232920164300419
0.023291978786013186
0.023291284526152679
0.023290652946976659
0.023287105577203392
0.023286194900399401
0.023285191207402023
0.023280164658955625
0.023278417581378618
0.023278331441772656
0.023274866519777396
0.023273967623526185
0.023269842710291117
0.023269472234321322
0.023266815461608352
0.023265605405095889
0.023263562792613438
0.023257675030043199
0.023256485005884179
0.023255345417183628
0.023254500266515123
0.023253526304081184
0.023248742831989043
0.023245593610528886
0.023244780749662547
0.023241102934327018
0.023237504259721625
0.023237365678637104
0.023235288886312169
0.023234716245081818
0.023234518743229536
0.023228367774705754
0.023228128155234454
0.023227409928350061
0.02322349942688224
0.023220370808083014
0.023217433523249165
0.023215074586959528
0.023213295325143941
0.023211700768694297
0.023211011605712942
0.023208673455025301
0.023208532562884888
0.023208017028219518
0.023206989836500016
0.023206058805534387
0.023205947634636688
0.023200613705021179
0.023199951569360864
0.0231998166377969
0.023196995015799006
0.023194051986491583
0.023194011180143203
0.023193713972448723
0.023191352415481835
0.023190611686688071
0.023185694658837595
0.023184687514570285
0.023181372414594798
0.0231810459822402
0.023178140644548859
0.023176082097028813
0.02317331434131074
0.023167916834026178
0.023167899525749859
0.023167437422642007
0.023166542267700003
0.02316594067029952
0.023165726103011011
0.023161700316391164
0.023161207727326154
0.023157862763458631
0.023157137442186122
0.02315525510226811
0.0231486315296828
0.02314843655508492
0.023146604032997231
0.023145865139683256
0.023142902080259427
0.023142099568680161
0.023140030335580583
0.023138431862258533
0.023138222350108588
0.023137158735797546
0.023128223397419979
0.023127833942965591
0.023125086037816999
0.023124510098683292
0.0231228499449866
0.023121769671396623
0.023119369137293195
0.023118392507832305
0.023118330951324095
0.023118075115262635
0.023117345657330247
0.023115795310798833
0.023115792377403799
0.02311300250869153
0.023112027221458685
0.023108015924733636
0.023106550510503154
0.023105186157974803
0.023104246650466391
0.023100040817285606
0.023099614091273563
0.023098473237315478
0.023097657741882716
0.023097489307126937
0.023095793441653818
0.023095742649437243
0.023093652224393846
0.023093298567384509
0.023087715110428852
0.023086696858712223
0.023085929302506587
0.023085796816708741
0.023084351095157551
0.023083866289414279
0.023083299565434576
0.023083293449151599
0.023081840297238952
0.023075861911010555
0.023075327313759733
0.023072079126968861
0.023071065973714503
0.023068070308667948
0.023068001235524029
0.023066072481800641
0.02306479052949573
0.023064534179366766
0.023063108894252015
0.023062578980506877
0.023060507918956152
0.023057945366551317
0.023056192141465242
0.023055389226848116
0.023055274904897494
0.023054682574367703
0.023054527234633516
0.023050327767811317
0.023047727050821303
0.023042548141884969
0.023041937607111027
0.023041828388657412
0.023041702408372049
0.02303569022360686
0.023034709348592752
0.023031443540175816
0.02303095003575845
0.023030455219647007
0.023029151514076363
0.023028678476773153
0.023027061097279682
0.023024480614132762
0.023023962835614479
0.023023381945816122
0.023020362405526872
0.023019969473961434
0.023019398281463006
0.023018699533054139
0.023018039258729067
0.023017408791793845
0.023016814862108197
0.023015586415815956
0.023015454833492714
0.023014619581981297
0.023014590018871975
0.023012217783681406
0.023011032783661546
0.023010576143913563
0.023009618843921546
0.023008988405012972
0.023006350579168527
0.023005426110106923
0.023004435545022163
0.023004352132525194
0.023003701353115233
0.023003207489218573
0.023002732028317711
0.022999877622447228
0.022999794511425729
0.022999751418024995
0.022997468922092371
0.022996701111849649
0.022993534742109679
0.022987714276402747
0.022984996522171182
0.022981607938362441
0.022975956664720323
0.022970965132030841
0.022963902554944793
0.022963893570745797
0.022963745409418968
0.02296117542082252
0.02295940015141941
0.022959302318329326
0.022954537785574419
0.022954410877658919
0.022954371733264114
0.022950969509002585
0.02294552176508708
0.022944724425204517
0.022929957899910924
0.022927613227767232
0.022927301674717234
0.022925674828725266
0.022924373537319489
0.022922063398081085
0.022918233905944021
0.022918215252850007
0.022916424535113129
0.022914368188000633
0.022910569002708839
0.022908586932985097
0.022908485317985162
0.022907717427652966
0.02290758393189379
0.022907030327887195
0.022906400161012211
0.022905797218954464
0.022903055657663703
0.022901547965851348
0.022900682221747574
0.022900612623101158
0.02289737697255937
0.022895049827724903
0.022894953539471061
0.022894795590778755
0.022892053232277939
0.022890221151456357
0.022889927771039417
0.022888790176104387
0.022886396533068384
0.022886300644687298
0.022885416163893404
0.022883760851915555
0.022883639691131972
0.02288341207561416
0.022879766654126318
0.022878673462679803
0.022878644264768804
0.022877172419824659
0.022871988693558956
0.022871917530857187
0.022871552463963222
0.022871315041643452
0.022868518567043732
0.02286807079243627
0.02286799055134402
0.022867836921327326
0.022863664206597554
0.022863096037448627
0.022862880312242172
0.022856936796706785
0.022856527445284682
0.022856020612082934
0.02285329268161379
0.022852916009056329
0.022852018394550127
0.022850951793015131
0.022849797731450155
0.022848287192222854
0.022847508133590808
0.022846977342014338
0.022844650436458256
0.022844467693525963
0.022841283071234866
0.022838833331314701
0.022837876598128914
0.022833460687200508
0.022831293854582206
0.022826312760787972
0.022823300415712473
0.022822061508814714
0.022821440480338941
0.022821273916931582
0.022821036970103025
0.022820170890923398
0.022814925923295652
0.022812444323947384
0.022809336024565391
0.022808863999049061
0.022808657346834391
0.022807928336222132
0.02280542640829664
0.022801978818509424
0.022795506531652632
0.022793153470346991
0.022792330395512438
0.022791690266887595
0.022789644921214394
0.022788000984887886
0.022787367789217736
0.022786338638401928
0.022783925628540778
0.022775663146343935
0.02277479756300765
0.022773785235629104
0.02277329234046805
0.022773282598054303
0.022770785327044872
0.022767804087475557
0.022766784778590798
0.02276670804211417
0.022766608035331221
0.022763180292298346
0.022755510681860502
0.022755287190130504
0.022754951575165546
0.022754010163925378
0.022753869360498426
0.022753578009907693
0.022748997522601254
0.022747715069515565
0.022747317066724535
0.022745657081152025
0.02274105929652824
0.022739775777035395
0.022737165987866109
0.022735653632836913
0.022734901711251299
0.022734002138359959
0.022726279323608753
0.022724242156793504
0.02272418223907529
0.022723674967851836
0.02272035351871678
0.022717297893117522
0.022716218412405301
0.022712541842836779
0.022712501531082979
0.022711640341434799
0.022709339053859006
0.022705453780215747
0.022699530368292274
0.022697345021931062
0.022694184361573347
0.022692859532002826
0.022690984347829811
0.022688524364267958
0.022687887439166832
0.022687631249480849
0.022680196204687086
0.022679289641782292
0.022677333481470913
0.022673810143379505
0.022673471599606494
0.022673415811495463
0.02267191382712205
0.022670765572452508
0.022669663040783123
0.022668489622604454
0.022668103750488697
0.022667509713812185
0.022666642259990714
0.022653593013764965
0.022653578854759528
0.022652800852011028
0.022652646837797351
0.022652346214672523
0.022651356707523058
0.022646895117400336
0.02264357652573161
0.022637425139720252
0.022633458198204452
0.022632702421702008
0.022628901970267772
0.022628688757895372
0.022625522294333827
0.022621926509760117
0.022617217393527959
0.022615127502353023
0.022614823512143105
0.022614649967372051
0.022613152408643044
0.022611470155988481
0.022606760193191241
0.022606653688154101
0.022605182761662884
0.022604979962956812
0.0226026183294867
0.022601222947862255
0.022601179211016915
0.022600617796747456
0.022599186867121646
0.022596345887644018
0.022591553993929359
0.022591381175869445
0.022591345147897623
0.022591082419339017
0.022587044305346821
0.022581453853162698
0.022581384402985346
0.022579523529422087
0.022575349611987809
0.022573886577809968
0.022572486767591979
0.022570321145898492
0.022568211256097911
0.022563825841245173
0.022560360541084349
0.022559531239325102
0.0225548515957733
0.022551832331477915
0.022551684812638473
0.022547855339823647
0.022542141808215468
0.022539662311938064
0.022537546219070066
0.022537131791582562
0.022534680805172284
0.022533744839337649
0.022530935550145483
0.02253018957506393
0.022529005620675072
0.022527816593689208
0.02252584557517456
0.022524989643912727
0.022523399018205409
0.022521935812466799
0.02252028543457105
0.022515912594625046
0.022511976245169051
0.02250530563541165
0.022500760962610673
0.022497178989107653
0.022496691970840504
0.022494808482656056
0.022493801003960933
0.022491924253008364
0.022491311368344424
0.022489868295471185
0.022487048276988768
0.022484674234350764
0.022479995659798118
0.022479377308970105
0.022478284035356566
0.022478147665364639
0.022476403949373343
0.022473628955454756
0.022470358295607385
0.022469736539943885
0.02246737045906079
0.022461194045709933
0.022459636293582795
0.022457603478267408
0.022453723770026714
0.022452700459402147
0.022451764454458938
0.022448949193327135
0.022440351658015681
0.02243824977928479
0.022437129016203219
0.022435691327249568
0.022431046590312431
0.022428978308812717
0.022428410904544567
0.022428149037836503
0.022426624474588101
0.02242660342402264
0.022425056037975136
0.022419680074416758
0.022419528219670019
0.022418148482091921
0.022414806060281293
0.022414535587488797
0.022400995300850296
0.022399955369660413
0.022397974306059186
0.022397827208910481
0.022397580617123016
0.022396218530298658
0.022395526702057932
0.022394991541361445
0.022394474613042042
0.022394203489902908
0.022392754199167114
0.022392307566577778
0.022390474915430517
0.022389789528708355
0.022388896472170742
0.022387255703812461
0.022385509094697921
0.02238112201930148
0.022379982637401791
0.02237877638599154
0.022378751311452814
0.022377098983618948
0.022375431920832255
0.022373641316085744
0.022373233230008855
0.022371388202288327
0.022370409086868156
0.022368530166171484
0.022358474552914596
0.022357161652330947
0.022354552539816525
0.022353642956196913
0.022352811198715572
0.022352598261121164
0.022348999540094016
0.022348249683957856
0.022347954236572803
0.02234746148830433
0.022346991181614997
0.022346539310342649
0.02234648309765851
0.022341892141768804
0.022341333391723818
0.022341125136211046
0.022336051862743438
0.02233339500837403
0.022332866923397237
0.022332681858418617
0.022332595901445044
0.022331360134429278
0.022330096123168559
0.022328728500364516
0.02232852502634405
0.022328196902488669
0.02232572967165046
0.022323870077951856
0.022321993090764443
0.022321683882308631
0.022318332115063483
0.022315230982303411
0.022312679741707173
0.022312182542555802
0.022310777778427941
0.022307506353466951
0.022306465857548193
0.022302778323346453
0.022302713880638973
0.022302071739433854
0.02230152612377214
0.02229982932226689
0.022299605962742632
0.022297700171184265
0.022294470963477253
0.022291709619552576
0.022290881766779264
0.022280846537508361
0.022277501646165765
0.02227289638424803
0.022271431226846355
0.022269368020633642
0.022267872341346726
0.022267287123895838
0.0222665762682486
0.022263259909813794
0.022261671951426629
0.02225964411326015
0.022251920629168455
0.022250225049938066
0.022250051944061152
0.022246337346767262
0.022244903110716759
0.022239910698064167
0.022238252515744666
0.022237969207348447
0.022236699850734041
0.022235622460447965
0.022235275972558689
0.022234311976999269
0.022234074499133859
0.022233189791213678
0.02223256233503005
0.022226703407707504
0.022225480047734815
0.022224344501021433
0.02222407468719536
0.022223352318954833
0.022221674625837719
0.02221589947223666
0.022214359530140098
0.022211884786542947
0.022211531027038656
0.022208013800436202
0.022205081954435529
0.022203850930526722
0.022201196576171735
0.022200897815588126
0.022199736764265541
0.022198527843790575
0.022197889680548033
0.022192771767423011
0.022191863327257123
0.022191480734228736
0.022190500710875874
0.022190474348621252
0.022189976568047786
0.022184971889820358
0.022184528212096998
0.022182856274201801
0.022181822093340013
0.02217987374344357
0.022179588024129001
0.02217895848350461
0.022178912943318838
0.022176402281983192
0.022174454937774833
0.022174452481643944
0.02217414558378053
0.022173490651277959
0.022172713422976522
0.022169697551187063
0.022169420504284509
0.022169346267949707
0.022169324511409405
0.02216757042420384
0.022167490588803806
0.022165702999780292
0.022163930774302319
0.022163589639889389
0.022162855579085556
0.022160554171829907
0.022160181596674402
0.022159635443096293
0.022152569633997466
0.022149516807569342
0.022143884071737879
0.02214349385826295
0.022143419180515985
0.022140997766470511
0.022140459356208238
0.022139330366196978
0.022139235409660233
0.022136114306876439
0.022130794679690209
0.022129429604622237
0.022128804106996601
0.022128432930104833
0.022128326802262153
0.022127817978294908
0.022125597499805742
0.022125537456040598
0.022123782788660354
0.022120969055771419
0.022117869511967241
0.022116949313265327
0.022116321629588022
0.022113833051709383
0.022112685607540341
0.022103554183665886
0.022101938922522466
0.022097462544473197
0.0220962307865872
0.022094779356983184
0.022092735354723031
0.022088229276334845
0.022086317704767443
0.022083685884972355
0.02208225282383975
0.022080696499986771
0.022080042020890693
0.02207851014032532
0.022074621872880305
0.022071760757125605
0.022071113065111416
0.022071026840762203
0.022069396663575842
0.02206885085079445
0.02206376103803857
0.022059960993060252
0.02205700191508746
0.022055035903136674
0.022053854883678066
0.022053786565975231
0.022049916599511787
0.022049828096686552
0.022048284496868117
0.022046992798185762
0.022045158533309767
0.022043824080579529
0.022042975959976757
0.022041404487743277
0.022041390452950074
0.022040062694440751
0.022039440901730548
0.022039057147697952
0.022037144334005915
0.022036945167583512
0.022036735591610328
0.022034516597605542
0.022033952054108439
0.022033852764566826
0.02203346913616281
0.022032706522067548
0.022032631502263717
0.022031260751979819
0.022030693230278984
0.022030539885338915
0.022030173257181051
0.022025896797532182
0.022024928204273011
0.022024364476864757
0.022020835729786276
0.022020609134889697
0.022020372551223751
0.022019276301647274
0.022018353418963715
0.022016872835675511
0.022010197924814234
0.022008269742573187
0.022005540755990007
0.022000907204753374
0.021999206919575225
0.021997340018242096
0.021997115783508846
0.021996654300079813
0.021994932005102111
0.021994325918303567
0.021991577928355755
0.021988904713755753
0.021985243202007471
0.021984569678856137
0.021984499933341027
0.021982120168422464
0.021980079076502689
0.021979409888736839
0.021978606905022093
0.021975456372086456
0.021974263373710775
0.021973775974827001
0.021972362416417923
0.021971325485082849
0.021970428018081824
0.021968499334067037
0.021966705489403989
0.021962399879228166
0.0219619937189694
0.021960836383278916
0.021959481363248674
0.021959232301421026
0.021949278650965406
0.021947678335701753
0.021946042539882436
0.021945770953919481
0.021945290341779253
0.021943406543567905
0.021941162658918947
0.021940898176386003
0.021940047899273316
0.02193659458986327
0.021935666131180427
0.021932416486876521
0.021932359424967698
0.021931851453763498
0.021930700849144762
0.021928665578192376
0.02192830702348748
0.02192529683316204
0.021923840278784881
0.021922935239285599
0.02191857461859209
0.021917716754741915
0.021913757841569848
0.021910522479490314
0.021910186727785851
0.021902687069432943
0.02190233687591904
0.021895940553720253
0.021892678822826993
0.021891334660213688
0.021890687335973231
0.02188997302240504
0.02188907359499126
0.021887895924546423
0.02188501544145344
0.021884851682065724
0.021881711188063709
0.021880926585253323
0.021879170852555516
0.021879010703393448
0.021878138759191475
0.021877693953588271
0.021877306938997861
0.021875536684128165
0.021873472376344211
0.021873234471376797
0.021872354571925715
0.021871473500250271
0.021870422089304894
0.021868386526153874
0.021863036162734079
0.021862096239003263
0.021860739821656875
0.021860093610853587
0.021860077688015456
0.021859473433150846
0.021858984567370593
0.021857254583124375
0.021854460045259677
0.021853749341451987
0.021842825346837617
0.021841862874312258
0.021840304337947265
0.021838340029868151
0.021837215584943781
0.021836265415606956
0.021833325525182662
0.021830820851242154
0.021830236680745258
0.02182965229298053
0.021827025450771788
0.021823520845196415
0.021821644286609387
0.021819301991860343
0.021818630317447969
0.021817834067895104
0.021814281855374512
0.021811779772109182
0.021808916814441515
0.021807137401417011
0.02180700437779818
0.021806357672950104
0.02180541237531813
0.021804340256670874
0.021798382869883219
0.021793722691942755
0.021789845354228961
0.021781854784728535
0.021781483714726012
0.021777253779550625
0.021771460079124481
0.021766589405901433
0.021766257545758668
0.021763332017830071
0.021762393103966528
0.02176067263354152
0.021757763251946283
0.021756956149509073
0.021750372227970827
0.021748778365578085
0.021747452047551075
0.021747127051303015
0.021744266009451875
0.021742044905421868
0.021741136937341664
0.021740797406157256
0.021740681412542196
0.021739435540002326
0.021739150496766751
0.021737275643707941
0.021737086467404639
0.021735587704979433
0.021732872393331545
0.021723539714914114
0.021722604561413332
0.021717974275869634
0.02171536382746311
0.021712143532059369
0.021711728427393273
0.021710516155066757
0.021709202497022538
0.021709132582208118
0.021708150874586614
0.021704296793273004
0.021704273762691507
0.021702396062400004
0.021698023873923812
0.021697347585571423
0.021695976751576841
0.021687676777442998
0.021686268345010761
0.021685651869519092
0.021685172520411859
0.021679549047092576
0.021678287344993271
0.021674762576863394
0.021673282162176309
0.021672586354358578
0.021671198369543867
0.021669389785370655
0.021668675434942525
0.021667928945981161
0.021665987094014068
0.021665705289105192
0.021665235569379555
0.021663358313670198
0.021663277158790805
0.021661173516727292
0.021661159799606887
0.021660260060558042
0.021659019976994563
0.021657469556153278
0.021651595621900499
0.021650940323066085
0.021648929114830018
0.021648537234974778
0.021647617171582444
0.021645872995331935
0.021640507391574307
0.021638086346835145
0.021636923089580342
0.021634976553772563
0.021631797275483464
0.021630288647887089
0.02162806717099542
0.021627726811808138
0.021627372989036699
0.021626936966859495
0.021624377129174904
0.021623907595485981
0.021623505172839667
0.021622846684407785
0.021622599852537353
0.021618514380694096
0.021617311581663627
0.021616874671809439
0.021613393064089031
0.021611959141047552
0.021608152657009713
0.021608067646736895
0.021605406159329689
0.021604170419157877
0.021604075461837863
0.021601621419790364
0.021601094491901635
0.021600881036415106
0.021600508188675111
0.021600167603474382
0.021596932050334187
0.021595265967906674
0.021593984616417088
0.021592894523348373
0.021592014969575437
0.02159039509244251
0.021590377498695239
0.021587082480915214
0.02158255480745843
0.021581529827822618
0.021581199909088196
0.021579896244134276
0.021578543167738211
0.021577204925791599
0.021574808210946785
0.021574745820125411
0.021574243175604545
0.021574130917585577
0.02157148626464904
0.021569720386246258
0.021568512841192017
0.021567000061752887
0.021563005752151601
0.021561966323377584
0.021558016263984372
0.021556441230779402
0.021555632619474064
0.021554823256857491
0.021554437442927746
0.021554293360048358
0.021554210158679844
0.021554086650458704
0.021552113142788105
0.021551800954097811
0.021550097482112771
0.021549335874767695
0.021548691924784688
0.021548649857435369
0.021546831441143163
0.021546592812582782
0.021546051995124122
0.021545842693997088
0.021543786455530876
0.02154310696968801
0.021540964450157036
0.021540178866798335
0.021535714065138517
0.021535415211979884
0.021534768167892775
0.021533857995175387
0.021533198633347066
0.021532614750768272
0.02153040416270554
0.021530117181379298
0.021529597953597223
0.021526662835085225
0.02152541193390263
0.021525056545888512
0.021524571502995613
0.021513440135282818
0.021511391216566794
0.021510686575492665
0.021509630418039914
0.021509626632174206
0.021508869335793136
0.021506655027610098
0.021499188108467692
0.021498188649904555
0.021497023200621218
0.021496799836461591
0.021496390262301886
0.021494777226233993
0.021491443596944954
0.021489708629851417
0.021489159756174422
0.021486466155541253
0.021485690630953926
0.021485583093165155
0.021485581411385006
0.021485306768372105
0.021485191159574955
0.021482184030333619
0.021479614118213322
0.021473651475627239
0.021473478333268115
0.021473043950202959
0.021472551130450282
0.021471826923927934
0.021471122713466507
0.021470999564330365
0.021469175464646415
0.021469080227673621
0.021466748249382384
0.021466360437651082
0.021465660926937406
0.02146217371509946
0.021461487081911611
0.021460909720021671
0.021459799192426167
0.021458747043264968
0.021456845675560172
0.021453548744812857
0.021453164212042238
0.021452909041795382
0.021450225818283999
0.021449153501540107
0.021447540446689482
0.021446450706008563
0.02144603412004846
0.021445810693266412
0.021445268302109476
0.021442512295760618
0.02144062499969103
0.021439998339516479
0.021438454121837081
0.021436311298387932
0.021436287037433766
0.021435196779431488
0.021433772229417277
0.021432162887025957
0.02143194581648096
0.021431357927810736
0.02143045372495947
0.02142755910282057
0.021425893093465379
0.021424917329791699
0.021422799750920561
0.021420370938139768
0.021419331567099704
0.021417784356330148
0.021414145033895216
0.021407067406865304
0.021403584537519248
0.021401937582552259
0.021400994842075988
0.021399056876871003
0.021395211044110903
0.021394480286195484
0.021389391871324489
0.021385553166535749
0.021384235064046464
0.021383916702320156
0.021383517023301876
0.021382472758307486
0.021382437870003396
0.021382400419345939
0.021382282148726353
0.02138126647244629
0.021380881890001757
0.021371718715406593
0.021368939237693976
0.021368938099290784
0.021366397039834121
0.021364839455922151
0.021362562049863587
0.021361217648948862
0.021360866599357538
0.021358588728474345
0.021356957854428288
0.021356423920232116
0.021354051916938673
0.021353365358220099
0.021352655655772927
0.021352544389011508
0.021351498150658038
0.021350279835662699
0.021349490711664414
0.021347681038539484
0.021347039095643915
0.021345190167432877
0.02134292472458325
0.021342519824886913
0.021341722026589103
0.021340698792555506
0.021337922094552968
0.021336254523963937
0.021329786560126181
0.021328755501236415
0.021325535573356529
0.02132282731275436
0.021322652306002176
0.021314630546093408
0.021314253536361665
0.021314068875977945
0.021313741522208201
0.021313355458807304
0.021309982393605112
0.021309332727568082
0.021306844355509072
0.021306495110753373
0.021305200317398541
0.021304765659598348
0.021300854224749179
0.021300712916615186
0.021299539859698818
0.021298661121968706
0.021298609015237297
0.021295158453919112
0.021293024026190481
0.021292720624068256
0.021292719648012291
0.021292369705270223
0.021292165811110351
0.021292047411840317
0.021289009956215858
0.021287228406076122
0.021286763584051731
0.021286108672131297
0.021284107368124625
0.021283112276450772
0.021278023077636137
0.021277448241472974
0.021275906950549726
0.0212758264638085
0.021272150527264565
0.021271254289627214
0.021268074252857108
0.02126714532925629
0.021264308407431595
0.021261072836314329
0.021260241038094221
0.021260173052234557
0.02125656951558726
0.021254554105389411
0.021252907954362521
0.021251758258297272
0.021251625473930971
0.021251033615633911
0.021249909998317478
0.021245957642013234
0.021244074092329736
0.021241199181475979
0.021238707677090789
0.021233296314764529
0.021231958719214638
0.021229769355023742
0.021229727498122429
0.02122815857519603
0.021227208201792452
0.021221180693791124
0.021219261093412857
0.021219007274656268
0.021218994459847675
0.021218760824216833
0.021218106124120048
0.021216859892642204
0.021215512539867084
0.021213168245567644
0.021210397489310476
0.021209605047179534
0.021208460376279065
0.021206794243192269
0.021206601706224185
0.021205662037281393
0.021202220138358947
0.021201723431352428
0.021201467250268939
0.021196929465553845
0.021196467714378785
0.021190473187599736
0.021190295094837538
0.021190146384149317
0.02119007070324435
0.021189352764453259
0.021186833920804275
0.021186059686414727
0.021183965069008295
0.021183476071654921
0.021179337794383666
0.021177655888979734
0.021177441216482334
0.021176727249298824
0.021176533447503861
0.021173727586105986
0.021173638562829139
0.021172984928348119
0.021171245716856184
0.021170703926157452
0.021167536351577265
0.021165721296102297
0.02116551124242683
0.021165507414052726
0.021165183528127785
0.021161497638584652
0.021161205696435325
0.021158916346236109
0.021158446521034491
0.02115812333553186
0.021156655077285886
0.021154093175811239
0.021153749491496159
0.021150540871034563
0.021148916494177734
0.021148659712772546
0.021145999863543066
0.021144448155612405
0.021143917761123152
0.02114286687721335
0.021132909115349943
0.021132644603314769
0.021132128796258316
0.021130027957552484
0.021127607232051607
0.021127550109283508
0.021126313736295317
0.021124983914538879
0.021124153943406807
0.021122017669509868
0.021117611039825644
0.021117602517566541
0.021116794457387147
0.021116182465454981
0.02111474598625036
0.021107429399832598
0.021105672943475866
0.02110524633117724
0.021102312240326996
0.021100328506368331
0.021100145011030212
0.021100101482428784
0.021098029677365134
0.021096716936977258
0.021094548148573571
0.021093355364987604
0.021091152303514896
0.02108901339866532
0.021088349963457025
0.021087792055776083
0.021087406792904044
0.021085910791654512
0.021082283940966066
0.021077219845054816
0.021076239114186959
0.021075070613134572
0.02107492030063712
0.021074890816004846
0.021073325610361335
0.021070606021802236
0.021068314554974189
0.021067854669093441
0.021067549714389931
0.021067190204076592
0.021065265164413465
0.021062551595394541
0.021060903887806272
0.021056617534428407
0.021056526544785077
0.021054213190805842
0.021053519774452314
0.021053268178718637
0.021052987100543853
0.021049136354376583
0.021047543662071132
0.021045562831735101
0.021045433283448864
0.021043769380256289
0.021041207249990094
0.021040598850366909
0.021037855730534603
0.021035012246199632
0.021032591405791664
0.021030468111417809
0.02103027529668882
0.021028358376698898
0.021026905889503601
0.021025303488421049
0.021023640467120148
0.021023494569779633
0.021022203414345946
0.021019563377043905
0.021018957560472194
0.021018694560049161
0.021016696459644359
0.021016294193638031
0.021015786629638905
0.021011496920174063
0.021008968455304308
0.021007160518790879
0.021005861972323524
0.021001306137462546
0.021000538160810413
0.020999718702483867
0.020998767998463223
0.020998703755151789
0.020995896294238068
0.020992532122458857
0.020991617066687576
0.02099067464262452
0.020989776135957733
0.020989009338753504
0.020988598223669653
0.020988265637895877
0.020987105089930305
0.020986253927117296
0.02098554000065735
0.020984959292456272
0.020981218912922144
0.020977322075965601
0.020976991026569837
0.020975225247657939
0.020972942435750586
0.020970942967276168
0.020969743196893369
0.020969653812001891
0.020969088239008962
0.020968954610061815
0.02096844691353748
0.020967859018156745
0.020967544186656518
0.020966054161630155
0.020965865777249605
0.020965297787126018
0.020965145960363179
0.02096508713302233
0.020964625086986877
0.020962323404139026
0.020962047256635755
0.020960426376979886
0.020960374470675218
0.020960269797014243
0.020959205025102554
0.020958628689910015
0.020958207363445933
0.020957807355131461
0.020957235919859353
0.020955044471557289
0.020954624803692718
0.02095266711776151
0.020951892591716034
0.020948570095991884
0.020947726362984677
0.020947226080652564
0.020946743991190599
0.020945239863226068
0.020944997147434124
0.020939767915321397
0.020938111325698842
0.020935486923082097
0.020933151984775817
0.020933067833903404
0.02093180947105952
0.020928797084587804
0.020924359599385055
0.020921098015493595
0.020919115212072605
0.020917256210031456
0.020916629709468032
0.020910929754447572
0.020907331827417091
0.020903574494038211
0.020901896786276308
0.020896002696652861
0.02089526873616843
0.020893933663409088
0.020892140870993978
0.020889811259418675
0.020889350040532419
0.020888415596564659
0.020887064337423752
0.020884976070425321
0.020883860436316171
0.020882529063609816
0.020881429659397113
0.020880826578075121
0.02087980651964149
0.020877957912529513
0.02087673558562422
0.02087625498132778
0.02087576201366928
0.020875545486511663
0.020875071505094652
0.02087452285507161
0.020874331015223464
0.020871175993077792
0.020870482221152398
0.020865328240645978
0.020863427338968697
0.020863232882218606
0.020861514969333288
0.02085983240044674
0.020859759163031556
0.020857793512389994
0.020854609707964121
0.02085039235099469
0.020848751638972089
0.020847191476765104
0.020847093673954434
0.02084643396516199
0.020846428795436928
0.020846100569604852
0.020845858383621435
0.02084106678362381
0.020841028801825184
0.020840764245631249
0.020838247556067752
0.020838008165965292
0.020835687644116446
0.020834973428775806
0.02083332618201978
0.020831188995774581
0.020830307404616583
0.020829285263749209
0.020828266102032249
0.020828069943344539
0.020826520655902105
0.020823477091930824
0.020820522751550091
0.020819113168411306
0.020817076856881139
0.02081637131558562
0.020814908261611205
0.020813479296524065
0.020811958317659852
0.020811687951449012
0.0208113992238338
0.020810390261223322
0.020809928381576408
0.020807974550384287
0.020807789040624955
0.0208077244937185
0.020807503880344181
0.02080604878274981
0.020804760297478152
0.020803261406449804
0.020799917108735383
0.020795966326543257
0.020794583397409042
0.020793525141424459
0.020792789974447546
0.020788457089745131
0.02078738361684412
0.020787026067625038
0.02078696337967792
0.02078510447327122
0.020783634004551965
0.020783432266064283
0.020782989520058293
0.020781820759282858
0.020781751039917307
0.020781525954510518
0.020779693242564783
0.020779652452303898
0.020778755905890664
0.020778266688390258
0.020777991448294338
0.020771977041470713
0.020771540127730651
0.020771033274678847
0.020768884006738597
0.020766147091466763
0.020765802848749564
0.020764024145708052
0.020763484139738511
0.02076259974209985
0.020760492149195623
0.020760469782322745
0.020759761872354045
0.020759481886423067
0.020758973217309924
0.02075893464020051
0.020758873881948949
0.020758852297661945
0.020757649018401339
0.020755699085977738
0.020753126218015418
0.02075134580791561
0.020746937323995216
0.020745601719877937
0.020742244426356464
0.020741211733681059
0.020740344225147232
0.020735980200800513
0.020734449573861939
0.020734385532469042
0.02073323027013288
0.020732904844419506
0.020731057725415114
0.020730703292439614
0.020729819583770962
0.020725739942336219
0.020724722347090548
0.020722614299067129
0.020721146000108343
0.020721106882699864
0.020720427757136738
0.020720057996445631
0.02071915228730746
0.020717003579683632
0.02071594557355921
0.020714116995981757
0.020713017027964936
0.020712339071799767
0.020711091575251066
0.020710766837613304
0.020709365120725777
0.020709173320038226
0.0207046115891911
0.020704288522267751
0.020703739827586783
0.020703536091442806
0.02070199224277143
0.020701539699384784
0.020699656524615268
0.020699286536766857
0.020697615788264422
0.020697479493609915
0.020697318924055276
0.020696265899336867
0.020694555990811957
0.020694214722599264
0.020690759415211146
0.020687330346165458
0.020686115129861592
0.020684076617120444
0.020681064329077108
0.020680374686631572
0.020676912130688611
0.020676850808853398
0.020676625175614523
0.020675762708022231
0.020672926461102411
0.020670671658582242
0.020669676826140581
0.020667602061378219
0.020666802581499371
0.02066595278452386
0.020665639577907062
0.020663419327057321
0.020660620668338708
0.020659759180231399
0.020658056743618758
0.020657643814715236
0.020657131015318294
0.020655725959373462
0.020653826100413122
0.020650205983822598
0.020649999184631583
0.020648816248085317
0.020647181086038975
0.020646275244542274
0.02064392530096398
0.020641663240752287
0.020640353927436114
0.020640232058160009
0.020634143433358263
0.020633202319914161
0.020632675137737966
0.020631363079914634
0.020630138016457928
0.020629727779555164
0.020629616060712515
0.020628696368849411
0.02062709123255017
0.020626774021584523
0.020626619328475163
0.020625754409273844
0.020625450273974048
0.020625304504795192
0.020625142848863603
0.02062423293589195
0.020621284117106554
0.020619447376511581
0.0206194378226883
0.020619005498664692
0.020618940654315698
0.020617092073325641
0.020611454812434638
0.020610737195078468
0.020610720268943599
0.020610680556013103
0.02060940318377635
0.020608887761734963
0.020606857641050677
0.020605966606011491
0.020603108708517236
0.020601033201152988
0.020598444271293585
0.020598281697725294
0.020597578994040282
0.020597534880463293
0.020597513301535749
0.020596505273279431
0.020593846187933376
0.020593388083869735
0.020593308179225032
0.020591127958149741
0.020588690777164742
0.02058765421842421
0.020586531065402047
0.020581504408530172
0.020579835072098745
0.020579600917656621
0.020578765447461778
0.020575756367455497
0.020575688496514217
0.02057273267489294
0.020572685261085636
0.02057160196639533
0.020570438175241231
0.020569859136796487
0.020569068840360631
0.02056888788219146
0.020568464377268614
0.020568040516618414
0.020567405456926795
0.020566359741231239
0.020564563102324955
0.020562495212045548
0.020559193642556216
0.020557693879737673
0.020556910370189443
0.020554263556450236
0.020553939951769913
0.020551305254849692
0.020548093401865582
0.020546815429145854
0.020546677355119301
0.020546477600804917
0.020545362692297495
0.020545191164573588
0.020543789097438377
0.020542784322457784
0.020542168362744934
0.020541525533154248
0.020541126480873927
0.0205395243574132
0.02053822281395656
0.02053782155491992
0.020535958600387847
0.020533109062400828
0.020529609415183628
0.0205266814813286
0.020526127281812745
0.020525511283385207
0.02052384898477962
0.020522499341504786
0.020522437684127034
0.020521454409385614
0.02051902337123343
0.020519018467917101
0.020518798398024223
0.020516688473634224
0.02051487107362656
0.020511140958478138
0.020510007937732205
0.02050875425696623
0.020507117252730165
0.020507091448324105
0.020504685751404801
0.020504533707096147
0.020502813307559268
0.020501192617691854
0.020499815800174265
0.020499692492437178
0.020498624917664677
0.020498423591143428
0.0204972209477737
0.020496353273847301
0.020496150595900802
0.020495836427994751
0.020495665647427531
0.020495105002804832
0.020493549391539599
0.020492910416920005
0.020492802272270811
0.020491816110416339
0.020491361631995022
0.020490985392713074
0.020490458910263409
0.020488953848061368
0.020487542693836978
0.020486853572099822
0.020486508800110766
0.020481760638965681
0.020477974264701861
0.020477712460680576
0.020476272451515381
0.020476219878422984
0.020475179560681539
0.020474395225459602
0.020469520869947876
0.020468112123818671
0.020467245916636189
0.0204669378040232
0.020463827912746885
0.020462839749518819
0.020462296914106389
0.020462013302411049
0.02046140251398915
0.0204557459267624
0.020455240461808872
0.020454626746223389
0.020451265854058702
0.020450106335826501
0.020449558820880478
0.020448293103677746
0.02044793205412565
0.020444369490171227
0.020442200148152373
0.020441415075959014
0.020439577569896793
0.020438696322162535
0.020438303691533675
0.020437460359985771
0.020437371344415974
0.020434777508947243
0.020433656718757874
0.02043315615521709
0.020431901589292506
0.020430551312146709
0.020429443597839179
0.020429300906945259
0.020428428794914105
0.020427665673881858
0.02042700243362492
0.020423039400808297
0.020422455399918361
0.020420690216223475
0.020419525944959153
0.020416275097905941
0.02041496527075732
0.020413880142979228
0.020412841564841081
0.020412557094107983
0.0204125263511334
0.020411003531790227
0.020409055735465149
0.020408551869704982
0.020408541935704062
0.020408144680121906
0.020407346886342197
0.020404369547967437
0.020401339116817886
0.020399217232446108
0.020397333112691152
0.020394311076543669
0.020390355399730557
0.020388286871108347
0.020385995819281424
0.020379683819785492
0.020377218639907737
0.020376853286250697
0.020375610218426009
0.020367889254659804
0.020367400385402686
0.020366100687960326
0.020364845337169885
0.020363389106908662
0.020362436477947478
0.020362371719635106
0.020360591349448478
0.020359111008927826
0.020358779465923984
0.020354652831964519
0.02035429554980241
0.020353075409840934
0.020353066276741008
0.020349488257721
0.020348333751864546
0.020347173914282757
0.020346621063902011
0.020342876645973305
0.020341319518891055
0.02033982940094161
0.020338918746402188
0.020338090049193333
0.020337799841138645
0.020336759010662946
0.020336440549721321
0.020334495236134984
0.020334348711008615
0.020333612761013937
0.02033072325146168
0.020330619625382688
0.02032896493970543
0.020327190517059036
0.020326797959194235
0.020326229880634053
0.020324351794312169
0.020321182757568241
0.020320173700349768
0.020319350049984166
0.020318039005201512
0.020317401094189651
0.020314693685728882
0.020314118149701282
0.020313711316533398
0.020313649181870869
0.020308868936636949
0.02030850960174644
0.020306344478194238
0.020305913224003706
0.020304670740244835
0.020303959262915883
0.020303285043573212
0.020302769103003288
0.020299359181181385
0.020299060583302768
0.020296971148718507
0.020296784215104297
0.020296465436523844
0.020291561698036236
0.02028988366031436
0.020289010923558087
0.020287649290959851
0.020287404878852101
0.020287126854269973
0.020284758530115649
0.020284453802130044
0.020283526268633129
0.020282547925238793
0.020281258268474999
0.020280337203345301
0.020279092377649938
0.020277842844520295
0.02027687663295466
0.020276329717014121
0.020273282227685468
0.020273059705980503
0.020272023804308589
0.020270699145609392
0.020270349701077932
0.020269217544960534
0.02026897635882401
0.020268354091178276
0.02026593299309682
0.020263193031159431
0.020262015339871244
0.020260332923034145
0.02025962215839372
0.02025960078502018
0.020258623615379289
0.02025830275641511
0.020255944214736026
0.020253303352036619
0.020253213852930642
0.020253088002129712
0.020251683448877747
0.020250305785760057
0.020249656391089891
0.020248239716483117
0.020248011869284318
0.020247522489081158
0.020247344541626883
0.02024110004762783
0.020237931413273524
0.020233993465175258
0.020230466004652069
0.020229930469916224
0.02022964507636139
0.020229630874742683
0.020228060376440402
0.020227021072728363
0.020226982146882282
0.020226296254998364
0.020226066643027164
0.020221620704041449
0.020220833505214132
0.020219223538742552
0.020218926433341756
0.020217842589875554
0.020216216224450981
0.020216197727107876
0.020212652300413889
0.020211076886110721
0.020210771337931987
0.020209445330018803
0.020209090999816402
0.020208033951217147
0.020207518490459719
0.020206339072173653
0.020204570773525238
0.020204001898431835
0.020203831474856902
0.020200882700355506
0.020200122633812604
0.020198450771232546
0.020198052556247272
0.020196679187628418
0.02019667488014263
0.020196464588456135
0.020196305260562663
0.020194625979222704
0.020193962501772703
0.020192404350200505
0.020192037951541651
0.020189109895496094
0.020189069710684144
0.020188893542011338
0.02018853432478469
0.020187207508422626
0.020185378876976679
0.020183851042687578
0.020181883957428048
0.020181353944903745
0.020179866510169085
0.020179483623695545
0.020178104119061305
0.02017722496268853
0.020174975354622697
0.020174925613476381
0.020172267318851678
0.020170503820171673
0.020170113409669833
0.020169956602975461
0.020168491739607199
0.02016840475315303
0.02016814753849816
0.020167752081548022
0.020167282139763574
0.020166575695537765
0.020163119722432923
0.020157967410838456
0.02015777389508934
0.020157748147409203
0.020156947202473099
0.020155347317634881
0.020155223031494873
0.020154758195050262
0.020153279972935374
0.020150791160847698
0.020150610636650673
0.020148488558955967
0.02014409447169991
0.020143860029523075
0.020143675336208849
0.020143413718982806
0.02014299801510213
0.020142755876002411
0.020141443692665011
0.020141078169350353
0.020141044725145395
0.020140357882483657
0.020139409753479262
0.020139339798842231
0.020139117078348281
0.020136551431972162
0.020134320608329034
0.020134290854193215
0.020130390240528297
0.020130164400005597
0.020129635592385307
0.020129024210791213
0.02012853100747556
0.020127431390338124
0.020126832378880161
0.020126748825431626
0.020125202863894614
0.020124609382943612
0.020123783903612889
0.020123765798779229
0.02012354944313581
0.020123444205277053
0.020122518887107237
0.020120843549485831
0.020120235102380635
0.020120213122736749
0.020116977828660305
0.020115113375630267
0.020114340332482845
0.020112894552216168
0.020111143046098585
0.020109028394456885
0.020108509761403361
0.020107607125751745
0.020104903653931458
0.02010389388414207
0.02010144260243886
0.020101315895122204
0.020099223648580602
0.020098267249059183
0.020097955080771938
0.020096945655185092
0.020096033710665054
0.020095909898815996
0.020094667517970132
0.020094234246511019
0.020093551024053264
0.020089631592904601
0.0200894287605685
0.020088934709554706
0.020085710710351829
0.020085157598990933
0.020085046640608509
0.020084390900159097
0.02008418163627218
0.020084091064394294
0.02008295785373327
0.020081122051699499
0.020079918254607927
0.020079467112737413
0.020072822936198529
0.020072605238117758
0.020072075450460712
0.020072008916540339
0.020072002599446973
0.020071663863217924
0.020069645228475215
0.020067108622074354
0.020060277340523489
0.020055944384186758
0.020055085430711644
0.020052806115424971
0.020050985819072404
0.020050512991159768
0.020049603333534453
0.020049547245980952
0.020046807519632337
0.020043570066444038
0.020041150461100613
0.020040764574898156
0.020040737313768042
0.020040528125299509
0.020039735779585028
0.020039529336023671
0.020037330899538065
0.020036139231120138
0.020034431687487326
0.020034334238498302
0.020031878854603828
0.020031411227053552
0.020030267405346278
0.020029698534576389
0.020029456612461086
0.020029313913964335
0.020029134810979683
0.020028944450822556
0.020027919770902559
0.020027502925640799
0.020025929154994508
0.020025820223447385
0.020025406320497915
0.02002347673857726
0.020023329881150517
0.020022490658197153
0.020021987578467623
0.020021111990729371
0.020016791356284334
0.020015540177253578
0.020014853765613277
0.020014165245794736
0.020010753142285592
0.020007315815068642
0.020007104198227342
0.020006969873697822
0.020003270926079685
0.020001500184142474
0.019999588270953304
0.019998926377932536
0.019998508679432533
0.019996710389084356
0.019994540134507716
0.019994093062071939
0.019992427923518546
0.019991582648687899
0.019987235903863958
0.019985553772824072
0.019983032112290335
0.019980753773031004
0.01997999530390393
0.019979357855036826
0.019978975650034283
0.019978216282988161
0.019975615770431304
0.019975473322864451
0.019975250898021976
0.019974977960584738
0.019974833655185528
0.019972536755944084
0.019969287870241006
0.019969266509432551
0.019968550077640496
0.019966011013439679
0.019961978908998208
0.0199619273913644
0.019960795307573279
0.019960139308210636
0.01995937048041669
0.019958008703376103
0.019953100364043713
0.019950936438431353
0.019949801394904737
0.01994968622343719
0.019948257989835745
0.019947656363038736
0.01994650089234409
0.01994270725198256
0.019940498511230236
0.019939714497810724
0.019939291534276388
0.019937396861125216
0.01993647693625817
0.019935471082972188
0.019933415455857938
0.019927057823117069
0.019926139580522282
0.019925909889419523
0.019923106748684409
0.019922766357101853
0.019922329913487372
0.019917902100349175
0.019915807074128641
0.019914668807831305
0.019913823012337073
0.019900071140553276
0.019898987011102948
0.019898187694572283
0.019895756204996715
0.019890327015731804
0.019887305379728864
0.019886640248359941
0.019886435368216916
0.019881395096567091
0.019879653441129547
0.019878768655681431
0.019876854796413043
0.019876278146366846
0.019876036596707978
0.019875870074371808
0.019875200452006265
0.019872344528530754
0.019871473968339156
0.019870764823676633
0.019869366967613634
0.019866247636353879
0.019866179921337251
0.019865618572502561
0.019861848192267644
0.019861251673024979
0.01986083432555915
0.019860530285897716
0.01985938477854644
0.019859323950632463
0.019857363180917225
0.019857008839430819
0.019856234399705425
0.019855175530756806
0.019853414953039009
0.019852155043918393
0.019849748292144864
0.019848710652588274
0.019846983224691951
0.019846487729288258
0.019846310135735932
0.019835829944660651
0.019834848087671279
0.019833432866135186
0.019831652638108023
0.01983108373995443
0.019830836346375197
0.019830650829819333
0.019829182438425491
0.019827466624619407
0.019827140385984258
0.01982289004429964
0.019820512667855669
0.019819472808719492
0.019816937358708226
0.019813889197872438
0.019813513019364373
0.019813254515244582
0.019813088037864555
0.019812507458076528
0.019810988377479254
0.019810368469584897
0.019805792556228455
0.019804956241356045
0.019801783536712001
0.019801652966811613
0.019798918708111769
0.019798362318868317
0.019797996811626306
0.019797552736704888
0.019797249826388034
0.019794637717016075
0.01979457689647264
0.019792939236442746
0.019792848232765902
0.019792314595052249
0.019790807625202508
0.019790535667171472
0.019782592743792862
0.019781232969970888
0.019778664499123334
0.019778176023206657
0.019778058548110274
0.019777446372233491
0.019776800434305412
0.019775653586663687
0.019774774757242087
0.019771564464425313
0.019769450855072743
0.019767390551702201
0.019767189762879573
0.019764543127190608
0.019764266276208534
0.019762747730002739
0.019762374844123083
0.01976029263192371
0.019759896090799312
0.0197569460708872
0.019755778889800877
0.019753571595847425
0.019753507559220201
0.0197529291705985
0.019750244538235318
0.019750200813834818
0.019746200987936977
0.019745127132760647
0.019744903873321441
0.019740141039409173
0.019739121751050481
0.019737080571346575
0.019735776911466659
0.019733755650017455
0.019726667659046661
0.019726483700920623
0.019725164915774984
0.019725139470606515
0.019723466004671734
0.019722025378163512
0.019720648074636526
0.019716927695830864
0.019716603212122881
0.019715216752729973
0.019714508471804677
0.019714410346480981
0.019711010813121908
0.019710749858399296
0.019710313077503386
0.019709798452836772
0.019706278377363801
0.019703881411091528
0.019701417920562805
0.019701088167662612
0.019699239979751947
0.019698000622221681
0.019696863858060243
0.019696800373274034
0.019695858515205236
0.019694378192066386
0.019693596788672513
0.019691484003544563
0.019691258163154254
0.0196898178222371
0.019685118860469034
0.019681036571621933
0.01968081081319727
0.019680326973762222
0.01967889702623404
0.019677533072369576
0.019676639253979809
0.019673899318148017
0.019673622722871782
0.019672919989730486
0.019672178474312435
0.019668933956909756
0.01966845740193578
0.019667467867551074
0.019663936320527806
0.01966050046399663
0.019659418517332067
0.019655657030107652
0.019655325391128763
0.019653347700831585
0.019651456684762366
0.019650379575488403
0.019649565161336958
0.019649111551067144
0.0196482199376668
0.019648130516386936
0.019645582159642992
0.019644557520302339
0.019643341453315571
0.01964323562756878
0.019640368676761239
0.019636586903725051
0.019636006786580867
0.019635857125527647
0.019634833648872883
0.019633503055101927
0.019632644845510475
0.019631291597617236
0.019630785866203142
0.019628964980779921
0.019626600790401991
0.019626228782987996
0.019623910860971715
0.019623644190235282
0.019618961517514667
0.019617953786666736
0.019617902644017051
0.019616772101873171
0.019614257608872806
0.019613116133330197
0.019610968415485049
0.019610384071561394
0.01960821736347762
0.019607503023732417
0.019601144861721018
0.019600585215743684
0.019599618292788168
0.019598085532557024
0.019596312138652063
0.019595591480034764
0.01959544471972173
0.019593043613510028
0.019591772526264425
0.019591538438093862
0.019591022692516589
0.019587814234211211
0.019587556133525957
0.019587224741771204
0.019586065881916057
0.019583327366621234
0.01958267562091362
0.019580818579663237
0.019576434017662975
0.019575160053283081
0.019573602838786935
0.019572463831169326
0.01957182753612851
0.019570808813944299
0.019569917494672823
0.019569406071214362
0.019567984555282299
0.019567647889843422
0.019567109371704368
0.019566591740470853
0.019566428491205774
0.019561191716221706
0.019555750414460761
0.01955460324284735
0.0195542970144701
0.019550524315739774
0.019549608991069285
0.019548955893531835
0.01954657962937513
0.019546249903183301
0.019545749035515335
0.019544313025139322
0.019544216182561198
0.019541829255718908
0.019541090569210603
0.019540862390990892
0.019540024309469172
0.019538797408896358
0.019538662852864916
0.01953855616310313
0.01953697271909087
0.019532308140356166
0.019530113408945237
0.019529566674192391
0.01952922411237222
0.019527633873471215
0.019525857989740904
0.019524317652297681
0.019522771191404397
0.019521263783749687
0.019520802113276114
0.019520513162122787
0.019520461227740784
0.019519285553931121
0.019518883737808183
0.019517610036196242
0.019514928089730765
0.019514584582267729
0.019509768092486546
0.019509178584763798
0.019508419198573976
0.019507593458299069
0.019505203964248256
0.019504910829041624
0.019502086041679429
0.019499254450289306
0.019498539384625185
0.019495917110727838
0.019495391733545669
0.019494868997994089
0.019492610751677703
0.019490014463025705
0.019488186642260676
0.019488102754191928
0.019486011108994741
0.019480000574298145
0.019479080436736185
0.019476985994171608
0.01947449421164384
0.019474348740010448
0.01947241559625661
0.019471818112605881
0.019469858803843276
0.019469484548924824
0.019465409816591207
0.019464379602458306
0.019463875343175757
0.019463399952931355
0.019461340083727557
0.019459721949523567
0.019458907555814149
0.019456489490288394
0.019455905211983465
0.019455444568858147
0.019455192691305526
0.01945306839327008
0.019452024189934775
0.019450868699339676
0.019450434475899218
0.019446190351334949
0.019445871203947772
0.019443301703295123
0.019441678514147097
0.019441465294817502
0.019436055461827712
0.019434993015982321
0.019433522384748679
0.019433438418443798
0.019431766752759639
0.019426228883116226
0.019425880937538047
0.019424372874540106
0.019423351128292729
0.019422922626682552
0.019422479901564191
0.019422216187814409
0.019422094532627592
0.019417528997021889
0.019417171596155063
0.019416833956577045
0.019416609648943671
0.019415760583196835
0.019415419512778483
0.019413471250498845
0.019413285057443143
0.019411996457829157
0.019411570555490906
0.019410234573418124
0.019409348861215547
0.019407540432574283
0.019406794363327699
0.019406598962742098
0.019406249427785273
0.019405431504374949
0.019405055957118198
0.019404526127494853
0.019403509641673439
0.019402928620598364
0.019401973002909401
0.01940072598750027
0.019400320315103026
0.019395303429050121
0.019394879986643621
0.019393540332345121
0.019393078095177152
0.019389240519008536
0.019388329392871721
0.019387920497592959
0.019385692847359994
0.019384399893363845
0.019382865770093145
0.019381437235964492
0.019381045393206738
0.019377811487539875
0.019377666642222836
0.01937030983510081
0.019368002421210864
0.019367641483309644
0.019366601049710948
0.019365775896436337
0.019365377525523048
0.019362307293552219
0.019362092395079279
0.019352419811639501
0.019352300317835542
0.019351050607515952
0.019350437048981404
0.019350057856978665
0.019349551728108101
0.019348374488292411
0.019347284426716651
0.019345987296762797
0.019345051084002619
0.019344021440058846
0.019343412252740434
0.019342629735255398
0.019341196803252962
0.019340044084283071
0.019339952225018095
0.01933960009083794
0.019338888062497492
0.019337950185478337
0.019337375308087781
0.019334270815911599
0.019334018411780812
0.019333724239946726
0.0193333951537417
0.019332984375403761
0.019331568548426863
0.019328546574114668
0.01932746426175351
0.019326044984233702
0.01932575646459184
0.019324299360052338
0.019323578292921039
0.019322149530988784
0.019320998229738619
0.019314707226500687
0.019313273741571182
0.019313096129799891
0.019311919757397725
0.019309803146367759
0.019309045988139702
0.019308723295690479
0.019307601451816231
0.019306181587862035
0.019305068856334599
0.019305003324003533
0.019296550605557298
0.019295402823493454
0.019294284332115667
0.019292109522241266
0.019290296351668412
0.019289745371095551
0.019285641578051922
0.019284700951524819
0.0192841263872407
0.019283850955151859
0.019282431388962299
0.019281793757648786
0.019277751816189993
0.019277574522427163
0.019276922431935139
0.019276703361699808
0.01927617358052551
0.019275981425706856
0.019275169704821144
0.019272420326578107
0.019270178528466755
0.019270021258514746
0.01926612030757727
0.019262426545883671
0.019260242150962632
0.019258304362341737
0.01925257359764038
0.019248470378875091
0.019246194981727333
0.019246023548125622
0.019244509115142579
0.019240862951668276
0.019240535519921078
0.019239131878607728
0.019236310756428881
0.019234613455938656
0.019234468075691943
0.019233011787365147
0.019232652125752103
0.019232420050829785
0.01922938208320581
0.019229003499853684
0.019228430917580933
0.019228378004668225
0.019228287895921108
0.019226123746690461
0.019225745653682177
0.019225704122301041
0.019221332045649204
0.019220232912236405
0.019219735626255514
0.019216671052814795
0.019216493189043289
0.019211483039205651
0.019211347180067544
0.019211012186049533
0.019210089235959706
0.019210054793757089
0.01920902894247534
0.019204533046796819
0.019201177055981254
0.019199708804148737
0.019198518443969862
0.019197314144857303
0.019197164125488119
0.01919656146816389
0.019195408455163033
0.019194752601272954
0.019193894123729859
0.019192220550060687
0.019189909883740985
0.019188818177058295
0.019188164440540043
0.019188107329524227
0.019188083727603361
0.019185767118575388
0.019183578172656601
0.019182766292176287
0.019182225756962826
0.019181577653359771
0.019180861298797862
0.019180696478497464
0.0191802071377709
0.019179479851360388
0.019178612360064115
0.019178303454739181
0.01917647489708179
0.019175099039553441
0.019174840320727707
0.019173870748986376
0.019173757223699826
0.01917305347261003
0.019171414417245569
0.019170063940214074
0.019169895430736449
0.019169126139677795
0.019168052111017738
0.019164454264810206
0.01916049540236496
0.019157483467366919
0.019156379941393249
0.019156039711328773
0.01915559327132051
0.019150804122113604
0.019148728579026157
0.019148288607534879
0.019147880785589537
0.019147704859129314
0.019146524316592861
0.019143582885340866
0.019140863395352876
0.019138537976995867
0.019136110000943903
0.019134795875874161
0.019134677185147608
0.019133335187134407
0.019132875473223794
0.019132016856281783
0.019131639829650302
0.019130391370558053
0.019127433824982776
0.019126959737357094
0.019126529745140508
0.019126463336368828
0.019125669177073278
0.019122952092705037
0.019119184883185869
0.019118924464219075
0.019118065444758331
0.019114549207104755
0.019113736781652433
0.019112004825173088
0.019111536900560062
0.019111036266183795
0.019110060465352876
0.019110029833548276
0.019109229661352291
0.019106100512722123
0.019104590993303538
0.019103548759759923
0.019100659452297514
0.019100377466657544
0.019100248767908518
0.019099070744207483
0.01909801526075933
0.019097519859599493
0.019097405184044895
0.019096659039134788
0.019094006386859562
0.019093439067968305
0.019087152845255518
0.019086847327142116
0.019086553917456093
0.019086279098450617
0.019085653186468991
0.01908542180094705
0.019083886739177467
0.019083842490351832
0.019082376941096293
0.019081330382140292
0.019080947426866147
0.019080906257992754
0.019080775357378729
0.019078290302899262
0.019076207299100197
0.019070032903380482
0.019068852304374138
0.019066738863702391
0.019066479807323976
0.019063790650081208
0.019060550627885125
0.019057112016078685
0.019056856508678412
0.019053896622921469
0.019052679264843903
0.019051307793644511
0.019045073764532842
0.019043937107370776
0.019040331553740995
0.019040232180965816
0.019038496513905958
0.019038278501585827
0.019035762822554342
0.019035401862030829
0.019034340556443197
0.01903416959551819
0.019034053048219885
0.019033203594780185
0.01903285685945106
0.019032705363721959
0.019031322846643085
0.01902996314731141
0.019025941509724909
0.019025741134487222
0.019024441105678708
0.019021954503130024
0.019019772357488855
0.01901875825019083
0.019018093895042307
0.019017913289094267
0.019017868669443223
0.019014795863271112
0.019013549517583148
0.019013458513565357
0.019013201145791001
0.019013179701744896
0.019011164002790657
0.019010031619979613
0.019008711915868434
0.019008080850255637
0.01900797886040996
0.019004568486340054
0.019004060564734183
0.018997737514786676
0.018997258751618208
0.018997104742208649
0.01899584031174846
0.018993545157273955
0.018992874927804299
0.018991362115426999
0.018990509437687039
0.018990296402399111
0.018988895420616721
0.018987573693311097
0.018986949689163826
0.018986647744034267
0.018984810306511748
0.018984227088838793
0.01898271423348373
0.018982369245795161
0.018980764872441536
0.018976365905664025
0.018974651755527486
0.018974512257321521
0.018973685095493763
0.018972795894110623
0.018968631435819484
0.018968350131030386
0.018966351094530976
0.01896579516436914
0.018965625435847604
0.018964252574584194
0.018961076212199862
0.018959120990219683
0.018956140719667561
0.018952510923126362
0.018949741491655174
0.018947812773278762
0.0189462025898724
0.018944326220328152
0.018939117326710719
0.018938538677432986
0.018937344657347668
0.018934871452047305
0.018934337709252413
0.018934199218945652
0.018932972855778867
0.018932913722071336
0.018932784879285292
0.018931720266844494
0.018926884845026349
0.01892572161212001
0.018922877078137144
0.018920445638818721
0.018919135191632259
0.018918341413817017
0.01891739637932887
0.018916848142229322
0.018916015713951743
0.018915166132260481
0.018912553512351975
0.01891106180066008
0.018910959717358972
0.018907175632091315
0.0189045766151579
0.018904386565383156
0.018904063680448082
0.018902690267372672
0.018901373385100294
0.018901098791006311
0.018900892585538523
0.018900204717835409
0.018899083310995261
0.018899072036006177
0.018897672720312501
0.018897261810767486
0.018893299403420161
0.018892574759579152
0.018891486351922712
0.018886926196578974
0.018886211521140849
0.018884629455551617
0.018884138350058258
0.018882889009544206
0.01888260221427554
0.018876555835394642
0.0188757056177461
0.018874718894363603
0.018873201644956778
0.018871086910595664
0.018870497211757178
0.018869698113830335
0.018869087313008272
0.018868511109587587
0.018867433834278732
0.018865139967058329
0.018864413201573269
0.018863342523621183
0.018859718889362474
0.018858390845476969
0.018858219272363062
0.018858201922018206
0.018857726143308651
0.018855773655515627
0.018853942575571631
0.0188536733644484
0.018851977473448543
0.018850497204308495
0.018848989193191935
0.018848886920834789
0.018848855080353277
0.018848477924803712
0.018847665867398864
0.018847551586579206
0.01884375501642262
0.018843727440331314
0.01884033638910157
0.018839642020876367
0.018838851414050777
0.018838683278786069
0.018836661885397808
0.018836554210418289
0.018835525261503717
0.018834582698454769
0.018833336353513599
0.0188318511429558
0.018828883949570847
0.018828457258609765
0.018827575040705959
0.018824865252712424
0.018824017254464906
0.01882383974229954
0.018821970490409082
0.018821594445393473
0.018821031031176265
0.018815671600461929
0.018815414171136979
0.01881372549545748
0.018811935878781563
0.018811390780891189
0.018809320635317213
0.018806846859799654
0.018806483430853459
0.018803793606672854
0.01880197025757091
0.018801886246143172
0.018801003933229386
0.018800742917349733
0.018799720548611183
0.018797637690591552
0.018797612802804922
0.018796875610376469
0.018794801269859194
0.018794574538405801
0.01879368436072178
0.018792239950312713
0.018792239264786667
0.018791689419257934
0.018790671960973723
0.018789359559580655
0.018786102673279761
0.018783975869869563
0.018783904013487032
0.018783522961498864
0.018781411334370054
0.018781309492799277
0.018780765689252743
0.018779845810998758
0.018778799184014976
0.018778635789472115
0.018778124836412748
0.018775905852178101
0.018775685325696873
0.018772736528493462
0.018772310708776073
0.018772056347966911
0.018771397368404979
0.01876888638710443
0.018768467098462291
0.018767205488138216
0.018766025007788241
0.018765895206012302
0.018765084139522999
0.01876421556124833
0.018763202421394096
0.018763007788714963
0.018758163849925218
0.01875703831696551
0.018756974800351035
0.018756377251942812
0.018755731312229667
0.018755575977582921
0.018754087311328656
0.018753096191924366
0.018752846570435498
0.018752610482206902
0.01875021310870062
0.01874991059753418
0.018749771213259242
0.018747889205951784
0.018747248371455957
0.01874702832298052
0.0187468428687253
0.018744556773521437
0.01874374413725708
0.018743329721966275
0.018742100461137931
0.018739689415798136
0.018738828160320631
0.01873720647436709
0.018734086027585022
0.018733809455657349
0.018732242351454178
0.018731974461963116
0.018731875392303352
0.018728520981419805
0.018728453606094431
0.018725048450915188
0.01871786230780504
0.018717267958080923
0.018715435832894471
0.018713564654867822
0.018712766914203212
0.01871230199054608
0.018711752375425088
0.018707392679952726
0.018706465253029093
0.018705986739820841
0.018704751204546618
0.018704383195594657
0.018704071569627046
0.018700844999740975
0.018700349619906513
0.018695603981011201
0.018689883126787897
0.01868936418333168
0.018688536550099461
0.018688089610837968
0.018687639423001022
0.018686711495420474
0.018684796906565205
0.018682984623177384
0.018682544596826542
0.018681423261854593
0.018680584062424871
0.018678440840482858
0.018675577935317784
0.018675479732976518
0.018670481901985319
0.018669917802263198
0.018669777540056616
0.018668801456177359
0.018667337917328237
0.018666981824162529
0.018666145957072611
0.01866505944278405
0.01866353145177781
0.018662274077071234
0.018660682002854114
0.018660426575897674
0.018656771883322473
0.01865656748712196
0.018656002246692643
0.018654497175106879
0.018654478732705114
0.01865349059000946
0.018649656301342014
0.018649495704867597
0.018649168573651145
0.018648998518319148
0.018648306170147046
0.018644397269736993
0.018644186038706372
0.018643886337119261
0.018643578788744224
0.01864262814655052
0.018642204161561905
0.01864116804662851
0.018640349381735342
0.018640001416661858
0.018637904873087474
0.018637821167670727
0.018636737374718153
0.018635690837567862
0.018634852087524915
0.018634512489161301
0.01863435654309447
0.01863419172765762
0.018632412116964397
0.018632079516585416
0.018630163953711802
0.018630055132813361
0.018630053627586754
0.01862933014986658
0.018629300601047734
0.018627635922693783
0.018626691530640876
0.01862625798328317
0.018626239309250326
0.018625080454428837
0.018624749082749567
0.018623552238318148
0.018620801879508375
0.018618225886443535
0.018617115179277364
0.018616699493408169
0.018604383727412261
0.018603330660552132
0.018603010494049343
0.018603001070535211
0.01860291403995714
0.018600023961202361
0.018599886739232747
0.018597857998588804
0.018596799033864388
0.018596663809914139
0.018595916500208889
0.018595760536090151
0.018595378669490625
0.018592279534544683
0.018591347362747736
0.018589369759059653
0.018588325109898881
0.018588169831495378
0.018587619460471466
0.018585675913919849
0.018585127355860216
0.01858324799902749
0.018578332903043459
0.018578180828954953
0.018577306389007633
0.018576256720893945
0.018574871641339918
0.018574325260148999
0.01857379334667502
0.01857379138170941
0.018571052287367735
0.018568816825840093
0.018568706984133751
0.018568248449793344
0.018567350118973664
0.018566315093048527
0.018565782894414899
0.018559111315695542
0.018559060309613972
0.01855703426308097
0.018556064179543388
0.018555214981687274
0.01855428487105135
0.018553155903798857
0.018553126607837402
0.018552207700091156
0.018552075709142777
0.018551152828282413
0.018551035444884192
0.018550379901847248
0.018547341763143342
0.01854602108496969
0.018540469836245573
0.018539876386401893
0.018539128161382673
0.018539028449145591
0.018537964678467352
0.018536051047596255
0.018535720741068126
0.018534604956172922
0.018533401354214642
0.018529070162421727
0.018528613689915145
0.018527932306277244
0.018526504862654385
0.018526297238438686
0.018517152602349457
0.018516568542127496
0.01851543186861411
0.018515020195773009
0.018514957581225167
0.018514407641899738
0.018513713149436735
0.018513275185352743
0.018512449108947841
0.018511786348902565
0.018511322930151515
0.018510563400477201
0.018502085800133423
0.01850058099930638
0.018499309874123723
0.018499137928430442
0.018498305954150817
0.018497153983557557
0.01849528002033125
0.018492998886989569
0.018490582800590884
0.018490072283546564
0.018487629246879803
0.018486333450789393
0.018484866746259411
0.018484782773584049
0.018484277695302902
0.018483931011469862
0.018483253206391711
0.018481751761326017
0.018480778929172405
0.018479600282820592
0.018479204278067211
0.018478904470973667
0.018478613679719025
0.018478522245012625
0.018478438477205147
0.018474450658505597
0.018474433049021972
0.018474129615614288
0.018473768299599569
0.018473502311639758
0.018473499892490114
0.018470527253594025
0.018469396231927237
0.018469042343816838
0.018469027094764695
0.018468204314377325
0.018465240237760656
0.018465152412072389
0.018461427011429846
0.018461386359786329
0.018457758813600237
0.018457730188858042
0.018457585395708392
0.0184545390048322
0.01845194698917833
0.018451500569568995
0.018451353498593327
0.018446671168308264
0.0184441745290163
0.01844222915800563
0.018441419770718448
0.018440161014264066
0.018437959253781663
0.018436791678021622
0.018429168607390078
0.01842913267636034
0.018427692267292177
0.018427222610817029
0.018420078504898234
0.018419027679126614
0.018418837755714478
0.018415356222819802
0.018414941466265704
0.018414547930091001
0.0184137906184496
0.018413189848062065
0.018412506846123718
0.018412166030553935
0.018411726794699997
0.018410112855406453
0.018405549550621111
0.018403531606607796
0.018400119889947459
0.018400077371117925
0.018398546797286572
0.018397527497404278
0.018396807947320182
0.01839567429995994
0.018395034385049917
0.018394090117441309
0.01839378000858401
0.018392852730053349
0.01838992290039284
0.018388576248831084
0.018385550188557889
0.018384852646809443
0.018383941875249405
0.018382572107438142
0.018382335856079977
0.018382124682793224
0.018381838564283801
0.018378861417157534
0.0183787642503358
0.018375069711384476
0.018374874064891706
0.018373867841853162
0.018373483721557414
0.01837196766653755
0.01837188844755119
0.018369872597975782
0.018368374212610731
0.018367255048937887
0.018366548907209328
0.018366453245105947
0.018363508203487484
0.018362652092115652
0.018360112706939803
0.018360075722073627
0.018359699281465927
0.018355551514611726
0.018355470048466247
0.01835439765375833
0.018354132484949319
0.018351722841796172
0.018348441452588505
0.018347771268849372
0.018344339891604073
0.018342766473820132
0.018341929913172923
0.018341892397877917
0.018341879533257846
0.018341688866573357
0.01834005499953275
0.018339685460997922
0.018335885343121076
0.018334993081928257
0.018334899158345835
0.018334423966475801
0.018330251917734589
0.018328332664722873
0.018323360098556035
0.018323195901189741
0.018321134009815943
0.018320315104088498
0.018320113423046309
0.018319151192960886
0.018317917918441739
0.018317487600235303
0.018316152234212783
0.018316099709384241
0.018314401336947988
0.018313175367030653
0.018312898205635367
0.018310573669747855
0.018307067528261892
0.018306338221432988
0.018304746947993153
0.018304668566664864
0.018304406140894215
0.018303060790125291
0.018302157557080652
0.01830115299517529
0.018299857746225039
0.018297499475066464
0.018295351800298645
0.018295318074582151
0.01829386938579905
0.018291480160664685
0.018290627039083091
0.018290222304536904
0.018288727614818305
0.018288326463682079
0.018287103234843102
0.018286490154760863
0.018285968342532221
0.018285629605478471
0.018284283306267753
0.018281967938441227
0.018281117061532983
0.018280961929357568
0.018280151265751884
0.01828008893835923
0.018279117386933271
0.018277332204636069
0.018277200150485211
0.018275263926392199
0.018274754522012545
0.018274137786961121
0.018268900539534918
0.018267714977843592
0.01826621586601004
0.018264744463758361
0.01825997452009236
0.018258489785302558
0.018257340640061594
0.018256375258905607
0.018255843205760614
0.018253883267043684
0.018253617820134606
0.018253422347943478
0.01825336279634197
0.018250491614407192
0.018249930877754554
0.018247852671099452
0.018242744461053433
0.018242615405262917
0.018241915393916161
0.018241708282854676
0.018241071266196045
0.018240875901580363
0.018240678589620592
0.018240340002966197
0.018239518111000681
0.018237800414004475
0.018235699516568445
0.018234047140374628
0.01823393016344689
0.018230671217975818
0.018226628069486477
0.01822297760850055
0.0182208815351175
0.018220362575125694
0.018219904485931675
0.018219746697035178
0.018219352338022143
0.018218731726972255
0.018217426409551263
0.018216852396581881
0.01821611272178119
0.018214131415609749
0.018212949401030409
0.01820984064916913
0.018209425852664923
0.018199338248759994
0.018199295258760892
0.018198040849087944
0.018196937098205728
0.018195021583297104
0.018192949125170221
0.018190397163078395
0.018189112579918735
0.018189039534495108
0.018188898891501177
0.018187956800018064
0.018186749755044123
0.018181797535196931
0.018175064824548406
0.018174792658802848
0.018173998736309011
0.018171171615746717
0.018170318164976058
0.018169631692091296
0.01816956288325856
0.018169422370734052
0.018169116534686631
0.018168078175169692
0.018168052702875213
0.018167884014182768
0.018167303804700424
0.018165668682461601
0.018164809397201758
0.018164455227267898
0.018164353075079576
0.018162457195857098
0.018160695972397417
0.018160388465932074
0.018160090477477051
0.018159649799909958
0.018156238056377009
0.018155071712837548
0.018151125814277833
0.018151032560106691
0.018150163544683778
0.018147622385328473
0.01814736762421269
0.018146938970948916
0.018144833346672638
0.018143348538484916
0.018141594418160611
0.018139410549053183
0.018137077600196103
0.018134851235260721
0.01813128748356075
0.018130997410248349
0.018129771293839376
0.01812739634735169
0.018126904574198462
0.018126091485158292
0.018124988648255333
0.018123153429601253
0.018122612199561211
0.018120933632506078
0.01812046631509704
0.01811855428616729
0.018117890901187501
0.018113407243846261
0.018112994857529364
0.018111748658203388
0.018110823168587351
0.01810969370390441
0.018109455864967185
0.01810879512714663
0.018108347011118339
0.01810690800932312
0.018104570974144824
0.018103418264408665
0.018103105668695215
0.018101126471814478
0.018099758544706052
0.018095853631697866
0.01809523515858354
0.018092502782932163
0.018090640314619225
0.018090581988435502
0.018090155789969399
0.018089593811509937
0.018088774846422701
0.018088599132600358
0.018088448116377897
0.018088379095115212
0.018088069121080852
0.018087959422769865
0.018087725459626176
0.018085159257128853
0.018084232532025166
0.018082095089333672
0.018081609397892332
0.018081203980518209
0.018080750691181181
0.018079558563767108
0.018079546096530136
0.018075523490784777
0.018075509622789251
0.018074780023584952
0.01807272442515049
0.018072552508983743
0.018071795946012804
0.018070860338186164
0.018068498517113465
0.018066972714915901
0.018065668088822984
0.01806355251046321
0.018061876887232625
0.018059486944731622
0.018058708727657552
0.018057124039876554
0.018056670613972529
0.01805578914788307
0.018055202776835595
0.018053680319799908
0.018048150020266739
0.018046749871171126
0.018046173090899478
0.018045549768204484
0.018044283309703677
0.018043997074319057
0.018039514067525162
0.018039460641414713
0.018038511566892689
0.018038359932976856
0.018038007287763169
0.018032788737031794
0.018032084947310019
0.018031730742644123
0.018031392956323857
0.018028201826831593
0.018028178488325164
0.018026776392661568
0.018026239009664404
0.018024029504137687
0.018022172277499207
0.018021085815032156
0.018017332263914269
0.018015905051352445
0.018014238128317126
0.01801378294422119
0.018011323472867859
0.018010645977051785
0.018009548533924523
0.018008766676147297
0.018007888989122266
0.018006831345046503
0.01800670859617149
0.018006441015958902
0.018005058866860296
0.018004186436208651
0.018004090998012451
0.018002116482514628
0.018001233134695038
0.017999421065138264
0.01799904756257523
0.017998377175876185
0.017996819276206125
0.017996004468001439
0.01798897551356602
0.017988892556048595
0.017987951224811765
0.017984296221533191
0.017983906389181247
0.017983389466280891
0.017982738517036048
0.017981175846861489
0.017979954059987178
0.017979402171321959
0.017977730609595635
0.017975117901465828
0.017973335548768819
0.017973258204657561
0.017969910174368397
0.017969229276667952
0.017968859097851789
0.017967976541817948
0.017967834564187424
0.017965769752784775
0.017957785926665776
0.017957360364654163
0.017956380455642594
0.017956277554701833
0.017955977574583334
0.017955223289885493
0.017954139444223832
0.017951555268396494
0.01795031402698407
0.017949441193193999
0.017949018780386163
0.017947999373079039
0.017945867760457881
0.017945823326368765
0.017944052635283623
0.017942354835273702
0.017942144440981637
0.017940999930566127
0.017940021410676497
0.017939825819815434
0.017937344498989705
0.017935180853550448
0.017934669693414142
0.017934200863392497
0.017934023591600384
0.017931640088880062
0.017931417903270942
0.017931160919642197
0.017930439834777913
0.017922877225696108
0.017921688991839234
0.017921038765152258
0.017920494774474615
0.017920083365670844
0.017915561657968315
0.017915421920108855
0.017915151646369122
0.017914754108845618
0.017914035901845947
0.017912961297681846
0.017912374154206458
0.017909076256574237
0.017908007691367647
0.017907170594973335
0.017905837892847155
0.017904878772458558
0.017901580516792765
0.017901540193859599
0.017901398847206589
0.017897888903934338
0.017897829375546542
0.017891978870839074
0.017889748014541334
0.017888225396332062
0.01788769546949015
0.017886730720232558
0.017886177654219459
0.01788602835624117
0.017885468759684667
0.017884325083205824
0.017881625841979366
0.017881526191156738
0.017880398957961074
0.017879931674372601
0.017879417931392982
0.017877592740086792
0.017874982655035343
0.01787394484517528
0.017869491629496369
0.017862857939113554
0.017859800254877833
0.017854467829495145
0.017854220302457837
0.017852863128179394
0.017851055256373899
0.017849158098377779
0.0178483256369526
0.017846675588847605
0.017845769093429064
0.01784552220438753
0.017845373884772989
0.017842897093249641
0.017841494987531108
0.017840921089256535
0.017840032802327394
0.017836718424166603
0.01783573817503176
0.017835045170905034
0.017834419786726612
0.017833744957609421
0.017833297487886736
0.017832346309407172
0.017831031810009793
0.017830597561226139
0.017828808936263364
0.017827949214128998
0.017826835822672017
0.017825304236322916
0.017824109797453223
0.017823941752732306
0.017823267030347135
0.017819362190070423
0.017818881919284716
0.017818678076530581
0.01781703347617505
0.017815860821865346
0.017815510942519333
0.01781441828777483
0.01781388895365486
0.017813517329636961
0.017812684718607207
0.017812068282915431
0.017811433648219237
0.017811193785926854
0.017810975129616397
0.017810484219450997
0.01780975379695535
0.017809464023150631
0.017806556857490403
0.01780537981069974
0.017805022908080757
0.017804713414730125
0.01780422633488811
0.017803092036102766
0.017802787123622835
0.017802095321476915
0.017798854046468388
0.017795179944201385
0.017792289735837755
0.017792079462274152
0.017791645631590008
0.017790081514306236
0.017784863876382052
0.01778420036863242
0.017782626782898065
0.017781874402464093
0.017781688966721124
0.017781509052895432
0.017780914333415276
0.017780573552423778
0.017780415464722508
0.01777891353417713
0.017777577813656475
0.017776805304911703
0.01777673107240808
0.017776391812411588
0.017773502252617486
0.017771767889956373
0.017771249396255462
0.017770845669547029
0.017770438410274123
0.0177699197536372
0.017769503066645299
0.017767821945374244
0.017767403886676945
0.017766982682269037
0.017766926631228083
0.017766344827939536
0.017759982401233245
0.017759885890807951
0.01775939457819356
0.017759280837922598
0.017758187835738657
0.017756180247395885
0.017755918874545907
0.017755707230398734
0.017755397656827127
0.017755004156094125
0.017753499756268731
0.017752499744703099
0.01775249276435379
0.017751479252763103
0.017751090614009018
0.017749421224751302
0.017748973894466825
0.017748377322793128
0.01774808254555682
0.017745218754389693
0.017744625095648892
0.017739023212698324
0.017737889893086677
0.017736366116701121
0.017736122356887082
0.01773490219014949
0.017732376444538917
0.017730990428017408
0.017729792625169959
0.017728276382089833
0.017727369340897178
0.017727123826718039
0.017724313414780736
0.017720837426335814
0.017720274914361889
0.017719648402391319
0.017719535556932002
0.017718822883155152
0.017717602372246549
0.017716377341042991
0.017715211560946083
0.017714882855110647
0.017714605212223761
0.017714515326048733
0.017713990802886416
0.017713230370611358
0.01771280911786325
0.017711410440670004
0.017711410093513437
0.017711072060656984
0.017709614223218623
0.01770799150850498
0.017706940364132111
0.017706639274507704
0.017703699987371521
0.017701055356844641
0.017700368271851424
0.017699771775983229
0.017698829438645373
0.017694776534865678
0.017694641925225491
0.017694322624948754
0.017691986281629612
0.017691971531580076
0.017691741066792579
0.017691433613792714
0.017690192655858566
0.017689774056122248
0.01768935033354524
0.017687544817073689
0.017686790699634036
0.017685472280587426
0.017685462670715749
0.017684836807114839
0.017684098087698379
0.017683594488927191
0.017683119886608357
0.017682799166757947
0.017678401868800649
0.017675952835361646
0.01767480064454011
0.017673921967970206
0.01767319355142925
0.017672135067352518
0.01766961510617783
0.017668140193085893
0.017664886942814491
0.017664189606195591
0.017659362710636086
0.017657663211737087
0.01765673952950049
0.017653461886949242
0.017652081271155196
0.017651519445283152
0.017650795855869938
0.017648882086863681
0.017648826889266257
0.017648459667518844
0.017648021988537255
0.017647389129234345
0.017643089313776898
0.017640476100604142
0.017636016278580136
0.017635507263676953
0.017634679649863368
0.01763338879922783
0.017633115116470244
0.017631553180559718
0.017631531336511054
0.017630108523708693
0.017628355023737125
0.017627101565261059
0.017626865698502834
0.017623688939234876
0.017620857693616584
0.017619280873791894
0.017618674971337744
0.017618569219572569
0.017618332873482058
0.017615987233088562
0.017615450843632568
0.017614954419593987
0.017613507492892384
0.01761123434333561
0.017608676125744287
0.017607129333164044
0.017605948649418154
0.017604999941754143
0.017604719813108398
0.017604492312846082
0.017604309542852643
0.017598797464525941
0.017597457407322169
0.017596831173083829
0.017595068707817615
0.017593600812607975
0.017592651129739761
0.017588436038537228
0.017588057084805663
0.017587199681318236
0.017586084973440701
0.017584177607626671
0.017584086457892081
0.017583052370336475
0.017582957071063027
0.017580947977939861
0.017580761434833895
0.017579879307410687
0.017579755599857982
0.017579017663993161
0.017578404315097333
0.017578031472111507
0.017576206354087992
0.017575420573444814
0.017575325013696609
0.017575238608336454
0.017574180409626595
0.017573747236845832
0.017571485534323118
0.017571276522003226
0.017570619518140183
0.017570447244834361
0.017570287596855631
0.017569375585832707
0.017564615841985497
0.01756445880996239
0.017564311268291041
0.017563357649836242
0.017562060579293069
0.017560475767492624
0.017560419232678856
0.017559081528714996
0.01755855992433197
0.017558431811930581
0.0175583862040831
0.017557328126438641
0.017556099434833671
0.017555211106144792
0.01755297800977421
0.017552353767081544
0.017551942618521922
0.017550639086514885
0.017550469072233166
0.017547712203977297
0.017547704561006496
0.017547070586410723
0.017546363355836255
0.017545429505462097
0.017544918844749329
0.017544494815257643
0.017543809178873535
0.017542709741548916
0.017540951713439164
0.017539485002550922
0.017537608169295615
0.017537244165593185
0.017533289142024774
0.017532015716185585
0.017531751197718503
0.017531637420615205
0.017531445692950724
0.017529088940448224
0.017528575581349581
0.017525646127557807
0.017524798182905504
0.017524628908295127
0.017523664603973921
0.017523519139317066
0.017523330235958156
0.01751968012024379
0.017519356192628052
0.01751895977674485
0.017517858227366644
0.017517106007335182
0.017516683463521695
0.017514655607195839
0.017513254574476438
0.017511279635591112
0.01751099825852075
0.01751057973619119
0.017510110311402646
0.017508183639240702
0.017506453165220811
0.017501215105086978
0.017499148149151437
0.017497712757627643
0.017496515190258844
0.01749337743381978
0.017493371228124267
0.017491200857322541
0.017490839608893329
0.017490835339961576
0.017490674182328903
0.017490434994846267
0.01748920483636443
0.01748885785307755
0.017488714079217687
0.017488573352862895
0.017488561678730599
0.017485942041707964
0.017484969805389626
0.017484738740302881
0.017483158091747258
0.0174829136347389
0.01748233390410369
0.017481148356621824
0.017479713033369756
0.017478358265381629
0.017478056752354497
0.017477869257378459
0.017475910283432337
0.017475596907510885
0.017475373082097307
0.017473068850708467
0.017471469655952393
0.01747106304020463
0.017468501312948779
0.017466248429794204
0.0174651060914237
0.01746508546670671
0.017463291660460529
0.017462190742392997
0.01746054996135387
0.017453530317814953
0.017452624442995973
0.017451218961889704
0.017450963095944769
0.017448982965813393
0.017447861600067744
0.017447397260334015
0.017445759112070455
0.017444787544046887
0.01744464956622371
0.017444395566838321
0.017442687535368963
0.017442509262146525
0.017439611173638379
0.017439582408880799
0.017438794682973307
0.01743563529690529
0.017434734841211781
0.017434183684204838
0.017434054698776583
0.017433210163006398
0.017430980856831643
0.017430952682129266
0.017430152326882404
0.017429147523908353
0.017423195961831471
0.01741881126715707
0.01741692583237666
0.017416675796699806
0.017416107344854399
0.017415661228149082
0.017413774604385153
0.01741193761356509
0.017411771621498682
0.017409215456354273
0.017408956574988775
0.017407710328266057
0.017406791633338647
0.017405648953378407
0.017405284853852794
0.017402520289830643
0.017400491140136219
0.017400331755730063
0.01739951465282823
0.017399433443612694
0.017399322536648196
0.017398476977585637
0.017397762884718924
0.017397053095769565
0.017396699627590512
0.017395372995458121
0.017394972998362589
0.017392192345045444
0.017391010148973693
0.01738972731615317
0.0173895297807794
0.01738818756214584
0.017387326969849959
0.017385530763704398
0.017385334673696438
0.017384149640173409
0.017382668651577008
0.017380977513277166
0.017376924449226921
0.017376081095317793
0.017375058152026578
0.017373948136560124
0.017371696154685177
0.017369049870934697
0.0173686409511839
0.017368362336652982
0.017365958089623525
0.017365492973325108
0.017363899645067602
0.01736299272001041
0.017362818616524094
0.017360170470040123
0.01735838909671733
0.017356734697975943
0.017356218067230998
0.017356046850800767
0.017355255447671365
0.01735472578267214
0.017352197257129633
0.017347988163307407
0.017347561874830105
0.017346098799149577
0.01734421184253759
0.017343262850870966
0.01734248717652432
0.017341520843605674
0.017340697409373333
0.017338153201329878
0.017338044272858108
0.017336947318791752
0.017335492339811399
0.017331816351375689
0.017329050467728507
0.017326324803423467
0.017325589575191605
0.017325494813802644
0.01732395411431429
0.017322121541874937
0.017320790375299561
0.017320727973344784
0.01732067773220422
0.017319317894479984
0.0173164766245783
0.017313541079095527
0.01731352643468561
0.017311876010629838
0.017311475335857925
0.017305424822264822
0.017304739934766725
0.017304722348161397
0.017302317876278461
0.017300529957899848
0.017299842146631231
0.017299621150162613
0.01729942679414246
0.017297506400643294
0.017296821898917483
0.017296184143891637
0.017295216548964952
0.0172949081339864
0.017294892371869028
0.017294507117896724
0.017294229162133506
0.0172939067190532
0.017289744522490727
0.017289199945475432
0.01728811895419801
0.017287903526013514
0.017287494435013751
0.01728743400174269
0.017282698695849263
0.017281993353239166
0.017281909511329633
0.017280341406330772
0.01727773316946191
0.017274180261884684
0.017273925191468066
0.017272331798070455
0.017269666842462436
0.017267903490728622
0.017267682103619831
0.017264513289676538
0.017263077006834885
0.017258967380389557
0.01725738835878619
0.017256238829189776
0.01725608017592269
0.017254072170145397
0.017251528268472392
0.017250868655834087
0.017250113223070747
0.0172486148789027
0.017247294148874548
0.017247273762122338
0.017245367870637754
0.017242210829778348
0.017238478489258403
0.017238476609268562
0.017238046667113812
0.017231410078324419
0.017231015268183811
0.017226797744543429
0.01722672042255494
0.017224677508394685
0.017221575178239929
0.017219847264681773
0.017219401111490711
0.017217919791135249
0.017216604730101538
0.017214781137740897
0.017214495193384891
0.01721232931181994
0.017211436263761152
0.017209302591150267
0.017206733694836076
0.017205080653064496
0.017205065547041345
0.017203935704447802
0.017203869888757446
0.017203167313520989
0.017202320009196855
0.017202029583983192
0.017201385577034316
0.017199362607622507
0.017197553560249618
0.017196678033063077
0.017196266935570362
0.017193633073802696
0.017193267483935133
0.017192968358569514
0.017192068008032618
0.017186863369157361
0.01718668138650516
0.017186374786847501
0.017185843217552826
0.017184151574743119
0.017183440114554596
0.017182908124768886
0.01718103788486005
0.017180835665366878
0.017180775642565812
0.017180340992182779
0.017179420950887297
0.017178656382855772
0.017178173804021247
0.017177848287854573
0.017176436473955833
0.01717534497484877
0.01717516168793189
0.017170147700683352
0.017169990751647601
0.017169365157340761
0.017166381840442523
0.017163916461667452
0.017163434618676685
0.017160006419969176
0.017159627315980294
0.017159061762915911
0.017158139621979079
0.01715813295762712
0.017157344889748599
0.017157271128821962
0.017154980517483959
0.017152036355079201
0.017151998170875957
0.017151807386935624
0.017150585281882815
0.017147388215586205
0.017145933479893766
0.017145798153452539
0.017145302857022267
0.017144930985165795
0.017144599102068132
0.017144521934206621
0.017142290259389747
0.01714200004239233
0.017141842420049822
0.017141700339050648
0.017140845375477824
0.017138146901284651
0.017138067257114115
0.017134951661667688
0.017134720087677444
0.017132440840583636
0.01713203607856861
0.01713166562783329
0.017131571183296765
0.017129509271340205
0.017129248250483651
0.017128001054359625
0.017123661020784945
0.017121467715710142
0.017118337028195204
0.017116839779215326
0.017116094812983922
0.017114986908193477
0.017113597886871282
0.017113002876972351
0.017112155318149663
0.017112005906997758
0.017108508782100469
0.017107754298723708
0.017107439472908777
0.01710693873442742
0.017106223570202524
0.017104986849269768
0.017104009519657681
0.017103685082510652
0.01710283362874241
0.017099917130236082
0.017099805663491587
0.01709951653524398
0.017099414271549207
0.017098755835421722
0.017095671336721643
0.017095386026769795
0.017094177107882361
0.017094117454249536
0.017093583988309222
0.017093172631828683
0.017092216376497639
0.017092144774995058
0.017091034310467264
0.017090757033042626
0.017090411572422571
0.017087178835824945
0.017086983695377912
0.017084623460335978
0.017083656759585647
0.017080580964849164
0.017080519183172251
0.017079616950241253
0.017079445505523171
0.017078550944473879
0.017078001633951522
0.017075580836550992
0.017074718400381168
0.017074446725768661
0.017071306772528837
0.017070504602388605
0.017070300279260871
0.017070100134362096
0.017068685625053853
0.017068105102594468
0.017066366682997897
0.017065315891978419
0.017065204770159267
0.017065142837974057
0.017064998290045413
0.0170604240531461
0.017059858032972174
0.017059414059707356
0.017057568872834387
0.017056231575753665
0.01705614116844998
0.017054873383814843
0.017054728813867864
0.01704968686576077
0.017048988015227112
0.017048741475181102
0.01704860674257876
0.017047694025352819
0.017047073878929904
0.017046864202880489
0.017044763002623919
0.017044221367903418
0.017044210927188986
0.017041542588097414
0.017040109594295468
0.017039846723151151
0.017038571996462654
0.017036923303885013
0.017035715946710724
0.017033957120001931
0.017033802451019611
0.017033254885134887
0.017029843934226543
0.017028700389172504
0.017026437390369773
0.017025246876194593
0.017024129510154425
0.017022720629214106
0.017022556830465944
0.017021697643796976
0.017021518672114013
0.01702085549534919
0.017019558554195215
0.017019503766987812
0.017019183912241987
0.017018944366999817
0.017017614572295857
0.017017232643740183
0.017016808841158717
0.017014333665826786
0.017013662611429576
0.017012152420461616
0.017011692067900801
0.017010528128717166
0.017009308779018805
0.017008573372289976
0.017008335042689563
0.017007428394749134
0.017006964224845565
0.017006776825573
0.017005086164621541
0.017002994391631419
0.017002792416810485
0.017001852074065592
0.017001598614468649
0.016998629262595506
0.01699795882338026
0.016997755562533703
0.01699691647618894
0.016996817197839211
0.016995982516036016
0.01699502101656937
0.016994281200536972
0.016991487669220325
0.016991453397661425
0.01698982513552081
0.016989269815725523
0.016985793699869446
0.016984583347237389
0.016983534491365786
0.016980342829181653
0.016979103303130259
0.016978062389574559
0.016978016184805964
0.016977905991126661
0.016976786475507148
0.016976237596677917
0.016972458754583527
0.016970847646257003
0.01697055095461714
0.016967512083979213
0.016965546327150142
0.016965464074571706
0.016964438357720373
0.01696413067305998
0.01696179990297899
0.016961613653834702
0.016959298586094476
0.016957602738515928
0.016957544567327898
0.01695704253948762
0.016954535774210178
0.016954123806565271
0.016953930383943921
0.016953845048192549
0.016952888821018863
0.016951920025770471
0.016951792343674502
0.016951164193276608
0.016950113980134841
0.016949071209346626
0.016944722505652269
0.016943196909396135
0.016942243916581546
0.01694187618989736
0.016941433414138216
0.016939376953218718
0.016937497171394995
0.016937387740616653
0.016937228320052074
0.016936537359694893
0.016936248381357773
0.016934918953844916
0.016934769675258893
0.016934614785850368
0.016934044945759449
0.016931992004463787
0.016925463901601014
0.016924215218187776
0.016923360911391773
0.016921371043731443
0.016920400828058391
0.016919750034419631
0.016919740632905852
0.016916351701866162
0.016915180175472812
0.016914784241343031
0.016913562814757029
0.016911530511631651
0.016910143671580023
0.016909567848093901
0.016906636408123413
0.016903677003556924
0.016903530320891674
0.016903363044523476
0.01690133117517386
0.016897914347426716
0.0168977554997028
0.016897750304277984
0.01689476233275217
0.016894647942347549
0.016893880095063828
0.016890906274116643
0.01688718243653102
0.016886406355320689
0.016884607225242584
0.016884182563051735
0.016883421345709259
0.016882439551831475
0.01688243599032449
0.016881663991837971
0.01688061642462732
0.01688054592723057
0.016879283832070057
0.016879114777954847
0.016878344105185121
0.016877829859520126
0.016877818548498472
0.016877560697830554
0.016877248311425633
0.016875571164566415
0.016874644125127052
0.016872253969242874
0.016866410511692305
0.016865345820340515
0.016861895452361206
0.016861792454786782
0.016860303554141587
0.016860106322218144
0.016859947751095998
0.016859690617250057
0.016858343990366495
0.016858148944689105
0.01685741512279381
0.016856223506024882
0.016855414422032228
0.016854057325777185
0.016851447097085536
0.01684750887225903
0.016847471574706008
0.016840739283623129
0.016839918740614322
0.016837976727999814
0.016837455752118858
0.016836644024478192
0.016835064326453084
0.016834412637917105
0.016834368048157123
0.016834187925701075
0.016834114975909788
0.01683061120947639
0.016830379957033192
0.016829022383732826
0.016826318733444555
0.016823643123697916
0.016819670340778931
0.016819136439059006
0.016818328694062187
0.01681681223626447
0.016816410452581334
0.016814672415367188
0.016814550808757683
0.01681381453410382
0.01681328568269538
0.016812339519368988
0.016811834127875437
0.016811384674083156
0.016810954611880764
0.016810037158454933
0.016808122154774958
0.016808082019248171
0.01680586435276259
0.016805818069113059
0.016802975111781641
0.016802815108026871
0.016800019302625018
0.016799385491031726
0.01679898867293075
0.016798409629007739
0.016797625877377671
0.01679068308938092
0.016785599655898188
0.016784983494359584
0.01678333262927004
0.016782710640515938
0.01678253439939088
0.016779202035417374
0.016778164024565913
0.01677812198089185
0.016776872008121467
0.016775561335463061
0.016775177503207873
0.01677198691764956
0.016770611927446961
0.01676809985098153
0.016766756173620216
0.016766638600135778
0.016766288896808826
0.01676380182675442
0.016763674220461908
0.016762223821820167
0.016760371912307261
0.016757826502240763
0.016756613346906792
0.016756004880650113
0.016755844445772775
0.016755657999185467
0.016755654198767799
0.016754668200824982
0.016752952689394158
0.016749591665485872
0.016748381742415927
0.016748189680476325
0.016748021377937555
0.016747507759363244
0.016746412589651635
0.016746220184011881
0.016745955210545994
0.016745745061874259
0.016745699740828523
0.01674545250549914
0.016743017893603954
0.016742543081935648
0.016737107653207101
0.016736902347099781
0.016734958220120354
0.016734788494715585
0.016733369227446313
0.01673276839702225
0.016731822183264328
0.016730960116928508
0.016730691769439442
0.016730369768050084
0.016728262999201684
0.016728027925230822
0.016724940098435042
0.016724178722598525
0.016723813533995508
0.016722421850006438
0.016719782730291167
0.016719440725324181
0.016718446451612606
0.016716953328037125
0.016716041406518542
0.016712005297908547
0.016710262889613345
0.016708575907643242
0.016706143579648784
0.016705984922973729
0.016705708347657285
0.016700680982976612
0.016699923031719164
0.016695825726643021
0.016695513504713207
0.016694650968746449
0.01669429570571692
0.016693948255179336
0.01669334370597492
0.016692560395364538
0.016692126510355048
0.016691967623918978
0.016685555823508239
0.016683052476917183
0.016681800341347763
0.016680764979965269
0.01667686521058653
0.016676654596219011
0.016676610207798953
0.016676021012356091
0.016675017760798581
0.016674257017906695
0.016673516228736387
0.016672273296171193
0.016670456692439252
0.016670081697608596
0.016668849719113445
0.016667603792129598
0.016667019080923429
0.016665326831058799
0.016664946503305144
0.016664451122967393
0.016663894176249389
0.016662482582814726
0.016661448205940288
0.01666137004342581
0.016660485408070521
0.016659230805799657
0.016658144109175307
0.016657290607669396
0.016657089186629122
0.016656277727612238
0.016654556548256507
0.016652573259162331
0.016652567698103603
0.016652419721970957
0.016650087568486013
0.016649351503274571
0.016649076498127288
0.016648683283854087
0.016648029323990045
0.016647148585604742
0.016646661151292923
0.016645008478199316
0.016644924498094685
0.016643942455657586
0.016643472667683335
0.016643431632395473
0.016642028155624763
0.016640707316189312
0.01663933803676906
0.016638852904622956
0.016638198730972654
0.016638140117642392
0.016635361724047507
0.016634677885079711
0.01663144405559042
0.01662812015465932
0.016624122816969893
0.016622706864339806
0.016620052673686405
0.016619594224616351
0.016619254893815386
0.016618555516154449
0.016615628339868977
0.0166145733771659
0.01661445550771053
0.016613547340951801
0.016613347919711457
0.016612942992543213
0.016612046341731988
0.01661028140143259
0.016608088154474673
0.016607240534869314
0.016606969767506825
0.01660503554956928
0.016604897847388361
0.016604077958638455
0.016603877418781662
0.01660378216972884
0.016601871415350775
0.016601443527123404
0.01660084866898762
0.016598702365466587
0.016597554918005551
0.016596584371048079
0.016596299529690932
0.016596171177559182
0.016594741527120069
0.016594624090906354
0.016594537205064003
0.016594493959935445
0.016593443905361507
0.016593172700300515
0.016589125835968773
0.016588797641257546
0.016588759467402472
0.016588511058336228
0.01658808217413716
0.016582698099414674
0.016582675698849501
0.016582353318100158
0.016577970572613204
0.016577040539087231
0.016575638707711005
0.016575155981623447
0.016574041955020609
0.016573445692112825
0.016571191321477472
0.01657076274244048
0.01656986886817172
0.016567116776877642
0.01656521136608595
0.016563087459713924
0.016562703469786902
0.016562319633375112
0.016561566078685447
0.016561506862969814
0.016561139688545612
0.016561021320391063
0.016559081816413062
0.016557595581752384
0.0165571144654592
0.016557086313034718
0.016557036118225867
0.016556541036705015
0.016553565635239315
0.016551978960954679
0.016551663384878724
0.016551266644408917
0.016550806494802846
0.016550440237925488
0.016550306189823182
0.016549308492834397
0.016548614788490946
0.016547729385372741
0.016547462139369976
0.01654387546114917
0.0165424473573462
0.016540133462445306
0.016539867467005219
0.016539625792543717
0.016539033319254343
0.016538639673812604
0.016538421528725186
0.016537441723273424
0.016533156355931555
0.016532268524911565
0.016531343322512035
0.016527530039473309
0.016527331457161551
0.016527088697847078
0.016526713172458577
0.016526589736497583
0.016526431562661554
0.016526293716146567
0.016525723350553453
0.016524932900915432
0.016523662400661294
0.016523460386653591
0.016522153428768682
0.016520705071833133
0.01651984090460288
0.016519603139262918
0.016519235823063579
0.016518743584088971
0.016517129424730256
0.016517002005910407
0.016516861128465701
0.016515839546058172
0.016514719463685924
0.016514404314401265
0.016513164515182321
0.016512824408972313
0.016512677123872541
0.016511034179004638
0.01651064943700567
0.016509666125269471
0.016509495091896389
0.016508586499878224
0.016507431923189996
0.01650500955415905
0.0165029491767563
0.016502479110124518
0.016502468955697697
0.0165002007271089
0.016498687763565292
0.016498466639306038
0.016496722881884893
0.016496059996547432
0.016494859350694481
0.016492956100191344
0.016491345951753219
0.016490731212358358
0.016490480814431992
0.016490076520392763
0.016488861599068698
0.016487961253954721
0.016485958594144999
0.016485055070797523
0.016483095491749498
0.016482060444495704
0.016481433013600891
0.016480600353875476
0.016480498616829917
0.016478286139571321
0.016477255517951473
0.016477044275761708
0.016474881211928406
0.016474604138521264
0.016474326214657119
0.016473901159448277
0.016472914958823668
0.016471649448909546
0.01646850380642426
0.016468194106205265
0.016466739173873736
0.016466154613392379
0.016465487830739336
0.016464324344109344
0.01646413823328299
0.016462112727236376
0.016461352259688762
0.016459702880913293
0.016458678672714066
0.016458317665982856
0.016456632208424894
0.016455895572537935
0.01645583955916256
0.016455748104639002
0.016454724892120232
0.016453882733370635
0.016453361124234681
0.016452981193414179
0.016452751902160032
0.016451003415824412
0.016449527230790337
0.016448662537268004
0.01644735544917118
0.016447222696123486
0.016445441594681857
0.016444928838433771
0.016444802140624295
0.016444323408170067
0.016444093520323454
0.016443285976752535
0.016440459915125036
0.016440105012733082
0.016439798585514021
0.016439160345744778
0.016436161768290981
0.016433843174071427
0.016432417777100809
0.016431771256617413
0.016430474522555059
0.016430388667316373
0.016429931244770896
0.01642633501091002
0.016424022358222684
0.016423718405213911
0.016420882219133435
0.016420842914813997
0.016420415671515205
0.016419934960034743
0.016419730869608445
0.016418210245815364
0.016416049845531543
0.016415973361649797
0.016414767195228091
0.01641450729818042
0.016413709998987721
0.01641267674778276
0.016412266427056198
0.016412232878415648
0.016411944580779603
0.016408282837174201
0.016406624810821186
0.016405488338531844
0.016405141942958976
0.016404670657164493
0.016404202667667768
0.016403628960246105
0.016403103085780499
0.016399122552004933
0.016398228253402029
0.016397126118102352
0.016395596031194257
0.016394762710776646
0.016392442136935786
0.016391215368708346
0.016389218078945427
0.016387818651515045
0.016387133689993068
0.01638711524224799
0.0163868312713303
0.01638610578491163
0.016384452308485266
0.016383078534480407
0.01638254385332736
0.016378000694902278
0.01637735154052283
0.016374562497211663
0.016371866390067609
0.0163706169508669
0.016370588559207026
0.016370561739585728
0.016370496329932024
0.016365023949738107
0.016364428669666697
0.016362625504915091
0.016360934153845839
0.016360698750478186
0.016359005594348247
0.016358606947096257
0.016358355388316571
0.016357207016185201
0.016356862440358028
0.016356540930108205
0.016354523970682103
0.016350830368277433
0.016349388466404529
0.016348150590734536
0.016347152253420261
0.01634696654053043
0.016342708200135416
0.016342426587987208
0.016340603921430361
0.016340442700703898
0.016340359572846998
0.016339787085499505
0.016337539977806917
0.016334794146698237
0.016334621970521747
0.016333933367189218
0.016332989666702231
0.016332576921186479
0.016332385397444766
0.016328433538833786
0.016328353255328606
0.016327777202785734
0.016327225760546522
0.016325858654674959
0.016325798304740759
0.016324732638594342
0.016323851949948804
0.016323061449070083
0.016320047179894961
0.016318323743850099
0.016317998090376373
0.01631782004120463
0.016316275806900649
0.016315628545214914
0.016314033843677054
0.016312975033089483
0.016312773258365987
0.016310543162716896
0.016310094226692641
0.016308758500224872
0.016308706205770143
0.016307951856087386
0.016305700215282153
0.016304717753549487
0.016302964474536316
0.016302497353801855
0.016301414305070785
0.016301000867223747
0.016300201930163589
0.016298559297810614
0.016297665278538969
0.016297329314566813
0.016296317488980226
0.01629555335280633
0.016295499139299723
0.016294432203409627
0.016294032207708923
0.016291728974190605
0.016290926729070846
0.01628657216427893
0.016284403701967202
0.016283894582177279
0.016282855865643816
0.016282677440703337
0.016281188041948755
0.016280191158030213
0.016279219072557707
0.016277518899921829
0.016276174084273315
0.016276001362415107
0.016275495521534105
0.016274371912427466
0.016273637787130986
0.016270817584149527
0.016266205717133008
0.016265322228813484
0.016264327827109779
0.016263938697774708
0.016263427472298631
0.016263293633087338
0.016262751827476298
0.016261268986839477
0.016259914152812336
0.016259507880639502
0.016259182220095956
0.016254558241482371
0.016250983633978786
0.016249274771544357
0.016248733937081303
0.016247852102343835
0.016243195006401555
0.016241976425391449
0.016240860004094262
0.016240533289842086
0.016240322373222826
0.016239170607005464
0.016239161015286149
0.016236020248576431
0.016235722433392968
0.016235300083723075
0.016234980677835568
0.016234613547886974
0.016233641398237939
0.016233379661781781
0.016233100815079775
0.016230168830751412
0.016229894306153909
0.016229124043390684
0.016228464813131536
0.016225345427394757
0.016224847170672668
0.016223773576596604
0.016221714370013785
0.016219753499976963
0.016219431242372403
0.016219426375474591
0.016216528005894657
0.016216315585239768
0.016215265275667107
0.016214175543718116
0.016213300968693962
0.016213023781486563
0.016212703010801247
0.016212502942060589
0.016212345599912952
0.01621178498008833
0.016210515043045739
0.016208632774962244
0.016208415176017617
0.016208373513986546
0.01620723465779491
0.016206623565906356
0.016206448430916141
0.016205898324815841
0.016201725344164655
0.01620091140107453
0.016200460359810431
0.016200047085804851
0.016199548001593386
0.016197744586723996
0.016197286738729322
0.016197013859146677
0.016196511570323532
0.01619600235845416
0.016195350783979059
0.016191444968732056
0.016190085623415229
0.016189261580817578
0.016189008990002435
0.016188137792121346
0.01618669310007766
0.016186658343236918
0.016184741175784213
0.016184392899869216
0.016183565234943253
0.016180641172882145
0.016178006175456811
0.01617745805724944
0.016177110439285287
0.016176520084665025
0.016176132077538284
0.016171790358799829
0.016171074220704226
0.016170224364162485
0.016169071546431095
0.016167949494667506
0.016165617694247861
0.016165107663581785
0.016163894928944319
0.016163862745548638
0.01616277393102283
0.0161613637523433
0.01616056711690424
0.016158537269539659
0.016158510972771385
0.016158385843907309
0.016152533463401238
0.016152140092033744
0.016152039660452581
0.016151419610005789
0.01615118244639361
0.016150772441153958
0.01614891011852471
0.016148305265942468
0.016147203177661322
0.016144769674528603
0.016144765176427253
0.016144742723658796
0.016143328999817349
0.01614249231422309
0.016141704262917018
0.016140366786849821
0.016139222163286119
0.016137980219812591
0.016137045649530543
0.016136618611521842
0.016136382434281445
0.016135735308818337
0.01613512251163331
0.016134812611375993
0.016134573449457599
0.016131153589787846
0.016130051444148218
0.016129956947194372
0.016128173174296011
0.016125868479075087
0.016124728490999427
0.01612412830277659
0.016123578879215408
0.016122662518778606
0.016116521892993483
0.016116504492323734
0.016116181334148522
0.016112899471419796
0.01611187174142337
0.016110182087581498
0.016107387875960003
0.016105327674041148
0.016104243612464483
0.01610125687857206
0.016100741866484043
0.016100420845106489
0.016098918768275825
0.016098005404127442
0.016096899509946909
0.016093870080366359
0.016093403122582388
0.016093389905904174
0.016093085358825174
0.016091316157668022
0.016090779450318761
0.016090183593571013
0.016087722493449905
0.016087078312825642
0.01608683058182989
0.016086419563077447
0.016086294779523648
0.016084556528710093
0.016084420960935996
0.016083093698185738
0.016081039507738492
0.016080710018812824
0.016079099798998985
0.016075682536295197
0.016075335100108997
0.016074959908198232
0.016073894291752398
0.016072943484388823
0.016071931232438372
0.016071343548883919
0.016069326445261309
0.016067828758691848
0.016065330692067909
0.016064375498386855
0.016063679176684935
0.01606192267061738
0.016060521844196162
0.016060303818663947
0.016060149468883348
0.016059380888585408
0.016059181460482668
0.016053843069470185
0.016053261539695284
0.016052224900424183
0.016052029418347026
0.016051886189096969
0.01604997296396507
0.01604732725434407
0.016046439190075288
0.016045522099994557
0.016042256816060568
0.016039702871348226
0.016036766503378208
0.016036614484045902
0.01603593912659294
0.016034586871901426
0.016033699401973817
0.016031387251958275
0.016030769783119233
0.016030762310976169
0.016029076188634857
0.016026978703406469
0.016026168884690249
0.016025433832818584
0.016025258246306094
0.016020249864648759
0.016019741795796863
0.016018752969682356
0.016016495804349842
0.016016075013471232
0.016014794921178733
0.016014694995686338
0.01601340115403212
0.016013050588401467
0.016012140803826892
0.016010243689095437
0.016009554618089859
0.016009159904589846
0.016009092145706873
0.016008627219159573
0.016006625000887276
0.016004784955912513
0.0160042480745302
0.016002518169227563
0.016001920693883287
0.016001534506075128
0.015998523050200372
0.015998223456930753
0.01599805636069971
0.015997208464775849
0.015997099497019853
0.015996256260638813
0.015995690986307369
0.0159955575135385
0.015994169617922476
0.015993786262806127
0.015993262776403994
0.015993041495598978
0.015992888518274174
0.015992413410211015
0.015991615390675371
0.015988348040164618
0.015988222773725903
0.015988088939353044
0.015987640206130589
0.015985990736516343
0.015985301688531326
0.015984083021820059
0.015983812296496844
0.01598339088216753
0.015982802618987196
0.015980724903850836
0.015979542747505716
0.015976451387371287
0.015971868253535963
0.015971020895901463
0.015969810126402841
0.015969614836710895
0.01596797393479581
0.01596730354094178
0.015966929303254333
0.015966405162154858
0.015966395720964349
0.015966051141754426
0.015964217219618309
0.015963977484037269
0.015963464185786244
0.01596149486590575
0.015961108180295291
0.015959107875677024
0.015957127118238192
0.015957004780600977
0.015954057731051081
0.015953647048198856
0.015953301524728399
0.015952531598826942
0.015950554731374487
0.015949204592914639
0.015946269282410285
0.015940739159670779
0.015938555072053055
0.015938340890042778
0.015936037005980581
0.015935502110181621
0.015933448439880357
0.015932840521151605
0.015930736942551267
0.01593025952276134
0.01592998894175339
0.015929514227236218
0.015928921979695577
0.015928708236269188
0.015927293397767037
0.015926729987652554
0.015925546056456834
0.0159246514044078
0.015923950243016096
0.01592245932958947
0.01592183087334665
0.015920631410771189
0.015920290052303759
0.015920109989038107
0.015917522105044275
0.015916495325680256
0.015913658298559018
0.015913116907639666
0.015908407460335311
0.015907411829822828
0.01590648914747499
0.015904891937661106
0.01590324334821434
0.015901861518313617
0.015901304952523981
0.015900548262543279
0.015899266568215421
0.01589248022879158
0.01589069873162503
0.015890325416821338
0.015889972640748116
0.015889663139079926
0.01588886644998231
0.015888502312875322
0.015886119042017303
0.015884826722289677
0.015883851405958931
0.015882250968087139
0.015881478277860205
0.015877952546148114
0.015877606409218811
0.015877393432834074
0.015877224566585371
0.015876925964544649
0.015876585029963947
0.015873793875548985
0.015873649702231329
0.01586969285031288
0.015867596153794905
0.015867145263334648
0.015865674338788913
0.015863069696708035
0.015862331288961851
0.015862268807711837
0.015861075470658095
0.015860885031869529
0.01586040811911598
0.015860277760556398
0.015858463545349116
0.015857237736706154
0.015857203868609365
0.015856738680765078
0.015855846541563762
0.015854425306669258
0.015852527632234034
0.015851758492774259
0.015851073951881043
0.015850117875856717
0.015848741018171263
0.01584804986192688
0.01584755427884672
0.015846146108229184
0.015845170322614625
0.015845121345227586
0.015845041764569065
0.015844935197973184
0.015844740176739876
0.015844329739009216
0.015843818095276463
0.015843228210897342
0.01584265960970338
0.015841750967914316
0.015841580158015473
0.015840301313297719
0.015839128957016203
0.015838275301234082
0.015836821928466773
0.015836448223145807
0.015835077445375625
0.015833611888347844
0.015833450182996863
0.015832692581665524
0.015830165834871686
0.015829760186226702
0.015828340514883941
0.015828068410129924
0.015827404435862343
0.015827228233841324
0.015826384008074883
0.015826380124410247
0.015826238422800849
0.015825042790187208
0.015823969485618431
0.015823718328363979
0.01582283184653795
0.015822228009989881
0.015822131470468306
0.01582055385370475
0.015818513776349675
0.01581726419679642
0.015816761561407405
0.015814822809616144
0.015814326927844707
0.015812408998530716
0.015812383776047743
0.015810157508977143
0.015809887037672131
0.01580789951655177
0.015807455456565343
0.015805246552932958
0.015804072782188566
0.015803477214358399
0.015803278752028836
0.015802940276786699
0.015801277415635293
0.015800655011480178
0.015800390290473816
0.015799959456539801
0.015799282174624434
0.015797416452797738
0.015797146222770474
0.015795953774941706
0.01579569864735544
0.015793862316424944
0.015793482151521512
0.015793115220286466
0.015791168035523571
0.015790202261309193
0.015790090214819499
0.015787891659709893
0.015784630724968537
0.015783961172931224
0.015783675240750979
0.015781400408548866
0.015777149673770124
0.015776753942352003
0.015775854767045228
0.015773324638766767
0.015772344142452072
0.015772266409514599
0.015772121518525261
0.015771465618639447
0.015770894361594609
0.01577089341274009
0.015770461102576513
0.015770347699527502
0.015769468978613276
0.015768967197873268
0.015767753491499416
0.015766714768631198
0.015766295868552421
0.015764506122238373
0.015764141604147686
0.015764056208182487
0.015764029000411298
0.015764001951272061
0.015760713971844784
0.01575888788886725
0.015758442875407733
0.015757834729754228
0.015756843601580348
0.015755924258800451
0.015755887907573072
0.015754551942914585
0.015754337944044197
0.0157527393665053
0.015751483970097745
0.015750893922890068
0.015750035087978523
0.015744564711086366
0.015743415140911817
0.015741601140592306
0.015741529892765737
0.015740525201976798
0.015735511822746125
0.015734943154129256
0.015734346273975762
0.015733508379219045
0.015733299545047236
0.015733024128594182
0.015730444589365299
0.015730282307301197
0.015729985797343488
0.015729609374378319
0.015728515503409164
0.015728427647685232
0.015727792937298861
0.015727642061645532
0.015727618509433248
0.015727004369578745
0.015726989642452501
0.015724794133289692
0.015724264190141828
0.015723434817514752
0.0157187031862886
0.015718337499934072
0.015717117523558515
0.015716248945110818
0.015716089402718503
0.015713187574137682
0.015713065642095073
0.015711976917173312
0.015711942670674453
0.015711655474363609
0.015709991894929942
0.015709049533343372
0.015708502062345
0.015707263974422077
0.015707169843882551
0.015706861719509899
0.015706715439162643
0.015706445115838151
0.015706156574611402
0.015705108216874132
0.015704700352829903
0.015704467075922022
0.015702775233087121
0.015702544912846471
0.015698516573840034
0.0156946557561112
0.015694528207003344
0.015692353383290145
0.015692112391838906
0.015689787626739043
0.015689771296024769
0.015689543296614438
0.015689415335426261
0.015686986135591781
0.015685764163069962
0.015685655534216081
0.015685646055909427
0.015681385908959566
0.015680345966254769
0.015680159171371316
0.015679710125785312
0.01567925016718159
0.015677880327426411
0.0156766086136205
0.015675883431677043
0.015675691255189205
0.015673893286629645
0.01567376383380447
0.015673612160568319
0.015673004901036344
0.015671842002011969
0.015669749339155305
0.015669164229316603
0.015664788952255568
0.015663747465968703
0.015663661236584008
0.015662296933925384
0.015661739919987146
0.015661510582028429
0.01566104041627513
0.015660962592083966
0.015660477443891346
0.015660116056742605
0.015656887677184862
0.015654335949447221
0.015653801524910832
0.015652837099267566
0.015649177085970977
0.015647545471627756
0.015646775229052359
0.015645909487119882
0.015645855513828879
0.015645339215804747
0.015644798517247864
0.015639895936307279
0.015639590629883387
0.015636956824228197
0.015635217153647841
0.015633423371513275
0.015631925005147516
0.015631639275760292
0.015631082693296387
0.015628547257771401
0.015627824724518471
0.015626245175304053
0.015625677157533931
0.015625186740091314
0.015624804410590196
0.015618576545076594
0.015618097158083379
0.015617870560538599
0.015617687857800034
0.015617366302453986
0.01561691806976389
0.015616359948615162
0.015614580856430207
0.015613840719602258
0.01561183680442803
0.015610577461693299
0.01561044729097682
0.01561008188154466
0.015606342109667243
0.015606028617332851
0.015604978317119343
0.015604852888365743
0.01560437007159452
0.015602924953413503
0.015599457895182335
0.015598102976284271
0.01559685956206185
0.015595312007289908
0.015594438042153737
0.015592868581643849
0.015592806030751421
0.015592801420752665
0.015592537104879614
0.015590238295758386
0.015586904382972925
0.01558448821722028
0.015584300497770719
0.015583575144429025
0.015578131852244751
0.015575648859420347
0.015575163608397275
0.015574933253751019
0.015573781234919553
0.015571942989379311
0.015570272203686706
0.015570039165971921
0.015569810873117929
0.015569292060067652
0.015569090276901863
0.015567866812186795
0.015565014979664888
0.015564827060200031
0.015559758309146928
0.015559332899139529
0.015559045228569785
0.015555001973385317
0.015554979702557908
0.015552117749131995
0.015547148703981205
0.015546429263970648
0.015545639105979333
0.01554482260430772
0.01554346445575221
0.015540804333199532
0.01553964434823245
0.015539457517193257
0.015539246736949263
0.015537525285745606
0.015537016181749417
0.01553689169525806
0.015536738474151036
0.015535238744066517
0.0155338055694406
0.015533247611735806
0.015532867472965169
0.015530037086695469
0.015528343138770044
0.015528148046577941
0.01552685861209409
0.015523753008857662
0.015523615122551605
0.015522001265490071
0.015520520406893125
0.015517380014015347
0.015512176414345392
0.01551168710765592
0.01551097035393067
0.015510787385774112
0.015508736617290646
0.015507810939353764
0.015506924869965398
0.01550630472485337
0.015506005000348072
0.015505427448778336
0.015504678209712144
0.015504484398501722
0.015503494860480535
0.015499548076105832
0.015499250112004833
0.015498967327073355
0.015497112141619328
0.015496268449915194
0.015496244018091654
0.015491684719255546
0.015490600622868942
0.015488889337955237
0.015487348985822963
0.015487295959694081
0.015486005499424079
0.015485450727184455
0.015485232490479306
0.015484105983841149
0.015483768788420987
0.015482041915566472
0.015477435506193137
0.015477141895413793
0.015474840124900836
0.015474618989570756
0.015473851199348932
0.015473111198975925
0.01547259336709046
0.015472545589621897
0.015467980766702373
0.015467855800005429
0.015466778747800331
0.015465068506771741
0.015460857456420752
0.015458026239641317
0.015456741951793323
0.015456577188255147
0.015455685958551367
0.015453752793576159
0.015453231990703118
0.015453019227434412
0.015452915255763767
0.015451670159619466
0.01545131740129909
0.015450671806796048
0.015450349565446143
0.015449779689646127
0.015447062069979105
0.015445653284900223
0.015445406664980874
0.015443431479044001
0.015442850491348461
0.015441570120582736
0.015440721747078039
0.015439505939811462
0.015439496254061463
0.015438197990681184
0.015434982773878555
0.015433023307879828
0.015432690477186489
0.015432633363338086
0.015432054003976608
0.015431296497564402
0.015431146938610507
0.01543091392947449
0.015430897575712902
0.015430870152526742
0.01542848342440096
0.015428262843948123
0.015426949211405885
0.015425106631533217
0.015424579395318662
0.015423524429895842
0.015422230952221299
0.015421373452122435
0.01542120455399109
0.01542111433604676
0.015420009497645291
0.015419718297877192
0.015419460205887874
0.015419376321942081
0.015419354752551327
0.015418506118441961
0.015417527853952227
0.01541624303939455
0.015415999280369248
0.015415919394028955
0.01541194173475224
0.015411064924035931
0.015409662992389526
0.015409438513426032
0.015409364607333659
0.015408273494778118
0.0154068026524397
0.015405141301218509
0.015404845952945919
0.015404682327347857
0.015403622850808228
0.015401616679309837
0.015400793747150041
0.015400239597887623
0.015399346507983105
0.015395902467195436
0.015391952478747473
0.015390684202129799
0.015389792298896773
0.015389020023799322
0.015387419539469279
0.015386168429358285
0.015385815835500612
0.0153856419712428
0.015384590012580123
0.015384416186690005
0.015383613315293835
0.015383308036400983
0.015381176024625161
0.015379996371149056
0.015373606632062713
0.015372999310944985
0.015372637798263358
0.015371723651503423
0.015370425168954267
0.015370302654585112
0.015369954107498003
0.015369037553497424
0.015368451891826077
0.015367923113717968
0.015367762888842814
0.015365529459957918
0.015364686862830816
0.015364579523252053
0.015364160130480874
0.015363633688640991
0.015363421165888217
0.015363248614252416
0.015360441612744169
0.015360160768149557
0.015358177223907574
0.015356931069023042
0.015355515447301443
0.015354124248488577
0.015353767892112617
0.015353599932163684
0.015353477584461912
0.015352541439871822
0.015351993165718754
0.015351584685371285
0.015351091430219356
0.015350393081314674
0.015350328515371121
0.015349269785222762
0.01534897430848095
0.01534862651906794
0.015346876910198438
0.015343634089475909
0.015342707618419918
0.015342629095820156
0.015340796663297813
0.015340352516960679
0.015339949405171457
0.015339936887770399
0.015339274253876654
0.015337013015026364
0.015335891888180601
0.015333747632242378
0.015332917133939725
0.015332173732085799
0.015331563772277249
0.015331379051138778
0.015331198885568359
0.015330062253582416
0.01533002648666193
0.015329029565453602
0.015328705172727853
0.01532708683421153
0.015326998278726602
0.015325818119618268
0.015325550529859032
0.015324727666576252
0.015323700263342547
0.01532199475609804
0.015321799626163372
0.015321300113069357
0.015319976335263956
0.015318174864347273
0.015317996732842957
0.01531648426184235
0.015316057302601275
0.015315824842033218
0.015314056528611852
0.015311413223376898
0.015311268369920132
0.015310900670751547
0.015307648096633941
0.015307246655949876
0.01530663662658004
0.015305581953109083
0.015305199464202323
0.015304162016001106
0.015301677440981735
0.015299371994787083
0.015297597233326254
0.015297005758436526
0.01529642093845766
0.015293777078634205
0.015293772158048016
0.015287879119642828
0.015286586463730257
0.01528632692035798
0.015286171913143784
0.015285048347289543
0.015285017574916607
0.015284750911710533
0.015284404382782422
0.015278922527644545
0.015275920372454741
0.015275888174601387
0.015274205345045217
0.015273710696113734
0.015272543991136022
0.015271812320149233
0.015271475055702829
0.015270721034419548
0.015270419721824312
0.015269865464622813
0.015269512359688774
0.015269184003916568
0.015265927774768462
0.015265408185800505
0.015265346122274013
0.015265030931038842
0.015263406074840084
0.015263114727498091
0.015260934510839864
0.015258697919433559
0.015258481310373396
0.015256553085953148
0.015254725402353923
0.015251547362595975
0.015249255005071698
0.015249182478469873
0.015248729454600875
0.015248432261638033
0.015248330759373778
0.01524745155724494
0.015247215525869171
0.015245613558700206
0.015245332034192234
0.015244826228032828
0.015244127260617395
0.015243301098688818
0.015243046998601736
0.015242879575801341
0.015242226688253931
0.015241929083664348
0.015239374950195709
0.015237387064611894
0.015236303404087123
0.015235895475155987
0.015234552215094099
0.01522941904288371
0.015229349371506568
0.015228176799202518
0.015228007281141712
0.015226451628277975
0.015221847255739957
0.015220687232486157
0.015218723018652526
0.015218698187039227
0.015218637756055685
0.015217945131664178
0.01521769912694023
0.015216497232698219
0.015215188150855326
0.015214921663283231
0.015214100276948233
0.015212185543838391
0.015210522024333159
0.015210388691424022
0.015208892637860188
0.015206432421509744
0.015206143397133902
0.015205471778342961
0.015204487124216015
0.015204403534625318
0.015204291754125281
0.015203930080091858
0.015201779757174377
0.015201571145519125
0.015200608877170597
0.015200456990939826
0.015199671778732087
0.01519954307196192
0.015199412491627569
0.01519926165679493
0.015196739167059464
0.015196682018350151
0.015196256214797647
0.015193139736022616
0.015192698375056962
0.015192530663451019
0.015192360351648778
0.015192183818000405
0.015192183807304813
0.015189135749269198
0.015188752827571064
0.01518851900155792
0.015187954917480456
0.015187233583788129
0.0151867174707192
0.015183518482088159
0.01518330146714828
0.015183035779055588
0.015181766343579404
0.015180880462509535
0.015180274909941645
0.01517944089945171
0.015176730796283395
0.015176197801602192
0.01517571318376979
0.015174968029970854
0.015172466154266111
0.015172205319635194
0.015168301912586496
0.015168286871933964
0.015166229855073144
0.015165405026154403
0.015165333446328056
0.015163840519913176
0.015163205151673145
0.015161307320746312
0.015159958586272247
0.015158681472055893
0.015153326438126526
0.015150432032402844
0.01515011643166086
0.015149094898964568
0.015147856085519752
0.015146841966934776
0.015140458303502873
0.015138945404043083
0.015137712023137229
0.015137336475289496
0.015137058470411217
0.015136421673403738
0.015134928577257413
0.015133486037843376
0.015132407131948317
0.015132016823475798
0.015129619187539359
0.015128010824272408
0.015126411517058548
0.015121897846184304
0.015119280037232211
0.015118817282624417
0.015117981760562369
0.01511619786398009
0.015115357936503829
0.01511347228749464
0.015113278816454195
0.01511183260789014
0.015110685718539955
0.015109456416862939
0.015108859556083978
0.015106882197896958
0.015106461853739544
0.015104932425093049
0.015104662366022885
0.01510413037431777
0.015102500369828312
0.015101866072230472
0.015101302164702204
0.015096699795563381
0.015096642331719048
0.015095322540629147
0.01509363977973917
0.015093553788533269
0.015092379394425403
0.015091222479852911
0.015090841137557372
0.015090168377042168
0.015089595071107305
0.015087414901352935
0.015085363092012968
0.015082825887512551
0.01508250149627792
0.015080415085431648
0.015075771219030438
0.015074750462188794
0.015073997821438343
0.015073652381250219
0.015071844880331932
0.015071589004478763
0.015069194468647172
0.015067729207025699
0.015067418621259087
0.015065518247494908
0.015064935875190718
0.015064687070989806
0.015064582082600845
0.015063371661811688
0.015063053204187455
0.015062716616844794
0.01506220837070865
0.015060887143091098
0.015060728771472489
0.015060366001248908
0.015056689238119448
0.015055685314209862
0.015055177659799969
0.015052000591623605
0.015051893167712339
0.015050220940528065
0.015050149263974091
0.015049750931580393
0.015049434785882615
0.015048049705348752
0.01504735427932449
0.015046810394412143
0.015044241808116893
0.015043969414891599
0.015043888005973978
0.015043597541727642
0.01504270840201599
0.015041878209041883
0.015041869444593861
0.015041161505022835
0.015040429075771198
0.015039983255573874
0.015039666718346016
0.015037843329716524
0.015037456935881802
0.015037262570198124
0.015036060755715248
0.01503520761918125
0.015034506909551534
0.015032892917448512
0.015032745194036828
0.01502811003816654
0.015027059501635522
0.015026851936819189
0.015026736517436598
0.015025026217542656
0.015023989260138019
0.015023665687759386
0.015023493787650057
0.015023236328242116
0.015022754967952115
0.015019777831148905
0.015019747435107445
0.015019542121401731
0.015019228706412287
0.015019092594350263
0.015018630580815302
0.015017220958095445
0.015016545611249014
0.015015936972336916
0.01501483603311691
0.015013044721847467
0.015010689192538841
0.015009875599564926
0.015009825971348397
0.015009788687915551
0.01500965321992493
0.015007778543725864
0.015007326082697225
0.015006649554375341
0.015006442990266584
0.015006427210160362
0.015006047023909818
0.015005716081355716
0.015005471364833409
0.015005067094536249
0.015003909424744014
0.015003492461504096
0.01500313713588862
0.015001627725878474
0.014999993148819413
0.014999113936624476
0.01499380544617953
0.014993770990220704
0.014993544823727884
0.014992194664099647
0.014988844343665373
0.014987965028445994
0.014985669907532324
0.014985041689482099
0.014981776627278133
0.014981474909618271
0.014981195998396934
0.01497999241172532
0.01497883725991251
0.014977891423943381
0.014976686690958103
0.014976061621477889
0.014975116522002832
0.014974232151652724
0.014972318884722002
0.014966658411234972
0.014964125591042966
0.014962022162920205
0.014961762928370377
0.01495975973272007
0.014959207401826881
0.014958964415697792
0.01495889985103253
0.014957661511846387
0.014956999266832451
0.01495658999379007
0.01495537170684938
0.014954037427751062
0.014953623891667076
0.014953531858823012
0.01495323610063139
0.014952976684729148
0.014952581499488492
0.014952157637808633
0.014951062993544414
0.014950371032001798
0.014950248629569521
0.014950212731059934
0.014944610238535777
0.014943450468348222
0.014941451739552377
0.014940021374757405
0.01493991019007237
0.014937879650024853
0.014935061909692734
0.014934809059123807
0.014934429301003893
0.014931065588963038
0.014930955542835805
0.014929949450982475
0.014929344178737439
0.014928454853225855
0.014928180007339597
0.014928052874929537
0.014927952284162322
0.014925598608509153
0.014925172552728209
0.014924814022805986
0.014922894831005914
0.014921400341309808
0.014920047629570714
0.014919788419057934
0.014919588805972446
0.014919502375110798
0.014918144563821335
0.014917374522226766
0.014916591375483389
0.014915147360634368
0.01491475569507659
0.014913735344613367
0.014913201564279733
0.014912115001007293
0.014910398512894728
0.014909547640036349
0.014908312575623913
0.014907991774128063
0.014905394010341308
0.014904225733990915
0.014903901582502889
0.014902421433848744
0.014902378138826299
0.014902037115552044
0.014901056154819407
0.014895873089474551
0.014891481130438545
0.014890975241976677
0.014890734277600699
0.014889695297027331
0.014889460387112845
0.014889357944863856
0.014887147371334959
0.014884340439572409
0.014884207534186858
0.014881698963369163
0.014880890533141636
0.014879225676623873
0.014878704487569132
0.014878039961245199
0.01487735810120752
0.014876361124090118
0.014876291170645706
0.014874197995781671
0.014873475483083485
0.014873432059496542
0.014871535989083935
0.014871096133288148
0.014870889521916328
0.014870068868446506
0.014869760431085918
0.014869223923630265
0.014869114600314027
0.014867615969299763
0.014865515231116067
0.014865312935371324
0.014862178718531505
0.014861851241844939
0.014861770709055923
0.014860709139091474
0.014860161743445888
0.014859860993316508
0.014859309616382127
0.01485855050068469
0.014858208120782212
0.014857872882829857
0.01485732572777562
0.014857172145590654
0.01485552901133818
0.014854503467619733
0.014853210096456447
0.01485089537463348
0.014850689047254064
0.014850311107691036
0.014850162121850519
0.014850159891785149
0.01484987143269152
0.014849429094463133
0.014848451751779989
0.014847927372562015
0.014847503940840842
0.014847150384200017
0.014846853989432807
0.014846570917394412
0.014844696032498543
0.014842757363164814
0.014842075682078055
0.014842013636571155
0.014840893284137584
0.01484029889914807
0.014840232213094362
0.01483644751324407
0.014835535796780985
0.014835167080119394
0.014833723070049914
0.014832030139389581
0.014831461160447861
0.014830879976907926
0.014829085716446283
0.014827878351315708
0.01482696574402281
0.014826787759060982
0.014826748997611577
0.014825777622204517
0.014825547662101694
0.01482398697557734
0.014822137657362842
0.014822088456271804
0.01482028518683463
0.014819884956416313
0.014819042656278321
0.014818057491806664
0.014817104766839586
0.014815065873427168
0.014814567566440251
0.014813585501569282
0.014813324659843103
0.014812415106710546
0.014812314160625561
0.014812054651802367
0.014811647431004474
0.014811124361638693
0.014810860555739606
0.014810840110466175
0.014810603855803132
0.014808092644907199
0.014807808639519856
0.014807299488315478
0.014807267867109543
0.014807239792079522
0.014807219743973372
0.014807173669102216
0.014806469488992219
0.014806351887328463
0.014806216368523093
0.014804713430196275
0.01480300071505109
0.0148027569505644
0.014800904197800911
0.014799522917846876
0.01479757748870582
0.014795571293104942
0.014795417165055651
0.014793924343959965
0.01479348032106444
0.014793312493682282
0.014792353685446036
0.014791573111180945
0.014791322459974179
0.014790315619209007
0.014790195236162991
0.014789394964130925
0.014789185744330306
0.014788878613076805
0.0147843548107415
0.014775385050085962
0.014775301603465345
0.014775006215096302
0.014774825639733388
0.014773944589403232
0.014773676848495201
0.014772628032857353
0.014772453522335773
0.014769859914437668
0.01476958442568501
0.014768886619234641
0.01476842098870134
0.014767914718832901
0.014766587413990869
0.014765506858978254
0.014765013736440458
0.014764275557626896
0.014762369621161958
0.01475886696634798
0.014756841081661967
0.014755977318609326
0.014754591721032696
0.014754354524328862
0.014749794188624
0.01474957540442357
0.014748349294506325
0.01474607910019648
0.014745494495411106
0.014744504864845595
0.014742621177176533
0.014739834301378223
0.014738762712322641
0.014738387288726089
0.014735613655963122
0.014735544268333862
0.014734019989669047
0.014732805979004721
0.01473054071291661
0.014729890239366257
0.014729801599080366
0.014729673195149015
0.014729464785307636
0.01472912310705474
0.014726673527780652
0.014726242752028079
0.01472477390593689
0.014724722646937857
0.014723493750600669
0.014723056596556535
0.014722612416922182
0.014721613119631468
0.014718929740095157
0.014715580999268164
0.014715047171827008
0.014714712929019821
0.014714398086182013
0.014714292648635288
0.014714006485849683
0.014711539146963522
0.014711251001575545
0.014709641696344693
0.014708738751517013
0.014708363349035729
0.014705426386393147
0.014703444987371193
0.014699420771760806
0.0146992976107482
0.014698769710196794
0.01469767824572522
0.01469681494492424
0.014695692308172133
0.01469535635648021
0.014695307495505107
0.014693376730765441
0.014692849191616252
0.01469167439366946
0.014690094537718142
0.014690036807177132
0.014688381415773088
0.014687782419813465
0.014686566849093969
0.014684374350655257
0.014684367958658446
0.014684026604819645
0.014683712842141476
0.014682161869933111
0.01468187562093864
0.014681599584884995
0.014681236322752133
0.014681186455131893
0.014680650152411504
0.01468002660684643
0.014677950350682164
0.014676470617966626
0.014676417498799492
0.014676414310555178
0.014675924677461528
0.014674882243430597
0.014674358970071489
0.014673498916176251
0.014671615358234032
0.014670098761784198
0.014666745100048492
0.014666683709792541
0.014665827449337247
0.014665520316511041
0.014663908651965414
0.014663495950926043
0.014662532223783203
0.014660675993763302
0.014660028971124955
0.014659741980749182
0.014655341688219902
0.01465380083837471
0.0146535883412694
0.014652766574303772
0.01465241341448925
0.014652266738172099
0.014651315717415318
0.014647546866189406
0.014647124199728566
0.014646680043622932
0.014645766586524948
0.014645627792825352
0.014645594252175412
0.014645339352523316
0.014644451291594153
0.014643944049213211
0.01464254451059235
0.014642252067199841
0.014638984341149536
0.014638152510844641
0.014637609669919038
0.01463758288184777
0.014637277432000566
0.014637202977789162
0.014636733012731787
0.014635273614075154
0.01463473765490985
0.014633986333046236
0.014633221369617902
0.014632433791974478
0.014631956883007282
0.014631551136102325
0.014630574730654673
0.014630570464838887
0.014630228126457968
0.014629176028544013
0.014625316264277613
0.014625008671907943
0.014624691016559671
0.014623666350910959
0.014623313259470489
0.014623003786491048
0.014622704244161714
0.014621493353834588
0.014619623887208442
0.014617517967038229
0.014614934944262066
0.014614827345570723
0.014613402287354631
0.014612678205190995
0.014610728911984592
0.014608695437574436
0.014608663973103155
0.014607976522239739
0.014606738576772745
0.014604269019320163
0.014603853382138807
0.014602835322485786
0.014602633378193048
0.014602624544847509
0.014601284117775332
0.014601204316534756
0.014599750255171304
0.014599688027199072
0.014599170180387054
0.014599082467295212
0.014597374161504181
0.014597360176218925
0.014596437035609731
0.014596356496135898
0.014594836425241906
0.014592342904850565
0.014591844705867654
0.014591669611958577
0.014591342022314687
0.014590402136628539
0.01459001944978609
0.014589955534544924
0.014589917688044763
0.014588425889072498
0.01458798212472184
0.01458603353821851
0.014585752792704522
0.014585270187594118
0.014584928394304862
0.014584104026723707
0.014583303711363653
0.014581993136987726
0.014581694720461936
0.01457917199108783
0.014578134750636497
0.014577704542683773
0.014577679704182209
0.014575079677847422
0.014574963427588416
0.014574938889807995
0.0145740076309765
0.014572222676024203
0.014572205165803367
0.014571630225588807
0.014569992406418446
0.014569500505867639
0.014567713932296418
0.014567631596381981
0.014567255244351823
0.014566657692785225
0.014563821500745864
0.014560904597602639
0.014560570000874823
0.014557037398419962
0.014555488198092742
0.01455476524095127
0.014552160981948807
0.014551307019340176
0.014550921209716711
0.014549691949404515
0.014549458356465721
0.014548253036998355
0.014545177292408203
0.014544967461144708
0.014544512197101803
0.014543228764785211
0.014542746634172396
0.014541282611415851
0.01454049572339384
0.014540065665498043
0.014537888750570264
0.014537632236124153
0.01453750714879317
0.014536484611984254
0.014534226185401827
0.014532937316933952
0.014532921820697098
0.014532846860523425
0.014532371271899379
0.014530832050898579
0.014529713471563278
0.014528486911435115
0.014527586933272238
0.01452753740396418
0.014527239506593435
0.014527075155748902
0.014526133373989832
0.014526043000632604
0.014525723523200928
0.014524693390450857
0.014520824137909409
0.014520321221994941
0.014517570898789696
0.014514357753472764
0.014514210939871576
0.014513315897570446
0.014513004424922381
0.01451216005688306
0.014511560132883279
0.014510962639263509
0.014510913126600812
0.014510718988976904
0.01450844184151193
0.014508437744961189
0.014508158022934689
0.014507044189642696
0.014505720670877948
0.014505234803753811
0.014504941585191569
0.01450162761722399
0.014501615304329257
0.014500782804064609
0.014500007122459028
0.014499366061068549
0.014499211657276077
0.014494038129253758
0.014493000727429532
0.014492951326996547
0.014492100471699311
0.014491801887270981
0.014490746214538677
0.014489986782520068
0.014489604200809799
0.014488919541556471
0.014488788760894086
0.014487387441170729
0.014487297662537183
0.014487282128935004
0.014485813496717088
0.014485386732015021
0.014484817186559345
0.014484570813585279
0.01448414321416366
0.014483466973881386
0.014482996056087294
0.014482259201215601
0.014478338620256498
0.014478298595565287
0.014477802707923435
0.014476578004011793
0.014476338287138721
0.014474447175759053
0.014474397898303258
0.014474031801191497
0.014470923029794859
0.014470157343069031
0.014469975616920544
0.014468869554413982
0.014468729864468212
0.014465635454839955
0.014465353011696212
0.014464465883541557
0.014463308818643442
0.014457616292771418
0.014456784120022388
0.014455679667576033
0.014455164353026675
0.014454665206239803
0.01445351225291033
0.014453003053635689
0.014452229207523712
0.014451206846456835
0.014450690343948649
0.01444956517893606
0.014447992134859797
0.014447677877507123
0.014446008264772882
0.01444567240447606
0.014445570398942068
0.01444462593243615
0.01444450762553855
0.014439944162616758
0.014439763042887544
0.01443708310401029
0.014433559169251119
0.014433189301570885
0.014433163465297581
0.014432274380108362
0.014432077834498531
0.014431871918053875
0.014430336855360373
0.014430207543062328
0.014429971286589684
0.014429217397941785
0.014428630388400907
0.014428510626179438
0.014428415339705382
0.014428283448828589
0.014426658819695534
0.014426276197839531
0.014423851615934126
0.014421455643740984
0.014419825937329539
0.014419279603642112
0.014416955453455576
0.014416743751442081
0.014416405951688834
0.014416195986894155
0.014414361577474888
0.014410895782949788
0.014410696041920247
0.014409288982161154
0.014406459114505195
0.014405924659175642
0.014404507598307626
0.014404137606831012
0.014404041265463406
0.014401645179365348
0.014401551380614819
0.014399918137908979
0.014398875237780332
0.014397445331732784
0.014395201259220699
0.014394756977016988
0.014394654545061196
0.014394448133465725
0.014391939131851194
0.014391732108389229
0.014391417405056794
0.014389711341201454
0.014387354297273966
0.014387316096311853
0.014386997391503153
0.014385027047369443
0.014381006255049428
0.014380481507009601
0.01437860570240755
0.014378338781007794
0.014378013739561973
0.014377390854704528
0.014376914175972408
0.014375610217237798
0.014375251057726817
0.014375117917627009
0.014374286995924421
0.014373782795004491
0.014373301065850271
0.014373287793122656
0.014372643968342296
0.014371742597648469
0.014371532102428751
0.014371396756466414
0.014370305535901611
0.014368563178002022
0.014367219058388638
0.014366667251109215
0.014366594463246514
0.014366457312445237
0.014365893727692361
0.014364938936956968
0.014364587097600178
0.014364132711314259
0.014363223141285204
0.014359713939332044
0.014359678454136562
0.014358557024648446
0.014358491520795401
0.014358297634768031
0.014358282222287107
0.014357944600905986
0.014357786172702622
0.014357617487960049
0.014356098741250291
0.014356009478515369
0.014354739740494622
0.014354457405889875
0.014354287186477644
0.014354107402178275
0.014354049811655892
0.014353986073156891
0.014353845606010284
0.014353703628298922
0.014353453680655727
0.014353367396528817
0.014353113430053157
0.014351171923239011
0.014347455236476294
0.014347037427392999
0.014345926257583271
0.014345023584054423
0.014344994865444247
0.014343416026888779
0.014342759995819972
0.014342617141073761
0.014341935839353554
0.01434148236326957
0.014339202192501061
0.014338637000506945
0.014338616442141874
0.014337040856059522
0.014334545312363429
0.014334374227203503
0.014332909256315985
0.014331802193915348
0.014330822860637402
0.014330533276023153
0.014329713558980045
0.014329587346458863
0.014328902832892981
0.014328548830979096
0.014328424830037545
0.014328053652680393
0.014327353877990957
0.014325507143501122
0.01432549669270719
0.014325259997428758
0.014324503190042814
0.014323955419622782
0.014323694270713961
0.01432270517709916
0.014322036751981671
0.014321141724920957
0.014319730089035766
0.014319080279561719
0.014318380939057697
0.014318343111352338
0.014317388484134616
0.014315390068844016
0.014315351447232326
0.014315315390002628
0.014311806643600967
0.014311281243647722
0.014310770540732352
0.0143107342715189
0.014306188259375012
0.014306040254732231
0.014305628940733423
0.014304847315160605
0.01430191782476449
0.014301887056235248
0.01430172969311424
0.014301696728593681
0.014299853094434191
0.014299817213075952
0.014298605762465078
0.014297310439431507
0.014296174750595698
0.014295136090083418
0.014294356501444562
0.014293875150773678
0.014293433183913497
0.014293224896680022
0.01429272792668411
0.014291968014579088
0.014291395275469528
0.014290190427467911
0.014290039095358469
0.014288675251316838
0.014286651649274723
0.014284640217666593
0.014283932435477343
0.014282933607049988
0.014280102654897127
0.01427783113126114
0.014277563453604284
0.014276637427858724
0.014274875773992968
0.014274528600352915
0.014273709982595377
0.014273259523160504
0.014272480350373989
0.014271834727980706
0.0142707969912345
0.014267804686378571
0.014267539264393229
0.014267215871936439
0.014266365348243203
0.01426570141885115
0.014265459154848599
0.014262924430339984
0.014259187248527053
0.014258379422535945
0.014258036002708929
0.014257857043691646
0.014257050084087728
0.014256956185656481
0.014255924302594796
0.014255454786012409
0.01425528639795914
0.01425330404591643
0.014253013665078404
0.014251413581857206
0.014251301619746207
0.014251198606971858
0.014249546673863247
0.014249546274587264
0.014247662265011929
0.014246953526877441
0.014246619205697968
0.014246415078045103
0.014245793991056837
0.014245765771367729
0.01424524604540439
0.014243796268262388
0.014243123867479559
0.014242865352992502
0.014242147330153401
0.014241564609847412
0.014241396388123375
0.014241101705183419
0.014238810140796712
0.014238173189890048
0.014237856497672894
0.014237055653043899
0.01423652200713179
0.014235338416281567
0.014234523287607362
0.014231300149818748
0.014230935605499293
0.014230779188048595
0.014228333822049001
0.014227702221195909
0.014227696223845378
0.014227311087080398
0.014226879698212598
0.014226533305574152
0.014226068069988279
0.014224619403176786
0.014223883641201895
0.014222015468497671
0.01422123712829837
0.014220695937065464
0.014219958806764032
0.014219098482560116
0.014218570862926003
0.014218042993621172
0.014217958965699325
0.014217554476202432
0.014216905675674362
0.014216157802769904
0.014214983741465469
0.014213722884210226
0.014213391319880775
0.014212955741596462
0.014212104344191422
0.014210897772648761
0.014209123070969054
0.014207397283529705
0.014207100022590881
0.014206880477381509
0.014205602433577274
0.014203965328319504
0.014203955242688082
0.014203198041710685
0.014202801487943676
0.014200981290270448
0.014200472616640005
0.014199767035897506
0.014198026641278269
0.014197921061921345
0.014197790808780855
0.014194918604744247
0.014193151735316659
0.014192800998621238
0.014192669113803158
0.014192559420873668
0.01419203919366922
0.01419146058281469
0.014188407888393753
0.014188057971620816
0.014187244623236336
0.014186856372979903
0.014185975771951839
0.014185075999000265
0.014183780956363813
0.014182958435075367
0.014181538874747063
0.014181353196284111
0.014180749984077954
0.014180671058971998
0.014179926088641206
0.014179264888819284
0.014178892544921403
0.014176880512804892
0.014176470889852905
0.014175483731057099
0.014175032287067853
0.014174980271186159
0.014172096376500387
0.014171048839171673
0.014170497205151083
0.014170255636353372
0.014168072353697226
0.014166971480698138
0.014166765260185753
0.014165641880897131
0.014164789093991801
0.01416363020613901
0.014162931781285377
0.014162146697104819
0.014161792324372213
0.01416056703150508
0.014159657833919714
0.014157684578856043
0.014157118488403519
0.014155994028073651
0.014155122581877609
0.014153811741524665
0.014153369504754119
0.014153284516506657
0.014152583829016288
0.01415136421222416
0.014149970208288275
0.014149937389783202
0.014149813090088597
0.01414839198106816
0.014145990609876773
0.014145860457429037
0.014145729045992804
0.014145517411246065
0.014143006943657827
0.014142486128423315
0.014141939501632709
0.014141045590985496
0.014140624002962088
0.014140037980268361
0.01413946987876151
0.014139430973043692
0.014138833223150493
0.014138785239575799
0.014138674063422139
0.014137899902662156
0.014137198042708621
0.014136754614735167
0.014136103102713508
0.01413552537318374
0.014133260775021765
0.014132562458742162
0.01413237388913941
0.014131758835888301
0.014131488862077483
0.014129928061272364
0.014129596274506042
0.014126390012162445
0.014126052881055617
0.014126012853852593
0.014122442297095019
0.014121027804037588
0.01412057039790893
0.014119336642243243
0.014117225397757205
0.014116043101054359
0.014115584881636192
0.014113818840409147
0.014113451218998714
0.014112983582166814
0.014112669460653352
0.014112548853057551
0.014112530040622299
0.01411206656087984
0.014111697704501972
0.014108761158515943
0.014104787234706739
0.014100343534146366
0.014099712662583253
0.014099664466711277
0.014099096901921723
0.014097263865730998
0.01409600293000373
0.014095953582561912
0.014095265373884207
0.01409503251724236
0.014094463435318274
0.014094188710792065
0.01409298368357783
0.014091919240299079
0.014091319252837383
0.014089211223559663
0.014089040728937326
0.014088898098124145
0.014087662681416164
0.014085951626288035
0.014084363775002993
0.014083110891513007
0.014083024586811431
0.014082989331087368
0.0140824717694436
0.01408244184045054
0.014082178757582949
0.014081801121941087
0.014081098580772338
0.014080685002596155
0.014079904651684252
0.014079436448334761
0.014078059072216449
0.014076994134380575
0.014076926954212825
0.01407538406561005
0.014074651377678995
0.014074595713123274
0.014074221980996978
0.014074204265672765
0.014074004374393099
0.014073985058313424
0.014073287015436378
0.014072990382202668
0.014071582369374955
0.014070704319822613
0.014069646926568065
0.014069513869909173
0.014067189731818502
0.01406581926754683
0.014065567787627818
0.01406555950856038
0.014064373400964888
0.014064319924014333
0.014063812638068872
0.014062147506581565
0.014060851101074714
0.014059595185867007
0.014059028627451038
0.014057297581662789
0.014057252247966702
0.014056335545153906
0.014048321356162536
0.014047057309692279
0.014045606000613156
0.014044860751037362
0.014043005891719645
0.014042622393030897
0.014041425011729964
0.014040459046817048
0.014039733343447176
0.014038814755384691
0.014037957158370175
0.014035939664320684
0.014035857462361518
0.014035820478930996
0.014035538046607985
0.01403485709828481
0.014030095090533318
0.014028703286972396
0.014027998722659956
0.014027347940314093
0.01402614388537222
0.014025696456484703
0.014025004388929939
0.014023598995513233
0.014021673161237232
0.014020098266097571
0.014018527023669491
0.014018385999504002
0.014017660894993003
0.014016771777429937
0.01401668980644641
0.014016299686639975
0.014015838611021188
0.014015540188743162
0.01401528740537349
0.014014783704900041
0.014012967056305307
0.014012461943798689
0.014012347759941559
0.014012333012503068
0.014012237591592095
0.014008617056406747
0.014008201873542401
0.01400809914139034
0.014007638316270625
0.01400671066504173
0.014005362926887763
0.014003921752358648
0.014003656835087749
0.014002917336463919
0.014002612528521315
0.014002220507464571
0.014001199877602739
0.014000601403360515
0.013999974746929315
0.013995884215384091
0.013995388825453283
0.013995231286133131
0.013994521903962135
0.013994080135418195
0.013993480827331633
0.013992071878237422
0.013990833109527241
0.01399010009322291
0.013988567466118483
0.013985905778175933
0.013984879715149666
0.013982075750328749
0.013981107221025899
0.013977191351099054
0.013976275321187824
0.013976184218534965
0.013975663286723635
0.013975313760164216
0.013973963593104611
0.013972985903016773
0.013972298495646452
0.013971908645399047
0.013971144565680538
0.013971135510767766
0.013970114448422746
0.013969770910754494
0.013968907079869607
0.013968400134357293
0.013968053837522499
0.013967816294873227
0.013965616799819884
0.013959650613138802
0.013957613561895741
0.013956978835121042
0.013956615293051018
0.013956158540085835
0.013956075605994676
0.013955885987972486
0.013955818923565283
0.01395410886617391
0.013953934094070796
0.01395118402323298
0.013950520971866094
0.013950126120905473
0.013949752381677999
0.013949165479425546
0.013948110233388855
0.013947212165127308
0.013946411097481511
0.013945681010085561
0.013944954605502232
0.013944642819749794
0.013943540665463943
0.013943172086244746
0.013935243873605096
0.013934880724318774
0.01393457853491646
0.013934552695903251
0.013933810375726196
0.013932451050836318
0.013931012046715395
0.013929948386484184
0.013928277777119807
0.013928215147895082
0.013927811807885687
0.013927018677750277
0.013926934539121414
0.013926933932116579
0.013926579865134691
0.013925844986180333
0.01392540449856843
0.013924867388102087
0.013924259263115262
0.013923658190450078
0.013922886816505404
0.013922476716654343
0.013922172174189479
0.013921759007484205
0.013921452701785351
0.013921130225579031
0.013921083095590463
0.013921028518064768
0.013920620104057337
0.0139200200918961
0.013919960212588872
0.013919921001088126
0.013919673140027037
0.013919460985323005
0.013919059529941102
0.01391778383835795
0.013916902363551529
0.013915856672231195
0.013914954453632531
0.013914722028656684
0.013914393038986395
0.013914294737474268
0.013913764703037498
0.013913381935192976
0.013910550134342795
0.013910096928326879
0.013910021000404175
0.013910009345896496
0.013909506656029315
0.013908458939823358
0.013907216917686016
0.013907093785199604
0.01390672288360314
0.013906372735991428
0.013905618338992629
0.013902977179349367
0.01390146009576038
0.013901031397826768
0.013899709204110027
0.013899224546643978
0.013898607662949156
0.013898511476294576
0.013898456728235368
0.013897582958795516
0.013896905035998114
0.013894104712359788
0.013891681179082575
0.013891344489251283
0.013887375268967248
0.013884067528983534
0.013883543782136069
0.013882779753197936
0.013881664738831916
0.013879463623394392
0.013877605897334958
0.013877402166483451
0.013877340809454798
0.01387710587766653
0.013876207953839275
0.013876115761968507
0.013875590616296155
0.013875250007587507
0.013874119257596462
0.013873261884540628
0.013872993800550508
0.013870600893205643
0.013869298397469134
0.013869160139930578
0.013866678283030448
0.013866136110586062
0.013865784137467325
0.013865397558624796
0.0138652488569852
0.013862740910790752
0.013861360903165058
0.01386130558252846
0.013860665379074631
0.013858685508362839
0.013858254114587685
0.013858039418694549
0.013857468033687211
0.013857397250323337
0.013856392199906887
0.013854466001186226
0.013853206334154612
0.013852795217572005
0.013852560227344964
0.013851924555638722
0.013850291588885582
0.013849994175635684
0.013849791997453252
0.01384940027690628
0.013849114144530147
0.013848668427513157
0.013848475981979146
0.013848413166470756
0.013845194272960161
0.013845190870132525
0.013845007518115458
0.013844734744033716
0.013843885317230463
0.013841296856135249
0.013839467479377476
0.013838056123361565
0.013837752069552126
0.013836467752279093
0.013835363928684967
0.013834928278456294
0.01383458710610991
0.013834114967913008
0.013833059286254095
0.013832423113075445
0.013832029249263689
0.01383165112199938
0.013831247209234961
0.013825599399240765
0.013824709645508212
0.013823162431132114
0.013821475986260314
0.013821116668484148
0.013818695397370328
0.013818431240408912
0.013818330215604841
0.013817387405817441
0.0138173464915737
0.013816365557108062
0.013814688750467435
0.013814050441554124
0.013813398103794549
0.013812772313943402
0.013812746267712152
0.013812604600961148
0.013812331102072467
0.013812207256686793
0.013809942438710176
0.013809873965724605
0.013808899889429216
0.013808059503479559
0.013805037176463184
0.013804955265851728
0.013803514734039528
0.013803415968812996
0.013802276000116988
0.013800856938042897
0.01380080177145265
0.013800440394170532
0.013800282545934963
0.013797270823831132
0.013796825446904045
0.013795873157785981
0.013794929679702039
0.013792936859288094
0.013791829044609284
0.013791433404751759
0.013791254388883744
0.013790573212053063
0.013789612656527121
0.013788311691320398
0.013787979486541738
0.013787134044448557
0.013787001886883034
0.01378657937506185
0.013784736065338083
0.01378415373561852
0.013783982483113818
0.013783301126798672
0.01378309652880564
0.013782582238868114
0.01378220221499391
0.013781771605725092
0.013780870892515874
0.013780701712988954
0.01378032081413629
0.013780140381736292
0.013779584117337932
0.013776373451711253
0.013776019402959909
0.013775110069436592
0.013774182931822032
0.013772723656007742
0.013772215438128798
0.013770839092644776
0.013769645727603112
0.01376917106286156
0.013768065103996563
0.013766901278022773
0.013766132840147006
0.013765926072375492
0.013764788708895071
0.013761987189425869
0.01376119040333371
0.013759555041424208
0.013759390263406647
0.013758768966051316
0.013757106585196945
0.013756917320325936
0.013756525974127486
0.013756285226472225
0.013754398541729643
0.013753467890643151
0.013752898351180787
0.013751436621591546
0.013750947548557456
0.013749956484027225
0.013749690012336672
0.013749375132017983
0.013745830172512814
0.013745822272557193
0.01374579482571173
0.013745642490193397
0.013744965709707031
0.013743650935544765
0.013742649967649142
0.013741219842016532
0.013740606923513138
0.013738726883547221
0.013738500445285037
0.013737032138662808
0.013736899158532866
0.013736736986683233
0.01373653855774503
0.013735606610288753
0.013733550083941316
0.013733325719142023
0.013732255497744209
0.013730304757820909
0.013729833555325982
0.013728308657645755
0.013728066471794949
0.013727997124675772
0.013727477467910362
0.013725311454778797
0.013723531114751393
0.013723052786726562
0.01372218347860505
0.013721423890322399
0.013720656886179588
0.013719891963405338
0.013719163345824681
0.013719012603548754
0.013718423874241886
0.01371841161118041
0.013717750048126328
0.013716810616009521
0.013716797377643241
0.01371636848109524
0.013716212508999173
0.01371600187610281
0.013715142087560903
0.013714999603781548
0.013714049392001904
0.013713421518199665
0.013712234200751502
0.013711792210654605
0.013709739869253928
0.013709707676997513
0.013708803305329567
0.013707942486715474
0.013707751222925849
0.013706579831881728
0.013706034645071292
0.013705679517637672
0.013705665566372037
0.013704941345181947
0.013701049282507465
0.013700916836083368
0.013700110975385609
0.01369990627623136
0.013699872038642499
0.013697666611111685
0.013697423169772481
0.013696469092555204
0.013694960560088254
0.013694514163137564
0.013694138952341013
0.013693402158209987
0.013691930477480602
0.013691242262260248
0.01369039064538303
0.013690342593042365
0.013689830448566417
0.013689722773390573
0.013688585955367365
0.013686866854644314
0.013684774758793742
0.013684225276021844
0.013682975819281238
0.01368277731177972
0.01368233749302583
0.013681509563655249
0.013678986810983992
0.01367812698751055
0.013677341666800036
0.013676961545257589
0.013676650288567576
0.013675997270016766
0.013675965921390754
0.013675294174538387
0.013675047570048851
0.013674661558861323
0.013674577189861368
0.013674124917906911
0.013674122652786705
0.013673571904548055
0.013673068099474491
0.013671955761379218
0.01367137218246918
0.013670606524188019
0.013669161057605567
0.013669043109695835
0.013668831604880815
0.013666784001734924
0.013665686120271877
0.01366523992673961
0.013665112469881927
0.013663347927830112
0.013661906636229374
0.013661721429733261
0.013658945968866113
0.013658809330402189
0.01365782198922086
0.013656694816556484
0.013656644217534472
0.013652991266221713
0.013652212995945818
0.013647554197262619
0.013646928832775867
0.013646825624344234
0.013645250351634429
0.013643598653407701
0.013643192599407208
0.013642571809451812
0.013639755789774695
0.013639454352153624
0.01363885940966407
0.013638815639554354
0.013637597537362347
0.013637086791813474
0.013636889144590195
0.013634215018726489
0.013633894683969036
0.013633384373848303
0.013632547407883115
0.013631837541924359
0.0136301945069973
0.013628876161239362
0.013628333624087269
0.013625901398743336
0.013625795263906844
0.01362447549484757
0.013624139679778002
0.013622446975033167
0.01362238739449971
0.013619678239821117
0.01361892212238037
0.013618663468791523
0.01361659436693788
0.013615721735362383
0.013615059638912772
0.013615058303574302
0.013615034106778357
0.013613858006404909
0.013612866508967035
0.01361267745598751
0.013612115208653153
0.013610504465120857
0.013608833283755867
0.013607680211816423
0.013606954966639264
0.013605586823227864
0.013605215033726198
0.013604782981469454
0.013603751058150083
0.013599943181492755
0.013598674125195553
0.013598636026814817
0.013597665531400347
0.013597581246369856
0.013596351794571271
0.013596237329407989
0.013591472351043361
0.013591291499655793
0.013587904195207013
0.013586768394904672
0.013586528706334249
0.01358568186067809
0.013582687578391787
0.013581182382369375
0.013579908749905695
0.013579466806208845
0.013578563347554837
0.0135771142001785
0.013577020779097367
0.013574928745659749
0.013574805403147532
0.013573341766837218
0.013573317402165545
0.013572518144016449
0.013571539460415602
0.013571211214333462
0.013571194253589694
0.013570578376543871
0.013570036849079758
0.013569476120588047
0.013569361525147688
0.01356917511916691
0.013568468087396165
0.01356734559612391
0.013567091492785854
0.013566154503898788
0.013564566235015237
0.013563649417752895
0.013563588963090425
0.013562985650885078
0.013562590424486379
0.013562116021521312
0.013561587029938099
0.013560444795426429
0.013560069059257615
0.013558049499613378
0.013557696150161509
0.013556941472401791
0.013556927123957115
0.013556054151508054
0.013555176749541792
0.013554435911405144
0.013554193184039054
0.013553928667125747
0.013553746279858364
0.013552035751640401
0.013550971378882275
0.013550730847307499
0.013549852798502241
0.013548204362957998
0.013546512423219463
0.013545877690201607
0.013545491459280905
0.013545309843408652
0.01354489445195256
0.013544339338669512
0.01354432620407762
0.013544002526099557
0.01354103255555086
0.013540898856857685
0.013540876236452887
0.013540404381282291
0.013539274230422641
0.013538463232147496
0.013537611015915893
0.013537430496713673
0.01353736173560499
0.013536289066292421
0.01353598379286183
0.013535407775780564
0.013534300725855116
0.013533821730841326
0.013532483760350602
0.013531403567297
0.013529823828019727
0.013529322316889525
0.013527631169920238
0.013527189383514467
0.013526891119618646
0.013525663951224197
0.013524580295443579
0.013524533246899334
0.013523284486557957
0.013522185006683026
0.013520224141444935
0.013519862657610822
0.013519566751109722
0.013519531504885853
0.013518253799595061
0.013516762725938653
0.013516717885931088
0.013515748702948881
0.013514791576032028
0.013514333840527927
0.013513960776146829
0.01351181043024639
0.013510762041102513
0.013506149315701262
0.013505826962226627
0.013505810723371658
0.013505516371957167
0.013504567359171434
0.013504558484050428
0.013501699929384933
0.013501368633475643
0.013501154769369823
0.013500867284055114
0.013499499903382091
0.013498548538061955
0.013498032173945863
0.01349754928857198
0.013497235538327523
0.013496940132403346
0.013496688195235248
0.0134959007619654
0.013495701251753816
0.013490678217605167
0.013490160949139528
0.013489380716247473
0.013488782523444659
0.01348770333857169
0.013487655213159986
0.013487203593151658
0.013483432460911108
0.013481969785754522
0.013481424489119345
0.013481421700298674
0.013480790637721908
0.013480784621058678
0.0134807496703026
0.013479230410121584
0.013479156209753892
0.01347910736631085
0.013478949264169194
0.013478506742338999
0.013478093596012552
0.013477925447142809
0.013476224747030845
0.013475809874593885
0.013475276376560919
0.01347465536218374
0.013473952346081525
0.013473551395811122
0.013471602986387859
0.013470520033117665
0.01347047061991897
0.013470372267338361
0.013469628806649179
0.013469460546400415
0.013469124039495585
0.013468905416826204
0.013468683401556903
0.01346645872459833
0.013466036210769356
0.013464937843800338
0.013464596819387782
0.01346407327766226
0.013463285934524257
0.01346281822505836
0.013462442071431482
0.013462198988018237
0.013460221854153123
0.013459980387922744
0.0134591840509
0.013459131039420183
0.013457877394037109
0.013455939510671328
0.013454277403811603
0.01345402313594808
0.013453752184087489
0.013453678944481224
0.013452790826884371
0.013452616810968073
0.013451893033330432
0.013448190649754671
0.013446690911315326
0.013446514535629563
0.013446325997889594
0.013444698624065892
0.01343900278790373
0.013438689957069247
0.013437799432646474
0.013437441860072187
0.013437161455745621
0.013434353128632451
0.013432734266837661
0.013431654906809812
0.013430494877157636
0.013429679341489181
0.013427658682118268
0.013427517779011505
0.013426847903777177
0.013426045600354384
0.013425612126077258
0.013420279121242436
0.013419693492606655
0.013418572285052145
0.013418354600154749
0.013417613904353851
0.013415711544911703
0.013413911934108741
0.013413668401722865
0.013412882777111342
0.013412785849944356
0.013412771415521135
0.013412683803814295
0.013410969408656253
0.013410920510938487
0.013410089716542102
0.013409739929737787
0.013407397513519792
0.013406821906673385
0.013406055256425145
0.013405540434773657
0.013404547353334368
0.013404479900972089
0.013401081291864207
0.013401014254014078
0.013399591277263452
0.013399238431534946
0.013396628227955129
0.0133963032403387
0.013395240831295637
0.013393477145210513
0.013392959099446797
0.013391697754713036
0.013391519298505997
0.013391006586446241
0.013390019956861425
0.013389246750910419
0.013388598907416355
0.013387328695953944
0.013387174281470774
0.013386089368306812
0.013385707804402973
0.013385658330758846
0.013384748768927795
0.013382062797343035
0.013381377524800651
0.013380211360945525
0.013376467252069899
0.013376195571513714
0.013375539862232926
0.013373911720229796
0.013372461205523078
0.013372023271253874
0.013371958964103909
0.013371286042329225
0.013369309437845015
0.013368491811771585
0.013367692321935437
0.013367640649527895
0.013367401482907017
0.013367138126477395
0.013365792204456882
0.013365650591332127
0.013365611363073748
0.013365312763224805
0.01336421888613978
0.01336418207984285
0.013363600605803298
0.013362146236933619
0.013361622814515195
0.013360954666693507
0.013359383120179652
0.013359195550529531
0.013359172156790163
0.013357307647843352
0.013356883256972181
0.013355198047577396
0.013354866778397579
0.01335268150798964
0.013350978342238543
0.013350786005750039
0.01335052878024502
0.013348949381954226
0.013348699171593068
0.013347221274547955
0.013346438783968146
0.013345429521493408
0.013345128708238178
0.013344351089812996
0.013343393107968487
0.013339970316937585
0.013337789208802381
0.013337600373874655
0.013337020672646204
0.013336858585485643
0.013336267023957954
0.013335776115182543
0.013333044996844737
0.013330181901205312
0.013329560308456747
0.013329254864023881
0.013328379705034744
0.013327760702910934
0.013327225931429858
0.013326826677380763
0.013326297326382816
0.013325894748412529
0.013324735480908416
0.013324662127637022
0.013322470776000669
0.013320723400036356
0.013319368417140267
0.013318942751217495
0.013318553463570275
0.013318520729650403
0.013317791090557649
0.013316921355685955
0.013316212063866139
0.013315581599575859
0.013315430037860017
0.013315029170452297
0.01331393754758311
0.01331319049128748
0.013313014037918946
0.013311778552846834
0.013310658086516674
0.013309967555576592
0.013308265827625289
0.01330792395974918
0.013305152771388162
0.013304390692718554
0.013301566032014262
0.013299921935111435
0.013298446907451834
0.013298231475976996
0.013298179194824143
0.013297977734175022
0.013297408271969329
0.013296581568679723
0.013295468134085914
0.013294835514779481
0.013293679085413278
0.013290289510876947
0.013289878215332033
0.013289080266071033
0.013288505072624164
0.013287951925126469
0.013287552122109107
0.013285346254951808
0.013285303091414203
0.013283782667343752
0.01328223008591076
0.013282211487984454
0.013281896630324886
0.013281826747693721
0.01328082146541237
0.013280639329303201
0.013279996252976449
0.01327994802174353
0.013279500793363572
0.013278624744966208
0.013278289419081405
0.013276062142628898
0.013273979279253516
0.013272451094484486
0.013272240065925641
0.013270916995467794
0.013269727717472415
0.013268980495392865
0.013268461402790588
0.01326785109297649
0.013267469914524824
0.013263929135685413
0.013261729433044855
0.013260843609933827
0.013259469507473859
0.013258510894651777
0.013258329990706511
0.013256469369348706
0.013255062325085366
0.013254917707845244
0.013254815162627703
0.013252949693346337
0.013252751543743538
0.013252751481262121
0.013252261327445492
0.013251370994959153
0.01324978336230742
0.013248977220275966
0.013246936546804
0.01324591005216171
0.013244067491202301
0.013243475074502006
0.013242344536805641
0.013241919818989036
0.013239921959120545
0.013238919075854619
0.0132380308505186
0.013237783069458537
0.01323747462688056
0.013236458379194892
0.013236037708868277
0.013235306043826701
0.013234989810572603
0.013234303979915402
0.013231576556235372
0.01323150229149391
0.013230350226711698
0.013229337153339557
0.013229128130841665
0.01322731647680348
0.013226647275763113
0.013226465251488578
0.013224051446042898
0.013223834047106262
0.01322378042750719
0.013222850829456631
0.0132212485961942
0.013220823547332469
0.013220409640948939
0.013219488126648443
0.013218446123821604
0.013218122373015031
0.013218098677822905
0.013216652656977733
0.013216508879310432
0.013216266295186012
0.013215733029636747
0.01321557952673268
0.013215154725931237
0.013214812729156703
0.013214679558598072
0.013214273404643701
0.013213976881431359
0.01321378951821847
0.013213772627571004
0.013212820414736638
0.013211046608553928
0.013210755952730201
0.013209414358140586
0.013209093222797622
0.013208515420799193
0.01320809690906855
0.013205555971254682
0.013205372611006794
0.013204950610441146
0.013204507585930914
0.013204395537877027
0.013204142358682181
0.013203629603557089
0.013203387236500464
0.013203144398193914
0.013202961162989977
0.013202865784856349
0.013201790157376044
0.013201129341529994
0.013201026213398668
0.013200558950109806
0.013200194890451196
0.013199999152663818
0.013198232270344661
0.01319674186776354
0.013195692181521784
0.013195459317592058
0.013193493695974853
0.013192586561164354
0.013191922449201303
0.013191433074406064
0.013189814107440589
0.013189545613042161
0.01318810441387481
0.013187556647000593
0.013187140547172401
0.013186163148682668
0.01318608473081307
0.013184723832765548
0.013184706682718523
0.013184687286871796
0.013184094205386857
0.013183922181384131
0.013183894509920156
0.013182412417858613
0.013181583163446607
0.013180570467562054
0.013180531298631011
0.013178275363153344
0.013177891068158254
0.01317612730999217
0.013175349079482134
0.013175306159588092
0.013173933108276999
0.013172760996247175
0.013172756572796119
0.013171681269467038
0.013171606539576523
0.013170038634752152
0.013168299833080963
0.013167911127794559
0.013166520783768801
0.013165782510758083
0.013165643990883748
0.013163890136058159
0.013163337955213858
0.01316293588803537
0.013161233255804251
0.013161164317564755
0.013160681666673901
0.013160522239029828
0.01315985771880889
0.013159564858105006
0.0131592959411393
0.013157703909046978
0.013157537164043664
0.013157434375215136
0.013157078255119619
0.013154966191374464
0.013154912497285747
0.013154801018647955
0.013154025989611681
0.01315391338162771
0.01315373478279484
0.013152591107917836
0.013151495340035714
0.01315060629891596
0.013149912747311917
0.013149619411127156
0.013148155020863863
0.013147612224530578
0.013147605985370745
0.013147303680686702
0.013147080334681899
0.01314638520462915
0.013146147607080962
0.013144986254725894
0.013144893139474773
0.013142949919120564
0.013142940544024978
0.013141360960625665
0.01314076323822596
0.013139845151562109
0.013138181242789241
0.013137623984941544
0.013136763784246799
0.013136718404359858
0.013135858073400767
0.013135321536246648
0.013134084399716394
0.01313391348751783
0.013133507507410489
0.013132659626854573
0.013132365438735544
0.01313215983667693
0.013130678220979304
0.013129080467660861
0.01312870258195113
0.013127899721403677
0.013127877659884201
0.013125729083227625
0.013125632042090916
0.013124555252802053
0.01312402205117265
0.013122199299372963
0.013121881960531143
0.013121865345202774
0.01312153918665142
0.013121302203823364
0.013121123553151166
0.013120048852237894
0.013119348984213229
0.01311918287220384
0.01311858418550433
0.01311827174199379
0.013114716629043798
0.013112562641933551
0.013112502072226006
0.01311102490471887
0.013110479212990057
0.013110347144383805
0.013109615891715783
0.013108458835385353
0.013107830567702842
0.013106620714330497
0.013102974810028789
0.013102736445227962
0.013102190577837073
0.01310141767617461
0.01310122005152098
0.013099848510603626
0.013098007963493585
0.013097460190870559
0.013096978851611863
0.013096503330220263
0.013096282357303863
0.013096014563373308
0.013096010536713934
0.013095652265282811
0.013093583417312676
0.013092472948296872
0.013090417462678788
0.013089127727637002
0.013088880989391609
0.013088547564010861
0.013083887444107524
0.013081563022577108
0.013080964036478687
0.013079661276858992
0.013079140006159486
0.013076356106464604
0.01307592411889341
0.013073033950144674
0.013072485662986648
0.013072031820783939
0.013070848274447149
0.013070571555793296
0.01307034282708712
0.013070178498797158
0.013070121621480465
0.013069713055982044
0.013068577902878596
0.013068087130037716
0.013068039074908966
0.013066808627081929
0.01306650414559758
0.013066278534209575
0.013064668749955924
0.013064193908562484
0.013061478449700356
0.013061185463358837
0.013060614901398818
0.013058190174984032
0.013058134998068892
0.013057600501467242
0.013057481382215196
0.01305628756500397
0.013055686666960092
0.013055589694398585
0.013054884210827303
0.013053980236369944
0.013052173623329378
0.013049893948599746
0.013048459676245102
0.0130480028792155
0.013047853021778069
0.013047644989597882
0.013047394813826666
0.013047225954364279
0.013047060182197515
0.013046866851973185
0.013046346821404294
0.013046151729656855
0.013045418999962564
0.013043791412636266
0.013043747164204481
0.013043050199502323
0.013042860665561356
0.013041840730197618
0.013038838459153868
0.013038398835320373
0.013037856220411191
0.013037204684262787
0.013035274256188202
0.013032749970894337
0.013031978937564583
0.01303071043006389
0.013029659155277585
0.013028908736313381
0.013028615445791729
0.01302590981065678
0.013024245283479315
0.013023529374104453
0.013023491892987966
0.013022081297657345
0.01302142340765775
0.01302049128266671
0.013018253008920681
0.013018237457709973
0.013017802283903665
0.013016833814889259
0.013015689867195335
0.013015504554279978
0.013015352334675838
0.01301524367181088
0.013013673335733942
0.013013514992568823
0.013009390721536618
0.013007414575963295
0.013006163144621385
0.013005185990049508
0.013004390757843265
0.013002917294706207
0.013002610699328131
0.013000922300264032
0.013000572094956739
0.012999728734807885
0.012998741162849742
0.012997780832189713
0.012995890837079176
0.012994477803893647
0.012992680001851097
0.012990707021185393
0.012989189637155049
0.012988598316739
0.012987722583337092
0.012987606550320501
0.012987604241953183
0.012984345971112452
0.012983976431553183
0.012983947904419646
0.012982255253915621
0.012981590618545372
0.012981337209562953
0.012981064195240867
0.012979916210933726
0.012979625084318431
0.01297913681500157
0.012978789326069884
0.012978606332301832
0.012978185660221634
0.012978088038272273
0.012976940888006478
0.012976175250443884
0.012974694666743289
0.012974664473227
0.012974247043748771
0.012973331306465918
0.012972715223063466
0.012972357461495092
0.012971802842938441
0.012971572936084827
0.012971359024955886
0.012970083243463288
0.012968670886900034
0.012968364465071609
0.012967739062895762
0.012967575009546832
0.012966695264640542
0.012966522432895545
0.012965254634919222
0.012964525909937614
0.012964478305402653
0.012964021310705771
0.012963664415137717
0.01296298661224162
0.012962509690593302
0.012961893586433409
0.012960445513181732
0.012958166243028223
0.012958034310570453
0.012957853249279066
0.012955461344168577
0.012955160583459378
0.012954648212412637
0.01295378242586012
0.012953399469343299
0.012952508379990115
0.012952081389152024
0.012951946276016231
0.012951740195623961
0.012951622041300723
0.012951365213629596
0.012951237459395465
0.012950324456351475
0.01294989157491315
0.012948500835293211
0.012948048078786967
0.012947904912639113
0.012947115745744229
0.012946048601315702
0.01294561928456271
0.012944850378404394
0.01294465809108368
0.012944615314987109
0.012943652539504134
0.012941694187578043
0.012941453676586716
0.012941338758705262
0.012941023300715686
0.012940221915567925
0.012939788094570328
0.012939198235305776
0.01293781104512096
0.012937670331308286
0.012937200803653957
0.012936735180429159
0.01293479827485508
0.012931367176595066
0.012930720181317152
0.012929870747197371
0.012925402202956626
0.012925343625713598
0.012924245843217623
0.012924021701742618
0.012921176735705
0.012920708402445479
0.01291919813380933
0.012918377281236621
0.012918262463548096
0.01291786299816102
0.012915947829383868
0.012915313815440562
0.012914343943597556
0.012913487873443624
0.012913301962370845
0.012912128506156162
0.012911660715757981
0.01291162613050204
0.012911485969466736
0.012911335947709438
0.012911284782101349
0.012910496656193484
0.012910419959205872
0.012909752965411667
0.012909662772833921
0.012908970268293581
0.01290816031060471
0.012907914870862621
0.012907643243066723
0.012907483662298507
0.012906936349960464
0.012906182550758137
0.012904930644534775
0.012903609266310486
0.012902493440131575
0.012901991173366737
0.012901484747177195
0.012901360613903635
0.012900282773415064
0.012898881698019771
0.012897901355344472
0.012895962759347851
0.012895772910216289
0.012895151847798551
0.012895017983113257
0.012893973147346489
0.012891344993213235
0.012890128702194028
0.012888675589658049
0.012888437648649593
0.012885216541208
0.012884738978914678
0.012884049942590866
0.012881016172810376
0.012880968956927859
0.01287868542731997
0.012876189997321619
0.012875777698312293
0.012875642023260987
0.012874363485692621
0.012874112578201565
0.012873693753469671
0.01287285132554432
0.012872699865178638
0.01287210601807459
0.012871589894885732
0.012871539343318075
0.012871538660419037
0.012868147343284272
0.012867857833938446
0.012867836050952703
0.012867054963743366
0.012863392982453059
0.012863187548898723
0.012862817278863627
0.012862582625096843
0.012862162067740088
0.012860629156454971
0.012858908319304464
0.012858234559324878
0.012857431309078496
0.012856411601781336
0.012855460754765497
0.012854958402954347
0.012854928648077222
0.012854231493977178
0.012851099451698149
0.012849172417577503
0.012848705863872854
0.012848469777440764
0.01284843910658289
0.01284802925369632
0.012847908419976267
0.012847581599203557
0.012847558540032134
0.012847548039148209
0.012846362808672355
0.012842679346812646
0.012842336760362706
0.012841804779834607
0.01284093611114936
0.012840803540538768
0.012840437939651651
0.012839273600418527
0.012837051885223846
0.012833724276671775
0.012833635680332071
0.012833044421304637
0.012832610979402028
0.01283102588379197
0.012830907306437035
0.01282955604181164
0.012829259693996056
0.012829093267135504
0.012827914450092829
0.012825582916904787
0.01282530826000311
0.012824896942154086
0.012823310554549088
0.012820735987444314
0.012820535624335421
0.012820074854541485
0.012819899656448093
0.012819430596663501
0.012819312798477868
0.012819059578988271
0.012818416155246535
0.012817812762022596
0.01281779160357205
0.012816523990940727
0.012816250518168653
0.012814384524392642
0.012810956395219522
0.012810533887947107
0.012810323091001944
0.012810210541556096
0.012810180661956062
0.012809402738407402
0.012806695124709749
0.012805388754109883
0.012804257021644307
0.012802973413650078
0.012802807625573228
0.012801686585449473
0.012800161403314504
0.012796927827452613
0.012795063293704336
0.012794760437139526
0.012794542523273085
0.012794203424872343
0.012793880344872603
0.01279272290962509
0.012791644844872
0.012790171226525858
0.012789811078879009
0.012789341109770824
0.012787557087799302
0.012787482969101678
0.012787423927878763
0.012787018985989957
0.012784492592426817
0.012783778037761319
0.012782819194486161
0.012782664931008943
0.012782643862149489
0.012782463179824758
0.012782180255369291
0.012780452573360621
0.012778032321375164
0.01277761542687917
0.012777098810265272
0.012776566589927027
0.012774948978945563
0.012773413747706646
0.012772591350190049
0.012772386068423671
0.012772194035370599
0.012770573034666241
0.012770092563456171
0.012769937259159841
0.01276834296825401
0.012766615584734773
0.012766574223052819
0.012766475550903149
0.012766018014612635
0.012765984128006953
0.012765651049975011
0.012764514687304428
0.012764391398611609
0.012763064711387277
0.012761152211915615
0.012761067280772372
0.012760318717659985
0.012760224201919768
0.012759719785622807
0.012759327268019061
0.012758327545165331
0.012758046972448483
0.012757186308577001
0.01275705220076479
0.012756067636660515
0.012755141963161919
0.012753517727834696
0.012752930208944005
0.012751215234865311
0.012751100615685738
0.012748934238260616
0.012747912103957711
0.012745774867813885
0.012743732230934775
0.012742916002051149
0.012742658103014436
0.012742534109426213
0.012742311442464347
0.012742299277625702
0.012740992585719304
0.012739538217732979
0.012739031449088735
0.012738930031360928
0.012737618876791998
0.012737567227185767
0.012737356008957767
0.012737095656696
0.012736097941676416
0.012733767451216786
0.012733542950571823
0.012733275979052005
0.01273321009719912
0.012733050030041083
0.012732954957004803
0.012732699495891399
0.01273219646543864
0.012730683850513553
0.012729232431368444
0.01272280784046294
0.012722560592394308
0.012721390612259726
0.012720312168328515
0.012719930127363764
0.012717333386242308
0.012716426715153469
0.01271524008647839
0.012715117022837386
0.012713876726134835
0.012713429453467153
0.012713142698946021
0.012712999398200102
0.012712844601495833
0.012711988452286844
0.012711864800248978
0.01271025950858801
0.012709702631676362
0.012709389797902444
0.01270823857160247
0.012707324662800537
0.012706346119575966
0.012705959915419474
0.012705874275572192
0.012705033296098229
0.012704673485811696
0.012704088538908573
0.012704032358899364
0.012703205936958516
0.012702965437508632
0.012701755678370143
0.012701339289102491
0.012701148728343842
0.012700447235571866
0.01270034044861555
0.012699299416278032
0.012699285053755295
0.012698331922027468
0.012698126491493149
0.012697746791737147
0.012697300587483133
0.012696648203765348
0.012695658893091322
0.012695373902570223
0.012694368600624197
0.012694039691364366
0.012693746999334937
0.012693379185989897
0.01269325947556379
0.012692897530797836
0.012692599249347356
0.012692530342983522
0.012691562744718318
0.012691052018625368
0.012690306791523623
0.012689012961974553
0.01268840296139735
0.01268819024559169
0.012686525508125381
0.012685960660019707
0.012685474294867917
0.012684709284859976
0.012682712400660845
0.012682432384663576
0.012682419899908506
0.012681809653092397
0.012681552019844399
0.012681151551331175
0.012680967249901389
0.012680245238545921
0.012678131840373464
0.012677953942442607
0.012676538935655525
0.012675330919888341
0.012674918292601823
0.012674672917797121
0.012672033378346065
0.012671516971802698
0.012671437346057733
0.012669700807847455
0.01266939836499419
0.012668520628898053
0.012668028978837398
0.012667746101418605
0.012667714051505711
0.01266664485585743
0.012665398347733297
0.012664733547472884
0.012664495486687107
0.01266393418716499
0.012663807975488094
0.012662493809076292
0.012661741902114021
0.012658390655427589
0.012656286692984737
0.01265457305588788
0.012654473640500727
0.012654266656681913
0.012654235018081366
0.012651912698708672
0.012648853765649925
0.012648201971606182
0.01264778947401082
0.012645648423531315
0.012645289924471937
0.012644754680653764
0.012644574234800742
0.012644425547191524
0.01264428239920996
0.012644269290833045
0.012643461241649898
0.012643206052812392
0.012642140588684764
0.012638139271793997
0.012637136222144621
0.012636850765712611
0.012635122848780085
0.012633824462636951
0.012633028338457992
0.012632091362484483
0.012628469736423193
0.012628280051771214
0.012626699885863096
0.012626031222595981
0.012625069248751659
0.01262438676195878
0.012623723645166984
0.012619655894097468
0.012619578533034373
0.012616932277135609
0.012616771093174092
0.01261644598662197
0.012616375192198248
0.012614253780878142
0.012612836021510787
0.012610656729711251
0.012609938537186781
0.012609315156573344
0.012604349517515051
0.01260411991729762
0.012603592601352761
0.012603204265460809
0.01260275747662384
0.012601704241561944
0.012601032877886014
0.012600540704885352
0.012599788358487208
0.012598817681471511
0.012597140458548223
0.01259657132184101
0.012595372082616374
0.012594215252321312
0.012593492095701824
0.012591786924226675
0.012591303241778679
0.012589318919066752
0.01258931131664463
0.012588142994172647
0.0125873148649165
0.012587272286567674
0.012586663782561456
0.012586355168369019
0.012584544884733956
0.012583161404822147
0.012582815228182255
0.012581958604786806
0.012580889357553754
0.012580588200553765
0.012579984546124738
0.012577540058838908
0.012576216462296843
0.012575754087847479
0.012575551321784137
0.012575206422562282
0.012575153384531062
0.012574539648633422
0.012573559538243259
0.012572898203808454
0.012572203146199534
0.012570773409668775
0.012570682187758008
0.012570280526938567
0.012569752916528183
0.012568350744529949
0.012568283807241856
0.0125667436717191
0.012565745941769305
0.01256557913010206
0.012565225369285511
0.012564413868958306
0.012564146707747402
0.012564096996631609
0.012561757057834085
0.012561675111556262
0.012559214620633082
0.012558835615430705
0.012558149258287727
0.012558080310725452
0.012557586106702275
0.012557089277285069
0.012556970868390294
0.012556541834348641
0.012556199119926451
0.012555952811949565
0.012555839742433884
0.012555057166773968
0.012554416547651409
0.012553823476663124
0.012551210267881399
0.01255119519025984
0.012550618355387616
0.012550090301680361
0.012548422708451546
0.012547793117407864
0.012547659124797111
0.012546996866754288
0.012546447849457727
0.012545991778160901
0.012545613134815396
0.012544459161572898
0.012543890624822838
0.012536783236894906
0.012534730843433572
0.012534328123724689
0.012533706187942565
0.012533559278534443
0.012531644743516908
0.012530663350613208
0.012528960973388951
0.012528565413640329
0.012528562803841018
0.012528551062606048
0.012528067423890361
0.012527107840849656
0.012524829181504311
0.012524368698829206
0.012524081068987267
0.012523821590918029
0.012522708316908895
0.012522665667161519
0.012522413828991793
0.0125219834639731
0.012519058026210471
0.012516910469627092
0.012516713099300903
0.012514306592875999
0.01251369734190977
0.012512604842660159
0.012512354822771486
0.01251234261915329
0.012511543986501427
0.012509993354488278
0.012509524493583878
0.012508607963351412
0.012507470826382441
0.012506483591204338
0.012506211319866496
0.012504861099710799
0.012504167952975355
0.012503480465084704
0.012503244392659537
0.01250299022165567
0.012501803893765163
0.012501469574523442
0.012500915137105623
0.012499482181745849
0.012499242840432512
0.012499018280846732
0.012498953482713696
0.012497326283251011
0.012497266553169796
0.012496356212547874
0.012496061702096533
0.01249297556500579
0.01249161809323952
0.012491609337686529
0.012491452992109638
0.01249016069772204
0.012489794109458533
0.012489648749600846
0.012488890951590734
0.012488422569362201
0.012488383291052516
0.012487933142314955
0.012486566708684192
0.012486156079348436
0.012485700300037213
0.012484561213543395
0.012484454918737195
0.012484314737812476
0.012484170873293357
0.012483991391312305
0.012483746738587086
0.012482831947073015
0.012481069710098994
0.012479334728324954
0.012478810986506559
0.012478682758048537
0.01247809087863107
0.012477341424367488
0.012477303202695389
0.012474851311326442
0.012474135585048242
0.012472525625645402
0.012471504784477125
0.01247086855985456
0.012470382881068009
0.012469891018528008
0.012469520232554026
0.01246904360139183
0.012467570153357511
0.012467109447719687
0.012466984580987458
0.012464641396209508
0.012464380707805965
0.012463718893761197
0.012462648063300844
0.012461653075850296
0.012458788357593696
0.012458461562262069
0.012457881561500295
0.012457596589820761
0.012456576096917048
0.012456504801302721
0.012454319397727865
0.012453901981530666
0.012453543431989053
0.012453169871373956
0.012452465081227975
0.012452192354272021
0.012452043553695117
0.012451962919588697
0.012451478303984112
0.012450493560997323
0.012449808118209744
0.012448357963759257
0.012447927879965241
0.012447681088730412
0.012447273339640528
0.012446775550171367
0.012446617540022173
0.012446507522985361
0.012444849750044068
0.012443538125325075
0.0124424022391593
0.012442196737751118
0.012441204369730606
0.012440673489298906
0.012439640639245537
0.01243794410897457
0.012436175020593533
0.012434590873715578
0.012433662958532238
0.012433523735774634
0.012433146410515473
0.012432852499397712
0.012430489511262632
0.012428910942340004
0.012427423867726935
0.012426904222714946
0.012425786994108899
0.012425128449453843
0.012425114187910957
0.01242446897815903
0.012423816979181591
0.012422228056671886
0.012422137923686518
0.012422046735265424
0.012420899593931499
0.012420021378993952
0.012419138054033326
0.012417358877475125
0.012416897173081526
0.012416163269899945
0.012415610054326462
0.012414372154459697
0.012412935869507116
0.012412734506742906
0.012411972659027526
0.012410045777237937
0.012410013164060246
0.012409868956707065
0.012409589064363352
0.012408150657564069
0.012407610133441063
0.012406564713319754
0.012406424477215303
0.012405132371045425
0.012403960669113949
0.012403623982051425
0.012403006855617784
0.012402541809808864
0.012402089049702724
0.01240062296702356
0.0123995543306745
0.012398530499463961
0.01239819500306533
0.012395868340819356
0.012395510327753424
0.012394901582319767
0.012394460820695591
0.012393928290589004
0.012393279438592059
0.01239324198232091
0.012392888672647564
0.012392615586105733
0.012391547339139502
0.012390814973243616
0.012386456979404891
0.012386064869158759
0.012385437389826849
0.012384179396934534
0.012383771886502856
0.012383580776420265
0.012383528898792136
0.012383255928208112
0.012381513616132258
0.012380788433265915
0.012377626897653093
0.012377280463345196
0.012377083335198888
0.012373443735678615
0.012373217302624315
0.012373141427031786
0.012372133380405602
0.01237200133813551
0.012369441349810504
0.012369011255695726
0.012368616545164324
0.012367569116152692
0.012365693460178993
0.012364253717331396
0.012363850391481881
0.012362902977517078
0.012361682005385297
0.012360474459241764
0.01236038591840565
0.012359661362735419
0.012359583834617553
0.012357716136272092
0.012357137892012017
0.01235661663064349
0.012356536069561335
0.012356426815767527
0.012355885756577095
0.012355789637665763
0.01235548806197577
0.01235530081085752
0.012351612243994071
0.012351297885862204
0.012350310332798261
0.01234973652167635
0.012348931458712851
0.012348251389988386
0.012347886043534788
0.012347317800653372
0.012347064662655956
0.012345712499841056
0.012343464415366306
0.01234316228370669
0.012342756629860108
0.01234225647571106
0.01234114191658927
0.012340723500653008
0.012340649298465674
0.012339806102844042
0.012339760865910954
0.01233803399014443
0.012336314414501318
0.012334145993092138
0.012334012036407674
0.012333859167340958
0.012333402229782195
0.012333187847841341
0.012331957576693831
0.012331307568041371
0.012330382101392805
0.012329880526236604
0.012328061297212319
0.0123264891081049
0.012325997995432816
0.012325849149709607
0.012325405062216719
0.012325205419931986
0.012325071878753488
0.012324897019146269
0.012324209885578084
0.012323155186642036
0.012322575319407775
0.012322562529944804
0.012320995578129726
0.012320819866631357
0.012320422049444831
0.01231971543649445
0.012319682529679136
0.012319662652477026
0.012317972081758369
0.012317952843275809
0.012317421546099563
0.012317167032525635
0.012316836177513186
0.012316584631049024
0.012316357993249405
0.012314389974960607
0.012314093398215894
0.012314041987229766
0.01231377764091296
0.012312821474994243
0.012311740528636489
0.012311308745891923
0.012308776049626814
0.012308644485863598
0.012307962493144062
0.012307253840136839
0.012305614597462119
0.012304689604858235
0.012303616530391949
0.012303263749851729
0.012301705379216463
0.01230146230356908
0.012301056547189161
0.012300794452461839
0.012299666829868553
0.012299154944927797
0.012298956085895676
0.012297688728836393
0.012297507032525606
0.01229661988234671
0.012295650086072717
0.012295013343052531
0.012295007556342004
0.012294160484465737
0.012294053003984352
0.01228987828520642
0.012289636227745513
0.012288705357875507
0.012288191308416916
0.012287964815328269
0.01228645541590943
0.012286136606704657
0.012286044812987286
0.012285954724960194
0.012285523276783245
0.012284445294288484
0.012283925248869305
0.012282965308579806
0.01228207435975342
0.012281874728080917
0.012281370179795253
0.012279546575353815
0.012279152621758853
0.012278462148105634
0.012275004491501627
0.012273783906489213
0.012273480426188284
0.012272055192765339
0.012271240407838939
0.012270710766998216
0.012270685053983576
0.012270565798267592
0.012270458713696794
0.012270339746831022
0.012270281960304514
0.012270172688728874
0.012269231485819597
0.012269084942237534
0.012268613155162311
0.012267456809251535
0.012267002788347608
0.012266745552869197
0.012266326182600913
0.012266041542901885
0.012265673182828658
0.012265567211093856
0.012265226399173105
0.012264099872231758
0.012263107550056041
0.012262665815350729
0.012262427322827412
0.012262286240435622
0.012260031632730681
0.01225991472852439
0.012259560344953692
0.012258874838617439
0.012258562117241821
0.012258223289859703
0.012257941748170752
0.012256453905228903
0.012256066140381012
0.012255654685808656
0.012254979889994315
0.012254118263299406
0.012253820929864606
0.012248351445654549
0.01224804023111538
0.012247361228867075
0.012247089081052369
0.012245318871200093
0.012244311590456495
0.012244152313876608
0.012243471383096295
0.012242681284634372
0.012242650968142289
0.012242078365788715
0.012240743533171597
0.012240286735168976
0.012239295264063508
0.012238743607569847
0.012237517714511989
0.012237428156836865
0.012236014815081978
0.012234809616379735
0.012233495805378015
0.012233488932516941
0.012233105583128234
0.012233042945793889
0.012231881665580356
0.012231716565689979
0.012228660586158405
0.012228347925101897
0.012228119367644114
0.012225654353307785
0.01222558866064594
0.012225314493178339
0.012225212692011312
0.012224993710313131
0.01222447382840532
0.012223881368904722
0.012223553151405742
0.012222647823824827
0.012220992832201759
0.012220013371852804
0.012218965055959884
0.012218712172232077
0.01221840450237484
0.012218247884906559
0.012218199050115947
0.012217594274469978
0.012217123610365246
0.01221644936393915
0.012216440087517169
0.012214892763763278
0.012213937549307025
0.012212718492833105
0.012211520127201701
0.012209480867260234
0.01220681676906285
0.012206586246243933
0.012205586195334833
0.012204050748523477
0.012203028069879327
0.012202738191738609
0.012202680618674348
0.012201090158801211
0.012199626511233987
0.012199021124584927
0.012199016177696776
0.012198648701476408
0.012197883405086929
0.012195903553831692
0.012195088441911171
0.012194688215980647
0.01219375804721012
0.012193400351697879
0.012192573492061634
0.012192052022461814
0.012188925764645768
0.01218840609337913
0.012187172629984783
0.012186595586550596
0.012186222003459504
0.012185001215967032
0.012184656730741391
0.012184600408234405
0.012182767992142528
0.01218259338951925
0.012180243865941834
0.012179324056510326
0.012178830036084462
0.012178472031873602
0.012175660791979908
0.012175298558914655
0.012175126629724689
0.012174155622277041
0.012174085743775011
0.012172780807812688
0.012171832494651908
0.012171212206701493
0.01217114271572583
0.012170350773222604
0.012169565167006619
0.01216933512896288
0.012169200378815475
0.012168549038353424
0.012167196245894013
0.012166128240906144
0.012165531763069897
0.012165059223829411
0.01216460279197522
0.0121637056813897
0.012162588937789074
0.012161905176030711
0.012160477016647181
0.012159881308006684
0.0121583902866963
0.012157961142464967
0.012156748079130567
0.01215670358216619
0.012156477074144125
0.012154664264049842
0.01215448926359769
0.012153381551920528
0.012150087745548833
0.012149873593151258
0.012149314075461323
0.012147905346711693
0.012146782810904255
0.012145528199830282
0.012145222266268926
0.012144128646004927
0.012143505860196992
0.012142939914379643
0.012142500690913506
0.012141856683400468
0.012140941701324773
0.012140178109722032
0.012139262773027451
0.012138866029365624
0.012138128539200779
0.0121365226816011
0.01213456635216989
0.012133380120237604
0.012131696138764072
0.012130271242633994
0.012130164402932584
0.012129943324345509
0.012129928498605048
0.012128742317491087
0.012128610548373142
0.012128570158302857
0.012127833378289326
0.012125935898471874
0.012124090456716819
0.012123066196353637
0.012123061775108138
0.012122719213185919
0.012122065582431117
0.012120713695827599
0.012120121590795138
0.012119989610122325
0.012119640800407715
0.01211955466766868
0.012118682638580227
0.012118507973818492
0.012116489068217117
0.012115920207016828
0.012115507484958035
0.012113788920614998
0.012113039042853987
0.012112048900347921
0.012111988758436847
0.012111621308807687
0.012110240922431735
0.012109847676699467
0.012106910123150478
0.012105729384692761
0.01210545169807426
0.012104751928852313
0.0121045076013946
0.012103549393120238
0.012102587526233423
0.01210241547526586
0.012102406330418151
0.012101851880808635
0.012100947953093586
0.012100576425287016
0.01209990376787457
0.012099751857087747
0.012099046208037409
0.012098502428796176
0.012098165808059801
0.012097642222200378
0.012097075406278888
0.012096873656271039
0.012096758217712321
0.012096154571627868
0.012095732143764032
0.012094628793621772
0.012092697559018723
0.012092254690047053
0.012092089502503534
0.012091917540245151
0.012091482889420356
0.012090336806532891
0.01208899857030357
0.012088898112975494
0.012088585956042839
0.012086814033080547
0.012086532485821356
0.012086093511221061
0.012085786159827938
0.01208550925416264
0.012084440012560923
0.012084334337421164
0.012084246537327389
0.012083251333572825
0.01208294972283893
0.012082884105604099
0.012079729650228034
0.012076446808783673
0.012076394953890443
0.012075689220402331
0.012074997067652405
0.012074910451983693
0.012074135755876545
0.012073453622572309
0.012073206035277643
0.012071983994943204
0.012071693864421291
0.012070310556260167
0.012070045534670414
0.012068128366838304
0.012066012705486255
0.01206389146442873
0.012063747874215325
0.012061634407054418
0.012061453989066008
0.012060273675433365
0.012060244307067827
0.012060101797106232
0.012059710764030373
0.012059665570629957
0.012058708485195791
0.012058472949922102
0.012057808356466275
0.012055317901456572
0.012054981395671757
0.012054617983792834
0.012053927472578474
0.01205337007924809
0.012052577907685422
0.012052196898722214
0.012051924733583724
0.012051845492579757
0.012050954067427211
0.012050916307450458
0.012050827033413888
0.012050571160112858
0.012049918884972399
0.012047883801614326
0.012045895049214602
0.012044194661233219
0.012042829510709179
0.01204199968158687
0.01204193625281672
0.012040262164997416
0.012039134439228168
0.012038590664101045
0.01203844432421724
0.012038387946216086
0.012037925101848836
0.012037375778264813
0.012036435253489483
0.012035454391663003
0.012033547919033648
0.012033546417098775
0.012032870866939788
0.012032785497691935
0.012032627162414319
0.01203135964732713
0.01203116605214547
0.012028217260693976
0.012027990258592759
0.012027246277864645
0.012026415888392065
0.012024642233677149
0.012023949304922347
0.012022815915668618
0.012021747982670423
0.012020513836208861
0.012019977656851219
0.012019833987898843
0.012017668689134257
0.012017511869735303
0.0120172916414489
0.012016930875919648
0.012016646091169756
0.012016512837778914
0.012015132345108247
0.012014954865477908
0.012014791526301831
0.012014634547454561
0.012013806386671903
0.012013504526983406
0.012013374087656334
0.012013134743737575
0.012011569206223562
0.012010626438264296
0.012009709994950959
0.012009078813591274
0.012007088501906241
0.012006957168487613
0.012006769163493388
0.01200587794620718
0.012002438352482846
0.012002421344908311
0.012000292139516968
0.012000288540934007
0.011999294403378781
0.011997857473970407
0.011997481049152702
0.011995989203356081
0.011995988324586357
0.011995390549357011
0.011995036286894616
0.011994732371658511
0.011994301504122874
0.011993126367296715
0.011993055413604804
0.011990711133798028
0.011989597636748027
0.011989509313515726
0.01198908866677377
0.011988989852201183
0.01198795380548799
0.011986643892322809
0.011986200608220098
0.011986009577385546
0.011985741060427876
0.011985561126113322
0.011985481283887883
0.011984946180556233
0.011984549713641941
0.011984452756598436
0.011983872018715883
0.011983478172192091
0.011983249497059735
0.011982724313235233
0.011982175600059684
0.011980447264402108
0.011979820745431432
0.011978106442096549
0.011976538846097708
0.011976512959282778
0.011975888844884866
0.011975146187014543
0.011975024904902867
0.011974596358304028
0.011974250010752151
0.011972398295970821
0.011971844224293935
0.011971674417253227
0.011970208038855281
0.011969982238057418
0.011967657007824605
0.011967591812686555
0.011966553079172521
0.011966512607911177
0.011966511553745283
0.011966447884894756
0.011963367150997457
0.011963019590414554
0.011962019318409905
0.011961749233029046
0.011960894199935731
0.011960303808415904
0.01195967923203343
0.011959165132471887
0.011959092752545478
0.011958867578363817
0.011957568667355535
0.01195599288238761
0.011955704614313592
0.011953291998469527
0.011953253648545372
0.011952395781690512
0.011950970944642057
0.011950434559309093
0.011950316774872023
0.011950152205638238
0.011949996762009148
0.011948889220372225
0.011948858840477444
0.011948476509834695
0.011947566727473895
0.011945853443573531
0.011943023404928737
0.011942982761686191
0.011941563289321592
0.011940515923337733
0.011939311033128027
0.011938223832773308
0.011937828766968986
0.011937790426614941
0.011936341906491824
0.011933837914820038
0.011933762292185939
0.01193368790121771
0.011933409395383456
0.011933400799434717
0.011933191110542703
0.011932353010313845
0.01193169870720891
0.011931575444733663
0.011930600804141217
0.011930117784601362
0.011930116295452996
0.011929507628824025
0.011928089405510421
0.011927885176252217
0.011926571954549986
0.011925568186245447
0.011925393053604497
0.011925133905375754
0.011922097771928529
0.011921428795464813
0.011920453575625658
0.011919675747902573
0.011919580659825357
0.011917336265610739
0.011917306205529436
0.011916770706663768
0.011916542215513122
0.011916392538453315
0.011915849428017301
0.011915826449333393
0.011915516834842182
0.011915280537999449
0.011914641851159919
0.011913966793312126
0.011912799598048657
0.011912720092964752
0.011912235315988125
0.011910867854760029
0.01191078022004095
0.01190897068752295
0.011908391722910843
0.01190644809705951
0.011906143030348338
0.011905749455904209
0.01190389041875692
0.011903742751870196
0.011903124746140832
0.011903052711850329
0.011902882641720477
0.011902497133435316
0.011902132805039727
0.011900418822277724
0.011900088096652271
0.01189923819277202
0.011898977015912447
0.011897185342602829
0.011896938791729005
0.011896464262103251
0.011896384881451101
0.011896357416615752
0.011896236497545978
0.011895326836239868
0.011894513851868311
0.011894115315759894
0.011892809454352154
0.011891145581938822
0.011890870238836239
0.01189040147961766
0.01188896533961456
0.011887351997578356
0.011887313660063518
0.011887276097922029
0.011886886564653367
0.011886247575615811
0.011884518312569018
0.011883159794702669
0.011879872359192837
0.011877752870588829
0.011877264594549852
0.011876888103810771
0.011875737785584354
0.011874977328719519
0.011874496559011467
0.011874379361678018
0.011874209481986548
0.011872770456776045
0.011871759574488567
0.011871660239013948
0.011871069295023044
0.011871007675973329
0.011869691659066688
0.011869422283733997
0.011868575844746166
0.011867480030497205
0.011867181587368054
0.011866308174162263
0.011866223788327523
0.011865937263509863
0.011865715826936754
0.011865566327032352
0.011865356320675764
0.011865330233136502
0.011864543161575324
0.011863962255698727
0.011863813055121528
0.011862609040628391
0.011861503654760758
0.011858344179315613
0.011858204792433455
0.011857159194519034
0.011856626988956518
0.011855366056439194
0.01185510779454132
0.011854038717343774
0.011853700921398112
0.011852645892390996
0.011852233651025921
0.011851858894834101
0.011849679268352096
0.011848839799814418
0.011848790289210964
0.011847748266579859
0.011847586132584818
0.011847471862304622
0.011847044033095876
0.011847004185041402
0.011845890277782887
0.011844802106126397
0.011844451762655847
0.011844321903743151
0.011844124332121167
0.011843628113634975
0.011842500269638439
0.011841998381256331
0.011841692193363734
0.011841585929800374
0.011840283198225474
0.011839588161022926
0.011838119192645812
0.011837251123672973
0.011834855254765814
0.011834280111314863
0.011833863186849248
0.011831505002840107
0.011831119165603312
0.011830992383059022
0.011830960449581969
0.011830891743145914
0.011830000495907666
0.011828788884527883
0.011826085113358397
0.011825652962142334
0.011825301541814881
0.011825222187284688
0.011824439461635652
0.011823632788594456
0.011823228576704977
0.011822910208737344
0.011822591403092454
0.011822553078586399
0.011822169400769678
0.011821092565081357
0.011820705832109901
0.011820669187702876
0.011820666311084048
0.01182019578754223
0.011820139201845303
0.011819809787928166
0.011817634889514182
0.01181509535572774
0.011814888102139931
0.011813921744898823
0.011813764083997712
0.01181286174458448
0.011812785633534575
0.011812481321767343
0.0118116208691847
0.01181065890950153
0.011810518592394438
0.011809325793925841
0.011808919659947632
0.011807543229726061
0.011807469550062857
0.011805935632983029
0.011805325519258468
0.011805032326106267
0.011801966197272966
0.011801611166285369
0.011801508804590164
0.011799023471694177
0.011798764957256227
0.011798744020595718
0.011798645777185802
0.011798358129095092
0.011797337856478036
0.011796949818169762
0.011796451602711491
0.011796447188953155
0.01179493680394573
0.011792394764437549
0.01179154719362399
0.011791470911108003
0.011789365234694999
0.011788676847410008
0.011788101847481513
0.01178800153471459
0.011787740274617596
0.011787135793866622
0.011787133338150011
0.011786755823067083
0.011786013320499014
0.011784747785357352
0.0117842651128041
0.011783629642573878
0.01178359409398945
0.011783204246578013
0.011782403655252755
0.011782330421850439
0.011780817035102826
0.011780599658533519
0.011779101146717458
0.011778922163768475
0.011778743549435868
0.011777692408566954
0.011776938373400738
0.011776567714786175
0.011776108970977613
0.011775681396160769
0.011773800280476832
0.011772797743045869
0.011772365132651636
0.011771269356944962
0.011770845851900148
0.011770161546780063
0.011769370640879491
0.011769253989998648
0.011768777423377935
0.011767745166896028
0.011767206313602934
0.01176636562773333
0.011765134294071158
0.011764879151854143
0.011764081164598582
0.011763831958754165
0.011761851209106524
0.011761513317011503
0.011761486040325189
0.011761102202781606
0.011760218671984429
0.01175954469911279
0.011758951331599859
0.011758895711390632
0.011758883922449085
0.011756012802608616
0.011755463925908836
0.011753819629932324
0.011753646383539313
0.011753372449371352
0.011752845508221877
0.011752507818982242
0.011751877965212845
0.011750711851047717
0.011749689188366141
0.011748896450737793
0.011748861908728555
0.01174627359744918
0.011746191254719131
0.011744387983983254
0.011744322366364112
0.011744175662094328
0.011743139951055815
0.011742898018734569
0.011742634733552696
0.011742602041512819
0.01174205158194693
0.011741346800149297
0.011739987247207262
0.011739372606541312
0.011738896145716316
0.011738584458105902
0.011737732327777382
0.011737655141552209
0.011736032448998108
0.011735761788809258
0.011731347032863977
0.011729961532877441
0.011728388631756403
0.011728110258737826
0.011727278403565662
0.011727149186829587
0.011726704763001191
0.011726297385162041
0.011724033840887516
0.01172325091657982
0.011722623894518421
0.011721147675776231
0.011720969709507673
0.01172034499369921
0.011719409133703326
0.011719170955940512
0.011718600787842124
0.011718390090532571
0.011717648520641175
0.011717532299862641
0.01171671752769071
0.011716479629305354
0.011716365410882454
0.011714402107826552
0.011714151249432413
0.011714066867131058
0.011712436981007624
0.011712046561497484
0.011711888482506086
0.011710942924963691
0.011710850770240287
0.01170966310370488
0.011709115725398499
0.011708879187363042
0.011708151405641989
0.01170675694149672
0.011705339593234512
0.011703718622791426
0.011702978202810474
0.011701728019861949
0.011701153383760826
0.011701137515748973
0.011701024845392304
0.011699320072382521
0.011699134823000699
0.011699134053530527
0.011697947794317407
0.011697277165867907
0.011697241098243622
0.011696815909651612
0.011696364381960714
0.011692719335941694
0.011692665366962141
0.011692162991046621
0.011691104397892376
0.011688676666782414
0.011688166254813965
0.011687973551225
0.011687442106204241
0.011686700071612238
0.011686377756586638
0.011686218649746959
0.011685978595138683
0.011685924207424942
0.011685919029362045
0.011685222894958276
0.011683207994626344
0.011682743822444816
0.011681474567563754
0.011680308101581308
0.011679820135459131
0.01167915471575447
0.011678207941115964
0.011678150012526034
0.011674331309364246
0.01167390465309584
0.011673555108210431
0.011673374892282307
0.011670966902072661
0.011670254310564418
0.011669864589863932
0.011667709119763345
0.011667585090614352
0.011665549737782588
0.011664160177494925
0.011664023103622348
0.011663705396238899
0.011662937671405457
0.011662496105970295
0.011662232483357215
0.01166194292875631
0.011660803534269237
0.011658440027493281
0.01165801519873589
0.011654868143922898
0.011654566377114903
0.011653656207934945
0.011653536134261505
0.011652791008396465
0.011652477548547053
0.011652444629268576
0.011650761952326746
0.011650326594059963
0.011649634097737654
0.011649258163857075
0.011649226484138431
0.011648557996161777
0.011648316106051963
0.011647079627751996
0.011646474853364439
0.011646411661401056
0.011643253525256725
0.011641919613833365
0.0116417989374435
0.011641495048845747
0.011641262613618475
0.011641177377019604
0.011640856816943549
0.011638537634689255
0.011637606011159138
0.011637367498276818
0.011636466038272392
0.011634696616084643
0.011634473696910853
0.011633128869750878
0.011632289022674899
0.011632060734360503
0.011631667232220122
0.011631477698503456
0.011631339437277269
0.011630549743254375
0.011629571339924438
0.011628113396839258
0.011627526684698034
0.011626658811516062
0.011626400415797477
0.01162407980709841
0.011623915122145454
0.01162349589126211
0.011622867789355538
0.011622715190463985
0.011620318483624034
0.011620259287948789
0.011619776861948686
0.011619346095599954
0.011618816833541389
0.011617943807736378
0.011617902920802937
0.011617715323567606
0.011615133985797844
0.011613258661384527
0.011613194211442872
0.011613053093082089
0.011612560109182336
0.011609952285605067
0.011609684567969672
0.011608845285905032
0.011608052804679657
0.011607526554786208
0.011606807776436372
0.011605798834224022
0.01160520726913182
0.011605063534271364
0.011601030366545867
0.01159971877695647
0.011598369041914143
0.011598212739230254
0.011597719746471146
0.011597470049322656
0.011595701387597556
0.011594471534657425
0.011594176662158161
0.011594010571806826
0.011593464249593814
0.011592750374586815
0.011592518671169583
0.011591870857029934
0.011591627537368794
0.011590996748119645
0.011590270974849257
0.011589624294799403
0.011589545443352474
0.011585936303030163
0.011585904533608081
0.01158562580567369
0.011585328250364296
0.011584803726314652
0.011584559077494602
0.011583028436283361
0.011582462608094686
0.011581656664975393
0.011580342348688714
0.011580091270831585
0.011579551111665261
0.011578009497451695
0.011577702652033707
0.011577075596017509
0.011576689078231447
0.011576455443690683
0.011575507336229052
0.011575175894577131
0.011573773262754968
0.011573311668864463
0.011573185003884805
0.011571818753017047
0.011571744417935346
0.011571396848609642
0.011571376898004826
0.011570486632359532
0.011569989929792015
0.011569978279994423
0.011569662739542758
0.011569634211978087
0.011568377199032073
0.011568319970917515
0.011567284892687556
0.011566981531527996
0.011566248075287319
0.011564636485105808
0.011564622239861169
0.011563894391854219
0.011563585644882692
0.011562819920688997
0.011562811910440979
0.011562801765605816
0.011562724036051682
0.011562398491335325
0.011561220179630672
0.011560805805593254
0.011560779990392039
0.011560034868770065
0.011559829420025857
0.0115594691477804
0.011558908487268304
0.011558520267005013
0.011558471651157077
0.011557736448499518
0.011557314640198553
0.011557159023409253
0.01155668087244604
0.011555187822939092
0.011555081486927507
0.011554597881117921
0.0115536033975518
0.011552176411222874
0.011551511777091336
0.011550726689206994
0.011548898851870888
0.01154843105609798
0.011548332821749189
0.011547889619963378
0.011546606251357066
0.011544156741245147
0.011543705694109965
0.011543447423662853
0.011542029376919515
0.011540792098324759
0.011539695372742666
0.011539021415509616
0.011538930847017435
0.011538561607948548
0.011538245626331298
0.011538017840791634
0.0115376238517796
0.011536863982615901
0.011535290392124963
0.01153487459987659
0.011534784393444025
0.011534312276113083
0.011534293026157846
0.011533733435439423
0.011533194117627819
0.011532976911547707
0.011532410330438623
0.01153238888535851
0.011532228908691239
0.011531167385179278
0.011529670769474804
0.011529476557541387
0.011527092230736526
0.011526167443526796
0.011525792859943458
0.011525599934775203
0.011524966914458928
0.011524623817815872
0.011524113303860705
0.011524045086806239
0.011523667887816766
0.011521571663960265
0.011519842750389912
0.011519085632041494
0.011518862265081151
0.011518449070810444
0.011516502338132025
0.011514531208259567
0.011514419139052434
0.011513644506966049
0.011513601440127686
0.011513066814814038
0.011512805622520512
0.011512317978980462
0.011511767873214293
0.011511404902511799
0.011510905144343201
0.0115091773301345
0.011507514350455078
0.011507391484655769
0.011506912212220772
0.011505554875663227
0.011505227606024768
0.011504865623137813
0.011504534375873005
0.011502188410688662
0.011502129357209526
0.011502063178000172
0.01150085786643806
0.011499486700022378
0.01149871551928483
0.011497878371583278
0.01149652009574767
0.011495061854214625
0.01149449294378751
0.011493896633109457
0.011493879176554693
0.011489510156015631
0.011487587869227192
0.011487520284908391
0.011486605658844216
0.011484737993350615
0.011484705876373862
0.011484393757960967
0.011483928481865885
0.01148352689834589
0.011483182436399906
0.011482119198170094
0.011481686580782732
0.011481375446949438
0.011481368933178259
0.01147959720521541
0.011479293060669785
0.011477874919627878
0.011477826157567522
0.011476698307030955
0.011476332978321931
0.011475632804171047
0.011475041267777302
0.0114749703237647
0.01147457486656047
0.011474547200612499
0.011474476246002632
0.011474189594946359
0.0114734913560779
0.011473087250890277
0.011472964695877398
0.011470168387508558
0.011469538114573297
0.011467991682723338
0.011467748695963779
0.011467721035902394
0.011467689581458761
0.011467133868972237
0.01146614964179876
0.011465607455254269
0.011464938640479247
0.011463412289868977
0.011463215428309248
0.011463207754222653
0.011462971961963052
0.01146272768537227
0.011462482647693995
0.011461503633898027
0.011461453025446508
0.011461444556011797
0.011461297580638165
0.01146118789688863
0.011460178576987662
0.011459704510292264
0.011458584270598362
0.011457623796612955
0.011457063405882283
0.011456882087625174
0.011456091187211885
0.011455909591605399
0.01145588008585062
0.011455562528632819
0.011455190738405601
0.011455109525911345
0.011453606183245049
0.011453505641809301
0.01145275666452803
0.011452014072480256
0.011450992847355464
0.01145072082807394
0.011450560376678146
0.011449996138306847
0.011446289056804457
0.011446142717283985
0.011446076367994631
0.011444473874443247
0.011443278519019525
0.011442486793338199
0.011442356101215743
0.011442168072665669
0.011442164482276206
0.011442132588976283
0.01144085485072005
0.011440436125560146
0.011439979717817914
0.011439670485658309
0.011439596856324978
0.011438935909988578
0.011438554432523883
0.011438153558106562
0.01143621388854532
0.011435779501311361
0.011435680429502076
0.011435540794689003
0.011434881132648171
0.011434620708786434
0.01143294578660003
0.011432062128953544
0.011428349628486965
0.011427600907453367
0.011427159598470489
0.011424224624581663
0.011423545974813883
0.011423348165566897
0.011422949925923447
0.011422945414969968
0.01142049625664302
0.011419682402720364
0.011419680199731858
0.011418667215133587
0.011418267807225437
0.011417708714600801
0.01141747829398209
0.01141735608862149
0.011416126565842892
0.011413521319823136
0.011413320518388963
0.011413208501316212
0.011413206123566104
0.011413184319880778
0.011412881444819821
0.011411882446521044
0.011411423769606644
0.011411417584392902
0.011411171205035004
0.011410664184830298
0.01141008074188966
0.011409835164033332
0.011408917701846719
0.011408063613568149
0.01140720597719269
0.011404784935592053
0.011404259746154815
0.011402671762392373
0.011402535658360946
0.01140234169127842
0.011402029798688894
0.011401733345119769
0.011399446542290028
0.011398486018971405
0.011396089416595532
0.011393459403285041
0.011393441244889183
0.011393026864646711
0.011392220874024965
0.011392050244452528
0.011391847454200715
0.01139171153258502
0.011390963177322098
0.011390152369416878
0.011389606102399955
0.011389042657500357
0.01138888234638397
0.011387711880368467
0.01138625075300163
0.011385989144366254
0.011381808496950082
0.011381501957427728
0.011380972838548874
0.011379821073793718
0.011379343087801924
0.011378007335376489
0.011377497866209427
0.011376523063624243
0.011375432380275384
0.011375252665981852
0.011374992506977252
0.011374683702638421
0.011374407376760008
0.011373526248376948
0.011373255183866431
0.011372573389504774
0.011372554972906204
0.01137157621571702
0.011371379178905561
0.01137065345426418
0.011368638688161643
0.011368290998819726
0.011367011056811059
0.011366056423896985
0.01136384169068508
0.011363328894042195
0.011363305412888641
0.011362287485408119
0.011358127435861561
0.011357146764448498
0.011355651725122793
0.01135380071619905
0.011353541398007923
0.011353117626810127
0.011352880504577507
0.011352685916016576
0.011352671195273632
0.011351357795848937
0.011350537726260821
0.011350164589441672
0.011350146029040616
0.011350015237665616
0.011349918448212835
0.011349289642821806
0.011348938731916662
0.011348196600686975
0.011347861414225158
0.011347326597221383
0.011347010180147218
0.011346693495599556
0.011346656261549829
0.011345505177554421
0.011344789501643264
0.011344494653208092
0.011344283141408514
0.011344248051933428
0.011342525593977113
0.011341772160333843
0.011340946026366925
0.011340928904007957
0.011338454218500727
0.011338124150797125
0.011337285925603473
0.011335515745595562
0.011334864923503423
0.011334469139204401
0.011334465013996141
0.011334240316494779
0.011333976133835511
0.011332347603774696
0.011332337753951859
0.011331940704833302
0.011331684595980088
0.011331154215903553
0.011330631915166294
0.011330197287060056
0.011326370178870237
0.011323674152812895
0.011323484550996233
0.01132268921032378
0.011322600559043085
0.011322498392877498
0.011322428827705894
0.011322338995019731
0.011321716220632997
0.011321379083794549
0.01132123465719209
0.011317686999695856
0.011316393047941218
0.011315426385132964
0.011315186238119942
0.011314459046074768
0.011314047081739984
0.01131288582742981
0.011311897577769743
0.011310989058533149
0.011310775470292085
0.011308699578133026
0.011306990347494841
0.011306874995759454
0.011306822602278105
0.011303619595183957
0.011302830284592735
0.011297931847796799
0.011295986803994285
0.011295740186560025
0.011291920633503927
0.011291848252851077
0.011291707685419467
0.011290788849394775
0.011290230902042245
0.011289367696110816
0.011289317912976635
0.011288517107139115
0.011288313177982675
0.011288242388077815
0.011287757713086774
0.011287479760448749
0.011287266716203283
0.011286934326745735
0.011286014418085634
0.011285809210251978
0.011285672645840397
0.011285602658835004
0.011284105887462845
0.011283943107198199
0.011281804524487021
0.011281197635437442
0.011279781917927013
0.011279281145280158
0.01127881796817929
0.011277589694332329
0.011277351002966693
0.011277139752240047
0.011276725162582867
0.011276628547587111
0.011276175797547002
0.011276039378652901
0.011275689632288997
0.011275227903128703
0.011275126078380059
0.011274287139112887
0.011274234199944501
0.011274100335609605
0.011273732835519098
0.011272764778791491
0.01127227047515022
0.011271534791353666
0.011271430972156223
0.011271335344426129
0.011271129696456899
0.011270305793305856
0.011270273674631485
0.011269011511503295
0.011268924949775969
0.011268291358011015
0.011268064474625854
0.011268000193455481
0.011267783073396527
0.011267280277291304
0.011265395463690802
0.011264829541472104
0.01126454836415753
0.011263212509521706
0.011263018214295463
0.011262733476830303
0.01126199785857796
0.011261679675333392
0.011261207302985233
0.011260321226500803
0.011259335360869227
0.011259172453120287
0.011256956372126266
0.011256394688356453
0.011256103687765058
0.011255643731529314
0.011253857161358455
0.011253827467756872
0.01125265089522081
0.011250453413234373
0.011250228489047982
0.011250185815809326
0.011249394315525079
0.011248090027794391
0.01124763369403127
0.011246458986127467
0.011244824326573803
0.01123854901590177
0.011238206963779154
0.011237547436810991
0.011237151133374432
0.011235961540481178
0.01123292423687872
0.011232615124404781
0.011230511248547169
0.011230170422270586
0.011229478424758797
0.011229078093138464
0.011227514858818203
0.011224896352855982
0.011224672116343188
0.011223158217946408
0.011223062792569807
0.01122211847149017
0.011221828661252254
0.011221704830688444
0.011220692040432842
0.011220518109082159
0.011219062967578979
0.011218093051733949
0.011217362074926147
0.011217303174099863
0.011217235336234067
0.011216682468146054
0.011216682449682408
0.011216300728007346
0.011214585787688662
0.011213872193671259
0.011213349243765108
0.011212311811173494
0.011209485525819659
0.011208739198261049
0.011207818205955076
0.011207572971997174
0.011206832488078376
0.011205785679771759
0.011205743825295596
0.011203567929399099
0.011201926524535872
0.01120108370656424
0.011200731656605661
0.011200260864522837
0.011199131299514801
0.011198576412300166
0.011198514359367069
0.011197829185655596
0.011197757384394007
0.011197387446297046
0.011196943162462988
0.011194818485685265
0.011194594353797016
0.011194243567677051
0.011194069523229967
0.011193729472521624
0.01119362420200861
0.011192578500499237
0.011192537683436084
0.011190504325151122
0.011189894872189536
0.011189423818987663
0.011187549323513922
0.011187478660975804
0.011187193414179307
0.011186359443650743
0.011186274875981386
0.011185963904041363
0.011185901888498981
0.011185301964823651
0.011184662964233361
0.011184340675824191
0.011183971005501607
0.011183388213178191
0.01118201982222594
0.011181735507172157
0.011181069215049728
0.011181014179416568
0.011180818333027646
0.01118068734013446
0.011180633432618967
0.011179770456732069
0.011176255769170218
0.011175595029157272
0.011175112629273383
0.011172147755296609
0.011172112929403387
0.011171996571234745
0.011171047376552702
0.011170520545110307
0.011170451947235892
0.011170207561904753
0.011169788353720136
0.011168836873035756
0.011167588331119025
0.011166731968719137
0.011166547362946793
0.011166528204735801
0.011165855342802043
0.011165668446332577
0.011164791081903927
0.01116391063805028
0.011163866605549829
0.01116340828831722
0.011163255215598531
0.01116316949937983
0.011162601046952863
0.01116253878133984
0.011162354810277142
0.011161938843192463
0.011160663696277629
0.011160068947816281
0.011159802402619667
0.011159601079239309
0.01115856276990475
0.011158380097319511
0.011158200797684472
0.011157660260072552
0.011157114902196714
0.01115686043991808
0.011156570928426826
0.011156502619927369
0.011156289309646883
0.011156232427547975
0.01115616551586647
0.011155834231206103
0.011154257338627238
0.011153841533065633
0.011153067672827768
0.01115258485225429
0.011152505602325485
0.011151889086289179
0.011151878757955459
0.011150970326136633
0.011147590582123083
0.011147212640143933
0.011146475027364282
0.01114624568145214
0.011146126199749404
0.011144728131668908
0.011143908305717057
0.011143408799104255
0.0111424446771926
0.011142258478971693
0.011141653536784748
0.011141120760919091
0.011140561429065421
0.011140392159009464
0.01114009243758143
0.011140009646219654
0.011139710448745826
0.01113958732373895
0.011138863872430979
0.011138762061261583
0.011138163221493315
0.011137511657164336
0.011136755495723306
0.011135442683508129
0.011134641850144403
0.011134188277476795
0.011132308444287444
0.011131574756159404
0.011131490933505182
0.011131246240442651
0.011130984214263702
0.011130212833024849
0.011130150450582419
0.011129127878496922
0.011128587480189396
0.011128392478180215
0.011128104604422925
0.01112774471101366
0.011127608024611864
0.011127534016782773
0.011126982066818527
0.01112691158487265
0.011126724751331564
0.011123473546578746
0.011119422165493392
0.011118452089713564
0.011116641687167438
0.011116286330035441
0.01111615912730827
0.011115804029374779
0.011115545448817859
0.011115484488488753
0.011114475393359234
0.011114310014696619
0.011114005342260553
0.011113817444522176
0.011111873599206436
0.011111597708119239
0.011110628816782061
0.011109286958537934
0.011108205188007311
0.011107991036447006
0.011106467251186821
0.011105116282595169
0.011104364952924842
0.011104319856077677
0.011103857744302536
0.011103411103215723
0.011103257866733895
0.011102653510342916
0.011101925283454057
0.011100195738408038
0.011098349096090665
0.011098314954373734
0.011097319484530452
0.011093962828893871
0.011092625107946187
0.011092256339461877
0.01109199738552435
0.011091962217738303
0.011089678441531815
0.011088385155532652
0.011087711475763826
0.011087517037960098
0.011086679729159041
0.011086660350765533
0.011085915652966259
0.011085847659627876
0.011083651260083635
0.011082973493128699
0.011082849711695156
0.011081702984743846
0.011080959944111018
0.011079991434463225
0.011079729507843949
0.011078621362791653
0.011078564885351907
0.011074378809887321
0.011074059431192312
0.011073610377729094
0.011073499334885061
0.011073155935050418
0.011072225397936817
0.011072172136989234
0.011071984840873121
0.011071155006943376
0.01106845234553888
0.011067671473666678
0.011067028845074201
0.011066778244632862
0.011066527181059885
0.01106643087281842
0.011064863143606406
0.011064336263505843
0.011063661680775445
0.011062697183644743
0.011062422166132466
0.011061810681196793
0.011061091209747829
0.01106036953118604
0.011060136066835403
0.01105893116384255
0.01105838629848557
0.011057915028471858
0.01105772301137588
0.011057273305834083
0.011056316285126431
0.011055293271342031
0.011054372969440932
0.011054215949239003
0.011053915129892677
0.011053235433575443
0.011050878049502234
0.011050851759233453
0.011049458223986432
0.011048543398422376
0.011048424681994488
0.011048090180437667
0.011047437180445693
0.011047325483094407
0.011045947224226698
0.011045206202398959
0.011044713942868952
0.01104405895372124
0.011043361278935925
0.011043317801082012
0.011042864109445756
0.011042542811407995
0.011041983634873381
0.011041956176925258
0.011041720466131026
0.011041096143236541
0.011040906286192744
0.011040862175694546
0.011038785737479392
0.011038418979996627
0.011036017425184126
0.011035875127920997
0.011035834371381408
0.011035751308163708
0.011035045019065376
0.011034203403113362
0.01103243177499404
0.011032405209276414
0.011031124959452968
0.01103082336640082
0.011030349660891899
0.011029365062822398
0.011026865341853124
0.011026541591621248
0.011026298000223551
0.011026296683403356
0.011022729782174929
0.011022326999729585
0.011021261266595337
0.011020333834749377
0.011020310880859557
0.011019960235020524
0.011019507630780847
0.011018226656302322
0.011017944618638781
0.011014810460065888
0.011013879653460339
0.011012881262954114
0.011012215728052489
0.011011021234947667
0.011010851268288524
0.011005999719198821
0.011005939663152659
0.011004928278259312
0.011004228644864052
0.011001628084387628
0.011001500632792415
0.011001209635480146
0.010999984253594018
0.010999680066279464
0.010997693309346059
0.010997089746887481
0.010995536249329578
0.010995405234323232
0.010995067507689631
0.010994921657155921
0.010994503744623184
0.010991251828776385
0.010990071425344618
0.010989752552912235
0.010989330062121442
0.01098850926431607
0.010986380585610267
0.010985814771508701
0.010984599329083198
0.010984423305953978
0.0109842519318969
0.010983378475719494
0.01098303645794216
0.010982564059997179
0.010982430442906173
0.010980745113771713
0.010980693797970363
0.010980581949308989
0.010979581695938946
0.010979200208343979
0.010978970986302834
0.010978024074756678
0.010977585509920052
0.010976944133599287
0.010976202720085197
0.010975568944527413
0.010975565173283422
0.010975346122788051
0.010975153410167379
0.010973782111540502
0.010973702525534479
0.010972660732706568
0.010972233739799523
0.010972153681086122
0.010971549373942456
0.010971450545496199
0.010970736956825483
0.010970098961209067
0.01096562161694615
0.010964367758921711
0.010963558367444406
0.010963468262366582
0.01096242750496608
0.010961953373026303
0.010961774495193803
0.010961379450050908
0.010961330077711485
0.010958858104004179
0.010958099846083313
0.01095751649436019
0.01095475258435053
0.010954588582531281
0.010952495209392307
0.010950992444649926
0.010950777704163644
0.010950525170904434
0.010948860449549968
0.010947284682802479
0.010946529474989071
0.010945736908708772
0.01094554264186127
0.01094546311744287
0.010945174249197713
0.01094494872109911
0.010942082864458573
0.010942007993920953
0.010941617993717978
0.010941020301361558
0.010939901819000144
0.010939419955951433
0.010937471616262925
0.010936547609026929
0.0109353622095623
0.010934889700527993
0.010934605156578096
0.010934260753321292
0.010933993150039806
0.010933182880844263
0.010932671090929064
0.010932218202737829
0.010931760469842164
0.010931598361034967
0.010931089693013075
0.010930495452102602
0.010929626949510496
0.010929528773775199
0.010929444137522839
0.01092873260441655
0.010928453457650212
0.010928071391074283
0.010924832794951277
0.010924672362986597
0.010924077038193935
0.01092389278677908
0.010919276739086119
0.010918080811625708
0.010916699173519302
0.010916449765300845
0.01091386185809059
0.010912582749981331
0.010911847743194305
0.010911233912030808
0.010911149598798724
0.010910320226044391
0.010909507164199634
0.010909468313571551
0.010908829039194896
0.010908535168120105
0.010907010570926665
0.010906220245573583
0.010906188138189606
0.010905098632757621
0.010904975990119687
0.010904706073949123
0.010902763079791792
0.010902571214649564
0.010902522898023258
0.010902253276913626
0.010899835047192833
0.010897540313860844
0.010896297324290937
0.010895795673019239
0.01089538739632441
0.010893049858027562
0.010893020656624751
0.010892414489342144
0.010889187192167084
0.010888901289226942
0.010888091521791392
0.010887567669644351
0.010887450087138855
0.010887120410938674
0.010886930128802217
0.010885534055211078
0.010885105941012205
0.010884798596691024
0.010883930167388492
0.010883044649341811
0.010882786825122325
0.010881864669535399
0.010881566068371599
0.010880438804846584
0.010880384133140908
0.010878693719902263
0.010878329491249224
0.010877899014954496
0.010875980308068288
0.010874389937348974
0.010873617295758753
0.010872888474180475
0.01087247262835527
0.010871331705843571
0.010871098821991372
0.010867720885206815
0.010867560204984413
0.01086504419672696
0.010864887528859574
0.010863380952883741
0.010862997891181378
0.010859988210512315
0.010859267502234048
0.010859028146969062
0.010856740065239437
0.010856393529144545
0.010855907362272986
0.01085500389868072
0.01085455494581144
0.010853390077861699
0.010852876657659404
0.010851848822896524
0.010849508045603806
0.010848990667505876
0.010846759108232139
0.01084633994304922
0.010841859633505438
0.010841310889497857
0.01084106183299755
0.010840876325724912
0.010840841076024926
0.010839190842393953
0.010838994654303456
0.01083858600312898
0.010838174069013181
0.01083692099372739
0.010836811792222151
0.010836054401366247
0.010835894413760821
0.010835638466025541
0.010835094282004427
0.010834185889836185
0.010833747226955683
0.010833714883471691
0.010833663148896252
0.010833015895319955
0.010832429540490183
0.010831791990045272
0.010831599204490906
0.010828636263927329
0.01082802182355953
0.010827885597856244
0.010827666806892285
0.010827201848412777
0.010827138697866608
0.010826898658942912
0.0108264331428564
0.010826344233028586
0.010825602500799203
0.010824699840895414
0.010823154186325101
0.010822584298066113
0.010822495597898531
0.010822492712455278
0.010822475005918779
0.010821517279624274
0.010820992558509749
0.010820430937166163
0.010820080319993828
0.010819984341540918
0.010819807262023999
0.010819710077488007
0.010819145801691361
0.010817961315295549
0.010817102649575867
0.010816714590223995
0.010816469668596588
0.010815774493925416
0.010815521765316983
0.010815059045826782
0.010813169608161035
0.010811340992968247
0.010809410661963288
0.010809295307607807
0.010808791339435951
0.01080760875966601
0.010806060661204405
0.010806005309618531
0.010805944803245003
0.010805223171469576
0.010804297081076077
0.010804174536864039
0.010802200127911551
0.010802139860732484
0.010801904528651821
0.010800870479310323
0.010800104549980266
0.010799999196640315
0.010799617945191855
0.010798179539842585
0.010797734670288396
0.010797477892849655
0.010797075076487611
0.010796773244904148
0.010796442321766044
0.010796417029913677
0.010795502269462477
0.010794371116172746
0.010794064820288923
0.01079370433860042
0.01079341036181641
0.010793112803781712
0.010790579251434144
0.010790521012562554
0.010790231175655489
0.010789758552542193
0.010789322210113342
0.0107888516031773
0.010788118726969022
0.010787582570608143
0.010787228724389605
0.010787015142016054
0.010785924202493422
0.010785889930312117
0.010785143481656117
0.010784741654524737
0.01078460083834085
0.010784230899574818
0.010784112967877003
0.010783846613787991
0.010782981619748784
0.010782765397530987
0.010780984659164897
0.010780280498951847
0.010779784071305795
0.010779536372253554
0.010779458753003478
0.010778461959581608
0.01077674266005099
0.010776334741637403
0.010775821393322997
0.010775538737707075
0.01077551998932285
0.010775327030394063
0.010775098981191814
0.010774298871825641
0.01077376885003568
0.010773552875074647
0.010772823087221
0.01077200841634271
0.010771911926335974
0.010771797597836396
0.01077149708222805
0.010769422018804448
0.010769383910746106
0.010769207662220823
0.010767793559281123
0.010767160508074846
0.010766484771076121
0.010766440032321528
0.010765558502546181
0.010764443679664308
0.010763568890164645
0.010763474113800145
0.010763206536664915
0.010763114249452739
0.010763010129638288
0.010762584306283208
0.010761660780638433
0.010761386047222321
0.010760821360197214
0.010760007698924759
0.010759147941128722
0.0107589525722401
0.010756436677721555
0.010755276514846226
0.010753938663448252
0.010753580600325559
0.010752972264260771
0.01075287681746755
0.010752781720982591
0.010751072716429784
0.010750732142887387
0.010747130127968785
0.01074680832712935
0.010746573128394884
0.010746155816596157
0.010746115622611978
0.010742177281922257
0.01074192076172679
0.010741507170117426
0.010740928750110342
0.010740716507627956
0.01073779300552073
0.010736981414908118
0.010736069003627469
0.010735436365187562
0.010734661529050983
0.010734175198459022
0.010733942011620813
0.010733531392003318
0.010732967435962297
0.01073122871837299
0.010730876490523972
0.010730366194895327
0.010729939456492098
0.010729167889143494
0.010729046440341573
0.010728231246064496
0.010728017186989614
0.010727808463295848
0.010727775441541392
0.010726752812023049
0.010726631383805774
0.010724970161846729
0.010723762775683607
0.010723307955372671
0.010723248620664972
0.01072231240480797
0.010721462533898591
0.010721077177014583
0.010720425248599232
0.010720359257228397
0.010719534100135186
0.010719509128093966
0.010719122734844681
0.010718057517626977
0.010716696595029256
0.010716454731766328
0.010715925919228108
0.010715159647515796
0.01071445888268059
0.010714350531397574
0.010713951264458182
0.010713937425576754
0.010713189144656592
0.010712206465850044
0.010712131404154314
0.010710167576283651
0.010710076738969527
0.010709743336669329
0.010707519238745626
0.010703465973450206
0.010703404977979766
0.010703377329770216
0.010703363015787105
0.010703086502801036
0.010702524631226026
0.010701986904038807
0.010701302901424792
0.010700748471623391
0.010700440338229195
0.010700218407971807
0.010699936224585723
0.010699552087585194
0.010699140181152906
0.010696827838384486
0.010696720204243402
0.010696493480940657
0.010695157074713474
0.010694817640475321
0.0106947297648467
0.010694447758433871
0.010693875121821763
0.010693543586688316
0.010693174578559242
0.010690433400218583
0.01068962665900915
0.010689330077609683
0.010689126902654738
0.010688357607719761
0.010687198946387748
0.010686061390167813
0.010685372952626525
0.010685269015964487
0.010682175419429927
0.010681989744255757
0.010681486691191067
0.010681209168469577
0.010680817891476711
0.010680592361242551
0.010679685981330643
0.010679653639031495
0.010678900238589546
0.010676843532811692
0.010676042572304596
0.01067590186715529
0.010675650922422893
0.010675026465721273
0.010674743790238231
0.010674540230458884
0.010674276193762875
0.010674123189855394
0.010673779886948061
0.010673159312032018
0.01067296228556083
0.01067243775983487
0.010672142297980127
0.010671687392582575
0.010671549604706575
0.010671521022100816
0.010671399556172431
0.010670895372275242
0.01067023758715426
0.010667473933254099
0.010667049929434791
0.010666001435830857
0.010665144241044672
0.01066442128870543
0.010663720456107613
0.010662712398525866
0.01066170283809087
0.010661413184048233
0.010660082617828085
0.010657966545487244
0.01065736944890475
0.010656717618756507
0.010656572496614803
0.010656263054685925
0.0106558113482181
0.010653938836876074
0.010653315851015765
0.010653099446321155
0.010652477469448732
0.01065224010151106
0.010651982365789417
0.010651878957311119
0.010651874737385086
0.010651458081518449
0.010650112896834893
0.010649801852857453
0.010649617012485053
0.010648470207018344
0.010648449898686886
0.010648083180448525
0.010646656489752005
0.010645749289204396
0.010645699394902626
0.010645462787905435
0.010644793223732558
0.010644102979158397
0.010644085164425462
0.010643451493208967
0.010642961226209583
0.010641239405792228
0.010640945405529918
0.010640298563085168
0.010640076082854983
0.010640070814201609
0.010639057417962373
0.010637790910485265
0.010636837064018655
0.010635695393504599
0.010635542966383665
0.010634284195345248
0.010634055627032514
0.010633574205438147
0.010632399222547924
0.01063199203723327
0.010630070656038708
0.010629813084387988
0.01062850346111211
0.010628152615884623
0.010627124912490404
0.010626460057897842
0.010625558381827304
0.010625380029609921
0.010625349138090028
0.010625211519389203
0.010624611433694007
0.010624587781694429
0.010623573632840597
0.010623163063935509
0.010622799652242302
0.010622105972329241
0.010621752241586313
0.010621150613696081
0.010619625972177874
0.010618590526798397
0.010618086802483516
0.010617716631933817
0.010616315505485493
0.010615437348148273
0.010614759329450529
0.01061407585984046
0.010613972621119683
0.010613823294492834
0.010613745158235009
0.010612834193732882
0.010612743842083498
0.010612195681040435
0.010610516401992912
0.010609507875152628
0.010606908640297473
0.010606701123996936
0.010606394395169191
0.010604874015221165
0.010604294544009608
0.010603649046260688
0.010603608250290043
0.010602641208925278
0.010602140771123411
0.01059973022619325
0.010597507316692813
0.010597245252834758
0.010597146452545449
0.010596649985255203
0.010596484801243587
0.010596433005293731
0.010596306562150718
0.010596224649089266
0.010596185275837404
0.010596105963717099
0.01059420685184141
0.010593686182042631
0.010592944392770694
0.010591871808449243
0.010591274488870199
0.010590203863303458
0.010589747267672919
0.010586993636723553
0.010586195827946841
0.010586063735916623
0.010584805821906847
0.010583602636654805
0.010583191345038472
0.010582750467435016
0.010582206723560418
0.010581797149792176
0.010581660711491213
0.010581220696824579
0.010580102318577776
0.010579844632818018
0.010579821459852725
0.010578921579188834
0.010577975089106958
0.01057789794309986
0.010576077592660998
0.010575811694135261
0.010575535470245511
0.010575316513445548
0.010574953758438095
0.010574945777311981
0.010574319017034447
0.010573164728423448
0.010572369038491141
0.010571583348331989
0.010569951580092595
0.010569815689117603
0.010569368208752958
0.010569216540969879
0.01056871900689803
0.010566312549852368
0.010566171280751437
0.010564953500827836
0.010564663673922241
0.010564523469443862
0.010564117287667499
0.010563740814089015
0.01056191437144267
0.010561231403882093
0.010559871828960343
0.010559359146829676
0.010559269415877775
0.010558703809487636
0.010557801920156309
0.010557624486464121
0.010556569923873802
0.010556199346945733
0.010555969242325838
0.010555642288336237
0.01055561874675646
0.010555206990840754
0.010555081871914701
0.010554078332944196
0.010552669298954371
0.010551941827936735
0.010550965319673008
0.010550843529228733
0.010550494243671991
0.010550377036353406
0.01054973083816901
0.010548484875460309
0.010544791156147548
0.010544228700673937
0.010543792386469086
0.010543787703406781
0.010543324356117616
0.010543082034916872
0.010541419481767331
0.010541060541125708
0.010540059782178979
0.01054005951104999
0.010539951794127913
0.010539448505397479
0.010539360746889046
0.010538836966620339
0.010538157592492728
0.010538094743222971
0.010536317650484824
0.010536291948723618
0.010535086919678438
0.010534246071898958
0.010534175572958396
0.010533130550471002
0.010531874736413387
0.010531676855723319
0.010531461765549194
0.010531426628612202
0.010530632913412802
0.010529245314060914
0.010528045368621898
0.010528004479376201
0.010527437911870672
0.010527220827280226
0.010527015584359724
0.010526704268327485
0.010526107065586463
0.010525663389529446
0.010525606084362557
0.010525591298347526
0.010524980101117777
0.010522640837015715
0.010521888256587116
0.010520449643014499
0.010518185529049711
0.010517852576574754
0.010517753107361784
0.010516155840664421
0.01051606865922302
0.010516053214135311
0.010515447962945909
0.010515262047754036
0.010515196276139088
0.010514551131006843
0.010514479457878569
0.010514436588824045
0.010514373482160959
0.010514141071365836
0.010514120093938503
0.010513527437378923
0.010512552681722777
0.010512299862749907
0.010511227322689637
0.010511012491343509
0.010510372175593368
0.010510061461192219
0.010509818736582407
0.010509517259998536
0.010508018096417613
0.01050766439476084
0.010507376240778243
0.010507238310017318
0.010507137402834661
0.010506564883662084
0.010506452232283171
0.010505849096402883
0.010504055346343251
0.010501919215530096
0.010501799263639063
0.010501156484833071
0.010500829156463628
0.010500798595606989
0.010500644734743162
0.010500232997243621
0.010499999023740877
0.010499480471030132
0.010498560855353603
0.010497457612419594
0.010497383791570843
0.010496739668174836
0.010495954411260193
0.010495049841791892
0.010494651719590027
0.010493958155917749
0.010490516577444294
0.010488494478824675
0.01048823335991193
0.010488173076509989
0.010487687510822272
0.010486518192553433
0.010486455425850106
0.010486391534741063
0.010486205307965948
0.010486173961360284
0.010484118516345366
0.010484088319254431
0.010483679650028541
0.010482667390913738
0.01048211520140868
0.010481711999359575
0.010481324182185763
0.010481315925826839
0.010480498863050141
0.010479678250739036
0.010479198421868988
0.010478356376936131
0.010477771445623448
0.010474868639572071
0.010473614125965883
0.010472990621284367
0.01047255126931362
0.010472005846319713
0.010471762615463096
0.010471097300625084
0.010469526835532369
0.010469261531406735
0.010468623180922452
0.0104679982110509
0.010467845930463879
0.010465973072066268
0.010465919432487248
0.010465803758146703
0.010465769279922791
0.010465717558171437
0.010465599516283437
0.010464070422249694
0.01046391984848641
0.010463816417824687
0.010463534721646975
0.010462856954936636
0.010460810520509694
0.010459679004217789
0.010457442287966485
0.01045707001929211
0.010456247194094626
0.0104561278703007
0.01045591339054735
0.010455851314801071
0.010455758794705002
0.010455348224286664
0.010455343897245393
0.010454851836409547
0.010454738485443685
0.010452717980547041
0.010452026711787004
0.010451441530919644
0.010450945925981357
0.010448762398544063
0.010448151096272474
0.010447833670151651
0.010447753353745017
0.010444414835807362
0.010444157308567369
0.010443746891282673
0.010442809013006094
0.010441556011525872
0.010441131483547389
0.010440973275791215
0.010440589916986338
0.010439492782657394
0.010439220806337624
0.010438963420196786
0.01043883902356456
0.010437429583454252
0.010436825369327061
0.01043588269997053
0.010435614802861195
0.010435223402662647
0.010434674408206487
0.010434365636914652
0.010434045498441916
0.010434001278584997
0.010433669727014287
0.010433159127490377
0.010432850942746305
0.01043220085461785
0.010431110233371911
0.010430181973966947
0.010429984031132043
0.010429350169589489
0.010428783395984209
0.010427980083095676
0.010426940525359647
0.010425310275547599
0.010424752549227256
0.010422831756437066
0.010421210624613408
0.01042112067644187
0.010420504769402265
0.010419142844321345
0.010418247856581997
0.010416933245449083
0.010416032003904322
0.010416031666922485
0.010414762853452287
0.010413949129380243
0.010413255205541838
0.010413003147080378
0.010411404851129558
0.010410751678083547
0.010410553117773995
0.010410478117222965
0.010408665008592204
0.010407745268455568
0.010406926812090182
0.010406050293635057
0.010405026111986213
0.010404916923986795
0.010404124087361209
0.010404036748596383
0.010403748023417991
0.01040345338649034
0.010402295398714194
0.010402149272681328
0.010400619262255169
0.010399944800853182
0.010399888317470702
0.010399144632783583
0.010398457464610277
0.01039843972188963
0.010398113740360896
0.010398078306579876
0.010395874186478882
0.010395288982897983
0.01039370746203285
0.01039269154556644
0.010392444517597091
0.010392054210123718
0.01039136165628911
0.010390311010773317
0.010390257874593561
0.01038998135135925
0.010389073543206786
0.010388864029516595
0.010388482972326757
0.010388415220229047
0.010386505902791169
0.010385341600053348
0.010384742050609448
0.010383979755477566
0.010383847867035112
0.010383163683584922
0.010382816083244151
0.010382434383313231
0.010380895731546583
0.010380238516881793
0.010380028221738261
0.010378966700894927
0.010378687143851616
0.010378558461224345
0.010376486514592649
0.010376409919571471
0.010376005886518354
0.010375883503534612
0.010375316503892703
0.010375252915207672
0.010375059975837365
0.010374788138529789
0.01037435267554882
0.010373110471359009
0.010372928263095528
0.010372840362589404
0.010371993662386792
0.010370996050255252
0.010369552258490755
0.010369241096989688
0.010367450963216205
0.010365900661461556
0.010364933551318997
0.010364556734494055
0.010364477563324299
0.010363861201461162
0.0103634824345742
0.010363343189872651
0.010363010671033093
0.010362276735327192
0.010362078350911247
0.010361168057780101
0.010361142649001691
0.010359038788165895
0.010358272318286408
0.010358193670445069
0.010357460188193815
0.010355800241132323
0.010355648126582576
0.010355123421540494
0.010352770661124331
0.010351933707088701
0.010351280109728817
0.010351231334530912
0.010351073096494757
0.010350851475223006
0.010350255960121168
0.01035019588882238
0.01034955039565306
0.010348713201511589
0.010348700413686946
0.010348265705957111
0.010346355398954865
0.010346297633405799
0.010346042685944738
0.010345275436514702
0.010344795730226373
0.010344500189048016
0.010343112145883973
0.010343001234942946
0.010342108045664931
0.010341041233198902
0.010340565185296677
0.010339918235954584
0.010339914198482037
0.010339581203934398
0.010338454440407268
0.010338201404879706
0.01033748528727578
0.010335829826087965
0.010335424975175712
0.01033520028860525
0.010335009549756401
0.010334798802577075
0.01033367678560991
0.010333358093867014
0.010330941913348319
0.01033086651414033
0.010330556235115834
0.010330228426163301
0.010330224905109906
0.010329022887637243
0.010328257148865129
0.010327670189144864
0.010327258778929186
0.01032688538876146
0.010325519038327095
0.010325452047436356
0.010325249174811629
0.010324837295057942
0.01032432252199186
0.010324026534398246
0.010324011977768981
0.010323853720262644
0.010323795094277903
0.010323522684221924
0.010323134274276752
0.010322950918890173
0.010322238499741503
0.010320831532502789
0.010319613022495705
0.010319600206509211
0.010317901876126112
0.010317566033488955
0.010315427802817937
0.010315344390151195
0.010315224453575118
0.01031482393699332
0.010313924161290549
0.010313578866009799
0.010313469975498585
0.010313225046017151
0.010312106978476555
0.010311951715144204
0.010311168701357202
0.010311060036672646
0.010310698150952539
0.010309793823545332
0.01030900658915275
0.010308411581471189
0.010307098764383474
0.010306866555666939
0.010306127586272203
0.010305961819848896
0.010305533211911333
0.010305430432749977
0.010304503537934679
0.010303834855855294
0.010302382079074846
0.010301555601437617
0.010301525055340519
0.010300243556836629
0.010299699595594812
0.010299650319317078
0.010299257108793964
0.010299158473939772
0.010299111862577575
0.010298297405608418
0.010298250576340859
0.010296498447336738
0.010295573440600728
0.010294884793767754
0.010293879350653675
0.010293607128394677
0.010293557429465215
0.01029023781365
0.010289430719857693
0.010288883012371873
0.010288803033808825
0.010288553844093405
0.010288328365781059
0.01028722747634506
0.010286817878622307
0.010286629869637303
0.010286600467324556
0.010285925050405801
0.010285121194937311
0.010284104091071541
0.010283985713551153
0.010283563197593647
0.010283437610812209
0.010281596666465798
0.010280750395411375
0.010280700778303276
0.010280461245259855
0.010279961981647328
0.010279477409384681
0.010278904319160037
0.010277804575011354
0.010277533963193601
0.010277145509436819
0.010277031998223284
0.010275932860495232
0.010275580750116396
0.010273971349719814
0.010273908746984185
0.010273605513932268
0.010273054017654493
0.010272089832362264
0.010271941078938616
0.010269451970933026
0.010268728914385822
0.010268273333351058
0.010267787182662455
0.010267159852911928
0.010266102464343401
0.010265678387912086
0.010265241830723726
0.010264223906579025
0.010263653105768145
0.010262256024749091
0.010261647827530423
0.010261132852790294
0.010261014781277323
0.010260689418800454
0.010260417066787588
0.010259784554083403
0.010259683144668918
0.010259504168247679
0.010259338914569996
0.010259013227129956
0.01025852777732332
0.010256104481963119
0.010255563619174096
0.010254853860933432
0.010254256831461439
0.010253084134330938
0.010252246278754023
0.010251056860758981
0.010250518106619075
0.01025001145454482
0.010250011353582668
0.010249701202228676
0.01024934570090681
0.010246343747089536
0.010245717661328807
0.010245011052897353
0.010243635638600842
0.010243628700172588
0.010242846476595893
0.01024282344259638
0.010242679481724287
0.010242123255294175
0.010241706787622403
0.010241208901206434
0.010240330529864715
0.010240132428385743
0.010239696721354637
0.010238974386578186
0.01023775053968232
0.010237523647218999
0.010236942871232601
0.010236497809305314
0.010236266435185755
0.01023611439717635
0.010235646308643454
0.010235213666180357
0.010234987190678094
0.010234696432270237
0.010233252423856143
0.010233023983453644
0.010232132403511339
0.01023178456970707
0.010231540757446693
0.010230573066060931
0.010230538466193739
0.010229902118403942
0.010229646385165157
0.010229118845638168
0.010228823881948962
0.010228754489595511
0.01022840359132768
0.010225837877772681
0.010224130490649443
0.010224074699406255
0.010223685402724546
0.010223626308403962
0.010222250927552017
0.010222185906629353
0.010222118507527538
0.01022172957428045
0.010221613408245919
0.010219148636238455
0.010218726606050169
0.010217228263912808
0.010216978735409067
0.010216788175624139
0.010216638134533763
0.010215777815574369
0.010215223446274464
0.010214879439341214
0.010214540722032445
0.010213893546685601
0.01021336325395854
0.010212685965415066
0.010212581493754425
0.010212245070551216
0.010211602944996687
0.01021146027953946
0.010210349990458056
0.010208192726861701
0.010207221934463866
0.010206735091784958
0.010206555157228282
0.010206104252528261
0.010203655158375355
0.010203426010282585
0.010199750030565769
0.01019761726013412
0.010196287619787118
0.010195729891879113
0.010195635718220953
0.010195027106218738
0.010193347317350034
0.010192159747402318
0.010190115412856306
0.010189790755352091
0.010189703297052535
0.010189591188402774
0.010189479640636059
0.010189091254687749
0.010188271391658664
0.010188109210575384
0.010187742595660446
0.010187424155992889
0.0101867758932982
0.010185161367233591
0.010184799477614498
0.010184685966360974
0.010183634859226432
0.010182960593907978
0.010182677683244377
0.010180984383716823
0.010180888563466444
0.010180564505223953
0.010180322293373938
0.010180224588725634
0.010180109340396554
0.010179472857134634
0.010179462612485504
0.010178387877002084
0.010177991730820374
0.010177735403252104
0.010177561310854281
0.010177493576136624
0.010175265239300011
0.010174784777370799
0.010173685727466563
0.0101734298272581
0.010172951034140017
0.01017278711300007
0.01017249577522474
0.010172105942587618
0.010171625417554566
0.010171255628342892
0.010171157396308054
0.010169642701346123
0.010169465162973556
0.010168835614230213
0.010168271618484614
0.010166736022817729
0.010166421798909158
0.010165728805330322
0.01016548445819904
0.010165137200383824
0.010164340410920625
0.010163722777729627
0.010162955536004088
0.010161194009045379
0.010160660199088505
0.010159411236875755
0.010156713156741893
0.010156191943920709
0.010156153390328602
0.010154886197812496
0.010154007237088765
0.010153987664937464
0.010153869345723777
0.010153278651671829
0.010153210893963194
0.0101528963233608
0.010152465957641249
0.01015194858457928
0.01015129136367292
0.010151268428986754
0.010151185714881541
0.010149560939927532
0.010148265442699598
0.010147413415965017
0.010147057566907106
0.010146891253312952
0.010146875275103551
0.010145593428651609
0.01014506893298881
0.010145003151238591
0.010144059282444516
0.010142936102155145
0.010142782113209339
0.010142470849790627
0.010142281959860326
0.010141420838751537
0.010141282938297877
0.010139924728287434
0.010139547797656299
0.010137905391055736
0.010137797861138637
0.010136710532936103
0.01013658028829471
0.010136190854106986
0.010136138672507032
0.010135971331591441
0.010135746369479269
0.010135473091885944
0.010133782516310464
0.010133627824850246
0.010132747561196706
0.010132520774105362
0.010132310172746031
0.010131630040140054
0.010130386554680199
0.0101298287710918
0.010129145755848008
0.01012765929127279
0.010127390680145284
0.010127075433780233
0.010124823968575862
0.010124738381615485
0.010122649481514
0.010122342627178045
0.010122138364549189
0.010121789971126781
0.010121692830436003
0.010121651857861871
0.010120809300054736
0.010120469946048953
0.010119540934861369
0.010118357712312337
0.010116514464804419
0.010116363317449969
0.0101156277298053
0.010115553406739471
0.010115063589855141
0.010113523358674622
0.010113254674683615
0.010112913943377195
0.010112233109506165
0.010110982837982665
0.010110028760592634
0.010109449849598794
0.010109107048758071
0.010107558893052768
0.0101074172427012
0.010107261567697394
0.010106796215081643
0.010106511698891839
0.010105764413521082
0.010104731327412521
0.010104570716835327
0.010104335534939717
0.010103853519872114
0.010103246205483104
0.010100634743558167
0.01010054091941057
0.010100114004692984
0.01009980790212061
0.010098309002244994
0.010098031795002542
0.010096595172745231
0.010096265681253026
0.010095972777444182
0.010095750428637624
0.010094979847846318
0.010093983413590107
0.010093540445529348
0.010092705814079356
0.010092512038362304
0.010092265803431566
0.010091238378602757
0.010091184065836353
0.010091074958156143
0.010090625567007405
0.010088390594176537
0.010088323068752699
0.01008825015256414
0.010087655462525897
0.010087043241326671
0.010086295983754255
0.010085819860778149
0.010083640567957849
0.010083451132163475
0.010083203178075761
0.01008079776612187
0.010080687707052437
0.010080630443106958
0.010080503932244021
0.010079352882646485
0.010077853344126107
0.010076944541347225
0.010076683312504796
0.010074551686433193
0.010073444477731947
0.010072494260995608
0.010072079532524012
0.010071546695190009
0.010071420594236451
0.010071344977067907
0.010070614597422116
0.010070238814928781
0.010069774635598557
0.010069773089743182
0.010068810129738636
0.010068166573763282
0.010067225728617209
0.010066937336692568
0.010066784592751369
0.010065524679254648
0.010065248119620868
0.010064204443994532
0.01006318567936903
0.010062551799038776
0.010062440501633421
0.010061418464780874
0.010060492780292092
0.010059523603471163
0.010059289162440657
0.010058849567536519
0.01005845127938558
0.010057286702645043
0.01005628783628095
0.010056281823075582
0.010055944062280726
0.010055793578834661
0.010055769438122737
0.010054730889728577
0.010053453291734449
0.010053281688496458
0.010052807234229093
0.01005210731839073
0.010051083897850427
0.010050823306963075
0.01005038168147698
0.010049696157601012
0.010049238333292
0.010049023617408535
0.010048559244886603
0.010048310974070232
0.010047068080124791
0.010047027294433367
0.010046659465718434
0.010046640395502127
0.010045218430464886
0.010044495874591003
0.010044427151688358
0.010044197894835368
0.010044010443780437
0.010043725901981861
0.010042949349905569
0.010041502727060919
0.010041395992919503
0.010039549893741638
0.01003951157294948
0.010037612330276533
0.010037527838501569
0.01003722614310101
0.010037141188875566
0.010036828548299589
0.01003592944950436
0.010035671068324772
0.010035372435845357
0.010035261827344629
0.010034072940074926
0.010033429431714747
0.010032872964729659
0.010032147031863602
0.010031887588282287
0.010031877665698272
0.01003131286584626
0.010031288868950043
0.010030740259114851
0.010029044521443719
0.010028503129653343
0.010028335658395735
0.010027139784509018
0.01002559027394497
0.010025416245404529
0.010024273764646896
0.010023429100736421
0.010022579021198222
0.010021558320718365
0.010020297498551317
0.01001935280349652
0.010018883573428285
0.010018634293727137
0.010018012925270707
0.010017773365492718
0.010015898752520021
0.010015479214485262
0.010014729857648244
0.010014266281428146
0.010014132250287624
0.010013964982081278
0.010012771761739472
0.010011807638946305
0.010011648695031948
0.010011459549866078
0.010010491733637092
0.01001035621875831
0.010010345102661557
0.010010171314329351
0.01000988915694985
0.010009525363375304
0.010009470076813265
0.010009117731488425
0.010006779276238194
0.010006715961246115
0.01000665271172349
0.010004586795400795
0.01000438393307759
0.010003790989316932
0.010003643529709685
0.010001292640951936
0.010000611105608575
0.010000541357317885
0.0099992323976334299
0.0099991215136697436
0.0099979185035757277
0.0099977211316233626
0.0099969830674608972
0.00999676732577536
0.0099958207995898361
0.0099954312503752474
0.009994720378493957
0.0099938860005991687
0.0099931361230781376
0.0099928250287346296
0.0099927919804911822
0.0099922425239276653
0.0099919903663149689
0.009991540775804858
0.0099915367933977681
0.0099909603253393736
0.0099899843805683151
0.0099869791016239766
0.0099864666994352418
0.0099855206236775622
0.0099854415572446422
0.0099847141458876548
0.0099816743991912576
0.0099807143190011587
0.009980581726128342
0.0099804380133220218
0.009980148471455055
0.0099792766474105354
0.0099772661275646275
0.0099759781140636231
0.0099752646355315312
0.0099743281284557245
0.0099739055630360569
0.0099737485043764201
0.0099732716365210829
0.0099724264183500624
0.0099721166665862546
0.0099706751012130831
0.0099704547151308019
0.0099701217450379569
0.0099692048986303721
0.0099691117356877721
0.0099686995870936646
0.0099677325588500235
0.0099674447829504811
0.0099664322899626831
0.0099661635137032935
0.0099640176821846459
0.0099633040693949525
0.0099619981442565977
0.0099618605041446057
0.0099598937176991528
0.0099577518017037459
0.0099569804196361477
0.0099568470141159788
0.0099566225401791515
0.0099563147749528614
0.0099563004703084254
0.0099560617835405384
0.009955501981310769
0.0099554871890702879
0.0099552067754186541
0.0099543566891489126
0.0099540580332057906
0.0099539160026932919
0.0099531307648065004
0.0099530556669010575
0.0099522422241349606
0.009952014012147509
0.0099506570901169294
0.0099503280544576828
0.0099494734013802783
0.0099486526429443198
0.0099485700898921305
0.0099484026877751982
0.0099470549487198565
0.0099468201552240891
0.0099457528706149399
0.0099445060135999012
0.0099439893807060781
0.0099438410896547768
0.0099432399938190492
0.0099429829908584608
0.0099427915509112067
0.0099414374423623005
0.0099404662568129028
0.0099404287486762732
0.0099392743581433497
0.0099385159014137164
0.0099383700447178824
0.0099378977132527826
0.0099374414891696249
0.0099365709809624159
0.0099365486541617472
0.0099362225323863292
0.0099352867259552505
0.0099349710666821606
0.0099344643187586762
0.0099343582801316044
0.009934328554953473
0.0099342473596646611
0.009933749242391288
0.0099331885327000706
0.0099325341826371153
0.0099318899733450722
0.009931385738322647
0.0099311716258959296
0.0099297577011160116
0.0099285994912009165
0.0099275037624892287
0.00992724766504555
0.0099265946701549233
0.0099265509127409307
0.0099261555414703866
0.0099252407837429231
0.0099238826332267629
0.0099235036809755661
0.0099233761377512525
0.0099232050545659256
0.0099228586839150146
0.0099228278883188251
0.0099223493498177256
0.0099219797611133156
0.0099205614797885887
0.0099192785861670629
0.0099181446077264319
0.0099180486204314133
0.0099172629451271289
0.0099171732452006164
0.009916444944016221
0.009915434562581444
0.0099153932376109255
0.009914775518932056
0.0099145827121877392
0.009914128989728592
0.0099131658973607307
0.0099127759589316203
0.0099124749542901149
0.0099111047700878706
0.0099110345629018718
0.0099110301928483358
0.0099100514817752547
0.0099100091288519595
0.0099097573885313477
0.0099092195621367368
0.009909021456612396
0.0099084659018982245
0.0099083320717505679
0.0099082909384187526
0.0099077847375935741
0.0099075039753129916
0.0099070851633851799
0.00990633625290031
0.0099063247491965392
0.0099056549257676742
0.0099052879709090654
0.0099042991046453116
0.0099037057756015748
0.0099029582373682448
0.0099027045774667602
0.0099024087318628704
0.0099019873989688242
0.0099018774269080678
0.0099009763980976787
0.0099001916119889465
0.0099000726904591527
0.0098996993862394134
0.0098976406990556928
0.0098974100601371025
0.0098959573578494952
0.0098957637817872826
0.009895206062343391
0.0098941789528047171
0.0098940009488263404
0.0098938168739403105
0.0098932974395390429
0.0098930396350789228
0.0098920252893579166
0.0098919772488061646
0.0098914691893326606
0.0098906981967711981
0.0098902103764376744
0.009889648630997323
0.0098880298134586733
0.0098867591643984273
0.0098867577139657645
0.0098865572843564852
0.0098864386106631216
0.0098856324661185987
0.0098850682109360589
0.0098846286320337581
0.0098840291652548401
0.0098838245184313597
0.009883747333405659
0.009883363267152636
0.0098827310236970466
0.0098827269927605644
0.0098822458545072041
0.0098806618504656777
0.0098805827469297981
0.0098797349628996743
0.0098789707903743414
0.0098786787270133125
0.009877006248141796
0.0098769313904968851
0.00987629664807195
0.0098760012045876512
0.0098751589185645233
0.0098748656950421818
0.0098739894156553987
0.0098733307327811964
0.0098729698865951277
0.0098729399786389883
0.0098722681429810697
0.0098718565179193429
0.0098711711687112114
0.0098708454322799719
0.00986969698434172
0.0098680776415299189
0.0098674105058952355
0.0098672953776671526
0.0098657006473888195
0.0098651289647897281
0.0098648937884877885
0.0098643444055289443
0.0098616753154557382
0.0098610376325990734
0.0098601257107428526
0.009859192464479985
0.0098583887694761469
0.0098583052584072864
0.0098558395130805589
0.0098551521492451204
0.0098542865209581883
0.0098540141004430076
0.0098532500636986636
0.0098530921422842477
0.0098518220034357392
0.009851427208692462
0.0098513827684995371
0.0098507410542301842
0.0098498521857264022
0.0098488818721675104
0.0098482860630160884
0.0098482494718625663
0.0098474541667879275
0.0098458625303476897
0.0098458028699536723
0.0098445333243015656
0.0098431960771316971
0.009842939837658958
0.0098428225514467765
0.0098425843911318332
0.0098419026480080305
0.009841755555261027
0.0098407148518840117
0.0098407083281969888
0.009839601764843893
0.009837763066709658
0.0098370113743847781
0.0098366709556034701
0.0098352190076902869
0.0098345295467230035
0.0098339649646807144
0.0098338080335481047
0.0098336059654427835
0.0098325757628573932
0.009831751568367908
0.0098314007991979358
0.0098298795709674692
0.0098293992021548891
0.0098288758656476325
0.0098286019261074886
0.0098285630018259199
0.0098283295426950697
0.0098264330156530629
0.0098255372173996613
0.0098254242027286682
0.0098252521112575895
0.0098240855633526993
0.0098240838787317392
0.0098236701360486477
0.0098231147940679893
0.0098230272288416156
0.0098229028232981498
0.009821435309866516
0.0098211967146709413
0.0098203425946032652
0.0098202113989472352
0.0098196760789609275
0.0098193536123228967
0.0098179686316879396
0.0098146909513925924
0.0098141513647537326
0.009812752853363884
0.0098126635805516945
0.009812489877634209
0.0098114316651018527
0.0098102457716136415
0.0098094802096677439
0.0098084883882309792
0.0098065784764159707
0.0098056361244459132
0.0098042701072219088
0.0098041399058431591
0.0098037097532609769
0.0098032587110232529
0.0098027121244039263
0.0098020235555684124
0.0098020086880183915
0.0098017207919604641
0.0098004047760774284
0.0097990998667450441
0.0097990486544379148
0.0097988703766316958
0.0097978627557436665
0.0097968219172617291
0.0097964785153622554
0.0097958931856322456
0.0097949848452813845
0.0097949634458350029
0.009793432065627123
0.0097934308431801044
0.0097924040718012344
0.0097923989949127276
0.0097921359117016105
0.0097919603594490458
0.0097917444416551706
0.0097912643962908812
0.0097906411420240723
0.0097889358150937775
0.0097868628725649252
0.0097860706136586491
0.0097846103914416126
0.0097843983722028707
0.0097834638411702195
0.009783338999525746
0.0097827318220460643
0.0097815109703383984
0.0097810577815302703
0.0097804453253443977
0.0097797877206953019
0.0097796414317491073
0.0097785164960126139
0.009778391810161274
0.0097783827747507362
0.0097782688343328594
0.009778055217345016
0.0097775441897716767
0.0097756552104369988
0.0097748466273746819
0.0097745969918889043
0.0097729899049404708
0.0097728777083115961
0.0097727583762108761
0.0097719209355724406
0.0097712857720210038
0.0097711446982971552
0.0097706884665441363
0.0097699295530224838
0.0097694427963579515
0.009768670381227345
0.0097677046652809695
0.0097673690562328115
0.0097646227243444895
0.0097644402340590717
0.0097644124256302672
0.0097642408384598801
0.0097630017685345696
0.0097628241685907731
0.0097625372076274135
0.009762141299315687
0.0097608145001392872
0.0097601219186070846
0.0097591945751199279
0.0097578968294482378
0.0097571207707234306
0.0097571069048389275
0.0097568924072990986
0.0097568257790522587
0.0097560211415242317
0.0097555532466873339
0.0097554870413527044
0.0097539788220572642
0.0097519318211530381
0.0097515565341039102
0.0097501197452939999
0.0097499716300559237
0.0097496646836815488
0.0097493679958092459
0.0097489627861498673
0.0097489258127380091
0.0097489255756115795
0.0097487044465250985
0.0097484194980527634
0.0097480961715081943
0.0097473825742630995
0.009745651406562663
0.0097451310859084476
0.0097451097500650414
0.0097440611848361482
0.009742327015464106
0.0097414605410878728
0.0097414516910869203
0.0097413051139954125
0.0097407530017023652
0.0097394959007994636
0.0097380224041901785
0.0097372967392322114
0.0097364521175880465
0.0097357081454063875
0.0097353581654386553
0.0097347184474463125
0.0097328178453479752
0.0097325542290746647
0.009731261424805451
0.0097305233992129592
0.0097304076269838745
0.0097299706603335579
0.0097296052043939641
0.0097290273224183987
0.0097284057683022004
0.0097281389134886015
0.0097275674058437366
0.0097274418329433097
0.0097271502990178421
0.0097259637093749587
0.0097248964278357965
0.0097247082127517089
0.0097241732465531677
0.0097227755355258003
0.009722282728812379
0.0097218431276926316
0.0097202306239867389
0.0097201629561932262
0.0097195313373101069
0.0097191561530180839
0.0097188010970410861
0.0097185355707635236
0.009713388167307652
0.0097127923271874955
0.0097121052691549747
0.0097117662792373747
0.009711451532990972
0.0097111166408558967
0.0097109799972307613
0.0097108165906805381
0.0097108073601674602
0.0097104647875554638
0.0097096505740264724
0.0097084282532329536
0.0097078161547686382
0.0097077621679944326
0.0097077305816604415
0.0097070743662200504
0.0097065910528350407
0.0097044608990900904
0.0097039164313819839
0.0097038724751123736
0.0097036290272735463
0.009702745566261153
0.0097009571968087738
0.0097002292951527506
0.0097001290984349581
0.0097000263562105251
0.0096986348896573142
0.0096981429103580562
0.0096980811527701272
0.0096976070029766073
0.0096971134422800601
0.0096968829093585871
0.0096957463723964781
0.0096953667681316212
0.0096951731406494709
0.0096944295644438554
0.0096940992413908668
0.0096925357870929086
0.0096924831955995522
0.0096923400012613042
0.0096917883502329587
0.0096912237422575043
0.0096877246923039017
0.0096875797194072577
0.0096874295670591835
0.0096868378830174719
0.0096854485489459279
0.0096851254312709783
0.0096845402741440097
0.0096839292839796514
0.0096813379115098745
0.0096811786293429635
0.009681083886112744
0.009680792308638355
0.0096799157002106524
0.009679654835541238
0.0096785293650982294
0.0096783718043466829
0.0096777280473420539
0.0096768125360949756
0.0096766766806419477
0.0096764458085594855
0.0096759925796759284
0.009674873755300524
0.0096734678422660154
0.0096720167154155188
0.009670972570652735
0.0096701534300403045
0.0096691627676867026
0.0096688971828587031
0.0096679141518632456
0.0096674924814424135
0.0096635860407227724
0.0096626275172144189
0.0096623862247801895
0.0096623576105710225
0.0096615100632705155
0.0096611828809601338
0.0096605857769982723
0.009660323515958625
0.0096588757254718605
0.0096587749340657416
0.0096585019381653318
0.0096584773539327168
0.0096569669395021301
0.0096563399174492467
0.0096549079925219126
0.0096535285260350295
0.0096531692744354792
0.0096530512333406863
0.0096525209722783945
0.009651999890928355
0.0096512531671591427
0.0096511222638253295
0.0096509198312759274
0.0096506161843113274
0.0096500659563176893
0.0096487012932272818
