2200 0 10 0           
21 Keysight Technologies 12 ACIS 31.0 NT 24 Wed Jan 21 21:25:09 2026 
1 9.9999999999999995e-07 1e-10 
body $10 -1 -1 $-1 $11 $-1 $12 T -14.200000000000001 -13.125000000000002 0 14.200000000000001 13.125000000000002 11.353999999999999 #
body $13 -1 -1 $-1 $14 $-1 $15 T -7.7750000000000004 -13.125000000000002 0 20.625 13.125000000000002 1.3200000000000001 #
body $16 -1 -1 $-1 $17 $-1 $18 T -4.2999999999999998 -5.7999999999999998 0 6.1978 -0.5 0.017000000000000088 #
body $19 -1 -1 $-1 $20 $-1 $21 T -4.2999999999999998 1.7 0 6.1978 7 0.017000000000000088 #
body $22 -1 -1 $-1 $23 $-1 $24 T -4.25 -5.7670000000000003 0 7.8978000000000002 6.9499999999999993 0.017000000000000088 #
body $25 -1 -1 $-1 $26 $-1 $27 T -1.1499999999999999 -2.5982000000000003 0 4.0015000000000001 3.7982 0.017000000000000088 #
body $28 -1 -1 $-1 $29 $-1 $30 T 7.6134000000000004 -5.7999999999999998 0 9.0999999999999996 7.0000000000000009 0.017000000000000088 #
body $31 -1 -1 $-1 $32 $-1 $33 T -4.6499999999999995 -10 -0.010000000000000026 17.5 10 0 #
body $34 -1 -1 $-1 $35 $-1 $36 T -7.7750000000000004 -13.125000000000002 0 20.625 13.125000000000002 0 #
body $37 -1 -1 $-1 $38 $-1 $39 F #
render-rbase-attrib $-1 -1 $40 $-1 $0 1 1 1 1 1 1 1 1 1 1 1 1 0 1 0 1 1 1 $41 $-1 0 0 #
lump $42 -1 -1 $-1 $-1 $43 $0 T -14.200000000000001 -13.125000000000002 0 14.200000000000001 13.125000000000002 11.353999999999999 #
transform $-1 -1 1 0 0 0 1 0 0 0 1 6.4249999999999998 0 -5 1 no_rotate no_reflect no_shear #
render-rbase-attrib $-1 -1 $44 $-1 $1 1 1 1 1 1 1 1 1 1 1 1 1 0 1 0 1 1 1 $45 $-1 0 0 #
lump $46 -1 -1 $-1 $-1 $47 $1 T -7.7750000000000004 -13.125000000000002 0 20.625 13.125000000000002 1.3200000000000001 #
transform $-1 -1 1 0 0 0 1 0 0 0 1 0 0 0.017000000000000005 1 no_rotate no_reflect no_shear #
render-rbase-attrib $-1 -1 $48 $-1 $2 1 1 1 1 1 1 1 1 1 1 1 1 0 1 0 1 1 1 $49 $-1 0 0 #
lump $50 -1 -1 $-1 $-1 $51 $2 T -4.2999999999999998 -5.7999999999999998 0 6.1978 -0.5 0.017000000000000088 #
transform $-1 -1 1 0 0 0 1 0 0 0 1 0 0 1.3370000000000002 1 no_rotate no_reflect no_shear #
render-rbase-attrib $-1 -1 $52 $-1 $3 1 1 1 1 1 1 1 1 1 1 1 1 0 1 0 1 1 1 $53 $-1 0 0 #
lump $54 -1 -1 $-1 $-1 $55 $3 T -4.2999999999999998 1.7 0 6.1978 7 0.017000000000000088 #
transform $-1 -1 1 0 0 0 1 0 0 0 1 0 0 1.3370000000000002 1 no_rotate no_reflect no_shear #
render-rbase-attrib $-1 -1 $56 $-1 $4 1 1 1 1 1 1 1 1 1 1 1 1 0 1 0 1 1 1 $57 $-1 0 0 #
lump $58 -1 -1 $-1 $-1 $59 $4 T -4.25 -5.7670000000000003 0 7.8978000000000002 6.9499999999999993 0.017000000000000088 #
transform $-1 -1 1 0 0 0 1 0 0 0 1 0 0 1.3370000000000002 1 no_rotate no_reflect no_shear #
render-rbase-attrib $-1 -1 $60 $-1 $5 1 1 1 1 1 1 1 1 1 1 1 1 0 1 0 1 1 1 $61 $-1 0 0 #
lump $62 -1 -1 $-1 $-1 $63 $5 T -1.1499999999999999 -2.5982000000000003 0 4.0015000000000001 3.7982 0.017000000000000088 #
transform $-1 -1 1 0 0 0 1 0 0 0 1 0 0 1.3370000000000002 1 no_rotate no_reflect no_shear #
render-rbase-attrib $-1 -1 $64 $-1 $6 1 1 1 1 1 1 1 1 1 1 1 1 0 1 0 1 1 1 $65 $-1 0 0 #
lump $66 -1 -1 $-1 $-1 $67 $6 T 7.6134000000000004 -5.7999999999999998 0 9.0999999999999996 7.0000000000000009 0.017000000000000088 #
transform $-1 -1 1 0 0 0 1 0 0 0 1 0 0 1.3370000000000002 1 no_rotate no_reflect no_shear #
render-rbase-attrib $-1 -1 $68 $-1 $7 1 1 1 1 1 1 1 1 1 1 1 1 0 1 0 1 1 1 $69 $-1 0 0 #
lump $70 -1 -1 $-1 $-1 $71 $7 T -4.6499999999999995 -10 -0.010000000000000026 17.5 10 0 #
transform $-1 -1 1 0 0 0 1 0 0 0 1 0 0 0.73699999999999999 1 no_rotate no_reflect no_shear #
render-rbase-attrib $-1 -1 $72 $-1 $8 1 1 1 1 1 1 1 1 1 1 1 1 0 1 0 1 1 1 $73 $-1 0 0 #
lump $74 -1 -1 $-1 $-1 $75 $8 T -7.7750000000000004 -13.125000000000002 0 20.625 13.125000000000002 0 #
transform $-1 -1 1 0 0 0 1 0 0 0 1 0 0 0.61699999999999999 1 no_rotate no_reflect no_shear #
render-rbase-attrib $-1 -1 $76 $-1 $9 1 1 1 1 1 1 1 1 1 1 1 1 0 1 0 1 1 1 $77 $-1 0 1 1 0 0 0 1 0 0 0 1 6.4249999999999998 0 0.6769999999999996 1 no_rotate no_reflect no_shear #
lump $-1 -1 -1 $-1 $-1 $78 $9 F #
transform $-1 -1 1 0 0 0 1 0 0 0 1 6.4249999999999998 0 0.6769999999999996 1 no_rotate no_reflect no_shear #
string_attrib-name_attrib-gen-attrib $-1 -1 $79 $10 $0 2 1 1 1 1 1 1 1 1 1 1 1 1 1 0 1 1 1 @16 FEM_materialHash @13 M1EPFREESPACE #
rh_material-rh_entity $-1 -1 4 4 @5 plain @5 color -4 1 1 1 @5 phong @14 ambient factor -2 1 @14 diffuse factor -2 0.75 @15 specular factor -2 0.5 @8 exponent -2 10 @14 specular color -4 1 1 1 @4 none @5 plain @5 color -4 1 1 1 #
fbm_tag-tag-sys-attrib $-1 -1 $-1 $-1 $11 2 1 2 1 1 1 3 1 1 1 1 1 1 1 0 1 1 1 origin_live $11 @9 [#lump_1] #
shell $-1 -1 -1 $-1 $-1 $-1 $80 $-1 $11 T -14.200000000000001 -13.125000000000002 0 14.200000000000001 13.125000000000002 11.353999999999999 #
string_attrib-name_attrib-gen-attrib $-1 -1 $81 $13 $1 2 1 1 1 1 1 1 1 1 1 1 1 1 1 0 1 1 1 @16 FEM_materialHash @66 M1EPDLT0.0100000001000.0000000001000000000000.0000000004.600000000 #
rh_material-rh_entity $-1 -1 4 4 @5 plain @5 color -4 0.7921568751335144 0.88235294818878174 1 @5 phong @14 ambient factor -2 1 @14 diffuse factor -2 0.75 @15 specular factor -2 0.5 @8 exponent -2 10 @14 specular color -4 1 1 1 @4 none @5 plain @5 color -4 0.49803918600082397 0.49803918600082397 0.49803918600082397 #
fbm_tag-tag-sys-attrib $-1 -1 $-1 $-1 $14 2 1 2 1 1 1 3 1 1 1 1 1 1 1 0 1 1 1 origin_live $14 @9 [#lump_1] #
shell $-1 -1 -1 $-1 $-1 $-1 $82 $-1 $14 T -7.7750000000000004 -13.125000000000002 0 20.625 13.125000000000002 1.3200000000000001 #
string_attrib-name_attrib-gen-attrib $-1 -1 $83 $16 $2 2 1 1 1 1 1 1 1 1 1 1 1 1 1 0 1 1 1 @16 FEM_materialHash @37 M0EPNOR58000000.0000000001.0000000000 #
rh_material-rh_entity $-1 -1 4 4 @5 plain @5 color -4 0.93333333730697632 0.41568627953529358 0.31372550129890442 @5 phong @14 ambient factor -2 1 @14 diffuse factor -2 0.75 @15 specular factor -2 0.5 @8 exponent -2 10 @14 specular color -4 1 1 1 @4 none @5 plain @5 color -4 0 0 0 #
fbm_tag-tag-sys-attrib $-1 -1 $-1 $-1 $17 2 1 2 1 1 1 3 1 1 1 1 1 1 1 0 1 1 1 origin_live $17 @9 [#lump_1] #
shell $-1 -1 -1 $-1 $-1 $-1 $84 $-1 $17 T -4.2999999999999998 -5.7999999999999998 0 6.1978 -0.5 0.017000000000000088 #
string_attrib-name_attrib-gen-attrib $-1 -1 $85 $19 $3 2 1 1 1 1 1 1 1 1 1 1 1 1 1 0 1 1 1 @16 FEM_materialHash @37 M0EPNOR58000000.0000000001.0000000000 #
rh_material-rh_entity $-1 -1 4 4 @5 plain @5 color -4 0.93333333730697632 0.41568627953529358 0.31372550129890442 @5 phong @14 ambient factor -2 1 @14 diffuse factor -2 0.75 @15 specular factor -2 0.5 @8 exponent -2 10 @14 specular color -4 1 1 1 @4 none @5 plain @5 color -4 0 0 0 #
fbm_tag-tag-sys-attrib $-1 -1 $-1 $-1 $20 2 1 2 1 1 1 3 1 1 1 1 1 1 1 0 1 1 1 origin_live $20 @9 [#lump_1] #
shell $-1 -1 -1 $-1 $-1 $-1 $86 $-1 $20 T -4.2999999999999998 1.7 0 6.1978 7 0.017000000000000088 #
string_attrib-name_attrib-gen-attrib $-1 -1 $87 $22 $4 2 1 1 1 1 1 1 1 1 1 1 1 1 1 0 1 1 1 @16 FEM_materialHash @37 M0EPNOR58000000.0000000001.0000000000 #
rh_material-rh_entity $-1 -1 4 4 @5 plain @5 color -4 0.93333333730697632 0.41568627953529358 0.31372550129890442 @5 phong @14 ambient factor -2 1 @14 diffuse factor -2 0.75 @15 specular factor -2 0.5 @8 exponent -2 10 @14 specular color -4 1 1 1 @4 none @5 plain @5 color -4 0 0 0 #
fbm_tag-tag-sys-attrib $-1 -1 $-1 $-1 $23 2 1 2 1 1 1 3 1 1 1 1 1 1 1 0 1 1 1 origin_live $23 @9 [#lump_1] #
shell $-1 -1 -1 $-1 $-1 $-1 $88 $-1 $23 T -4.25 -5.7670000000000003 0 7.8978000000000002 6.9499999999999993 0.017000000000000088 #
string_attrib-name_attrib-gen-attrib $-1 -1 $89 $25 $5 2 1 1 1 1 1 1 1 1 1 1 1 1 1 0 1 1 1 @16 FEM_materialHash @37 M0EPNOR58000000.0000000001.0000000000 #
rh_material-rh_entity $-1 -1 4 4 @5 plain @5 color -4 0.93333333730697632 0.41568627953529358 0.31372550129890442 @5 phong @14 ambient factor -2 1 @14 diffuse factor -2 0.75 @15 specular factor -2 0.5 @8 exponent -2 10 @14 specular color -4 1 1 1 @4 none @5 plain @5 color -4 0 0 0 #
fbm_tag-tag-sys-attrib $-1 -1 $-1 $-1 $26 2 1 2 1 1 1 3 1 1 1 1 1 1 1 0 1 1 1 origin_live $26 @9 [#lump_1] #
shell $-1 -1 -1 $-1 $-1 $-1 $90 $-1 $26 T -1.1499999999999999 -2.5982000000000003 0 4.0015000000000001 3.7982 0.017000000000000088 #
string_attrib-name_attrib-gen-attrib $-1 -1 $91 $28 $6 2 1 1 1 1 1 1 1 1 1 1 1 1 1 0 1 1 1 @16 FEM_materialHash @37 M0EPNOR58000000.0000000001.0000000000 #
rh_material-rh_entity $-1 -1 4 4 @5 plain @5 color -4 0.93333333730697632 0.41568627953529358 0.31372550129890442 @5 phong @14 ambient factor -2 1 @14 diffuse factor -2 0.75 @15 specular factor -2 0.5 @8 exponent -2 10 @14 specular color -4 1 1 1 @4 none @5 plain @5 color -4 0 0 0 #
fbm_tag-tag-sys-attrib $-1 -1 $-1 $-1 $29 2 1 2 1 1 1 3 1 1 1 1 1 1 1 0 1 1 1 origin_live $29 @9 [#lump_1] #
shell $-1 -1 -1 $-1 $-1 $-1 $92 $-1 $29 T 7.6134000000000004 -5.7999999999999998 0 9.0999999999999996 7.0000000000000009 0.017000000000000088 #
string_attrib-name_attrib-gen-attrib $-1 -1 $93 $31 $7 2 1 1 1 1 1 1 1 1 1 1 1 1 1 0 1 1 1 @16 FEM_materialHash @37 M0EPNOR58000000.0000000001.0000000000 #
rh_material-rh_entity $-1 -1 4 4 @5 plain @5 color -4 1 1 0 @5 phong @14 ambient factor -2 1 @14 diffuse factor -2 0.75 @15 specular factor -2 0.5 @8 exponent -2 10 @14 specular color -4 1 1 1 @4 none @5 plain @5 color -4 0 0 0 #
fbm_tag-tag-sys-attrib $-1 -1 $-1 $-1 $32 2 1 2 1 1 1 3 1 1 1 1 1 1 1 0 1 1 1 origin_live $32 @9 [#lump_1] #
shell $-1 -1 -1 $-1 $-1 $-1 $94 $-1 $32 T -4.6499999999999995 -10 -0.010000000000000026 17.5 10 0 #
string_attrib-name_attrib-gen-attrib $-1 -1 $95 $34 $8 2 1 1 1 1 1 1 1 1 1 1 1 1 1 0 1 1 1 @16 FEM_materialHash @7 M0EPPEC #
rh_material-rh_entity $-1 -1 4 4 @5 plain @5 color -4 0.75294119119644165 0.75294119119644165 0.75294119119644165 @5 phong @14 ambient factor -2 1 @14 diffuse factor -2 0.75 @15 specular factor -2 0.5 @8 exponent -2 10 @14 specular color -4 1 1 1 @4 none @5 plain @5 color -4 0 0 0 #
fbm_tag-tag-sys-attrib $-1 -1 $-1 $-1 $35 2 1 2 1 1 1 3 1 1 1 1 1 1 1 0 1 1 1 origin_live $35 @9 [#lump_1] #
shell $-1 -1 -1 $-1 $-1 $-1 $96 $-1 $35 T -7.7750000000000004 -13.125000000000002 0 20.625 13.125000000000002 0 #
real_attrib-name_attrib-gen-attrib $-1 -1 $97 $37 $9 2 1 1 1 1 1 1 1 1 1 1 1 1 1 0 1 1 1 @12 FEM_priority -1 #
rh_material-rh_entity $-1 -1 4 4 @5 plain @5 color -4 0 0 0 @5 phong @14 ambient factor -2 1 @14 diffuse factor -2 0.75 @15 specular factor -2 0.5 @8 exponent -2 10 @14 specular color -4 1 1 1 @4 none @5 plain @5 color -4 1 1 1 #
shell $-1 -1 -1 $-1 $-1 $-1 $98 $-1 $38 F #
real_attrib-name_attrib-gen-attrib $-1 -1 $99 $40 $0 2 1 1 1 1 1 1 1 1 1 1 1 1 1 0 1 1 1 @17 FEM_mesh_interior 1 #
face $100 -1 -1 $-1 $101 $102 $43 $-1 $103 forward single F F #
real_attrib-name_attrib-gen-attrib $-1 -1 $104 $44 $1 2 1 1 1 1 1 1 1 1 1 1 1 1 1 0 1 1 1 @17 FEM_mesh_interior 1 #
face $105 -1 -1 $-1 $106 $107 $47 $-1 $108 forward single F F #
real_attrib-name_attrib-gen-attrib $-1 -1 $109 $48 $2 2 1 1 1 1 1 1 1 1 1 1 1 1 1 0 1 1 1 @17 FEM_mesh_interior 0 #
face $110 -1 -1 $-1 $111 $112 $51 $-1 $113 forward single F F #
real_attrib-name_attrib-gen-attrib $-1 -1 $114 $52 $3 2 1 1 1 1 1 1 1 1 1 1 1 1 1 0 1 1 1 @17 FEM_mesh_interior 0 #
face $115 -1 -1 $-1 $116 $117 $55 $-1 $118 forward single F F #
real_attrib-name_attrib-gen-attrib $-1 -1 $119 $56 $4 2 1 1 1 1 1 1 1 1 1 1 1 1 1 0 1 1 1 @17 FEM_mesh_interior 0 #
face $120 -1 -1 $-1 $121 $122 $59 $-1 $123 forward single F F #
real_attrib-name_attrib-gen-attrib $-1 -1 $124 $60 $5 2 1 1 1 1 1 1 1 1 1 1 1 1 1 0 1 1 1 @17 FEM_mesh_interior 0 #
face $125 -1 -1 $-1 $126 $127 $63 $-1 $128 forward single F F #
real_attrib-name_attrib-gen-attrib $-1 -1 $129 $64 $6 2 1 1 1 1 1 1 1 1 1 1 1 1 1 0 1 1 1 @17 FEM_mesh_interior 0 #
face $130 -1 -1 $-1 $131 $132 $67 $-1 $133 forward single F F #
real_attrib-name_attrib-gen-attrib $-1 -1 $134 $68 $7 2 1 1 1 1 1 1 1 1 1 1 1 1 1 0 1 1 1 @17 FEM_mesh_interior 0 #
face $135 -1 -1 $-1 $136 $137 $71 $-1 $138 forward single F F #
real_attrib-name_attrib-gen-attrib $-1 -1 $139 $72 $8 2 1 1 1 1 1 1 1 1 1 1 1 1 1 0 1 1 1 @17 FEM_mesh_interior 0 #
face $140 -1 -1 $-1 $-1 $141 $75 $-1 $142 reversed double out F F #
real_attrib-name_attrib-gen-attrib $-1 -1 $143 $76 $9 2 1 1 1 1 1 1 1 1 1 1 1 1 1 0 1 1 1 @17 FEM_mesh_interior 1 #
face $-1 -1 -1 $-1 $144 $145 $78 $-1 $146 forward single F F #
integer_attrib-name_attrib-gen-attrib $-1 -1 $147 $79 $0 2 1 1 1 1 1 1 1 1 1 1 1 1 1 0 1 1 1 @11 FEM_layerId -1 #
fbm_tag-tag-sys-attrib $-1 -1 $-1 $-1 $80 2 1 2 1 1 1 3 1 1 1 1 1 1 1 0 1 1 1 origin_live $80 @14 [face_3#face3] #
face $148 -1 -1 $-1 $149 $150 $43 $-1 $151 reversed single F F #
loop $-1 -1 -1 $-1 $-1 $152 $80 T -14.200000000000001 -13.125000000000002 11.353999999999999 14.200000000000001 13.125000000000002 11.353999999999999 unknown #
plane-surface $-1 -1 -1 $-1 0 0 11.353999999999999 0 0 1 1 0 0 forward_v I I I I #
integer_attrib-name_attrib-gen-attrib $-1 -1 $153 $81 $1 2 1 1 1 1 1 1 1 1 1 1 1 1 1 0 1 1 1 @11 FEM_layerId -1 #
fbm_tag-tag-sys-attrib $-1 -1 $-1 $-1 $82 2 1 2 1 1 1 3 1 1 1 1 1 1 1 0 1 1 1 origin_live $82 @48 [face:Extrude(lateral,edge2,extrude_path)#face4] #
face $154 -1 -1 $-1 $155 $156 $47 $-1 $157 forward single F F #
loop $-1 -1 -1 $-1 $-1 $158 $82 T -7.7750000000000004 13.125000000000002 0 20.625 13.125000000000002 1.3200000000000001 unknown #
plane-surface $-1 -1 -1 $-1 6.4250000000000007 13.125000000000002 0 0 1 -0 -1 0 0 forward_v I I I I #
integer_attrib-name_attrib-gen-attrib $-1 -1 $159 $83 $2 2 1 1 1 1 1 1 1 1 1 1 1 1 1 0 1 1 1 @11 FEM_layerId -1 #
fbm_tag-tag-sys-attrib $-1 -1 $-1 $-1 $84 2 1 2 1 1 1 3 1 1 1 1 1 1 1 0 1 1 1 origin_live $111 @62 [face:ThickenSheet(tweak,face:ThickenSheet(copy,face0))#face5] #
face $160 -1 -1 $-1 $161 $162 $51 $-1 $163 reversed single F F #
loop $-1 -1 -1 $-1 $-1 $164 $84 T -4.2999999999999998 -5.7999999999999998 0.017000000000000088 6.1978 -0.5 0.017000000000000088 unknown #
plane-surface $-1 -1 -1 $-1 0.98118705353518032 -3.6841500997127392 0.017000000000000088 0 0 1 1 0 0 forward_v I I I I #
integer_attrib-name_attrib-gen-attrib $-1 -1 $165 $85 $3 2 1 1 1 1 1 1 1 1 1 1 1 1 1 0 1 1 1 @11 FEM_layerId -1 #
fbm_tag-tag-sys-attrib $-1 -1 $-1 $-1 $86 2 1 2 1 1 1 3 1 1 1 1 1 1 1 0 1 1 1 origin_live $116 @62 [face:ThickenSheet(tweak,face:ThickenSheet(copy,face0))#face5] #
face $166 -1 -1 $-1 $167 $168 $55 $-1 $169 reversed single F F #
loop $-1 -1 -1 $-1 $-1 $170 $86 T -4.2999999999999998 1.7 0.017000000000000088 6.1978 7 0.017000000000000088 unknown #
plane-surface $-1 -1 -1 $-1 0.98564434217026875 4.8810746884274057 0.017000000000000088 0 0 1 1 0 0 forward_v I I I I #
integer_attrib-name_attrib-gen-attrib $-1 -1 $171 $87 $4 2 1 1 1 1 1 1 1 1 1 1 1 1 1 0 1 1 1 @11 FEM_layerId -1 #
fbm_tag-tag-sys-attrib $-1 -1 $-1 $-1 $88 2 1 2 1 1 1 3 1 1 1 1 1 1 1 0 1 1 1 origin_live $121 @62 [face:ThickenSheet(tweak,face:ThickenSheet(copy,face0))#face4] #
face $172 -1 -1 $-1 $173 $174 $59 $-1 $175 reversed single F F #
loop $-1 -1 -1 $-1 $-1 $176 $88 T -4.25 -5.7670000000000003 0.017000000000000088 7.8978000000000002 6.9499999999999993 0.017000000000000088 unknown #
plane-surface $-1 -1 -1 $-1 3.5004240643015478 0.59652374984182133 0.017000000000000088 0 0 1 1 0 0 forward_v I I I I #
integer_attrib-name_attrib-gen-attrib $-1 -1 $177 $89 $5 2 1 1 1 1 1 1 1 1 1 1 1 1 1 0 1 1 1 @11 FEM_layerId -1 #
fbm_tag-tag-sys-attrib $-1 -1 $-1 $-1 $90 2 1 2 1 1 1 3 1 1 1 1 1 1 1 0 1 1 1 origin_live $126 @63 [face:ThickenSheet(tweak,face:ThickenSheet(copy,face0))#face13] #
face $178 -1 -1 $-1 $179 $180 $63 $-1 $181 reversed single F F #
loop $-1 -1 -1 $-1 $-1 $182 $90 T -1.1499999999999999 -2.5982000000000003 0.017000000000000088 4.0015000000000001 3.7982 0.017000000000000088 unknown #
plane-surface $-1 -1 -1 $-1 1.4749611384440469 0.60000000000000031 0.017000000000000088 0 0 1 1 0 0 forward_v I I I I #
integer_attrib-name_attrib-gen-attrib $-1 -1 $183 $91 $6 2 1 1 1 1 1 1 1 1 1 1 1 1 1 0 1 1 1 @11 FEM_layerId -1 #
fbm_tag-tag-sys-attrib $-1 -1 $-1 $-1 $92 2 1 2 1 1 1 3 1 1 1 1 1 1 1 0 1 1 1 origin_live $131 @62 [face:ThickenSheet(tweak,face:ThickenSheet(copy,face0))#face4] #
face $184 -1 -1 $-1 $185 $186 $67 $-1 $187 reversed single F F #
loop $-1 -1 -1 $-1 $-1 $188 $92 T 7.6134000000000004 -5.7999999999999998 0.017000000000000088 9.0999999999999996 7.0000000000000009 0.017000000000000088 unknown #
plane-surface $-1 -1 -1 $-1 8.6958479227062391 0.5996961674753003 0.017000000000000088 0 0 1 1 0 0 forward_v I I I I #
integer_attrib-name_attrib-gen-attrib $-1 -1 $189 $93 $7 2 1 1 1 1 1 1 1 1 1 1 1 1 1 0 1 1 1 @11 FEM_layerId -1 #
fbm_tag-tag-sys-attrib $-1 -1 $-1 $-1 $94 2 1 2 1 1 1 3 1 1 1 1 1 1 1 0 1 1 1 origin_live $94 @48 [face:Extrude(lateral,edge0,extrude_path)#face1] #
face $190 -1 -1 $-1 $191 $192 $71 $-1 $193 forward single F F #
loop $-1 -1 -1 $-1 $-1 $194 $94 T -4.6499999999999995 -10 -0.010000000000000026 17.5 -10 0 unknown #
plane-surface $-1 -1 -1 $-1 6.4249999999999998 -10 0 0 -1 0 -1 -0 -0 forward_v I I I I #
integer_attrib-name_attrib-gen-attrib $-1 -1 $195 $95 $8 2 1 1 1 1 1 1 1 1 1 1 1 1 1 0 1 1 1 @11 FEM_layerId -1 #
fbm_tag-tag-sys-attrib $-1 -1 $-1 $-1 $96 2 1 2 1 1 1 3 1 1 1 1 1 1 1 0 1 1 1 origin_live $96 @31 [face:Sheet Body(cover0)#face0] #
loop $-1 -1 -1 $-1 $-1 $196 $96 T -7.7750000000000004 -13.125000000000002 0 20.625 13.125000000000002 0 unknown #
plane-surface $-1 -1 -1 $-1 6.4249999999999989 0 0 0 0 -1 1 0 -0 reverse_v I I I I #
integer_attrib-name_attrib-gen-attrib $-1 -1 $197 $97 $9 2 1 1 1 1 1 1 1 1 1 1 1 1 1 0 1 1 1 @11 FEM_cbMatId 0 #
face $-1 -1 -1 $-1 $198 $199 $78 $-1 $200 reversed single F F #
loop $-1 -1 -1 $-1 $-1 $201 $98 F unknown #
plane-surface $-1 -1 -1 $-1 0 0 5.6769999999999996 0 0 1 1 0 0 forward_v I I I I #
integer_attrib-name_attrib-gen-attrib $-1 -1 $202 $99 $0 2 1 1 1 1 1 1 1 1 1 1 1 1 1 0 1 1 1 @18 FEM_ltdLayerNumber -1 #
fbm_tag-tag-sys-attrib $-1 -1 $-1 $-1 $101 2 1 2 1 1 1 3 1 1 1 1 1 1 1 0 1 1 1 origin_live $101 @14 [face_0#face0] #
face $203 -1 -1 $-1 $204 $205 $43 $-1 $206 reversed single F F #
loop $-1 -1 -1 $-1 $-1 $207 $101 T -14.200000000000001 -13.125000000000002 0 14.200000000000001 13.125000000000002 0 unknown #
plane-surface $-1 -1 -1 $-1 0 0 0 0 0 1 1 0 0 forward_v I I I I #
coedge $-1 -1 -1 $-1 $208 $209 $210 $211 forward $102 $-1 #
integer_attrib-name_attrib-gen-attrib $-1 -1 $212 $104 $1 2 1 1 1 1 1 1 1 1 1 1 1 1 1 0 1 1 1 @18 FEM_ltdLayerNumber -1 #
fbm_tag-tag-sys-attrib $-1 -1 $-1 $-1 $106 2 1 2 1 1 1 3 1 1 1 1 1 1 1 0 1 1 1 origin_live $106 @48 [face:Extrude(lateral,edge1,extrude_path)#face3] #
face $213 -1 -1 $-1 $214 $215 $47 $-1 $216 forward single F F #
loop $-1 -1 -1 $-1 $-1 $217 $106 T 20.625 -13.125000000000002 0 20.625 13.125000000000002 1.3200000000000001 unknown #
plane-surface $-1 -1 -1 $-1 20.625 0 0 1 0 0 0 1 0 forward_v I I I I #
coedge $-1 -1 -1 $-1 $218 $219 $220 $221 forward $107 $-1 #
integer_attrib-name_attrib-gen-attrib $-1 -1 $222 $109 $2 2 1 1 1 1 1 1 1 1 1 1 1 1 1 0 1 1 1 @18 FEM_ltdLayerNumber 1 #
fbm_tag-tag-sys-attrib $-1 -1 $-1 $-1 $111 2 1 2 1 1 1 3 1 1 1 1 1 1 1 0 1 1 1 origin_live $111 @13 [face0#face0] #
face $223 -1 -1 $-1 $224 $225 $51 $-1 $226 forward single F F #
loop $-1 -1 -1 $-1 $-1 $227 $111 T -4.2999999999999998 -5.7999999999999998 0 6.1978 -0.5 0 unknown #
plane-surface $-1 -1 -1 $-1 0.98118705353518032 -3.6841500997127392 0 0 0 1 1 0 0 forward_v I I I I #
coedge $-1 -1 -1 $-1 $228 $229 $230 $231 forward $112 $-1 #
integer_attrib-name_attrib-gen-attrib $-1 -1 $232 $114 $3 2 1 1 1 1 1 1 1 1 1 1 1 1 1 0 1 1 1 @18 FEM_ltdLayerNumber 1 #
fbm_tag-tag-sys-attrib $-1 -1 $-1 $-1 $116 2 1 2 1 1 1 3 1 1 1 1 1 1 1 0 1 1 1 origin_live $116 @13 [face0#face0] #
face $233 -1 -1 $-1 $234 $235 $55 $-1 $236 forward single F F #
loop $-1 -1 -1 $-1 $-1 $237 $116 T -4.2999999999999998 1.7 0 6.1978 7 0 unknown #
plane-surface $-1 -1 -1 $-1 0.98564434217026875 4.8810746884274057 0 0 0 1 1 0 0 forward_v I I I I #
coedge $-1 -1 -1 $-1 $238 $239 $240 $241 forward $117 $-1 #
integer_attrib-name_attrib-gen-attrib $-1 -1 $242 $119 $4 2 1 1 1 1 1 1 1 1 1 1 1 1 1 0 1 1 1 @18 FEM_ltdLayerNumber 1 #
fbm_tag-tag-sys-attrib $-1 -1 $-1 $-1 $121 2 1 2 1 1 1 3 1 1 1 1 1 1 1 0 1 1 1 origin_live $121 @13 [face0#face0] #
face $243 -1 -1 $-1 $244 $245 $59 $-1 $246 forward single F F #
loop $-1 -1 -1 $-1 $-1 $247 $121 T -4.25 -5.7670000000000003 0 7.8978000000000002 6.9499999999999993 0 unknown #
plane-surface $-1 -1 -1 $-1 3.5004240643015478 0.59652374984182133 0 0 0 1 1 0 0 forward_v I I I I #
coedge $-1 -1 -1 $-1 $248 $249 $250 $251 forward $122 $-1 #
integer_attrib-name_attrib-gen-attrib $-1 -1 $252 $124 $5 2 1 1 1 1 1 1 1 1 1 1 1 1 1 0 1 1 1 @18 FEM_ltdLayerNumber 1 #
fbm_tag-tag-sys-attrib $-1 -1 $-1 $-1 $126 2 1 2 1 1 1 3 1 1 1 1 1 1 1 0 1 1 1 origin_live $126 @13 [face0#face0] #
face $253 -1 -1 $-1 $254 $255 $63 $-1 $256 forward single F F #
loop $-1 -1 -1 $-1 $-1 $257 $126 T -1.1499999999999999 -2.5982000000000003 0 4.0015000000000001 3.7982 0 unknown #
plane-surface $-1 -1 -1 $-1 1.4749611384440469 0.60000000000000031 0 0 0 1 1 0 0 forward_v I I I I #
coedge $-1 -1 -1 $-1 $258 $259 $260 $261 forward $127 $-1 #
integer_attrib-name_attrib-gen-attrib $-1 -1 $262 $129 $6 2 1 1 1 1 1 1 1 1 1 1 1 1 1 0 1 1 1 @18 FEM_ltdLayerNumber 1 #
fbm_tag-tag-sys-attrib $-1 -1 $-1 $-1 $131 2 1 2 1 1 1 3 1 1 1 1 1 1 1 0 1 1 1 origin_live $131 @13 [face0#face0] #
face $263 -1 -1 $-1 $264 $265 $67 $-1 $266 forward single F F #
loop $-1 -1 -1 $-1 $-1 $267 $131 T 7.6134000000000004 -5.7999999999999998 0 9.0999999999999996 7.0000000000000009 0 unknown #
plane-surface $-1 -1 -1 $-1 8.6958479227062391 0.5996961674753003 0 0 0 1 1 0 0 forward_v I I I I #
coedge $-1 -1 -1 $-1 $268 $269 $270 $271 forward $132 $-1 #
integer_attrib-name_attrib-gen-attrib $-1 -1 $272 $134 $7 2 1 1 1 1 1 1 1 1 1 1 1 1 1 0 1 1 1 @18 FEM_ltdLayerNumber 40 #
fbm_tag-tag-sys-attrib $-1 -1 $-1 $-1 $136 2 1 2 1 1 1 3 1 1 1 1 1 1 1 0 1 1 1 origin_live $136 @48 [face:Extrude(lateral,edge1,extrude_path)#face4] #
face $273 -1 -1 $-1 $274 $275 $71 $-1 $276 forward single F F #
loop $-1 -1 -1 $-1 $-1 $277 $136 T 17.5 -10 -0.010000000000000026 17.5 10 0 unknown #
plane-surface $-1 -1 -1 $-1 17.5 0 0 1 -0 0 -0 -1 -0 forward_v I I I I #
coedge $-1 -1 -1 $-1 $278 $279 $280 $281 forward $137 $-1 #
integer_attrib-name_attrib-gen-attrib $-1 -1 $282 $139 $8 2 1 1 1 1 1 1 1 1 1 1 1 1 1 0 1 1 1 @18 FEM_ltdLayerNumber -1 #
coedge $-1 -1 -1 $-1 $283 $284 $-1 $285 forward $141 $-1 #
integer_attrib-name_attrib-gen-attrib $-1 -1 $-1 $143 $9 2 1 1 1 1 1 1 1 1 1 1 1 1 1 0 1 1 1 @8 FEM_bbId 1 #
face $-1 -1 -1 $-1 $286 $287 $78 $-1 $288 reversed single F F #
loop $-1 -1 -1 $-1 $-1 $289 $144 F unknown #
plane-surface $-1 -1 -1 $-1 0 0 -5.6769999999999996 0 0 1 1 0 0 forward_v I I I I #
coedge $-1 -1 -1 $-1 $290 $291 $292 $293 forward $145 $-1 #
integer_attrib-name_attrib-gen-attrib $-1 -1 $294 $147 $0 2 1 1 1 1 1 1 1 1 1 1 1 1 1 0 1 1 1 @11 FEM_cbMatId 2 #
fbm_tag-tag-sys-attrib $-1 -1 $-1 $-1 $149 2 1 2 1 1 1 3 1 1 1 1 1 1 1 0 1 1 1 origin_live $149 @14 [face_5#face5] #
face $295 -1 -1 $-1 $296 $297 $43 $-1 $298 reversed single F F #
loop $-1 -1 -1 $-1 $-1 $299 $149 T -14.200000000000001 -13.125000000000002 0 14.200000000000001 -13.125000000000002 11.353999999999999 unknown #
plane-surface $-1 -1 -1 $-1 0 -13.125000000000002 5.6769999999999996 0 1 0 0 0 1 forward_v I I I I #
coedge $-1 -1 -1 $-1 $300 $301 $302 $303 forward $150 $-1 #
coedge $-1 -1 -1 $-1 $304 $152 $305 $306 forward $102 $-1 #
coedge $-1 -1 -1 $-1 $152 $304 $307 $308 forward $102 $-1 #
coedge $-1 -1 -1 $-1 $309 $310 $152 $211 reversed $311 $-1 #
edge $312 -1 -1 $-1 $313 -13.125000000000002 $314 13.125000000000002 $210 $315 forward @7 unknown T 14.200000000000001 -13.125000000000002 11.353999999999999 14.200000000000001 13.125000000000002 11.353999999999999 #
integer_attrib-name_attrib-gen-attrib $-1 -1 $316 $153 $1 2 1 1 1 1 1 1 1 1 1 1 1 1 1 0 1 1 1 @11 FEM_cbMatId 6 #
fbm_tag-tag-sys-attrib $-1 -1 $-1 $-1 $155 2 1 2 1 1 1 3 1 1 1 1 1 1 1 0 1 1 1 origin_live $155 @48 [face:Extrude(lateral,edge0,extrude_path)#face0] #
face $317 -1 -1 $-1 $318 $319 $47 $-1 $320 forward single F F #
loop $-1 -1 -1 $-1 $-1 $321 $155 T -7.7750000000000004 -13.125000000000002 0 20.625 -13.125000000000002 1.3200000000000001 unknown #
plane-surface $-1 -1 -1 $-1 6.4249999999999989 -13.125000000000002 0 0 -1 0 1 0 0 forward_v I I I I #
coedge $-1 -1 -1 $-1 $322 $323 $324 $325 forward $156 $-1 #
coedge $-1 -1 -1 $-1 $326 $158 $323 $327 reversed $107 $-1 #
coedge $-1 -1 -1 $-1 $158 $326 $328 $329 forward $107 $-1 #
coedge $-1 -1 -1 $-1 $330 $324 $158 $221 reversed $331 $-1 #
edge $332 -1 -1 $-1 $333 -28.399999999999999 $334 0 $158 $335 forward @7 unknown T -7.7750000000000004 13.125000000000002 1.3200000000000001 20.625 13.125000000000002 1.3200000000000001 #
integer_attrib-name_attrib-gen-attrib $-1 -1 $336 $159 $2 2 1 1 1 1 1 1 1 1 1 1 1 1 1 0 1 1 1 @11 FEM_cbMatId 3 #
fbm_tag-tag-sys-attrib $-1 -1 $-1 $-1 $161 2 1 2 1 1 1 3 1 1 1 1 1 1 1 0 1 1 1 origin_live $161 @67 [face:ThickenSheet(tweak,face:ThickenSheet(split_gap,edge0))#face1] #
face $337 -1 -1 $-1 $338 $339 $51 $-1 $340 forward single F F #
loop $-1 -1 -1 $-1 $-1 $230 $161 T -4.2999999999999998 -5.7999999999999998 0 6.1945999999999986 -5.7999999999999998 0.017000000000000088 unknown #
plane-surface $-1 -1 -1 $-1 0.94729999999999936 -5.7999999999999998 0 -0 -1 -0 0 0 -1 forward_v I I I I #
coedge $-1 -1 -1 $-1 $341 $342 $343 $344 reversed $162 $-1 #
coedge $-1 -1 -1 $-1 $345 $164 $346 $347 forward $112 $-1 #
coedge $-1 -1 -1 $-1 $164 $348 $349 $350 forward $112 $-1 #
coedge $-1 -1 -1 $-1 $351 $352 $164 $231 reversed $225 $-1 #
edge $353 -1 -1 $-1 $354 0 $355 10.494599999999998 $164 $356 forward @7 unknown T -4.2999999999999998 -5.7999999999999998 0.017000000000000088 6.1945999999999986 -5.7999999999999998 0.017000000000000088 #
integer_attrib-name_attrib-gen-attrib $-1 -1 $357 $165 $3 2 1 1 1 1 1 1 1 1 1 1 1 1 1 0 1 1 1 @11 FEM_cbMatId 3 #
fbm_tag-tag-sys-attrib $-1 -1 $-1 $-1 $167 2 1 2 1 1 1 3 1 1 1 1 1 1 1 0 1 1 1 origin_live $167 @67 [face:ThickenSheet(tweak,face:ThickenSheet(split_gap,edge0))#face1] #
face $358 -1 -1 $-1 $359 $360 $55 $-1 $361 forward single F F #
loop $-1 -1 -1 $-1 $-1 $240 $167 T -4.2999999999999998 1.7 0 -2.7201 1.7 0.017000000000000088 unknown #
plane-surface $-1 -1 -1 $-1 -3.5100499999999997 1.7 0 -0 -1 -0 0 0 -1 forward_v I I I I #
coedge $-1 -1 -1 $-1 $362 $363 $364 $365 reversed $168 $-1 #
coedge $-1 -1 -1 $-1 $366 $170 $367 $368 forward $117 $-1 #
coedge $-1 -1 -1 $-1 $170 $369 $370 $371 forward $117 $-1 #
coedge $-1 -1 -1 $-1 $372 $373 $170 $241 reversed $235 $-1 #
edge $374 -1 -1 $-1 $375 0 $376 1.5798999999999999 $170 $377 forward @7 unknown T -4.2999999999999998 1.7 0.017000000000000088 -2.7201 1.7 0.017000000000000088 #
integer_attrib-name_attrib-gen-attrib $-1 -1 $378 $171 $4 2 1 1 1 1 1 1 1 1 1 1 1 1 1 0 1 1 1 @11 FEM_cbMatId 3 #
fbm_tag-tag-sys-attrib $-1 -1 $-1 $-1 $173 2 1 2 1 1 1 3 1 1 1 1 1 1 1 0 1 1 1 origin_live $173 @67 [face:ThickenSheet(tweak,face:ThickenSheet(split_gap,edge0))#face1] #
face $379 -1 -1 $-1 $380 $381 $59 $-1 $382 forward single F F #
loop $-1 -1 -1 $-1 $-1 $250 $173 T -1.6499999999999999 0 0 -1.6499999999999999 1.2 0.017000000000000088 unknown #
plane-surface $-1 -1 -1 $-1 -1.6499999999999999 0.59999999999999998 0 1 -0 -0 0 0 -1 forward_v I I I I #
coedge $-1 -1 -1 $-1 $383 $384 $385 $386 reversed $174 $-1 #
coedge $-1 -1 -1 $-1 $387 $176 $388 $389 forward $122 $-1 #
coedge $-1 -1 -1 $-1 $176 $390 $391 $392 forward $122 $-1 #
coedge $-1 -1 -1 $-1 $393 $394 $176 $251 reversed $245 $-1 #
edge $395 -1 -1 $-1 $396 0 $397 1.2 $176 $398 forward @7 unknown T -1.6499999999999999 0 0.017000000000000088 -1.6499999999999999 1.2 0.017000000000000088 #
integer_attrib-name_attrib-gen-attrib $-1 -1 $399 $177 $5 2 1 1 1 1 1 1 1 1 1 1 1 1 1 0 1 1 1 @11 FEM_cbMatId 3 #
fbm_tag-tag-sys-attrib $-1 -1 $-1 $-1 $179 2 1 2 1 1 1 3 1 1 1 1 1 1 1 0 1 1 1 origin_live $179 @67 [face:ThickenSheet(tweak,face:ThickenSheet(split_gap,edge0))#face1] #
face $400 -1 -1 $-1 $401 $402 $63 $-1 $403 forward single F F #
loop $-1 -1 -1 $-1 $-1 $260 $179 T 3.8500000000000001 -0.5 0 3.8500000000000001 1.7000000000000002 0.017000000000000088 unknown #
plane-surface $-1 -1 -1 $-1 3.8500000000000001 0.60000000000000009 0 1 -0 -0 0 0 -1 forward_v I I I I #
coedge $-1 -1 -1 $-1 $404 $405 $406 $407 reversed $180 $-1 #
coedge $-1 -1 -1 $-1 $408 $182 $409 $410 forward $127 $-1 #
coedge $-1 -1 -1 $-1 $182 $411 $412 $413 forward $127 $-1 #
coedge $-1 -1 -1 $-1 $414 $415 $182 $261 reversed $255 $-1 #
edge $416 -1 -1 $-1 $417 0 $418 2.2000000000000002 $182 $419 forward @7 unknown T 3.8500000000000001 -0.5 0.017000000000000088 3.8500000000000001 1.7000000000000002 0.017000000000000088 #
integer_attrib-name_attrib-gen-attrib $-1 -1 $420 $183 $6 2 1 1 1 1 1 1 1 1 1 1 1 1 1 0 1 1 1 @11 FEM_cbMatId 3 #
fbm_tag-tag-sys-attrib $-1 -1 $-1 $-1 $185 2 1 2 1 1 1 3 1 1 1 1 1 1 1 0 1 1 1 origin_live $185 @67 [face:ThickenSheet(tweak,face:ThickenSheet(split_gap,edge0))#face1] #
face $421 -1 -1 $-1 $422 $423 $67 $-1 $424 forward single F F #
loop $-1 -1 -1 $-1 $-1 $270 $185 T 8.3946000000000005 -5.7999999999999998 0 8.3978000000000002 -0.3629 0.017000000000000088 unknown #
plane-surface $-1 -1 -1 $-1 8.3962000000000003 -3.0814500000000002 0 -0.99999982680505717 0.00058854894075441517 -0 -0 0 1 forward_v I I I I #
coedge $-1 -1 -1 $-1 $425 $426 $427 $428 reversed $186 $-1 #
coedge $-1 -1 -1 $-1 $429 $188 $430 $431 forward $132 $-1 #
coedge $-1 -1 -1 $-1 $188 $432 $433 $434 forward $132 $-1 #
coedge $-1 -1 -1 $-1 $435 $436 $188 $271 reversed $265 $-1 #
edge $437 -1 -1 $-1 $438 0 $439 5.4371009416783869 $188 $440 forward @7 unknown T 8.3946000000000005 -5.7999999999999998 0.017000000000000088 8.3978000000000002 -0.3629 0.017000000000000088 #
integer_attrib-name_attrib-gen-attrib $-1 -1 $441 $189 $7 2 1 1 1 1 1 1 1 1 1 1 1 1 1 0 1 1 1 @11 FEM_cbMatId 4 #
fbm_tag-tag-sys-attrib $-1 -1 $-1 $-1 $191 2 1 2 1 1 1 3 1 1 1 1 1 1 1 0 1 1 1 origin_live $191 @48 [face:Extrude(lateral,edge2,extrude_path)#face3] #
face $442 -1 -1 $-1 $443 $444 $71 $-1 $445 forward single F F #
loop $-1 -1 -1 $-1 $-1 $446 $191 T -4.6499999999999995 10 -0.010000000000000026 17.5 10 0 unknown #
plane-surface $-1 -1 -1 $-1 6.4250000000000007 10 0 0 1 0 1 -0 -0 forward_v I I I I #
coedge $-1 -1 -1 $-1 $447 $448 $449 $450 forward $192 $-1 #
coedge $-1 -1 -1 $-1 $451 $194 $448 $452 reversed $137 $-1 #
coedge $-1 -1 -1 $-1 $194 $451 $453 $454 forward $137 $-1 #
coedge $-1 -1 -1 $-1 $455 $449 $194 $281 reversed $456 $-1 #
edge $457 -1 -1 $-1 $458 0 $459 22.149999999999999 $194 $460 forward @7 unknown T -4.6499999999999995 -10 -0.010000000000000026 17.5 -10 -0.010000000000000026 #
integer_attrib-name_attrib-gen-attrib $-1 -1 $461 $195 $8 2 1 1 1 1 1 1 1 1 1 1 1 1 1 0 1 1 1 @11 FEM_cbMatId 5 #
coedge $-1 -1 -1 $-1 $462 $196 $-1 $463 forward $141 $-1 #
coedge $-1 -1 -1 $-1 $196 $462 $-1 $464 forward $141 $-1 #
edge $465 -1 -1 $-1 $466 0 $467 26.250000000000004 $196 $468 forward @7 unknown T -7.7750000000000004 -13.125000000000002 0 -7.7750000000000004 13.125000000000002 0 #
face $-1 -1 -1 $-1 $469 $470 $78 $-1 $471 reversed single F F #
loop $-1 -1 -1 $-1 $-1 $472 $198 F unknown #
plane-surface $-1 -1 -1 $-1 0 -13.125000000000002 0 0 1 -0 -0 0 1 forward_v I I I I #
coedge $-1 -1 -1 $-1 $473 $474 $475 $476 forward $199 $-1 #
coedge $-1 -1 -1 $-1 $477 $201 $478 $479 forward $145 $-1 #
coedge $-1 -1 -1 $-1 $201 $477 $480 $481 forward $145 $-1 #
coedge $-1 -1 -1 $-1 $482 $483 $201 $293 reversed $484 $-1 #
edge $-1 -1 -1 $-1 $485 -13.125000000000002 $486 13.125000000000002 $292 $487 forward @7 unknown F #
real_attrib-name_attrib-gen-attrib $-1 -1 $488 $202 $0 2 1 1 1 1 1 1 1 1 1 1 1 1 1 0 1 1 1 @12 FEM_epsilonR 1 #
fbm_tag-tag-sys-attrib $-1 -1 $-1 $-1 $204 2 1 2 1 1 1 3 1 1 1 1 1 1 1 0 1 1 1 origin_live $204 @14 [face_1#face1] #
face $489 -1 -1 $-1 $490 $491 $43 $-1 $492 reversed single F F #
loop $-1 -1 -1 $-1 $-1 $493 $204 T -14.200000000000001 -13.125000000000002 0 -14.200000000000001 13.125000000000002 11.353999999999999 unknown #
plane-surface $-1 -1 -1 $-1 -14.200000000000001 0 5.6769999999999996 1 0 0 0 0 -1 forward_v I I I I #
coedge $-1 -1 -1 $-1 $494 $307 $495 $496 forward $205 $-1 #
coedge $-1 -1 -1 $-1 $497 $207 $494 $498 forward $150 $-1 #
coedge $-1 -1 -1 $-1 $207 $497 $499 $500 forward $150 $-1 #
coedge $-1 -1 -1 $-1 $310 $309 $207 $303 reversed $311 $-1 #
edge $501 -1 -1 $-1 $502 -13.125000000000002 $503 13.125000000000002 $302 $504 forward @7 unknown T 14.200000000000001 -13.125000000000002 0 14.200000000000001 13.125000000000002 0 #
coedge $-1 -1 -1 $-1 $209 $208 $505 $506 forward $102 $-1 #
coedge $-1 -1 -1 $-1 $507 $508 $208 $306 reversed $491 $-1 #
edge $509 -1 -1 $-1 $314 -14.200000000000001 $510 14.200000000000001 $305 $511 forward @7 unknown T -14.200000000000001 13.125000000000002 11.353999999999999 14.200000000000001 13.125000000000002 11.353999999999999 #
coedge $-1 -1 -1 $-1 $299 $512 $209 $308 reversed $205 $-1 #
edge $513 -1 -1 $-1 $514 -14.200000000000001 $313 14.200000000000001 $307 $515 forward @7 unknown T -14.200000000000001 -13.125000000000002 11.353999999999999 14.200000000000001 -13.125000000000002 11.353999999999999 #
coedge $-1 -1 -1 $-1 $302 $210 $512 $516 forward $311 $-1 #
coedge $-1 -1 -1 $-1 $210 $302 $507 $517 reversed $311 $-1 #
loop $-1 -1 -1 $-1 $-1 $309 $490 T 14.200000000000001 -13.125000000000002 0 14.200000000000001 13.125000000000002 11.353999999999999 unknown #
fbm_tag-tag-sys-attrib $-1 -1 $-1 $-1 $211 2 1 2 1 1 1 3 1 1 1 1 1 1 1 0 1 1 1 origin_live $211 @14 [edge_9#edge9] #
vertex $518 -1 -1 $-1 $211 $519 #
vertex $520 -1 -1 $-1 $211 $521 #
straight-curve $-1 -1 -1 $-1 14.200000000000001 0 11.353999999999999 0 1 0 I I #
real_attrib-name_attrib-gen-attrib $-1 -1 $522 $212 $1 2 1 1 1 1 1 1 1 1 1 1 1 1 1 0 1 1 1 @12 FEM_epsilonR 4.5999999999999996 #
fbm_tag-tag-sys-attrib $-1 -1 $-1 $-1 $214 2 1 2 1 1 1 3 1 1 1 1 1 1 1 0 1 1 1 origin_live $214 @48 [face:Extrude(lateral,edge3,extrude_path)#face5] #
face $523 -1 -1 $-1 $524 $331 $47 $-1 $525 forward single F F #
loop $-1 -1 -1 $-1 $-1 $526 $214 T -7.7750000000000004 -13.125000000000002 0 -7.7750000000000004 13.125000000000002 1.3200000000000001 unknown #
plane-surface $-1 -1 -1 $-1 -7.7750000000000004 0 0 -1 0 0 0 -1 0 forward_v I I I I #
coedge $-1 -1 -1 $-1 $527 $528 $529 $530 forward $215 $-1 #
coedge $-1 -1 -1 $-1 $531 $217 $528 $532 reversed $156 $-1 #
coedge $-1 -1 -1 $-1 $217 $531 $218 $327 forward $156 $-1 #
coedge $-1 -1 -1 $-1 $220 $529 $217 $325 reversed $331 $-1 #
edge $533 -1 -1 $-1 $334 -26.250000000000004 $534 -0 $217 $535 forward @7 unknown T 20.625 -13.125000000000002 1.3200000000000001 20.625 13.125000000000002 1.3200000000000001 #
coedge $-1 -1 -1 $-1 $219 $218 $536 $537 forward $107 $-1 #
edge $538 -1 -1 $-1 $539 0 $334 1.3200000000000001 $323 $540 forward @7 unknown T 20.625 13.125000000000002 0 20.625 13.125000000000002 1.3200000000000001 #
coedge $-1 -1 -1 $-1 $541 $526 $219 $329 reversed $319 $-1 #
edge $542 -1 -1 $-1 $543 0 $333 1.3200000000000001 $219 $544 forward @7 unknown T -7.7750000000000004 13.125000000000002 0 -7.7750000000000004 13.125000000000002 1.3200000000000001 #
coedge $-1 -1 -1 $-1 $529 $220 $526 $545 reversed $331 $-1 #
loop $-1 -1 -1 $-1 $-1 $220 $318 T -7.7750000000000004 -13.125000000000002 1.3200000000000001 20.625 13.125000000000002 1.3200000000000001 unknown #
fbm_tag-tag-sys-attrib $-1 -1 $-1 $-1 $221 2 1 2 1 1 1 3 1 1 1 1 1 1 1 0 1 1 1 origin_live $221 @44 [edge:Extrude(top,edge2,extrude_path)#edge9] #
vertex $546 -1 -1 $-1 $329 $547 #
vertex $548 -1 -1 $-1 $327 $549 #
straight-curve $-1 -1 -1 $-1 20.625 13.125000000000002 1.3200000000000001 1 0 0 I I #
real_attrib-name_attrib-gen-attrib $-1 -1 $550 $222 $2 2 1 1 1 1 1 1 1 1 1 1 1 1 1 0 1 1 1 @12 FEM_epsilonR 1 #
fbm_tag-tag-sys-attrib $-1 -1 $-1 $-1 $224 2 1 2 1 1 1 3 1 1 1 1 1 1 1 0 1 1 1 origin_live $224 @67 [face:ThickenSheet(tweak,face:ThickenSheet(split_gap,edge1))#face7] #
face $551 -1 -1 $-1 $552 $553 $51 $-1 $554 forward single F F #
loop $-1 -1 -1 $-1 $-1 $346 $224 T 6.1945999999999986 -5.7999999999999998 0 6.1978 -0.59999999999999964 0.017000000000000088 unknown #
plane-surface $-1 -1 -1 $-1 6.1961999999999993 -3.1999999999999997 0 0.99999981065094135 -0.0006153844988622207 -0 0 0 -1 forward_v I I I I #
coedge $-1 -1 -1 $-1 $555 $227 $556 $557 reversed $162 $-1 #
coedge $-1 -1 -1 $-1 $227 $558 $559 $560 reversed $162 $-1 #
coedge $-1 -1 -1 $-1 $352 $351 $227 $344 forward $225 $-1 #
edge $561 -1 -1 $-1 $562 0 $563 10.494599999999998 $227 $564 forward @7 unknown T -4.2999999999999998 -5.7999999999999998 0 6.1945999999999986 -5.7999999999999998 0 #
coedge $-1 -1 -1 $-1 $565 $228 $566 $567 forward $112 $-1 #
coedge $-1 -1 -1 $-1 $568 $569 $228 $347 reversed $339 $-1 #
edge $570 -1 -1 $-1 $355 -5.465712317074007e-19 $571 5.2000009846152917 $228 $572 forward @7 unknown T 6.1945999999999986 -5.7999999999999998 0.017000000000000088 6.1978 -0.59999999999999964 0.017000000000000088 #
coedge $-1 -1 -1 $-1 $229 $573 $574 $575 forward $112 $-1 #
coedge $-1 -1 -1 $-1 $576 $577 $229 $350 reversed $578 $-1 #
edge $579 -1 -1 $-1 $580 0 $354 5.2999999999999998 $229 $581 forward @7 unknown T -4.2999999999999998 -5.7999999999999998 0.017000000000000088 -4.2999999999999998 -0.5 0.017000000000000088 #
coedge $-1 -1 -1 $-1 $343 $230 $577 $582 reversed $225 $-1 #
coedge $-1 -1 -1 $-1 $230 $343 $568 $583 reversed $225 $-1 #
fbm_tag-tag-sys-attrib $-1 -1 $-1 $-1 $231 2 1 2 1 1 1 3 1 1 1 1 1 1 1 0 1 1 1 origin_live $231 @43 [edge:ThickenSheet(split_new,edge0)#edge24] #
vertex $584 -1 -1 $-1 $231 $585 #
vertex $586 -1 -1 $-1 $347 $587 #
straight-curve $-1 -1 -1 $-1 -4.2999999999999998 -5.7999999999999998 0.017000000000000088 1 0 0 I I #
real_attrib-name_attrib-gen-attrib $-1 -1 $588 $232 $3 2 1 1 1 1 1 1 1 1 1 1 1 1 1 0 1 1 1 @12 FEM_epsilonR 1 #
fbm_tag-tag-sys-attrib $-1 -1 $-1 $-1 $234 2 1 2 1 1 1 3 1 1 1 1 1 1 1 0 1 1 1 origin_live $234 @67 [face:ThickenSheet(tweak,face:ThickenSheet(split_gap,edge1))#face7] #
face $589 -1 -1 $-1 $590 $591 $55 $-1 $592 forward single F F #
loop $-1 -1 -1 $-1 $-1 $367 $234 T -2.7201 1.7 0 -2.0381 3.5395000000000003 0.017000000000000088 unknown #
plane-surface $-1 -1 -1 $-1 -2.3791000000000002 2.6197500000000002 0 0.93763188378992457 -0.34762976066579421 -0 0 0 -1 forward_v I I I I #
coedge $-1 -1 -1 $-1 $593 $237 $594 $595 reversed $168 $-1 #
coedge $-1 -1 -1 $-1 $237 $596 $597 $598 reversed $168 $-1 #
coedge $-1 -1 -1 $-1 $373 $372 $237 $365 forward $235 $-1 #
edge $599 -1 -1 $-1 $600 0 $601 1.5798999999999999 $237 $602 forward @7 unknown T -4.2999999999999998 1.7 0 -2.7201 1.7 0 #
coedge $-1 -1 -1 $-1 $603 $238 $604 $605 forward $117 $-1 #
coedge $-1 -1 -1 $-1 $606 $607 $238 $368 reversed $360 $-1 #
edge $608 -1 -1 $-1 $376 0 $609 1.9618573470056382 $238 $610 forward @7 unknown T -2.7201 1.7 0.017000000000000088 -2.0381 3.5395000000000003 0.017000000000000088 #
coedge $-1 -1 -1 $-1 $239 $611 $612 $613 forward $117 $-1 #
coedge $-1 -1 -1 $-1 $614 $615 $239 $371 reversed $616 $-1 #
edge $617 -1 -1 $-1 $618 0 $375 5.2999999999999998 $239 $619 forward @7 unknown T -4.2999999999999998 1.7 0.017000000000000088 -4.2999999999999989 7 0.017000000000000088 #
coedge $-1 -1 -1 $-1 $364 $240 $615 $620 reversed $235 $-1 #
coedge $-1 -1 -1 $-1 $240 $364 $606 $621 reversed $235 $-1 #
fbm_tag-tag-sys-attrib $-1 -1 $-1 $-1 $241 2 1 2 1 1 1 3 1 1 1 1 1 1 1 0 1 1 1 origin_live $241 @43 [edge:ThickenSheet(split_new,edge0)#edge24] #
vertex $622 -1 -1 $-1 $241 $623 #
vertex $624 -1 -1 $-1 $368 $625 #
straight-curve $-1 -1 -1 $-1 -4.2999999999999998 1.7 0.017000000000000088 1 0 0 I I #
real_attrib-name_attrib-gen-attrib $-1 -1 $626 $242 $4 2 1 1 1 1 1 1 1 1 1 1 1 1 1 0 1 1 1 @12 FEM_epsilonR 1 #
fbm_tag-tag-sys-attrib $-1 -1 $-1 $-1 $244 2 1 2 1 1 1 3 1 1 1 1 1 1 1 0 1 1 1 origin_live $244 @68 [face:ThickenSheet(tweak,face:ThickenSheet(split_gap,edge1))#face63] #
face $627 -1 -1 $-1 $628 $629 $59 $-1 $630 forward single F F #
loop $-1 -1 -1 $-1 $-1 $388 $244 T -1.6499999999999999 1.2 0 -1.6280000000000001 1.5691000000000002 0.017000000000000088 unknown #
plane-surface $-1 -1 -1 $-1 -1.639 1.3845499999999999 0 0.99822837430514355 -0.059498846477141577 -0 0 0 -1 forward_v I I I I #
coedge $-1 -1 -1 $-1 $631 $247 $632 $633 reversed $174 $-1 #
coedge $-1 -1 -1 $-1 $247 $634 $635 $636 reversed $174 $-1 #
coedge $-1 -1 -1 $-1 $394 $393 $247 $386 forward $245 $-1 #
edge $637 -1 -1 $-1 $638 0 $639 1.2 $247 $640 forward @7 unknown T -1.6499999999999999 0 0 -1.6499999999999999 1.2 0 #
coedge $-1 -1 -1 $-1 $641 $248 $642 $643 forward $122 $-1 #
coedge $-1 -1 -1 $-1 $644 $645 $248 $389 reversed $381 $-1 #
edge $646 -1 -1 $-1 $397 0 $647 0.36975506757852561 $248 $648 forward @7 unknown T -1.6499999999999999 1.2 0.017000000000000088 -1.6280000000000001 1.5691000000000002 0.017000000000000088 #
coedge $-1 -1 -1 $-1 $249 $649 $650 $651 forward $122 $-1 #
coedge $-1 -1 -1 $-1 $652 $653 $249 $392 reversed $654 $-1 #
edge $655 -1 -1 $-1 $656 5.5412806249385462e-17 $396 0.36975506757852561 $249 $657 forward @7 unknown T -1.6499999999999999 -0.36909999999999998 0.017000000000000088 -1.6280000000000001 0 0.017000000000000088 #
coedge $-1 -1 -1 $-1 $385 $250 $653 $658 reversed $245 $-1 #
coedge $-1 -1 -1 $-1 $250 $385 $644 $659 reversed $245 $-1 #
fbm_tag-tag-sys-attrib $-1 -1 $-1 $-1 $251 2 1 2 1 1 1 3 1 1 1 1 1 1 1 0 1 1 1 origin_live $251 @43 [edge:ThickenSheet(split_new,edge0)#edge88] #
vertex $660 -1 -1 $-1 $251 $661 #
vertex $662 -1 -1 $-1 $389 $663 #
straight-curve $-1 -1 -1 $-1 -1.6499999999999999 0 0.017000000000000088 0 1 0 I I #
real_attrib-name_attrib-gen-attrib $-1 -1 $664 $252 $5 2 1 1 1 1 1 1 1 1 1 1 1 1 1 0 1 1 1 @12 FEM_epsilonR 1 #
fbm_tag-tag-sys-attrib $-1 -1 $-1 $-1 $254 2 1 2 1 1 1 3 1 1 1 1 1 1 1 0 1 1 1 origin_live $254 @68 [face:ThickenSheet(tweak,face:ThickenSheet(split_gap,edge1))#face12] #
face $665 -1 -1 $-1 $666 $667 $63 $-1 $668 forward single F F #
loop $-1 -1 -1 $-1 $-1 $409 $254 T 3.8500000000000001 1.7 0 4.0015000000000001 1.7000000000000002 0.017000000000000088 unknown #
plane-surface $-1 -1 -1 $-1 3.9257499999999999 1.7 0 -0 -1 -0 0 0 -1 forward_v I I I I #
coedge $-1 -1 -1 $-1 $669 $257 $670 $671 reversed $180 $-1 #
coedge $-1 -1 -1 $-1 $257 $672 $673 $674 reversed $180 $-1 #
coedge $-1 -1 -1 $-1 $415 $414 $257 $407 forward $255 $-1 #
edge $675 -1 -1 $-1 $676 0 $677 2.2000000000000002 $257 $678 forward @7 unknown T 3.8500000000000001 -0.5 0 3.8500000000000001 1.7000000000000002 0 #
coedge $-1 -1 -1 $-1 $679 $258 $680 $681 forward $127 $-1 #
coedge $-1 -1 -1 $-1 $682 $683 $258 $410 reversed $402 $-1 #
edge $684 -1 -1 $-1 $418 0 $685 0.15149999999999997 $258 $686 forward @7 unknown T 3.8500000000000001 1.7 0.017000000000000088 4.0015000000000001 1.7000000000000002 0.017000000000000088 #
coedge $-1 -1 -1 $-1 $259 $687 $688 $689 forward $127 $-1 #
coedge $-1 -1 -1 $-1 $690 $691 $259 $413 reversed $692 $-1 #
edge $693 -1 -1 $-1 $694 0 $417 0.15149999999999997 $259 $695 forward @7 unknown T 3.8500000000000001 -0.5 0.017000000000000088 4.0015000000000001 -0.5 0.017000000000000088 #
coedge $-1 -1 -1 $-1 $406 $260 $691 $696 reversed $255 $-1 #
coedge $-1 -1 -1 $-1 $260 $406 $682 $697 reversed $255 $-1 #
fbm_tag-tag-sys-attrib $-1 -1 $-1 $-1 $261 2 1 2 1 1 1 3 1 1 1 1 1 1 1 0 1 1 1 origin_live $261 @43 [edge:ThickenSheet(split_new,edge0)#edge47] #
vertex $698 -1 -1 $-1 $261 $699 #
vertex $700 -1 -1 $-1 $410 $701 #
straight-curve $-1 -1 -1 $-1 3.8500000000000001 -0.5 0.017000000000000088 0 1 0 I I #
real_attrib-name_attrib-gen-attrib $-1 -1 $702 $262 $6 2 1 1 1 1 1 1 1 1 1 1 1 1 1 0 1 1 1 @12 FEM_epsilonR 1 #
fbm_tag-tag-sys-attrib $-1 -1 $-1 $-1 $264 2 1 2 1 1 1 3 1 1 1 1 1 1 1 0 1 1 1 origin_live $264 @67 [face:ThickenSheet(tweak,face:ThickenSheet(split_gap,edge1))#face7] #
face $703 -1 -1 $-1 $704 $705 $67 $-1 $706 forward single F F #
loop $-1 -1 -1 $-1 $-1 $430 $264 T 8.3946000000000005 -5.7999999999999998 0 9.0999999999999996 -5.7999999999999998 0.017000000000000088 unknown #
plane-surface $-1 -1 -1 $-1 8.7472999999999992 -5.7999999999999998 0 -0 -1 -0 0 0 -1 forward_v I I I I #
coedge $-1 -1 -1 $-1 $707 $267 $708 $709 reversed $186 $-1 #
coedge $-1 -1 -1 $-1 $267 $710 $711 $712 reversed $186 $-1 #
coedge $-1 -1 -1 $-1 $436 $435 $267 $428 forward $265 $-1 #
edge $713 -1 -1 $-1 $714 0 $715 5.4371009416783869 $267 $716 forward @7 unknown T 8.3946000000000005 -5.7999999999999998 0 8.3978000000000002 -0.3629 0 #
coedge $-1 -1 -1 $-1 $717 $268 $718 $719 forward $132 $-1 #
coedge $-1 -1 -1 $-1 $720 $721 $268 $431 reversed $423 $-1 #
edge $722 -1 -1 $-1 $439 0 $723 0.70539999999999914 $268 $724 forward @7 unknown T 8.3946000000000005 -5.7999999999999998 0.017000000000000088 9.0999999999999996 -5.7999999999999998 0.017000000000000088 #
coedge $-1 -1 -1 $-1 $269 $725 $726 $727 forward $132 $-1 #
coedge $-1 -1 -1 $-1 $728 $729 $269 $434 reversed $730 $-1 #
edge $731 -1 -1 $-1 $732 0 $438 0.29999999999999893 $269 $733 forward @7 unknown T 8.0978000000000012 -0.3629 0.017000000000000088 8.3978000000000002 -0.3629 0.017000000000000088 #
coedge $-1 -1 -1 $-1 $427 $270 $729 $734 reversed $265 $-1 #
coedge $-1 -1 -1 $-1 $270 $427 $720 $735 reversed $265 $-1 #
fbm_tag-tag-sys-attrib $-1 -1 $-1 $-1 $271 2 1 2 1 1 1 3 1 1 1 1 1 1 1 0 1 1 1 origin_live $271 @43 [edge:ThickenSheet(split_new,edge0)#edge16] #
vertex $736 -1 -1 $-1 $271 $737 #
vertex $738 -1 -1 $-1 $431 $739 #
straight-curve $-1 -1 -1 $-1 8.3978000000000002 -0.3629 0.017000000000000088 -0.00058854894075441517 -0.99999982680505717 0 I I #
real_attrib-name_attrib-gen-attrib $-1 -1 $740 $272 $7 2 1 1 1 1 1 1 1 1 1 1 1 1 1 0 1 1 1 @12 FEM_epsilonR 1 #
fbm_tag-tag-sys-attrib $-1 -1 $-1 $-1 $274 2 1 2 1 1 1 3 1 1 1 1 1 1 1 0 1 1 1 origin_live $274 @48 [face:Extrude(lateral,edge3,extrude_path)#face5] #
face $741 -1 -1 $-1 $742 $456 $71 $-1 $743 reversed single F F #
loop $-1 -1 -1 $-1 $-1 $744 $274 T -4.6499999999999995 -10 -0.010000000000000026 -4.6499999999999995 10 0 unknown #
plane-surface $-1 -1 -1 $-1 -4.6499999999999995 0 0 -1 -0 -0 -0 1 -0 forward_v I I I I #
coedge $-1 -1 -1 $-1 $745 $746 $747 $748 forward $275 $-1 #
coedge $-1 -1 -1 $-1 $749 $277 $746 $750 reversed $192 $-1 #
coedge $-1 -1 -1 $-1 $277 $749 $278 $452 forward $192 $-1 #
coedge $-1 -1 -1 $-1 $280 $747 $277 $450 reversed $456 $-1 #
edge $751 -1 -1 $-1 $459 0 $752 20 $277 $753 forward @7 unknown T 17.5 -10 -0.010000000000000026 17.5 10 -0.010000000000000026 #
coedge $-1 -1 -1 $-1 $279 $278 $754 $755 reversed $137 $-1 #
edge $756 -1 -1 $-1 $757 0 $459 0.010000000000000026 $448 $758 forward @7 unknown T 17.5 -10 -0.010000000000000026 17.5 -10 0 #
coedge $-1 -1 -1 $-1 $759 $744 $279 $454 reversed $444 $-1 #
edge $760 -1 -1 $-1 $761 0 $458 0.010000000000000026 $279 $762 forward @7 unknown T -4.6499999999999995 -10 -0.010000000000000026 -4.6499999999999995 -10 0 #
coedge $-1 -1 -1 $-1 $747 $280 $744 $763 reversed $456 $-1 #
loop $-1 -1 -1 $-1 $-1 $280 $443 T -4.6499999999999995 -10 -0.010000000000000026 17.5 10 -0.010000000000000026 unknown #
fbm_tag-tag-sys-attrib $-1 -1 $-1 $-1 $281 2 1 2 1 1 1 3 1 1 1 1 1 1 1 0 1 1 1 origin_live $281 @44 [edge:Extrude(top,edge0,extrude_path)#edge8] #
vertex $764 -1 -1 $-1 $454 $765 #
vertex $766 -1 -1 $-1 $452 $767 #
straight-curve $-1 -1 -1 $-1 -4.6499999999999995 -10 -0.010000000000000026 1 0 0 I I #
real_attrib-name_attrib-gen-attrib $-1 -1 $768 $282 $8 2 1 1 1 1 1 1 1 1 1 1 1 1 1 0 1 1 1 @12 FEM_epsilonR 1 #
coedge $-1 -1 -1 $-1 $284 $283 $-1 $769 forward $141 $-1 #
edge $770 -1 -1 $-1 $467 0 $771 28.399999999999999 $283 $772 forward @7 unknown T -7.7750000000000004 -13.125000000000002 0 20.625 -13.125000000000002 0 #
edge $773 -1 -1 $-1 $774 0 $466 28.399999999999999 $284 $775 forward @7 unknown T -7.7750000000000004 13.125000000000002 0 20.625 13.125000000000002 0 #
fbm_tag-tag-sys-attrib $-1 -1 $-1 $-1 $285 2 1 2 1 1 1 3 1 1 1 1 1 1 1 0 1 1 1 origin_live $285 @13 [edge3#edge3] #
vertex $776 -1 -1 $-1 $285 $777 #
vertex $778 -1 -1 $-1 $285 $779 #
straight-curve $-1 -1 -1 $-1 -7.7750000000000004 13.125000000000002 0 0 -1 0 I I #
face $-1 -1 -1 $-1 $780 $781 $78 $-1 $782 reversed single F F #
loop $-1 -1 -1 $-1 $-1 $783 $286 F unknown #
plane-surface $-1 -1 -1 $-1 -14.199999999999999 0 0 1 0 0 0 0 -1 forward_v I I I I #
coedge $-1 -1 -1 $-1 $784 $480 $785 $786 forward $287 $-1 #
coedge $-1 -1 -1 $-1 $787 $289 $784 $788 forward $199 $-1 #
coedge $-1 -1 -1 $-1 $289 $787 $789 $790 forward $199 $-1 #
coedge $-1 -1 -1 $-1 $483 $482 $289 $476 reversed $484 $-1 #
edge $-1 -1 -1 $-1 $791 -13.125000000000002 $792 13.125000000000002 $475 $793 forward @7 unknown F #
coedge $-1 -1 -1 $-1 $291 $290 $794 $795 forward $145 $-1 #
coedge $-1 -1 -1 $-1 $796 $797 $290 $479 reversed $781 $-1 #
edge $-1 -1 -1 $-1 $486 -14.199999999999999 $798 14.199999999999999 $478 $799 forward @7 unknown F #
coedge $-1 -1 -1 $-1 $472 $800 $291 $481 reversed $287 $-1 #
edge $-1 -1 -1 $-1 $801 -14.199999999999999 $485 14.199999999999999 $480 $802 forward @7 unknown F #
coedge $-1 -1 -1 $-1 $475 $292 $800 $803 forward $484 $-1 #
coedge $-1 -1 -1 $-1 $292 $475 $796 $804 reversed $484 $-1 #
loop $-1 -1 -1 $-1 $-1 $482 $780 F unknown #
vertex $-1 -1 -1 $-1 $293 $805 #
vertex $-1 -1 -1 $-1 $293 $806 #
straight-curve $-1 -1 -1 $-1 14.199999999999999 0 5.6769999999999996 0 1 0 I I #
real_attrib-name_attrib-gen-attrib $-1 -1 $807 $294 $0 2 1 1 1 1 1 1 1 1 1 1 1 1 1 0 1 1 1 @16 FEM_conductivity 0 #
fbm_tag-tag-sys-attrib $-1 -1 $-1 $-1 $296 2 1 2 1 1 1 3 1 1 1 1 1 1 1 0 1 1 1 origin_live $296 @14 [face_4#face4] #
face $808 -1 -1 $-1 $-1 $311 $43 $-1 $809 reversed single F F #
loop $-1 -1 -1 $-1 $-1 $507 $296 T -14.200000000000001 13.125000000000002 0 14.200000000000001 13.125000000000002 11.353999999999999 unknown #
plane-surface $-1 -1 -1 $-1 0 13.125000000000002 5.6769999999999996 0 -1 0 0 0 -1 forward_v I I I I #
coedge $-1 -1 -1 $-1 $810 $505 $508 $811 forward $297 $-1 #
coedge $-1 -1 -1 $-1 $512 $299 $300 $498 reversed $205 $-1 #
coedge $-1 -1 -1 $-1 $505 $810 $299 $496 reversed $297 $-1 #
edge $812 -1 -1 $-1 $514 -5.6769999999999996 $813 5.6769999999999996 $495 $814 forward @7 unknown T -14.200000000000001 -13.125000000000002 0 -14.200000000000001 -13.125000000000002 11.353999999999999 #
coedge $-1 -1 -1 $-1 $301 $300 $810 $815 forward $150 $-1 #
edge $816 -1 -1 $-1 $503 -14.200000000000001 $813 14.200000000000001 $494 $817 forward @7 unknown T -14.200000000000001 -13.125000000000002 0 14.200000000000001 -13.125000000000002 0 #
coedge $-1 -1 -1 $-1 $508 $507 $301 $500 reversed $491 $-1 #
edge $818 -1 -1 $-1 $819 -14.200000000000001 $502 14.200000000000001 $499 $820 forward @7 unknown T -14.200000000000001 13.125000000000002 0 14.200000000000001 13.125000000000002 0 #
fbm_tag-tag-sys-attrib $-1 -1 $-1 $-1 $303 2 1 2 1 1 1 3 1 1 1 1 1 1 1 0 1 1 1 origin_live $303 @14 [edge_3#edge3] #
vertex $821 -1 -1 $-1 $303 $822 #
vertex $823 -1 -1 $-1 $516 $824 #
straight-curve $-1 -1 -1 $-1 14.200000000000001 0 0 0 -1 0 I I #
coedge $-1 -1 -1 $-1 $493 $495 $304 $506 reversed $297 $-1 #
edge $825 -1 -1 $-1 $510 -13.125000000000002 $514 13.125000000000002 $505 $826 forward @7 unknown T -14.200000000000001 -13.125000000000002 11.353999999999999 -14.200000000000001 13.125000000000002 11.353999999999999 #
coedge $-1 -1 -1 $-1 $499 $305 $310 $517 forward $491 $-1 #
coedge $-1 -1 -1 $-1 $305 $499 $493 $811 reversed $491 $-1 #
fbm_tag-tag-sys-attrib $-1 -1 $-1 $-1 $306 2 1 2 1 1 1 3 1 1 1 1 1 1 1 0 1 1 1 origin_live $306 @16 [edge_11#edge11] #
vertex $827 -1 -1 $-1 $306 $828 #
straight-curve $-1 -1 -1 $-1 0 13.125000000000002 11.353999999999999 -1 0 0 I I #
coedge $-1 -1 -1 $-1 $307 $494 $309 $516 reversed $205 $-1 #
fbm_tag-tag-sys-attrib $-1 -1 $-1 $-1 $308 2 1 2 1 1 1 3 1 1 1 1 1 1 1 0 1 1 1 origin_live $308 @14 [edge_5#edge5] #
vertex $829 -1 -1 $-1 $506 $830 #
straight-curve $-1 -1 -1 $-1 0 -13.125000000000002 11.353999999999999 1 0 0 I I #
edge $831 -1 -1 $-1 $313 -5.6769999999999996 $503 5.6769999999999996 $309 $832 forward @7 unknown T 14.200000000000001 -13.125000000000002 0 14.200000000000001 -13.125000000000002 11.353999999999999 #
edge $833 -1 -1 $-1 $314 -5.6769999999999996 $502 5.6769999999999996 $310 $834 forward @7 unknown T 14.200000000000001 13.125000000000002 0 14.200000000000001 13.125000000000002 11.353999999999999 #
fbm_tag-tag-sys-attrib $-1 -1 $-1 $-1 $313 2 1 2 1 1 1 3 1 1 1 1 1 1 1 0 1 1 1 origin_live $313 @18 [vertex_6#vertex6] #
point $-1 -1 -1 $-1 14.200000000000001 -13.125000000000002 11.353999999999999 #
fbm_tag-tag-sys-attrib $-1 -1 $-1 $-1 $314 2 1 2 1 1 1 3 1 1 1 1 1 1 1 0 1 1 1 origin_live $314 @18 [vertex_7#vertex7] #
point $-1 -1 -1 $-1 14.200000000000001 13.125000000000002 11.353999999999999 #
real_attrib-name_attrib-gen-attrib $-1 -1 $835 $316 $1 2 1 1 1 1 1 1 1 1 1 1 1 1 1 0 1 1 1 @16 FEM_conductivity 0 #
fbm_tag-tag-sys-attrib $-1 -1 $-1 $-1 $318 2 1 2 1 1 1 3 1 1 1 1 1 1 1 0 1 1 1 origin_live $318 @25 [face:Extrude(end)#face2] #
face $836 -1 -1 $-1 $-1 $837 $47 $-1 $838 reversed single F F #
plane-surface $-1 -1 -1 $-1 6.4249999999999989 0 1.3200000000000001 0 0 1 1 0 0 forward_v I I I I #
coedge $-1 -1 -1 $-1 $328 $839 $330 $545 forward $319 $-1 #
coedge $-1 -1 -1 $-1 $840 $321 $839 $841 reversed $215 $-1 #
coedge $-1 -1 -1 $-1 $321 $840 $322 $532 forward $215 $-1 #
coedge $-1 -1 -1 $-1 $324 $330 $321 $530 reversed $331 $-1 #
edge $842 -1 -1 $-1 $534 -28.399999999999999 $843 -0 $321 $844 forward @7 unknown T -7.7750000000000004 -13.125000000000002 1.3200000000000001 20.625 -13.125000000000002 1.3200000000000001 #
coedge $-1 -1 -1 $-1 $323 $322 $845 $846 forward $156 $-1 #
edge $847 -1 -1 $-1 $848 0 $534 1.3200000000000001 $528 $849 forward @7 unknown T 20.625 -13.125000000000002 0 20.625 -13.125000000000002 1.3200000000000001 #
fbm_tag-tag-sys-attrib $-1 -1 $-1 $-1 $325 2 1 2 1 1 1 3 1 1 1 1 1 1 1 0 1 1 1 origin_live $325 @45 [edge:Extrude(top,edge1,extrude_path)#edge11] #
vertex $850 -1 -1 $-1 $532 $851 #
straight-curve $-1 -1 -1 $-1 20.625 -13.125000000000002 1.3200000000000001 -0 -1 -0 I I #
coedge $-1 -1 -1 $-1 $845 $852 $326 $537 reversed $837 $-1 #
edge $853 -1 -1 $-1 $539 0 $543 28.399999999999999 $326 $854 forward @7 unknown T -7.7750000000000004 13.125000000000002 0 20.625 13.125000000000002 0 #
fbm_tag-tag-sys-attrib $-1 -1 $-1 $-1 $327 2 1 2 1 1 1 3 1 1 1 1 1 1 1 0 1 1 1 origin_live $327 @54 [edge:Extrude(mid_lateral,vertex2,extrude_path)#edge6] #
vertex $855 -1 -1 $-1 $537 $856 #
straight-curve $-1 -1 -1 $-1 20.625 13.125000000000002 0 0 0 1 I I #
coedge $-1 -1 -1 $-1 $839 $328 $852 $857 forward $319 $-1 #
fbm_tag-tag-sys-attrib $-1 -1 $-1 $-1 $329 2 1 2 1 1 1 3 1 1 1 1 1 1 1 0 1 1 1 origin_live $329 @54 [edge:Extrude(mid_lateral,vertex3,extrude_path)#edge7] #
vertex $858 -1 -1 $-1 $857 $859 #
straight-curve $-1 -1 -1 $-1 -7.7750000000000004 13.125000000000002 0 0 0 1 I I #
edge $860 -1 -1 $-1 $843 -26.250000000000004 $333 0 $526 $861 forward @7 unknown T -7.7750000000000004 -13.125000000000002 1.3200000000000001 -7.7750000000000004 13.125000000000002 1.3200000000000001 #
fbm_tag-tag-sys-attrib $-1 -1 $-1 $-1 $333 2 1 2 1 1 1 3 1 1 1 1 1 1 1 0 1 1 1 origin_live $333 @54 [vertex:Extrude(mid_top,vertex3,extrude_path)#vertex5] #
point $-1 -1 -1 $-1 -7.7750000000000004 13.125000000000002 1.3200000000000001 #
fbm_tag-tag-sys-attrib $-1 -1 $-1 $-1 $334 2 1 2 1 1 1 3 1 1 1 1 1 1 1 0 1 1 1 origin_live $334 @54 [vertex:Extrude(mid_top,vertex2,extrude_path)#vertex7] #
point $-1 -1 -1 $-1 20.625 13.125000000000002 1.3200000000000001 #
real_attrib-name_attrib-gen-attrib $-1 -1 $862 $336 $2 2 1 1 1 1 1 1 1 1 1 1 1 1 1 0 1 1 1 @16 FEM_conductivity 58000000 #
fbm_tag-tag-sys-attrib $-1 -1 $-1 $-1 $338 2 1 2 1 1 1 3 1 1 1 1 1 1 1 0 1 1 1 origin_live $338 @68 [face:ThickenSheet(tweak,face:ThickenSheet(split_gap,edge2))#face11] #
face $863 -1 -1 $-1 $864 $865 $51 $-1 $866 forward single F F #
loop $-1 -1 -1 $-1 $-1 $566 $338 T 5.6068999999999996 -0.59999999999999998 0 6.1978 -0.59999999999999964 0.017000000000000088 unknown #
plane-surface $-1 -1 -1 $-1 5.9023500000000002 -0.59999999999999998 0 -0 1 -0 -0 0 1 forward_v I I I I #
coedge $-1 -1 -1 $-1 $867 $341 $868 $869 reversed $162 $-1 #
coedge $-1 -1 -1 $-1 $577 $576 $341 $557 forward $578 $-1 #
edge $870 -1 -1 $-1 $871 0 $562 5.2999999999999998 $341 $872 forward @7 unknown T -4.2999999999999998 -5.7999999999999998 0 -4.2999999999999998 -0.5 0 #
coedge $-1 -1 -1 $-1 $342 $873 $874 $875 reversed $162 $-1 #
coedge $-1 -1 -1 $-1 $569 $568 $342 $560 forward $339 $-1 #
edge $876 -1 -1 $-1 $563 -5.465712317074007e-19 $877 5.2000009846152917 $342 $878 forward @7 unknown T 6.1945999999999986 -5.7999999999999998 0 6.1978 -0.59999999999999964 0 #
fbm_tag-tag-sys-attrib $-1 -1 $-1 $-1 $344 2 1 2 1 1 1 3 1 1 1 1 1 1 1 0 1 1 1 origin_live $344 @13 [edge0#edge0] #
vertex $879 -1 -1 $-1 $557 $880 #
vertex $881 -1 -1 $-1 $344 $882 #
straight-curve $-1 -1 -1 $-1 -4.2999999999999998 -5.7999999999999998 0 1 0 0 F 0 F 10.494599999999998 #
coedge $-1 -1 -1 $-1 $883 $345 $884 $885 forward $112 $-1 #
coedge $-1 -1 -1 $-1 $886 $887 $345 $567 reversed $553 $-1 #
edge $888 -1 -1 $-1 $571 0 $889 0.59090000000000042 $345 $890 forward @7 unknown T 5.6068999999999996 -0.59999999999999998 0.017000000000000088 6.1978 -0.59999999999999964 0.017000000000000088 #
coedge $-1 -1 -1 $-1 $559 $346 $352 $583 forward $339 $-1 #
coedge $-1 -1 -1 $-1 $346 $559 $886 $891 reversed $339 $-1 #
fbm_tag-tag-sys-attrib $-1 -1 $-1 $-1 $347 2 1 2 1 1 1 3 1 1 1 1 1 1 1 0 1 1 1 origin_live $347 @43 [edge:ThickenSheet(split_new,edge1)#edge18] #
vertex $892 -1 -1 $-1 $567 $893 #
straight-curve $-1 -1 -1 $-1 6.1945999999999994 -5.7999999999999998 0.017000000000000088 0.0006153844988622207 0.99999981065094135 0 I I #
coedge $-1 -1 -1 $-1 $348 $894 $895 $896 forward $112 $-1 #
coedge $-1 -1 -1 $-1 $897 $898 $348 $575 reversed $899 $-1 #
edge $900 -1 -1 $-1 $901 0 $580 1.5798999999999999 $348 $902 forward @7 unknown T -4.2999999999999998 -0.5 0.017000000000000088 -2.7201 -0.5 0.017000000000000088 #
coedge $-1 -1 -1 $-1 $556 $349 $898 $903 forward $578 $-1 #
coedge $-1 -1 -1 $-1 $349 $556 $351 $582 forward $578 $-1 #
loop $-1 -1 -1 $-1 $-1 $349 $904 T -4.2999999999999998 -5.7999999999999998 0 -4.2999999999999998 -0.5 0.017000000000000088 unknown #
fbm_tag-tag-sys-attrib $-1 -1 $-1 $-1 $350 2 1 2 1 1 1 3 1 1 1 1 1 1 1 0 1 1 1 origin_live $350 @44 [edge:ThickenSheet(split_new,edge12)#edge20] #
vertex $905 -1 -1 $-1 $350 $906 #
straight-curve $-1 -1 -1 $-1 -4.2999999999999998 -0.5 0.017000000000000088 0 -1 0 I I #
edge $907 -1 -1 $-1 $562 -0.017000000000000088 $354 0 $577 $908 forward @7 unknown T -4.2999999999999998 -5.7999999999999998 0 -4.2999999999999998 -5.7999999999999998 0.017000000000000088 #
edge $909 -1 -1 $-1 $355 0 $563 0.017000000000000088 $568 $910 forward @7 unknown T 6.1945999999999986 -5.7999999999999998 0 6.1945999999999986 -5.7999999999999998 0.017000000000000088 #
fbm_tag-tag-sys-attrib $-1 -1 $-1 $-1 $354 2 1 2 1 1 1 3 1 1 1 1 1 1 1 0 1 1 1 origin_live $354 @49 [vertex:ThickenSheet(split_new,vertex0)#vertex25] #
point $-1 -1 -1 $-1 -4.2999999999999998 -5.7999999999999998 0.017000000000000088 #
fbm_tag-tag-sys-attrib $-1 -1 $-1 $-1 $355 2 1 2 1 1 1 3 1 1 1 1 1 1 1 0 1 1 1 origin_live $355 @17 [vertex1#vertex1] #
point $-1 -1 -1 $-1 6.1945999999999986 -5.7999999999999998 0.017000000000000088 #
real_attrib-name_attrib-gen-attrib $-1 -1 $911 $357 $3 2 1 1 1 1 1 1 1 1 1 1 1 1 1 0 1 1 1 @16 FEM_conductivity 58000000 #
fbm_tag-tag-sys-attrib $-1 -1 $-1 $-1 $359 2 1 2 1 1 1 3 1 1 1 1 1 1 1 0 1 1 1 origin_live $359 @68 [face:ThickenSheet(tweak,face:ThickenSheet(split_gap,edge2))#face11] #
face $912 -1 -1 $-1 $913 $914 $55 $-1 $915 forward single F F #
loop $-1 -1 -1 $-1 $-1 $604 $359 T -2.0381 3.5395000000000003 0 -0.5950000000000002 4.8685 0.017000000000000088 unknown #
plane-surface $-1 -1 -1 $-1 -1.3165500000000001 4.2039999999999997 0 0.67742858107350801 -0.73558855180374683 -0 0 0 -1 forward_v I I I I #
coedge $-1 -1 -1 $-1 $916 $362 $917 $918 reversed $168 $-1 #
coedge $-1 -1 -1 $-1 $615 $614 $362 $595 forward $616 $-1 #
edge $919 -1 -1 $-1 $920 0 $600 5.2999999999999998 $362 $921 forward @7 unknown T -4.2999999999999998 1.7 0 -4.2999999999999989 7 0 #
coedge $-1 -1 -1 $-1 $363 $922 $923 $924 reversed $168 $-1 #
coedge $-1 -1 -1 $-1 $607 $606 $363 $598 forward $360 $-1 #
edge $925 -1 -1 $-1 $601 0 $926 1.9618573470056382 $363 $927 forward @7 unknown T -2.7201 1.7 0 -2.0381 3.5395000000000003 0 #
fbm_tag-tag-sys-attrib $-1 -1 $-1 $-1 $365 2 1 2 1 1 1 3 1 1 1 1 1 1 1 0 1 1 1 origin_live $365 @13 [edge0#edge0] #
vertex $928 -1 -1 $-1 $595 $929 #
vertex $930 -1 -1 $-1 $365 $931 #
straight-curve $-1 -1 -1 $-1 -4.2999999999999998 1.7 0 1 0 0 F 0 F 1.5798999999999999 #
coedge $-1 -1 -1 $-1 $932 $366 $933 $934 forward $117 $-1 #
coedge $-1 -1 -1 $-1 $935 $936 $366 $605 reversed $591 $-1 #
edge $937 -1 -1 $-1 $609 0 $938 1.9618304233546791 $366 $939 forward @7 unknown T -2.0381 3.5395000000000003 0.017000000000000088 -0.5950000000000002 4.8685 0.017000000000000088 #
coedge $-1 -1 -1 $-1 $597 $367 $373 $621 forward $360 $-1 #
coedge $-1 -1 -1 $-1 $367 $597 $935 $940 reversed $360 $-1 #
fbm_tag-tag-sys-attrib $-1 -1 $-1 $-1 $368 2 1 2 1 1 1 3 1 1 1 1 1 1 1 0 1 1 1 origin_live $368 @43 [edge:ThickenSheet(split_new,edge1)#edge19] #
vertex $941 -1 -1 $-1 $605 $942 #
straight-curve $-1 -1 -1 $-1 -2.7201 1.7 0.017000000000000088 0.34762976066579421 0.93763188378992457 0 I I #
coedge $-1 -1 -1 $-1 $369 $943 $944 $945 forward $117 $-1 #
coedge $-1 -1 -1 $-1 $946 $947 $369 $613 reversed $948 $-1 #
edge $949 -1 -1 $-1 $950 0 $618 10.494599999999998 $369 $951 forward @7 unknown T -4.2999999999999989 7 0.017000000000000088 6.1945999999999994 7 0.017000000000000088 #
coedge $-1 -1 -1 $-1 $594 $370 $947 $952 forward $616 $-1 #
coedge $-1 -1 -1 $-1 $370 $594 $372 $620 forward $616 $-1 #
loop $-1 -1 -1 $-1 $-1 $370 $953 T -4.2999999999999998 1.7 0 -4.2999999999999989 7 0.017000000000000088 unknown #
fbm_tag-tag-sys-attrib $-1 -1 $-1 $-1 $371 2 1 2 1 1 1 3 1 1 1 1 1 1 1 0 1 1 1 origin_live $371 @44 [edge:ThickenSheet(split_new,edge12)#edge21] #
vertex $954 -1 -1 $-1 $371 $955 #
straight-curve $-1 -1 -1 $-1 -4.2999999999999998 7 0.017000000000000088 0 -1 0 I I #
edge $956 -1 -1 $-1 $600 -0.017000000000000088 $375 0 $615 $957 forward @7 unknown T -4.2999999999999998 1.7 0 -4.2999999999999998 1.7 0.017000000000000088 #
edge $958 -1 -1 $-1 $376 0 $601 0.017000000000000088 $606 $959 forward @7 unknown T -2.7201 1.7 0 -2.7201 1.7 0.017000000000000088 #
fbm_tag-tag-sys-attrib $-1 -1 $-1 $-1 $375 2 1 2 1 1 1 3 1 1 1 1 1 1 1 0 1 1 1 origin_live $375 @49 [vertex:ThickenSheet(split_new,vertex0)#vertex25] #
point $-1 -1 -1 $-1 -4.2999999999999998 1.7 0.017000000000000088 #
fbm_tag-tag-sys-attrib $-1 -1 $-1 $-1 $376 2 1 2 1 1 1 3 1 1 1 1 1 1 1 0 1 1 1 origin_live $376 @17 [vertex1#vertex1] #
point $-1 -1 -1 $-1 -2.7201 1.7 0.017000000000000088 #
real_attrib-name_attrib-gen-attrib $-1 -1 $960 $378 $4 2 1 1 1 1 1 1 1 1 1 1 1 1 1 0 1 1 1 @16 FEM_conductivity 58000000 #
fbm_tag-tag-sys-attrib $-1 -1 $-1 $-1 $380 2 1 2 1 1 1 3 1 1 1 1 1 1 1 0 1 1 1 origin_live $380 @67 [face:ThickenSheet(tweak,face:ThickenSheet(split_gap,edge2))#face7] #
face $961 -1 -1 $-1 $962 $963 $59 $-1 $964 forward single F F #
loop $-1 -1 -1 $-1 $-1 $642 $380 T -1.6280000000000001 1.5690999999999999 0 -1.1245999999999998 2.9267999999999996 0.017000000000000088 unknown #
plane-surface $-1 -1 -1 $-1 -1.3763000000000001 2.2479499999999994 0 0.93762541025264956 -0.34764722068290799 -0 0 0 -1 forward_v I I I I #
coedge $-1 -1 -1 $-1 $965 $383 $966 $967 reversed $174 $-1 #
coedge $-1 -1 -1 $-1 $653 $652 $383 $633 forward $654 $-1 #
edge $968 -1 -1 $-1 $969 5.5412806249385456e-17 $638 0.36975506757852555 $383 $970 forward @7 unknown T -1.6499999999999999 -0.36909999999999998 0 -1.6280000000000001 0 0 #
coedge $-1 -1 -1 $-1 $384 $971 $972 $973 reversed $174 $-1 #
coedge $-1 -1 -1 $-1 $645 $644 $384 $636 forward $381 $-1 #
edge $974 -1 -1 $-1 $639 0 $975 0.36975506757852561 $384 $976 forward @7 unknown T -1.6499999999999999 1.2 0 -1.6280000000000001 1.5691000000000002 0 #
fbm_tag-tag-sys-attrib $-1 -1 $-1 $-1 $386 2 1 2 1 1 1 3 1 1 1 1 1 1 1 0 1 1 1 origin_live $386 @13 [edge0#edge0] #
vertex $977 -1 -1 $-1 $633 $978 #
vertex $979 -1 -1 $-1 $386 $980 #
straight-curve $-1 -1 -1 $-1 -1.6499999999999999 0 0 0 1 0 F 0 F 1.2 #
coedge $-1 -1 -1 $-1 $981 $387 $982 $983 forward $122 $-1 #
coedge $-1 -1 -1 $-1 $984 $985 $387 $643 reversed $629 $-1 #
edge $986 -1 -1 $-1 $647 0 $987 1.448019630391798 $387 $988 forward @7 unknown T -1.6280000000000001 1.5690999999999999 0.017000000000000088 -1.1245999999999998 2.9267999999999996 0.017000000000000088 #
coedge $-1 -1 -1 $-1 $635 $388 $394 $659 forward $381 $-1 #
coedge $-1 -1 -1 $-1 $388 $635 $984 $989 reversed $381 $-1 #
fbm_tag-tag-sys-attrib $-1 -1 $-1 $-1 $389 2 1 2 1 1 1 3 1 1 1 1 1 1 1 0 1 1 1 origin_live $389 @43 [edge:ThickenSheet(split_new,edge1)#edge81] #
vertex $990 -1 -1 $-1 $643 $991 #
straight-curve $-1 -1 -1 $-1 -1.6499999999999999 1.2 0.017000000000000088 0.059498846477141577 0.99822837430514355 0 I I #
coedge $-1 -1 -1 $-1 $390 $992 $993 $994 forward $122 $-1 #
coedge $-1 -1 -1 $-1 $995 $996 $390 $651 reversed $997 $-1 #
edge $998 -1 -1 $-1 $999 0 $656 1.4480196303917983 $390 $1000 forward @7 unknown T -1.6280000000000001 -1.7267999999999999 0.017000000000000088 -1.1245999999999998 -0.36909999999999998 0.017000000000000088 #
coedge $-1 -1 -1 $-1 $632 $391 $996 $1001 forward $654 $-1 #
coedge $-1 -1 -1 $-1 $391 $632 $393 $658 forward $654 $-1 #
loop $-1 -1 -1 $-1 $-1 $391 $1002 T -1.6499999999999999 -0.36909999999999998 0 -1.6280000000000001 0 0.017000000000000088 unknown #
fbm_tag-tag-sys-attrib $-1 -1 $-1 $-1 $392 2 1 2 1 1 1 3 1 1 1 1 1 1 1 0 1 1 1 origin_live $392 @45 [edge:ThickenSheet(split_new,edge75)#edge221] #
vertex $1003 -1 -1 $-1 $392 $1004 #
straight-curve $-1 -1 -1 $-1 -1.6280000000000001 -0.36910000000000004 0.017000000000000088 -0.05949884647714155 0.99822837430514322 0 I I #
edge $1005 -1 -1 $-1 $638 -0.017000000000000088 $396 0 $653 $1006 forward @7 unknown T -1.6499999999999999 0 0 -1.6499999999999999 0 0.017000000000000088 #
edge $1007 -1 -1 $-1 $397 0 $639 0.017000000000000088 $644 $1008 forward @7 unknown T -1.6499999999999999 1.2 0 -1.6499999999999999 1.2 0.017000000000000088 #
fbm_tag-tag-sys-attrib $-1 -1 $-1 $-1 $396 2 1 2 1 1 1 3 1 1 1 1 1 1 1 0 1 1 1 origin_live $396 @50 [vertex:ThickenSheet(split_new,vertex0)#vertex151] #
point $-1 -1 -1 $-1 -1.6499999999999999 0 0.017000000000000088 #
fbm_tag-tag-sys-attrib $-1 -1 $-1 $-1 $397 2 1 2 1 1 1 3 1 1 1 1 1 1 1 0 1 1 1 origin_live $397 @17 [vertex1#vertex1] #
point $-1 -1 -1 $-1 -1.6499999999999999 1.2 0.017000000000000088 #
real_attrib-name_attrib-gen-attrib $-1 -1 $1009 $399 $5 2 1 1 1 1 1 1 1 1 1 1 1 1 1 0 1 1 1 @16 FEM_conductivity 58000000 #
fbm_tag-tag-sys-attrib $-1 -1 $-1 $-1 $401 2 1 2 1 1 1 3 1 1 1 1 1 1 1 0 1 1 1 origin_live $401 @68 [face:ThickenSheet(tweak,face:ThickenSheet(split_gap,edge2))#face15] #
face $1010 -1 -1 $-1 $1011 $1012 $63 $-1 $1013 forward single F F #
loop $-1 -1 -1 $-1 $-1 $680 $401 T 3.6705000000000001 1.7 0 4.0015000000000001 2.5526 0.017000000000000088 unknown #
plane-surface $-1 -1 -1 $-1 3.8359999999999999 2.1263000000000001 0 0.93221381150487015 0.36190801267665024 -0 -0 0 -1 forward_v I I I I #
coedge $-1 -1 -1 $-1 $1014 $404 $1015 $1016 reversed $180 $-1 #
coedge $-1 -1 -1 $-1 $691 $690 $404 $671 forward $692 $-1 #
edge $1017 -1 -1 $-1 $1018 0 $676 0.15149999999999997 $404 $1019 forward @7 unknown T 3.8500000000000001 -0.5 0 4.0015000000000001 -0.5 0 #
coedge $-1 -1 -1 $-1 $405 $1020 $1021 $1022 reversed $180 $-1 #
coedge $-1 -1 -1 $-1 $683 $682 $405 $674 forward $402 $-1 #
edge $1023 -1 -1 $-1 $677 0 $1024 0.15149999999999997 $405 $1025 forward @7 unknown T 3.8500000000000001 1.7 0 4.0015000000000001 1.7000000000000002 0 #
fbm_tag-tag-sys-attrib $-1 -1 $-1 $-1 $407 2 1 2 1 1 1 3 1 1 1 1 1 1 1 0 1 1 1 origin_live $407 @13 [edge0#edge0] #
vertex $1026 -1 -1 $-1 $671 $1027 #
vertex $1028 -1 -1 $-1 $407 $1029 #
straight-curve $-1 -1 -1 $-1 3.8500000000000001 -0.5 0 0 1 0 F 0 F 2.2000000000000002 #
coedge $-1 -1 -1 $-1 $1030 $408 $1031 $1032 forward $127 $-1 #
coedge $-1 -1 -1 $-1 $1033 $1034 $408 $681 reversed $667 $-1 #
edge $1035 -1 -1 $-1 $685 0 $1036 0.91459704788502361 $408 $1037 forward @7 unknown T 3.6705000000000001 1.7 0.017000000000000088 4.0015000000000001 2.5526 0.017000000000000088 #
coedge $-1 -1 -1 $-1 $673 $409 $415 $697 forward $402 $-1 #
coedge $-1 -1 -1 $-1 $409 $673 $1033 $1038 reversed $402 $-1 #
fbm_tag-tag-sys-attrib $-1 -1 $-1 $-1 $410 2 1 2 1 1 1 3 1 1 1 1 1 1 1 0 1 1 1 origin_live $410 @43 [edge:ThickenSheet(split_new,edge1)#edge25] #
vertex $1039 -1 -1 $-1 $681 $1040 #
straight-curve $-1 -1 -1 $-1 3.8500000000000001 1.7 0.017000000000000088 1 0 0 I I #
coedge $-1 -1 -1 $-1 $411 $1041 $1042 $1043 forward $127 $-1 #
coedge $-1 -1 -1 $-1 $1044 $1045 $411 $689 reversed $1046 $-1 #
edge $1047 -1 -1 $-1 $1048 0 $694 0.91459704788502361 $411 $1049 forward @7 unknown T 3.6705000000000001 -1.3526 0.017000000000000088 4.0015000000000001 -0.49999999999999989 0.017000000000000088 #
coedge $-1 -1 -1 $-1 $670 $412 $1045 $1050 forward $692 $-1 #
coedge $-1 -1 -1 $-1 $412 $670 $414 $696 forward $692 $-1 #
loop $-1 -1 -1 $-1 $-1 $412 $1051 T 3.8500000000000001 -0.5 0 4.0015000000000001 -0.5 0.017000000000000088 unknown #
fbm_tag-tag-sys-attrib $-1 -1 $-1 $-1 $413 2 1 2 1 1 1 3 1 1 1 1 1 1 1 0 1 1 1 origin_live $413 @44 [edge:ThickenSheet(split_new,edge19)#edge42] #
vertex $1052 -1 -1 $-1 $413 $1053 #
straight-curve $-1 -1 -1 $-1 4.0015000000000001 -0.5 0.017000000000000088 -1 0 0 I I #
edge $1054 -1 -1 $-1 $676 -0.017000000000000088 $417 0 $691 $1055 forward @7 unknown T 3.8500000000000001 -0.5 0 3.8500000000000001 -0.5 0.017000000000000088 #
edge $1056 -1 -1 $-1 $418 0 $677 0.017000000000000088 $682 $1057 forward @7 unknown T 3.8500000000000001 1.7000000000000002 0 3.8500000000000001 1.7000000000000002 0.017000000000000088 #
fbm_tag-tag-sys-attrib $-1 -1 $-1 $-1 $417 2 1 2 1 1 1 3 1 1 1 1 1 1 1 0 1 1 1 origin_live $417 @49 [vertex:ThickenSheet(split_new,vertex0)#vertex39] #
point $-1 -1 -1 $-1 3.8500000000000001 -0.5 0.017000000000000088 #
fbm_tag-tag-sys-attrib $-1 -1 $-1 $-1 $418 2 1 2 1 1 1 3 1 1 1 1 1 1 1 0 1 1 1 origin_live $418 @17 [vertex1#vertex1] #
point $-1 -1 -1 $-1 3.8500000000000001 1.7000000000000002 0.017000000000000088 #
real_attrib-name_attrib-gen-attrib $-1 -1 $1058 $420 $6 2 1 1 1 1 1 1 1 1 1 1 1 1 1 0 1 1 1 @16 FEM_conductivity 58000000 #
fbm_tag-tag-sys-attrib $-1 -1 $-1 $-1 $422 2 1 2 1 1 1 3 1 1 1 1 1 1 1 0 1 1 1 origin_live $422 @67 [face:ThickenSheet(tweak,face:ThickenSheet(split_gap,edge2))#face5] #
face $1059 -1 -1 $-1 $1060 $1061 $67 $-1 $1062 forward single F F #
loop $-1 -1 -1 $-1 $-1 $718 $422 T 9.0999999999999996 -5.7999999999999998 0 9.0999999999999996 7.0000000000000009 0.017000000000000088 unknown #
plane-surface $-1 -1 -1 $-1 9.0999999999999996 0.60000000000000053 0 1 -0 -0 0 0 -1 forward_v I I I I #
coedge $-1 -1 -1 $-1 $1063 $425 $1064 $1065 reversed $186 $-1 #
coedge $-1 -1 -1 $-1 $729 $728 $425 $709 forward $730 $-1 #
edge $1066 -1 -1 $-1 $1067 0 $714 0.29999999999999893 $425 $1068 forward @7 unknown T 8.0978000000000012 -0.3629 0 8.3978000000000002 -0.3629 0 #
coedge $-1 -1 -1 $-1 $426 $1069 $1070 $1071 reversed $186 $-1 #
coedge $-1 -1 -1 $-1 $721 $720 $426 $712 forward $423 $-1 #
edge $1072 -1 -1 $-1 $715 0 $1073 0.70539999999999914 $426 $1074 forward @7 unknown T 8.3946000000000005 -5.7999999999999998 0 9.0999999999999996 -5.7999999999999998 0 #
fbm_tag-tag-sys-attrib $-1 -1 $-1 $-1 $428 2 1 2 1 1 1 3 1 1 1 1 1 1 1 0 1 1 1 origin_live $428 @13 [edge0#edge0] #
vertex $1075 -1 -1 $-1 $709 $1076 #
vertex $1077 -1 -1 $-1 $428 $1078 #
straight-curve $-1 -1 -1 $-1 8.3978000000000002 -0.3629 0 -0.00058854894075441517 -0.99999982680505717 0 F 0 F 5.4371009416783869 #
coedge $-1 -1 -1 $-1 $1079 $429 $1080 $1081 forward $132 $-1 #
coedge $-1 -1 -1 $-1 $1082 $1083 $429 $719 reversed $705 $-1 #
edge $1084 -1 -1 $-1 $723 0 $1085 12.800000000000001 $429 $1086 forward @7 unknown T 9.0999999999999996 -5.7999999999999998 0.017000000000000088 9.0999999999999996 7.0000000000000009 0.017000000000000088 #
coedge $-1 -1 -1 $-1 $711 $430 $436 $735 forward $423 $-1 #
coedge $-1 -1 -1 $-1 $430 $711 $1082 $1087 reversed $423 $-1 #
fbm_tag-tag-sys-attrib $-1 -1 $-1 $-1 $431 2 1 2 1 1 1 3 1 1 1 1 1 1 1 0 1 1 1 origin_live $431 @43 [edge:ThickenSheet(split_new,edge1)#edge15] #
vertex $1088 -1 -1 $-1 $719 $1089 #
straight-curve $-1 -1 -1 $-1 8.3946000000000005 -5.7999999999999998 0.017000000000000088 1 0 0 I I #
coedge $-1 -1 -1 $-1 $432 $1090 $1091 $1092 forward $132 $-1 #
coedge $-1 -1 -1 $-1 $1093 $1094 $432 $727 reversed $1095 $-1 #
edge $1096 -1 -1 $-1 $1097 8.3266726846886741e-17 $732 0.46999999999999997 $432 $1098 forward @7 unknown T 8.0978000000000012 -0.3629 0.017000000000000088 8.0978000000000012 0.10709999999999992 0.017000000000000088 #
coedge $-1 -1 -1 $-1 $708 $433 $1094 $1099 forward $730 $-1 #
coedge $-1 -1 -1 $-1 $433 $708 $435 $734 forward $730 $-1 #
loop $-1 -1 -1 $-1 $-1 $433 $1100 T 8.0978000000000012 -0.3629 0 8.3978000000000002 -0.3629 0.017000000000000088 unknown #
fbm_tag-tag-sys-attrib $-1 -1 $-1 $-1 $434 2 1 2 1 1 1 3 1 1 1 1 1 1 1 0 1 1 1 origin_live $434 @44 [edge:ThickenSheet(split_new,edge10)#edge13] #
vertex $1101 -1 -1 $-1 $434 $1102 #
straight-curve $-1 -1 -1 $-1 8.0978000000000012 -0.3629 0.017000000000000088 1 0 0 I I #
edge $1103 -1 -1 $-1 $714 -0.017000000000000088 $438 0 $729 $1104 forward @7 unknown T 8.3978000000000002 -0.3629 0 8.3978000000000002 -0.3629 0.017000000000000088 #
edge $1105 -1 -1 $-1 $439 0 $715 0.017000000000000088 $720 $1106 forward @7 unknown T 8.3946000000000005 -5.7999999999999998 0 8.3946000000000005 -5.7999999999999998 0.017000000000000088 #
fbm_tag-tag-sys-attrib $-1 -1 $-1 $-1 $438 2 1 2 1 1 1 3 1 1 1 1 1 1 1 0 1 1 1 origin_live $438 @49 [vertex:ThickenSheet(split_new,vertex0)#vertex21] #
point $-1 -1 -1 $-1 8.3978000000000002 -0.3629 0.017000000000000088 #
fbm_tag-tag-sys-attrib $-1 -1 $-1 $-1 $439 2 1 2 1 1 1 3 1 1 1 1 1 1 1 0 1 1 1 origin_live $439 @17 [vertex1#vertex1] #
point $-1 -1 -1 $-1 8.3946000000000005 -5.7999999999999998 0.017000000000000088 #
real_attrib-name_attrib-gen-attrib $-1 -1 $1107 $441 $7 2 1 1 1 1 1 1 1 1 1 1 1 1 1 0 1 1 1 @16 FEM_conductivity 58000000 #
fbm_tag-tag-sys-attrib $-1 -1 $-1 $-1 $443 2 1 2 1 1 1 3 1 1 1 1 1 1 1 0 1 1 1 origin_live $443 @25 [face:Extrude(end)#face2] #
face $1108 -1 -1 $-1 $-1 $1109 $71 $-1 $1110 forward single F F #
plane-surface $-1 -1 -1 $-1 6.4249999999999989 0 -0.010000000000000026 0 0 1 1 0 0 forward_v I I I I #
coedge $-1 -1 -1 $-1 $453 $1111 $455 $763 forward $444 $-1 #
coedge $-1 -1 -1 $-1 $1112 $446 $1111 $1113 reversed $275 $-1 #
coedge $-1 -1 -1 $-1 $446 $1112 $447 $750 forward $275 $-1 #
coedge $-1 -1 -1 $-1 $449 $455 $446 $748 reversed $456 $-1 #
edge $1114 -1 -1 $-1 $752 0 $1115 22.149999999999999 $446 $1116 forward @7 unknown T -4.6499999999999995 10 -0.010000000000000026 17.5 10 -0.010000000000000026 #
coedge $-1 -1 -1 $-1 $448 $447 $1117 $1118 reversed $192 $-1 #
edge $1119 -1 -1 $-1 $1120 0 $752 0.010000000000000026 $746 $1121 forward @7 unknown T 17.5 10 -0.010000000000000026 17.5 10 0 #
fbm_tag-tag-sys-attrib $-1 -1 $-1 $-1 $450 2 1 2 1 1 1 3 1 1 1 1 1 1 1 0 1 1 1 origin_live $450 @45 [edge:Extrude(top,edge1,extrude_path)#edge10] #
vertex $1122 -1 -1 $-1 $750 $1123 #
straight-curve $-1 -1 -1 $-1 17.5 -10 -0.010000000000000026 0 1 0 I I #
coedge $-1 -1 -1 $-1 $1117 $1124 $451 $755 forward $1109 $-1 #
edge $1125 -1 -1 $-1 $761 0 $757 22.149999999999999 $451 $1126 forward @7 unknown T -4.6499999999999995 -10 0 17.5 -10 0 #
fbm_tag-tag-sys-attrib $-1 -1 $-1 $-1 $452 2 1 2 1 1 1 3 1 1 1 1 1 1 1 0 1 1 1 origin_live $452 @54 [edge:Extrude(mid_lateral,vertex1,extrude_path)#edge5] #
vertex $1127 -1 -1 $-1 $1118 $1128 #
straight-curve $-1 -1 -1 $-1 17.5 -10 0 0 0 -1 I I #
coedge $-1 -1 -1 $-1 $1111 $453 $1124 $1129 reversed $444 $-1 #
fbm_tag-tag-sys-attrib $-1 -1 $-1 $-1 $454 2 1 2 1 1 1 3 1 1 1 1 1 1 1 0 1 1 1 origin_live $454 @54 [edge:Extrude(mid_lateral,vertex0,extrude_path)#edge4] #
vertex $1130 -1 -1 $-1 $1129 $1131 #
straight-curve $-1 -1 -1 $-1 -4.6499999999999995 -10 0 0 0 -1 I I #
edge $1132 -1 -1 $-1 $1115 0 $458 20 $744 $1133 forward @7 unknown T -4.6499999999999995 -10 -0.010000000000000026 -4.6499999999999995 10 -0.010000000000000026 #
fbm_tag-tag-sys-attrib $-1 -1 $-1 $-1 $458 2 1 2 1 1 1 3 1 1 1 1 1 1 1 0 1 1 1 origin_live $458 @54 [vertex:Extrude(mid_top,vertex0,extrude_path)#vertex4] #
point $-1 -1 -1 $-1 -4.6499999999999995 -10 -0.010000000000000026 #
fbm_tag-tag-sys-attrib $-1 -1 $-1 $-1 $459 2 1 2 1 1 1 3 1 1 1 1 1 1 1 0 1 1 1 origin_live $459 @54 [vertex:Extrude(mid_top,vertex1,extrude_path)#vertex6] #
point $-1 -1 -1 $-1 17.5 -10 -0.010000000000000026 #
real_attrib-name_attrib-gen-attrib $-1 -1 $1134 $461 $8 2 1 1 1 1 1 1 1 1 1 1 1 1 1 0 1 1 1 @16 FEM_conductivity 10000000000000000 #
edge $1135 -1 -1 $-1 $771 0 $774 26.250000000000004 $462 $1136 forward @7 unknown T 20.625 -13.125000000000002 0 20.625 13.125000000000002 0 #
fbm_tag-tag-sys-attrib $-1 -1 $-1 $-1 $463 2 1 2 1 1 1 3 1 1 1 1 1 1 1 0 1 1 1 origin_live $463 @13 [edge0#edge0] #
vertex $1137 -1 -1 $-1 $769 $1138 #
straight-curve $-1 -1 -1 $-1 -7.7750000000000004 -13.125000000000002 0 1 0 -0 I I #
fbm_tag-tag-sys-attrib $-1 -1 $-1 $-1 $464 2 1 2 1 1 1 3 1 1 1 1 1 1 1 0 1 1 1 origin_live $464 @13 [edge2#edge2] #
vertex $1139 -1 -1 $-1 $464 $1140 #
straight-curve $-1 -1 -1 $-1 20.625 13.125000000000002 0 -1 0 0 I I #
fbm_tag-tag-sys-attrib $-1 -1 $-1 $-1 $466 2 1 2 1 1 1 3 1 1 1 1 1 1 1 0 1 1 1 origin_live $466 @17 [vertex3#vertex3] #
point $-1 -1 -1 $-1 -7.7750000000000004 13.125000000000002 0 #
fbm_tag-tag-sys-attrib $-1 -1 $-1 $-1 $467 2 1 2 1 1 1 3 1 1 1 1 1 1 1 0 1 1 1 origin_live $467 @17 [vertex0#vertex0] #
point $-1 -1 -1 $-1 -7.7750000000000004 -13.125000000000002 0 #
face $-1 -1 -1 $-1 $-1 $484 $78 $-1 $1141 reversed single F F #
loop $-1 -1 -1 $-1 $-1 $796 $469 F unknown #
plane-surface $-1 -1 -1 $-1 0 13.125000000000002 0 0 -1 0 0 0 -1 forward_v I I I I #
coedge $-1 -1 -1 $-1 $1142 $794 $797 $1143 forward $470 $-1 #
coedge $-1 -1 -1 $-1 $800 $472 $473 $788 reversed $287 $-1 #
coedge $-1 -1 -1 $-1 $794 $1142 $472 $786 reversed $470 $-1 #
edge $-1 -1 -1 $-1 $801 -5.6769999999999996 $1144 5.6769999999999996 $785 $1145 forward @7 unknown F #
coedge $-1 -1 -1 $-1 $474 $473 $1142 $1146 forward $199 $-1 #
edge $-1 -1 -1 $-1 $792 -14.199999999999999 $1144 14.199999999999999 $784 $1147 forward @7 unknown F #
coedge $-1 -1 -1 $-1 $797 $796 $474 $790 reversed $781 $-1 #
edge $-1 -1 -1 $-1 $1148 -14.199999999999999 $791 14.199999999999999 $789 $1149 forward @7 unknown F #
vertex $-1 -1 -1 $-1 $476 $1150 #
vertex $-1 -1 -1 $-1 $803 $1151 #
straight-curve $-1 -1 -1 $-1 14.199999999999999 0 -5.6769999999999996 0 -1 0 I I #
coedge $-1 -1 -1 $-1 $783 $785 $477 $795 reversed $470 $-1 #
edge $-1 -1 -1 $-1 $798 -13.125000000000002 $801 13.125000000000002 $794 $1152 forward @7 unknown F #
coedge $-1 -1 -1 $-1 $789 $478 $483 $804 forward $781 $-1 #
coedge $-1 -1 -1 $-1 $478 $789 $783 $1143 reversed $781 $-1 #
vertex $-1 -1 -1 $-1 $479 $1153 #
straight-curve $-1 -1 -1 $-1 0 13.125000000000002 5.6769999999999996 -1 0 0 I I #
coedge $-1 -1 -1 $-1 $480 $784 $482 $803 reversed $287 $-1 #
vertex $-1 -1 -1 $-1 $795 $1154 #
straight-curve $-1 -1 -1 $-1 0 -13.125000000000002 5.6769999999999996 1 0 0 I I #
edge $-1 -1 -1 $-1 $485 -5.6769999999999996 $792 5.6769999999999996 $482 $1155 forward @7 unknown F #
edge $-1 -1 -1 $-1 $486 -5.6769999999999996 $791 5.6769999999999996 $483 $1156 forward @7 unknown F #
point $-1 -1 -1 $-1 14.199999999999999 -13.125000000000002 5.6769999999999996 #
point $-1 -1 -1 $-1 14.199999999999999 13.125000000000002 5.6769999999999996 #
real_attrib-name_attrib-gen-attrib $-1 -1 $1157 $488 $0 2 1 1 1 1 1 1 1 1 1 1 1 1 1 0 1 1 1 @12 FEM_priority 0 #
fbm_tag-tag-sys-attrib $-1 -1 $-1 $-1 $490 2 1 2 1 1 1 3 1 1 1 1 1 1 1 0 1 1 1 origin_live $490 @14 [face_2#face2] #
plane-surface $-1 -1 -1 $-1 14.200000000000001 0 5.6769999999999996 -1 0 0 0 0 1 forward_v I I I I #
coedge $-1 -1 -1 $-1 $495 $493 $497 $815 reversed $297 $-1 #
edge $1158 -1 -1 $-1 $510 -5.6769999999999996 $819 5.6769999999999996 $508 $1159 forward @7 unknown T -14.200000000000001 13.125000000000002 0 -14.200000000000001 13.125000000000002 11.353999999999999 #
fbm_tag-tag-sys-attrib $-1 -1 $-1 $-1 $496 2 1 2 1 1 1 3 1 1 1 1 1 1 1 0 1 1 1 origin_live $496 @14 [edge_4#edge4] #
vertex $1160 -1 -1 $-1 $815 $1161 #
straight-curve $-1 -1 -1 $-1 -14.200000000000001 -13.125000000000002 5.6769999999999996 0 0 -1 I I #
edge $1162 -1 -1 $-1 $813 -13.125000000000002 $819 13.125000000000002 $810 $1163 forward @7 unknown T -14.200000000000001 -13.125000000000002 0 -14.200000000000001 13.125000000000002 0 #
fbm_tag-tag-sys-attrib $-1 -1 $-1 $-1 $498 2 1 2 1 1 1 3 1 1 1 1 1 1 1 0 1 1 1 origin_live $498 @14 [edge_2#edge2] #
straight-curve $-1 -1 -1 $-1 0 -13.125000000000002 0 -1 0 0 I I #
fbm_tag-tag-sys-attrib $-1 -1 $-1 $-1 $500 2 1 2 1 1 1 3 1 1 1 1 1 1 1 0 1 1 1 origin_live $500 @14 [edge_1#edge1] #
vertex $1164 -1 -1 $-1 $500 $1165 #
straight-curve $-1 -1 -1 $-1 0 13.125000000000002 0 1 0 0 I I #
fbm_tag-tag-sys-attrib $-1 -1 $-1 $-1 $502 2 1 2 1 1 1 3 1 1 1 1 1 1 1 0 1 1 1 origin_live $502 @18 [vertex_3#vertex3] #
point $-1 -1 -1 $-1 14.200000000000001 13.125000000000002 0 #
fbm_tag-tag-sys-attrib $-1 -1 $-1 $-1 $503 2 1 2 1 1 1 3 1 1 1 1 1 1 1 0 1 1 1 origin_live $503 @18 [vertex_2#vertex2] #
point $-1 -1 -1 $-1 14.200000000000001 -13.125000000000002 0 #
fbm_tag-tag-sys-attrib $-1 -1 $-1 $-1 $506 2 1 2 1 1 1 3 1 1 1 1 1 1 1 0 1 1 1 origin_live $506 @14 [edge_7#edge7] #
straight-curve $-1 -1 -1 $-1 -14.200000000000001 0 11.353999999999999 0 -1 0 I I #
fbm_tag-tag-sys-attrib $-1 -1 $-1 $-1 $510 2 1 2 1 1 1 3 1 1 1 1 1 1 1 0 1 1 1 origin_live $510 @18 [vertex_5#vertex5] #
point $-1 -1 -1 $-1 -14.200000000000001 13.125000000000002 11.353999999999999 #
fbm_tag-tag-sys-attrib $-1 -1 $-1 $-1 $514 2 1 2 1 1 1 3 1 1 1 1 1 1 1 0 1 1 1 origin_live $514 @18 [vertex_4#vertex4] #
point $-1 -1 -1 $-1 -14.200000000000001 -13.125000000000002 11.353999999999999 #
fbm_tag-tag-sys-attrib $-1 -1 $-1 $-1 $516 2 1 2 1 1 1 3 1 1 1 1 1 1 1 0 1 1 1 origin_live $516 @14 [edge_8#edge8] #
straight-curve $-1 -1 -1 $-1 14.200000000000001 -13.125000000000002 5.6769999999999996 0 0 -1 I I #
fbm_tag-tag-sys-attrib $-1 -1 $-1 $-1 $517 2 1 2 1 1 1 3 1 1 1 1 1 1 1 0 1 1 1 origin_live $517 @16 [edge_10#edge10] #
straight-curve $-1 -1 -1 $-1 14.200000000000001 13.125000000000002 5.6769999999999996 0 0 -1 I I #
real_attrib-name_attrib-gen-attrib $-1 -1 $1166 $522 $1 2 1 1 1 1 1 1 1 1 1 1 1 1 1 0 1 1 1 @12 FEM_priority 50 #
fbm_tag-tag-sys-attrib $-1 -1 $-1 $-1 $524 2 1 2 1 1 1 3 1 1 1 1 1 1 1 0 1 1 1 origin_live $524 @27 [face:Extrude(start)#face1] #
loop $-1 -1 -1 $-1 $-1 $852 $524 T -7.7750000000000004 -13.125000000000002 0 20.625 13.125000000000002 0 unknown #
plane-surface $-1 -1 -1 $-1 6.4249999999999989 0 0 0 0 1 1 0 0 forward_v I I I I #
coedge $-1 -1 -1 $-1 $526 $541 $527 $841 forward $319 $-1 #
coedge $-1 -1 -1 $-1 $528 $527 $1167 $1168 forward $215 $-1 #
edge $1169 -1 -1 $-1 $1170 0 $843 1.3200000000000001 $839 $1171 forward @7 unknown T -7.7750000000000004 -13.125000000000002 0 -7.7750000000000004 -13.125000000000002 1.3200000000000001 #
fbm_tag-tag-sys-attrib $-1 -1 $-1 $-1 $530 2 1 2 1 1 1 3 1 1 1 1 1 1 1 0 1 1 1 origin_live $530 @45 [edge:Extrude(top,edge0,extrude_path)#edge10] #
vertex $1172 -1 -1 $-1 $841 $1173 #
straight-curve $-1 -1 -1 $-1 -7.7750000000000004 -13.125000000000002 1.3200000000000001 -1 -0 -0 I I #
coedge $-1 -1 -1 $-1 $1167 $536 $531 $846 reversed $837 $-1 #
edge $1174 -1 -1 $-1 $848 0 $539 26.250000000000004 $531 $1175 forward @7 unknown T 20.625 -13.125000000000002 0 20.625 13.125000000000002 0 #
fbm_tag-tag-sys-attrib $-1 -1 $-1 $-1 $532 2 1 2 1 1 1 3 1 1 1 1 1 1 1 0 1 1 1 origin_live $532 @54 [edge:Extrude(mid_lateral,vertex1,extrude_path)#edge5] #
vertex $1176 -1 -1 $-1 $846 $1177 #
straight-curve $-1 -1 -1 $-1 20.625 -13.125000000000002 0 0 0 1 I I #
fbm_tag-tag-sys-attrib $-1 -1 $-1 $-1 $534 2 1 2 1 1 1 3 1 1 1 1 1 1 1 0 1 1 1 origin_live $534 @54 [vertex:Extrude(mid_top,vertex1,extrude_path)#vertex6] #
point $-1 -1 -1 $-1 20.625 -13.125000000000002 1.3200000000000001 #
coedge $-1 -1 -1 $-1 $536 $1167 $541 $857 reversed $837 $-1 #
fbm_tag-tag-sys-attrib $-1 -1 $-1 $-1 $537 2 1 2 1 1 1 3 1 1 1 1 1 1 1 0 1 1 1 origin_live $537 @13 [edge2#edge2] #
straight-curve $-1 -1 -1 $-1 20.625 13.125000000000002 0 -1 0 0 I I #
fbm_tag-tag-sys-attrib $-1 -1 $-1 $-1 $539 2 1 2 1 1 1 3 1 1 1 1 1 1 1 0 1 1 1 origin_live $539 @17 [vertex2#vertex2] #
point $-1 -1 -1 $-1 20.625 13.125000000000002 0 #
edge $1178 -1 -1 $-1 $543 0 $1170 26.250000000000004 $541 $1179 forward @7 unknown T -7.7750000000000004 -13.125000000000002 0 -7.7750000000000004 13.125000000000002 0 #
fbm_tag-tag-sys-attrib $-1 -1 $-1 $-1 $543 2 1 2 1 1 1 3 1 1 1 1 1 1 1 0 1 1 1 origin_live $543 @17 [vertex3#vertex3] #
point $-1 -1 -1 $-1 -7.7750000000000004 13.125000000000002 0 #
fbm_tag-tag-sys-attrib $-1 -1 $-1 $-1 $545 2 1 2 1 1 1 3 1 1 1 1 1 1 1 0 1 1 1 origin_live $545 @44 [edge:Extrude(top,edge3,extrude_path)#edge8] #
straight-curve $-1 -1 -1 $-1 -7.7750000000000004 13.125000000000002 1.3200000000000001 0 1 0 I I #
real_attrib-name_attrib-gen-attrib $-1 -1 $1180 $550 $2 2 1 1 1 1 1 1 1 1 1 1 1 1 1 0 1 1 1 @12 FEM_priority 160 #
fbm_tag-tag-sys-attrib $-1 -1 $-1 $-1 $552 2 1 2 1 1 1 3 1 1 1 1 1 1 1 0 1 1 1 origin_live $552 @67 [face:ThickenSheet(tweak,face:ThickenSheet(split_gap,edge3))#face8] #
face $1181 -1 -1 $-1 $1182 $1183 $51 $-1 $1184 forward single F F #
loop $-1 -1 -1 $-1 $-1 $884 $552 T 5.5716000000000001 -0.80769999999999997 0 5.6068999999999996 -0.59999999999999998 0.017000000000000088 unknown #
plane-surface $-1 -1 -1 $-1 5.5892499999999998 -0.70384999999999998 0 -0.98586290406593435 0.16755397454755386 -0 -0 0 1 forward_v I I I I #
coedge $-1 -1 -1 $-1 $1185 $555 $1186 $1187 reversed $162 $-1 #
coedge $-1 -1 -1 $-1 $898 $897 $555 $869 forward $899 $-1 #
edge $1188 -1 -1 $-1 $1189 0 $871 1.5798999999999999 $555 $1190 forward @7 unknown T -4.2999999999999998 -0.5 0 -2.7201 -0.5 0 #
fbm_tag-tag-sys-attrib $-1 -1 $-1 $-1 $557 2 1 2 1 1 1 3 1 1 1 1 1 1 1 0 1 1 1 origin_live $557 @15 [edge12#edge12] #
vertex $1191 -1 -1 $-1 $869 $1192 #
straight-curve $-1 -1 -1 $-1 -4.2999999999999998 -0.5 0 0 -1 0 F 0 F 5.2999999999999998 #
coedge $-1 -1 -1 $-1 $558 $1193 $1194 $1195 reversed $162 $-1 #
coedge $-1 -1 -1 $-1 $887 $886 $558 $875 forward $553 $-1 #
edge $1196 -1 -1 $-1 $877 0 $1197 0.59090000000000042 $558 $1198 forward @7 unknown T 5.6068999999999996 -0.59999999999999998 0 6.1978 -0.59999999999999964 0 #
fbm_tag-tag-sys-attrib $-1 -1 $-1 $-1 $560 2 1 2 1 1 1 3 1 1 1 1 1 1 1 0 1 1 1 origin_live $560 @13 [edge1#edge1] #
vertex $1199 -1 -1 $-1 $560 $1200 #
straight-curve $-1 -1 -1 $-1 6.1945999999999994 -5.7999999999999998 0 0.0006153844988622207 0.99999981065094135 0 F -5.465712317074007e-19 F 5.2000009846152917 #
fbm_tag-tag-sys-attrib $-1 -1 $-1 $-1 $562 2 1 2 1 1 1 3 1 1 1 1 1 1 1 0 1 1 1 origin_live $562 @17 [vertex0#vertex0] #
point $-1 -1 -1 $-1 -4.2999999999999998 -5.7999999999999998 0 #
fbm_tag-tag-sys-attrib $-1 -1 $-1 $-1 $563 2 1 2 1 1 1 3 1 1 1 1 1 1 1 0 1 1 1 origin_live $563 @49 [vertex:ThickenSheet(split_new,vertex1)#vertex23] #
point $-1 -1 -1 $-1 6.1945999999999986 -5.7999999999999998 0 #
coedge $-1 -1 -1 $-1 $1201 $565 $1202 $1203 forward $112 $-1 #
coedge $-1 -1 -1 $-1 $1204 $1205 $565 $885 reversed $865 $-1 #
edge $1206 -1 -1 $-1 $889 0 $1207 0.21067838047602314 $565 $1208 forward @7 unknown T 5.5716000000000001 -0.80769999999999997 0.017000000000000088 5.6068999999999996 -0.59999999999999998 0.017000000000000088 #
coedge $-1 -1 -1 $-1 $874 $566 $569 $891 forward $553 $-1 #
coedge $-1 -1 -1 $-1 $566 $874 $1204 $1209 reversed $553 $-1 #
fbm_tag-tag-sys-attrib $-1 -1 $-1 $-1 $567 2 1 2 1 1 1 3 1 1 1 1 1 1 1 0 1 1 1 origin_live $567 @43 [edge:ThickenSheet(split_new,edge2)#edge23] #
vertex $1210 -1 -1 $-1 $885 $1211 #
straight-curve $-1 -1 -1 $-1 6.1978 -0.59999999999999998 0.017000000000000088 -1 0 0 I I #
edge $1212 -1 -1 $-1 $571 0 $877 0.017000000000000088 $886 $1213 forward @7 unknown T 6.1978 -0.59999999999999964 0 6.1978 -0.59999999999999964 0.017000000000000088 #
fbm_tag-tag-sys-attrib $-1 -1 $-1 $-1 $571 2 1 2 1 1 1 3 1 1 1 1 1 1 1 0 1 1 1 origin_live $571 @17 [vertex2#vertex2] #
point $-1 -1 -1 $-1 6.1978 -0.59999999999999964 0.017000000000000088 #
coedge $-1 -1 -1 $-1 $573 $1214 $1215 $1216 forward $112 $-1 #
coedge $-1 -1 -1 $-1 $1217 $1218 $573 $896 reversed $1219 $-1 #
edge $1220 -1 -1 $-1 $1221 0 $901 1.961857347005638 $573 $1222 forward @7 unknown T -2.7201 -2.3395000000000001 0.017000000000000088 -2.0381 -0.5 0.017000000000000088 #
coedge $-1 -1 -1 $-1 $868 $574 $1218 $1223 forward $899 $-1 #
coedge $-1 -1 -1 $-1 $574 $868 $576 $903 reversed $899 $-1 #
loop $-1 -1 -1 $-1 $-1 $574 $1224 T -4.2999999999999998 -0.5 0 -2.7201 -0.5 0.017000000000000088 unknown #
fbm_tag-tag-sys-attrib $-1 -1 $-1 $-1 $575 2 1 2 1 1 1 3 1 1 1 1 1 1 1 0 1 1 1 origin_live $575 @44 [edge:ThickenSheet(split_new,edge11)#edge16] #
vertex $1225 -1 -1 $-1 $575 $1226 #
straight-curve $-1 -1 -1 $-1 -2.7201 -0.5 0.017000000000000088 -1 0 0 I I #
edge $1227 -1 -1 $-1 $580 0 $871 0.017000000000000088 $576 $1228 forward @7 unknown T -4.2999999999999998 -0.5 0 -4.2999999999999998 -0.5 0.017000000000000088 #
face $1229 -1 -1 $-1 $-1 $578 $51 $-1 $1230 forward single F F #
fbm_tag-tag-sys-attrib $-1 -1 $-1 $-1 $580 2 1 2 1 1 1 3 1 1 1 1 1 1 1 0 1 1 1 origin_live $580 @19 [vertex12#vertex12] #
point $-1 -1 -1 $-1 -4.2999999999999998 -0.5 0.017000000000000088 #
fbm_tag-tag-sys-attrib $-1 -1 $-1 $-1 $582 2 1 2 1 1 1 3 1 1 1 1 1 1 1 0 1 1 1 origin_live $582 @45 [edge:ThickenSheet(split_gap,vertex0)#edge13] #
straight-curve $-1 -1 -1 $-1 -4.2999999999999998 -5.7999999999999998 0.017000000000000088 -0 -0 1 F -10011.79383964005 F 10011.75983964005 #
fbm_tag-tag-sys-attrib $-1 -1 $-1 $-1 $583 2 1 2 1 1 1 3 1 1 1 1 1 1 1 0 1 1 1 origin_live $583 @45 [edge:ThickenSheet(split_gap,vertex1)#edge21] #
straight-curve $-1 -1 -1 $-1 6.1945999999999986 -5.7999999999999998 0.017000000000000088 0 0 -1 F -10011.75983964005 F 10011.79383964005 #
real_attrib-name_attrib-gen-attrib $-1 -1 $1231 $588 $3 2 1 1 1 1 1 1 1 1 1 1 1 1 1 0 1 1 1 @12 FEM_priority 160 #
fbm_tag-tag-sys-attrib $-1 -1 $-1 $-1 $590 2 1 2 1 1 1 3 1 1 1 1 1 1 1 0 1 1 1 origin_live $590 @67 [face:ThickenSheet(tweak,face:ThickenSheet(split_gap,edge3))#face8] #
face $1232 -1 -1 $-1 $1233 $1234 $55 $-1 $1235 forward single F F #
loop $-1 -1 -1 $-1 $-1 $933 $590 T -0.5950000000000002 4.8685 0 1.2942999999999998 5.3971 0.017000000000000088 unknown #
plane-surface $-1 -1 -1 $-1 0.34964999999999991 5.1327999999999996 0 0.26943896359530267 -0.96301746863527304 -0 0 0 -1 forward_v I I I I #
coedge $-1 -1 -1 $-1 $1236 $593 $1237 $1238 reversed $168 $-1 #
coedge $-1 -1 -1 $-1 $947 $946 $593 $918 forward $948 $-1 #
edge $1239 -1 -1 $-1 $1240 0 $920 10.494599999999998 $593 $1241 forward @7 unknown T -4.2999999999999989 7 0 6.1945999999999994 7 0 #
fbm_tag-tag-sys-attrib $-1 -1 $-1 $-1 $595 2 1 2 1 1 1 3 1 1 1 1 1 1 1 0 1 1 1 origin_live $595 @15 [edge12#edge12] #
vertex $1242 -1 -1 $-1 $918 $1243 #
straight-curve $-1 -1 -1 $-1 -4.2999999999999998 7 0 0 -1 0 F 0 F 5.2999999999999998 #
coedge $-1 -1 -1 $-1 $596 $1244 $1245 $1246 reversed $168 $-1 #
coedge $-1 -1 -1 $-1 $936 $935 $596 $924 forward $591 $-1 #
edge $1247 -1 -1 $-1 $926 0 $1248 1.9618304233546788 $596 $1249 forward @7 unknown T -2.0381 3.5395000000000003 0 -0.5950000000000002 4.8685 0 #
fbm_tag-tag-sys-attrib $-1 -1 $-1 $-1 $598 2 1 2 1 1 1 3 1 1 1 1 1 1 1 0 1 1 1 origin_live $598 @13 [edge1#edge1] #
vertex $1250 -1 -1 $-1 $598 $1251 #
straight-curve $-1 -1 -1 $-1 -2.7201 1.7 0 0.34762976066579421 0.93763188378992457 0 F 0 F 1.9618573470056382 #
fbm_tag-tag-sys-attrib $-1 -1 $-1 $-1 $600 2 1 2 1 1 1 3 1 1 1 1 1 1 1 0 1 1 1 origin_live $600 @17 [vertex0#vertex0] #
point $-1 -1 -1 $-1 -4.2999999999999998 1.7 0 #
fbm_tag-tag-sys-attrib $-1 -1 $-1 $-1 $601 2 1 2 1 1 1 3 1 1 1 1 1 1 1 0 1 1 1 origin_live $601 @49 [vertex:ThickenSheet(split_new,vertex1)#vertex14] #
point $-1 -1 -1 $-1 -2.7201 1.7 0 #
coedge $-1 -1 -1 $-1 $1252 $603 $1253 $1254 forward $117 $-1 #
coedge $-1 -1 -1 $-1 $1255 $1256 $603 $934 reversed $914 $-1 #
edge $1257 -1 -1 $-1 $938 -1.0691641667951147e-16 $1258 1.9618543396490984 $603 $1259 forward @7 unknown T -0.5950000000000002 4.8685 0.017000000000000088 1.2942999999999998 5.3971 0.017000000000000088 #
coedge $-1 -1 -1 $-1 $923 $604 $607 $940 forward $591 $-1 #
coedge $-1 -1 -1 $-1 $604 $923 $1255 $1260 reversed $591 $-1 #
fbm_tag-tag-sys-attrib $-1 -1 $-1 $-1 $605 2 1 2 1 1 1 3 1 1 1 1 1 1 1 0 1 1 1 origin_live $605 @43 [edge:ThickenSheet(split_new,edge2)#edge23] #
vertex $1261 -1 -1 $-1 $934 $1262 #
straight-curve $-1 -1 -1 $-1 -2.0381 3.5395000000000003 0.017000000000000088 0.73558855180374672 0.6774285810735079 0 I I #
edge $1263 -1 -1 $-1 $609 0 $926 0.017000000000000088 $935 $1264 forward @7 unknown T -2.0381 3.5395000000000003 0 -2.0381 3.5395000000000003 0.017000000000000088 #
fbm_tag-tag-sys-attrib $-1 -1 $-1 $-1 $609 2 1 2 1 1 1 3 1 1 1 1 1 1 1 0 1 1 1 origin_live $609 @17 [vertex2#vertex2] #
point $-1 -1 -1 $-1 -2.0381 3.5395000000000003 0.017000000000000088 #
coedge $-1 -1 -1 $-1 $611 $1265 $1266 $1267 forward $117 $-1 #
coedge $-1 -1 -1 $-1 $1268 $1269 $611 $945 reversed $1270 $-1 #
edge $1271 -1 -1 $-1 $1272 0 $950 5.2170009814068461 $611 $1273 forward @7 unknown T 6.1945999999999994 1.7830000000000001 0.017000000000000088 6.1978 7 0.017000000000000088 #
coedge $-1 -1 -1 $-1 $917 $612 $1269 $1274 forward $948 $-1 #
coedge $-1 -1 -1 $-1 $612 $917 $614 $952 reversed $948 $-1 #
loop $-1 -1 -1 $-1 $-1 $612 $1275 T -4.2999999999999989 7 0 6.1945999999999994 7 0.017000000000000088 unknown #
fbm_tag-tag-sys-attrib $-1 -1 $-1 $-1 $613 2 1 2 1 1 1 3 1 1 1 1 1 1 1 0 1 1 1 origin_live $613 @44 [edge:ThickenSheet(split_new,edge11)#edge16] #
vertex $1276 -1 -1 $-1 $613 $1277 #
straight-curve $-1 -1 -1 $-1 6.1945999999999994 7 0.017000000000000088 -1 0 0 I I #
edge $1278 -1 -1 $-1 $618 0 $920 0.017000000000000088 $614 $1279 forward @7 unknown T -4.2999999999999989 7 0 -4.2999999999999989 7 0.017000000000000088 #
face $1280 -1 -1 $-1 $-1 $616 $55 $-1 $1281 forward single F F #
fbm_tag-tag-sys-attrib $-1 -1 $-1 $-1 $618 2 1 2 1 1 1 3 1 1 1 1 1 1 1 0 1 1 1 origin_live $618 @19 [vertex12#vertex12] #
point $-1 -1 -1 $-1 -4.2999999999999989 7 0.017000000000000088 #
fbm_tag-tag-sys-attrib $-1 -1 $-1 $-1 $620 2 1 2 1 1 1 3 1 1 1 1 1 1 1 0 1 1 1 origin_live $620 @45 [edge:ThickenSheet(split_gap,vertex0)#edge13] #
straight-curve $-1 -1 -1 $-1 -4.2999999999999998 1.7 0.017000000000000088 -0 -0 1 F -10011.79383964005 F 10011.75983964005 #
fbm_tag-tag-sys-attrib $-1 -1 $-1 $-1 $621 2 1 2 1 1 1 3 1 1 1 1 1 1 1 0 1 1 1 origin_live $621 @45 [edge:ThickenSheet(split_gap,vertex1)#edge18] #
straight-curve $-1 -1 -1 $-1 -2.7201 1.7 0.017000000000000088 0 0 -1 F -10011.75983964005 F 10011.79383964005 #
real_attrib-name_attrib-gen-attrib $-1 -1 $1282 $626 $4 2 1 1 1 1 1 1 1 1 1 1 1 1 1 0 1 1 1 @12 FEM_priority 160 #
fbm_tag-tag-sys-attrib $-1 -1 $-1 $-1 $628 2 1 2 1 1 1 3 1 1 1 1 1 1 1 0 1 1 1 origin_live $628 @68 [face:ThickenSheet(tweak,face:ThickenSheet(split_gap,edge3))#face22] #
face $1283 -1 -1 $-1 $1284 $1285 $59 $-1 $1286 forward single F F #
loop $-1 -1 -1 $-1 $-1 $982 $628 T -1.1245999999999998 2.9267999999999996 0 -0.059399999999999897 3.9077000000000002 0.017000000000000088 unknown #
plane-surface $-1 -1 -1 $-1 -0.59199999999999986 3.4172499999999997 0 0.67739905917231669 -0.73561573843444927 -0 0 0 -1 forward_v I I I I #
coedge $-1 -1 -1 $-1 $1287 $631 $1288 $1289 reversed $174 $-1 #
coedge $-1 -1 -1 $-1 $996 $995 $631 $967 forward $997 $-1 #
edge $1290 -1 -1 $-1 $1291 0 $969 1.448019630391798 $631 $1292 forward @7 unknown T -1.6280000000000001 -1.7267999999999999 0 -1.1245999999999998 -0.36909999999999998 0 #
fbm_tag-tag-sys-attrib $-1 -1 $-1 $-1 $633 2 1 2 1 1 1 3 1 1 1 1 1 1 1 0 1 1 1 origin_live $633 @15 [edge75#edge75] #
vertex $1293 -1 -1 $-1 $967 $1294 #
straight-curve $-1 -1 -1 $-1 -1.6280000000000001 -0.36910000000000004 0 -0.059498846477141556 0.99822837430514333 0 F 5.5412806249385456e-17 F 0.36975506757852555 #
coedge $-1 -1 -1 $-1 $634 $1295 $1296 $1297 reversed $174 $-1 #
coedge $-1 -1 -1 $-1 $985 $984 $634 $973 forward $629 $-1 #
edge $1298 -1 -1 $-1 $975 0 $1299 1.4480196303917978 $634 $1300 forward @7 unknown T -1.6280000000000001 1.5690999999999999 0 -1.1245999999999998 2.9267999999999996 0 #
fbm_tag-tag-sys-attrib $-1 -1 $-1 $-1 $636 2 1 2 1 1 1 3 1 1 1 1 1 1 1 0 1 1 1 origin_live $636 @13 [edge1#edge1] #
vertex $1301 -1 -1 $-1 $636 $1302 #
straight-curve $-1 -1 -1 $-1 -1.6499999999999999 1.2 0 0.059498846477141577 0.99822837430514355 0 F 0 F 0.36975506757852561 #
fbm_tag-tag-sys-attrib $-1 -1 $-1 $-1 $638 2 1 2 1 1 1 3 1 1 1 1 1 1 1 0 1 1 1 origin_live $638 @17 [vertex0#vertex0] #
point $-1 -1 -1 $-1 -1.6499999999999999 0 0 #
fbm_tag-tag-sys-attrib $-1 -1 $-1 $-1 $639 2 1 2 1 1 1 3 1 1 1 1 1 1 1 0 1 1 1 origin_live $639 @49 [vertex:ThickenSheet(split_new,vertex1)#vertex82] #
point $-1 -1 -1 $-1 -1.6499999999999999 1.2 0 #
coedge $-1 -1 -1 $-1 $1303 $641 $1304 $1305 forward $122 $-1 #
coedge $-1 -1 -1 $-1 $1306 $1307 $641 $983 reversed $963 $-1 #
edge $1308 -1 -1 $-1 $987 0 $1309 1.4480386217225014 $641 $1310 forward @7 unknown T -1.1245999999999998 2.9267999999999996 0.017000000000000088 -0.059399999999999897 3.9077000000000002 0.017000000000000088 #
coedge $-1 -1 -1 $-1 $972 $642 $645 $989 forward $629 $-1 #
coedge $-1 -1 -1 $-1 $642 $972 $1306 $1311 reversed $629 $-1 #
fbm_tag-tag-sys-attrib $-1 -1 $-1 $-1 $643 2 1 2 1 1 1 3 1 1 1 1 1 1 1 0 1 1 1 origin_live $643 @44 [edge:ThickenSheet(split_new,edge2)#edge106] #
vertex $1312 -1 -1 $-1 $983 $1313 #
straight-curve $-1 -1 -1 $-1 -1.6280000000000001 1.5690999999999999 0.017000000000000088 0.34764722068290793 0.93762541025264945 0 I I #
edge $1314 -1 -1 $-1 $647 0 $975 0.017000000000000088 $984 $1315 forward @7 unknown T -1.6280000000000001 1.5690999999999999 0 -1.6280000000000001 1.5690999999999999 0.017000000000000088 #
fbm_tag-tag-sys-attrib $-1 -1 $-1 $-1 $647 2 1 2 1 1 1 3 1 1 1 1 1 1 1 0 1 1 1 origin_live $647 @17 [vertex2#vertex2] #
point $-1 -1 -1 $-1 -1.6280000000000001 1.5690999999999999 0.017000000000000088 #
coedge $-1 -1 -1 $-1 $649 $1316 $1317 $1318 forward $122 $-1 #
coedge $-1 -1 -1 $-1 $1319 $1320 $649 $994 reversed $1321 $-1 #
edge $1322 -1 -1 $-1 $1323 -7.6565393445615242e-17 $999 1.4480386217225012 $649 $1324 forward @7 unknown T -1.1245999999999998 -2.7077 0.017000000000000088 -0.059399999999999897 -1.7267999999999999 0.017000000000000088 #
coedge $-1 -1 -1 $-1 $966 $650 $1320 $1325 forward $997 $-1 #
coedge $-1 -1 -1 $-1 $650 $966 $652 $1001 reversed $997 $-1 #
loop $-1 -1 -1 $-1 $-1 $650 $1326 T -1.6280000000000001 -1.7267999999999999 0 -1.1245999999999998 -0.36909999999999998 0.017000000000000088 unknown #
fbm_tag-tag-sys-attrib $-1 -1 $-1 $-1 $651 2 1 2 1 1 1 3 1 1 1 1 1 1 1 0 1 1 1 origin_live $651 @45 [edge:ThickenSheet(split_new,edge74)#edge219] #
vertex $1327 -1 -1 $-1 $651 $1328 #
straight-curve $-1 -1 -1 $-1 -1.1245999999999998 -1.7267999999999999 0.017000000000000088 -0.34764722068290788 0.93762541025264945 0 I I #
edge $1329 -1 -1 $-1 $656 0 $969 0.017000000000000088 $652 $1330 forward @7 unknown T -1.6280000000000001 -0.36909999999999998 0 -1.6280000000000001 -0.36909999999999998 0.017000000000000088 #
face $1331 -1 -1 $-1 $-1 $654 $59 $-1 $1332 forward single F F #
fbm_tag-tag-sys-attrib $-1 -1 $-1 $-1 $656 2 1 2 1 1 1 3 1 1 1 1 1 1 1 0 1 1 1 origin_live $656 @19 [vertex75#vertex75] #
point $-1 -1 -1 $-1 -1.6280000000000001 -0.36909999999999998 0.017000000000000088 #
fbm_tag-tag-sys-attrib $-1 -1 $-1 $-1 $658 2 1 2 1 1 1 3 1 1 1 1 1 1 1 0 1 1 1 origin_live $658 @45 [edge:ThickenSheet(split_gap,vertex0)#edge76] #
straight-curve $-1 -1 -1 $-1 -1.6499999999999999 0 0.017000000000000088 -0 -0 1 F -10017.620675894363 F 10017.586675894363 #
fbm_tag-tag-sys-attrib $-1 -1 $-1 $-1 $659 2 1 2 1 1 1 3 1 1 1 1 1 1 1 0 1 1 1 origin_live $659 @45 [edge:ThickenSheet(split_gap,vertex1)#edge97] #
straight-curve $-1 -1 -1 $-1 -1.6499999999999999 1.2 0.017000000000000088 0 0 -1 F -10017.586675894363 F 10017.620675894363 #
real_attrib-name_attrib-gen-attrib $-1 -1 $1333 $664 $5 2 1 1 1 1 1 1 1 1 1 1 1 1 1 0 1 1 1 @12 FEM_priority 160 #
fbm_tag-tag-sys-attrib $-1 -1 $-1 $-1 $666 2 1 2 1 1 1 3 1 1 1 1 1 1 1 0 1 1 1 origin_live $666 @68 [face:ThickenSheet(tweak,face:ThickenSheet(split_gap,edge3))#face16] #
face $1334 -1 -1 $-1 $1335 $1336 $63 $-1 $1337 forward single F F #
loop $-1 -1 -1 $-1 $-1 $1031 $666 T 3.0648 2.5526 0 3.6705000000000001 3.2378 0.017000000000000088 unknown #
plane-surface $-1 -1 -1 $-1 3.3676500000000003 2.8952 0 0.74923444245386039 0.66230487710785657 -0 -0 0 -1 forward_v I I I I #
coedge $-1 -1 -1 $-1 $1338 $669 $1339 $1340 reversed $180 $-1 #
coedge $-1 -1 -1 $-1 $1045 $1044 $669 $1016 forward $1046 $-1 #
edge $1341 -1 -1 $-1 $1342 0 $1018 0.91459704788502361 $669 $1343 forward @7 unknown T 3.6705000000000001 -1.3526 0 4.0015000000000001 -0.49999999999999989 0 #
fbm_tag-tag-sys-attrib $-1 -1 $-1 $-1 $671 2 1 2 1 1 1 3 1 1 1 1 1 1 1 0 1 1 1 origin_live $671 @15 [edge19#edge19] #
vertex $1344 -1 -1 $-1 $1016 $1345 #
straight-curve $-1 -1 -1 $-1 4.0015000000000001 -0.5 0 -1 0 0 F 0 F 0.15149999999999997 #
coedge $-1 -1 -1 $-1 $672 $1346 $1347 $1348 reversed $180 $-1 #
coedge $-1 -1 -1 $-1 $1034 $1033 $672 $1022 forward $667 $-1 #
edge $1349 -1 -1 $-1 $1024 0 $1350 0.91459704788502361 $672 $1351 forward @7 unknown T 3.6705000000000001 1.7 0 4.0015000000000001 2.5526 0 #
fbm_tag-tag-sys-attrib $-1 -1 $-1 $-1 $674 2 1 2 1 1 1 3 1 1 1 1 1 1 1 0 1 1 1 origin_live $674 @13 [edge1#edge1] #
vertex $1352 -1 -1 $-1 $674 $1353 #
straight-curve $-1 -1 -1 $-1 3.8500000000000001 1.7 0 1 0 0 F 0 F 0.15149999999999997 #
fbm_tag-tag-sys-attrib $-1 -1 $-1 $-1 $676 2 1 2 1 1 1 3 1 1 1 1 1 1 1 0 1 1 1 origin_live $676 @17 [vertex0#vertex0] #
point $-1 -1 -1 $-1 3.8500000000000001 -0.5 0 #
fbm_tag-tag-sys-attrib $-1 -1 $-1 $-1 $677 2 1 2 1 1 1 3 1 1 1 1 1 1 1 0 1 1 1 origin_live $677 @49 [vertex:ThickenSheet(split_new,vertex1)#vertex36] #
point $-1 -1 -1 $-1 3.8500000000000001 1.7000000000000002 0 #
coedge $-1 -1 -1 $-1 $1354 $679 $1355 $1356 forward $127 $-1 #
coedge $-1 -1 -1 $-1 $1357 $1358 $679 $1032 reversed $1012 $-1 #
edge $1359 -1 -1 $-1 $1036 0 $1360 0.914533504033614 $679 $1361 forward @7 unknown T 3.0648 2.5526 0.017000000000000088 3.6705000000000001 3.2378 0.017000000000000088 #
coedge $-1 -1 -1 $-1 $1021 $680 $683 $1038 forward $667 $-1 #
coedge $-1 -1 -1 $-1 $680 $1021 $1357 $1362 reversed $667 $-1 #
fbm_tag-tag-sys-attrib $-1 -1 $-1 $-1 $681 2 1 2 1 1 1 3 1 1 1 1 1 1 1 0 1 1 1 origin_live $681 @43 [edge:ThickenSheet(split_new,edge2)#edge43] #
vertex $1363 -1 -1 $-1 $1032 $1364 #
straight-curve $-1 -1 -1 $-1 4.0015000000000001 1.7 0.017000000000000088 -0.36190801267665024 0.93221381150487015 0 I I #
edge $1365 -1 -1 $-1 $685 0 $1024 0.017000000000000088 $1033 $1366 forward @7 unknown T 4.0015000000000001 1.7 0 4.0015000000000001 1.7 0.017000000000000088 #
fbm_tag-tag-sys-attrib $-1 -1 $-1 $-1 $685 2 1 2 1 1 1 3 1 1 1 1 1 1 1 0 1 1 1 origin_live $685 @17 [vertex2#vertex2] #
point $-1 -1 -1 $-1 4.0015000000000001 1.7 0.017000000000000088 #
coedge $-1 -1 -1 $-1 $687 $1367 $1368 $1369 forward $127 $-1 #
coedge $-1 -1 -1 $-1 $1370 $1371 $687 $1043 reversed $1372 $-1 #
edge $1373 -1 -1 $-1 $1374 0 $1048 0.91453350403361422 $687 $1375 forward @7 unknown T 3.0648 -2.0378000000000003 0.017000000000000088 3.6705000000000001 -1.3525999999999998 0.017000000000000088 #
coedge $-1 -1 -1 $-1 $1015 $688 $1371 $1376 forward $1046 $-1 #
coedge $-1 -1 -1 $-1 $688 $1015 $690 $1050 reversed $1046 $-1 #
loop $-1 -1 -1 $-1 $-1 $688 $1377 T 3.6705000000000001 -1.3526 0 4.0015000000000001 -0.49999999999999989 0.017000000000000088 unknown #
fbm_tag-tag-sys-attrib $-1 -1 $-1 $-1 $689 2 1 2 1 1 1 3 1 1 1 1 1 1 1 0 1 1 1 origin_live $689 @44 [edge:ThickenSheet(split_new,edge18)#edge39] #
vertex $1378 -1 -1 $-1 $689 $1379 #
straight-curve $-1 -1 -1 $-1 3.6705000000000001 -1.3526 0.017000000000000088 0.36190801267665024 0.93221381150487015 0 I I #
edge $1380 -1 -1 $-1 $694 0 $1018 0.017000000000000088 $690 $1381 forward @7 unknown T 4.0015000000000001 -0.5 0 4.0015000000000001 -0.5 0.017000000000000088 #
face $1382 -1 -1 $-1 $-1 $692 $63 $-1 $1383 forward single F F #
fbm_tag-tag-sys-attrib $-1 -1 $-1 $-1 $694 2 1 2 1 1 1 3 1 1 1 1 1 1 1 0 1 1 1 origin_live $694 @19 [vertex19#vertex19] #
point $-1 -1 -1 $-1 4.0015000000000001 -0.5 0.017000000000000088 #
fbm_tag-tag-sys-attrib $-1 -1 $-1 $-1 $696 2 1 2 1 1 1 3 1 1 1 1 1 1 1 0 1 1 1 origin_live $696 @45 [edge:ThickenSheet(split_gap,vertex0)#edge20] #
straight-curve $-1 -1 -1 $-1 3.8500000000000001 -0.5 0.017000000000000088 -0 -0 1 F -10008.246910667713 F 10008.212910667713 #
fbm_tag-tag-sys-attrib $-1 -1 $-1 $-1 $697 2 1 2 1 1 1 3 1 1 1 1 1 1 1 0 1 1 1 origin_live $697 @45 [edge:ThickenSheet(split_gap,vertex1)#edge30] #
straight-curve $-1 -1 -1 $-1 3.8500000000000001 1.7000000000000002 0.017000000000000088 0 0 -1 F -10008.212910667713 F 10008.246910667713 #
real_attrib-name_attrib-gen-attrib $-1 -1 $1384 $702 $6 2 1 1 1 1 1 1 1 1 1 1 1 1 1 0 1 1 1 @12 FEM_priority 160 #
fbm_tag-tag-sys-attrib $-1 -1 $-1 $-1 $704 2 1 2 1 1 1 3 1 1 1 1 1 1 1 0 1 1 1 origin_live $704 @67 [face:ThickenSheet(tweak,face:ThickenSheet(split_gap,edge3))#face6] #
face $1385 -1 -1 $-1 $1386 $1387 $67 $-1 $1388 forward single F F #
loop $-1 -1 -1 $-1 $-1 $1080 $704 T 8.3946000000000005 7 0 9.0999999999999996 7.0000000000000009 0.017000000000000088 unknown #
plane-surface $-1 -1 -1 $-1 8.7472999999999992 7 0 -0 1 -0 -0 0 1 forward_v I I I I #
coedge $-1 -1 -1 $-1 $1389 $707 $1390 $1391 reversed $186 $-1 #
coedge $-1 -1 -1 $-1 $1094 $1093 $707 $1065 forward $1095 $-1 #
edge $1392 -1 -1 $-1 $1393 8.3266726846886741e-17 $1067 0.46999999999999997 $707 $1394 forward @7 unknown T 8.0978000000000012 -0.3629 0 8.0978000000000012 0.10709999999999992 0 #
fbm_tag-tag-sys-attrib $-1 -1 $-1 $-1 $709 2 1 2 1 1 1 3 1 1 1 1 1 1 1 0 1 1 1 origin_live $709 @15 [edge10#edge10] #
vertex $1395 -1 -1 $-1 $1065 $1396 #
straight-curve $-1 -1 -1 $-1 8.0978000000000012 -0.3629 0 1 0 0 F 0 F 0.29999999999999893 #
coedge $-1 -1 -1 $-1 $710 $1397 $1398 $1399 reversed $186 $-1 #
coedge $-1 -1 -1 $-1 $1083 $1082 $710 $1071 forward $705 $-1 #
edge $1400 -1 -1 $-1 $1073 0 $1401 12.800000000000001 $710 $1402 forward @7 unknown T 9.0999999999999996 -5.7999999999999998 0 9.0999999999999996 7.0000000000000009 0 #
fbm_tag-tag-sys-attrib $-1 -1 $-1 $-1 $712 2 1 2 1 1 1 3 1 1 1 1 1 1 1 0 1 1 1 origin_live $712 @13 [edge1#edge1] #
vertex $1403 -1 -1 $-1 $712 $1404 #
straight-curve $-1 -1 -1 $-1 8.3946000000000005 -5.7999999999999998 0 1 0 0 F 0 F 0.70539999999999914 #
fbm_tag-tag-sys-attrib $-1 -1 $-1 $-1 $714 2 1 2 1 1 1 3 1 1 1 1 1 1 1 0 1 1 1 origin_live $714 @17 [vertex0#vertex0] #
point $-1 -1 -1 $-1 8.3978000000000002 -0.3629 0 #
fbm_tag-tag-sys-attrib $-1 -1 $-1 $-1 $715 2 1 2 1 1 1 3 1 1 1 1 1 1 1 0 1 1 1 origin_live $715 @49 [vertex:ThickenSheet(split_new,vertex1)#vertex16] #
point $-1 -1 -1 $-1 8.3946000000000005 -5.7999999999999998 0 #
coedge $-1 -1 -1 $-1 $1405 $717 $1406 $1407 forward $132 $-1 #
coedge $-1 -1 -1 $-1 $1408 $1409 $717 $1081 reversed $1061 $-1 #
edge $1410 -1 -1 $-1 $1085 0 $1411 0.70539999999999914 $717 $1412 forward @7 unknown T 8.3946000000000005 7 0.017000000000000088 9.0999999999999996 7.0000000000000009 0.017000000000000088 #
coedge $-1 -1 -1 $-1 $1070 $718 $721 $1087 forward $705 $-1 #
coedge $-1 -1 -1 $-1 $718 $1070 $1408 $1413 reversed $705 $-1 #
fbm_tag-tag-sys-attrib $-1 -1 $-1 $-1 $719 2 1 2 1 1 1 3 1 1 1 1 1 1 1 0 1 1 1 origin_live $719 @43 [edge:ThickenSheet(split_new,edge2)#edge18] #
vertex $1414 -1 -1 $-1 $1081 $1415 #
straight-curve $-1 -1 -1 $-1 9.0999999999999996 -5.7999999999999998 0.017000000000000088 0 1 0 I I #
edge $1416 -1 -1 $-1 $723 0 $1073 0.017000000000000088 $1082 $1417 forward @7 unknown T 9.0999999999999996 -5.7999999999999998 0 9.0999999999999996 -5.7999999999999998 0.017000000000000088 #
fbm_tag-tag-sys-attrib $-1 -1 $-1 $-1 $723 2 1 2 1 1 1 3 1 1 1 1 1 1 1 0 1 1 1 origin_live $723 @17 [vertex2#vertex2] #
point $-1 -1 -1 $-1 9.0999999999999996 -5.7999999999999998 0.017000000000000088 #
coedge $-1 -1 -1 $-1 $725 $1418 $1419 $1420 forward $132 $-1 #
coedge $-1 -1 -1 $-1 $1421 $1422 $725 $1092 reversed $1423 $-1 #
edge $1424 -1 -1 $-1 $1425 7.8504622934188697e-17 $1097 0.68504504961352786 $725 $1426 forward @7 unknown T 7.6134000000000004 0.10709999999999992 0.017000000000000088 8.0978000000000012 0.59150000000000003 0.017000000000000088 #
coedge $-1 -1 -1 $-1 $1064 $726 $1422 $1427 forward $1095 $-1 #
coedge $-1 -1 -1 $-1 $726 $1064 $728 $1099 reversed $1095 $-1 #
loop $-1 -1 -1 $-1 $-1 $726 $1428 T 8.0978000000000012 -0.3629 0 8.0978000000000012 0.10709999999999992 0.017000000000000088 unknown #
fbm_tag-tag-sys-attrib $-1 -1 $-1 $-1 $727 2 1 2 1 1 1 3 1 1 1 1 1 1 1 0 1 1 1 origin_live $727 @43 [edge:ThickenSheet(split_new,edge9)#edge31] #
vertex $1429 -1 -1 $-1 $727 $1430 #
straight-curve $-1 -1 -1 $-1 8.0978000000000012 0.1071 0.017000000000000088 0 -1 0 I I #
edge $1431 -1 -1 $-1 $732 0 $1067 0.017000000000000088 $728 $1432 forward @7 unknown T 8.0978000000000012 -0.3629 0 8.0978000000000012 -0.3629 0.017000000000000088 #
face $1433 -1 -1 $-1 $-1 $730 $67 $-1 $1434 forward single F F #
fbm_tag-tag-sys-attrib $-1 -1 $-1 $-1 $732 2 1 2 1 1 1 3 1 1 1 1 1 1 1 0 1 1 1 origin_live $732 @19 [vertex10#vertex10] #
point $-1 -1 -1 $-1 8.0978000000000012 -0.3629 0.017000000000000088 #
fbm_tag-tag-sys-attrib $-1 -1 $-1 $-1 $734 2 1 2 1 1 1 3 1 1 1 1 1 1 1 0 1 1 1 origin_live $734 @45 [edge:ThickenSheet(split_gap,vertex0)#edge11] #
straight-curve $-1 -1 -1 $-1 8.3978000000000002 -0.3629 0.017000000000000088 -0 -0 1 F -10012.920039163842 F 10012.886039163843 #
fbm_tag-tag-sys-attrib $-1 -1 $-1 $-1 $735 2 1 2 1 1 1 3 1 1 1 1 1 1 1 0 1 1 1 origin_live $735 @45 [edge:ThickenSheet(split_gap,vertex1)#edge14] #
straight-curve $-1 -1 -1 $-1 8.3946000000000005 -5.7999999999999998 0.017000000000000088 0 0 -1 F -10012.886039163843 F 10012.920039163842 #
real_attrib-name_attrib-gen-attrib $-1 -1 $1435 $740 $7 2 1 1 1 1 1 1 1 1 1 1 1 1 1 0 1 1 1 @12 FEM_priority 160 #
fbm_tag-tag-sys-attrib $-1 -1 $-1 $-1 $742 2 1 2 1 1 1 3 1 1 1 1 1 1 1 0 1 1 1 origin_live $742 @27 [face:Extrude(start)#face0] #
loop $-1 -1 -1 $-1 $-1 $1124 $742 T -4.6499999999999995 -10 0 17.5 10 0 unknown #
plane-surface $-1 -1 -1 $-1 6.4249999999999989 0 0 0 0 1 1 0 0 forward_v I I I I #
coedge $-1 -1 -1 $-1 $744 $759 $745 $1113 forward $444 $-1 #
coedge $-1 -1 -1 $-1 $746 $745 $1436 $1437 reversed $275 $-1 #
edge $1438 -1 -1 $-1 $1439 0 $1115 0.010000000000000026 $1111 $1440 forward @7 unknown T -4.6499999999999995 10 -0.010000000000000026 -4.6499999999999995 10 0 #
fbm_tag-tag-sys-attrib $-1 -1 $-1 $-1 $748 2 1 2 1 1 1 3 1 1 1 1 1 1 1 0 1 1 1 origin_live $748 @45 [edge:Extrude(top,edge2,extrude_path)#edge11] #
vertex $1441 -1 -1 $-1 $1113 $1442 #
straight-curve $-1 -1 -1 $-1 17.5 10 -0.010000000000000026 -1 0 0 I I #
coedge $-1 -1 -1 $-1 $1436 $754 $749 $1118 forward $1109 $-1 #
edge $1443 -1 -1 $-1 $757 0 $1120 20 $749 $1444 forward @7 unknown T 17.5 -10 0 17.5 10 0 #
fbm_tag-tag-sys-attrib $-1 -1 $-1 $-1 $750 2 1 2 1 1 1 3 1 1 1 1 1 1 1 0 1 1 1 origin_live $750 @54 [edge:Extrude(mid_lateral,vertex2,extrude_path)#edge6] #
vertex $1445 -1 -1 $-1 $1437 $1446 #
straight-curve $-1 -1 -1 $-1 17.5 10 0 0 0 -1 I I #
fbm_tag-tag-sys-attrib $-1 -1 $-1 $-1 $752 2 1 2 1 1 1 3 1 1 1 1 1 1 1 0 1 1 1 origin_live $752 @54 [vertex:Extrude(mid_top,vertex2,extrude_path)#vertex7] #
point $-1 -1 -1 $-1 17.5 10 -0.010000000000000026 #
coedge $-1 -1 -1 $-1 $754 $1436 $759 $1129 forward $1109 $-1 #
fbm_tag-tag-sys-attrib $-1 -1 $-1 $-1 $755 2 1 2 1 1 1 3 1 1 1 1 1 1 1 0 1 1 1 origin_live $755 @13 [edge0#edge0] #
straight-curve $-1 -1 -1 $-1 -4.6499999999999995 -10 0 1 0 0 I I #
fbm_tag-tag-sys-attrib $-1 -1 $-1 $-1 $757 2 1 2 1 1 1 3 1 1 1 1 1 1 1 0 1 1 1 origin_live $757 @17 [vertex1#vertex1] #
point $-1 -1 -1 $-1 17.5 -10 0 #
edge $1447 -1 -1 $-1 $1439 0 $761 20 $759 $1448 forward @7 unknown T -4.6499999999999995 -10 0 -4.6499999999999995 10 0 #
fbm_tag-tag-sys-attrib $-1 -1 $-1 $-1 $761 2 1 2 1 1 1 3 1 1 1 1 1 1 1 0 1 1 1 origin_live $761 @17 [vertex0#vertex0] #
point $-1 -1 -1 $-1 -4.6499999999999995 -10 0 #
fbm_tag-tag-sys-attrib $-1 -1 $-1 $-1 $763 2 1 2 1 1 1 3 1 1 1 1 1 1 1 0 1 1 1 origin_live $763 @44 [edge:Extrude(top,edge3,extrude_path)#edge9] #
straight-curve $-1 -1 -1 $-1 -4.6499999999999995 10 -0.010000000000000026 0 -1 0 I I #
real_attrib-name_attrib-gen-attrib $-1 -1 $1449 $768 $8 2 1 1 1 1 1 1 1 1 1 1 1 1 1 0 1 1 1 @12 FEM_priority 140 #
fbm_tag-tag-sys-attrib $-1 -1 $-1 $-1 $769 2 1 2 1 1 1 3 1 1 1 1 1 1 1 0 1 1 1 origin_live $769 @13 [edge1#edge1] #
straight-curve $-1 -1 -1 $-1 20.625 -13.125000000000002 0 0 1 -0 I I #
fbm_tag-tag-sys-attrib $-1 -1 $-1 $-1 $771 2 1 2 1 1 1 3 1 1 1 1 1 1 1 0 1 1 1 origin_live $771 @17 [vertex1#vertex1] #
point $-1 -1 -1 $-1 20.625 -13.125000000000002 0 #
fbm_tag-tag-sys-attrib $-1 -1 $-1 $-1 $774 2 1 2 1 1 1 3 1 1 1 1 1 1 1 0 1 1 1 origin_live $774 @17 [vertex2#vertex2] #
point $-1 -1 -1 $-1 20.625 13.125000000000002 0 #
plane-surface $-1 -1 -1 $-1 14.199999999999999 0 0 -1 0 0 0 -0 1 forward_v I I I I #
coedge $-1 -1 -1 $-1 $785 $783 $787 $1146 reversed $470 $-1 #
edge $-1 -1 -1 $-1 $798 -5.6769999999999996 $1148 5.6769999999999996 $797 $1450 forward @7 unknown F #
vertex $-1 -1 -1 $-1 $1146 $1451 #
straight-curve $-1 -1 -1 $-1 -14.199999999999999 -13.125000000000002 0 0 0 -1 I I #
edge $-1 -1 -1 $-1 $1144 -13.125000000000002 $1148 13.125000000000002 $1142 $1452 forward @7 unknown F #
straight-curve $-1 -1 -1 $-1 0 -13.125000000000002 -5.6769999999999996 -1 0 0 I I #
vertex $-1 -1 -1 $-1 $790 $1453 #
straight-curve $-1 -1 -1 $-1 0 13.125000000000002 -5.6769999999999996 1 0 0 I I #
point $-1 -1 -1 $-1 14.199999999999999 13.125000000000002 -5.6769999999999996 #
point $-1 -1 -1 $-1 14.199999999999999 -13.125000000000002 -5.6769999999999996 #
straight-curve $-1 -1 -1 $-1 -14.199999999999999 0 5.6769999999999996 0 -1 0 I I #
point $-1 -1 -1 $-1 -14.199999999999999 13.125000000000002 5.6769999999999996 #
point $-1 -1 -1 $-1 -14.199999999999999 -13.125000000000002 5.6769999999999996 #
straight-curve $-1 -1 -1 $-1 14.199999999999999 -13.125000000000002 0 0 0 -1 I I #
straight-curve $-1 -1 -1 $-1 14.199999999999999 13.125000000000002 0 0 0 -1 I I #
string_attrib-name_attrib-gen-attrib $-1 -1 $1454 $807 $0 2 1 1 1 1 1 1 1 1 1 1 1 1 1 0 1 1 1 @16 FEM_materialName @3 AIR #
fbm_tag-tag-sys-attrib $-1 -1 $-1 $-1 $811 2 1 2 1 1 1 3 1 1 1 1 1 1 1 0 1 1 1 origin_live $811 @14 [edge_6#edge6] #
straight-curve $-1 -1 -1 $-1 -14.200000000000001 13.125000000000002 5.6769999999999996 0 0 -1 I I #
fbm_tag-tag-sys-attrib $-1 -1 $-1 $-1 $813 2 1 2 1 1 1 3 1 1 1 1 1 1 1 0 1 1 1 origin_live $813 @18 [vertex_0#vertex0] #
point $-1 -1 -1 $-1 -14.200000000000001 -13.125000000000002 0 #
fbm_tag-tag-sys-attrib $-1 -1 $-1 $-1 $815 2 1 2 1 1 1 3 1 1 1 1 1 1 1 0 1 1 1 origin_live $815 @14 [edge_0#edge0] #
straight-curve $-1 -1 -1 $-1 -14.200000000000001 0 0 0 1 0 I I #
fbm_tag-tag-sys-attrib $-1 -1 $-1 $-1 $819 2 1 2 1 1 1 3 1 1 1 1 1 1 1 0 1 1 1 origin_live $819 @18 [vertex_1#vertex1] #
point $-1 -1 -1 $-1 -14.200000000000001 13.125000000000002 0 #
string_attrib-name_attrib-gen-attrib $-1 -1 $1455 $835 $1 2 1 1 1 1 1 1 1 1 1 1 1 1 1 0 1 1 1 @16 FEM_materialName @4 FR_4 #
coedge $-1 -1 -1 $-1 $852 $845 $840 $1168 reversed $837 $-1 #
edge $1456 -1 -1 $-1 $1170 0 $848 28.399999999999999 $840 $1457 forward @7 unknown T -7.7750000000000004 -13.125000000000002 0 20.625 -13.125000000000002 0 #
fbm_tag-tag-sys-attrib $-1 -1 $-1 $-1 $841 2 1 2 1 1 1 3 1 1 1 1 1 1 1 0 1 1 1 origin_live $841 @54 [edge:Extrude(mid_lateral,vertex0,extrude_path)#edge4] #
vertex $1458 -1 -1 $-1 $857 $1459 #
straight-curve $-1 -1 -1 $-1 -7.7750000000000004 -13.125000000000002 0 0 0 1 I I #
fbm_tag-tag-sys-attrib $-1 -1 $-1 $-1 $843 2 1 2 1 1 1 3 1 1 1 1 1 1 1 0 1 1 1 origin_live $843 @54 [vertex:Extrude(mid_top,vertex0,extrude_path)#vertex4] #
point $-1 -1 -1 $-1 -7.7750000000000004 -13.125000000000002 1.3200000000000001 #
fbm_tag-tag-sys-attrib $-1 -1 $-1 $-1 $846 2 1 2 1 1 1 3 1 1 1 1 1 1 1 0 1 1 1 origin_live $846 @13 [edge1#edge1] #
straight-curve $-1 -1 -1 $-1 20.625 -13.125000000000002 0 0 1 0 I I #
fbm_tag-tag-sys-attrib $-1 -1 $-1 $-1 $848 2 1 2 1 1 1 3 1 1 1 1 1 1 1 0 1 1 1 origin_live $848 @17 [vertex1#vertex1] #
point $-1 -1 -1 $-1 20.625 -13.125000000000002 0 #
fbm_tag-tag-sys-attrib $-1 -1 $-1 $-1 $857 2 1 2 1 1 1 3 1 1 1 1 1 1 1 0 1 1 1 origin_live $857 @13 [edge3#edge3] #
straight-curve $-1 -1 -1 $-1 -7.7750000000000004 13.125000000000002 0 0 -1 0 I I #
string_attrib-name_attrib-gen-attrib $-1 -1 $1460 $862 $2 2 1 1 1 1 1 1 1 1 1 1 1 1 1 0 1 1 1 @16 FEM_materialName @6 Copper #
fbm_tag-tag-sys-attrib $-1 -1 $-1 $-1 $864 2 1 2 1 1 1 3 1 1 1 1 1 1 1 0 1 1 1 origin_live $864 @67 [face:ThickenSheet(tweak,face:ThickenSheet(split_gap,edge4))#face9] #
face $1461 -1 -1 $-1 $1462 $1463 $51 $-1 $1464 forward single F F #
loop $-1 -1 -1 $-1 $-1 $1202 $864 T 5.0369000000000002 -2.1848999999999998 0 5.5716000000000001 -0.80769999999999997 0.017000000000000088 unknown #
plane-surface $-1 -1 -1 $-1 5.3042499999999997 -1.4962999999999997 0 -0.93220523485839624 0.36193010389107211 -0 -0 0 1 forward_v I I I I #
coedge $-1 -1 -1 $-1 $1465 $867 $1466 $1467 reversed $162 $-1 #
coedge $-1 -1 -1 $-1 $1218 $1217 $867 $1187 forward $1219 $-1 #
edge $1468 -1 -1 $-1 $1469 0 $1189 1.961857347005638 $867 $1470 forward @7 unknown T -2.7201 -2.3395000000000001 0 -2.0381 -0.5 0 #
fbm_tag-tag-sys-attrib $-1 -1 $-1 $-1 $869 2 1 2 1 1 1 3 1 1 1 1 1 1 1 0 1 1 1 origin_live $869 @15 [edge11#edge11] #
vertex $1471 -1 -1 $-1 $1187 $1472 #
straight-curve $-1 -1 -1 $-1 -2.7201 -0.5 0 -1 0 0 F 0 F 1.5798999999999999 #
fbm_tag-tag-sys-attrib $-1 -1 $-1 $-1 $871 2 1 2 1 1 1 3 1 1 1 1 1 1 1 0 1 1 1 origin_live $871 @50 [vertex:ThickenSheet(split_new,vertex12)#vertex13] #
point $-1 -1 -1 $-1 -4.2999999999999998 -0.5 0 #
coedge $-1 -1 -1 $-1 $873 $1473 $1474 $1475 reversed $162 $-1 #
coedge $-1 -1 -1 $-1 $1205 $1204 $873 $1195 forward $865 $-1 #
edge $1476 -1 -1 $-1 $1197 0 $1477 0.21067838047602314 $873 $1478 forward @7 unknown T 5.5716000000000001 -0.80769999999999997 0 5.6068999999999996 -0.59999999999999998 0 #
fbm_tag-tag-sys-attrib $-1 -1 $-1 $-1 $875 2 1 2 1 1 1 3 1 1 1 1 1 1 1 0 1 1 1 origin_live $875 @13 [edge2#edge2] #
vertex $1479 -1 -1 $-1 $875 $1480 #
straight-curve $-1 -1 -1 $-1 6.1978 -0.59999999999999998 0 -1 0 0 F 0 F 0.59090000000000042 #
fbm_tag-tag-sys-attrib $-1 -1 $-1 $-1 $877 2 1 2 1 1 1 3 1 1 1 1 1 1 1 0 1 1 1 origin_live $877 @49 [vertex:ThickenSheet(split_new,vertex2)#vertex24] #
point $-1 -1 -1 $-1 6.1978 -0.59999999999999964 0 #
coedge $-1 -1 -1 $-1 $1481 $883 $1482 $1483 forward $112 $-1 #
coedge $-1 -1 -1 $-1 $1484 $1485 $883 $1203 reversed $1183 $-1 #
edge $1486 -1 -1 $-1 $1207 0 $1487 1.4773570759975394 $883 $1488 forward @7 unknown T 5.0369000000000002 -2.1848999999999998 0.017000000000000088 5.5716000000000001 -0.80769999999999997 0.017000000000000088 #
coedge $-1 -1 -1 $-1 $1194 $884 $887 $1209 forward $865 $-1 #
coedge $-1 -1 -1 $-1 $884 $1194 $1484 $1489 reversed $865 $-1 #
fbm_tag-tag-sys-attrib $-1 -1 $-1 $-1 $885 2 1 2 1 1 1 3 1 1 1 1 1 1 1 0 1 1 1 origin_live $885 @43 [edge:ThickenSheet(split_new,edge3)#edge26] #
vertex $1490 -1 -1 $-1 $1203 $1491 #
straight-curve $-1 -1 -1 $-1 5.6068999999999996 -0.59999999999999998 0.017000000000000088 -0.16755397454755386 -0.98586290406593435 0 I I #
edge $1492 -1 -1 $-1 $889 0 $1197 0.017000000000000088 $1204 $1493 forward @7 unknown T 5.6068999999999996 -0.59999999999999998 0 5.6068999999999996 -0.59999999999999998 0.017000000000000088 #
fbm_tag-tag-sys-attrib $-1 -1 $-1 $-1 $889 2 1 2 1 1 1 3 1 1 1 1 1 1 1 0 1 1 1 origin_live $889 @17 [vertex3#vertex3] #
point $-1 -1 -1 $-1 5.6068999999999996 -0.59999999999999998 0.017000000000000088 #
fbm_tag-tag-sys-attrib $-1 -1 $-1 $-1 $891 2 1 2 1 1 1 3 1 1 1 1 1 1 1 0 1 1 1 origin_live $891 @45 [edge:ThickenSheet(split_gap,vertex2)#edge22] #
straight-curve $-1 -1 -1 $-1 6.1978 -0.59999999999999964 0.017000000000000088 0 0 -1 F -10011.75983964005 F 10011.79383964005 #
coedge $-1 -1 -1 $-1 $894 $1494 $1495 $1496 forward $112 $-1 #
coedge $-1 -1 -1 $-1 $1497 $1498 $894 $1216 reversed $1499 $-1 #
edge $1500 -1 -1 $-1 $1501 -8.1666734686319457e-17 $1221 1.9618304233546791 $894 $1502 forward @7 unknown T -2.0381 -3.6684999999999999 0.017000000000000088 -0.59499999999999997 -2.3395000000000001 0.017000000000000088 #
coedge $-1 -1 -1 $-1 $1186 $895 $1498 $1503 forward $1219 $-1 #
coedge $-1 -1 -1 $-1 $895 $1186 $897 $1223 reversed $1219 $-1 #
loop $-1 -1 -1 $-1 $-1 $895 $1504 T -2.7201 -2.3395000000000001 0 -2.0381 -0.5 0.017000000000000088 unknown #
fbm_tag-tag-sys-attrib $-1 -1 $-1 $-1 $896 2 1 2 1 1 1 3 1 1 1 1 1 1 1 0 1 1 1 origin_live $896 @44 [edge:ThickenSheet(split_new,edge10)#edge14] #
vertex $1505 -1 -1 $-1 $896 $1506 #
straight-curve $-1 -1 -1 $-1 -2.0381 -2.3395000000000001 0.017000000000000088 -0.34762976066579421 0.93763188378992457 0 I I #
edge $1507 -1 -1 $-1 $901 0 $1189 0.017000000000000088 $897 $1508 forward @7 unknown T -2.7201 -0.5 0 -2.7201 -0.5 0.017000000000000088 #
face $1509 -1 -1 $-1 $904 $899 $51 $-1 $1510 forward single F F #
fbm_tag-tag-sys-attrib $-1 -1 $-1 $-1 $901 2 1 2 1 1 1 3 1 1 1 1 1 1 1 0 1 1 1 origin_live $901 @19 [vertex11#vertex11] #
point $-1 -1 -1 $-1 -2.7201 -0.5 0.017000000000000088 #
fbm_tag-tag-sys-attrib $-1 -1 $-1 $-1 $903 2 1 2 1 1 1 3 1 1 1 1 1 1 1 0 1 1 1 origin_live $903 @46 [edge:ThickenSheet(split_gap,vertex12)#edge19] #
straight-curve $-1 -1 -1 $-1 -4.2999999999999998 -0.5 0.017000000000000088 0 0 -1 F -10011.75983964005 F 10011.79383964005 #
fbm_tag-tag-sys-attrib $-1 -1 $-1 $-1 $904 2 1 2 1 1 1 3 1 1 1 1 1 1 1 0 1 1 1 origin_live $904 @68 [face:ThickenSheet(tweak,face:ThickenSheet(split_gap,edge12))#face4] #
plane-surface $-1 -1 -1 $-1 -4.2999999999999998 -3.1499999999999999 0 -1 -0 0 0 -0 1 forward_v I I I I #
string_attrib-name_attrib-gen-attrib $-1 -1 $1511 $911 $3 2 1 1 1 1 1 1 1 1 1 1 1 1 1 0 1 1 1 @16 FEM_materialName @6 Copper #
fbm_tag-tag-sys-attrib $-1 -1 $-1 $-1 $913 2 1 2 1 1 1 3 1 1 1 1 1 1 1 0 1 1 1 origin_live $913 @67 [face:ThickenSheet(tweak,face:ThickenSheet(split_gap,edge4))#face9] #
face $1512 -1 -1 $-1 $1513 $1514 $55 $-1 $1515 forward single F F #
loop $-1 -1 -1 $-1 $-1 $1253 $913 T 1.2942999999999998 5.1913999999999998 0 2.7572000000000001 5.3971 0.017000000000000088 unknown #
plane-surface $-1 -1 -1 $-1 2.0257499999999999 5.2942499999999999 0 -0.13924134819232498 -0.99025847482037932 0 0 -0 -1 forward_v I I I I #
coedge $-1 -1 -1 $-1 $1516 $916 $1517 $1518 reversed $168 $-1 #
coedge $-1 -1 -1 $-1 $1269 $1268 $916 $1238 forward $1270 $-1 #
edge $1519 -1 -1 $-1 $1520 0 $1240 5.2170009814068461 $916 $1521 forward @7 unknown T 6.1945999999999994 1.7830000000000001 0 6.1978 7 0 #
fbm_tag-tag-sys-attrib $-1 -1 $-1 $-1 $918 2 1 2 1 1 1 3 1 1 1 1 1 1 1 0 1 1 1 origin_live $918 @15 [edge11#edge11] #
vertex $1522 -1 -1 $-1 $1238 $1523 #
straight-curve $-1 -1 -1 $-1 6.1945999999999994 7 0 -1 0 0 F 0 F 10.494599999999998 #
fbm_tag-tag-sys-attrib $-1 -1 $-1 $-1 $920 2 1 2 1 1 1 3 1 1 1 1 1 1 1 0 1 1 1 origin_live $920 @50 [vertex:ThickenSheet(split_new,vertex12)#vertex13] #
point $-1 -1 -1 $-1 -4.2999999999999989 7 0 #
coedge $-1 -1 -1 $-1 $922 $1524 $1525 $1526 reversed $168 $-1 #
coedge $-1 -1 -1 $-1 $1256 $1255 $922 $1246 forward $914 $-1 #
edge $1527 -1 -1 $-1 $1248 -1.0691641667951147e-16 $1528 1.9618543396490984 $922 $1529 forward @7 unknown T -0.5950000000000002 4.8685 0 1.2942999999999998 5.3971 0 #
fbm_tag-tag-sys-attrib $-1 -1 $-1 $-1 $924 2 1 2 1 1 1 3 1 1 1 1 1 1 1 0 1 1 1 origin_live $924 @13 [edge2#edge2] #
vertex $1530 -1 -1 $-1 $924 $1531 #
straight-curve $-1 -1 -1 $-1 -2.0381 3.5395000000000003 0 0.73558855180374683 0.67742858107350801 0 F 0 F 1.9618304233546788 #
fbm_tag-tag-sys-attrib $-1 -1 $-1 $-1 $926 2 1 2 1 1 1 3 1 1 1 1 1 1 1 0 1 1 1 origin_live $926 @49 [vertex:ThickenSheet(split_new,vertex2)#vertex15] #
point $-1 -1 -1 $-1 -2.0381 3.5395000000000003 0 #
coedge $-1 -1 -1 $-1 $1532 $932 $1533 $1534 forward $117 $-1 #
coedge $-1 -1 -1 $-1 $1535 $1536 $932 $1254 reversed $1234 $-1 #
edge $1537 -1 -1 $-1 $1258 -2.1988155181515519e-16 $1538 1.4772910681378941 $932 $1539 forward @7 unknown T 1.2942999999999998 5.1913999999999998 0.017000000000000088 2.7572000000000001 5.3971 0.017000000000000088 #
coedge $-1 -1 -1 $-1 $1245 $933 $936 $1260 forward $914 $-1 #
coedge $-1 -1 -1 $-1 $933 $1245 $1535 $1540 reversed $914 $-1 #
fbm_tag-tag-sys-attrib $-1 -1 $-1 $-1 $934 2 1 2 1 1 1 3 1 1 1 1 1 1 1 0 1 1 1 origin_live $934 @43 [edge:ThickenSheet(split_new,edge3)#edge26] #
vertex $1541 -1 -1 $-1 $1254 $1542 #
straight-curve $-1 -1 -1 $-1 -0.59500000000000008 4.8685 0.017000000000000088 0.96301746863527304 0.26943896359530267 0 I I #
edge $1543 -1 -1 $-1 $938 0 $1248 0.017000000000000088 $1255 $1544 forward @7 unknown T -0.5950000000000002 4.8685 0 -0.5950000000000002 4.8685 0.017000000000000088 #
fbm_tag-tag-sys-attrib $-1 -1 $-1 $-1 $938 2 1 2 1 1 1 3 1 1 1 1 1 1 1 0 1 1 1 origin_live $938 @17 [vertex3#vertex3] #
point $-1 -1 -1 $-1 -0.5950000000000002 4.8685 0.017000000000000088 #
fbm_tag-tag-sys-attrib $-1 -1 $-1 $-1 $940 2 1 2 1 1 1 3 1 1 1 1 1 1 1 0 1 1 1 origin_live $940 @45 [edge:ThickenSheet(split_gap,vertex2)#edge22] #
straight-curve $-1 -1 -1 $-1 -2.0381 3.5395000000000003 0.017000000000000088 0 0 -1 F -10011.75983964005 F 10011.79383964005 #
coedge $-1 -1 -1 $-1 $943 $1545 $1546 $1547 forward $117 $-1 #
coedge $-1 -1 -1 $-1 $1548 $1549 $943 $1267 reversed $1550 $-1 #
edge $1551 -1 -1 $-1 $1552 0 $1272 0.5884999999999998 $943 $1553 forward @7 unknown T 5.6093000000000002 1.7830000000000001 0.017000000000000088 6.1978 1.7830000000000001 0.017000000000000088 #
coedge $-1 -1 -1 $-1 $1237 $944 $1549 $1554 forward $1270 $-1 #
coedge $-1 -1 -1 $-1 $944 $1237 $946 $1274 reversed $1270 $-1 #
loop $-1 -1 -1 $-1 $-1 $944 $1555 T 6.1945999999999994 1.7830000000000001 0 6.1978 7 0.017000000000000088 unknown #
fbm_tag-tag-sys-attrib $-1 -1 $-1 $-1 $945 2 1 2 1 1 1 3 1 1 1 1 1 1 1 0 1 1 1 origin_live $945 @44 [edge:ThickenSheet(split_new,edge10)#edge14] #
vertex $1556 -1 -1 $-1 $945 $1557 #
straight-curve $-1 -1 -1 $-1 6.1978 1.7830000000000001 0.017000000000000088 -0.00061337922139658211 0.99999981188294773 0 I I #
edge $1558 -1 -1 $-1 $950 0 $1240 0.017000000000000088 $946 $1559 forward @7 unknown T 6.1945999999999994 7 0 6.1945999999999994 7 0.017000000000000088 #
face $1560 -1 -1 $-1 $953 $948 $55 $-1 $1561 forward single F F #
fbm_tag-tag-sys-attrib $-1 -1 $-1 $-1 $950 2 1 2 1 1 1 3 1 1 1 1 1 1 1 0 1 1 1 origin_live $950 @19 [vertex11#vertex11] #
point $-1 -1 -1 $-1 6.1945999999999994 7 0.017000000000000088 #
fbm_tag-tag-sys-attrib $-1 -1 $-1 $-1 $952 2 1 2 1 1 1 3 1 1 1 1 1 1 1 0 1 1 1 origin_live $952 @46 [edge:ThickenSheet(split_gap,vertex12)#edge20] #
straight-curve $-1 -1 -1 $-1 -4.2999999999999989 7 0.017000000000000088 0 0 -1 F -10011.75983964005 F 10011.79383964005 #
fbm_tag-tag-sys-attrib $-1 -1 $-1 $-1 $953 2 1 2 1 1 1 3 1 1 1 1 1 1 1 0 1 1 1 origin_live $953 @68 [face:ThickenSheet(tweak,face:ThickenSheet(split_gap,edge12))#face4] #
plane-surface $-1 -1 -1 $-1 -4.2999999999999998 4.3499999999999996 0 -1 -0 0 0 -0 1 forward_v I I I I #
string_attrib-name_attrib-gen-attrib $-1 -1 $1562 $960 $4 2 1 1 1 1 1 1 1 1 1 1 1 1 1 0 1 1 1 @16 FEM_materialName @6 Copper #
fbm_tag-tag-sys-attrib $-1 -1 $-1 $-1 $962 2 1 2 1 1 1 3 1 1 1 1 1 1 1 0 1 1 1 origin_live $962 @68 [face:ThickenSheet(tweak,face:ThickenSheet(split_gap,edge4))#face36] #
face $1563 -1 -1 $-1 $1564 $1565 $59 $-1 $1566 forward single F F #
loop $-1 -1 -1 $-1 $-1 $1304 $962 T -0.059399999999999904 3.9077000000000002 0 1.335 4.2979000000000003 0.017000000000000088 unknown #
plane-surface $-1 -1 -1 $-1 0.63779999999999992 4.1028000000000002 0 0.26948134600732127 -0.96300560961714154 -0 0 0 -1 forward_v I I I I #
coedge $-1 -1 -1 $-1 $1567 $965 $1568 $1569 reversed $174 $-1 #
coedge $-1 -1 -1 $-1 $1320 $1319 $965 $1289 forward $1321 $-1 #
edge $1570 -1 -1 $-1 $1571 -7.656539344561523e-17 $1291 1.448038621722501 $965 $1572 forward @7 unknown T -1.1245999999999998 -2.7077 0 -0.059399999999999897 -1.7267999999999999 0 #
fbm_tag-tag-sys-attrib $-1 -1 $-1 $-1 $967 2 1 2 1 1 1 3 1 1 1 1 1 1 1 0 1 1 1 origin_live $967 @15 [edge74#edge74] #
vertex $1573 -1 -1 $-1 $1289 $1574 #
straight-curve $-1 -1 -1 $-1 -1.1245999999999998 -1.7267999999999999 0 -0.34764722068290793 0.93762541025264956 0 F 0 F 1.448019630391798 #
fbm_tag-tag-sys-attrib $-1 -1 $-1 $-1 $969 2 1 2 1 1 1 3 1 1 1 1 1 1 1 0 1 1 1 origin_live $969 @50 [vertex:ThickenSheet(split_new,vertex75)#vertex83] #
point $-1 -1 -1 $-1 -1.6280000000000001 -0.36909999999999998 0 #
coedge $-1 -1 -1 $-1 $971 $1575 $1576 $1577 reversed $174 $-1 #
coedge $-1 -1 -1 $-1 $1307 $1306 $971 $1297 forward $963 $-1 #
edge $1578 -1 -1 $-1 $1299 0 $1579 1.4480386217225012 $971 $1580 forward @7 unknown T -1.1245999999999998 2.9267999999999996 0 -0.059399999999999897 3.9077000000000002 0 #
fbm_tag-tag-sys-attrib $-1 -1 $-1 $-1 $973 2 1 2 1 1 1 3 1 1 1 1 1 1 1 0 1 1 1 origin_live $973 @13 [edge2#edge2] #
vertex $1581 -1 -1 $-1 $973 $1582 #
straight-curve $-1 -1 -1 $-1 -1.6280000000000001 1.5690999999999999 0 0.34764722068290799 0.93762541025264956 0 F 0 F 1.4480196303917978 #
fbm_tag-tag-sys-attrib $-1 -1 $-1 $-1 $975 2 1 2 1 1 1 3 1 1 1 1 1 1 1 0 1 1 1 origin_live $975 @49 [vertex:ThickenSheet(split_new,vertex2)#vertex84] #
point $-1 -1 -1 $-1 -1.6280000000000001 1.5690999999999999 0 #
coedge $-1 -1 -1 $-1 $1583 $981 $1584 $1585 forward $122 $-1 #
coedge $-1 -1 -1 $-1 $1586 $1587 $981 $1305 reversed $1285 $-1 #
edge $1588 -1 -1 $-1 $1309 1.0023290631001271e-16 $1589 1.4479666432621987 $981 $1590 forward @7 unknown T -0.059399999999999904 3.9077000000000002 0.017000000000000088 1.335 4.2979000000000003 0.017000000000000088 #
coedge $-1 -1 -1 $-1 $1296 $982 $985 $1311 forward $963 $-1 #
coedge $-1 -1 -1 $-1 $982 $1296 $1586 $1591 reversed $963 $-1 #
fbm_tag-tag-sys-attrib $-1 -1 $-1 $-1 $983 2 1 2 1 1 1 3 1 1 1 1 1 1 1 0 1 1 1 origin_live $983 @44 [edge:ThickenSheet(split_new,edge3)#edge130] #
vertex $1592 -1 -1 $-1 $1305 $1593 #
straight-curve $-1 -1 -1 $-1 -1.1245999999999998 2.9267999999999996 0.017000000000000088 0.73561573843444916 0.67739905917231658 0 I I #
edge $1594 -1 -1 $-1 $987 0 $1299 0.017000000000000088 $1306 $1595 forward @7 unknown T -1.1245999999999998 2.9267999999999996 0 -1.1245999999999998 2.9267999999999996 0.017000000000000088 #
fbm_tag-tag-sys-attrib $-1 -1 $-1 $-1 $987 2 1 2 1 1 1 3 1 1 1 1 1 1 1 0 1 1 1 origin_live $987 @17 [vertex3#vertex3] #
point $-1 -1 -1 $-1 -1.1245999999999998 2.9267999999999996 0.017000000000000088 #
fbm_tag-tag-sys-attrib $-1 -1 $-1 $-1 $989 2 1 2 1 1 1 3 1 1 1 1 1 1 1 0 1 1 1 origin_live $989 @46 [edge:ThickenSheet(split_gap,vertex2)#edge119] #
straight-curve $-1 -1 -1 $-1 -1.6280000000000001 1.5690999999999999 0.017000000000000088 0 0 -1 F -10017.586675894363 F 10017.620675894363 #
coedge $-1 -1 -1 $-1 $992 $1596 $1597 $1598 forward $122 $-1 #
coedge $-1 -1 -1 $-1 $1599 $1600 $992 $1318 reversed $1601 $-1 #
edge $1602 -1 -1 $-1 $1603 0 $1323 1.4479666432621987 $992 $1604 forward @7 unknown T -0.059399999999999897 -3.0978999999999997 0.017000000000000088 1.335 -2.7077 0.017000000000000088 #
coedge $-1 -1 -1 $-1 $1288 $993 $1600 $1605 forward $1321 $-1 #
coedge $-1 -1 -1 $-1 $993 $1288 $995 $1325 reversed $1321 $-1 #
loop $-1 -1 -1 $-1 $-1 $993 $1606 T -1.1245999999999998 -2.7077 0 -0.059399999999999897 -1.7267999999999999 0.017000000000000088 unknown #
fbm_tag-tag-sys-attrib $-1 -1 $-1 $-1 $994 2 1 2 1 1 1 3 1 1 1 1 1 1 1 0 1 1 1 origin_live $994 @45 [edge:ThickenSheet(split_new,edge73)#edge217] #
vertex $1607 -1 -1 $-1 $994 $1608 #
straight-curve $-1 -1 -1 $-1 -0.059400000000000001 -2.7077 0.017000000000000088 -0.73561573843444927 0.67739905917231646 0 I I #
edge $1609 -1 -1 $-1 $999 0 $1291 0.017000000000000088 $995 $1610 forward @7 unknown T -1.1245999999999998 -1.7267999999999999 0 -1.1245999999999998 -1.7267999999999999 0.017000000000000088 #
face $1611 -1 -1 $-1 $1002 $997 $59 $-1 $1612 forward single F F #
fbm_tag-tag-sys-attrib $-1 -1 $-1 $-1 $999 2 1 2 1 1 1 3 1 1 1 1 1 1 1 0 1 1 1 origin_live $999 @19 [vertex74#vertex74] #
point $-1 -1 -1 $-1 -1.1245999999999998 -1.7267999999999999 0.017000000000000088 #
fbm_tag-tag-sys-attrib $-1 -1 $-1 $-1 $1001 2 1 2 1 1 1 3 1 1 1 1 1 1 1 0 1 1 1 origin_live $1001 @47 [edge:ThickenSheet(split_gap,vertex75)#edge222] #
straight-curve $-1 -1 -1 $-1 -1.6280000000000001 -0.36909999999999998 0.017000000000000088 0 0 -1 F -10017.586675894363 F 10017.620675894363 #
fbm_tag-tag-sys-attrib $-1 -1 $-1 $-1 $1002 2 1 2 1 1 1 3 1 1 1 1 1 1 1 0 1 1 1 origin_live $1002 @69 [face:ThickenSheet(tweak,face:ThickenSheet(split_gap,edge75))#face75] #
plane-surface $-1 -1 -1 $-1 -1.639 -0.18455000000000002 0 0.99822837430514333 0.059498846477141556 -0 -0 0 -1 forward_v I I I I #
string_attrib-name_attrib-gen-attrib $-1 -1 $1613 $1009 $5 2 1 1 1 1 1 1 1 1 1 1 1 1 1 0 1 1 1 @16 FEM_materialName @6 Copper #
fbm_tag-tag-sys-attrib $-1 -1 $-1 $-1 $1011 2 1 2 1 1 1 3 1 1 1 1 1 1 1 0 1 1 1 origin_live $1011 @68 [face:ThickenSheet(tweak,face:ThickenSheet(split_gap,edge4))#face17] #
face $1614 -1 -1 $-1 $1615 $1616 $63 $-1 $1617 forward single F F #
loop $-1 -1 -1 $-1 $-1 $1355 $1011 T 2.2591999999999999 3.2378 0 3.0648 3.6709000000000001 0.017000000000000088 unknown #
plane-surface $-1 -1 -1 $-1 2.6619999999999999 3.4543500000000003 0 0.47351945489906022 0.88078335919344941 -0 -0 0 1 forward_v I I I I #
coedge $-1 -1 -1 $-1 $1618 $1014 $1619 $1620 reversed $180 $-1 #
coedge $-1 -1 -1 $-1 $1371 $1370 $1014 $1340 forward $1372 $-1 #
edge $1621 -1 -1 $-1 $1622 0 $1342 0.91453350403361422 $1014 $1623 forward @7 unknown T 3.0648 -2.0378000000000003 0 3.6705000000000001 -1.3525999999999998 0 #
fbm_tag-tag-sys-attrib $-1 -1 $-1 $-1 $1016 2 1 2 1 1 1 3 1 1 1 1 1 1 1 0 1 1 1 origin_live $1016 @15 [edge18#edge18] #
vertex $1624 -1 -1 $-1 $1340 $1625 #
straight-curve $-1 -1 -1 $-1 3.6705000000000001 -1.3526 0 0.36190801267665024 0.93221381150487015 0 F 0 F 0.91459704788502361 #
fbm_tag-tag-sys-attrib $-1 -1 $-1 $-1 $1018 2 1 2 1 1 1 3 1 1 1 1 1 1 1 0 1 1 1 origin_live $1018 @50 [vertex:ThickenSheet(split_new,vertex19)#vertex37] #
point $-1 -1 -1 $-1 4.0015000000000001 -0.5 0 #
coedge $-1 -1 -1 $-1 $1020 $1626 $1627 $1628 reversed $180 $-1 #
coedge $-1 -1 -1 $-1 $1358 $1357 $1020 $1348 forward $1012 $-1 #
edge $1629 -1 -1 $-1 $1350 0 $1630 0.914533504033614 $1020 $1631 forward @7 unknown T 3.0648 2.5526 0 3.6705000000000001 3.2378 0 #
fbm_tag-tag-sys-attrib $-1 -1 $-1 $-1 $1022 2 1 2 1 1 1 3 1 1 1 1 1 1 1 0 1 1 1 origin_live $1022 @13 [edge2#edge2] #
vertex $1632 -1 -1 $-1 $1022 $1633 #
straight-curve $-1 -1 -1 $-1 4.0015000000000001 1.7 0 -0.36190801267665024 0.93221381150487015 0 F 0 F 0.91459704788502361 #
fbm_tag-tag-sys-attrib $-1 -1 $-1 $-1 $1024 2 1 2 1 1 1 3 1 1 1 1 1 1 1 0 1 1 1 origin_live $1024 @49 [vertex:ThickenSheet(split_new,vertex2)#vertex38] #
point $-1 -1 -1 $-1 4.0015000000000001 1.7 0 #
coedge $-1 -1 -1 $-1 $1634 $1030 $1635 $1636 forward $127 $-1 #
coedge $-1 -1 -1 $-1 $1637 $1638 $1030 $1356 reversed $1336 $-1 #
edge $1639 -1 -1 $-1 $1360 0 $1640 0.91464035008302602 $1030 $1641 forward @7 unknown T 2.2591999999999999 3.2378 0.017000000000000088 3.0648 3.6709000000000001 0.017000000000000088 #
coedge $-1 -1 -1 $-1 $1347 $1031 $1034 $1362 forward $1012 $-1 #
coedge $-1 -1 -1 $-1 $1031 $1347 $1637 $1642 reversed $1012 $-1 #
fbm_tag-tag-sys-attrib $-1 -1 $-1 $-1 $1032 2 1 2 1 1 1 3 1 1 1 1 1 1 1 0 1 1 1 origin_live $1032 @43 [edge:ThickenSheet(split_new,edge3)#edge46] #
vertex $1643 -1 -1 $-1 $1356 $1644 #
straight-curve $-1 -1 -1 $-1 3.6705000000000001 2.5526 0.017000000000000088 -0.66230487710785657 0.74923444245386039 0 I I #
edge $1645 -1 -1 $-1 $1036 0 $1350 0.017000000000000088 $1357 $1646 forward @7 unknown T 3.6705000000000001 2.5526 0 3.6705000000000001 2.5526 0.017000000000000088 #
fbm_tag-tag-sys-attrib $-1 -1 $-1 $-1 $1036 2 1 2 1 1 1 3 1 1 1 1 1 1 1 0 1 1 1 origin_live $1036 @17 [vertex3#vertex3] #
point $-1 -1 -1 $-1 3.6705000000000001 2.5526 0.017000000000000088 #
fbm_tag-tag-sys-attrib $-1 -1 $-1 $-1 $1038 2 1 2 1 1 1 3 1 1 1 1 1 1 1 0 1 1 1 origin_live $1038 @45 [edge:ThickenSheet(split_gap,vertex2)#edge44] #
straight-curve $-1 -1 -1 $-1 4.0015000000000001 1.7 0.017000000000000088 0 0 -1 F -10008.212910667713 F 10008.246910667713 #
coedge $-1 -1 -1 $-1 $1041 $1647 $1648 $1649 forward $127 $-1 #
coedge $-1 -1 -1 $-1 $1650 $1651 $1041 $1369 reversed $1652 $-1 #
edge $1653 -1 -1 $-1 $1654 0 $1374 0.91464035008302569 $1041 $1655 forward @7 unknown T 2.2591999999999999 -2.4708999999999999 0.017000000000000088 3.0648 -2.0378000000000003 0.017000000000000088 #
coedge $-1 -1 -1 $-1 $1339 $1042 $1651 $1656 forward $1372 $-1 #
coedge $-1 -1 -1 $-1 $1042 $1339 $1044 $1376 reversed $1372 $-1 #
loop $-1 -1 -1 $-1 $-1 $1042 $1657 T 3.0648 -2.0378000000000003 0 3.6705000000000001 -1.3525999999999998 0.017000000000000088 unknown #
fbm_tag-tag-sys-attrib $-1 -1 $-1 $-1 $1043 2 1 2 1 1 1 3 1 1 1 1 1 1 1 0 1 1 1 origin_live $1043 @44 [edge:ThickenSheet(split_new,edge17)#edge37] #
vertex $1658 -1 -1 $-1 $1043 $1659 #
straight-curve $-1 -1 -1 $-1 3.0648 -2.0378000000000003 0.017000000000000088 0.66230487710785646 0.74923444245386051 0 I I #
edge $1660 -1 -1 $-1 $1048 0 $1342 0.017000000000000088 $1044 $1661 forward @7 unknown T 3.6705000000000001 -1.3526 0 3.6705000000000001 -1.3526 0.017000000000000088 #
face $1662 -1 -1 $-1 $1051 $1046 $63 $-1 $1663 forward single F F #
fbm_tag-tag-sys-attrib $-1 -1 $-1 $-1 $1048 2 1 2 1 1 1 3 1 1 1 1 1 1 1 0 1 1 1 origin_live $1048 @19 [vertex18#vertex18] #
point $-1 -1 -1 $-1 3.6705000000000001 -1.3526 0.017000000000000088 #
fbm_tag-tag-sys-attrib $-1 -1 $-1 $-1 $1050 2 1 2 1 1 1 3 1 1 1 1 1 1 1 0 1 1 1 origin_live $1050 @46 [edge:ThickenSheet(split_gap,vertex19)#edge41] #
straight-curve $-1 -1 -1 $-1 4.0015000000000001 -0.5 0.017000000000000088 0 0 -1 F -10008.212910667713 F 10008.246910667713 #
fbm_tag-tag-sys-attrib $-1 -1 $-1 $-1 $1051 2 1 2 1 1 1 3 1 1 1 1 1 1 1 0 1 1 1 origin_live $1051 @69 [face:ThickenSheet(tweak,face:ThickenSheet(split_gap,edge19))#face11] #
plane-surface $-1 -1 -1 $-1 3.9257499999999999 -0.5 0 -0 1 -0 -0 0 1 forward_v I I I I #
string_attrib-name_attrib-gen-attrib $-1 -1 $1664 $1058 $6 2 1 1 1 1 1 1 1 1 1 1 1 1 1 0 1 1 1 @16 FEM_materialName @6 Copper #
fbm_tag-tag-sys-attrib $-1 -1 $-1 $-1 $1060 2 1 2 1 1 1 3 1 1 1 1 1 1 1 0 1 1 1 origin_live $1060 @67 [face:ThickenSheet(tweak,face:ThickenSheet(split_gap,edge4))#face8] #
face $1665 -1 -1 $-1 $1666 $1667 $67 $-1 $1668 forward single F F #
loop $-1 -1 -1 $-1 $-1 $1406 $1060 T 8.3946000000000005 1.5458999999999996 0 8.3978000000000002 7 0.017000000000000088 unknown #
plane-surface $-1 -1 -1 $-1 8.3962000000000003 4.2729499999999998 0 -0.9999998278830442 -0.00058671448070724572 0 0 -0 1 forward_v I I I I #
coedge $-1 -1 -1 $-1 $1669 $1063 $1670 $1671 reversed $186 $-1 #
coedge $-1 -1 -1 $-1 $1422 $1421 $1063 $1391 forward $1423 $-1 #
edge $1672 -1 -1 $-1 $1673 7.8504622934188697e-17 $1393 0.68504504961352786 $1063 $1674 forward @7 unknown T 7.6134000000000004 0.10709999999999992 0 8.0978000000000012 0.59150000000000003 0 #
fbm_tag-tag-sys-attrib $-1 -1 $-1 $-1 $1065 2 1 2 1 1 1 3 1 1 1 1 1 1 1 0 1 1 1 origin_live $1065 @13 [edge9#edge9] #
vertex $1675 -1 -1 $-1 $1391 $1676 #
straight-curve $-1 -1 -1 $-1 8.0978000000000012 0.1071 0 0 -1 0 F 8.3266726846886741e-17 F 0.46999999999999997 #
fbm_tag-tag-sys-attrib $-1 -1 $-1 $-1 $1067 2 1 2 1 1 1 3 1 1 1 1 1 1 1 0 1 1 1 origin_live $1067 @50 [vertex:ThickenSheet(split_new,vertex10)#vertex12] #
point $-1 -1 -1 $-1 8.0978000000000012 -0.3629 0 #
coedge $-1 -1 -1 $-1 $1069 $1677 $1678 $1679 reversed $186 $-1 #
coedge $-1 -1 -1 $-1 $1409 $1408 $1069 $1399 forward $1061 $-1 #
edge $1680 -1 -1 $-1 $1401 0 $1681 0.70539999999999914 $1069 $1682 forward @7 unknown T 8.3946000000000005 7 0 9.0999999999999996 7.0000000000000009 0 #
fbm_tag-tag-sys-attrib $-1 -1 $-1 $-1 $1071 2 1 2 1 1 1 3 1 1 1 1 1 1 1 0 1 1 1 origin_live $1071 @13 [edge2#edge2] #
vertex $1683 -1 -1 $-1 $1071 $1684 #
straight-curve $-1 -1 -1 $-1 9.0999999999999996 -5.7999999999999998 0 0 1 0 F 0 F 12.800000000000001 #
fbm_tag-tag-sys-attrib $-1 -1 $-1 $-1 $1073 2 1 2 1 1 1 3 1 1 1 1 1 1 1 0 1 1 1 origin_live $1073 @49 [vertex:ThickenSheet(split_new,vertex2)#vertex19] #
point $-1 -1 -1 $-1 9.0999999999999996 -5.7999999999999998 0 #
coedge $-1 -1 -1 $-1 $1418 $1079 $1685 $1686 forward $132 $-1 #
coedge $-1 -1 -1 $-1 $1687 $1688 $1079 $1407 reversed $1387 $-1 #
edge $1689 -1 -1 $-1 $1411 0 $1690 5.4541009387432506 $1079 $1691 forward @7 unknown T 8.3946000000000005 1.5458999999999996 0.017000000000000088 8.3978000000000002 7 0.017000000000000088 #
coedge $-1 -1 -1 $-1 $1398 $1080 $1083 $1413 forward $1061 $-1 #
coedge $-1 -1 -1 $-1 $1080 $1398 $1687 $1692 reversed $1061 $-1 #
fbm_tag-tag-sys-attrib $-1 -1 $-1 $-1 $1081 2 1 2 1 1 1 3 1 1 1 1 1 1 1 0 1 1 1 origin_live $1081 @43 [edge:ThickenSheet(split_new,edge3)#edge20] #
vertex $1693 -1 -1 $-1 $1407 $1694 #
straight-curve $-1 -1 -1 $-1 9.0999999999999996 7 0.017000000000000088 -1 0 0 I I #
edge $1695 -1 -1 $-1 $1085 0 $1401 0.017000000000000088 $1408 $1696 forward @7 unknown T 9.0999999999999996 7.0000000000000009 0 9.0999999999999996 7.0000000000000009 0.017000000000000088 #
fbm_tag-tag-sys-attrib $-1 -1 $-1 $-1 $1085 2 1 2 1 1 1 3 1 1 1 1 1 1 1 0 1 1 1 origin_live $1085 @17 [vertex3#vertex3] #
point $-1 -1 -1 $-1 9.0999999999999996 7.0000000000000009 0.017000000000000088 #
fbm_tag-tag-sys-attrib $-1 -1 $-1 $-1 $1087 2 1 2 1 1 1 3 1 1 1 1 1 1 1 0 1 1 1 origin_live $1087 @45 [edge:ThickenSheet(split_gap,vertex2)#edge17] #
straight-curve $-1 -1 -1 $-1 9.0999999999999996 -5.7999999999999998 0.017000000000000088 0 0 -1 F -10012.886039163843 F 10012.920039163842 #
coedge $-1 -1 -1 $-1 $1090 $1405 $1697 $1698 forward $132 $-1 #
coedge $-1 -1 -1 $-1 $1699 $1700 $1090 $1420 reversed $1701 $-1 #
edge $1702 -1 -1 $-1 $1703 0 $1425 0.68504504961352797 $1090 $1704 forward @7 unknown T 7.6134000000000004 0.59149999999999991 0.017000000000000088 8.0978000000000012 1.0759000000000001 0.017000000000000088 #
coedge $-1 -1 -1 $-1 $1390 $1091 $1700 $1705 forward $1423 $-1 #
coedge $-1 -1 -1 $-1 $1091 $1390 $1093 $1427 reversed $1423 $-1 #
loop $-1 -1 -1 $-1 $-1 $1091 $1706 T 7.6134000000000004 0.10709999999999992 0 8.0978000000000012 0.59150000000000003 0.017000000000000088 unknown #
fbm_tag-tag-sys-attrib $-1 -1 $-1 $-1 $1092 2 1 2 1 1 1 3 1 1 1 1 1 1 1 0 1 1 1 origin_live $1092 @43 [edge:ThickenSheet(split_new,edge8)#edge30] #
vertex $1707 -1 -1 $-1 $1092 $1708 #
straight-curve $-1 -1 -1 $-1 7.6134000000000004 0.59150000000000003 0.017000000000000088 0.70710678118654813 -0.70710678118654702 0 I I #
edge $1709 -1 -1 $-1 $1097 0 $1393 0.017000000000000088 $1093 $1710 forward @7 unknown T 8.0978000000000012 0.10709999999999992 0 8.0978000000000012 0.10709999999999992 0.017000000000000088 #
face $1711 -1 -1 $-1 $1100 $1095 $67 $-1 $1712 forward single F F #
fbm_tag-tag-sys-attrib $-1 -1 $-1 $-1 $1097 2 1 2 1 1 1 3 1 1 1 1 1 1 1 0 1 1 1 origin_live $1097 @17 [vertex9#vertex9] #
point $-1 -1 -1 $-1 8.0978000000000012 0.10709999999999992 0.017000000000000088 #
fbm_tag-tag-sys-attrib $-1 -1 $-1 $-1 $1099 2 1 2 1 1 1 3 1 1 1 1 1 1 1 0 1 1 1 origin_live $1099 @46 [edge:ThickenSheet(split_gap,vertex10)#edge12] #
straight-curve $-1 -1 -1 $-1 8.0978000000000012 -0.3629 0.017000000000000088 0 0 -1 F -10012.886039163843 F 10012.920039163842 #
fbm_tag-tag-sys-attrib $-1 -1 $-1 $-1 $1100 2 1 2 1 1 1 3 1 1 1 1 1 1 1 0 1 1 1 origin_live $1100 @68 [face:ThickenSheet(tweak,face:ThickenSheet(split_gap,edge10))#face2] #
plane-surface $-1 -1 -1 $-1 8.2478000000000016 -0.3629 0 -0 -1 -0 0 0 -1 forward_v I I I I #
string_attrib-name_attrib-gen-attrib $-1 -1 $1713 $1107 $7 2 1 1 1 1 1 1 1 1 1 1 1 1 1 0 1 1 1 @16 FEM_materialName @33 Copper_(160, 1e-05, False, False) #
coedge $-1 -1 -1 $-1 $1124 $1117 $1112 $1437 forward $1109 $-1 #
edge $1714 -1 -1 $-1 $1120 0 $1439 22.149999999999999 $1112 $1715 forward @7 unknown T -4.6499999999999995 10 0 17.5 10 0 #
fbm_tag-tag-sys-attrib $-1 -1 $-1 $-1 $1113 2 1 2 1 1 1 3 1 1 1 1 1 1 1 0 1 1 1 origin_live $1113 @54 [edge:Extrude(mid_lateral,vertex3,extrude_path)#edge7] #
vertex $1716 -1 -1 $-1 $1129 $1717 #
straight-curve $-1 -1 -1 $-1 -4.6499999999999995 10 0 0 0 -1 I I #
fbm_tag-tag-sys-attrib $-1 -1 $-1 $-1 $1115 2 1 2 1 1 1 3 1 1 1 1 1 1 1 0 1 1 1 origin_live $1115 @54 [vertex:Extrude(mid_top,vertex3,extrude_path)#vertex5] #
point $-1 -1 -1 $-1 -4.6499999999999995 10 -0.010000000000000026 #
fbm_tag-tag-sys-attrib $-1 -1 $-1 $-1 $1118 2 1 2 1 1 1 3 1 1 1 1 1 1 1 0 1 1 1 origin_live $1118 @13 [edge1#edge1] #
straight-curve $-1 -1 -1 $-1 17.5 -10 0 0 1 0 I I #
fbm_tag-tag-sys-attrib $-1 -1 $-1 $-1 $1120 2 1 2 1 1 1 3 1 1 1 1 1 1 1 0 1 1 1 origin_live $1120 @17 [vertex2#vertex2] #
point $-1 -1 -1 $-1 17.5 10 0 #
fbm_tag-tag-sys-attrib $-1 -1 $-1 $-1 $1129 2 1 2 1 1 1 3 1 1 1 1 1 1 1 0 1 1 1 origin_live $1129 @13 [edge3#edge3] #
straight-curve $-1 -1 -1 $-1 -4.6499999999999995 10 0 0 -1 0 I I #
string_attrib-name_attrib-gen-attrib $-1 -1 $1718 $1134 $8 2 1 1 1 1 1 1 1 1 1 1 1 1 1 0 1 1 1 @16 FEM_materialName @17 PERFECT_CONDUCTOR #
straight-curve $-1 -1 -1 $-1 -14.199999999999999 13.125000000000002 0 0 0 -1 I I #
point $-1 -1 -1 $-1 -14.199999999999999 -13.125000000000002 -5.6769999999999996 #
straight-curve $-1 -1 -1 $-1 -14.199999999999999 0 -5.6769999999999996 0 1 0 I I #
point $-1 -1 -1 $-1 -14.199999999999999 13.125000000000002 -5.6769999999999996 #
string_attrib-name_attrib-gen-attrib $-1 -1 $-1 $1157 $0 2 1 1 1 1 1 1 1 1 1 1 1 1 1 0 1 1 1 @8 FEM_name @14 Simulation box #
string_attrib-name_attrib-gen-attrib $-1 -1 $-1 $1166 $1 2 1 1 1 1 1 1 1 1 1 1 1 1 1 0 1 1 1 @8 FEM_name @4 FR_4 #
fbm_tag-tag-sys-attrib $-1 -1 $-1 $-1 $1168 2 1 2 1 1 1 3 1 1 1 1 1 1 1 0 1 1 1 origin_live $1168 @13 [edge0#edge0] #
straight-curve $-1 -1 -1 $-1 -7.7750000000000004 -13.125000000000002 0 1 0 0 I I #
fbm_tag-tag-sys-attrib $-1 -1 $-1 $-1 $1170 2 1 2 1 1 1 3 1 1 1 1 1 1 1 0 1 1 1 origin_live $1170 @17 [vertex0#vertex0] #
point $-1 -1 -1 $-1 -7.7750000000000004 -13.125000000000002 0 #
string_attrib-name_attrib-gen-attrib $-1 -1 $-1 $1180 $2 2 1 1 1 1 1 1 1 1 1 1 1 1 1 0 1 1 1 @8 FEM_name @0  #
fbm_tag-tag-sys-attrib $-1 -1 $-1 $-1 $1182 2 1 2 1 1 1 3 1 1 1 1 1 1 1 0 1 1 1 origin_live $1182 @68 [face:ThickenSheet(tweak,face:ThickenSheet(split_gap,edge5))#face10] #
face $1719 -1 -1 $-1 $1720 $1721 $51 $-1 $1722 forward single F F #
loop $-1 -1 -1 $-1 $-1 $1482 $1182 T 4.0584999999999996 -3.2918000000000003 0 5.0369000000000002 -2.1848999999999998 0.017000000000000088 unknown #
plane-surface $-1 -1 -1 $-1 4.5476999999999999 -2.7383500000000001 0 -0.74925878085315967 0.66227734319878173 -0 -0 0 1 forward_v I I I I #
coedge $-1 -1 -1 $-1 $1723 $1185 $1724 $1725 reversed $162 $-1 #
coedge $-1 -1 -1 $-1 $1498 $1497 $1185 $1467 forward $1499 $-1 #
edge $1726 -1 -1 $-1 $1727 -8.1666734686319445e-17 $1469 1.9618304233546788 $1185 $1728 forward @7 unknown T -2.0381 -3.6684999999999999 0 -0.59499999999999997 -2.3395000000000001 0 #
fbm_tag-tag-sys-attrib $-1 -1 $-1 $-1 $1187 2 1 2 1 1 1 3 1 1 1 1 1 1 1 0 1 1 1 origin_live $1187 @15 [edge10#edge10] #
vertex $1729 -1 -1 $-1 $1467 $1730 #
straight-curve $-1 -1 -1 $-1 -2.0381 -2.3395000000000001 0 -0.34762976066579421 0.93763188378992457 0 F 0 F 1.961857347005638 #
fbm_tag-tag-sys-attrib $-1 -1 $-1 $-1 $1189 2 1 2 1 1 1 3 1 1 1 1 1 1 1 0 1 1 1 origin_live $1189 @50 [vertex:ThickenSheet(split_new,vertex11)#vertex14] #
point $-1 -1 -1 $-1 -2.7201 -0.5 0 #
coedge $-1 -1 -1 $-1 $1193 $1731 $1732 $1733 reversed $162 $-1 #
coedge $-1 -1 -1 $-1 $1485 $1484 $1193 $1475 forward $1183 $-1 #
edge $1734 -1 -1 $-1 $1477 0 $1735 1.4773570759975394 $1193 $1736 forward @7 unknown T 5.0369000000000002 -2.1848999999999998 0 5.5716000000000001 -0.80769999999999997 0 #
fbm_tag-tag-sys-attrib $-1 -1 $-1 $-1 $1195 2 1 2 1 1 1 3 1 1 1 1 1 1 1 0 1 1 1 origin_live $1195 @13 [edge3#edge3] #
vertex $1737 -1 -1 $-1 $1195 $1738 #
straight-curve $-1 -1 -1 $-1 5.6068999999999996 -0.59999999999999998 0 -0.16755397454755386 -0.98586290406593435 0 F 0 F 0.21067838047602314 #
fbm_tag-tag-sys-attrib $-1 -1 $-1 $-1 $1197 2 1 2 1 1 1 3 1 1 1 1 1 1 1 0 1 1 1 origin_live $1197 @49 [vertex:ThickenSheet(split_new,vertex3)#vertex22] #
point $-1 -1 -1 $-1 5.6068999999999996 -0.59999999999999998 0 #
coedge $-1 -1 -1 $-1 $1494 $1201 $1739 $1740 forward $112 $-1 #
coedge $-1 -1 -1 $-1 $1741 $1742 $1201 $1483 reversed $1463 $-1 #
edge $1743 -1 -1 $-1 $1487 0 $1744 1.4773266971120513 $1201 $1745 forward @7 unknown T 4.0584999999999996 -3.2918000000000003 0.017000000000000088 5.0369000000000002 -2.1848999999999998 0.017000000000000088 #
coedge $-1 -1 -1 $-1 $1474 $1202 $1205 $1489 forward $1183 $-1 #
coedge $-1 -1 -1 $-1 $1202 $1474 $1741 $1746 reversed $1183 $-1 #
fbm_tag-tag-sys-attrib $-1 -1 $-1 $-1 $1203 2 1 2 1 1 1 3 1 1 1 1 1 1 1 0 1 1 1 origin_live $1203 @43 [edge:ThickenSheet(split_new,edge4)#edge28] #
vertex $1747 -1 -1 $-1 $1483 $1748 #
straight-curve $-1 -1 -1 $-1 5.5716000000000001 -0.80769999999999997 0.017000000000000088 -0.36193010389107211 -0.93220523485839624 0 I I #
edge $1749 -1 -1 $-1 $1207 0 $1477 0.017000000000000088 $1484 $1750 forward @7 unknown T 5.5716000000000001 -0.80769999999999997 0 5.5716000000000001 -0.80769999999999997 0.017000000000000088 #
fbm_tag-tag-sys-attrib $-1 -1 $-1 $-1 $1207 2 1 2 1 1 1 3 1 1 1 1 1 1 1 0 1 1 1 origin_live $1207 @17 [vertex4#vertex4] #
point $-1 -1 -1 $-1 5.5716000000000001 -0.80769999999999997 0.017000000000000088 #
fbm_tag-tag-sys-attrib $-1 -1 $-1 $-1 $1209 2 1 2 1 1 1 3 1 1 1 1 1 1 1 0 1 1 1 origin_live $1209 @45 [edge:ThickenSheet(split_gap,vertex3)#edge25] #
straight-curve $-1 -1 -1 $-1 5.6068999999999996 -0.59999999999999998 0.017000000000000088 0 0 -1 F -10011.75983964005 F 10011.79383964005 #
coedge $-1 -1 -1 $-1 $1214 $1481 $1751 $1752 forward $112 $-1 #
coedge $-1 -1 -1 $-1 $1753 $1754 $1214 $1496 reversed $1755 $-1 #
edge $1756 -1 -1 $-1 $1757 0 $1501 1.9618543396490984 $1214 $1758 forward @7 unknown T -0.59499999999999997 -4.1970999999999998 0.017000000000000088 1.2943 -3.6684999999999999 0.017000000000000088 #
coedge $-1 -1 -1 $-1 $1466 $1215 $1754 $1759 forward $1499 $-1 #
coedge $-1 -1 -1 $-1 $1215 $1466 $1217 $1503 reversed $1499 $-1 #
loop $-1 -1 -1 $-1 $-1 $1215 $1760 T -2.0381 -3.6684999999999999 0 -0.59499999999999997 -2.3395000000000001 0.017000000000000088 unknown #
fbm_tag-tag-sys-attrib $-1 -1 $-1 $-1 $1216 2 1 2 1 1 1 3 1 1 1 1 1 1 1 0 1 1 1 origin_live $1216 @43 [edge:ThickenSheet(split_new,edge9)#edge37] #
vertex $1761 -1 -1 $-1 $1216 $1762 #
straight-curve $-1 -1 -1 $-1 -0.59500000000000008 -3.6684999999999999 0.017000000000000088 -0.73558855180374672 0.6774285810735079 0 I I #
edge $1763 -1 -1 $-1 $1221 0 $1469 0.017000000000000088 $1217 $1764 forward @7 unknown T -2.0381 -2.3395000000000001 0 -2.0381 -2.3395000000000001 0.017000000000000088 #
face $1765 -1 -1 $-1 $1224 $1219 $51 $-1 $1766 forward single F F #
fbm_tag-tag-sys-attrib $-1 -1 $-1 $-1 $1221 2 1 2 1 1 1 3 1 1 1 1 1 1 1 0 1 1 1 origin_live $1221 @19 [vertex10#vertex10] #
point $-1 -1 -1 $-1 -2.0381 -2.3395000000000001 0.017000000000000088 #
fbm_tag-tag-sys-attrib $-1 -1 $-1 $-1 $1223 2 1 2 1 1 1 3 1 1 1 1 1 1 1 0 1 1 1 origin_live $1223 @46 [edge:ThickenSheet(split_gap,vertex11)#edge17] #
straight-curve $-1 -1 -1 $-1 -2.7201 -0.5 0.017000000000000088 0 0 -1 F -10011.75983964005 F 10011.79383964005 #
fbm_tag-tag-sys-attrib $-1 -1 $-1 $-1 $1224 2 1 2 1 1 1 3 1 1 1 1 1 1 1 0 1 1 1 origin_live $1224 @68 [face:ThickenSheet(tweak,face:ThickenSheet(split_gap,edge11))#face3] #
plane-surface $-1 -1 -1 $-1 -3.5100499999999997 -0.5 0 -0 1 -0 -0 0 1 forward_v I I I I #
string_attrib-name_attrib-gen-attrib $-1 -1 $-1 $1231 $3 2 1 1 1 1 1 1 1 1 1 1 1 1 1 0 1 1 1 @8 FEM_name @0  #
fbm_tag-tag-sys-attrib $-1 -1 $-1 $-1 $1233 2 1 2 1 1 1 3 1 1 1 1 1 1 1 0 1 1 1 origin_live $1233 @68 [face:ThickenSheet(tweak,face:ThickenSheet(split_gap,edge5))#face10] #
face $1767 -1 -1 $-1 $1768 $1769 $55 $-1 $1770 forward single F F #
loop $-1 -1 -1 $-1 $-1 $1533 $1233 T 2.7572000000000001 4.4917999999999996 0 4.0584999999999996 5.1913999999999998 0.017000000000000088 unknown #
plane-surface $-1 -1 -1 $-1 3.4078499999999998 4.8415999999999997 0 -0.47352253787638188 -0.88078170174175996 0 0 -0 -1 forward_v I I I I #
coedge $-1 -1 -1 $-1 $1771 $1236 $1772 $1773 reversed $168 $-1 #
coedge $-1 -1 -1 $-1 $1549 $1548 $1236 $1518 forward $1550 $-1 #
edge $1774 -1 -1 $-1 $1775 0 $1520 0.5884999999999998 $1236 $1776 forward @7 unknown T 5.6093000000000002 1.7830000000000001 0 6.1978 1.7830000000000001 0 #
fbm_tag-tag-sys-attrib $-1 -1 $-1 $-1 $1238 2 1 2 1 1 1 3 1 1 1 1 1 1 1 0 1 1 1 origin_live $1238 @15 [edge10#edge10] #
vertex $1777 -1 -1 $-1 $1518 $1778 #
straight-curve $-1 -1 -1 $-1 6.1978 1.7830000000000001 0 -0.00061337922139658211 0.99999981188294773 0 F 0 F 5.2170009814068461 #
fbm_tag-tag-sys-attrib $-1 -1 $-1 $-1 $1240 2 1 2 1 1 1 3 1 1 1 1 1 1 1 0 1 1 1 origin_live $1240 @50 [vertex:ThickenSheet(split_new,vertex11)#vertex23] #
point $-1 -1 -1 $-1 6.1945999999999994 7 0 #
coedge $-1 -1 -1 $-1 $1244 $1779 $1780 $1781 reversed $168 $-1 #
coedge $-1 -1 -1 $-1 $1536 $1535 $1244 $1526 forward $1234 $-1 #
edge $1782 -1 -1 $-1 $1528 -2.1988155181515519e-16 $1783 1.4772910681378941 $1244 $1784 forward @7 unknown T 1.2942999999999998 5.1913999999999998 0 2.7572000000000001 5.3971 0 #
fbm_tag-tag-sys-attrib $-1 -1 $-1 $-1 $1246 2 1 2 1 1 1 3 1 1 1 1 1 1 1 0 1 1 1 origin_live $1246 @13 [edge3#edge3] #
vertex $1785 -1 -1 $-1 $1246 $1786 #
straight-curve $-1 -1 -1 $-1 -0.59500000000000008 4.8685 0 0.96301746863527304 0.26943896359530267 0 F -1.0691641667951147e-16 F 1.9618543396490984 #
fbm_tag-tag-sys-attrib $-1 -1 $-1 $-1 $1248 2 1 2 1 1 1 3 1 1 1 1 1 1 1 0 1 1 1 origin_live $1248 @49 [vertex:ThickenSheet(split_new,vertex3)#vertex16] #
point $-1 -1 -1 $-1 -0.5950000000000002 4.8685 0 #
coedge $-1 -1 -1 $-1 $1545 $1252 $1787 $1788 forward $117 $-1 #
coedge $-1 -1 -1 $-1 $1789 $1790 $1252 $1534 reversed $1514 $-1 #
edge $1791 -1 -1 $-1 $1538 0 $1792 1.4774375959748685 $1252 $1793 forward @7 unknown T 2.7572000000000001 4.4917999999999996 0.017000000000000088 4.0584999999999996 5.1913999999999998 0.017000000000000088 #
coedge $-1 -1 -1 $-1 $1525 $1253 $1256 $1540 forward $1234 $-1 #
coedge $-1 -1 -1 $-1 $1253 $1525 $1789 $1794 reversed $1234 $-1 #
fbm_tag-tag-sys-attrib $-1 -1 $-1 $-1 $1254 2 1 2 1 1 1 3 1 1 1 1 1 1 1 0 1 1 1 origin_live $1254 @43 [edge:ThickenSheet(split_new,edge4)#edge28] #
vertex $1795 -1 -1 $-1 $1534 $1796 #
straight-curve $-1 -1 -1 $-1 1.2943 5.3971 0.017000000000000088 0.99025847482037932 -0.13924134819232498 0 I I #
edge $1797 -1 -1 $-1 $1258 0 $1528 0.017000000000000088 $1535 $1798 forward @7 unknown T 1.2942999999999998 5.3971 0 1.2942999999999998 5.3971 0.017000000000000088 #
fbm_tag-tag-sys-attrib $-1 -1 $-1 $-1 $1258 2 1 2 1 1 1 3 1 1 1 1 1 1 1 0 1 1 1 origin_live $1258 @17 [vertex4#vertex4] #
point $-1 -1 -1 $-1 1.2942999999999998 5.3971 0.017000000000000088 #
fbm_tag-tag-sys-attrib $-1 -1 $-1 $-1 $1260 2 1 2 1 1 1 3 1 1 1 1 1 1 1 0 1 1 1 origin_live $1260 @45 [edge:ThickenSheet(split_gap,vertex3)#edge25] #
straight-curve $-1 -1 -1 $-1 -0.5950000000000002 4.8685 0.017000000000000088 0 0 -1 F -10011.75983964005 F 10011.79383964005 #
coedge $-1 -1 -1 $-1 $1265 $1532 $1799 $1800 forward $117 $-1 #
coedge $-1 -1 -1 $-1 $1801 $1802 $1265 $1547 reversed $1803 $-1 #
edge $1804 -1 -1 $-1 $1805 0 $1552 0.22784068995682019 $1265 $1806 forward @7 unknown T 5.5716000000000001 1.7830000000000001 0.017000000000000088 5.6093000000000002 2.0076999999999998 0.017000000000000088 #
coedge $-1 -1 -1 $-1 $1517 $1266 $1802 $1807 forward $1550 $-1 #
coedge $-1 -1 -1 $-1 $1266 $1517 $1268 $1554 reversed $1550 $-1 #
loop $-1 -1 -1 $-1 $-1 $1266 $1808 T 5.6093000000000002 1.7830000000000001 0 6.1978 1.7830000000000001 0.017000000000000088 unknown #
fbm_tag-tag-sys-attrib $-1 -1 $-1 $-1 $1267 2 1 2 1 1 1 3 1 1 1 1 1 1 1 0 1 1 1 origin_live $1267 @43 [edge:ThickenSheet(split_new,edge9)#edge37] #
vertex $1809 -1 -1 $-1 $1267 $1810 #
straight-curve $-1 -1 -1 $-1 5.6093000000000002 1.7830000000000001 0.017000000000000088 1 0 0 I I #
edge $1811 -1 -1 $-1 $1272 0 $1520 0.017000000000000088 $1268 $1812 forward @7 unknown T 6.1978 1.7830000000000001 0 6.1978 1.7830000000000001 0.017000000000000088 #
face $1813 -1 -1 $-1 $1275 $1270 $55 $-1 $1814 forward single F F #
fbm_tag-tag-sys-attrib $-1 -1 $-1 $-1 $1272 2 1 2 1 1 1 3 1 1 1 1 1 1 1 0 1 1 1 origin_live $1272 @19 [vertex10#vertex10] #
point $-1 -1 -1 $-1 6.1978 1.7830000000000001 0.017000000000000088 #
fbm_tag-tag-sys-attrib $-1 -1 $-1 $-1 $1274 2 1 2 1 1 1 3 1 1 1 1 1 1 1 0 1 1 1 origin_live $1274 @46 [edge:ThickenSheet(split_gap,vertex11)#edge17] #
straight-curve $-1 -1 -1 $-1 6.1945999999999994 7 0.017000000000000088 0 0 -1 F -10011.75983964005 F 10011.79383964005 #
fbm_tag-tag-sys-attrib $-1 -1 $-1 $-1 $1275 2 1 2 1 1 1 3 1 1 1 1 1 1 1 0 1 1 1 origin_live $1275 @68 [face:ThickenSheet(tweak,face:ThickenSheet(split_gap,edge11))#face3] #
plane-surface $-1 -1 -1 $-1 0.94730000000000025 7 0 -0 1 -0 -0 0 1 forward_v I I I I #
string_attrib-name_attrib-gen-attrib $-1 -1 $-1 $1282 $4 2 1 1 1 1 1 1 1 1 1 1 1 1 1 0 1 1 1 @8 FEM_name @0  #
fbm_tag-tag-sys-attrib $-1 -1 $-1 $-1 $1284 2 1 2 1 1 1 3 1 1 1 1 1 1 1 0 1 1 1 origin_live $1284 @68 [face:ThickenSheet(tweak,face:ThickenSheet(split_gap,edge5))#face50] #
face $1815 -1 -1 $-1 $1816 $1817 $59 $-1 $1818 forward single F F #
loop $-1 -1 -1 $-1 $-1 $1584 $1284 T 1.335 4.1460000000000008 0 2.4149000000000003 4.2979000000000003 0.017000000000000088 unknown #
plane-surface $-1 -1 -1 $-1 1.8749500000000001 4.2219500000000005 0 -0.13928995640879871 -0.99025163874827038 0 0 -0 -1 forward_v I I I I #
coedge $-1 -1 -1 $-1 $1819 $1287 $1820 $1821 reversed $174 $-1 #
coedge $-1 -1 -1 $-1 $1600 $1599 $1287 $1569 forward $1601 $-1 #
edge $1822 -1 -1 $-1 $1823 0 $1571 1.4479666432621985 $1287 $1824 forward @7 unknown T -0.059399999999999897 -3.0978999999999997 0 1.335 -2.7077 0 #
fbm_tag-tag-sys-attrib $-1 -1 $-1 $-1 $1289 2 1 2 1 1 1 3 1 1 1 1 1 1 1 0 1 1 1 origin_live $1289 @15 [edge73#edge73] #
vertex $1825 -1 -1 $-1 $1569 $1826 #
straight-curve $-1 -1 -1 $-1 -0.059400000000000001 -2.7077 0 -0.73561573843444938 0.67739905917231658 0 F -7.656539344561523e-17 F 1.448038621722501 #
fbm_tag-tag-sys-attrib $-1 -1 $-1 $-1 $1291 2 1 2 1 1 1 3 1 1 1 1 1 1 1 0 1 1 1 origin_live $1291 @50 [vertex:ThickenSheet(split_new,vertex74)#vertex87] #
point $-1 -1 -1 $-1 -1.1245999999999998 -1.7267999999999999 0 #
coedge $-1 -1 -1 $-1 $1295 $1827 $1828 $1829 reversed $174 $-1 #
coedge $-1 -1 -1 $-1 $1587 $1586 $1295 $1577 forward $1285 $-1 #
edge $1830 -1 -1 $-1 $1579 1.0023290631001271e-16 $1831 1.4479666432621987 $1295 $1832 forward @7 unknown T -0.059399999999999904 3.9077000000000002 0 1.335 4.2979000000000003 0 #
fbm_tag-tag-sys-attrib $-1 -1 $-1 $-1 $1297 2 1 2 1 1 1 3 1 1 1 1 1 1 1 0 1 1 1 origin_live $1297 @13 [edge3#edge3] #
vertex $1833 -1 -1 $-1 $1297 $1834 #
straight-curve $-1 -1 -1 $-1 -1.1245999999999998 2.9267999999999996 0 0.73561573843444927 0.67739905917231669 0 F 0 F 1.4480386217225012 #
fbm_tag-tag-sys-attrib $-1 -1 $-1 $-1 $1299 2 1 2 1 1 1 3 1 1 1 1 1 1 1 0 1 1 1 origin_live $1299 @49 [vertex:ThickenSheet(split_new,vertex3)#vertex88] #
point $-1 -1 -1 $-1 -1.1245999999999998 2.9267999999999996 0 #
coedge $-1 -1 -1 $-1 $1835 $1303 $1836 $1837 forward $122 $-1 #
coedge $-1 -1 -1 $-1 $1838 $1839 $1303 $1585 reversed $1565 $-1 #
edge $1840 -1 -1 $-1 $1589 0 $1841 1.0905308890627541 $1303 $1842 forward @7 unknown T 1.335 4.1460000000000008 0.017000000000000088 2.4149000000000003 4.2979000000000003 0.017000000000000088 #
coedge $-1 -1 -1 $-1 $1576 $1304 $1307 $1591 forward $1285 $-1 #
coedge $-1 -1 -1 $-1 $1304 $1576 $1838 $1843 reversed $1285 $-1 #
fbm_tag-tag-sys-attrib $-1 -1 $-1 $-1 $1305 2 1 2 1 1 1 3 1 1 1 1 1 1 1 0 1 1 1 origin_live $1305 @44 [edge:ThickenSheet(split_new,edge4)#edge154] #
vertex $1844 -1 -1 $-1 $1585 $1845 #
straight-curve $-1 -1 -1 $-1 -0.059400000000000001 3.9077000000000002 0.017000000000000088 0.96300560961714154 0.26948134600732127 0 I I #
edge $1846 -1 -1 $-1 $1309 0 $1579 0.017000000000000088 $1586 $1847 forward @7 unknown T -0.059399999999999897 3.9077000000000002 0 -0.059399999999999897 3.9077000000000002 0.017000000000000088 #
fbm_tag-tag-sys-attrib $-1 -1 $-1 $-1 $1309 2 1 2 1 1 1 3 1 1 1 1 1 1 1 0 1 1 1 origin_live $1309 @17 [vertex4#vertex4] #
point $-1 -1 -1 $-1 -0.059399999999999897 3.9077000000000002 0.017000000000000088 #
fbm_tag-tag-sys-attrib $-1 -1 $-1 $-1 $1311 2 1 2 1 1 1 3 1 1 1 1 1 1 1 0 1 1 1 origin_live $1311 @46 [edge:ThickenSheet(split_gap,vertex3)#edge141] #
straight-curve $-1 -1 -1 $-1 -1.1245999999999998 2.9267999999999996 0.017000000000000088 0 0 -1 F -10017.586675894363 F 10017.620675894363 #
coedge $-1 -1 -1 $-1 $1316 $1848 $1849 $1850 forward $122 $-1 #
coedge $-1 -1 -1 $-1 $1851 $1852 $1316 $1598 reversed $1853 $-1 #
edge $1854 -1 -1 $-1 $1855 0 $1603 1.0905308890627541 $1316 $1856 forward @7 unknown T 1.335 -3.0978999999999997 0.017000000000000088 2.4149000000000003 -2.9459999999999997 0.017000000000000088 #
coedge $-1 -1 -1 $-1 $1568 $1317 $1852 $1857 forward $1601 $-1 #
coedge $-1 -1 -1 $-1 $1317 $1568 $1319 $1605 reversed $1601 $-1 #
loop $-1 -1 -1 $-1 $-1 $1317 $1858 T -0.059399999999999897 -3.0978999999999997 0 1.335 -2.7077 0.017000000000000088 unknown #
fbm_tag-tag-sys-attrib $-1 -1 $-1 $-1 $1318 2 1 2 1 1 1 3 1 1 1 1 1 1 1 0 1 1 1 origin_live $1318 @45 [edge:ThickenSheet(split_new,edge72)#edge215] #
vertex $1859 -1 -1 $-1 $1318 $1860 #
straight-curve $-1 -1 -1 $-1 1.335 -3.0978999999999997 0.017000000000000088 -0.96300560961714143 0.26948134600732093 0 I I #
edge $1861 -1 -1 $-1 $1323 0 $1571 0.017000000000000088 $1319 $1862 forward @7 unknown T -0.059399999999999897 -2.7077 0 -0.059399999999999897 -2.7077 0.017000000000000088 #
face $1863 -1 -1 $-1 $1326 $1321 $59 $-1 $1864 forward single F F #
fbm_tag-tag-sys-attrib $-1 -1 $-1 $-1 $1323 2 1 2 1 1 1 3 1 1 1 1 1 1 1 0 1 1 1 origin_live $1323 @19 [vertex73#vertex73] #
point $-1 -1 -1 $-1 -0.059399999999999897 -2.7077 0.017000000000000088 #
fbm_tag-tag-sys-attrib $-1 -1 $-1 $-1 $1325 2 1 2 1 1 1 3 1 1 1 1 1 1 1 0 1 1 1 origin_live $1325 @47 [edge:ThickenSheet(split_gap,vertex74)#edge220] #
straight-curve $-1 -1 -1 $-1 -1.1245999999999998 -1.7267999999999999 0.017000000000000088 0 0 -1 F -10017.586675894363 F 10017.620675894363 #
fbm_tag-tag-sys-attrib $-1 -1 $-1 $-1 $1326 2 1 2 1 1 1 3 1 1 1 1 1 1 1 0 1 1 1 origin_live $1326 @69 [face:ThickenSheet(tweak,face:ThickenSheet(split_gap,edge74))#face74] #
plane-surface $-1 -1 -1 $-1 -1.3762999999999999 -1.0479500000000002 0 0.93762541025264956 0.34764722068290793 -0 -0 0 -1 forward_v I I I I #
string_attrib-name_attrib-gen-attrib $-1 -1 $-1 $1333 $5 2 1 1 1 1 1 1 1 1 1 1 1 1 1 0 1 1 1 @8 FEM_name @0  #
fbm_tag-tag-sys-attrib $-1 -1 $-1 $-1 $1335 2 1 2 1 1 1 3 1 1 1 1 1 1 1 0 1 1 1 origin_live $1335 @68 [face:ThickenSheet(tweak,face:ThickenSheet(split_gap,edge5))#face21] #
face $1865 -1 -1 $-1 $1866 $1867 $63 $-1 $1868 forward single F F #
loop $-1 -1 -1 $-1 $-1 $1635 $1335 T 1.3535999999999999 3.6709000000000001 0 2.2591999999999999 3.7982 0.017000000000000088 unknown #
plane-surface $-1 -1 -1 $-1 1.8064 3.73455 0 0.13920121696099971 0.99026411688830607 -0 -0 0 1 forward_v I I I I #
coedge $-1 -1 -1 $-1 $1869 $1338 $1870 $1871 reversed $180 $-1 #
coedge $-1 -1 -1 $-1 $1651 $1650 $1338 $1620 forward $1652 $-1 #
edge $1872 -1 -1 $-1 $1873 0 $1622 0.91464035008302569 $1338 $1874 forward @7 unknown T 2.2591999999999999 -2.4708999999999999 0 3.0648 -2.0378000000000003 0 #
fbm_tag-tag-sys-attrib $-1 -1 $-1 $-1 $1340 2 1 2 1 1 1 3 1 1 1 1 1 1 1 0 1 1 1 origin_live $1340 @15 [edge17#edge17] #
vertex $1875 -1 -1 $-1 $1620 $1876 #
straight-curve $-1 -1 -1 $-1 3.0648 -2.0378000000000003 0 0.66230487710785646 0.74923444245386051 0 F 0 F 0.91453350403361422 #
fbm_tag-tag-sys-attrib $-1 -1 $-1 $-1 $1342 2 1 2 1 1 1 3 1 1 1 1 1 1 1 0 1 1 1 origin_live $1342 @50 [vertex:ThickenSheet(split_new,vertex18)#vertex34] #
point $-1 -1 -1 $-1 3.6705000000000001 -1.3526 0 #
coedge $-1 -1 -1 $-1 $1346 $1877 $1878 $1879 reversed $180 $-1 #
coedge $-1 -1 -1 $-1 $1638 $1637 $1346 $1628 forward $1336 $-1 #
edge $1880 -1 -1 $-1 $1630 0 $1881 0.91464035008302602 $1346 $1882 forward @7 unknown T 2.2591999999999999 3.2378 0 3.0648 3.6709000000000001 0 #
fbm_tag-tag-sys-attrib $-1 -1 $-1 $-1 $1348 2 1 2 1 1 1 3 1 1 1 1 1 1 1 0 1 1 1 origin_live $1348 @13 [edge3#edge3] #
vertex $1883 -1 -1 $-1 $1348 $1884 #
straight-curve $-1 -1 -1 $-1 3.6705000000000001 2.5526 0 -0.66230487710785657 0.74923444245386039 0 F 0 F 0.914533504033614 #
fbm_tag-tag-sys-attrib $-1 -1 $-1 $-1 $1350 2 1 2 1 1 1 3 1 1 1 1 1 1 1 0 1 1 1 origin_live $1350 @49 [vertex:ThickenSheet(split_new,vertex3)#vertex35] #
point $-1 -1 -1 $-1 3.6705000000000001 2.5526 0 #
coedge $-1 -1 -1 $-1 $1885 $1354 $1886 $1887 forward $127 $-1 #
coedge $-1 -1 -1 $-1 $1888 $1889 $1354 $1636 reversed $1616 $-1 #
edge $1890 -1 -1 $-1 $1640 0 $1891 0.91450349917318519 $1354 $1892 forward @7 unknown T 1.3535999999999999 3.6709000000000001 0.017000000000000088 2.2591999999999999 3.7982 0.017000000000000088 #
coedge $-1 -1 -1 $-1 $1627 $1355 $1358 $1642 forward $1336 $-1 #
coedge $-1 -1 -1 $-1 $1355 $1627 $1888 $1893 reversed $1336 $-1 #
fbm_tag-tag-sys-attrib $-1 -1 $-1 $-1 $1356 2 1 2 1 1 1 3 1 1 1 1 1 1 1 0 1 1 1 origin_live $1356 @43 [edge:ThickenSheet(split_new,edge4)#edge49] #
vertex $1894 -1 -1 $-1 $1636 $1895 #
straight-curve $-1 -1 -1 $-1 3.0648 3.2378 0.017000000000000088 -0.88078335919344941 0.47351945489906022 0 I I #
edge $1896 -1 -1 $-1 $1360 0 $1630 0.017000000000000088 $1637 $1897 forward @7 unknown T 3.0648 3.2378 0 3.0648 3.2378 0.017000000000000088 #
fbm_tag-tag-sys-attrib $-1 -1 $-1 $-1 $1360 2 1 2 1 1 1 3 1 1 1 1 1 1 1 0 1 1 1 origin_live $1360 @17 [vertex4#vertex4] #
point $-1 -1 -1 $-1 3.0648 3.2378 0.017000000000000088 #
fbm_tag-tag-sys-attrib $-1 -1 $-1 $-1 $1362 2 1 2 1 1 1 3 1 1 1 1 1 1 1 0 1 1 1 origin_live $1362 @45 [edge:ThickenSheet(split_gap,vertex3)#edge45] #
straight-curve $-1 -1 -1 $-1 3.6705000000000001 2.5526 0.017000000000000088 0 0 -1 F -10008.212910667713 F 10008.246910667713 #
coedge $-1 -1 -1 $-1 $1367 $1898 $1899 $1900 forward $127 $-1 #
coedge $-1 -1 -1 $-1 $1901 $1902 $1367 $1649 reversed $1903 $-1 #
edge $1904 -1 -1 $-1 $1905 0 $1654 0.91450349917318519 $1367 $1906 forward @7 unknown T 1.3535999999999999 -2.5982000000000003 0.017000000000000088 2.2591999999999999 -2.4708999999999999 0.017000000000000088 #
coedge $-1 -1 -1 $-1 $1619 $1368 $1902 $1907 forward $1652 $-1 #
coedge $-1 -1 -1 $-1 $1368 $1619 $1370 $1656 reversed $1652 $-1 #
loop $-1 -1 -1 $-1 $-1 $1368 $1908 T 2.2591999999999999 -2.4708999999999999 0 3.0648 -2.0378000000000003 0.017000000000000088 unknown #
fbm_tag-tag-sys-attrib $-1 -1 $-1 $-1 $1369 2 1 2 1 1 1 3 1 1 1 1 1 1 1 0 1 1 1 origin_live $1369 @44 [edge:ThickenSheet(split_new,edge16)#edge35] #
vertex $1909 -1 -1 $-1 $1369 $1910 #
straight-curve $-1 -1 -1 $-1 2.2591999999999999 -2.4708999999999999 0.017000000000000088 0.88078335919344963 0.47351945489905983 0 I I #
edge $1911 -1 -1 $-1 $1374 0 $1622 0.017000000000000088 $1370 $1912 forward @7 unknown T 3.0648 -2.0378000000000003 0 3.0648 -2.0378000000000003 0.017000000000000088 #
face $1913 -1 -1 $-1 $1377 $1372 $63 $-1 $1914 forward single F F #
fbm_tag-tag-sys-attrib $-1 -1 $-1 $-1 $1374 2 1 2 1 1 1 3 1 1 1 1 1 1 1 0 1 1 1 origin_live $1374 @19 [vertex17#vertex17] #
point $-1 -1 -1 $-1 3.0648 -2.0378000000000003 0.017000000000000088 #
fbm_tag-tag-sys-attrib $-1 -1 $-1 $-1 $1376 2 1 2 1 1 1 3 1 1 1 1 1 1 1 0 1 1 1 origin_live $1376 @46 [edge:ThickenSheet(split_gap,vertex18)#edge40] #
straight-curve $-1 -1 -1 $-1 3.6705000000000001 -1.3526 0.017000000000000088 0 0 -1 F -10008.212910667713 F 10008.246910667713 #
fbm_tag-tag-sys-attrib $-1 -1 $-1 $-1 $1377 2 1 2 1 1 1 3 1 1 1 1 1 1 1 0 1 1 1 origin_live $1377 @69 [face:ThickenSheet(tweak,face:ThickenSheet(split_gap,edge18))#face10] #
plane-surface $-1 -1 -1 $-1 3.8360000000000003 -0.9262999999999999 0 0.93221381150487015 -0.36190801267665024 -0 0 0 -1 forward_v I I I I #
string_attrib-name_attrib-gen-attrib $-1 -1 $-1 $1384 $6 2 1 1 1 1 1 1 1 1 1 1 1 1 1 0 1 1 1 @8 FEM_name @0  #
fbm_tag-tag-sys-attrib $-1 -1 $-1 $-1 $1386 2 1 2 1 1 1 3 1 1 1 1 1 1 1 0 1 1 1 origin_live $1386 @67 [face:ThickenSheet(tweak,face:ThickenSheet(split_gap,edge5))#face9] #
face $1915 -1 -1 $-1 $1916 $1917 $67 $-1 $1918 forward single F F #
loop $-1 -1 -1 $-1 $-1 $1685 $1386 T 8.0978000000000012 1.5458999999999996 0 8.3978000000000002 1.5459000000000001 0.017000000000000088 unknown #
plane-surface $-1 -1 -1 $-1 8.2478000000000016 1.5459000000000001 0 -0 1 -0 -0 0 1 forward_v I I I I #
coedge $-1 -1 -1 $-1 $1677 $1389 $1919 $1920 reversed $186 $-1 #
coedge $-1 -1 -1 $-1 $1700 $1699 $1389 $1671 forward $1701 $-1 #
edge $1921 -1 -1 $-1 $1922 0 $1673 0.68504504961352797 $1389 $1923 forward @7 unknown T 7.6134000000000004 0.59149999999999991 0 8.0978000000000012 1.0759000000000001 0 #
fbm_tag-tag-sys-attrib $-1 -1 $-1 $-1 $1391 2 1 2 1 1 1 3 1 1 1 1 1 1 1 0 1 1 1 origin_live $1391 @13 [edge8#edge8] #
vertex $1924 -1 -1 $-1 $1671 $1925 #
straight-curve $-1 -1 -1 $-1 7.6134000000000004 0.59150000000000003 0 0.70710678118654813 -0.70710678118654702 0 F 7.8504622934188697e-17 F 0.68504504961352786 #
fbm_tag-tag-sys-attrib $-1 -1 $-1 $-1 $1393 2 1 2 1 1 1 3 1 1 1 1 1 1 1 0 1 1 1 origin_live $1393 @49 [vertex:ThickenSheet(split_new,vertex9)#vertex13] #
point $-1 -1 -1 $-1 8.0978000000000012 0.10709999999999992 0 #
coedge $-1 -1 -1 $-1 $1397 $1669 $1926 $1927 reversed $186 $-1 #
coedge $-1 -1 -1 $-1 $1688 $1687 $1397 $1679 forward $1387 $-1 #
edge $1928 -1 -1 $-1 $1681 0 $1929 5.4541009387432497 $1397 $1930 forward @7 unknown T 8.3946000000000005 1.5458999999999996 0 8.3978000000000002 7 0 #
fbm_tag-tag-sys-attrib $-1 -1 $-1 $-1 $1399 2 1 2 1 1 1 3 1 1 1 1 1 1 1 0 1 1 1 origin_live $1399 @13 [edge3#edge3] #
vertex $1931 -1 -1 $-1 $1399 $1932 #
straight-curve $-1 -1 -1 $-1 9.0999999999999996 7 0 -1 0 0 F 0 F 0.70539999999999914 #
fbm_tag-tag-sys-attrib $-1 -1 $-1 $-1 $1401 2 1 2 1 1 1 3 1 1 1 1 1 1 1 0 1 1 1 origin_live $1401 @49 [vertex:ThickenSheet(split_new,vertex3)#vertex20] #
point $-1 -1 -1 $-1 9.0999999999999996 7.0000000000000009 0 #
coedge $-1 -1 -1 $-1 $1933 $1934 $1405 $1686 reversed $1667 $-1 #
edge $1935 -1 -1 $-1 $1690 0 $1936 0.29999999999999893 $1405 $1937 forward @7 unknown T 8.0978000000000012 1.5458999999999996 0.017000000000000088 8.3978000000000002 1.5459000000000001 0.017000000000000088 #
coedge $-1 -1 -1 $-1 $1678 $1406 $1409 $1692 forward $1387 $-1 #
coedge $-1 -1 -1 $-1 $1406 $1678 $1933 $1938 reversed $1387 $-1 #
fbm_tag-tag-sys-attrib $-1 -1 $-1 $-1 $1407 2 1 2 1 1 1 3 1 1 1 1 1 1 1 0 1 1 1 origin_live $1407 @43 [edge:ThickenSheet(split_new,edge4)#edge22] #
vertex $1939 -1 -1 $-1 $1686 $1940 #
straight-curve $-1 -1 -1 $-1 8.3946000000000005 7 0.017000000000000088 0.00058671448070724561 -0.99999982788304409 0 I I #
edge $1941 -1 -1 $-1 $1411 0 $1681 0.017000000000000088 $1687 $1942 forward @7 unknown T 8.3946000000000005 7 0 8.3946000000000005 7 0.017000000000000088 #
fbm_tag-tag-sys-attrib $-1 -1 $-1 $-1 $1411 2 1 2 1 1 1 3 1 1 1 1 1 1 1 0 1 1 1 origin_live $1411 @17 [vertex4#vertex4] #
point $-1 -1 -1 $-1 8.3946000000000005 7 0.017000000000000088 #
fbm_tag-tag-sys-attrib $-1 -1 $-1 $-1 $1413 2 1 2 1 1 1 3 1 1 1 1 1 1 1 0 1 1 1 origin_live $1413 @45 [edge:ThickenSheet(split_gap,vertex3)#edge19] #
straight-curve $-1 -1 -1 $-1 9.0999999999999996 7.0000000000000009 0.017000000000000088 0 0 -1 F -10012.886039163843 F 10012.920039163842 #
coedge $-1 -1 -1 $-1 $1943 $1944 $1418 $1698 reversed $1917 $-1 #
edge $1945 -1 -1 $-1 $1936 0 $1703 0.46999999999999997 $1418 $1946 forward @7 unknown T 8.0978000000000012 1.0759000000000001 0.017000000000000088 8.0978000000000012 1.5459000000000001 0.017000000000000088 #
coedge $-1 -1 -1 $-1 $1670 $1419 $1944 $1947 forward $1701 $-1 #
coedge $-1 -1 -1 $-1 $1419 $1670 $1421 $1705 reversed $1701 $-1 #
loop $-1 -1 -1 $-1 $-1 $1419 $1916 T 7.6134000000000004 0.59149999999999991 0 8.0978000000000012 1.0759000000000001 0.017000000000000088 unknown #
fbm_tag-tag-sys-attrib $-1 -1 $-1 $-1 $1420 2 1 2 1 1 1 3 1 1 1 1 1 1 1 0 1 1 1 origin_live $1420 @43 [edge:ThickenSheet(split_new,edge7)#edge28] #
vertex $1948 -1 -1 $-1 $1420 $1949 #
straight-curve $-1 -1 -1 $-1 8.0978000000000012 1.0759000000000001 0.017000000000000088 -0.70710678118654813 -0.70710678118654702 0 I I #
edge $1950 -1 -1 $-1 $1425 0 $1673 0.017000000000000088 $1421 $1951 forward @7 unknown T 7.6134000000000004 0.59149999999999991 0 7.6134000000000004 0.59149999999999991 0.017000000000000088 #
face $1952 -1 -1 $-1 $1428 $1423 $67 $-1 $1953 forward single F F #
fbm_tag-tag-sys-attrib $-1 -1 $-1 $-1 $1425 2 1 2 1 1 1 3 1 1 1 1 1 1 1 0 1 1 1 origin_live $1425 @17 [vertex8#vertex8] #
point $-1 -1 -1 $-1 7.6134000000000004 0.59149999999999991 0.017000000000000088 #
fbm_tag-tag-sys-attrib $-1 -1 $-1 $-1 $1427 2 1 2 1 1 1 3 1 1 1 1 1 1 1 0 1 1 1 origin_live $1427 @45 [edge:ThickenSheet(split_gap,vertex9)#edge32] #
straight-curve $-1 -1 -1 $-1 8.0978000000000012 0.10709999999999992 0.017000000000000088 0 0 -1 F -10012.886039163843 F 10012.920039163842 #
fbm_tag-tag-sys-attrib $-1 -1 $-1 $-1 $1428 2 1 2 1 1 1 3 1 1 1 1 1 1 1 0 1 1 1 origin_live $1428 @67 [face:ThickenSheet(tweak,face:ThickenSheet(split_gap,edge9))#face3] #
plane-surface $-1 -1 -1 $-1 8.0978000000000012 -0.12790000000000004 0 -1 -0 0 0 -0 1 forward_v I I I I #
string_attrib-name_attrib-gen-attrib $-1 -1 $-1 $1435 $7 2 1 1 1 1 1 1 1 1 1 1 1 1 1 0 1 1 1 @8 FEM_name @0  #
fbm_tag-tag-sys-attrib $-1 -1 $-1 $-1 $1437 2 1 2 1 1 1 3 1 1 1 1 1 1 1 0 1 1 1 origin_live $1437 @13 [edge2#edge2] #
straight-curve $-1 -1 -1 $-1 17.5 10 0 -1 0 0 I I #
fbm_tag-tag-sys-attrib $-1 -1 $-1 $-1 $1439 2 1 2 1 1 1 3 1 1 1 1 1 1 1 0 1 1 1 origin_live $1439 @17 [vertex3#vertex3] #
point $-1 -1 -1 $-1 -4.6499999999999995 10 0 #
string_attrib-name_attrib-gen-attrib $-1 -1 $-1 $1449 $8 2 1 1 1 1 1 1 1 1 1 1 1 1 1 0 1 1 1 @8 FEM_name @0  #
fbm_tag-tag-sys-attrib $-1 -1 $-1 $-1 $1462 2 1 2 1 1 1 3 1 1 1 1 1 1 1 0 1 1 1 origin_live $1462 @68 [face:ThickenSheet(tweak,face:ThickenSheet(split_gap,edge6))#face12] #
face $1954 -1 -1 $-1 $1955 $1956 $51 $-1 $1957 forward single F F #
loop $-1 -1 -1 $-1 $-1 $1739 $1462 T 2.7572000000000001 -3.9914000000000001 0 4.0584999999999996 -3.2918000000000003 0.017000000000000088 unknown #
plane-surface $-1 -1 -1 $-1 3.4078499999999998 -3.6416000000000004 0 -0.47352253787638166 0.88078170174176007 -0 -0 0 1 forward_v I I I I #
coedge $-1 -1 -1 $-1 $1731 $1465 $1958 $1959 reversed $162 $-1 #
coedge $-1 -1 -1 $-1 $1754 $1753 $1465 $1725 forward $1755 $-1 #
edge $1960 -1 -1 $-1 $1961 0 $1727 1.9618543396490984 $1465 $1962 forward @7 unknown T -0.59499999999999997 -4.1970999999999998 0 1.2943 -3.6684999999999999 0 #
fbm_tag-tag-sys-attrib $-1 -1 $-1 $-1 $1467 2 1 2 1 1 1 3 1 1 1 1 1 1 1 0 1 1 1 origin_live $1467 @13 [edge9#edge9] #
vertex $1963 -1 -1 $-1 $1725 $1964 #
straight-curve $-1 -1 -1 $-1 -0.59500000000000008 -3.6684999999999999 0 -0.73558855180374683 0.67742858107350801 0 F -8.1666734686319445e-17 F 1.9618304233546788 #
fbm_tag-tag-sys-attrib $-1 -1 $-1 $-1 $1469 2 1 2 1 1 1 3 1 1 1 1 1 1 1 0 1 1 1 origin_live $1469 @50 [vertex:ThickenSheet(split_new,vertex10)#vertex15] #
point $-1 -1 -1 $-1 -2.0381 -2.3395000000000001 0 #
coedge $-1 -1 -1 $-1 $1473 $1723 $1965 $1966 reversed $162 $-1 #
coedge $-1 -1 -1 $-1 $1742 $1741 $1473 $1733 forward $1463 $-1 #
edge $1967 -1 -1 $-1 $1735 0 $1968 1.4773266971120513 $1473 $1969 forward @7 unknown T 4.0584999999999996 -3.2918000000000003 0 5.0369000000000002 -2.1848999999999998 0 #
fbm_tag-tag-sys-attrib $-1 -1 $-1 $-1 $1475 2 1 2 1 1 1 3 1 1 1 1 1 1 1 0 1 1 1 origin_live $1475 @13 [edge4#edge4] #
vertex $1970 -1 -1 $-1 $1475 $1971 #
straight-curve $-1 -1 -1 $-1 5.5716000000000001 -0.80769999999999997 0 -0.36193010389107211 -0.93220523485839624 0 F 0 F 1.4773570759975394 #
fbm_tag-tag-sys-attrib $-1 -1 $-1 $-1 $1477 2 1 2 1 1 1 3 1 1 1 1 1 1 1 0 1 1 1 origin_live $1477 @49 [vertex:ThickenSheet(split_new,vertex4)#vertex21] #
point $-1 -1 -1 $-1 5.5716000000000001 -0.80769999999999997 0 #
coedge $-1 -1 -1 $-1 $1972 $1973 $1481 $1740 reversed $1721 $-1 #
edge $1974 -1 -1 $-1 $1744 0 $1975 1.4774375959748685 $1481 $1976 forward @7 unknown T 2.7572000000000001 -3.9914000000000001 0.017000000000000088 4.0584999999999996 -3.2918000000000003 0.017000000000000088 #
coedge $-1 -1 -1 $-1 $1732 $1482 $1485 $1746 forward $1463 $-1 #
coedge $-1 -1 -1 $-1 $1482 $1732 $1972 $1977 reversed $1463 $-1 #
fbm_tag-tag-sys-attrib $-1 -1 $-1 $-1 $1483 2 1 2 1 1 1 3 1 1 1 1 1 1 1 0 1 1 1 origin_live $1483 @43 [edge:ThickenSheet(split_new,edge5)#edge30] #
vertex $1978 -1 -1 $-1 $1740 $1979 #
straight-curve $-1 -1 -1 $-1 5.0369000000000002 -2.1848999999999998 0.017000000000000088 -0.66227734319878173 -0.74925878085315967 0 I I #
edge $1980 -1 -1 $-1 $1487 0 $1735 0.017000000000000088 $1741 $1981 forward @7 unknown T 5.0369000000000002 -2.1848999999999998 0 5.0369000000000002 -2.1848999999999998 0.017000000000000088 #
fbm_tag-tag-sys-attrib $-1 -1 $-1 $-1 $1487 2 1 2 1 1 1 3 1 1 1 1 1 1 1 0 1 1 1 origin_live $1487 @17 [vertex5#vertex5] #
point $-1 -1 -1 $-1 5.0369000000000002 -2.1848999999999998 0.017000000000000088 #
fbm_tag-tag-sys-attrib $-1 -1 $-1 $-1 $1489 2 1 2 1 1 1 3 1 1 1 1 1 1 1 0 1 1 1 origin_live $1489 @45 [edge:ThickenSheet(split_gap,vertex4)#edge27] #
straight-curve $-1 -1 -1 $-1 5.5716000000000001 -0.80769999999999997 0.017000000000000088 0 0 -1 F -10011.75983964005 F 10011.79383964005 #
coedge $-1 -1 -1 $-1 $1982 $1983 $1494 $1752 reversed $1956 $-1 #
edge $1984 -1 -1 $-1 $1975 0 $1757 1.4772910681378941 $1494 $1985 forward @7 unknown T 1.2943 -4.1970999999999998 0.017000000000000088 2.7572000000000001 -3.9914000000000001 0.017000000000000088 #
coedge $-1 -1 -1 $-1 $1724 $1495 $1983 $1986 forward $1755 $-1 #
coedge $-1 -1 -1 $-1 $1495 $1724 $1497 $1759 reversed $1755 $-1 #
loop $-1 -1 -1 $-1 $-1 $1495 $1955 T -0.59499999999999997 -4.1970999999999998 0 1.2943 -3.6684999999999999 0.017000000000000088 unknown #
fbm_tag-tag-sys-attrib $-1 -1 $-1 $-1 $1496 2 1 2 1 1 1 3 1 1 1 1 1 1 1 0 1 1 1 origin_live $1496 @43 [edge:ThickenSheet(split_new,edge8)#edge36] #
vertex $1987 -1 -1 $-1 $1496 $1988 #
straight-curve $-1 -1 -1 $-1 1.2943 -4.1970999999999998 0.017000000000000088 -0.96301746863527304 0.26943896359530267 0 I I #
edge $1989 -1 -1 $-1 $1501 0 $1727 0.017000000000000088 $1497 $1990 forward @7 unknown T -0.59499999999999997 -3.6684999999999999 0 -0.59499999999999997 -3.6684999999999999 0.017000000000000088 #
face $1991 -1 -1 $-1 $1504 $1499 $51 $-1 $1992 forward single F F #
fbm_tag-tag-sys-attrib $-1 -1 $-1 $-1 $1501 2 1 2 1 1 1 3 1 1 1 1 1 1 1 0 1 1 1 origin_live $1501 @17 [vertex9#vertex9] #
point $-1 -1 -1 $-1 -0.59499999999999997 -3.6684999999999999 0.017000000000000088 #
fbm_tag-tag-sys-attrib $-1 -1 $-1 $-1 $1503 2 1 2 1 1 1 3 1 1 1 1 1 1 1 0 1 1 1 origin_live $1503 @46 [edge:ThickenSheet(split_gap,vertex10)#edge15] #
straight-curve $-1 -1 -1 $-1 -2.0381 -2.3395000000000001 0.017000000000000088 0 0 -1 F -10011.75983964005 F 10011.79383964005 #
fbm_tag-tag-sys-attrib $-1 -1 $-1 $-1 $1504 2 1 2 1 1 1 3 1 1 1 1 1 1 1 0 1 1 1 origin_live $1504 @68 [face:ThickenSheet(tweak,face:ThickenSheet(split_gap,edge10))#face2] #
plane-surface $-1 -1 -1 $-1 -2.3791000000000002 -1.4197500000000001 0 0.93763188378992457 0.34762976066579421 -0 -0 0 -1 forward_v I I I I #
fbm_tag-tag-sys-attrib $-1 -1 $-1 $-1 $1513 2 1 2 1 1 1 3 1 1 1 1 1 1 1 0 1 1 1 origin_live $1513 @68 [face:ThickenSheet(tweak,face:ThickenSheet(split_gap,edge6))#face12] #
face $1993 -1 -1 $-1 $1994 $1995 $55 $-1 $1996 forward single F F #
loop $-1 -1 -1 $-1 $-1 $1787 $1513 T 4.0584999999999996 3.3849 0 5.0369000000000002 4.4917999999999996 0.017000000000000088 unknown #
plane-surface $-1 -1 -1 $-1 4.5476999999999999 3.9383499999999998 0 -0.74925878085315933 -0.66227734319878206 0 0 -0 1 forward_v I I I I #
coedge $-1 -1 -1 $-1 $1779 $1516 $1997 $1998 reversed $168 $-1 #
coedge $-1 -1 -1 $-1 $1802 $1801 $1516 $1773 forward $1803 $-1 #
edge $1999 -1 -1 $-1 $2000 0 $1775 0.22784068995682016 $1516 $2001 forward @7 unknown T 5.5716000000000001 1.7830000000000001 0 5.6093000000000002 2.0076999999999998 0 #
fbm_tag-tag-sys-attrib $-1 -1 $-1 $-1 $1518 2 1 2 1 1 1 3 1 1 1 1 1 1 1 0 1 1 1 origin_live $1518 @13 [edge9#edge9] #
vertex $2002 -1 -1 $-1 $1773 $2003 #
straight-curve $-1 -1 -1 $-1 5.6093000000000002 1.7830000000000001 0 1 0 0 F 0 F 0.5884999999999998 #
fbm_tag-tag-sys-attrib $-1 -1 $-1 $-1 $1520 2 1 2 1 1 1 3 1 1 1 1 1 1 1 0 1 1 1 origin_live $1520 @50 [vertex:ThickenSheet(split_new,vertex10)#vertex24] #
point $-1 -1 -1 $-1 6.1978 1.7830000000000001 0 #
coedge $-1 -1 -1 $-1 $1524 $1771 $2004 $2005 reversed $168 $-1 #
coedge $-1 -1 -1 $-1 $1790 $1789 $1524 $1781 forward $1514 $-1 #
edge $2006 -1 -1 $-1 $1783 0 $2007 1.4774375959748685 $1524 $2008 forward @7 unknown T 2.7572000000000001 4.4917999999999996 0 4.0584999999999996 5.1913999999999998 0 #
fbm_tag-tag-sys-attrib $-1 -1 $-1 $-1 $1526 2 1 2 1 1 1 3 1 1 1 1 1 1 1 0 1 1 1 origin_live $1526 @13 [edge4#edge4] #
vertex $2009 -1 -1 $-1 $1526 $2010 #
straight-curve $-1 -1 -1 $-1 1.2943 5.3971 0 0.99025847482037932 -0.13924134819232498 0 F -2.1988155181515519e-16 F 1.4772910681378941 #
fbm_tag-tag-sys-attrib $-1 -1 $-1 $-1 $1528 2 1 2 1 1 1 3 1 1 1 1 1 1 1 0 1 1 1 origin_live $1528 @49 [vertex:ThickenSheet(split_new,vertex4)#vertex17] #
point $-1 -1 -1 $-1 1.2942999999999998 5.3971 0 #
coedge $-1 -1 -1 $-1 $2011 $2012 $1532 $1788 reversed $1769 $-1 #
edge $2013 -1 -1 $-1 $1792 0 $2014 1.4773266971120504 $1532 $2015 forward @7 unknown T 4.0584999999999996 3.3849 0.017000000000000088 5.0369000000000002 4.4917999999999996 0.017000000000000088 #
coedge $-1 -1 -1 $-1 $1780 $1533 $1536 $1794 forward $1514 $-1 #
coedge $-1 -1 -1 $-1 $1533 $1780 $2011 $2016 reversed $1514 $-1 #
fbm_tag-tag-sys-attrib $-1 -1 $-1 $-1 $1534 2 1 2 1 1 1 3 1 1 1 1 1 1 1 0 1 1 1 origin_live $1534 @43 [edge:ThickenSheet(split_new,edge5)#edge30] #
vertex $2017 -1 -1 $-1 $1788 $2018 #
straight-curve $-1 -1 -1 $-1 2.7572000000000001 5.1913999999999998 0.017000000000000088 0.88078170174175996 -0.47352253787638188 0 I I #
edge $2019 -1 -1 $-1 $1538 0 $1783 0.017000000000000088 $1789 $2020 forward @7 unknown T 2.7572000000000001 5.1913999999999998 0 2.7572000000000001 5.1913999999999998 0.017000000000000088 #
fbm_tag-tag-sys-attrib $-1 -1 $-1 $-1 $1538 2 1 2 1 1 1 3 1 1 1 1 1 1 1 0 1 1 1 origin_live $1538 @17 [vertex5#vertex5] #
point $-1 -1 -1 $-1 2.7572000000000001 5.1913999999999998 0.017000000000000088 #
fbm_tag-tag-sys-attrib $-1 -1 $-1 $-1 $1540 2 1 2 1 1 1 3 1 1 1 1 1 1 1 0 1 1 1 origin_live $1540 @45 [edge:ThickenSheet(split_gap,vertex4)#edge27] #
straight-curve $-1 -1 -1 $-1 1.2942999999999998 5.3971 0.017000000000000088 0 0 -1 F -10011.75983964005 F 10011.79383964005 #
coedge $-1 -1 -1 $-1 $2021 $2022 $1545 $1800 reversed $1995 $-1 #
edge $2023 -1 -1 $-1 $2014 0 $1805 1.4773570759975398 $1545 $2024 forward @7 unknown T 5.0369000000000002 2.0076999999999998 0.017000000000000088 5.5716000000000001 3.3849 0.017000000000000088 #
coedge $-1 -1 -1 $-1 $1772 $1546 $2022 $2025 forward $1803 $-1 #
coedge $-1 -1 -1 $-1 $1546 $1772 $1548 $1807 reversed $1803 $-1 #
loop $-1 -1 -1 $-1 $-1 $1546 $1994 T 5.5716000000000001 1.7830000000000001 0 5.6093000000000002 2.0076999999999998 0.017000000000000088 unknown #
fbm_tag-tag-sys-attrib $-1 -1 $-1 $-1 $1547 2 1 2 1 1 1 3 1 1 1 1 1 1 1 0 1 1 1 origin_live $1547 @43 [edge:ThickenSheet(split_new,edge8)#edge36] #
vertex $2026 -1 -1 $-1 $1547 $2027 #
straight-curve $-1 -1 -1 $-1 5.5716000000000001 2.0076999999999998 0.017000000000000088 0.16546649330786731 -0.98621541236810795 0 I I #
edge $2028 -1 -1 $-1 $1552 0 $1775 0.017000000000000088 $1548 $2029 forward @7 unknown T 5.6093000000000002 1.7830000000000001 0 5.6093000000000002 1.7830000000000001 0.017000000000000088 #
face $2030 -1 -1 $-1 $1555 $1550 $55 $-1 $2031 forward single F F #
fbm_tag-tag-sys-attrib $-1 -1 $-1 $-1 $1552 2 1 2 1 1 1 3 1 1 1 1 1 1 1 0 1 1 1 origin_live $1552 @17 [vertex9#vertex9] #
point $-1 -1 -1 $-1 5.6093000000000002 1.7830000000000001 0.017000000000000088 #
fbm_tag-tag-sys-attrib $-1 -1 $-1 $-1 $1554 2 1 2 1 1 1 3 1 1 1 1 1 1 1 0 1 1 1 origin_live $1554 @46 [edge:ThickenSheet(split_gap,vertex10)#edge15] #
straight-curve $-1 -1 -1 $-1 6.1978 1.7830000000000001 0.017000000000000088 0 0 -1 F -10011.75983964005 F 10011.79383964005 #
fbm_tag-tag-sys-attrib $-1 -1 $-1 $-1 $1555 2 1 2 1 1 1 3 1 1 1 1 1 1 1 0 1 1 1 origin_live $1555 @68 [face:ThickenSheet(tweak,face:ThickenSheet(split_gap,edge10))#face2] #
plane-surface $-1 -1 -1 $-1 6.1961999999999993 4.3914999999999997 0 0.99999981188294773 0.00061337922139658211 -0 -0 0 -1 forward_v I I I I #
fbm_tag-tag-sys-attrib $-1 -1 $-1 $-1 $1564 2 1 2 1 1 1 3 1 1 1 1 1 1 1 0 1 1 1 origin_live $1564 @68 [face:ThickenSheet(tweak,face:ThickenSheet(split_gap,edge6))#face65] #
face $2032 -1 -1 $-1 $2033 $2034 $59 $-1 $2035 forward single F F #
loop $-1 -1 -1 $-1 $-1 $1836 $1564 T 2.4149000000000003 3.6297000000000001 0 3.3752999999999997 4.1460000000000008 0.017000000000000088 unknown #
plane-surface $-1 -1 -1 $-1 2.8950999999999998 3.8878500000000007 0 -0.47350359325014951 -0.88079188641766948 0 0 -0 -1 forward_v I I I I #
coedge $-1 -1 -1 $-1 $2036 $1567 $2037 $2038 reversed $174 $-1 #
coedge $-1 -1 -1 $-1 $1852 $1851 $1567 $1821 forward $1853 $-1 #
edge $2039 -1 -1 $-1 $2040 0 $1823 1.0905308890627539 $1567 $2041 forward @7 unknown T 1.335 -3.0978999999999997 0 2.4149000000000003 -2.9459999999999997 0 #
fbm_tag-tag-sys-attrib $-1 -1 $-1 $-1 $1569 2 1 2 1 1 1 3 1 1 1 1 1 1 1 0 1 1 1 origin_live $1569 @15 [edge72#edge72] #
vertex $2042 -1 -1 $-1 $1821 $2043 #
straight-curve $-1 -1 -1 $-1 1.335 -3.0978999999999997 0 -0.96300560961714154 0.26948134600732099 0 F 0 F 1.4479666432621985 #
fbm_tag-tag-sys-attrib $-1 -1 $-1 $-1 $1571 2 1 2 1 1 1 3 1 1 1 1 1 1 1 0 1 1 1 origin_live $1571 @50 [vertex:ThickenSheet(split_new,vertex73)#vertex91] #
point $-1 -1 -1 $-1 -0.059399999999999897 -2.7077 0 #
coedge $-1 -1 -1 $-1 $1575 $2044 $2045 $2046 reversed $174 $-1 #
coedge $-1 -1 -1 $-1 $1839 $1838 $1575 $1829 forward $1565 $-1 #
edge $2047 -1 -1 $-1 $1831 0 $2048 1.0905308890627541 $1575 $2049 forward @7 unknown T 1.335 4.1460000000000008 0 2.4149000000000003 4.2979000000000003 0 #
fbm_tag-tag-sys-attrib $-1 -1 $-1 $-1 $1577 2 1 2 1 1 1 3 1 1 1 1 1 1 1 0 1 1 1 origin_live $1577 @13 [edge4#edge4] #
vertex $2050 -1 -1 $-1 $1577 $2051 #
straight-curve $-1 -1 -1 $-1 -0.059400000000000001 3.9077000000000002 0 0.96300560961714154 0.26948134600732127 0 F 1.0023290631001271e-16 F 1.4479666432621987 #
fbm_tag-tag-sys-attrib $-1 -1 $-1 $-1 $1579 2 1 2 1 1 1 3 1 1 1 1 1 1 1 0 1 1 1 origin_live $1579 @49 [vertex:ThickenSheet(split_new,vertex4)#vertex92] #
point $-1 -1 -1 $-1 -0.059399999999999897 3.9077000000000002 0 #
coedge $-1 -1 -1 $-1 $2052 $1583 $2053 $2054 forward $122 $-1 #
coedge $-1 -1 -1 $-1 $2055 $2056 $1583 $1837 reversed $1817 $-1 #
edge $2057 -1 -1 $-1 $1841 0 $2058 1.090382432910582 $1583 $2059 forward @7 unknown T 2.4149000000000003 3.6297000000000001 0.017000000000000088 3.3752999999999997 4.1460000000000008 0.017000000000000088 #
coedge $-1 -1 -1 $-1 $1828 $1584 $1587 $1843 forward $1565 $-1 #
coedge $-1 -1 -1 $-1 $1584 $1828 $2055 $2060 reversed $1565 $-1 #
fbm_tag-tag-sys-attrib $-1 -1 $-1 $-1 $1585 2 1 2 1 1 1 3 1 1 1 1 1 1 1 0 1 1 1 origin_live $1585 @44 [edge:ThickenSheet(split_new,edge5)#edge178] #
vertex $2061 -1 -1 $-1 $1837 $2062 #
straight-curve $-1 -1 -1 $-1 1.335 4.2979000000000003 0.017000000000000088 0.99025163874827038 -0.13928995640879871 0 I I #
edge $2063 -1 -1 $-1 $1589 0 $1831 0.017000000000000088 $1838 $2064 forward @7 unknown T 1.335 4.2979000000000003 0 1.335 4.2979000000000003 0.017000000000000088 #
fbm_tag-tag-sys-attrib $-1 -1 $-1 $-1 $1589 2 1 2 1 1 1 3 1 1 1 1 1 1 1 0 1 1 1 origin_live $1589 @17 [vertex5#vertex5] #
point $-1 -1 -1 $-1 1.335 4.2979000000000003 0.017000000000000088 #
fbm_tag-tag-sys-attrib $-1 -1 $-1 $-1 $1591 2 1 2 1 1 1 3 1 1 1 1 1 1 1 0 1 1 1 origin_live $1591 @46 [edge:ThickenSheet(split_gap,vertex4)#edge164] #
straight-curve $-1 -1 -1 $-1 -0.059399999999999897 3.9077000000000002 0.017000000000000088 0 0 -1 F -10017.586675894363 F 10017.620675894363 #
coedge $-1 -1 -1 $-1 $1596 $2065 $2066 $2067 forward $122 $-1 #
coedge $-1 -1 -1 $-1 $2068 $2069 $1596 $1850 reversed $2070 $-1 #
edge $2071 -1 -1 $-1 $2072 0 $1855 1.0903824329105816 $1596 $2073 forward @7 unknown T 2.4149000000000003 -2.9459999999999997 0.017000000000000088 3.3752999999999997 -2.4297 0.017000000000000088 #
coedge $-1 -1 -1 $-1 $1820 $1597 $2069 $2074 forward $1853 $-1 #
coedge $-1 -1 -1 $-1 $1597 $1820 $1599 $1857 reversed $1853 $-1 #
loop $-1 -1 -1 $-1 $-1 $1597 $2075 T 1.335 -3.0978999999999997 0 2.4149000000000003 -2.9459999999999997 0.017000000000000088 unknown #
fbm_tag-tag-sys-attrib $-1 -1 $-1 $-1 $1598 2 1 2 1 1 1 3 1 1 1 1 1 1 1 0 1 1 1 origin_live $1598 @45 [edge:ThickenSheet(split_new,edge71)#edge213] #
vertex $2076 -1 -1 $-1 $1598 $2077 #
straight-curve $-1 -1 -1 $-1 2.4149000000000003 -2.9459999999999997 0.017000000000000088 -0.99025163874827016 -0.13928995640879904 0 I I #
edge $2078 -1 -1 $-1 $1603 0 $1823 0.017000000000000088 $1599 $2079 forward @7 unknown T 1.335 -3.0978999999999997 0 1.335 -3.0978999999999997 0.017000000000000088 #
face $2080 -1 -1 $-1 $1606 $1601 $59 $-1 $2081 forward single F F #
fbm_tag-tag-sys-attrib $-1 -1 $-1 $-1 $1603 2 1 2 1 1 1 3 1 1 1 1 1 1 1 0 1 1 1 origin_live $1603 @19 [vertex72#vertex72] #
point $-1 -1 -1 $-1 1.335 -3.0978999999999997 0.017000000000000088 #
fbm_tag-tag-sys-attrib $-1 -1 $-1 $-1 $1605 2 1 2 1 1 1 3 1 1 1 1 1 1 1 0 1 1 1 origin_live $1605 @47 [edge:ThickenSheet(split_gap,vertex73)#edge218] #
straight-curve $-1 -1 -1 $-1 -0.059399999999999897 -2.7077 0.017000000000000088 0 0 -1 F -10017.586675894363 F 10017.620675894363 #
fbm_tag-tag-sys-attrib $-1 -1 $-1 $-1 $1606 2 1 2 1 1 1 3 1 1 1 1 1 1 1 0 1 1 1 origin_live $1606 @69 [face:ThickenSheet(tweak,face:ThickenSheet(split_gap,edge73))#face73] #
plane-surface $-1 -1 -1 $-1 -0.59199999999999997 -2.2172499999999999 0 0.67739905917231658 0.73561573843444938 -0 -0 0 -1 forward_v I I I I #
fbm_tag-tag-sys-attrib $-1 -1 $-1 $-1 $1615 2 1 2 1 1 1 3 1 1 1 1 1 1 1 0 1 1 1 origin_live $1615 @68 [face:ThickenSheet(tweak,face:ThickenSheet(split_gap,edge6))#face18] #
face $2082 -1 -1 $-1 $2083 $2084 $63 $-1 $2085 forward single F F #
loop $-1 -1 -1 $-1 $-1 $1886 $1615 T 0.18399999999999972 3.4710000000000001 0 1.3535999999999999 3.7982 0.017000000000000088 unknown #
plane-surface $-1 -1 -1 $-1 0.76879999999999982 3.6345999999999998 0 -0.2694100246492504 0.96302556488313973 -0 -0 0 1 forward_v I I I I #
coedge $-1 -1 -1 $-1 $2086 $1618 $2087 $2088 reversed $180 $-1 #
coedge $-1 -1 -1 $-1 $1902 $1901 $1618 $1871 forward $1903 $-1 #
edge $2089 -1 -1 $-1 $2090 0 $1873 0.91450349917318519 $1618 $2091 forward @7 unknown T 1.3535999999999999 -2.5982000000000003 0 2.2591999999999999 -2.4708999999999999 0 #
fbm_tag-tag-sys-attrib $-1 -1 $-1 $-1 $1620 2 1 2 1 1 1 3 1 1 1 1 1 1 1 0 1 1 1 origin_live $1620 @15 [edge16#edge16] #
vertex $2092 -1 -1 $-1 $1871 $2093 #
straight-curve $-1 -1 -1 $-1 2.2591999999999999 -2.4708999999999999 0 0.88078335919344963 0.47351945489905983 0 F 0 F 0.91464035008302569 #
fbm_tag-tag-sys-attrib $-1 -1 $-1 $-1 $1622 2 1 2 1 1 1 3 1 1 1 1 1 1 1 0 1 1 1 origin_live $1622 @50 [vertex:ThickenSheet(split_new,vertex17)#vertex32] #
point $-1 -1 -1 $-1 3.0648 -2.0378000000000003 0 #
coedge $-1 -1 -1 $-1 $1626 $2094 $2095 $2096 reversed $180 $-1 #
coedge $-1 -1 -1 $-1 $1889 $1888 $1626 $1879 forward $1616 $-1 #
edge $2097 -1 -1 $-1 $1881 0 $2098 0.91450349917318519 $1626 $2099 forward @7 unknown T 1.3535999999999999 3.6709000000000001 0 2.2591999999999999 3.7982 0 #
fbm_tag-tag-sys-attrib $-1 -1 $-1 $-1 $1628 2 1 2 1 1 1 3 1 1 1 1 1 1 1 0 1 1 1 origin_live $1628 @13 [edge4#edge4] #
vertex $2100 -1 -1 $-1 $1628 $2101 #
straight-curve $-1 -1 -1 $-1 3.0648 3.2378 0 -0.88078335919344941 0.47351945489906022 0 F 0 F 0.91464035008302602 #
fbm_tag-tag-sys-attrib $-1 -1 $-1 $-1 $1630 2 1 2 1 1 1 3 1 1 1 1 1 1 1 0 1 1 1 origin_live $1630 @49 [vertex:ThickenSheet(split_new,vertex4)#vertex33] #
point $-1 -1 -1 $-1 3.0648 3.2378 0 #
coedge $-1 -1 -1 $-1 $2102 $1634 $2103 $2104 forward $127 $-1 #
coedge $-1 -1 -1 $-1 $2105 $2106 $1634 $1887 reversed $1867 $-1 #
edge $2107 -1 -1 $-1 $1891 0 $2108 1.2145056607525551 $1634 $2109 forward @7 unknown T 0.18399999999999972 3.4710000000000001 0.017000000000000088 1.3535999999999999 3.7982 0.017000000000000088 #
coedge $-1 -1 -1 $-1 $1878 $1635 $1638 $1893 forward $1616 $-1 #
coedge $-1 -1 -1 $-1 $1635 $1878 $2105 $2110 reversed $1616 $-1 #
fbm_tag-tag-sys-attrib $-1 -1 $-1 $-1 $1636 2 1 2 1 1 1 3 1 1 1 1 1 1 1 0 1 1 1 origin_live $1636 @43 [edge:ThickenSheet(split_new,edge5)#edge51] #
vertex $2111 -1 -1 $-1 $1887 $2112 #
straight-curve $-1 -1 -1 $-1 2.2591999999999999 3.6709000000000001 0.017000000000000088 -0.99026411688830607 0.13920121696099971 0 I I #
edge $2113 -1 -1 $-1 $1640 0 $1881 0.017000000000000088 $1888 $2114 forward @7 unknown T 2.2591999999999999 3.6709000000000001 0 2.2591999999999999 3.6709000000000001 0.017000000000000088 #
fbm_tag-tag-sys-attrib $-1 -1 $-1 $-1 $1640 2 1 2 1 1 1 3 1 1 1 1 1 1 1 0 1 1 1 origin_live $1640 @17 [vertex5#vertex5] #
point $-1 -1 -1 $-1 2.2591999999999999 3.6709000000000001 0.017000000000000088 #
fbm_tag-tag-sys-attrib $-1 -1 $-1 $-1 $1642 2 1 2 1 1 1 3 1 1 1 1 1 1 1 0 1 1 1 origin_live $1642 @45 [edge:ThickenSheet(split_gap,vertex4)#edge48] #
straight-curve $-1 -1 -1 $-1 3.0648 3.2378 0.017000000000000088 0 0 -1 F -10008.212910667713 F 10008.246910667713 #
coedge $-1 -1 -1 $-1 $1647 $2115 $2116 $2117 forward $127 $-1 #
coedge $-1 -1 -1 $-1 $2118 $2119 $1647 $1900 reversed $2120 $-1 #
edge $2121 -1 -1 $-1 $2122 5.345865777179546e-17 $1905 1.2145056607525553 $1647 $2123 forward @7 unknown T 0.18400000000000005 -2.5982000000000003 0.017000000000000088 1.3535999999999999 -2.2709999999999999 0.017000000000000088 #
coedge $-1 -1 -1 $-1 $1870 $1648 $2119 $2124 forward $1903 $-1 #
coedge $-1 -1 -1 $-1 $1648 $1870 $1650 $1907 reversed $1903 $-1 #
loop $-1 -1 -1 $-1 $-1 $1648 $2125 T 1.3535999999999999 -2.5982000000000003 0 2.2591999999999999 -2.4708999999999999 0.017000000000000088 unknown #
fbm_tag-tag-sys-attrib $-1 -1 $-1 $-1 $1649 2 1 2 1 1 1 3 1 1 1 1 1 1 1 0 1 1 1 origin_live $1649 @44 [edge:ThickenSheet(split_new,edge15)#edge33] #
vertex $2126 -1 -1 $-1 $1649 $2127 #
straight-curve $-1 -1 -1 $-1 1.3535999999999999 -2.5982000000000003 0.017000000000000088 0.99026411688830596 0.13920121696100018 0 I I #
edge $2128 -1 -1 $-1 $1654 0 $1873 0.017000000000000088 $1650 $2129 forward @7 unknown T 2.2591999999999999 -2.4708999999999999 0 2.2591999999999999 -2.4708999999999999 0.017000000000000088 #
face $2130 -1 -1 $-1 $1657 $1652 $63 $-1 $2131 forward single F F #
fbm_tag-tag-sys-attrib $-1 -1 $-1 $-1 $1654 2 1 2 1 1 1 3 1 1 1 1 1 1 1 0 1 1 1 origin_live $1654 @19 [vertex16#vertex16] #
point $-1 -1 -1 $-1 2.2591999999999999 -2.4708999999999999 0.017000000000000088 #
fbm_tag-tag-sys-attrib $-1 -1 $-1 $-1 $1656 2 1 2 1 1 1 3 1 1 1 1 1 1 1 0 1 1 1 origin_live $1656 @46 [edge:ThickenSheet(split_gap,vertex17)#edge38] #
straight-curve $-1 -1 -1 $-1 3.0648 -2.0378000000000003 0.017000000000000088 0 0 -1 F -10008.212910667713 F 10008.246910667713 #
fbm_tag-tag-sys-attrib $-1 -1 $-1 $-1 $1657 2 1 2 1 1 1 3 1 1 1 1 1 1 1 0 1 1 1 origin_live $1657 @68 [face:ThickenSheet(tweak,face:ThickenSheet(split_gap,edge17))#face9] #
plane-surface $-1 -1 -1 $-1 3.3676500000000003 -1.6952 0 0.74923444245386051 -0.66230487710785646 -0 0 0 -1 forward_v I I I I #
fbm_tag-tag-sys-attrib $-1 -1 $-1 $-1 $1666 2 1 2 1 1 1 3 1 1 1 1 1 1 1 0 1 1 1 origin_live $1666 @68 [face:ThickenSheet(tweak,face:ThickenSheet(split_gap,edge6))#face10] #
face $2132 -1 -1 $-1 $1706 $1701 $67 $-1 $2133 forward single F F #
loop $-1 -1 -1 $-1 $-1 $1697 $1666 T 8.0978000000000012 1.0759000000000001 0 8.0978000000000012 1.5459000000000001 0.017000000000000088 unknown #
plane-surface $-1 -1 -1 $-1 8.0978000000000012 1.3109000000000002 0 -1 -0 0 0 -0 1 forward_v I I I I #
coedge $-1 -1 -1 $-1 $1944 $1943 $1669 $1920 forward $1917 $-1 #
edge $2134 -1 -1 $-1 $2135 0 $1922 0.46999999999999997 $1669 $2136 forward @7 unknown T 8.0978000000000012 1.0759000000000001 0 8.0978000000000012 1.5459000000000001 0 #
fbm_tag-tag-sys-attrib $-1 -1 $-1 $-1 $1671 2 1 2 1 1 1 3 1 1 1 1 1 1 1 0 1 1 1 origin_live $1671 @13 [edge7#edge7] #
vertex $2137 -1 -1 $-1 $1920 $2138 #
straight-curve $-1 -1 -1 $-1 8.0978000000000012 1.0759000000000001 0 -0.70710678118654813 -0.70710678118654702 0 F 0 F 0.68504504961352797 #
fbm_tag-tag-sys-attrib $-1 -1 $-1 $-1 $1673 2 1 2 1 1 1 3 1 1 1 1 1 1 1 0 1 1 1 origin_live $1673 @49 [vertex:ThickenSheet(split_new,vertex8)#vertex11] #
point $-1 -1 -1 $-1 7.6134000000000004 0.59149999999999991 0 #
coedge $-1 -1 -1 $-1 $1934 $1933 $1677 $1927 forward $1667 $-1 #
edge $2139 -1 -1 $-1 $1929 0 $2135 0.29999999999999893 $1677 $2140 forward @7 unknown T 8.0978000000000012 1.5458999999999996 0 8.3978000000000002 1.5459000000000001 0 #
fbm_tag-tag-sys-attrib $-1 -1 $-1 $-1 $1679 2 1 2 1 1 1 3 1 1 1 1 1 1 1 0 1 1 1 origin_live $1679 @13 [edge4#edge4] #
vertex $2141 -1 -1 $-1 $1679 $2142 #
straight-curve $-1 -1 -1 $-1 8.3946000000000005 7 0 0.00058671448070724572 -0.9999998278830442 0 F 0 F 5.4541009387432497 #
fbm_tag-tag-sys-attrib $-1 -1 $-1 $-1 $1681 2 1 2 1 1 1 3 1 1 1 1 1 1 1 0 1 1 1 origin_live $1681 @49 [vertex:ThickenSheet(split_new,vertex4)#vertex17] #
point $-1 -1 -1 $-1 8.3946000000000005 7 0 #
coedge $-1 -1 -1 $-1 $1926 $1685 $1688 $1938 forward $1667 $-1 #
coedge $-1 -1 -1 $-1 $1685 $1926 $1943 $2143 reversed $1667 $-1 #
fbm_tag-tag-sys-attrib $-1 -1 $-1 $-1 $1686 2 1 2 1 1 1 3 1 1 1 1 1 1 1 0 1 1 1 origin_live $1686 @43 [edge:ThickenSheet(split_new,edge5)#edge24] #
vertex $2144 -1 -1 $-1 $1698 $2145 #
straight-curve $-1 -1 -1 $-1 8.3978000000000002 1.5459000000000001 0.017000000000000088 -1 0 0 I I #
edge $2146 -1 -1 $-1 $1690 0 $1929 0.017000000000000088 $1933 $2147 forward @7 unknown T 8.3978000000000002 1.5458999999999996 0 8.3978000000000002 1.5458999999999996 0.017000000000000088 #
fbm_tag-tag-sys-attrib $-1 -1 $-1 $-1 $1690 2 1 2 1 1 1 3 1 1 1 1 1 1 1 0 1 1 1 origin_live $1690 @17 [vertex5#vertex5] #
point $-1 -1 -1 $-1 8.3978000000000002 1.5458999999999996 0.017000000000000088 #
fbm_tag-tag-sys-attrib $-1 -1 $-1 $-1 $1692 2 1 2 1 1 1 3 1 1 1 1 1 1 1 0 1 1 1 origin_live $1692 @45 [edge:ThickenSheet(split_gap,vertex4)#edge21] #
straight-curve $-1 -1 -1 $-1 8.3946000000000005 7 0.017000000000000088 0 0 -1 F -10012.886039163843 F 10012.920039163842 #
coedge $-1 -1 -1 $-1 $1919 $1697 $1934 $2143 forward $1917 $-1 #
coedge $-1 -1 -1 $-1 $1697 $1919 $1699 $1947 reversed $1917 $-1 #
fbm_tag-tag-sys-attrib $-1 -1 $-1 $-1 $1698 2 1 2 1 1 1 3 1 1 1 1 1 1 1 0 1 1 1 origin_live $1698 @43 [edge:ThickenSheet(split_new,edge6)#edge26] #
straight-curve $-1 -1 -1 $-1 8.0978000000000012 1.5459000000000001 0.017000000000000088 0 -1 0 I I #
edge $2148 -1 -1 $-1 $1703 0 $1922 0.017000000000000088 $1699 $2149 forward @7 unknown T 8.0978000000000012 1.0759000000000001 0 8.0978000000000012 1.0759000000000001 0.017000000000000088 #
fbm_tag-tag-sys-attrib $-1 -1 $-1 $-1 $1703 2 1 2 1 1 1 3 1 1 1 1 1 1 1 0 1 1 1 origin_live $1703 @17 [vertex7#vertex7] #
point $-1 -1 -1 $-1 8.0978000000000012 1.0759000000000001 0.017000000000000088 #
fbm_tag-tag-sys-attrib $-1 -1 $-1 $-1 $1705 2 1 2 1 1 1 3 1 1 1 1 1 1 1 0 1 1 1 origin_live $1705 @45 [edge:ThickenSheet(split_gap,vertex8)#edge29] #
straight-curve $-1 -1 -1 $-1 7.6134000000000004 0.59149999999999991 0.017000000000000088 0 0 -1 F -10012.886039163843 F 10012.920039163842 #
fbm_tag-tag-sys-attrib $-1 -1 $-1 $-1 $1706 2 1 2 1 1 1 3 1 1 1 1 1 1 1 0 1 1 1 origin_live $1706 @68 [face:ThickenSheet(tweak,face:ThickenSheet(split_gap,edge8))#face12] #
plane-surface $-1 -1 -1 $-1 7.8556000000000008 0.34929999999999994 0 -0.70710678118654702 -0.70710678118654813 0 0 -0 1 forward_v I I I I #
fbm_tag-tag-sys-attrib $-1 -1 $-1 $-1 $1720 2 1 2 1 1 1 3 1 1 1 1 1 1 1 0 1 1 1 origin_live $1720 @68 [face:ThickenSheet(tweak,face:ThickenSheet(split_gap,edge7))#face13] #
face $2150 -1 -1 $-1 $1760 $1755 $51 $-1 $2151 forward single F F #
loop $-1 -1 -1 $-1 $-1 $1751 $1720 T 1.2943 -4.1970999999999998 0 2.7572000000000001 -3.9914000000000001 0.017000000000000088 unknown #
plane-surface $-1 -1 -1 $-1 2.0257499999999999 -4.0942499999999997 0 -0.1392413481923247 0.99025847482037932 -0 -0 0 1 forward_v I I I I #
coedge $-1 -1 -1 $-1 $1983 $1982 $1723 $1959 forward $1956 $-1 #
edge $2152 -1 -1 $-1 $2153 0 $1961 1.4772910681378941 $1723 $2154 forward @7 unknown T 1.2943 -4.1970999999999998 0 2.7572000000000001 -3.9914000000000001 0 #
fbm_tag-tag-sys-attrib $-1 -1 $-1 $-1 $1725 2 1 2 1 1 1 3 1 1 1 1 1 1 1 0 1 1 1 origin_live $1725 @13 [edge8#edge8] #
vertex $2155 -1 -1 $-1 $1959 $2156 #
straight-curve $-1 -1 -1 $-1 1.2943 -4.1970999999999998 0 -0.96301746863527304 0.26943896359530267 0 F 0 F 1.9618543396490984 #
fbm_tag-tag-sys-attrib $-1 -1 $-1 $-1 $1727 2 1 2 1 1 1 3 1 1 1 1 1 1 1 0 1 1 1 origin_live $1727 @49 [vertex:ThickenSheet(split_new,vertex9)#vertex16] #
point $-1 -1 -1 $-1 -0.59499999999999997 -3.6684999999999999 0 #
coedge $-1 -1 -1 $-1 $1973 $1972 $1731 $1966 forward $1721 $-1 #
edge $2157 -1 -1 $-1 $1968 0 $2153 1.4774375959748685 $1731 $2158 forward @7 unknown T 2.7572000000000001 -3.9914000000000001 0 4.0584999999999996 -3.2918000000000003 0 #
fbm_tag-tag-sys-attrib $-1 -1 $-1 $-1 $1733 2 1 2 1 1 1 3 1 1 1 1 1 1 1 0 1 1 1 origin_live $1733 @13 [edge5#edge5] #
vertex $2159 -1 -1 $-1 $1733 $2160 #
straight-curve $-1 -1 -1 $-1 5.0369000000000002 -2.1848999999999998 0 -0.66227734319878173 -0.74925878085315967 0 F 0 F 1.4773266971120513 #
fbm_tag-tag-sys-attrib $-1 -1 $-1 $-1 $1735 2 1 2 1 1 1 3 1 1 1 1 1 1 1 0 1 1 1 origin_live $1735 @49 [vertex:ThickenSheet(split_new,vertex5)#vertex20] #
point $-1 -1 -1 $-1 5.0369000000000002 -2.1848999999999998 0 #
coedge $-1 -1 -1 $-1 $1965 $1739 $1742 $1977 forward $1721 $-1 #
coedge $-1 -1 -1 $-1 $1739 $1965 $1982 $2161 reversed $1721 $-1 #
fbm_tag-tag-sys-attrib $-1 -1 $-1 $-1 $1740 2 1 2 1 1 1 3 1 1 1 1 1 1 1 0 1 1 1 origin_live $1740 @43 [edge:ThickenSheet(split_new,edge6)#edge32] #
vertex $2162 -1 -1 $-1 $1752 $2163 #
straight-curve $-1 -1 -1 $-1 4.0584999999999996 -3.2918000000000003 0.017000000000000088 -0.88078170174176007 -0.47352253787638166 0 I I #
edge $2164 -1 -1 $-1 $1744 0 $1968 0.017000000000000088 $1972 $2165 forward @7 unknown T 4.0584999999999996 -3.2918000000000003 0 4.0584999999999996 -3.2918000000000003 0.017000000000000088 #
fbm_tag-tag-sys-attrib $-1 -1 $-1 $-1 $1744 2 1 2 1 1 1 3 1 1 1 1 1 1 1 0 1 1 1 origin_live $1744 @17 [vertex6#vertex6] #
point $-1 -1 -1 $-1 4.0584999999999996 -3.2918000000000003 0.017000000000000088 #
fbm_tag-tag-sys-attrib $-1 -1 $-1 $-1 $1746 2 1 2 1 1 1 3 1 1 1 1 1 1 1 0 1 1 1 origin_live $1746 @45 [edge:ThickenSheet(split_gap,vertex5)#edge29] #
straight-curve $-1 -1 -1 $-1 5.0369000000000002 -2.1848999999999998 0.017000000000000088 0 0 -1 F -10011.75983964005 F 10011.79383964005 #
coedge $-1 -1 -1 $-1 $1958 $1751 $1973 $2161 forward $1956 $-1 #
coedge $-1 -1 -1 $-1 $1751 $1958 $1753 $1986 reversed $1956 $-1 #
fbm_tag-tag-sys-attrib $-1 -1 $-1 $-1 $1752 2 1 2 1 1 1 3 1 1 1 1 1 1 1 0 1 1 1 origin_live $1752 @43 [edge:ThickenSheet(split_new,edge7)#edge34] #
straight-curve $-1 -1 -1 $-1 2.7572000000000001 -3.9914000000000001 0.017000000000000088 -0.99025847482037932 -0.1392413481923247 0 I I #
edge $2166 -1 -1 $-1 $1757 0 $1961 0.017000000000000088 $1753 $2167 forward @7 unknown T 1.2943 -4.1970999999999998 0 1.2943 -4.1970999999999998 0.017000000000000088 #
fbm_tag-tag-sys-attrib $-1 -1 $-1 $-1 $1757 2 1 2 1 1 1 3 1 1 1 1 1 1 1 0 1 1 1 origin_live $1757 @17 [vertex8#vertex8] #
point $-1 -1 -1 $-1 1.2943 -4.1970999999999998 0.017000000000000088 #
fbm_tag-tag-sys-attrib $-1 -1 $-1 $-1 $1759 2 1 2 1 1 1 3 1 1 1 1 1 1 1 0 1 1 1 origin_live $1759 @45 [edge:ThickenSheet(split_gap,vertex9)#edge38] #
straight-curve $-1 -1 -1 $-1 -0.59499999999999997 -3.6684999999999999 0.017000000000000088 0 0 -1 F -10011.75983964005 F 10011.79383964005 #
fbm_tag-tag-sys-attrib $-1 -1 $-1 $-1 $1760 2 1 2 1 1 1 3 1 1 1 1 1 1 1 0 1 1 1 origin_live $1760 @67 [face:ThickenSheet(tweak,face:ThickenSheet(split_gap,edge9))#face6] #
plane-surface $-1 -1 -1 $-1 -1.3165499999999999 -3.004 0 0.67742858107350801 0.73558855180374683 -0 -0 0 -1 forward_v I I I I #
fbm_tag-tag-sys-attrib $-1 -1 $-1 $-1 $1768 2 1 2 1 1 1 3 1 1 1 1 1 1 1 0 1 1 1 origin_live $1768 @68 [face:ThickenSheet(tweak,face:ThickenSheet(split_gap,edge7))#face13] #
face $2168 -1 -1 $-1 $1808 $1803 $55 $-1 $2169 forward single F F #
loop $-1 -1 -1 $-1 $-1 $1799 $1768 T 5.0369000000000002 2.0076999999999998 0 5.5716000000000001 3.3849 0.017000000000000088 unknown #
plane-surface $-1 -1 -1 $-1 5.3042500000000006 2.6962999999999999 0 -0.93220523485839635 -0.36193010389107205 0 0 -0 1 forward_v I I I I #
coedge $-1 -1 -1 $-1 $2022 $2021 $1771 $1998 forward $1995 $-1 #
edge $2170 -1 -1 $-1 $2171 0 $2000 1.4773570759975398 $1771 $2172 forward @7 unknown T 5.0369000000000002 2.0076999999999998 0 5.5716000000000001 3.3849 0 #
fbm_tag-tag-sys-attrib $-1 -1 $-1 $-1 $1773 2 1 2 1 1 1 3 1 1 1 1 1 1 1 0 1 1 1 origin_live $1773 @13 [edge8#edge8] #
vertex $2173 -1 -1 $-1 $1998 $2174 #
straight-curve $-1 -1 -1 $-1 5.5716000000000001 2.0076999999999998 0 0.16546649330786734 -0.98621541236810806 0 F 0 F 0.22784068995682016 #
fbm_tag-tag-sys-attrib $-1 -1 $-1 $-1 $1775 2 1 2 1 1 1 3 1 1 1 1 1 1 1 0 1 1 1 origin_live $1775 @49 [vertex:ThickenSheet(split_new,vertex9)#vertex22] #
point $-1 -1 -1 $-1 5.6093000000000002 1.7830000000000001 0 #
coedge $-1 -1 -1 $-1 $2012 $2011 $1779 $2005 forward $1769 $-1 #
edge $2175 -1 -1 $-1 $2007 0 $2171 1.4773266971120504 $1779 $2176 forward @7 unknown T 4.0584999999999996 3.3849 0 5.0369000000000002 4.4917999999999996 0 #
fbm_tag-tag-sys-attrib $-1 -1 $-1 $-1 $1781 2 1 2 1 1 1 3 1 1 1 1 1 1 1 0 1 1 1 origin_live $1781 @13 [edge5#edge5] #
vertex $2177 -1 -1 $-1 $1781 $2178 #
straight-curve $-1 -1 -1 $-1 2.7572000000000001 5.1913999999999998 0 0.88078170174175996 -0.47352253787638188 0 F 0 F 1.4774375959748685 #
fbm_tag-tag-sys-attrib $-1 -1 $-1 $-1 $1783 2 1 2 1 1 1 3 1 1 1 1 1 1 1 0 1 1 1 origin_live $1783 @49 [vertex:ThickenSheet(split_new,vertex5)#vertex18] #
point $-1 -1 -1 $-1 2.7572000000000001 5.1913999999999998 0 #
coedge $-1 -1 -1 $-1 $2004 $1787 $1790 $2016 forward $1769 $-1 #
coedge $-1 -1 -1 $-1 $1787 $2004 $2021 $2179 reversed $1769 $-1 #
fbm_tag-tag-sys-attrib $-1 -1 $-1 $-1 $1788 2 1 2 1 1 1 3 1 1 1 1 1 1 1 0 1 1 1 origin_live $1788 @43 [edge:ThickenSheet(split_new,edge6)#edge32] #
vertex $2180 -1 -1 $-1 $1800 $2181 #
straight-curve $-1 -1 -1 $-1 4.0584999999999996 4.4917999999999996 0.017000000000000088 0.66227734319878206 -0.74925878085315933 0 I I #
edge $2182 -1 -1 $-1 $1792 0 $2007 0.017000000000000088 $2011 $2183 forward @7 unknown T 4.0584999999999996 4.4917999999999996 0 4.0584999999999996 4.4917999999999996 0.017000000000000088 #
fbm_tag-tag-sys-attrib $-1 -1 $-1 $-1 $1792 2 1 2 1 1 1 3 1 1 1 1 1 1 1 0 1 1 1 origin_live $1792 @17 [vertex6#vertex6] #
point $-1 -1 -1 $-1 4.0584999999999996 4.4917999999999996 0.017000000000000088 #
fbm_tag-tag-sys-attrib $-1 -1 $-1 $-1 $1794 2 1 2 1 1 1 3 1 1 1 1 1 1 1 0 1 1 1 origin_live $1794 @45 [edge:ThickenSheet(split_gap,vertex5)#edge29] #
straight-curve $-1 -1 -1 $-1 2.7572000000000001 5.1913999999999998 0.017000000000000088 0 0 -1 F -10011.75983964005 F 10011.79383964005 #
coedge $-1 -1 -1 $-1 $1997 $1799 $2012 $2179 forward $1995 $-1 #
coedge $-1 -1 -1 $-1 $1799 $1997 $1801 $2025 reversed $1995 $-1 #
fbm_tag-tag-sys-attrib $-1 -1 $-1 $-1 $1800 2 1 2 1 1 1 3 1 1 1 1 1 1 1 0 1 1 1 origin_live $1800 @43 [edge:ThickenSheet(split_new,edge7)#edge34] #
straight-curve $-1 -1 -1 $-1 5.0369000000000002 3.3849 0.017000000000000088 0.36193010389107205 -0.93220523485839635 0 I I #
edge $2184 -1 -1 $-1 $1805 0 $2000 0.017000000000000088 $1801 $2185 forward @7 unknown T 5.5716000000000001 2.0076999999999998 0 5.5716000000000001 2.0076999999999998 0.017000000000000088 #
fbm_tag-tag-sys-attrib $-1 -1 $-1 $-1 $1805 2 1 2 1 1 1 3 1 1 1 1 1 1 1 0 1 1 1 origin_live $1805 @17 [vertex8#vertex8] #
point $-1 -1 -1 $-1 5.5716000000000001 2.0076999999999998 0.017000000000000088 #
fbm_tag-tag-sys-attrib $-1 -1 $-1 $-1 $1807 2 1 2 1 1 1 3 1 1 1 1 1 1 1 0 1 1 1 origin_live $1807 @45 [edge:ThickenSheet(split_gap,vertex9)#edge38] #
straight-curve $-1 -1 -1 $-1 5.6093000000000002 1.7830000000000001 0.017000000000000088 0 0 -1 F -10011.75983964005 F 10011.79383964005 #
fbm_tag-tag-sys-attrib $-1 -1 $-1 $-1 $1808 2 1 2 1 1 1 3 1 1 1 1 1 1 1 0 1 1 1 origin_live $1808 @67 [face:ThickenSheet(tweak,face:ThickenSheet(split_gap,edge9))#face6] #
plane-surface $-1 -1 -1 $-1 5.9035500000000001 1.7830000000000001 0 -0 -1 -0 0 0 -1 forward_v I I I I #
fbm_tag-tag-sys-attrib $-1 -1 $-1 $-1 $1816 2 1 2 1 1 1 3 1 1 1 1 1 1 1 0 1 1 1 origin_live $1816 @68 [face:ThickenSheet(tweak,face:ThickenSheet(split_gap,edge7))#face70] #
face $2186 -1 -1 $-1 $2187 $2188 $59 $-1 $2189 forward single F F #
loop $-1 -1 -1 $-1 $-1 $2053 $1816 T 3.3752999999999997 2.8127 0 4.0974999999999993 3.6297000000000001 0.017000000000000088 unknown #
plane-surface $-1 -1 -1 $-1 3.7363999999999997 3.2212000000000001 0 -0.74923806861758957 -0.66230077497628237 0 0 -0 1 forward_v I I I I #
coedge $-1 -1 -1 $-1 $2190 $1819 $2191 $2192 reversed $174 $-1 #
coedge $-1 -1 -1 $-1 $2069 $2068 $1819 $2038 forward $2070 $-1 #
edge $2193 -1 -1 $-1 $2194 0 $2040 1.0903824329105813 $1819 $2195 forward @7 unknown T 2.4149000000000003 -2.9459999999999997 0 3.3752999999999997 -2.4297 0 #
fbm_tag-tag-sys-attrib $-1 -1 $-1 $-1 $1821 2 1 2 1 1 1 3 1 1 1 1 1 1 1 0 1 1 1 origin_live $1821 @15 [edge71#edge71] #
vertex $2196 -1 -1 $-1 $2038 $2197 #
straight-curve $-1 -1 -1 $-1 2.4149000000000003 -2.9459999999999997 0 -0.99025163874827027 -0.13928995640879907 0 F 0 F 1.0905308890627539 #
fbm_tag-tag-sys-attrib $-1 -1 $-1 $-1 $1823 2 1 2 1 1 1 3 1 1 1 1 1 1 1 0 1 1 1 origin_live $1823 @50 [vertex:ThickenSheet(split_new,vertex72)#vertex95] #
point $-1 -1 -1 $-1 1.335 -3.0978999999999997 0 #
coedge $-1 -1 -1 $-1 $1827 $2198 $2199 $2200 reversed $174 $-1 #
coedge $-1 -1 -1 $-1 $2056 $2055 $1827 $2046 forward $1817 $-1 #
edge $2201 -1 -1 $-1 $2048 0 $2202 1.0903824329105818 $1827 $2203 forward @7 unknown T 2.4149000000000003 3.6297000000000001 0 3.3752999999999997 4.1460000000000008 0 #
fbm_tag-tag-sys-attrib $-1 -1 $-1 $-1 $1829 2 1 2 1 1 1 3 1 1 1 1 1 1 1 0 1 1 1 origin_live $1829 @13 [edge5#edge5] #
vertex $2204 -1 -1 $-1 $1829 $2205 #
straight-curve $-1 -1 -1 $-1 1.335 4.2979000000000003 0 0.99025163874827038 -0.13928995640879871 0 F 0 F 1.0905308890627541 #
fbm_tag-tag-sys-attrib $-1 -1 $-1 $-1 $1831 2 1 2 1 1 1 3 1 1 1 1 1 1 1 0 1 1 1 origin_live $1831 @49 [vertex:ThickenSheet(split_new,vertex5)#vertex96] #
point $-1 -1 -1 $-1 1.335 4.2979000000000003 0 #
coedge $-1 -1 -1 $-1 $2206 $1835 $2207 $2208 forward $122 $-1 #
coedge $-1 -1 -1 $-1 $2209 $2210 $1835 $2054 reversed $2034 $-1 #
edge $2211 -1 -1 $-1 $2058 0 $2212 1.0904411217484415 $1835 $2213 forward @7 unknown T 3.3752999999999997 2.8127 0.017000000000000088 4.0974999999999993 3.6297000000000001 0.017000000000000088 #
coedge $-1 -1 -1 $-1 $2045 $1836 $1839 $2060 forward $1817 $-1 #
coedge $-1 -1 -1 $-1 $1836 $2045 $2209 $2214 reversed $1817 $-1 #
fbm_tag-tag-sys-attrib $-1 -1 $-1 $-1 $1837 2 1 2 1 1 1 3 1 1 1 1 1 1 1 0 1 1 1 origin_live $1837 @44 [edge:ThickenSheet(split_new,edge6)#edge202] #
vertex $2215 -1 -1 $-1 $2054 $2216 #
straight-curve $-1 -1 -1 $-1 2.4149000000000003 4.1460000000000008 0.017000000000000088 0.88079188641766937 -0.47350359325014946 0 I I #
edge $2217 -1 -1 $-1 $1841 0 $2048 0.017000000000000088 $2055 $2218 forward @7 unknown T 2.4149000000000003 4.1460000000000008 0 2.4149000000000003 4.1460000000000008 0.017000000000000088 #
fbm_tag-tag-sys-attrib $-1 -1 $-1 $-1 $1841 2 1 2 1 1 1 3 1 1 1 1 1 1 1 0 1 1 1 origin_live $1841 @17 [vertex6#vertex6] #
point $-1 -1 -1 $-1 2.4149000000000003 4.1460000000000008 0.017000000000000088 #
fbm_tag-tag-sys-attrib $-1 -1 $-1 $-1 $1843 2 1 2 1 1 1 3 1 1 1 1 1 1 1 0 1 1 1 origin_live $1843 @46 [edge:ThickenSheet(split_gap,vertex5)#edge186] #
straight-curve $-1 -1 -1 $-1 1.335 4.2979000000000003 0.017000000000000088 0 0 -1 F -10017.586675894363 F 10017.620675894363 #
coedge $-1 -1 -1 $-1 $1848 $2219 $2220 $2221 forward $122 $-1 #
coedge $-1 -1 -1 $-1 $2222 $2223 $1848 $2067 reversed $2224 $-1 #
edge $2225 -1 -1 $-1 $2226 0 $2072 1.0904411217484415 $1848 $2227 forward @7 unknown T 3.3752999999999997 -2.4297 0.017000000000000088 4.0974999999999993 -1.6126999999999998 0.017000000000000088 #
coedge $-1 -1 -1 $-1 $2037 $1849 $2223 $2228 forward $2070 $-1 #
coedge $-1 -1 -1 $-1 $1849 $2037 $1851 $2074 reversed $2070 $-1 #
loop $-1 -1 -1 $-1 $-1 $1849 $2229 T 2.4149000000000003 -2.9459999999999997 0 3.3752999999999997 -2.4297 0.017000000000000088 unknown #
fbm_tag-tag-sys-attrib $-1 -1 $-1 $-1 $1850 2 1 2 1 1 1 3 1 1 1 1 1 1 1 0 1 1 1 origin_live $1850 @45 [edge:ThickenSheet(split_new,edge70)#edge211] #
vertex $2230 -1 -1 $-1 $1850 $2231 #
straight-curve $-1 -1 -1 $-1 3.3752999999999997 -2.4297 0.017000000000000088 -0.8807918864176697 -0.47350359325014885 0 I I #
edge $2232 -1 -1 $-1 $1855 0 $2040 0.017000000000000088 $1851 $2233 forward @7 unknown T 2.4149000000000003 -2.9459999999999997 0 2.4149000000000003 -2.9459999999999997 0.017000000000000088 #
face $2234 -1 -1 $-1 $1858 $1853 $59 $-1 $2235 forward single F F #
fbm_tag-tag-sys-attrib $-1 -1 $-1 $-1 $1855 2 1 2 1 1 1 3 1 1 1 1 1 1 1 0 1 1 1 origin_live $1855 @19 [vertex71#vertex71] #
point $-1 -1 -1 $-1 2.4149000000000003 -2.9459999999999997 0.017000000000000088 #
fbm_tag-tag-sys-attrib $-1 -1 $-1 $-1 $1857 2 1 2 1 1 1 3 1 1 1 1 1 1 1 0 1 1 1 origin_live $1857 @47 [edge:ThickenSheet(split_gap,vertex72)#edge216] #
straight-curve $-1 -1 -1 $-1 1.335 -3.0978999999999997 0.017000000000000088 0 0 -1 F -10017.586675894363 F 10017.620675894363 #
fbm_tag-tag-sys-attrib $-1 -1 $-1 $-1 $1858 2 1 2 1 1 1 3 1 1 1 1 1 1 1 0 1 1 1 origin_live $1858 @69 [face:ThickenSheet(tweak,face:ThickenSheet(split_gap,edge72))#face72] #
plane-surface $-1 -1 -1 $-1 0.63780000000000014 -2.9028 0 0.26948134600732099 0.96300560961714154 -0 -0 0 1 forward_v I I I I #
fbm_tag-tag-sys-attrib $-1 -1 $-1 $-1 $1866 2 1 2 1 1 1 3 1 1 1 1 1 1 1 0 1 1 1 origin_live $1866 @68 [face:ThickenSheet(tweak,face:ThickenSheet(split_gap,edge7))#face19] #
face $2236 -1 -1 $-1 $2237 $2238 $63 $-1 $2239 forward single F F #
loop $-1 -1 -1 $-1 $-1 $2103 $1866 T -0.70930000000000004 2.6481999999999997 0 0.18399999999999997 3.4710000000000001 0.017000000000000088 unknown #
plane-surface $-1 -1 -1 $-1 -0.26264999999999999 3.0595999999999997 0 -0.67748630544272481 0.7355353872775714 -0 -0 0 1 forward_v I I I I #
coedge $-1 -1 -1 $-1 $2240 $1869 $2241 $2242 reversed $180 $-1 #
coedge $-1 -1 -1 $-1 $2119 $2118 $1869 $2088 forward $2120 $-1 #
edge $2243 -1 -1 $-1 $2244 5.3458657771795454e-17 $2090 1.2145056607525551 $1869 $2245 forward @7 unknown T 0.18400000000000005 -2.5982000000000003 0 1.3535999999999999 -2.2709999999999999 0 #
fbm_tag-tag-sys-attrib $-1 -1 $-1 $-1 $1871 2 1 2 1 1 1 3 1 1 1 1 1 1 1 0 1 1 1 origin_live $1871 @15 [edge15#edge15] #
vertex $2246 -1 -1 $-1 $2088 $2247 #
straight-curve $-1 -1 -1 $-1 1.3535999999999999 -2.5982000000000003 0 0.99026411688830596 0.13920121696100018 0 F 0 F 0.91450349917318519 #
fbm_tag-tag-sys-attrib $-1 -1 $-1 $-1 $1873 2 1 2 1 1 1 3 1 1 1 1 1 1 1 0 1 1 1 origin_live $1873 @50 [vertex:ThickenSheet(split_new,vertex16)#vertex30] #
point $-1 -1 -1 $-1 2.2591999999999999 -2.4708999999999999 0 #
coedge $-1 -1 -1 $-1 $1877 $2248 $2249 $2250 reversed $180 $-1 #
coedge $-1 -1 -1 $-1 $2106 $2105 $1877 $2096 forward $1867 $-1 #
edge $2251 -1 -1 $-1 $2098 0 $2252 1.2145056607525551 $1877 $2253 forward @7 unknown T 0.18399999999999972 3.4710000000000001 0 1.3535999999999999 3.7982 0 #
fbm_tag-tag-sys-attrib $-1 -1 $-1 $-1 $1879 2 1 2 1 1 1 3 1 1 1 1 1 1 1 0 1 1 1 origin_live $1879 @13 [edge5#edge5] #
vertex $2254 -1 -1 $-1 $1879 $2255 #
straight-curve $-1 -1 -1 $-1 2.2591999999999999 3.6709000000000001 0 -0.99026411688830607 0.13920121696099971 0 F 0 F 0.91450349917318519 #
fbm_tag-tag-sys-attrib $-1 -1 $-1 $-1 $1881 2 1 2 1 1 1 3 1 1 1 1 1 1 1 0 1 1 1 origin_live $1881 @49 [vertex:ThickenSheet(split_new,vertex5)#vertex31] #
point $-1 -1 -1 $-1 2.2591999999999999 3.6709000000000001 0 #
coedge $-1 -1 -1 $-1 $2256 $1885 $2257 $2258 forward $127 $-1 #
coedge $-1 -1 -1 $-1 $2259 $2260 $1885 $2104 reversed $2084 $-1 #
edge $2261 -1 -1 $-1 $2108 4.0830416119107066e-17 $2262 1.214489493573329 $1885 $2263 forward @7 unknown T -0.70930000000000004 2.6481999999999997 0.017000000000000088 0.18399999999999997 3.4710000000000001 0.017000000000000088 #
coedge $-1 -1 -1 $-1 $2095 $1886 $1889 $2110 forward $1867 $-1 #
coedge $-1 -1 -1 $-1 $1886 $2095 $2259 $2264 reversed $1867 $-1 #
fbm_tag-tag-sys-attrib $-1 -1 $-1 $-1 $1887 2 1 2 1 1 1 3 1 1 1 1 1 1 1 0 1 1 1 origin_live $1887 @43 [edge:ThickenSheet(split_new,edge6)#edge53] #
vertex $2265 -1 -1 $-1 $2104 $2266 #
straight-curve $-1 -1 -1 $-1 1.3535999999999999 3.7982 0.017000000000000088 -0.96302556488313973 -0.2694100246492504 0 I I #
edge $2267 -1 -1 $-1 $1891 0 $2098 0.017000000000000088 $2105 $2268 forward @7 unknown T 1.3535999999999999 3.7982 0 1.3535999999999999 3.7982 0.017000000000000088 #
fbm_tag-tag-sys-attrib $-1 -1 $-1 $-1 $1891 2 1 2 1 1 1 3 1 1 1 1 1 1 1 0 1 1 1 origin_live $1891 @17 [vertex6#vertex6] #
point $-1 -1 -1 $-1 1.3535999999999999 3.7982 0.017000000000000088 #
fbm_tag-tag-sys-attrib $-1 -1 $-1 $-1 $1893 2 1 2 1 1 1 3 1 1 1 1 1 1 1 0 1 1 1 origin_live $1893 @45 [edge:ThickenSheet(split_gap,vertex5)#edge50] #
straight-curve $-1 -1 -1 $-1 2.2591999999999999 3.6709000000000001 0.017000000000000088 0 0 -1 F -10008.212910667713 F 10008.246910667713 #
coedge $-1 -1 -1 $-1 $1898 $2269 $2270 $2271 forward $127 $-1 #
coedge $-1 -1 -1 $-1 $2272 $2273 $1898 $2117 reversed $2274 $-1 #
edge $2275 -1 -1 $-1 $2276 0 $2122 1.2144894935733286 $1898 $2277 forward @7 unknown T -0.70929999999999993 -2.2710000000000004 0.017000000000000088 0.18400000000000039 -1.4481999999999999 0.017000000000000088 #
coedge $-1 -1 -1 $-1 $2087 $1899 $2273 $2278 forward $2120 $-1 #
coedge $-1 -1 -1 $-1 $1899 $2087 $1901 $2124 reversed $2120 $-1 #
loop $-1 -1 -1 $-1 $-1 $1899 $2279 T 0.18400000000000005 -2.5982000000000003 0 1.3535999999999999 -2.2709999999999999 0.017000000000000088 unknown #
fbm_tag-tag-sys-attrib $-1 -1 $-1 $-1 $1900 2 1 2 1 1 1 3 1 1 1 1 1 1 1 0 1 1 1 origin_live $1900 @44 [edge:ThickenSheet(split_new,edge14)#edge31] #
vertex $2280 -1 -1 $-1 $1900 $2281 #
straight-curve $-1 -1 -1 $-1 0.184 -2.2709999999999999 0.017000000000000088 0.9630255648831394 -0.26941002464925068 0 I I #
edge $2282 -1 -1 $-1 $1905 0 $2090 0.017000000000000088 $1901 $2283 forward @7 unknown T 1.3535999999999999 -2.5982000000000003 0 1.3535999999999999 -2.5982000000000003 0.017000000000000088 #
face $2284 -1 -1 $-1 $1908 $1903 $63 $-1 $2285 forward single F F #
fbm_tag-tag-sys-attrib $-1 -1 $-1 $-1 $1905 2 1 2 1 1 1 3 1 1 1 1 1 1 1 0 1 1 1 origin_live $1905 @19 [vertex15#vertex15] #
point $-1 -1 -1 $-1 1.3535999999999999 -2.5982000000000003 0.017000000000000088 #
fbm_tag-tag-sys-attrib $-1 -1 $-1 $-1 $1907 2 1 2 1 1 1 3 1 1 1 1 1 1 1 0 1 1 1 origin_live $1907 @46 [edge:ThickenSheet(split_gap,vertex16)#edge36] #
straight-curve $-1 -1 -1 $-1 2.2591999999999999 -2.4708999999999999 0.017000000000000088 0 0 -1 F -10008.212910667713 F 10008.246910667713 #
fbm_tag-tag-sys-attrib $-1 -1 $-1 $-1 $1908 2 1 2 1 1 1 3 1 1 1 1 1 1 1 0 1 1 1 origin_live $1908 @68 [face:ThickenSheet(tweak,face:ThickenSheet(split_gap,edge16))#face8] #
plane-surface $-1 -1 -1 $-1 2.6619999999999999 -2.2543500000000001 0 0.47351945489905983 -0.88078335919344963 -0 0 0 -1 forward_v I I I I #
fbm_tag-tag-sys-attrib $-1 -1 $-1 $-1 $1916 2 1 2 1 1 1 3 1 1 1 1 1 1 1 0 1 1 1 origin_live $1916 @68 [face:ThickenSheet(tweak,face:ThickenSheet(split_gap,edge7))#face11] #
plane-surface $-1 -1 -1 $-1 7.8556000000000008 0.8337 0 -0.70710678118654702 0.70710678118654813 -0 -0 0 1 forward_v I I I I #
fbm_tag-tag-sys-attrib $-1 -1 $-1 $-1 $1920 2 1 2 1 1 1 3 1 1 1 1 1 1 1 0 1 1 1 origin_live $1920 @13 [edge6#edge6] #
vertex $2286 -1 -1 $-1 $1927 $2287 #
straight-curve $-1 -1 -1 $-1 8.0978000000000012 1.5459000000000001 0 0 -1 0 F 0 F 0.46999999999999997 #
fbm_tag-tag-sys-attrib $-1 -1 $-1 $-1 $1922 2 1 2 1 1 1 3 1 1 1 1 1 1 1 0 1 1 1 origin_live $1922 @49 [vertex:ThickenSheet(split_new,vertex7)#vertex14] #
point $-1 -1 -1 $-1 8.0978000000000012 1.0759000000000001 0 #
fbm_tag-tag-sys-attrib $-1 -1 $-1 $-1 $1927 2 1 2 1 1 1 3 1 1 1 1 1 1 1 0 1 1 1 origin_live $1927 @13 [edge5#edge5] #
straight-curve $-1 -1 -1 $-1 8.3978000000000002 1.5459000000000001 0 -1 0 0 F 0 F 0.29999999999999893 #
fbm_tag-tag-sys-attrib $-1 -1 $-1 $-1 $1929 2 1 2 1 1 1 3 1 1 1 1 1 1 1 0 1 1 1 origin_live $1929 @49 [vertex:ThickenSheet(split_new,vertex5)#vertex18] #
point $-1 -1 -1 $-1 8.3978000000000002 1.5458999999999996 0 #
edge $2288 -1 -1 $-1 $1936 0 $2135 0.017000000000000088 $1943 $2289 forward @7 unknown T 8.0978000000000012 1.5459000000000001 0 8.0978000000000012 1.5459000000000001 0.017000000000000088 #
fbm_tag-tag-sys-attrib $-1 -1 $-1 $-1 $1936 2 1 2 1 1 1 3 1 1 1 1 1 1 1 0 1 1 1 origin_live $1936 @17 [vertex6#vertex6] #
point $-1 -1 -1 $-1 8.0978000000000012 1.5459000000000001 0.017000000000000088 #
fbm_tag-tag-sys-attrib $-1 -1 $-1 $-1 $1938 2 1 2 1 1 1 3 1 1 1 1 1 1 1 0 1 1 1 origin_live $1938 @45 [edge:ThickenSheet(split_gap,vertex5)#edge23] #
straight-curve $-1 -1 -1 $-1 8.3978000000000002 1.5458999999999996 0.017000000000000088 0 0 -1 F -10012.886039163843 F 10012.920039163842 #
fbm_tag-tag-sys-attrib $-1 -1 $-1 $-1 $1947 2 1 2 1 1 1 3 1 1 1 1 1 1 1 0 1 1 1 origin_live $1947 @45 [edge:ThickenSheet(split_gap,vertex7)#edge27] #
straight-curve $-1 -1 -1 $-1 8.0978000000000012 1.0759000000000001 0.017000000000000088 0 0 -1 F -10012.886039163843 F 10012.920039163842 #
fbm_tag-tag-sys-attrib $-1 -1 $-1 $-1 $1955 2 1 2 1 1 1 3 1 1 1 1 1 1 1 0 1 1 1 origin_live $1955 @68 [face:ThickenSheet(tweak,face:ThickenSheet(split_gap,edge8))#face14] #
plane-surface $-1 -1 -1 $-1 0.34965000000000002 -3.9327999999999999 0 0.26943896359530267 0.96301746863527304 -0 -0 0 1 forward_v I I I I #
fbm_tag-tag-sys-attrib $-1 -1 $-1 $-1 $1959 2 1 2 1 1 1 3 1 1 1 1 1 1 1 0 1 1 1 origin_live $1959 @13 [edge7#edge7] #
vertex $2290 -1 -1 $-1 $1966 $2291 #
straight-curve $-1 -1 -1 $-1 2.7572000000000001 -3.9914000000000001 0 -0.99025847482037932 -0.1392413481923247 0 F 0 F 1.4772910681378941 #
fbm_tag-tag-sys-attrib $-1 -1 $-1 $-1 $1961 2 1 2 1 1 1 3 1 1 1 1 1 1 1 0 1 1 1 origin_live $1961 @49 [vertex:ThickenSheet(split_new,vertex8)#vertex17] #
point $-1 -1 -1 $-1 1.2943 -4.1970999999999998 0 #
fbm_tag-tag-sys-attrib $-1 -1 $-1 $-1 $1966 2 1 2 1 1 1 3 1 1 1 1 1 1 1 0 1 1 1 origin_live $1966 @13 [edge6#edge6] #
straight-curve $-1 -1 -1 $-1 4.0584999999999996 -3.2918000000000003 0 -0.88078170174176007 -0.47352253787638166 0 F 0 F 1.4774375959748685 #
fbm_tag-tag-sys-attrib $-1 -1 $-1 $-1 $1968 2 1 2 1 1 1 3 1 1 1 1 1 1 1 0 1 1 1 origin_live $1968 @49 [vertex:ThickenSheet(split_new,vertex6)#vertex19] #
point $-1 -1 -1 $-1 4.0584999999999996 -3.2918000000000003 0 #
edge $2292 -1 -1 $-1 $1975 0 $2153 0.017000000000000088 $1982 $2293 forward @7 unknown T 2.7572000000000001 -3.9914000000000001 0 2.7572000000000001 -3.9914000000000001 0.017000000000000088 #
fbm_tag-tag-sys-attrib $-1 -1 $-1 $-1 $1975 2 1 2 1 1 1 3 1 1 1 1 1 1 1 0 1 1 1 origin_live $1975 @17 [vertex7#vertex7] #
point $-1 -1 -1 $-1 2.7572000000000001 -3.9914000000000001 0.017000000000000088 #
fbm_tag-tag-sys-attrib $-1 -1 $-1 $-1 $1977 2 1 2 1 1 1 3 1 1 1 1 1 1 1 0 1 1 1 origin_live $1977 @45 [edge:ThickenSheet(split_gap,vertex6)#edge31] #
straight-curve $-1 -1 -1 $-1 4.0584999999999996 -3.2918000000000003 0.017000000000000088 0 0 -1 F -10011.75983964005 F 10011.79383964005 #
fbm_tag-tag-sys-attrib $-1 -1 $-1 $-1 $1986 2 1 2 1 1 1 3 1 1 1 1 1 1 1 0 1 1 1 origin_live $1986 @45 [edge:ThickenSheet(split_gap,vertex8)#edge35] #
straight-curve $-1 -1 -1 $-1 1.2943 -4.1970999999999998 0.017000000000000088 0 0 -1 F -10011.75983964005 F 10011.79383964005 #
fbm_tag-tag-sys-attrib $-1 -1 $-1 $-1 $1994 2 1 2 1 1 1 3 1 1 1 1 1 1 1 0 1 1 1 origin_live $1994 @68 [face:ThickenSheet(tweak,face:ThickenSheet(split_gap,edge8))#face14] #
plane-surface $-1 -1 -1 $-1 5.5904499999999997 1.8953500000000001 0 -0.98621541236810806 -0.16546649330786734 0 0 -0 1 forward_v I I I I #
fbm_tag-tag-sys-attrib $-1 -1 $-1 $-1 $1998 2 1 2 1 1 1 3 1 1 1 1 1 1 1 0 1 1 1 origin_live $1998 @13 [edge7#edge7] #
vertex $2294 -1 -1 $-1 $2005 $2295 #
straight-curve $-1 -1 -1 $-1 5.0369000000000002 3.3849 0 0.36193010389107205 -0.93220523485839635 0 F 0 F 1.4773570759975398 #
fbm_tag-tag-sys-attrib $-1 -1 $-1 $-1 $2000 2 1 2 1 1 1 3 1 1 1 1 1 1 1 0 1 1 1 origin_live $2000 @49 [vertex:ThickenSheet(split_new,vertex8)#vertex21] #
point $-1 -1 -1 $-1 5.5716000000000001 2.0076999999999998 0 #
fbm_tag-tag-sys-attrib $-1 -1 $-1 $-1 $2005 2 1 2 1 1 1 3 1 1 1 1 1 1 1 0 1 1 1 origin_live $2005 @13 [edge6#edge6] #
straight-curve $-1 -1 -1 $-1 4.0584999999999996 4.4917999999999996 0 0.66227734319878206 -0.74925878085315933 0 F 0 F 1.4773266971120504 #
fbm_tag-tag-sys-attrib $-1 -1 $-1 $-1 $2007 2 1 2 1 1 1 3 1 1 1 1 1 1 1 0 1 1 1 origin_live $2007 @49 [vertex:ThickenSheet(split_new,vertex6)#vertex19] #
point $-1 -1 -1 $-1 4.0584999999999996 4.4917999999999996 0 #
edge $2296 -1 -1 $-1 $2014 0 $2171 0.017000000000000088 $2021 $2297 forward @7 unknown T 5.0369000000000002 3.3849 0 5.0369000000000002 3.3849 0.017000000000000088 #
fbm_tag-tag-sys-attrib $-1 -1 $-1 $-1 $2014 2 1 2 1 1 1 3 1 1 1 1 1 1 1 0 1 1 1 origin_live $2014 @17 [vertex7#vertex7] #
point $-1 -1 -1 $-1 5.0369000000000002 3.3849 0.017000000000000088 #
fbm_tag-tag-sys-attrib $-1 -1 $-1 $-1 $2016 2 1 2 1 1 1 3 1 1 1 1 1 1 1 0 1 1 1 origin_live $2016 @45 [edge:ThickenSheet(split_gap,vertex6)#edge31] #
straight-curve $-1 -1 -1 $-1 4.0584999999999996 4.4917999999999996 0.017000000000000088 0 0 -1 F -10011.75983964005 F 10011.79383964005 #
fbm_tag-tag-sys-attrib $-1 -1 $-1 $-1 $2025 2 1 2 1 1 1 3 1 1 1 1 1 1 1 0 1 1 1 origin_live $2025 @45 [edge:ThickenSheet(split_gap,vertex8)#edge35] #
straight-curve $-1 -1 -1 $-1 5.5716000000000001 2.0076999999999998 0.017000000000000088 0 0 -1 F -10011.75983964005 F 10011.79383964005 #
fbm_tag-tag-sys-attrib $-1 -1 $-1 $-1 $2033 2 1 2 1 1 1 3 1 1 1 1 1 1 1 0 1 1 1 origin_live $2033 @68 [face:ThickenSheet(tweak,face:ThickenSheet(split_gap,edge8))#face76] #
face $2298 -1 -1 $-1 $2299 $2300 $59 $-1 $2301 forward single F F #
loop $-1 -1 -1 $-1 $-1 $2207 $2033 T 4.0974999999999993 1.7960999999999998 0 4.4920999999999998 2.8127 0.017000000000000088 unknown #
plane-surface $-1 -1 -1 $-1 4.2947999999999995 2.3043999999999998 0 -0.93223508823168999 -0.36185320265219878 0 0 -0 1 forward_v I I I I #
coedge $-1 -1 -1 $-1 $2302 $2036 $2303 $2304 reversed $174 $-1 #
coedge $-1 -1 -1 $-1 $2223 $2222 $2036 $2192 forward $2224 $-1 #
edge $2305 -1 -1 $-1 $2306 0 $2194 1.0904411217484415 $2036 $2307 forward @7 unknown T 3.3752999999999997 -2.4297 0 4.0974999999999993 -1.6126999999999998 0 #
fbm_tag-tag-sys-attrib $-1 -1 $-1 $-1 $2038 2 1 2 1 1 1 3 1 1 1 1 1 1 1 0 1 1 1 origin_live $2038 @15 [edge70#edge70] #
vertex $2308 -1 -1 $-1 $2192 $2309 #
straight-curve $-1 -1 -1 $-1 3.3752999999999997 -2.4297 0 -0.88079188641766981 -0.4735035932501489 0 F 0 F 1.0903824329105813 #
fbm_tag-tag-sys-attrib $-1 -1 $-1 $-1 $2040 2 1 2 1 1 1 3 1 1 1 1 1 1 1 0 1 1 1 origin_live $2040 @50 [vertex:ThickenSheet(split_new,vertex71)#vertex97] #
point $-1 -1 -1 $-1 2.4149000000000003 -2.9459999999999997 0 #
coedge $-1 -1 -1 $-1 $2044 $2310 $2311 $2312 reversed $174 $-1 #
coedge $-1 -1 -1 $-1 $2210 $2209 $2044 $2200 forward $2034 $-1 #
edge $2313 -1 -1 $-1 $2202 0 $2314 1.0904411217484415 $2044 $2315 forward @7 unknown T 3.3752999999999997 2.8127 0 4.0974999999999993 3.6297000000000001 0 #
fbm_tag-tag-sys-attrib $-1 -1 $-1 $-1 $2046 2 1 2 1 1 1 3 1 1 1 1 1 1 1 0 1 1 1 origin_live $2046 @13 [edge6#edge6] #
vertex $2316 -1 -1 $-1 $2046 $2317 #
straight-curve $-1 -1 -1 $-1 2.4149000000000003 4.1460000000000008 0 0.88079188641766948 -0.47350359325014951 0 F 0 F 1.0903824329105818 #
fbm_tag-tag-sys-attrib $-1 -1 $-1 $-1 $2048 2 1 2 1 1 1 3 1 1 1 1 1 1 1 0 1 1 1 origin_live $2048 @49 [vertex:ThickenSheet(split_new,vertex6)#vertex98] #
point $-1 -1 -1 $-1 2.4149000000000003 4.1460000000000008 0 #
coedge $-1 -1 -1 $-1 $2318 $2052 $2319 $2320 forward $122 $-1 #
coedge $-1 -1 -1 $-1 $2321 $2322 $2052 $2208 reversed $2188 $-1 #
edge $2323 -1 -1 $-1 $2212 0 $2324 1.090497464462894 $2052 $2325 forward @7 unknown T 4.0974999999999993 1.7960999999999998 0.017000000000000088 4.4920999999999998 2.8127 0.017000000000000088 #
coedge $-1 -1 -1 $-1 $2199 $2053 $2056 $2214 forward $2034 $-1 #
coedge $-1 -1 -1 $-1 $2053 $2199 $2321 $2326 reversed $2034 $-1 #
fbm_tag-tag-sys-attrib $-1 -1 $-1 $-1 $2054 2 1 2 1 1 1 3 1 1 1 1 1 1 1 0 1 1 1 origin_live $2054 @44 [edge:ThickenSheet(split_new,edge7)#edge223] #
vertex $2327 -1 -1 $-1 $2208 $2328 #
straight-curve $-1 -1 -1 $-1 3.3752999999999997 3.6297000000000001 0.017000000000000088 0.66230077497628237 -0.74923806861758957 0 I I #
edge $2329 -1 -1 $-1 $2058 0 $2202 0.017000000000000088 $2209 $2330 forward @7 unknown T 3.3752999999999997 3.6297000000000001 0 3.3752999999999997 3.6297000000000001 0.017000000000000088 #
fbm_tag-tag-sys-attrib $-1 -1 $-1 $-1 $2058 2 1 2 1 1 1 3 1 1 1 1 1 1 1 0 1 1 1 origin_live $2058 @17 [vertex7#vertex7] #
point $-1 -1 -1 $-1 3.3752999999999997 3.6297000000000001 0.017000000000000088 #
fbm_tag-tag-sys-attrib $-1 -1 $-1 $-1 $2060 2 1 2 1 1 1 3 1 1 1 1 1 1 1 0 1 1 1 origin_live $2060 @46 [edge:ThickenSheet(split_gap,vertex6)#edge209] #
straight-curve $-1 -1 -1 $-1 2.4149000000000003 4.1460000000000008 0.017000000000000088 0 0 -1 F -10017.586675894363 F 10017.620675894363 #
coedge $-1 -1 -1 $-1 $2065 $2331 $2332 $2333 forward $122 $-1 #
coedge $-1 -1 -1 $-1 $2334 $2335 $2065 $2221 reversed $2336 $-1 #
edge $2337 -1 -1 $-1 $2338 0 $2226 1.0904974644628938 $2065 $2339 forward @7 unknown T 4.0974999999999993 -1.6126999999999998 0.017000000000000088 4.4920999999999998 -0.59609999999999996 0.017000000000000088 #
coedge $-1 -1 -1 $-1 $2191 $2066 $2335 $2340 forward $2224 $-1 #
coedge $-1 -1 -1 $-1 $2066 $2191 $2068 $2228 reversed $2224 $-1 #
loop $-1 -1 -1 $-1 $-1 $2066 $2341 T 3.3752999999999997 -2.4297 0 4.0974999999999993 -1.6126999999999998 0.017000000000000088 unknown #
fbm_tag-tag-sys-attrib $-1 -1 $-1 $-1 $2067 2 1 2 1 1 1 3 1 1 1 1 1 1 1 0 1 1 1 origin_live $2067 @45 [edge:ThickenSheet(split_new,edge69)#edge208] #
vertex $2342 -1 -1 $-1 $2067 $2343 #
straight-curve $-1 -1 -1 $-1 4.0974999999999993 -1.6126999999999998 0.017000000000000088 -0.66230077497628237 -0.74923806861758957 0 I I #
edge $2344 -1 -1 $-1 $2072 0 $2194 0.017000000000000088 $2068 $2345 forward @7 unknown T 3.3752999999999997 -2.4297 0 3.3752999999999997 -2.4297 0.017000000000000088 #
face $2346 -1 -1 $-1 $2075 $2070 $59 $-1 $2347 forward single F F #
fbm_tag-tag-sys-attrib $-1 -1 $-1 $-1 $2072 2 1 2 1 1 1 3 1 1 1 1 1 1 1 0 1 1 1 origin_live $2072 @19 [vertex70#vertex70] #
point $-1 -1 -1 $-1 3.3752999999999997 -2.4297 0.017000000000000088 #
fbm_tag-tag-sys-attrib $-1 -1 $-1 $-1 $2074 2 1 2 1 1 1 3 1 1 1 1 1 1 1 0 1 1 1 origin_live $2074 @47 [edge:ThickenSheet(split_gap,vertex71)#edge214] #
straight-curve $-1 -1 -1 $-1 2.4149000000000003 -2.9459999999999997 0.017000000000000088 0 0 -1 F -10017.586675894363 F 10017.620675894363 #
fbm_tag-tag-sys-attrib $-1 -1 $-1 $-1 $2075 2 1 2 1 1 1 3 1 1 1 1 1 1 1 0 1 1 1 origin_live $2075 @69 [face:ThickenSheet(tweak,face:ThickenSheet(split_gap,edge71))#face71] #
plane-surface $-1 -1 -1 $-1 1.8749500000000001 -3.0219499999999995 0 -0.13928995640879907 0.99025163874827027 -0 -0 0 1 forward_v I I I I #
fbm_tag-tag-sys-attrib $-1 -1 $-1 $-1 $2083 2 1 2 1 1 1 3 1 1 1 1 1 1 1 0 1 1 1 origin_live $2083 @68 [face:ThickenSheet(tweak,face:ThickenSheet(split_gap,edge8))#face20] #
face $2348 -1 -1 $-1 $2349 $2350 $63 $-1 $2351 forward single F F #
loop $-1 -1 -1 $-1 $-1 $2257 $2083 T -1.1315 1.5095000000000001 0 -0.70929999999999993 2.6481999999999997 0.017000000000000088 unknown #
plane-surface $-1 -1 -1 $-1 -0.92039999999999988 2.0788500000000001 0 -0.93762553677410521 0.34764687944676154 -0 -0 0 1 forward_v I I I I #
coedge $-1 -1 -1 $-1 $2352 $2086 $2353 $2354 reversed $180 $-1 #
coedge $-1 -1 -1 $-1 $2273 $2272 $2086 $2242 forward $2274 $-1 #
edge $2355 -1 -1 $-1 $2356 0 $2244 1.2144894935733288 $2086 $2357 forward @7 unknown T -0.70929999999999993 -2.2710000000000004 0 0.18400000000000039 -1.4481999999999999 0 #
fbm_tag-tag-sys-attrib $-1 -1 $-1 $-1 $2088 2 1 2 1 1 1 3 1 1 1 1 1 1 1 0 1 1 1 origin_live $2088 @15 [edge14#edge14] #
vertex $2358 -1 -1 $-1 $2242 $2359 #
straight-curve $-1 -1 -1 $-1 0.184 -2.2709999999999999 0 0.96302556488313951 -0.26941002464925073 0 F 5.3458657771795454e-17 F 1.2145056607525551 #
fbm_tag-tag-sys-attrib $-1 -1 $-1 $-1 $2090 2 1 2 1 1 1 3 1 1 1 1 1 1 1 0 1 1 1 origin_live $2090 @50 [vertex:ThickenSheet(split_new,vertex15)#vertex28] #
point $-1 -1 -1 $-1 1.3535999999999999 -2.5982000000000003 0 #
coedge $-1 -1 -1 $-1 $2094 $2360 $2361 $2362 reversed $180 $-1 #
coedge $-1 -1 -1 $-1 $2260 $2259 $2094 $2250 forward $2084 $-1 #
edge $2363 -1 -1 $-1 $2252 4.083041611910706e-17 $2364 1.2144894935733288 $2094 $2365 forward @7 unknown T -0.70930000000000004 2.6481999999999997 0 0.18399999999999997 3.4710000000000001 0 #
fbm_tag-tag-sys-attrib $-1 -1 $-1 $-1 $2096 2 1 2 1 1 1 3 1 1 1 1 1 1 1 0 1 1 1 origin_live $2096 @13 [edge6#edge6] #
vertex $2366 -1 -1 $-1 $2096 $2367 #
straight-curve $-1 -1 -1 $-1 1.3535999999999999 3.7982 0 -0.96302556488313973 -0.2694100246492504 0 F 0 F 1.2145056607525551 #
fbm_tag-tag-sys-attrib $-1 -1 $-1 $-1 $2098 2 1 2 1 1 1 3 1 1 1 1 1 1 1 0 1 1 1 origin_live $2098 @49 [vertex:ThickenSheet(split_new,vertex6)#vertex29] #
point $-1 -1 -1 $-1 1.3535999999999999 3.7982 0 #
coedge $-1 -1 -1 $-1 $2368 $2102 $2369 $2370 forward $127 $-1 #
coedge $-1 -1 -1 $-1 $2371 $2372 $2102 $2258 reversed $2238 $-1 #
edge $2373 -1 -1 $-1 $2262 3.8596557000088076e-17 $2374 1.2144507112270959 $2102 $2375 forward @7 unknown T -1.1315 1.5095000000000001 0.017000000000000088 -0.70929999999999993 2.6481999999999997 0.017000000000000088 #
coedge $-1 -1 -1 $-1 $2249 $2103 $2106 $2264 forward $2084 $-1 #
coedge $-1 -1 -1 $-1 $2103 $2249 $2371 $2376 reversed $2084 $-1 #
fbm_tag-tag-sys-attrib $-1 -1 $-1 $-1 $2104 2 1 2 1 1 1 3 1 1 1 1 1 1 1 0 1 1 1 origin_live $2104 @43 [edge:ThickenSheet(split_new,edge7)#edge55] #
vertex $2377 -1 -1 $-1 $2258 $2378 #
straight-curve $-1 -1 -1 $-1 0.184 3.4710000000000001 0.017000000000000088 -0.73553538727757128 -0.6774863054427247 0 I I #
edge $2379 -1 -1 $-1 $2108 0 $2252 0.017000000000000088 $2259 $2380 forward @7 unknown T 0.18399999999999994 3.4710000000000001 0 0.18399999999999994 3.4710000000000001 0.017000000000000088 #
fbm_tag-tag-sys-attrib $-1 -1 $-1 $-1 $2108 2 1 2 1 1 1 3 1 1 1 1 1 1 1 0 1 1 1 origin_live $2108 @17 [vertex7#vertex7] #
point $-1 -1 -1 $-1 0.18399999999999994 3.4710000000000001 0.017000000000000088 #
fbm_tag-tag-sys-attrib $-1 -1 $-1 $-1 $2110 2 1 2 1 1 1 3 1 1 1 1 1 1 1 0 1 1 1 origin_live $2110 @45 [edge:ThickenSheet(split_gap,vertex6)#edge52] #
straight-curve $-1 -1 -1 $-1 1.3535999999999999 3.7982 0.017000000000000088 0 0 -1 F -10008.212910667713 F 10008.246910667713 #
coedge $-1 -1 -1 $-1 $2115 $2368 $2381 $2382 forward $127 $-1 #
coedge $-1 -1 -1 $-1 $2383 $2384 $2115 $2271 reversed $2385 $-1 #
edge $2386 -1 -1 $-1 $2387 0 $2276 1.2144507112270964 $2115 $2388 forward @7 unknown T -1.1315 -1.4481999999999999 0.017000000000000088 -0.70929999999999993 -0.3095 0.017000000000000088 #
coedge $-1 -1 -1 $-1 $2241 $2116 $2384 $2389 forward $2274 $-1 #
coedge $-1 -1 -1 $-1 $2116 $2241 $2118 $2278 reversed $2274 $-1 #
loop $-1 -1 -1 $-1 $-1 $2116 $2390 T -0.70929999999999993 -2.2710000000000004 0 0.18400000000000039 -1.4481999999999999 0.017000000000000088 unknown #
fbm_tag-tag-sys-attrib $-1 -1 $-1 $-1 $2117 2 1 2 1 1 1 3 1 1 1 1 1 1 1 0 1 1 1 origin_live $2117 @44 [edge:ThickenSheet(split_new,edge13)#edge28] #
vertex $2391 -1 -1 $-1 $2117 $2392 #
straight-curve $-1 -1 -1 $-1 -0.70929999999999993 -1.4481999999999999 0.017000000000000088 0.73553538727757184 -0.67748630544272481 0 I I #
edge $2393 -1 -1 $-1 $2122 0 $2244 0.017000000000000088 $2118 $2394 forward @7 unknown T 0.18400000000000005 -2.2709999999999999 0 0.18400000000000005 -2.2709999999999999 0.017000000000000088 #
face $2395 -1 -1 $-1 $2125 $2120 $63 $-1 $2396 forward single F F #
fbm_tag-tag-sys-attrib $-1 -1 $-1 $-1 $2122 2 1 2 1 1 1 3 1 1 1 1 1 1 1 0 1 1 1 origin_live $2122 @19 [vertex14#vertex14] #
point $-1 -1 -1 $-1 0.18400000000000005 -2.2709999999999999 0.017000000000000088 #
fbm_tag-tag-sys-attrib $-1 -1 $-1 $-1 $2124 2 1 2 1 1 1 3 1 1 1 1 1 1 1 0 1 1 1 origin_live $2124 @46 [edge:ThickenSheet(split_gap,vertex15)#edge34] #
straight-curve $-1 -1 -1 $-1 1.3535999999999999 -2.5982000000000003 0.017000000000000088 0 0 -1 F -10008.212910667713 F 10008.246910667713 #
fbm_tag-tag-sys-attrib $-1 -1 $-1 $-1 $2125 2 1 2 1 1 1 3 1 1 1 1 1 1 1 0 1 1 1 origin_live $2125 @68 [face:ThickenSheet(tweak,face:ThickenSheet(split_gap,edge15))#face7] #
plane-surface $-1 -1 -1 $-1 1.8063999999999998 -2.5345500000000003 0 0.13920121696100018 -0.99026411688830596 -0 0 0 -1 forward_v I I I I #
fbm_tag-tag-sys-attrib $-1 -1 $-1 $-1 $2135 2 1 2 1 1 1 3 1 1 1 1 1 1 1 0 1 1 1 origin_live $2135 @49 [vertex:ThickenSheet(split_new,vertex6)#vertex15] #
point $-1 -1 -1 $-1 8.0978000000000012 1.5459000000000001 0 #
fbm_tag-tag-sys-attrib $-1 -1 $-1 $-1 $2143 2 1 2 1 1 1 3 1 1 1 1 1 1 1 0 1 1 1 origin_live $2143 @45 [edge:ThickenSheet(split_gap,vertex6)#edge25] #
straight-curve $-1 -1 -1 $-1 8.0978000000000012 1.5459000000000001 0.017000000000000088 0 0 -1 F -10012.886039163843 F 10012.920039163842 #
fbm_tag-tag-sys-attrib $-1 -1 $-1 $-1 $2153 2 1 2 1 1 1 3 1 1 1 1 1 1 1 0 1 1 1 origin_live $2153 @49 [vertex:ThickenSheet(split_new,vertex7)#vertex18] #
point $-1 -1 -1 $-1 2.7572000000000001 -3.9914000000000001 0 #
fbm_tag-tag-sys-attrib $-1 -1 $-1 $-1 $2161 2 1 2 1 1 1 3 1 1 1 1 1 1 1 0 1 1 1 origin_live $2161 @45 [edge:ThickenSheet(split_gap,vertex7)#edge33] #
straight-curve $-1 -1 -1 $-1 2.7572000000000001 -3.9914000000000001 0.017000000000000088 0 0 -1 F -10011.75983964005 F 10011.79383964005 #
fbm_tag-tag-sys-attrib $-1 -1 $-1 $-1 $2171 2 1 2 1 1 1 3 1 1 1 1 1 1 1 0 1 1 1 origin_live $2171 @49 [vertex:ThickenSheet(split_new,vertex7)#vertex20] #
point $-1 -1 -1 $-1 5.0369000000000002 3.3849 0 #
fbm_tag-tag-sys-attrib $-1 -1 $-1 $-1 $2179 2 1 2 1 1 1 3 1 1 1 1 1 1 1 0 1 1 1 origin_live $2179 @45 [edge:ThickenSheet(split_gap,vertex7)#edge33] #
straight-curve $-1 -1 -1 $-1 5.0369000000000002 3.3849 0.017000000000000088 0 0 -1 F -10011.75983964005 F 10011.79383964005 #
fbm_tag-tag-sys-attrib $-1 -1 $-1 $-1 $2187 2 1 2 1 1 1 3 1 1 1 1 1 1 1 0 1 1 1 origin_live $2187 @68 [face:ThickenSheet(tweak,face:ThickenSheet(split_gap,edge9))#face77] #
face $2397 -1 -1 $-1 $2398 $2399 $59 $-1 $2400 forward single F F #
loop $-1 -1 -1 $-1 $-1 $2319 $2187 T 4.4920999999999998 1.6302999999999999 0 4.5199999999999996 1.7960999999999998 0.017000000000000088 unknown #
plane-surface $-1 -1 -1 $-1 4.5060500000000001 1.7131999999999998 0 -0.98613551705084812 -0.16594198387043721 0 0 -0 1 forward_v I I I I #
coedge $-1 -1 -1 $-1 $2401 $2190 $2402 $2403 reversed $174 $-1 #
coedge $-1 -1 -1 $-1 $2335 $2334 $2190 $2304 forward $2336 $-1 #
edge $2404 -1 -1 $-1 $2405 0 $2306 1.0904974644628938 $2190 $2406 forward @7 unknown T 4.0974999999999993 -1.6126999999999998 0 4.4920999999999998 -0.59609999999999996 0 #
fbm_tag-tag-sys-attrib $-1 -1 $-1 $-1 $2192 2 1 2 1 1 1 3 1 1 1 1 1 1 1 0 1 1 1 origin_live $2192 @15 [edge69#edge69] #
vertex $2407 -1 -1 $-1 $2304 $2408 #
straight-curve $-1 -1 -1 $-1 4.0974999999999993 -1.6126999999999998 0 -0.66230077497628237 -0.74923806861758957 0 F 0 F 1.0904411217484415 #
fbm_tag-tag-sys-attrib $-1 -1 $-1 $-1 $2194 2 1 2 1 1 1 3 1 1 1 1 1 1 1 0 1 1 1 origin_live $2194 @51 [vertex:ThickenSheet(split_new,vertex70)#vertex101] #
point $-1 -1 -1 $-1 3.3752999999999997 -2.4297 0 #
coedge $-1 -1 -1 $-1 $2198 $2409 $2410 $2411 reversed $174 $-1 #
coedge $-1 -1 -1 $-1 $2322 $2321 $2198 $2312 forward $2188 $-1 #
edge $2412 -1 -1 $-1 $2314 0 $2413 1.090497464462894 $2198 $2414 forward @7 unknown T 4.0974999999999993 1.7960999999999998 0 4.4920999999999998 2.8127 0 #
fbm_tag-tag-sys-attrib $-1 -1 $-1 $-1 $2200 2 1 2 1 1 1 3 1 1 1 1 1 1 1 0 1 1 1 origin_live $2200 @13 [edge7#edge7] #
vertex $2415 -1 -1 $-1 $2200 $2416 #
straight-curve $-1 -1 -1 $-1 3.3752999999999997 3.6297000000000001 0 0.66230077497628237 -0.74923806861758957 0 F 0 F 1.0904411217484415 #
fbm_tag-tag-sys-attrib $-1 -1 $-1 $-1 $2202 2 1 2 1 1 1 3 1 1 1 1 1 1 1 0 1 1 1 origin_live $2202 @50 [vertex:ThickenSheet(split_new,vertex7)#vertex102] #
point $-1 -1 -1 $-1 3.3752999999999997 3.6297000000000001 0 #
coedge $-1 -1 -1 $-1 $2417 $2206 $2418 $2419 forward $122 $-1 #
coedge $-1 -1 -1 $-1 $2420 $2421 $2206 $2320 reversed $2300 $-1 #
edge $2422 -1 -1 $-1 $2324 0 $2423 0.16813105007701576 $2206 $2424 forward @7 unknown T 4.4920999999999998 1.6302999999999999 0.017000000000000088 4.5199999999999996 1.7960999999999998 0.017000000000000088 #
coedge $-1 -1 -1 $-1 $2311 $2207 $2210 $2326 forward $2188 $-1 #
coedge $-1 -1 -1 $-1 $2207 $2311 $2420 $2425 reversed $2188 $-1 #
fbm_tag-tag-sys-attrib $-1 -1 $-1 $-1 $2208 2 1 2 1 1 1 3 1 1 1 1 1 1 1 0 1 1 1 origin_live $2208 @44 [edge:ThickenSheet(split_new,edge8)#edge225] #
vertex $2426 -1 -1 $-1 $2320 $2427 #
straight-curve $-1 -1 -1 $-1 4.0974999999999993 2.8127 0.017000000000000088 0.36185320265219878 -0.93223508823168999 0 I I #
edge $2428 -1 -1 $-1 $2212 0 $2314 0.017000000000000088 $2321 $2429 forward @7 unknown T 4.0974999999999993 2.8127 0 4.0974999999999993 2.8127 0.017000000000000088 #
fbm_tag-tag-sys-attrib $-1 -1 $-1 $-1 $2212 2 1 2 1 1 1 3 1 1 1 1 1 1 1 0 1 1 1 origin_live $2212 @17 [vertex8#vertex8] #
point $-1 -1 -1 $-1 4.0974999999999993 2.8127 0.017000000000000088 #
fbm_tag-tag-sys-attrib $-1 -1 $-1 $-1 $2214 2 1 2 1 1 1 3 1 1 1 1 1 1 1 0 1 1 1 origin_live $2214 @46 [edge:ThickenSheet(split_gap,vertex7)#edge212] #
straight-curve $-1 -1 -1 $-1 3.3752999999999997 3.6297000000000001 0.017000000000000088 0 0 -1 F -10017.586675894363 F 10017.620675894363 #
coedge $-1 -1 -1 $-1 $2219 $2430 $2431 $2432 forward $122 $-1 #
coedge $-1 -1 -1 $-1 $2433 $2434 $2219 $2333 reversed $2435 $-1 #
edge $2436 -1 -1 $-1 $2437 0 $2338 0.15540736790770257 $2219 $2438 forward @7 unknown T 4.4920999999999998 -0.59609999999999996 0.017000000000000088 4.5182000000000002 -0.44289999999999996 0.017000000000000088 #
coedge $-1 -1 -1 $-1 $2303 $2220 $2434 $2439 forward $2336 $-1 #
coedge $-1 -1 -1 $-1 $2220 $2303 $2222 $2340 reversed $2336 $-1 #
loop $-1 -1 -1 $-1 $-1 $2220 $2440 T 4.0974999999999993 -1.6126999999999998 0 4.4920999999999998 -0.59609999999999996 0.017000000000000088 unknown #
fbm_tag-tag-sys-attrib $-1 -1 $-1 $-1 $2221 2 1 2 1 1 1 3 1 1 1 1 1 1 1 0 1 1 1 origin_live $2221 @45 [edge:ThickenSheet(split_new,edge68)#edge206] #
vertex $2441 -1 -1 $-1 $2221 $2442 #
straight-curve $-1 -1 -1 $-1 4.4920999999999998 -0.59609999999999996 0.017000000000000088 -0.36185320265219884 -0.93223508823168999 0 I I #
edge $2443 -1 -1 $-1 $2226 0 $2306 0.017000000000000088 $2222 $2444 forward @7 unknown T 4.0974999999999993 -1.6126999999999998 0 4.0974999999999993 -1.6126999999999998 0.017000000000000088 #
face $2445 -1 -1 $-1 $2229 $2224 $59 $-1 $2446 forward single F F #
fbm_tag-tag-sys-attrib $-1 -1 $-1 $-1 $2226 2 1 2 1 1 1 3 1 1 1 1 1 1 1 0 1 1 1 origin_live $2226 @19 [vertex69#vertex69] #
point $-1 -1 -1 $-1 4.0974999999999993 -1.6126999999999998 0.017000000000000088 #
fbm_tag-tag-sys-attrib $-1 -1 $-1 $-1 $2228 2 1 2 1 1 1 3 1 1 1 1 1 1 1 0 1 1 1 origin_live $2228 @47 [edge:ThickenSheet(split_gap,vertex70)#edge210] #
straight-curve $-1 -1 -1 $-1 3.3752999999999997 -2.4297 0.017000000000000088 0 0 -1 F -10017.586675894363 F 10017.620675894363 #
fbm_tag-tag-sys-attrib $-1 -1 $-1 $-1 $2229 2 1 2 1 1 1 3 1 1 1 1 1 1 1 0 1 1 1 origin_live $2229 @69 [face:ThickenSheet(tweak,face:ThickenSheet(split_gap,edge70))#face69] #
plane-surface $-1 -1 -1 $-1 2.8951000000000002 -2.6878499999999996 0 -0.4735035932501489 0.88079188641766981 -0 -0 0 1 forward_v I I I I #
fbm_tag-tag-sys-attrib $-1 -1 $-1 $-1 $2237 2 1 2 1 1 1 3 1 1 1 1 1 1 1 0 1 1 1 origin_live $2237 @68 [face:ThickenSheet(tweak,face:ThickenSheet(split_gap,edge9))#face14] #
face $2447 -1 -1 $-1 $2448 $2449 $63 $-1 $2450 forward single F F #
loop $-1 -1 -1 $-1 $-1 $2369 $2237 T -1.1499999999999999 1.2 0 -1.1315 1.5095000000000001 0.017000000000000088 unknown #
plane-surface $-1 -1 -1 $-1 -1.1407499999999999 1.3547500000000001 0 -0.99821831762282331 0.059667330778746967 -0 -0 0 1 forward_v I I I I #
coedge $-1 -1 -1 $-1 $2451 $2240 $2452 $2453 reversed $180 $-1 #
coedge $-1 -1 -1 $-1 $2384 $2383 $2240 $2354 forward $2385 $-1 #
edge $2454 -1 -1 $-1 $2455 0 $2356 1.2144507112270964 $2240 $2456 forward @7 unknown T -1.1315 -1.4481999999999999 0 -0.70929999999999993 -0.3095 0 #
fbm_tag-tag-sys-attrib $-1 -1 $-1 $-1 $2242 2 1 2 1 1 1 3 1 1 1 1 1 1 1 0 1 1 1 origin_live $2242 @15 [edge13#edge13] #
vertex $2457 -1 -1 $-1 $2354 $2458 #
straight-curve $-1 -1 -1 $-1 -0.70929999999999993 -1.4481999999999999 0 0.73553538727757173 -0.6774863054427247 0 F 0 F 1.2144894935733288 #
fbm_tag-tag-sys-attrib $-1 -1 $-1 $-1 $2244 2 1 2 1 1 1 3 1 1 1 1 1 1 1 0 1 1 1 origin_live $2244 @50 [vertex:ThickenSheet(split_new,vertex14)#vertex26] #
point $-1 -1 -1 $-1 0.18400000000000005 -2.2709999999999999 0 #
coedge $-1 -1 -1 $-1 $2248 $2451 $2459 $2460 reversed $180 $-1 #
coedge $-1 -1 -1 $-1 $2372 $2371 $2248 $2362 forward $2238 $-1 #
edge $2461 -1 -1 $-1 $2364 3.8596557000088076e-17 $2462 1.2144507112270959 $2248 $2463 forward @7 unknown T -1.1315 1.5095000000000001 0 -0.70929999999999993 2.6481999999999997 0 #
fbm_tag-tag-sys-attrib $-1 -1 $-1 $-1 $2250 2 1 2 1 1 1 3 1 1 1 1 1 1 1 0 1 1 1 origin_live $2250 @13 [edge7#edge7] #
vertex $2464 -1 -1 $-1 $2250 $2465 #
straight-curve $-1 -1 -1 $-1 0.184 3.4710000000000001 0 -0.7355353872775714 -0.67748630544272481 0 F 4.083041611910706e-17 F 1.2144894935733288 #
fbm_tag-tag-sys-attrib $-1 -1 $-1 $-1 $2252 2 1 2 1 1 1 3 1 1 1 1 1 1 1 0 1 1 1 origin_live $2252 @49 [vertex:ThickenSheet(split_new,vertex7)#vertex27] #
point $-1 -1 -1 $-1 0.18399999999999994 3.4710000000000001 0 #
coedge $-1 -1 -1 $-1 $2269 $2256 $2466 $2467 forward $127 $-1 #
coedge $-1 -1 -1 $-1 $2468 $2469 $2256 $2370 reversed $2350 $-1 #
edge $2470 -1 -1 $-1 $2374 0 $2471 0.31005241492367069 $2256 $2472 forward @7 unknown T -1.1499999999999999 1.2 0.017000000000000088 -1.1315 1.5095000000000001 0.017000000000000088 #
coedge $-1 -1 -1 $-1 $2361 $2257 $2260 $2376 forward $2238 $-1 #
coedge $-1 -1 -1 $-1 $2257 $2361 $2468 $2473 reversed $2238 $-1 #
fbm_tag-tag-sys-attrib $-1 -1 $-1 $-1 $2258 2 1 2 1 1 1 3 1 1 1 1 1 1 1 0 1 1 1 origin_live $2258 @43 [edge:ThickenSheet(split_new,edge8)#edge57] #
vertex $2474 -1 -1 $-1 $2370 $2475 #
straight-curve $-1 -1 -1 $-1 -0.70929999999999993 2.6481999999999997 0.017000000000000088 -0.34764687944676154 -0.93762553677410521 0 I I #
edge $2476 -1 -1 $-1 $2262 0 $2364 0.017000000000000088 $2371 $2477 forward @7 unknown T -0.70930000000000004 2.6481999999999997 0 -0.70930000000000004 2.6481999999999997 0.017000000000000088 #
fbm_tag-tag-sys-attrib $-1 -1 $-1 $-1 $2262 2 1 2 1 1 1 3 1 1 1 1 1 1 1 0 1 1 1 origin_live $2262 @17 [vertex8#vertex8] #
point $-1 -1 -1 $-1 -0.70930000000000004 2.6481999999999997 0.017000000000000088 #
fbm_tag-tag-sys-attrib $-1 -1 $-1 $-1 $2264 2 1 2 1 1 1 3 1 1 1 1 1 1 1 0 1 1 1 origin_live $2264 @45 [edge:ThickenSheet(split_gap,vertex7)#edge54] #
straight-curve $-1 -1 -1 $-1 0.18399999999999994 3.4710000000000001 0.017000000000000088 0 0 -1 F -10008.212910667713 F 10008.246910667713 #
coedge $-1 -1 -1 $-1 $2478 $2479 $2269 $2382 reversed $2480 $-1 #
edge $2481 -1 -1 $-1 $2482 0 $2387 0.31005241492367058 $2269 $2483 forward @7 unknown T -1.1499999999999999 -0.3095 0.017000000000000088 -1.1315 0 0.017000000000000088 #
coedge $-1 -1 -1 $-1 $2353 $2270 $2479 $2484 forward $2385 $-1 #
coedge $-1 -1 -1 $-1 $2270 $2353 $2272 $2389 reversed $2385 $-1 #
loop $-1 -1 -1 $-1 $-1 $2270 $2485 T -1.1315 -1.4481999999999999 0 -0.70929999999999993 -0.3095 0.017000000000000088 unknown #
fbm_tag-tag-sys-attrib $-1 -1 $-1 $-1 $2271 2 1 2 1 1 1 3 1 1 1 1 1 1 1 0 1 1 1 origin_live $2271 @44 [edge:ThickenSheet(split_new,edge12)#edge26] #
vertex $2486 -1 -1 $-1 $2271 $2487 #
straight-curve $-1 -1 -1 $-1 -1.1315 -0.3095 0.017000000000000088 0.34764687944676143 -0.93762553677410521 0 I I #
edge $2488 -1 -1 $-1 $2276 0 $2356 0.017000000000000088 $2272 $2489 forward @7 unknown T -0.70929999999999993 -1.4481999999999999 0 -0.70929999999999993 -1.4481999999999999 0.017000000000000088 #
face $2490 -1 -1 $-1 $2279 $2274 $63 $-1 $2491 forward single F F #
fbm_tag-tag-sys-attrib $-1 -1 $-1 $-1 $2276 2 1 2 1 1 1 3 1 1 1 1 1 1 1 0 1 1 1 origin_live $2276 @19 [vertex13#vertex13] #
point $-1 -1 -1 $-1 -0.70929999999999993 -1.4481999999999999 0.017000000000000088 #
fbm_tag-tag-sys-attrib $-1 -1 $-1 $-1 $2278 2 1 2 1 1 1 3 1 1 1 1 1 1 1 0 1 1 1 origin_live $2278 @46 [edge:ThickenSheet(split_gap,vertex14)#edge32] #
straight-curve $-1 -1 -1 $-1 0.18400000000000005 -2.2709999999999999 0.017000000000000088 0 0 -1 F -10008.212910667713 F 10008.246910667713 #
fbm_tag-tag-sys-attrib $-1 -1 $-1 $-1 $2279 2 1 2 1 1 1 3 1 1 1 1 1 1 1 0 1 1 1 origin_live $2279 @68 [face:ThickenSheet(tweak,face:ThickenSheet(split_gap,edge14))#face6] #
plane-surface $-1 -1 -1 $-1 0.76879999999999993 -2.4346000000000001 0 -0.26941002464925073 -0.96302556488313951 0 0 -0 -1 forward_v I I I I #
fbm_tag-tag-sys-attrib $-1 -1 $-1 $-1 $2299 2 1 2 1 1 1 3 1 1 1 1 1 1 1 0 1 1 1 origin_live $2299 @69 [face:ThickenSheet(tweak,face:ThickenSheet(split_gap,edge10))#face10] #
face $2492 -1 -1 $-1 $2493 $2494 $59 $-1 $2495 forward single F F #
loop $-1 -1 -1 $-1 $-1 $2418 $2299 T 4.5199999999999996 1.2 0 4.5499999999999998 1.6302999999999999 0.017000000000000088 unknown #
plane-surface $-1 -1 -1 $-1 4.5350000000000001 1.4151499999999999 0 -0.99757846861138244 -0.06954997457202354 0 0 -0 1 forward_v I I I I #
coedge $-1 -1 -1 $-1 $2496 $2302 $2497 $2498 reversed $174 $-1 #
coedge $-1 -1 -1 $-1 $2434 $2433 $2302 $2403 forward $2435 $-1 #
edge $2499 -1 -1 $-1 $2500 0 $2405 0.15540736790770257 $2302 $2501 forward @7 unknown T 4.4920999999999998 -0.59609999999999996 0 4.5182000000000002 -0.44289999999999996 0 #
fbm_tag-tag-sys-attrib $-1 -1 $-1 $-1 $2304 2 1 2 1 1 1 3 1 1 1 1 1 1 1 0 1 1 1 origin_live $2304 @15 [edge68#edge68] #
vertex $2502 -1 -1 $-1 $2403 $2503 #
straight-curve $-1 -1 -1 $-1 4.4920999999999998 -0.59609999999999996 0 -0.36185320265219884 -0.93223508823168999 0 F 0 F 1.0904974644628938 #
fbm_tag-tag-sys-attrib $-1 -1 $-1 $-1 $2306 2 1 2 1 1 1 3 1 1 1 1 1 1 1 0 1 1 1 origin_live $2306 @51 [vertex:ThickenSheet(split_new,vertex69)#vertex105] #
point $-1 -1 -1 $-1 4.0974999999999993 -1.6126999999999998 0 #
coedge $-1 -1 -1 $-1 $2310 $2504 $2505 $2506 reversed $174 $-1 #
coedge $-1 -1 -1 $-1 $2421 $2420 $2310 $2411 forward $2300 $-1 #
edge $2507 -1 -1 $-1 $2413 0 $2508 0.16813105007701576 $2310 $2509 forward @7 unknown T 4.4920999999999998 1.6302999999999999 0 4.5199999999999996 1.7960999999999998 0 #
fbm_tag-tag-sys-attrib $-1 -1 $-1 $-1 $2312 2 1 2 1 1 1 3 1 1 1 1 1 1 1 0 1 1 1 origin_live $2312 @13 [edge8#edge8] #
vertex $2510 -1 -1 $-1 $2312 $2511 #
straight-curve $-1 -1 -1 $-1 4.0974999999999993 2.8127 0 0.36185320265219878 -0.93223508823168999 0 F 0 F 1.090497464462894 #
fbm_tag-tag-sys-attrib $-1 -1 $-1 $-1 $2314 2 1 2 1 1 1 3 1 1 1 1 1 1 1 0 1 1 1 origin_live $2314 @50 [vertex:ThickenSheet(split_new,vertex8)#vertex106] #
point $-1 -1 -1 $-1 4.0974999999999993 2.8127 0 #
coedge $-1 -1 -1 $-1 $2512 $2318 $2513 $2514 forward $122 $-1 #
coedge $-1 -1 -1 $-1 $2515 $2516 $2318 $2419 reversed $2399 $-1 #
edge $2517 -1 -1 $-1 $2423 0 $2518 0.43134451428063847 $2318 $2519 forward @7 unknown T 4.5199999999999996 1.2 0.017000000000000088 4.5499999999999998 1.6302999999999999 0.017000000000000088 #
coedge $-1 -1 -1 $-1 $2410 $2319 $2322 $2425 forward $2300 $-1 #
coedge $-1 -1 -1 $-1 $2319 $2410 $2515 $2520 reversed $2300 $-1 #
fbm_tag-tag-sys-attrib $-1 -1 $-1 $-1 $2320 2 1 2 1 1 1 3 1 1 1 1 1 1 1 0 1 1 1 origin_live $2320 @44 [edge:ThickenSheet(split_new,edge9)#edge226] #
vertex $2521 -1 -1 $-1 $2419 $2522 #
straight-curve $-1 -1 -1 $-1 4.4920999999999998 1.7960999999999998 0.017000000000000088 0.16594198387043721 -0.98613551705084812 0 I I #
edge $2523 -1 -1 $-1 $2324 0 $2413 0.017000000000000088 $2420 $2524 forward @7 unknown T 4.4920999999999998 1.7960999999999998 0 4.4920999999999998 1.7960999999999998 0.017000000000000088 #
fbm_tag-tag-sys-attrib $-1 -1 $-1 $-1 $2324 2 1 2 1 1 1 3 1 1 1 1 1 1 1 0 1 1 1 origin_live $2324 @17 [vertex9#vertex9] #
point $-1 -1 -1 $-1 4.4920999999999998 1.7960999999999998 0.017000000000000088 #
fbm_tag-tag-sys-attrib $-1 -1 $-1 $-1 $2326 2 1 2 1 1 1 3 1 1 1 1 1 1 1 0 1 1 1 origin_live $2326 @46 [edge:ThickenSheet(split_gap,vertex8)#edge224] #
straight-curve $-1 -1 -1 $-1 4.0974999999999993 2.8127 0.017000000000000088 0 0 -1 F -10017.586675894363 F 10017.620675894363 #
coedge $-1 -1 -1 $-1 $2331 $2525 $2526 $2527 forward $122 $-1 #
coedge $-1 -1 -1 $-1 $2528 $2529 $2331 $2432 reversed $2530 $-1 #
edge $2531 -1 -1 $-1 $2532 0 $2437 0.44404014458154567 $2331 $2533 forward @7 unknown T 4.5182000000000002 -0.44290000000000002 0.017000000000000088 4.5499999999999998 0 0.017000000000000088 #
coedge $-1 -1 -1 $-1 $2402 $2332 $2529 $2534 forward $2435 $-1 #
coedge $-1 -1 -1 $-1 $2332 $2402 $2334 $2439 reversed $2435 $-1 #
loop $-1 -1 -1 $-1 $-1 $2332 $2535 T 4.4920999999999998 -0.59609999999999996 0 4.5182000000000002 -0.44289999999999996 0.017000000000000088 unknown #
fbm_tag-tag-sys-attrib $-1 -1 $-1 $-1 $2333 2 1 2 1 1 1 3 1 1 1 1 1 1 1 0 1 1 1 origin_live $2333 @45 [edge:ThickenSheet(split_new,edge67)#edge204] #
vertex $2536 -1 -1 $-1 $2333 $2537 #
straight-curve $-1 -1 -1 $-1 4.5182000000000002 -0.44289999999999996 0.017000000000000088 -0.16794570522229946 -0.98579624674543398 0 I I #
edge $2538 -1 -1 $-1 $2338 0 $2405 0.017000000000000088 $2334 $2539 forward @7 unknown T 4.4920999999999998 -0.59609999999999996 0 4.4920999999999998 -0.59609999999999996 0.017000000000000088 #
face $2540 -1 -1 $-1 $2341 $2336 $59 $-1 $2541 forward single F F #
fbm_tag-tag-sys-attrib $-1 -1 $-1 $-1 $2338 2 1 2 1 1 1 3 1 1 1 1 1 1 1 0 1 1 1 origin_live $2338 @19 [vertex68#vertex68] #
point $-1 -1 -1 $-1 4.4920999999999998 -0.59609999999999996 0.017000000000000088 #
fbm_tag-tag-sys-attrib $-1 -1 $-1 $-1 $2340 2 1 2 1 1 1 3 1 1 1 1 1 1 1 0 1 1 1 origin_live $2340 @47 [edge:ThickenSheet(split_gap,vertex69)#edge207] #
straight-curve $-1 -1 -1 $-1 4.0974999999999993 -1.6126999999999998 0.017000000000000088 0 0 -1 F -10017.586675894363 F 10017.620675894363 #
fbm_tag-tag-sys-attrib $-1 -1 $-1 $-1 $2341 2 1 2 1 1 1 3 1 1 1 1 1 1 1 0 1 1 1 origin_live $2341 @69 [face:ThickenSheet(tweak,face:ThickenSheet(split_gap,edge69))#face68] #
plane-surface $-1 -1 -1 $-1 3.7363999999999997 -2.0211999999999999 0 -0.74923806861758957 0.66230077497628237 -0 -0 0 1 forward_v I I I I #
fbm_tag-tag-sys-attrib $-1 -1 $-1 $-1 $2349 2 1 2 1 1 1 3 1 1 1 1 1 1 1 0 1 1 1 origin_live $2349 @68 [face:ThickenSheet(tweak,face:ThickenSheet(split_gap,edge10))#face2] #
face $2542 -1 -1 $-1 $2485 $2480 $63 $-1 $2543 forward single F F #
loop $-1 -1 -1 $-1 $-1 $2466 $2349 T -1.1499999999999999 0 0 -1.1499999999999999 1.2 0.017000000000000088 unknown #
plane-surface $-1 -1 -1 $-1 -1.1499999999999999 0.59999999999999998 0 -1 -0 0 0 -0 1 forward_v I I I I #
coedge $-1 -1 -1 $-1 $2360 $2352 $2544 $2545 reversed $180 $-1 #
coedge $-1 -1 -1 $-1 $2479 $2478 $2352 $2453 forward $2480 $-1 #
edge $2546 -1 -1 $-1 $2547 0 $2455 0.31005241492367058 $2352 $2548 forward @7 unknown T -1.1499999999999999 -0.3095 0 -1.1315 0 0 #
fbm_tag-tag-sys-attrib $-1 -1 $-1 $-1 $2354 2 1 2 1 1 1 3 1 1 1 1 1 1 1 0 1 1 1 origin_live $2354 @15 [edge12#edge12] #
vertex $2549 -1 -1 $-1 $2453 $2550 #
straight-curve $-1 -1 -1 $-1 -1.1315 -0.3095 0 0.34764687944676143 -0.93762553677410521 0 F 0 F 1.2144507112270964 #
fbm_tag-tag-sys-attrib $-1 -1 $-1 $-1 $2356 2 1 2 1 1 1 3 1 1 1 1 1 1 1 0 1 1 1 origin_live $2356 @50 [vertex:ThickenSheet(split_new,vertex13)#vertex24] #
point $-1 -1 -1 $-1 -0.70929999999999993 -1.4481999999999999 0 #
coedge $-1 -1 -1 $-1 $2469 $2468 $2360 $2460 forward $2350 $-1 #
edge $2551 -1 -1 $-1 $2462 0 $2552 0.31005241492367069 $2360 $2553 forward @7 unknown T -1.1499999999999999 1.2 0 -1.1315 1.5095000000000001 0 #
fbm_tag-tag-sys-attrib $-1 -1 $-1 $-1 $2362 2 1 2 1 1 1 3 1 1 1 1 1 1 1 0 1 1 1 origin_live $2362 @13 [edge8#edge8] #
vertex $2554 -1 -1 $-1 $2362 $2555 #
straight-curve $-1 -1 -1 $-1 -0.70929999999999993 2.6481999999999997 0 -0.34764687944676154 -0.93762553677410521 0 F 3.8596557000088076e-17 F 1.2144507112270959 #
fbm_tag-tag-sys-attrib $-1 -1 $-1 $-1 $2364 2 1 2 1 1 1 3 1 1 1 1 1 1 1 0 1 1 1 origin_live $2364 @49 [vertex:ThickenSheet(split_new,vertex8)#vertex25] #
point $-1 -1 -1 $-1 -0.70930000000000004 2.6481999999999997 0 #
coedge $-1 -1 -1 $-1 $2556 $2557 $2368 $2467 reversed $2449 $-1 #
edge $2558 -1 -1 $-1 $2471 0 $2482 1.2 $2368 $2559 forward @7 unknown T -1.1499999999999999 0 0.017000000000000088 -1.1499999999999999 1.2 0.017000000000000088 #
coedge $-1 -1 -1 $-1 $2459 $2369 $2372 $2473 forward $2350 $-1 #
coedge $-1 -1 -1 $-1 $2369 $2459 $2556 $2560 reversed $2350 $-1 #
fbm_tag-tag-sys-attrib $-1 -1 $-1 $-1 $2370 2 1 2 1 1 1 3 1 1 1 1 1 1 1 0 1 1 1 origin_live $2370 @43 [edge:ThickenSheet(split_new,edge9)#edge58] #
vertex $2561 -1 -1 $-1 $2467 $2562 #
straight-curve $-1 -1 -1 $-1 -1.1315 1.5095000000000001 0.017000000000000088 -0.059667330778746967 -0.99821831762282331 0 I I #
edge $2563 -1 -1 $-1 $2374 0 $2462 0.017000000000000088 $2468 $2564 forward @7 unknown T -1.1315 1.5095000000000001 0 -1.1315 1.5095000000000001 0.017000000000000088 #
fbm_tag-tag-sys-attrib $-1 -1 $-1 $-1 $2374 2 1 2 1 1 1 3 1 1 1 1 1 1 1 0 1 1 1 origin_live $2374 @17 [vertex9#vertex9] #
point $-1 -1 -1 $-1 -1.1315 1.5095000000000001 0.017000000000000088 #
fbm_tag-tag-sys-attrib $-1 -1 $-1 $-1 $2376 2 1 2 1 1 1 3 1 1 1 1 1 1 1 0 1 1 1 origin_live $2376 @45 [edge:ThickenSheet(split_gap,vertex8)#edge56] #
straight-curve $-1 -1 -1 $-1 -0.70930000000000004 2.6481999999999997 0.017000000000000088 0 0 -1 F -10008.212910667713 F 10008.246910667713 #
coedge $-1 -1 -1 $-1 $2452 $2381 $2557 $2565 forward $2480 $-1 #
coedge $-1 -1 -1 $-1 $2381 $2452 $2383 $2484 reversed $2480 $-1 #
loop $-1 -1 -1 $-1 $-1 $2381 $2448 T -1.1499999999999999 -0.3095 0 -1.1315 0 0.017000000000000088 unknown #
fbm_tag-tag-sys-attrib $-1 -1 $-1 $-1 $2382 2 1 2 1 1 1 3 1 1 1 1 1 1 1 0 1 1 1 origin_live $2382 @44 [edge:ThickenSheet(split_new,edge11)#edge23] #
vertex $2566 -1 -1 $-1 $2382 $2567 #
straight-curve $-1 -1 -1 $-1 -1.1499999999999999 0 0.017000000000000088 0.059667330778746988 -0.99821831762282331 0 I I #
edge $2568 -1 -1 $-1 $2387 0 $2455 0.017000000000000088 $2383 $2569 forward @7 unknown T -1.1315 -0.3095 0 -1.1315 -0.3095 0.017000000000000088 #
face $2570 -1 -1 $-1 $2390 $2385 $63 $-1 $2571 forward single F F #
fbm_tag-tag-sys-attrib $-1 -1 $-1 $-1 $2387 2 1 2 1 1 1 3 1 1 1 1 1 1 1 0 1 1 1 origin_live $2387 @19 [vertex12#vertex12] #
point $-1 -1 -1 $-1 -1.1315 -0.3095 0.017000000000000088 #
fbm_tag-tag-sys-attrib $-1 -1 $-1 $-1 $2389 2 1 2 1 1 1 3 1 1 1 1 1 1 1 0 1 1 1 origin_live $2389 @46 [edge:ThickenSheet(split_gap,vertex13)#edge29] #
straight-curve $-1 -1 -1 $-1 -0.70929999999999993 -1.4481999999999999 0.017000000000000088 0 0 -1 F -10008.212910667713 F 10008.246910667713 #
fbm_tag-tag-sys-attrib $-1 -1 $-1 $-1 $2390 2 1 2 1 1 1 3 1 1 1 1 1 1 1 0 1 1 1 origin_live $2390 @68 [face:ThickenSheet(tweak,face:ThickenSheet(split_gap,edge13))#face5] #
plane-surface $-1 -1 -1 $-1 -0.26264999999999977 -1.8596000000000001 0 -0.6774863054427247 -0.73553538727757173 0 0 -0 1 forward_v I I I I #
fbm_tag-tag-sys-attrib $-1 -1 $-1 $-1 $2398 2 1 2 1 1 1 3 1 1 1 1 1 1 1 0 1 1 1 origin_live $2398 @69 [face:ThickenSheet(tweak,face:ThickenSheet(split_gap,edge11))#face15] #
face $2572 -1 -1 $-1 $2573 $2574 $59 $-1 $2575 forward single F F #
loop $-1 -1 -1 $-1 $-1 $2513 $2398 T 4.3499999999999996 1.2 0 4.5499999999999998 1.2 0.017000000000000088 unknown #
plane-surface $-1 -1 -1 $-1 4.4499999999999993 1.2 0 -0 1 -0 -0 0 1 forward_v I I I I #
coedge $-1 -1 -1 $-1 $2576 $2401 $2577 $2578 reversed $174 $-1 #
coedge $-1 -1 -1 $-1 $2529 $2528 $2401 $2498 forward $2530 $-1 #
edge $2579 -1 -1 $-1 $2580 0 $2500 0.44404014458154567 $2401 $2581 forward @7 unknown T 4.5182000000000002 -0.44290000000000002 0 4.5499999999999998 0 0 #
fbm_tag-tag-sys-attrib $-1 -1 $-1 $-1 $2403 2 1 2 1 1 1 3 1 1 1 1 1 1 1 0 1 1 1 origin_live $2403 @15 [edge67#edge67] #
vertex $2582 -1 -1 $-1 $2498 $2583 #
straight-curve $-1 -1 -1 $-1 4.5182000000000002 -0.44289999999999996 0 -0.16794570522229946 -0.98579624674543398 0 F 0 F 0.15540736790770257 #
fbm_tag-tag-sys-attrib $-1 -1 $-1 $-1 $2405 2 1 2 1 1 1 3 1 1 1 1 1 1 1 0 1 1 1 origin_live $2405 @51 [vertex:ThickenSheet(split_new,vertex68)#vertex111] #
point $-1 -1 -1 $-1 4.4920999999999998 -0.59609999999999996 0 #
coedge $-1 -1 -1 $-1 $2409 $2584 $2585 $2586 reversed $174 $-1 #
coedge $-1 -1 -1 $-1 $2516 $2515 $2409 $2506 forward $2399 $-1 #
edge $2587 -1 -1 $-1 $2508 0 $2588 0.43134451428063847 $2409 $2589 forward @7 unknown T 4.5199999999999996 1.2 0 4.5499999999999998 1.6302999999999999 0 #
fbm_tag-tag-sys-attrib $-1 -1 $-1 $-1 $2411 2 1 2 1 1 1 3 1 1 1 1 1 1 1 0 1 1 1 origin_live $2411 @13 [edge9#edge9] #
vertex $2590 -1 -1 $-1 $2411 $2591 #
straight-curve $-1 -1 -1 $-1 4.4920999999999998 1.7960999999999998 0 0.16594198387043721 -0.98613551705084812 0 F 0 F 0.16813105007701576 #
fbm_tag-tag-sys-attrib $-1 -1 $-1 $-1 $2413 2 1 2 1 1 1 3 1 1 1 1 1 1 1 0 1 1 1 origin_live $2413 @50 [vertex:ThickenSheet(split_new,vertex9)#vertex112] #
point $-1 -1 -1 $-1 4.4920999999999998 1.7960999999999998 0 #
coedge $-1 -1 -1 $-1 $2592 $2417 $2593 $2594 forward $122 $-1 #
coedge $-1 -1 -1 $-1 $2595 $2596 $2417 $2514 reversed $2494 $-1 #
edge $2597 -1 -1 $-1 $2518 0 $2598 0.20000000000000018 $2417 $2599 forward @7 unknown T 4.3499999999999996 1.2 0.017000000000000088 4.5499999999999998 1.2 0.017000000000000088 #
coedge $-1 -1 -1 $-1 $2505 $2418 $2421 $2520 forward $2399 $-1 #
coedge $-1 -1 -1 $-1 $2418 $2505 $2595 $2600 reversed $2399 $-1 #
fbm_tag-tag-sys-attrib $-1 -1 $-1 $-1 $2419 2 1 2 1 1 1 3 1 1 1 1 1 1 1 0 1 1 1 origin_live $2419 @44 [edge:ThickenSheet(split_new,edge10)#edge77] #
vertex $2601 -1 -1 $-1 $2514 $2602 #
straight-curve $-1 -1 -1 $-1 4.5199999999999996 1.6302999999999999 0.017000000000000088 0.06954997457202354 -0.99757846861138244 0 I I #
edge $2603 -1 -1 $-1 $2423 0 $2508 0.017000000000000088 $2515 $2604 forward @7 unknown T 4.5199999999999996 1.6302999999999999 0 4.5199999999999996 1.6302999999999999 0.017000000000000088 #
fbm_tag-tag-sys-attrib $-1 -1 $-1 $-1 $2423 2 1 2 1 1 1 3 1 1 1 1 1 1 1 0 1 1 1 origin_live $2423 @19 [vertex10#vertex10] #
point $-1 -1 -1 $-1 4.5199999999999996 1.6302999999999999 0.017000000000000088 #
fbm_tag-tag-sys-attrib $-1 -1 $-1 $-1 $2425 2 1 2 1 1 1 3 1 1 1 1 1 1 1 0 1 1 1 origin_live $2425 @46 [edge:ThickenSheet(split_gap,vertex9)#edge227] #
straight-curve $-1 -1 -1 $-1 4.4920999999999998 1.7960999999999998 0.017000000000000088 0 0 -1 F -10017.586675894363 F 10017.620675894363 #
coedge $-1 -1 -1 $-1 $2430 $2605 $2606 $2607 forward $122 $-1 #
coedge $-1 -1 -1 $-1 $2608 $2609 $2430 $2527 reversed $2610 $-1 #
edge $2611 -1 -1 $-1 $2612 0 $2532 0.20000000000000018 $2430 $2613 forward @7 unknown T 4.3499999999999996 0 0.017000000000000088 4.5499999999999998 0 0.017000000000000088 #
coedge $-1 -1 -1 $-1 $2497 $2431 $2609 $2614 forward $2530 $-1 #
coedge $-1 -1 -1 $-1 $2431 $2497 $2433 $2534 reversed $2530 $-1 #
loop $-1 -1 -1 $-1 $-1 $2431 $2615 T 4.5182000000000002 -0.44290000000000002 0 4.5499999999999998 0 0.017000000000000088 unknown #
fbm_tag-tag-sys-attrib $-1 -1 $-1 $-1 $2432 2 1 2 1 1 1 3 1 1 1 1 1 1 1 0 1 1 1 origin_live $2432 @45 [edge:ThickenSheet(split_new,edge66)#edge201] #
vertex $2616 -1 -1 $-1 $2432 $2617 #
straight-curve $-1 -1 -1 $-1 4.5499999999999998 0 0.017000000000000088 -0.071615146486287362 -0.99743233895525352 0 I I #
edge $2618 -1 -1 $-1 $2437 0 $2500 0.017000000000000088 $2433 $2619 forward @7 unknown T 4.5182000000000002 -0.44289999999999996 0 4.5182000000000002 -0.44289999999999996 0.017000000000000088 #
face $2620 -1 -1 $-1 $2440 $2435 $59 $-1 $2621 forward single F F #
fbm_tag-tag-sys-attrib $-1 -1 $-1 $-1 $2437 2 1 2 1 1 1 3 1 1 1 1 1 1 1 0 1 1 1 origin_live $2437 @19 [vertex67#vertex67] #
point $-1 -1 -1 $-1 4.5182000000000002 -0.44289999999999996 0.017000000000000088 #
fbm_tag-tag-sys-attrib $-1 -1 $-1 $-1 $2439 2 1 2 1 1 1 3 1 1 1 1 1 1 1 0 1 1 1 origin_live $2439 @47 [edge:ThickenSheet(split_gap,vertex68)#edge205] #
straight-curve $-1 -1 -1 $-1 4.4920999999999998 -0.59609999999999996 0.017000000000000088 0 0 -1 F -10017.586675894363 F 10017.620675894363 #
fbm_tag-tag-sys-attrib $-1 -1 $-1 $-1 $2440 2 1 2 1 1 1 3 1 1 1 1 1 1 1 0 1 1 1 origin_live $2440 @69 [face:ThickenSheet(tweak,face:ThickenSheet(split_gap,edge68))#face67] #
plane-surface $-1 -1 -1 $-1 4.2947999999999995 -1.1044 0 -0.93223508823168999 0.36185320265219884 -0 -0 0 1 forward_v I I I I #
fbm_tag-tag-sys-attrib $-1 -1 $-1 $-1 $2448 2 1 2 1 1 1 3 1 1 1 1 1 1 1 0 1 1 1 origin_live $2448 @68 [face:ThickenSheet(tweak,face:ThickenSheet(split_gap,edge11))#face3] #
plane-surface $-1 -1 -1 $-1 -1.1407499999999999 -0.15475 0 -0.99821831762282331 -0.059667330778746988 0 0 -0 1 forward_v I I I I #
coedge $-1 -1 -1 $-1 $2557 $2556 $2451 $2545 forward $2449 $-1 #
edge $2622 -1 -1 $-1 $2552 0 $2547 1.2 $2451 $2623 forward @7 unknown T -1.1499999999999999 0 0 -1.1499999999999999 1.2 0 #
fbm_tag-tag-sys-attrib $-1 -1 $-1 $-1 $2453 2 1 2 1 1 1 3 1 1 1 1 1 1 1 0 1 1 1 origin_live $2453 @15 [edge11#edge11] #
vertex $2624 -1 -1 $-1 $2545 $2625 #
straight-curve $-1 -1 -1 $-1 -1.1499999999999999 0 0 0.059667330778746988 -0.99821831762282331 0 F 0 F 0.31005241492367058 #
fbm_tag-tag-sys-attrib $-1 -1 $-1 $-1 $2455 2 1 2 1 1 1 3 1 1 1 1 1 1 1 0 1 1 1 origin_live $2455 @50 [vertex:ThickenSheet(split_new,vertex12)#vertex22] #
point $-1 -1 -1 $-1 -1.1315 -0.3095 0 #
fbm_tag-tag-sys-attrib $-1 -1 $-1 $-1 $2460 2 1 2 1 1 1 3 1 1 1 1 1 1 1 0 1 1 1 origin_live $2460 @13 [edge9#edge9] #
vertex $2626 -1 -1 $-1 $2460 $2627 #
straight-curve $-1 -1 -1 $-1 -1.1315 1.5095000000000001 0 -0.059667330778746967 -0.99821831762282331 0 F 0 F 0.31005241492367069 #
fbm_tag-tag-sys-attrib $-1 -1 $-1 $-1 $2462 2 1 2 1 1 1 3 1 1 1 1 1 1 1 0 1 1 1 origin_live $2462 @49 [vertex:ThickenSheet(split_new,vertex9)#vertex23] #
point $-1 -1 -1 $-1 -1.1315 1.5095000000000001 0 #
coedge $-1 -1 -1 $-1 $2544 $2466 $2469 $2560 forward $2449 $-1 #
coedge $-1 -1 -1 $-1 $2466 $2544 $2478 $2565 reversed $2449 $-1 #
fbm_tag-tag-sys-attrib $-1 -1 $-1 $-1 $2467 2 1 2 1 1 1 3 1 1 1 1 1 1 1 0 1 1 1 origin_live $2467 @44 [edge:ThickenSheet(split_new,edge10)#edge21] #
straight-curve $-1 -1 -1 $-1 -1.1499999999999999 1.2 0.017000000000000088 0 -1 0 I I #
edge $2628 -1 -1 $-1 $2471 0 $2552 0.017000000000000088 $2556 $2629 forward @7 unknown T -1.1499999999999999 1.2 0 -1.1499999999999999 1.2 0.017000000000000088 #
fbm_tag-tag-sys-attrib $-1 -1 $-1 $-1 $2471 2 1 2 1 1 1 3 1 1 1 1 1 1 1 0 1 1 1 origin_live $2471 @19 [vertex10#vertex10] #
point $-1 -1 -1 $-1 -1.1499999999999999 1.2 0.017000000000000088 #
fbm_tag-tag-sys-attrib $-1 -1 $-1 $-1 $2473 2 1 2 1 1 1 3 1 1 1 1 1 1 1 0 1 1 1 origin_live $2473 @45 [edge:ThickenSheet(split_gap,vertex9)#edge59] #
straight-curve $-1 -1 -1 $-1 -1.1315 1.5095000000000001 0.017000000000000088 0 0 -1 F -10008.212910667713 F 10008.246910667713 #
edge $2630 -1 -1 $-1 $2482 0 $2547 0.017000000000000088 $2478 $2631 forward @7 unknown T -1.1499999999999999 0 0 -1.1499999999999999 0 0.017000000000000088 #
fbm_tag-tag-sys-attrib $-1 -1 $-1 $-1 $2482 2 1 2 1 1 1 3 1 1 1 1 1 1 1 0 1 1 1 origin_live $2482 @19 [vertex11#vertex11] #
point $-1 -1 -1 $-1 -1.1499999999999999 0 0.017000000000000088 #
fbm_tag-tag-sys-attrib $-1 -1 $-1 $-1 $2484 2 1 2 1 1 1 3 1 1 1 1 1 1 1 0 1 1 1 origin_live $2484 @46 [edge:ThickenSheet(split_gap,vertex12)#edge27] #
straight-curve $-1 -1 -1 $-1 -1.1315 -0.3095 0.017000000000000088 0 0 -1 F -10008.212910667713 F 10008.246910667713 #
fbm_tag-tag-sys-attrib $-1 -1 $-1 $-1 $2485 2 1 2 1 1 1 3 1 1 1 1 1 1 1 0 1 1 1 origin_live $2485 @68 [face:ThickenSheet(tweak,face:ThickenSheet(split_gap,edge12))#face4] #
plane-surface $-1 -1 -1 $-1 -0.92039999999999988 -0.87885000000000002 0 -0.93762553677410521 -0.34764687944676143 0 0 -0 1 forward_v I I I I #
fbm_tag-tag-sys-attrib $-1 -1 $-1 $-1 $2493 2 1 2 1 1 1 3 1 1 1 1 1 1 1 0 1 1 1 origin_live $2493 @69 [face:ThickenSheet(tweak,face:ThickenSheet(split_gap,edge12))#face21] #
face $2632 -1 -1 $-1 $2633 $2634 $59 $-1 $2635 forward single F F #
loop $-1 -1 -1 $-1 $-1 $2593 $2493 T 4.3499999999999996 0.80000000000000004 0 4.3499999999999996 1.2 0.017000000000000088 unknown #
plane-surface $-1 -1 -1 $-1 4.3499999999999996 1 0 -1 -0 0 0 -0 1 forward_v I I I I #
coedge $-1 -1 -1 $-1 $2636 $2496 $2637 $2638 reversed $174 $-1 #
coedge $-1 -1 -1 $-1 $2609 $2608 $2496 $2578 forward $2610 $-1 #
edge $2639 -1 -1 $-1 $2640 0 $2580 0.20000000000000018 $2496 $2641 forward @7 unknown T 4.3499999999999996 0 0 4.5499999999999998 0 0 #
fbm_tag-tag-sys-attrib $-1 -1 $-1 $-1 $2498 2 1 2 1 1 1 3 1 1 1 1 1 1 1 0 1 1 1 origin_live $2498 @15 [edge66#edge66] #
vertex $2642 -1 -1 $-1 $2578 $2643 #
straight-curve $-1 -1 -1 $-1 4.5499999999999998 0 0 -0.071615146486287362 -0.99743233895525352 0 F 0 F 0.44404014458154567 #
fbm_tag-tag-sys-attrib $-1 -1 $-1 $-1 $2500 2 1 2 1 1 1 3 1 1 1 1 1 1 1 0 1 1 1 origin_live $2500 @51 [vertex:ThickenSheet(split_new,vertex67)#vertex113] #
point $-1 -1 -1 $-1 4.5182000000000002 -0.44289999999999996 0 #
coedge $-1 -1 -1 $-1 $2504 $2644 $2645 $2646 reversed $174 $-1 #
coedge $-1 -1 -1 $-1 $2596 $2595 $2504 $2586 forward $2494 $-1 #
edge $2647 -1 -1 $-1 $2588 0 $2648 0.20000000000000018 $2504 $2649 forward @7 unknown T 4.3499999999999996 1.2 0 4.5499999999999998 1.2 0 #
fbm_tag-tag-sys-attrib $-1 -1 $-1 $-1 $2506 2 1 2 1 1 1 3 1 1 1 1 1 1 1 0 1 1 1 origin_live $2506 @15 [edge10#edge10] #
vertex $2650 -1 -1 $-1 $2506 $2651 #
straight-curve $-1 -1 -1 $-1 4.5199999999999996 1.6302999999999999 0 0.06954997457202354 -0.99757846861138244 0 F 0 F 0.43134451428063847 #
fbm_tag-tag-sys-attrib $-1 -1 $-1 $-1 $2508 2 1 2 1 1 1 3 1 1 1 1 1 1 1 0 1 1 1 origin_live $2508 @51 [vertex:ThickenSheet(split_new,vertex10)#vertex114] #
point $-1 -1 -1 $-1 4.5199999999999996 1.6302999999999999 0 #
coedge $-1 -1 -1 $-1 $2652 $2512 $2653 $2654 forward $122 $-1 #
coedge $-1 -1 -1 $-1 $2655 $2656 $2512 $2594 reversed $2574 $-1 #
edge $2657 -1 -1 $-1 $2598 0 $2658 0.39999999999999991 $2512 $2659 forward @7 unknown T 4.3499999999999996 0.80000000000000004 0.017000000000000088 4.3499999999999996 1.2 0.017000000000000088 #
coedge $-1 -1 -1 $-1 $2585 $2513 $2516 $2600 forward $2494 $-1 #
coedge $-1 -1 -1 $-1 $2513 $2585 $2655 $2660 reversed $2494 $-1 #
fbm_tag-tag-sys-attrib $-1 -1 $-1 $-1 $2514 2 1 2 1 1 1 3 1 1 1 1 1 1 1 0 1 1 1 origin_live $2514 @44 [edge:ThickenSheet(split_new,edge11)#edge80] #
vertex $2661 -1 -1 $-1 $2594 $2662 #
straight-curve $-1 -1 -1 $-1 4.5499999999999998 1.2 0.017000000000000088 -1 0 0 I I #
edge $2663 -1 -1 $-1 $2518 0 $2588 0.017000000000000088 $2595 $2664 forward @7 unknown T 4.5499999999999998 1.2 0 4.5499999999999998 1.2 0.017000000000000088 #
fbm_tag-tag-sys-attrib $-1 -1 $-1 $-1 $2518 2 1 2 1 1 1 3 1 1 1 1 1 1 1 0 1 1 1 origin_live $2518 @19 [vertex11#vertex11] #
point $-1 -1 -1 $-1 4.5499999999999998 1.2 0.017000000000000088 #
fbm_tag-tag-sys-attrib $-1 -1 $-1 $-1 $2520 2 1 2 1 1 1 3 1 1 1 1 1 1 1 0 1 1 1 origin_live $2520 @46 [edge:ThickenSheet(split_gap,vertex10)#edge78] #
straight-curve $-1 -1 -1 $-1 4.5199999999999996 1.6302999999999999 0.017000000000000088 0 0 -1 F -10017.586675894363 F 10017.620675894363 #
coedge $-1 -1 -1 $-1 $2525 $2665 $2666 $2667 forward $122 $-1 #
coedge $-1 -1 -1 $-1 $2668 $2669 $2525 $2607 reversed $2670 $-1 #
edge $2671 -1 -1 $-1 $2672 0 $2612 0.40000000000000002 $2525 $2673 forward @7 unknown T 4.3499999999999996 0 0.017000000000000088 4.3499999999999996 0.40000000000000002 0.017000000000000088 #
coedge $-1 -1 -1 $-1 $2577 $2526 $2669 $2674 forward $2610 $-1 #
coedge $-1 -1 -1 $-1 $2526 $2577 $2528 $2614 reversed $2610 $-1 #
loop $-1 -1 -1 $-1 $-1 $2526 $2675 T 4.3499999999999996 0 0 4.5499999999999998 0 0.017000000000000088 unknown #
fbm_tag-tag-sys-attrib $-1 -1 $-1 $-1 $2527 2 1 2 1 1 1 3 1 1 1 1 1 1 1 0 1 1 1 origin_live $2527 @45 [edge:ThickenSheet(split_new,edge65)#edge199] #
vertex $2676 -1 -1 $-1 $2527 $2677 #
straight-curve $-1 -1 -1 $-1 4.3499999999999996 0 0.017000000000000088 1 0 0 I I #
edge $2678 -1 -1 $-1 $2532 0 $2580 0.017000000000000088 $2528 $2679 forward @7 unknown T 4.5499999999999998 0 0 4.5499999999999998 0 0.017000000000000088 #
face $2680 -1 -1 $-1 $2535 $2530 $59 $-1 $2681 forward single F F #
fbm_tag-tag-sys-attrib $-1 -1 $-1 $-1 $2532 2 1 2 1 1 1 3 1 1 1 1 1 1 1 0 1 1 1 origin_live $2532 @19 [vertex66#vertex66] #
point $-1 -1 -1 $-1 4.5499999999999998 0 0.017000000000000088 #
fbm_tag-tag-sys-attrib $-1 -1 $-1 $-1 $2534 2 1 2 1 1 1 3 1 1 1 1 1 1 1 0 1 1 1 origin_live $2534 @47 [edge:ThickenSheet(split_gap,vertex67)#edge203] #
straight-curve $-1 -1 -1 $-1 4.5182000000000002 -0.44289999999999996 0.017000000000000088 0 0 -1 F -10017.586675894363 F 10017.620675894363 #
fbm_tag-tag-sys-attrib $-1 -1 $-1 $-1 $2535 2 1 2 1 1 1 3 1 1 1 1 1 1 1 0 1 1 1 origin_live $2535 @69 [face:ThickenSheet(tweak,face:ThickenSheet(split_gap,edge67))#face66] #
plane-surface $-1 -1 -1 $-1 4.5051500000000004 -0.51949999999999996 0 -0.98579624674543398 0.16794570522229946 -0 -0 0 1 forward_v I I I I #
fbm_tag-tag-sys-attrib $-1 -1 $-1 $-1 $2545 2 1 2 1 1 1 3 1 1 1 1 1 1 1 0 1 1 1 origin_live $2545 @15 [edge10#edge10] #
straight-curve $-1 -1 -1 $-1 -1.1499999999999999 1.2 0 0 -1 0 F 0 F 1.2 #
fbm_tag-tag-sys-attrib $-1 -1 $-1 $-1 $2547 2 1 2 1 1 1 3 1 1 1 1 1 1 1 0 1 1 1 origin_live $2547 @50 [vertex:ThickenSheet(split_new,vertex11)#vertex20] #
point $-1 -1 -1 $-1 -1.1499999999999999 0 0 #
fbm_tag-tag-sys-attrib $-1 -1 $-1 $-1 $2552 2 1 2 1 1 1 3 1 1 1 1 1 1 1 0 1 1 1 origin_live $2552 @50 [vertex:ThickenSheet(split_new,vertex10)#vertex21] #
point $-1 -1 -1 $-1 -1.1499999999999999 1.2 0 #
fbm_tag-tag-sys-attrib $-1 -1 $-1 $-1 $2560 2 1 2 1 1 1 3 1 1 1 1 1 1 1 0 1 1 1 origin_live $2560 @46 [edge:ThickenSheet(split_gap,vertex10)#edge22] #
straight-curve $-1 -1 -1 $-1 -1.1499999999999999 1.2 0.017000000000000088 0 0 -1 F -10008.212910667713 F 10008.246910667713 #
fbm_tag-tag-sys-attrib $-1 -1 $-1 $-1 $2565 2 1 2 1 1 1 3 1 1 1 1 1 1 1 0 1 1 1 origin_live $2565 @46 [edge:ThickenSheet(split_gap,vertex11)#edge24] #
straight-curve $-1 -1 -1 $-1 -1.1499999999999999 0 0.017000000000000088 0 0 -1 F -10008.212910667713 F 10008.246910667713 #
fbm_tag-tag-sys-attrib $-1 -1 $-1 $-1 $2573 2 1 2 1 1 1 3 1 1 1 1 1 1 1 0 1 1 1 origin_live $2573 @69 [face:ThickenSheet(tweak,face:ThickenSheet(split_gap,edge13))#face28] #
face $2682 -1 -1 $-1 $2683 $2684 $59 $-1 $2685 forward single F F #
loop $-1 -1 -1 $-1 $-1 $2653 $2573 T 4.3499999999999996 0.80000000000000004 0 5.3499999999999996 0.80000000000000004 0.017000000000000088 unknown #
plane-surface $-1 -1 -1 $-1 4.8499999999999996 0.80000000000000004 0 -0 -1 -0 0 0 -1 forward_v I I I I #
coedge $-1 -1 -1 $-1 $2686 $2576 $2687 $2688 reversed $174 $-1 #
coedge $-1 -1 -1 $-1 $2669 $2668 $2576 $2638 forward $2670 $-1 #
edge $2689 -1 -1 $-1 $2690 0 $2640 0.40000000000000002 $2576 $2691 forward @7 unknown T 4.3499999999999996 0 0 4.3499999999999996 0.40000000000000002 0 #
fbm_tag-tag-sys-attrib $-1 -1 $-1 $-1 $2578 2 1 2 1 1 1 3 1 1 1 1 1 1 1 0 1 1 1 origin_live $2578 @15 [edge65#edge65] #
vertex $2692 -1 -1 $-1 $2638 $2693 #
straight-curve $-1 -1 -1 $-1 4.3499999999999996 0 0 1 0 0 F 0 F 0.20000000000000018 #
fbm_tag-tag-sys-attrib $-1 -1 $-1 $-1 $2580 2 1 2 1 1 1 3 1 1 1 1 1 1 1 0 1 1 1 origin_live $2580 @51 [vertex:ThickenSheet(split_new,vertex66)#vertex115] #
point $-1 -1 -1 $-1 4.5499999999999998 0 0 #
coedge $-1 -1 -1 $-1 $2584 $2694 $2695 $2696 reversed $174 $-1 #
coedge $-1 -1 -1 $-1 $2656 $2655 $2584 $2646 forward $2574 $-1 #
edge $2697 -1 -1 $-1 $2648 0 $2698 0.39999999999999991 $2584 $2699 forward @7 unknown T 4.3499999999999996 0.80000000000000004 0 4.3499999999999996 1.2 0 #
fbm_tag-tag-sys-attrib $-1 -1 $-1 $-1 $2586 2 1 2 1 1 1 3 1 1 1 1 1 1 1 0 1 1 1 origin_live $2586 @15 [edge11#edge11] #
vertex $2700 -1 -1 $-1 $2586 $2701 #
straight-curve $-1 -1 -1 $-1 4.5499999999999998 1.2 0 -1 0 0 F 0 F 0.20000000000000018 #
fbm_tag-tag-sys-attrib $-1 -1 $-1 $-1 $2588 2 1 2 1 1 1 3 1 1 1 1 1 1 1 0 1 1 1 origin_live $2588 @51 [vertex:ThickenSheet(split_new,vertex11)#vertex116] #
point $-1 -1 -1 $-1 4.5499999999999998 1.2 0 #
coedge $-1 -1 -1 $-1 $2702 $2592 $2703 $2704 forward $122 $-1 #
coedge $-1 -1 -1 $-1 $2705 $2706 $2592 $2654 reversed $2634 $-1 #
edge $2707 -1 -1 $-1 $2658 0 $2708 1 $2592 $2709 forward @7 unknown T 4.3499999999999996 0.80000000000000004 0.017000000000000088 5.3499999999999996 0.80000000000000004 0.017000000000000088 #
coedge $-1 -1 -1 $-1 $2645 $2593 $2596 $2660 forward $2574 $-1 #
coedge $-1 -1 -1 $-1 $2593 $2645 $2705 $2710 reversed $2574 $-1 #
fbm_tag-tag-sys-attrib $-1 -1 $-1 $-1 $2594 2 1 2 1 1 1 3 1 1 1 1 1 1 1 0 1 1 1 origin_live $2594 @44 [edge:ThickenSheet(split_new,edge12)#edge83] #
vertex $2711 -1 -1 $-1 $2654 $2712 #
straight-curve $-1 -1 -1 $-1 4.3499999999999996 1.2 0.017000000000000088 0 -1 0 I I #
edge $2713 -1 -1 $-1 $2598 0 $2648 0.017000000000000088 $2655 $2714 forward @7 unknown T 4.3499999999999996 1.2 0 4.3499999999999996 1.2 0.017000000000000088 #
fbm_tag-tag-sys-attrib $-1 -1 $-1 $-1 $2598 2 1 2 1 1 1 3 1 1 1 1 1 1 1 0 1 1 1 origin_live $2598 @19 [vertex12#vertex12] #
point $-1 -1 -1 $-1 4.3499999999999996 1.2 0.017000000000000088 #
fbm_tag-tag-sys-attrib $-1 -1 $-1 $-1 $2600 2 1 2 1 1 1 3 1 1 1 1 1 1 1 0 1 1 1 origin_live $2600 @46 [edge:ThickenSheet(split_gap,vertex11)#edge79] #
straight-curve $-1 -1 -1 $-1 4.5499999999999998 1.2 0.017000000000000088 0 0 -1 F -10017.586675894363 F 10017.620675894363 #
coedge $-1 -1 -1 $-1 $2605 $2715 $2716 $2717 forward $122 $-1 #
coedge $-1 -1 -1 $-1 $2718 $2719 $2605 $2667 reversed $2720 $-1 #
edge $2721 -1 -1 $-1 $2722 0 $2672 1 $2605 $2723 forward @7 unknown T 4.3499999999999996 0.40000000000000002 0.017000000000000088 5.3499999999999996 0.40000000000000002 0.017000000000000088 #
coedge $-1 -1 -1 $-1 $2637 $2606 $2719 $2724 forward $2670 $-1 #
coedge $-1 -1 -1 $-1 $2606 $2637 $2608 $2674 reversed $2670 $-1 #
loop $-1 -1 -1 $-1 $-1 $2606 $2725 T 4.3499999999999996 0 0 4.3499999999999996 0.40000000000000002 0.017000000000000088 unknown #
fbm_tag-tag-sys-attrib $-1 -1 $-1 $-1 $2607 2 1 2 1 1 1 3 1 1 1 1 1 1 1 0 1 1 1 origin_live $2607 @45 [edge:ThickenSheet(split_new,edge64)#edge197] #
vertex $2726 -1 -1 $-1 $2607 $2727 #
straight-curve $-1 -1 -1 $-1 4.3499999999999996 0.40000000000000002 0.017000000000000088 0 -1 0 I I #
edge $2728 -1 -1 $-1 $2612 0 $2640 0.017000000000000088 $2608 $2729 forward @7 unknown T 4.3499999999999996 0 0 4.3499999999999996 0 0.017000000000000088 #
face $2730 -1 -1 $-1 $2615 $2610 $59 $-1 $2731 forward single F F #
fbm_tag-tag-sys-attrib $-1 -1 $-1 $-1 $2612 2 1 2 1 1 1 3 1 1 1 1 1 1 1 0 1 1 1 origin_live $2612 @19 [vertex65#vertex65] #
point $-1 -1 -1 $-1 4.3499999999999996 0 0.017000000000000088 #
fbm_tag-tag-sys-attrib $-1 -1 $-1 $-1 $2614 2 1 2 1 1 1 3 1 1 1 1 1 1 1 0 1 1 1 origin_live $2614 @47 [edge:ThickenSheet(split_gap,vertex66)#edge200] #
straight-curve $-1 -1 -1 $-1 4.5499999999999998 0 0.017000000000000088 0 0 -1 F -10017.586675894363 F 10017.620675894363 #
fbm_tag-tag-sys-attrib $-1 -1 $-1 $-1 $2615 2 1 2 1 1 1 3 1 1 1 1 1 1 1 0 1 1 1 origin_live $2615 @69 [face:ThickenSheet(tweak,face:ThickenSheet(split_gap,edge66))#face64] #
plane-surface $-1 -1 -1 $-1 4.5340999999999996 -0.22145000000000001 0 -0.99743233895525352 0.071615146486287362 -0 -0 0 1 forward_v I I I I #
fbm_tag-tag-sys-attrib $-1 -1 $-1 $-1 $2633 2 1 2 1 1 1 3 1 1 1 1 1 1 1 0 1 1 1 origin_live $2633 @69 [face:ThickenSheet(tweak,face:ThickenSheet(split_gap,edge14))#face33] #
face $2732 -1 -1 $-1 $2733 $2734 $59 $-1 $2735 forward single F F #
loop $-1 -1 -1 $-1 $-1 $2703 $2633 T 5.3499999999999996 0.68300000000000005 0 5.3499999999999996 0.80000000000000004 0.017000000000000088 unknown #
plane-surface $-1 -1 -1 $-1 5.3499999999999996 0.74150000000000005 0 -1 -0 0 0 -0 1 forward_v I I I I #
coedge $-1 -1 -1 $-1 $2736 $2636 $2737 $2738 reversed $174 $-1 #
coedge $-1 -1 -1 $-1 $2719 $2718 $2636 $2688 forward $2720 $-1 #
edge $2739 -1 -1 $-1 $2740 0 $2690 1 $2636 $2741 forward @7 unknown T 4.3499999999999996 0.40000000000000002 0 5.3499999999999996 0.40000000000000002 0 #
fbm_tag-tag-sys-attrib $-1 -1 $-1 $-1 $2638 2 1 2 1 1 1 3 1 1 1 1 1 1 1 0 1 1 1 origin_live $2638 @15 [edge64#edge64] #
vertex $2742 -1 -1 $-1 $2688 $2743 #
straight-curve $-1 -1 -1 $-1 4.3499999999999996 0.40000000000000002 0 0 -1 0 F 0 F 0.40000000000000002 #
fbm_tag-tag-sys-attrib $-1 -1 $-1 $-1 $2640 2 1 2 1 1 1 3 1 1 1 1 1 1 1 0 1 1 1 origin_live $2640 @51 [vertex:ThickenSheet(split_new,vertex65)#vertex107] #
point $-1 -1 -1 $-1 4.3499999999999996 0 0 #
coedge $-1 -1 -1 $-1 $2644 $2744 $2745 $2746 reversed $174 $-1 #
coedge $-1 -1 -1 $-1 $2706 $2705 $2644 $2696 forward $2634 $-1 #
edge $2747 -1 -1 $-1 $2698 0 $2748 1 $2644 $2749 forward @7 unknown T 4.3499999999999996 0.80000000000000004 0 5.3499999999999996 0.80000000000000004 0 #
fbm_tag-tag-sys-attrib $-1 -1 $-1 $-1 $2646 2 1 2 1 1 1 3 1 1 1 1 1 1 1 0 1 1 1 origin_live $2646 @15 [edge12#edge12] #
vertex $2750 -1 -1 $-1 $2646 $2751 #
straight-curve $-1 -1 -1 $-1 4.3499999999999996 1.2 0 0 -1 0 F 0 F 0.39999999999999991 #
fbm_tag-tag-sys-attrib $-1 -1 $-1 $-1 $2648 2 1 2 1 1 1 3 1 1 1 1 1 1 1 0 1 1 1 origin_live $2648 @51 [vertex:ThickenSheet(split_new,vertex12)#vertex110] #
point $-1 -1 -1 $-1 4.3499999999999996 1.2 0 #
coedge $-1 -1 -1 $-1 $2752 $2652 $2753 $2754 forward $122 $-1 #
coedge $-1 -1 -1 $-1 $2755 $2756 $2652 $2704 reversed $2684 $-1 #
edge $2757 -1 -1 $-1 $2708 0 $2758 0.11699999999999999 $2652 $2759 forward @7 unknown T 5.3499999999999996 0.68300000000000005 0.017000000000000088 5.3499999999999996 0.80000000000000004 0.017000000000000088 #
coedge $-1 -1 -1 $-1 $2695 $2653 $2656 $2710 forward $2634 $-1 #
coedge $-1 -1 -1 $-1 $2653 $2695 $2755 $2760 reversed $2634 $-1 #
fbm_tag-tag-sys-attrib $-1 -1 $-1 $-1 $2654 2 1 2 1 1 1 3 1 1 1 1 1 1 1 0 1 1 1 origin_live $2654 @44 [edge:ThickenSheet(split_new,edge13)#edge85] #
vertex $2761 -1 -1 $-1 $2704 $2762 #
straight-curve $-1 -1 -1 $-1 4.3499999999999996 0.80000000000000004 0.017000000000000088 1 0 0 I I #
edge $2763 -1 -1 $-1 $2658 0 $2698 0.017000000000000088 $2705 $2764 forward @7 unknown T 4.3499999999999996 0.80000000000000004 0 4.3499999999999996 0.80000000000000004 0.017000000000000088 #
fbm_tag-tag-sys-attrib $-1 -1 $-1 $-1 $2658 2 1 2 1 1 1 3 1 1 1 1 1 1 1 0 1 1 1 origin_live $2658 @19 [vertex13#vertex13] #
point $-1 -1 -1 $-1 4.3499999999999996 0.80000000000000004 0.017000000000000088 #
fbm_tag-tag-sys-attrib $-1 -1 $-1 $-1 $2660 2 1 2 1 1 1 3 1 1 1 1 1 1 1 0 1 1 1 origin_live $2660 @46 [edge:ThickenSheet(split_gap,vertex12)#edge82] #
straight-curve $-1 -1 -1 $-1 4.3499999999999996 1.2 0.017000000000000088 0 0 -1 F -10017.586675894363 F 10017.620675894363 #
coedge $-1 -1 -1 $-1 $2665 $2765 $2766 $2767 forward $122 $-1 #
coedge $-1 -1 -1 $-1 $2768 $2769 $2665 $2717 reversed $2770 $-1 #
edge $2771 -1 -1 $-1 $2772 0 $2722 0.099999999999999978 $2665 $2773 forward @7 unknown T 5.3499999999999996 0.40000000000000002 0.017000000000000088 5.3499999999999996 0.5 0.017000000000000088 #
coedge $-1 -1 -1 $-1 $2687 $2666 $2769 $2774 forward $2720 $-1 #
coedge $-1 -1 -1 $-1 $2666 $2687 $2668 $2724 reversed $2720 $-1 #
loop $-1 -1 -1 $-1 $-1 $2666 $2775 T 4.3499999999999996 0.40000000000000002 0 5.3499999999999996 0.40000000000000002 0.017000000000000088 unknown #
fbm_tag-tag-sys-attrib $-1 -1 $-1 $-1 $2667 2 1 2 1 1 1 3 1 1 1 1 1 1 1 0 1 1 1 origin_live $2667 @45 [edge:ThickenSheet(split_new,edge63)#edge195] #
vertex $2776 -1 -1 $-1 $2667 $2777 #
straight-curve $-1 -1 -1 $-1 5.3499999999999996 0.40000000000000002 0.017000000000000088 -1 0 0 I I #
edge $2778 -1 -1 $-1 $2672 0 $2690 0.017000000000000088 $2668 $2779 forward @7 unknown T 4.3499999999999996 0.40000000000000002 0 4.3499999999999996 0.40000000000000002 0.017000000000000088 #
face $2780 -1 -1 $-1 $2675 $2670 $59 $-1 $2781 forward single F F #
fbm_tag-tag-sys-attrib $-1 -1 $-1 $-1 $2672 2 1 2 1 1 1 3 1 1 1 1 1 1 1 0 1 1 1 origin_live $2672 @19 [vertex64#vertex64] #
point $-1 -1 -1 $-1 4.3499999999999996 0.40000000000000002 0.017000000000000088 #
fbm_tag-tag-sys-attrib $-1 -1 $-1 $-1 $2674 2 1 2 1 1 1 3 1 1 1 1 1 1 1 0 1 1 1 origin_live $2674 @47 [edge:ThickenSheet(split_gap,vertex65)#edge198] #
straight-curve $-1 -1 -1 $-1 4.3499999999999996 0 0.017000000000000088 0 0 -1 F -10017.586675894363 F 10017.620675894363 #
fbm_tag-tag-sys-attrib $-1 -1 $-1 $-1 $2675 2 1 2 1 1 1 3 1 1 1 1 1 1 1 0 1 1 1 origin_live $2675 @69 [face:ThickenSheet(tweak,face:ThickenSheet(split_gap,edge65))#face62] #
plane-surface $-1 -1 -1 $-1 4.4499999999999993 0 0 -0 -1 -0 0 0 -1 forward_v I I I I #
fbm_tag-tag-sys-attrib $-1 -1 $-1 $-1 $2683 2 1 2 1 1 1 3 1 1 1 1 1 1 1 0 1 1 1 origin_live $2683 @69 [face:ThickenSheet(tweak,face:ThickenSheet(split_gap,edge15))#face40] #
face $2782 -1 -1 $-1 $2783 $2784 $59 $-1 $2785 forward single F F #
loop $-1 -1 -1 $-1 $-1 $2753 $2683 T 5.3499999999999996 0.68300000000000005 0 6.9977999999999998 0.68300000000000005 0.017000000000000088 unknown #
plane-surface $-1 -1 -1 $-1 6.1738999999999997 0.68300000000000005 0 -0 -1 -0 0 0 -1 forward_v I I I I #
coedge $-1 -1 -1 $-1 $2786 $2686 $2787 $2788 reversed $174 $-1 #
coedge $-1 -1 -1 $-1 $2769 $2768 $2686 $2738 forward $2770 $-1 #
edge $2789 -1 -1 $-1 $2790 0 $2740 0.099999999999999978 $2686 $2791 forward @7 unknown T 5.3499999999999996 0.40000000000000002 0 5.3499999999999996 0.5 0 #
fbm_tag-tag-sys-attrib $-1 -1 $-1 $-1 $2688 2 1 2 1 1 1 3 1 1 1 1 1 1 1 0 1 1 1 origin_live $2688 @15 [edge63#edge63] #
vertex $2792 -1 -1 $-1 $2738 $2793 #
straight-curve $-1 -1 -1 $-1 5.3499999999999996 0.40000000000000002 0 -1 0 0 F 0 F 1 #
fbm_tag-tag-sys-attrib $-1 -1 $-1 $-1 $2690 2 1 2 1 1 1 3 1 1 1 1 1 1 1 0 1 1 1 origin_live $2690 @51 [vertex:ThickenSheet(split_new,vertex64)#vertex108] #
point $-1 -1 -1 $-1 4.3499999999999996 0.40000000000000002 0 #
coedge $-1 -1 -1 $-1 $2694 $2794 $2795 $2796 reversed $174 $-1 #
coedge $-1 -1 -1 $-1 $2756 $2755 $2694 $2746 forward $2684 $-1 #
edge $2797 -1 -1 $-1 $2748 0 $2798 0.11699999999999999 $2694 $2799 forward @7 unknown T 5.3499999999999996 0.68300000000000005 0 5.3499999999999996 0.80000000000000004 0 #
fbm_tag-tag-sys-attrib $-1 -1 $-1 $-1 $2696 2 1 2 1 1 1 3 1 1 1 1 1 1 1 0 1 1 1 origin_live $2696 @15 [edge13#edge13] #
vertex $2800 -1 -1 $-1 $2696 $2801 #
straight-curve $-1 -1 -1 $-1 4.3499999999999996 0.80000000000000004 0 1 0 0 F 0 F 1 #
fbm_tag-tag-sys-attrib $-1 -1 $-1 $-1 $2698 2 1 2 1 1 1 3 1 1 1 1 1 1 1 0 1 1 1 origin_live $2698 @51 [vertex:ThickenSheet(split_new,vertex13)#vertex109] #
point $-1 -1 -1 $-1 4.3499999999999996 0.80000000000000004 0 #
coedge $-1 -1 -1 $-1 $2802 $2702 $2803 $2804 forward $122 $-1 #
coedge $-1 -1 -1 $-1 $2805 $2806 $2702 $2754 reversed $2734 $-1 #
edge $2807 -1 -1 $-1 $2758 0 $2808 1.6478000000000002 $2702 $2809 forward @7 unknown T 5.3499999999999996 0.68300000000000005 0.017000000000000088 6.9977999999999998 0.68300000000000005 0.017000000000000088 #
coedge $-1 -1 -1 $-1 $2745 $2703 $2706 $2760 forward $2684 $-1 #
coedge $-1 -1 -1 $-1 $2703 $2745 $2805 $2810 reversed $2684 $-1 #
fbm_tag-tag-sys-attrib $-1 -1 $-1 $-1 $2704 2 1 2 1 1 1 3 1 1 1 1 1 1 1 0 1 1 1 origin_live $2704 @44 [edge:ThickenSheet(split_new,edge14)#edge87] #
vertex $2811 -1 -1 $-1 $2754 $2812 #
straight-curve $-1 -1 -1 $-1 5.3499999999999996 0.80000000000000004 0.017000000000000088 0 -1 0 I I #
edge $2813 -1 -1 $-1 $2708 0 $2748 0.017000000000000088 $2755 $2814 forward @7 unknown T 5.3499999999999996 0.80000000000000004 0 5.3499999999999996 0.80000000000000004 0.017000000000000088 #
fbm_tag-tag-sys-attrib $-1 -1 $-1 $-1 $2708 2 1 2 1 1 1 3 1 1 1 1 1 1 1 0 1 1 1 origin_live $2708 @19 [vertex14#vertex14] #
point $-1 -1 -1 $-1 5.3499999999999996 0.80000000000000004 0.017000000000000088 #
fbm_tag-tag-sys-attrib $-1 -1 $-1 $-1 $2710 2 1 2 1 1 1 3 1 1 1 1 1 1 1 0 1 1 1 origin_live $2710 @46 [edge:ThickenSheet(split_gap,vertex13)#edge84] #
straight-curve $-1 -1 -1 $-1 4.3499999999999996 0.80000000000000004 0.017000000000000088 0 0 -1 F -10017.586675894363 F 10017.620675894363 #
coedge $-1 -1 -1 $-1 $2715 $2815 $2816 $2817 forward $122 $-1 #
coedge $-1 -1 -1 $-1 $2818 $2819 $2715 $2767 reversed $2820 $-1 #
edge $2821 -1 -1 $-1 $2822 0 $2772 1.6478000000000002 $2715 $2823 forward @7 unknown T 5.3499999999999996 0.5 0.017000000000000088 6.9977999999999998 0.5 0.017000000000000088 #
coedge $-1 -1 -1 $-1 $2737 $2716 $2819 $2824 forward $2770 $-1 #
coedge $-1 -1 -1 $-1 $2716 $2737 $2718 $2774 reversed $2770 $-1 #
loop $-1 -1 -1 $-1 $-1 $2716 $2825 T 5.3499999999999996 0.40000000000000002 0 5.3499999999999996 0.5 0.017000000000000088 unknown #
fbm_tag-tag-sys-attrib $-1 -1 $-1 $-1 $2717 2 1 2 1 1 1 3 1 1 1 1 1 1 1 0 1 1 1 origin_live $2717 @45 [edge:ThickenSheet(split_new,edge62)#edge193] #
vertex $2826 -1 -1 $-1 $2717 $2827 #
straight-curve $-1 -1 -1 $-1 5.3499999999999996 0.5 0.017000000000000088 0 -1 0 I I #
edge $2828 -1 -1 $-1 $2722 0 $2740 0.017000000000000088 $2718 $2829 forward @7 unknown T 5.3499999999999996 0.40000000000000002 0 5.3499999999999996 0.40000000000000002 0.017000000000000088 #
face $2830 -1 -1 $-1 $2725 $2720 $59 $-1 $2831 forward single F F #
fbm_tag-tag-sys-attrib $-1 -1 $-1 $-1 $2722 2 1 2 1 1 1 3 1 1 1 1 1 1 1 0 1 1 1 origin_live $2722 @19 [vertex63#vertex63] #
point $-1 -1 -1 $-1 5.3499999999999996 0.40000000000000002 0.017000000000000088 #
fbm_tag-tag-sys-attrib $-1 -1 $-1 $-1 $2724 2 1 2 1 1 1 3 1 1 1 1 1 1 1 0 1 1 1 origin_live $2724 @47 [edge:ThickenSheet(split_gap,vertex64)#edge196] #
straight-curve $-1 -1 -1 $-1 4.3499999999999996 0.40000000000000002 0.017000000000000088 0 0 -1 F -10017.586675894363 F 10017.620675894363 #
fbm_tag-tag-sys-attrib $-1 -1 $-1 $-1 $2725 2 1 2 1 1 1 3 1 1 1 1 1 1 1 0 1 1 1 origin_live $2725 @69 [face:ThickenSheet(tweak,face:ThickenSheet(split_gap,edge64))#face61] #
plane-surface $-1 -1 -1 $-1 4.3499999999999996 0.20000000000000001 0 -1 -0 0 0 -0 1 forward_v I I I I #
fbm_tag-tag-sys-attrib $-1 -1 $-1 $-1 $2733 2 1 2 1 1 1 3 1 1 1 1 1 1 1 0 1 1 1 origin_live $2733 @69 [face:ThickenSheet(tweak,face:ThickenSheet(split_gap,edge16))#face45] #
face $2832 -1 -1 $-1 $2833 $2834 $59 $-1 $2835 forward single F F #
loop $-1 -1 -1 $-1 $-1 $2803 $2733 T 6.9977999999999998 0.68300000000000005 0 7.5978000000000003 1.2830000000000001 0.017000000000000088 unknown #
plane-surface $-1 -1 -1 $-1 7.2978000000000005 0.9830000000000001 0 0.70710678118654724 -0.70710678118654779 -0 0 0 -1 forward_v I I I I #
coedge $-1 -1 -1 $-1 $2836 $2736 $2837 $2838 reversed $174 $-1 #
coedge $-1 -1 -1 $-1 $2819 $2818 $2736 $2788 forward $2820 $-1 #
edge $2839 -1 -1 $-1 $2840 0 $2790 1.6478000000000002 $2736 $2841 forward @7 unknown T 5.3499999999999996 0.5 0 6.9977999999999998 0.5 0 #
fbm_tag-tag-sys-attrib $-1 -1 $-1 $-1 $2738 2 1 2 1 1 1 3 1 1 1 1 1 1 1 0 1 1 1 origin_live $2738 @15 [edge62#edge62] #
vertex $2842 -1 -1 $-1 $2788 $2843 #
straight-curve $-1 -1 -1 $-1 5.3499999999999996 0.5 0 0 -1 0 F 0 F 0.099999999999999978 #
fbm_tag-tag-sys-attrib $-1 -1 $-1 $-1 $2740 2 1 2 1 1 1 3 1 1 1 1 1 1 1 0 1 1 1 origin_live $2740 @51 [vertex:ThickenSheet(split_new,vertex63)#vertex127] #
point $-1 -1 -1 $-1 5.3499999999999996 0.40000000000000002 0 #
coedge $-1 -1 -1 $-1 $2744 $2844 $2845 $2846 reversed $174 $-1 #
coedge $-1 -1 -1 $-1 $2806 $2805 $2744 $2796 forward $2734 $-1 #
edge $2847 -1 -1 $-1 $2798 0 $2848 1.6478000000000002 $2744 $2849 forward @7 unknown T 5.3499999999999996 0.68300000000000005 0 6.9977999999999998 0.68300000000000005 0 #
fbm_tag-tag-sys-attrib $-1 -1 $-1 $-1 $2746 2 1 2 1 1 1 3 1 1 1 1 1 1 1 0 1 1 1 origin_live $2746 @15 [edge14#edge14] #
vertex $2850 -1 -1 $-1 $2746 $2851 #
straight-curve $-1 -1 -1 $-1 5.3499999999999996 0.80000000000000004 0 0 -1 0 F 0 F 0.11699999999999999 #
fbm_tag-tag-sys-attrib $-1 -1 $-1 $-1 $2748 2 1 2 1 1 1 3 1 1 1 1 1 1 1 0 1 1 1 origin_live $2748 @51 [vertex:ThickenSheet(split_new,vertex14)#vertex130] #
point $-1 -1 -1 $-1 5.3499999999999996 0.80000000000000004 0 #
coedge $-1 -1 -1 $-1 $2852 $2752 $2853 $2854 forward $122 $-1 #
coedge $-1 -1 -1 $-1 $2855 $2856 $2752 $2804 reversed $2784 $-1 #
edge $2857 -1 -1 $-1 $2808 0 $2858 0.84852813742385746 $2752 $2859 forward @7 unknown T 6.9977999999999998 0.68300000000000005 0.017000000000000088 7.5978000000000003 1.2830000000000001 0.017000000000000088 #
coedge $-1 -1 -1 $-1 $2795 $2753 $2756 $2810 forward $2734 $-1 #
coedge $-1 -1 -1 $-1 $2753 $2795 $2855 $2860 reversed $2734 $-1 #
fbm_tag-tag-sys-attrib $-1 -1 $-1 $-1 $2754 2 1 2 1 1 1 3 1 1 1 1 1 1 1 0 1 1 1 origin_live $2754 @44 [edge:ThickenSheet(split_new,edge15)#edge90] #
vertex $2861 -1 -1 $-1 $2804 $2862 #
straight-curve $-1 -1 -1 $-1 5.3499999999999996 0.68300000000000005 0.017000000000000088 1 0 0 I I #
edge $2863 -1 -1 $-1 $2758 0 $2798 0.017000000000000088 $2805 $2864 forward @7 unknown T 5.3499999999999996 0.68300000000000005 0 5.3499999999999996 0.68300000000000005 0.017000000000000088 #
fbm_tag-tag-sys-attrib $-1 -1 $-1 $-1 $2758 2 1 2 1 1 1 3 1 1 1 1 1 1 1 0 1 1 1 origin_live $2758 @19 [vertex15#vertex15] #
point $-1 -1 -1 $-1 5.3499999999999996 0.68300000000000005 0.017000000000000088 #
fbm_tag-tag-sys-attrib $-1 -1 $-1 $-1 $2760 2 1 2 1 1 1 3 1 1 1 1 1 1 1 0 1 1 1 origin_live $2760 @46 [edge:ThickenSheet(split_gap,vertex14)#edge86] #
straight-curve $-1 -1 -1 $-1 5.3499999999999996 0.80000000000000004 0.017000000000000088 0 0 -1 F -10017.586675894363 F 10017.620675894363 #
coedge $-1 -1 -1 $-1 $2765 $2865 $2866 $2867 forward $122 $-1 #
coedge $-1 -1 -1 $-1 $2868 $2869 $2765 $2817 reversed $2870 $-1 #
edge $2871 -1 -1 $-1 $2872 1.962615573354718e-17 $2822 0.84852813742385746 $2765 $2873 forward @7 unknown T 6.9977999999999998 -0.099999999999999992 0.017000000000000088 7.5978000000000003 0.50000000000000011 0.017000000000000088 #
coedge $-1 -1 -1 $-1 $2787 $2766 $2869 $2874 forward $2820 $-1 #
coedge $-1 -1 -1 $-1 $2766 $2787 $2768 $2824 reversed $2820 $-1 #
loop $-1 -1 -1 $-1 $-1 $2766 $2875 T 5.3499999999999996 0.5 0 6.9977999999999998 0.5 0.017000000000000088 unknown #
fbm_tag-tag-sys-attrib $-1 -1 $-1 $-1 $2767 2 1 2 1 1 1 3 1 1 1 1 1 1 1 0 1 1 1 origin_live $2767 @45 [edge:ThickenSheet(split_new,edge61)#edge191] #
vertex $2876 -1 -1 $-1 $2767 $2877 #
straight-curve $-1 -1 -1 $-1 6.9977999999999998 0.5 0.017000000000000088 -1 0 0 I I #
edge $2878 -1 -1 $-1 $2772 0 $2790 0.017000000000000088 $2768 $2879 forward @7 unknown T 5.3499999999999996 0.5 0 5.3499999999999996 0.5 0.017000000000000088 #
face $2880 -1 -1 $-1 $2775 $2770 $59 $-1 $2881 forward single F F #
fbm_tag-tag-sys-attrib $-1 -1 $-1 $-1 $2772 2 1 2 1 1 1 3 1 1 1 1 1 1 1 0 1 1 1 origin_live $2772 @19 [vertex62#vertex62] #
point $-1 -1 -1 $-1 5.3499999999999996 0.5 0.017000000000000088 #
fbm_tag-tag-sys-attrib $-1 -1 $-1 $-1 $2774 2 1 2 1 1 1 3 1 1 1 1 1 1 1 0 1 1 1 origin_live $2774 @47 [edge:ThickenSheet(split_gap,vertex63)#edge194] #
straight-curve $-1 -1 -1 $-1 5.3499999999999996 0.40000000000000002 0.017000000000000088 0 0 -1 F -10017.586675894363 F 10017.620675894363 #
fbm_tag-tag-sys-attrib $-1 -1 $-1 $-1 $2775 2 1 2 1 1 1 3 1 1 1 1 1 1 1 0 1 1 1 origin_live $2775 @69 [face:ThickenSheet(tweak,face:ThickenSheet(split_gap,edge63))#face60] #
plane-surface $-1 -1 -1 $-1 4.8499999999999996 0.40000000000000002 0 -0 1 -0 -0 0 1 forward_v I I I I #
fbm_tag-tag-sys-attrib $-1 -1 $-1 $-1 $2783 2 1 2 1 1 1 3 1 1 1 1 1 1 1 0 1 1 1 origin_live $2783 @69 [face:ThickenSheet(tweak,face:ThickenSheet(split_gap,edge17))#face52] #
face $2882 -1 -1 $-1 $2883 $2884 $59 $-1 $2885 forward single F F #
loop $-1 -1 -1 $-1 $-1 $2853 $2783 T 7.5978000000000003 1.2830000000000001 0 7.5978000000000003 2.0458999999999996 0.017000000000000088 unknown #
plane-surface $-1 -1 -1 $-1 7.5978000000000003 1.66445 0 1 -0 -0 0 0 -1 forward_v I I I I #
coedge $-1 -1 -1 $-1 $2886 $2786 $2887 $2888 reversed $174 $-1 #
coedge $-1 -1 -1 $-1 $2869 $2868 $2786 $2838 forward $2870 $-1 #
edge $2889 -1 -1 $-1 $2890 1.962615573354718e-17 $2840 0.84852813742385746 $2786 $2891 forward @7 unknown T 6.9977999999999998 -0.099999999999999992 0 7.5978000000000003 0.50000000000000011 0 #
fbm_tag-tag-sys-attrib $-1 -1 $-1 $-1 $2788 2 1 2 1 1 1 3 1 1 1 1 1 1 1 0 1 1 1 origin_live $2788 @15 [edge61#edge61] #
vertex $2892 -1 -1 $-1 $2838 $2893 #
straight-curve $-1 -1 -1 $-1 6.9977999999999998 0.5 0 -1 0 0 F 0 F 1.6478000000000002 #
fbm_tag-tag-sys-attrib $-1 -1 $-1 $-1 $2790 2 1 2 1 1 1 3 1 1 1 1 1 1 1 0 1 1 1 origin_live $2790 @51 [vertex:ThickenSheet(split_new,vertex62)#vertex128] #
point $-1 -1 -1 $-1 5.3499999999999996 0.5 0 #
coedge $-1 -1 -1 $-1 $2794 $2894 $2895 $2896 reversed $174 $-1 #
coedge $-1 -1 -1 $-1 $2856 $2855 $2794 $2846 forward $2784 $-1 #
edge $2897 -1 -1 $-1 $2848 0 $2898 0.84852813742385746 $2794 $2899 forward @7 unknown T 6.9977999999999998 0.68300000000000005 0 7.5978000000000003 1.2830000000000001 0 #
fbm_tag-tag-sys-attrib $-1 -1 $-1 $-1 $2796 2 1 2 1 1 1 3 1 1 1 1 1 1 1 0 1 1 1 origin_live $2796 @15 [edge15#edge15] #
vertex $2900 -1 -1 $-1 $2796 $2901 #
straight-curve $-1 -1 -1 $-1 5.3499999999999996 0.68300000000000005 0 1 0 0 F 0 F 1.6478000000000002 #
fbm_tag-tag-sys-attrib $-1 -1 $-1 $-1 $2798 2 1 2 1 1 1 3 1 1 1 1 1 1 1 0 1 1 1 origin_live $2798 @51 [vertex:ThickenSheet(split_new,vertex15)#vertex129] #
point $-1 -1 -1 $-1 5.3499999999999996 0.68300000000000005 0 #
coedge $-1 -1 -1 $-1 $2902 $2802 $2903 $2904 forward $122 $-1 #
coedge $-1 -1 -1 $-1 $2905 $2906 $2802 $2854 reversed $2834 $-1 #
edge $2907 -1 -1 $-1 $2858 0 $2908 0.76289999999999947 $2802 $2909 forward @7 unknown T 7.5978000000000003 1.2830000000000001 0.017000000000000088 7.5978000000000003 2.0458999999999996 0.017000000000000088 #
coedge $-1 -1 -1 $-1 $2845 $2803 $2806 $2860 forward $2784 $-1 #
coedge $-1 -1 -1 $-1 $2803 $2845 $2905 $2910 reversed $2784 $-1 #
fbm_tag-tag-sys-attrib $-1 -1 $-1 $-1 $2804 2 1 2 1 1 1 3 1 1 1 1 1 1 1 0 1 1 1 origin_live $2804 @44 [edge:ThickenSheet(split_new,edge16)#edge92] #
vertex $2911 -1 -1 $-1 $2854 $2912 #
straight-curve $-1 -1 -1 $-1 6.9977999999999998 0.68300000000000005 0.017000000000000088 0.70710678118654779 0.70710678118654724 0 I I #
edge $2913 -1 -1 $-1 $2808 0 $2848 0.017000000000000088 $2855 $2914 forward @7 unknown T 6.9977999999999998 0.68300000000000005 0 6.9977999999999998 0.68300000000000005 0.017000000000000088 #
fbm_tag-tag-sys-attrib $-1 -1 $-1 $-1 $2808 2 1 2 1 1 1 3 1 1 1 1 1 1 1 0 1 1 1 origin_live $2808 @19 [vertex16#vertex16] #
point $-1 -1 -1 $-1 6.9977999999999998 0.68300000000000005 0.017000000000000088 #
fbm_tag-tag-sys-attrib $-1 -1 $-1 $-1 $2810 2 1 2 1 1 1 3 1 1 1 1 1 1 1 0 1 1 1 origin_live $2810 @46 [edge:ThickenSheet(split_gap,vertex15)#edge89] #
straight-curve $-1 -1 -1 $-1 5.3499999999999996 0.68300000000000005 0.017000000000000088 0 0 -1 F -10017.586675894363 F 10017.620675894363 #
coedge $-1 -1 -1 $-1 $2815 $2915 $2916 $2917 forward $122 $-1 #
coedge $-1 -1 -1 $-1 $2918 $2919 $2815 $2867 reversed $2920 $-1 #
edge $2921 -1 -1 $-1 $2922 0 $2872 0.76290000000000002 $2815 $2923 forward @7 unknown T 7.5978000000000003 -0.8629 0.017000000000000088 7.5978000000000003 -0.099999999999999978 0.017000000000000088 #
coedge $-1 -1 -1 $-1 $2837 $2816 $2919 $2924 forward $2870 $-1 #
coedge $-1 -1 -1 $-1 $2816 $2837 $2818 $2874 reversed $2870 $-1 #
loop $-1 -1 -1 $-1 $-1 $2816 $2925 T 6.9977999999999998 -0.099999999999999992 0 7.5978000000000003 0.50000000000000011 0.017000000000000088 unknown #
fbm_tag-tag-sys-attrib $-1 -1 $-1 $-1 $2817 2 1 2 1 1 1 3 1 1 1 1 1 1 1 0 1 1 1 origin_live $2817 @45 [edge:ThickenSheet(split_new,edge60)#edge189] #
vertex $2926 -1 -1 $-1 $2817 $2927 #
straight-curve $-1 -1 -1 $-1 7.5978000000000003 -0.10000000000000001 0.017000000000000088 -0.70710678118654791 0.70710678118654724 0 I I #
edge $2928 -1 -1 $-1 $2822 0 $2840 0.017000000000000088 $2818 $2929 forward @7 unknown T 6.9977999999999998 0.5 0 6.9977999999999998 0.5 0.017000000000000088 #
face $2930 -1 -1 $-1 $2825 $2820 $59 $-1 $2931 forward single F F #
fbm_tag-tag-sys-attrib $-1 -1 $-1 $-1 $2822 2 1 2 1 1 1 3 1 1 1 1 1 1 1 0 1 1 1 origin_live $2822 @19 [vertex61#vertex61] #
point $-1 -1 -1 $-1 6.9977999999999998 0.5 0.017000000000000088 #
fbm_tag-tag-sys-attrib $-1 -1 $-1 $-1 $2824 2 1 2 1 1 1 3 1 1 1 1 1 1 1 0 1 1 1 origin_live $2824 @47 [edge:ThickenSheet(split_gap,vertex62)#edge192] #
straight-curve $-1 -1 -1 $-1 5.3499999999999996 0.5 0.017000000000000088 0 0 -1 F -10017.586675894363 F 10017.620675894363 #
fbm_tag-tag-sys-attrib $-1 -1 $-1 $-1 $2825 2 1 2 1 1 1 3 1 1 1 1 1 1 1 0 1 1 1 origin_live $2825 @69 [face:ThickenSheet(tweak,face:ThickenSheet(split_gap,edge62))#face59] #
plane-surface $-1 -1 -1 $-1 5.3499999999999996 0.45000000000000001 0 -1 -0 0 0 -0 1 forward_v I I I I #
fbm_tag-tag-sys-attrib $-1 -1 $-1 $-1 $2833 2 1 2 1 1 1 3 1 1 1 1 1 1 1 0 1 1 1 origin_live $2833 @69 [face:ThickenSheet(tweak,face:ThickenSheet(split_gap,edge18))#face57] #
face $2932 -1 -1 $-1 $2933 $2934 $59 $-1 $2935 forward single F F #
loop $-1 -1 -1 $-1 $-1 $2903 $2833 T 7.5978000000000003 2.0458999999999996 0 7.8978000000000002 2.0458999999999996 0.017000000000000088 unknown #
plane-surface $-1 -1 -1 $-1 7.7477999999999998 2.0458999999999996 0 -0 -1 -0 0 0 -1 forward_v I I I I #
coedge $-1 -1 -1 $-1 $2936 $2836 $2937 $2938 reversed $174 $-1 #
coedge $-1 -1 -1 $-1 $2919 $2918 $2836 $2888 forward $2920 $-1 #
edge $2939 -1 -1 $-1 $2940 0 $2890 0.76290000000000002 $2836 $2941 forward @7 unknown T 7.5978000000000003 -0.8629 0 7.5978000000000003 -0.099999999999999978 0 #
fbm_tag-tag-sys-attrib $-1 -1 $-1 $-1 $2838 2 1 2 1 1 1 3 1 1 1 1 1 1 1 0 1 1 1 origin_live $2838 @15 [edge60#edge60] #
vertex $2942 -1 -1 $-1 $2888 $2943 #
straight-curve $-1 -1 -1 $-1 7.5978000000000003 -0.10000000000000001 0 -0.70710678118654791 0.70710678118654724 0 F 1.962615573354718e-17 F 0.84852813742385746 #
fbm_tag-tag-sys-attrib $-1 -1 $-1 $-1 $2840 2 1 2 1 1 1 3 1 1 1 1 1 1 1 0 1 1 1 origin_live $2840 @51 [vertex:ThickenSheet(split_new,vertex61)#vertex139] #
point $-1 -1 -1 $-1 6.9977999999999998 0.5 0 #
coedge $-1 -1 -1 $-1 $2844 $2944 $2945 $2946 reversed $174 $-1 #
coedge $-1 -1 -1 $-1 $2906 $2905 $2844 $2896 forward $2834 $-1 #
edge $2947 -1 -1 $-1 $2898 0 $2948 0.76289999999999947 $2844 $2949 forward @7 unknown T 7.5978000000000003 1.2830000000000001 0 7.5978000000000003 2.0458999999999996 0 #
fbm_tag-tag-sys-attrib $-1 -1 $-1 $-1 $2846 2 1 2 1 1 1 3 1 1 1 1 1 1 1 0 1 1 1 origin_live $2846 @15 [edge16#edge16] #
vertex $2950 -1 -1 $-1 $2846 $2951 #
straight-curve $-1 -1 -1 $-1 6.9977999999999998 0.68300000000000005 0 0.70710678118654779 0.70710678118654724 0 F 0 F 0.84852813742385746 #
fbm_tag-tag-sys-attrib $-1 -1 $-1 $-1 $2848 2 1 2 1 1 1 3 1 1 1 1 1 1 1 0 1 1 1 origin_live $2848 @51 [vertex:ThickenSheet(split_new,vertex16)#vertex140] #
point $-1 -1 -1 $-1 6.9977999999999998 0.68300000000000005 0 #
coedge $-1 -1 -1 $-1 $2952 $2852 $2953 $2954 forward $122 $-1 #
coedge $-1 -1 -1 $-1 $2955 $2956 $2852 $2904 reversed $2884 $-1 #
edge $2957 -1 -1 $-1 $2908 0 $2958 0.29999999999999982 $2852 $2959 forward @7 unknown T 7.5978000000000003 2.0458999999999996 0.017000000000000088 7.8978000000000002 2.0458999999999996 0.017000000000000088 #
coedge $-1 -1 -1 $-1 $2895 $2853 $2856 $2910 forward $2834 $-1 #
coedge $-1 -1 -1 $-1 $2853 $2895 $2955 $2960 reversed $2834 $-1 #
fbm_tag-tag-sys-attrib $-1 -1 $-1 $-1 $2854 2 1 2 1 1 1 3 1 1 1 1 1 1 1 0 1 1 1 origin_live $2854 @44 [edge:ThickenSheet(split_new,edge17)#edge94] #
vertex $2961 -1 -1 $-1 $2904 $2962 #
straight-curve $-1 -1 -1 $-1 7.5978000000000003 1.2830000000000001 0.017000000000000088 0 1 0 I I #
edge $2963 -1 -1 $-1 $2858 0 $2898 0.017000000000000088 $2905 $2964 forward @7 unknown T 7.5978000000000003 1.2830000000000001 0 7.5978000000000003 1.2830000000000001 0.017000000000000088 #
fbm_tag-tag-sys-attrib $-1 -1 $-1 $-1 $2858 2 1 2 1 1 1 3 1 1 1 1 1 1 1 0 1 1 1 origin_live $2858 @19 [vertex17#vertex17] #
point $-1 -1 -1 $-1 7.5978000000000003 1.2830000000000001 0.017000000000000088 #
fbm_tag-tag-sys-attrib $-1 -1 $-1 $-1 $2860 2 1 2 1 1 1 3 1 1 1 1 1 1 1 0 1 1 1 origin_live $2860 @46 [edge:ThickenSheet(split_gap,vertex16)#edge91] #
straight-curve $-1 -1 -1 $-1 6.9977999999999998 0.68300000000000005 0.017000000000000088 0 0 -1 F -10017.586675894363 F 10017.620675894363 #
coedge $-1 -1 -1 $-1 $2865 $2965 $2966 $2967 forward $122 $-1 #
coedge $-1 -1 -1 $-1 $2968 $2969 $2865 $2917 reversed $2970 $-1 #
edge $2971 -1 -1 $-1 $2972 0 $2922 0.29999999999999982 $2865 $2973 forward @7 unknown T 7.5978000000000003 -0.8629 0.017000000000000088 7.8978000000000002 -0.86289999999999978 0.017000000000000088 #
coedge $-1 -1 -1 $-1 $2887 $2866 $2969 $2974 forward $2920 $-1 #
coedge $-1 -1 -1 $-1 $2866 $2887 $2868 $2924 reversed $2920 $-1 #
loop $-1 -1 -1 $-1 $-1 $2866 $2975 T 7.5978000000000003 -0.8629 0 7.5978000000000003 -0.099999999999999978 0.017000000000000088 unknown #
fbm_tag-tag-sys-attrib $-1 -1 $-1 $-1 $2867 2 1 2 1 1 1 3 1 1 1 1 1 1 1 0 1 1 1 origin_live $2867 @45 [edge:ThickenSheet(split_new,edge59)#edge187] #
vertex $2976 -1 -1 $-1 $2867 $2977 #
straight-curve $-1 -1 -1 $-1 7.5978000000000003 -0.8629 0.017000000000000088 0 1 0 I I #
edge $2978 -1 -1 $-1 $2872 0 $2890 0.017000000000000088 $2868 $2979 forward @7 unknown T 7.5978000000000003 -0.099999999999999978 0 7.5978000000000003 -0.099999999999999978 0.017000000000000088 #
face $2980 -1 -1 $-1 $2875 $2870 $59 $-1 $2981 forward single F F #
fbm_tag-tag-sys-attrib $-1 -1 $-1 $-1 $2872 2 1 2 1 1 1 3 1 1 1 1 1 1 1 0 1 1 1 origin_live $2872 @19 [vertex60#vertex60] #
point $-1 -1 -1 $-1 7.5978000000000003 -0.099999999999999978 0.017000000000000088 #
fbm_tag-tag-sys-attrib $-1 -1 $-1 $-1 $2874 2 1 2 1 1 1 3 1 1 1 1 1 1 1 0 1 1 1 origin_live $2874 @47 [edge:ThickenSheet(split_gap,vertex61)#edge190] #
straight-curve $-1 -1 -1 $-1 6.9977999999999998 0.5 0.017000000000000088 0 0 -1 F -10017.586675894363 F 10017.620675894363 #
fbm_tag-tag-sys-attrib $-1 -1 $-1 $-1 $2875 2 1 2 1 1 1 3 1 1 1 1 1 1 1 0 1 1 1 origin_live $2875 @69 [face:ThickenSheet(tweak,face:ThickenSheet(split_gap,edge61))#face58] #
plane-surface $-1 -1 -1 $-1 6.1738999999999997 0.5 0 -0 1 -0 -0 0 1 forward_v I I I I #
fbm_tag-tag-sys-attrib $-1 -1 $-1 $-1 $2883 2 1 2 1 1 1 3 1 1 1 1 1 1 1 0 1 1 1 origin_live $2883 @68 [face:ThickenSheet(tweak,face:ThickenSheet(split_gap,edge19))#face3] #
face $2982 -1 -1 $-1 $2983 $2984 $59 $-1 $2985 forward single F F #
loop $-1 -1 -1 $-1 $-1 $2953 $2883 T 7.8945999999999996 2.0458999999999996 0 7.8978000000000002 6.9499999999999993 0.017000000000000088 unknown #
plane-surface $-1 -1 -1 $-1 7.8962000000000003 4.4979499999999994 0 0.99999978711199722 0.00065251510343568178 -0 -0 0 -1 forward_v I I I I #
coedge $-1 -1 -1 $-1 $2986 $2886 $2987 $2988 reversed $174 $-1 #
coedge $-1 -1 -1 $-1 $2969 $2968 $2886 $2938 forward $2970 $-1 #
edge $2989 -1 -1 $-1 $2990 0 $2940 0.29999999999999982 $2886 $2991 forward @7 unknown T 7.5978000000000003 -0.8629 0 7.8978000000000002 -0.86289999999999978 0 #
fbm_tag-tag-sys-attrib $-1 -1 $-1 $-1 $2888 2 1 2 1 1 1 3 1 1 1 1 1 1 1 0 1 1 1 origin_live $2888 @15 [edge59#edge59] #
vertex $2992 -1 -1 $-1 $2938 $2993 #
straight-curve $-1 -1 -1 $-1 7.5978000000000003 -0.8629 0 0 1 0 F 0 F 0.76290000000000002 #
fbm_tag-tag-sys-attrib $-1 -1 $-1 $-1 $2890 2 1 2 1 1 1 3 1 1 1 1 1 1 1 0 1 1 1 origin_live $2890 @51 [vertex:ThickenSheet(split_new,vertex60)#vertex144] #
point $-1 -1 -1 $-1 7.5978000000000003 -0.099999999999999978 0 #
coedge $-1 -1 -1 $-1 $2894 $2994 $2995 $2996 reversed $174 $-1 #
coedge $-1 -1 -1 $-1 $2956 $2955 $2894 $2946 forward $2884 $-1 #
edge $2997 -1 -1 $-1 $2948 0 $2998 0.29999999999999982 $2894 $2999 forward @7 unknown T 7.5978000000000003 2.0458999999999996 0 7.8978000000000002 2.0458999999999996 0 #
fbm_tag-tag-sys-attrib $-1 -1 $-1 $-1 $2896 2 1 2 1 1 1 3 1 1 1 1 1 1 1 0 1 1 1 origin_live $2896 @15 [edge17#edge17] #
vertex $3000 -1 -1 $-1 $2896 $3001 #
straight-curve $-1 -1 -1 $-1 7.5978000000000003 1.2830000000000001 0 0 1 0 F 0 F 0.76289999999999947 #
fbm_tag-tag-sys-attrib $-1 -1 $-1 $-1 $2898 2 1 2 1 1 1 3 1 1 1 1 1 1 1 0 1 1 1 origin_live $2898 @51 [vertex:ThickenSheet(split_new,vertex17)#vertex145] #
point $-1 -1 -1 $-1 7.5978000000000003 1.2830000000000001 0 #
coedge $-1 -1 -1 $-1 $3002 $2902 $3003 $3004 forward $122 $-1 #
coedge $-1 -1 -1 $-1 $3005 $3006 $2902 $2954 reversed $2934 $-1 #
edge $3007 -1 -1 $-1 $2958 0 $3008 4.9041010440242756 $2902 $3009 forward @7 unknown T 7.8945999999999996 2.0458999999999996 0.017000000000000088 7.8978000000000002 6.9499999999999993 0.017000000000000088 #
coedge $-1 -1 -1 $-1 $2945 $2903 $2906 $2960 forward $2884 $-1 #
coedge $-1 -1 -1 $-1 $2903 $2945 $3005 $3010 reversed $2884 $-1 #
fbm_tag-tag-sys-attrib $-1 -1 $-1 $-1 $2904 2 1 2 1 1 1 3 1 1 1 1 1 1 1 0 1 1 1 origin_live $2904 @44 [edge:ThickenSheet(split_new,edge18)#edge96] #
vertex $3011 -1 -1 $-1 $2954 $3012 #
straight-curve $-1 -1 -1 $-1 7.5978000000000003 2.0458999999999996 0.017000000000000088 1 0 0 I I #
edge $3013 -1 -1 $-1 $2908 0 $2948 0.017000000000000088 $2955 $3014 forward @7 unknown T 7.5978000000000003 2.0458999999999996 0 7.5978000000000003 2.0458999999999996 0.017000000000000088 #
fbm_tag-tag-sys-attrib $-1 -1 $-1 $-1 $2908 2 1 2 1 1 1 3 1 1 1 1 1 1 1 0 1 1 1 origin_live $2908 @19 [vertex18#vertex18] #
point $-1 -1 -1 $-1 7.5978000000000003 2.0458999999999996 0.017000000000000088 #
fbm_tag-tag-sys-attrib $-1 -1 $-1 $-1 $2910 2 1 2 1 1 1 3 1 1 1 1 1 1 1 0 1 1 1 origin_live $2910 @46 [edge:ThickenSheet(split_gap,vertex17)#edge93] #
straight-curve $-1 -1 -1 $-1 7.5978000000000003 1.2830000000000001 0.017000000000000088 0 0 -1 F -10017.586675894363 F 10017.620675894363 #
coedge $-1 -1 -1 $-1 $2915 $3015 $3016 $3017 forward $122 $-1 #
coedge $-1 -1 -1 $-1 $3018 $3019 $2915 $2967 reversed $3020 $-1 #
edge $3021 -1 -1 $-1 $3022 0 $2972 4.9041010440242765 $2915 $3023 forward @7 unknown T 7.8945999999999996 -5.7670000000000003 0.017000000000000088 7.8978000000000002 -0.86289999999999978 0.017000000000000088 #
coedge $-1 -1 -1 $-1 $2937 $2916 $3019 $3024 forward $2970 $-1 #
coedge $-1 -1 -1 $-1 $2916 $2937 $2918 $2974 reversed $2970 $-1 #
loop $-1 -1 -1 $-1 $-1 $2916 $3025 T 7.5978000000000003 -0.8629 0 7.8978000000000002 -0.86289999999999978 0.017000000000000088 unknown #
fbm_tag-tag-sys-attrib $-1 -1 $-1 $-1 $2917 2 1 2 1 1 1 3 1 1 1 1 1 1 1 0 1 1 1 origin_live $2917 @45 [edge:ThickenSheet(split_new,edge58)#edge184] #
vertex $3026 -1 -1 $-1 $2917 $3027 #
straight-curve $-1 -1 -1 $-1 7.8978000000000002 -0.8629 0.017000000000000088 -1 0 0 I I #
edge $3028 -1 -1 $-1 $2922 0 $2940 0.017000000000000088 $2918 $3029 forward @7 unknown T 7.5978000000000003 -0.8629 0 7.5978000000000003 -0.8629 0.017000000000000088 #
face $3030 -1 -1 $-1 $2925 $2920 $59 $-1 $3031 forward single F F #
fbm_tag-tag-sys-attrib $-1 -1 $-1 $-1 $2922 2 1 2 1 1 1 3 1 1 1 1 1 1 1 0 1 1 1 origin_live $2922 @19 [vertex59#vertex59] #
point $-1 -1 -1 $-1 7.5978000000000003 -0.8629 0.017000000000000088 #
fbm_tag-tag-sys-attrib $-1 -1 $-1 $-1 $2924 2 1 2 1 1 1 3 1 1 1 1 1 1 1 0 1 1 1 origin_live $2924 @47 [edge:ThickenSheet(split_gap,vertex60)#edge188] #
straight-curve $-1 -1 -1 $-1 7.5978000000000003 -0.099999999999999978 0.017000000000000088 0 0 -1 F -10017.586675894363 F 10017.620675894363 #
fbm_tag-tag-sys-attrib $-1 -1 $-1 $-1 $2925 2 1 2 1 1 1 3 1 1 1 1 1 1 1 0 1 1 1 origin_live $2925 @69 [face:ThickenSheet(tweak,face:ThickenSheet(split_gap,edge60))#face56] #
plane-surface $-1 -1 -1 $-1 7.2977999999999996 0.20000000000000004 0 0.70710678118654724 0.70710678118654791 -0 -0 0 -1 forward_v I I I I #
fbm_tag-tag-sys-attrib $-1 -1 $-1 $-1 $2933 2 1 2 1 1 1 3 1 1 1 1 1 1 1 0 1 1 1 origin_live $2933 @68 [face:ThickenSheet(tweak,face:ThickenSheet(split_gap,edge20))#face2] #
face $3032 -1 -1 $-1 $3033 $3034 $59 $-1 $3035 forward single F F #
loop $-1 -1 -1 $-1 $-1 $3003 $2933 T 6.6946000000000003 6.9499999999999993 0 7.8945999999999996 6.9499999999999993 0.017000000000000088 unknown #
plane-surface $-1 -1 -1 $-1 7.2946 6.9499999999999993 0 -0 1 -0 -0 0 1 forward_v I I I I #
coedge $-1 -1 -1 $-1 $3036 $2936 $3037 $3038 reversed $174 $-1 #
coedge $-1 -1 -1 $-1 $3019 $3018 $2936 $2988 forward $3020 $-1 #
edge $3039 -1 -1 $-1 $3040 0 $2990 4.9041010440242765 $2936 $3041 forward @7 unknown T 7.8945999999999996 -5.7670000000000003 0 7.8978000000000002 -0.86289999999999978 0 #
fbm_tag-tag-sys-attrib $-1 -1 $-1 $-1 $2938 2 1 2 1 1 1 3 1 1 1 1 1 1 1 0 1 1 1 origin_live $2938 @15 [edge58#edge58] #
vertex $3042 -1 -1 $-1 $2988 $3043 #
straight-curve $-1 -1 -1 $-1 7.8978000000000002 -0.8629 0 -1 0 0 F 0 F 0.29999999999999982 #
fbm_tag-tag-sys-attrib $-1 -1 $-1 $-1 $2940 2 1 2 1 1 1 3 1 1 1 1 1 1 1 0 1 1 1 origin_live $2940 @51 [vertex:ThickenSheet(split_new,vertex59)#vertex143] #
point $-1 -1 -1 $-1 7.5978000000000003 -0.8629 0 #
coedge $-1 -1 -1 $-1 $2944 $3044 $3045 $3046 reversed $174 $-1 #
coedge $-1 -1 -1 $-1 $3006 $3005 $2944 $2996 forward $2934 $-1 #
edge $3047 -1 -1 $-1 $2998 0 $3048 4.9041010440242756 $2944 $3049 forward @7 unknown T 7.8945999999999996 2.0458999999999996 0 7.8978000000000002 6.9499999999999993 0 #
fbm_tag-tag-sys-attrib $-1 -1 $-1 $-1 $2946 2 1 2 1 1 1 3 1 1 1 1 1 1 1 0 1 1 1 origin_live $2946 @15 [edge18#edge18] #
vertex $3050 -1 -1 $-1 $2946 $3051 #
straight-curve $-1 -1 -1 $-1 7.5978000000000003 2.0458999999999996 0 1 0 0 F 0 F 0.29999999999999982 #
fbm_tag-tag-sys-attrib $-1 -1 $-1 $-1 $2948 2 1 2 1 1 1 3 1 1 1 1 1 1 1 0 1 1 1 origin_live $2948 @51 [vertex:ThickenSheet(split_new,vertex18)#vertex146] #
point $-1 -1 -1 $-1 7.5978000000000003 2.0458999999999996 0 #
coedge $-1 -1 -1 $-1 $3052 $2952 $3053 $3054 forward $122 $-1 #
coedge $-1 -1 -1 $-1 $3055 $3056 $2952 $3004 reversed $2984 $-1 #
edge $3057 -1 -1 $-1 $3008 0 $3058 1.1999999999999993 $2952 $3059 forward @7 unknown T 6.6946000000000003 6.9499999999999993 0.017000000000000088 7.8945999999999996 6.9499999999999993 0.017000000000000088 #
coedge $-1 -1 -1 $-1 $2995 $2953 $2956 $3010 forward $2934 $-1 #
coedge $-1 -1 -1 $-1 $2953 $2995 $3055 $3060 reversed $2934 $-1 #
fbm_tag-tag-sys-attrib $-1 -1 $-1 $-1 $2954 2 1 2 1 1 1 3 1 1 1 1 1 1 1 0 1 1 1 origin_live $2954 @44 [edge:ThickenSheet(split_new,edge19)#edge99] #
vertex $3061 -1 -1 $-1 $3004 $3062 #
straight-curve $-1 -1 -1 $-1 7.8978000000000002 2.0458999999999996 0.017000000000000088 -0.00065251510343568178 0.99999978711199722 0 I I #
edge $3063 -1 -1 $-1 $2958 0 $2998 0.017000000000000088 $3005 $3064 forward @7 unknown T 7.8978000000000002 2.0458999999999996 0 7.8978000000000002 2.0458999999999996 0.017000000000000088 #
fbm_tag-tag-sys-attrib $-1 -1 $-1 $-1 $2958 2 1 2 1 1 1 3 1 1 1 1 1 1 1 0 1 1 1 origin_live $2958 @19 [vertex19#vertex19] #
point $-1 -1 -1 $-1 7.8978000000000002 2.0458999999999996 0.017000000000000088 #
fbm_tag-tag-sys-attrib $-1 -1 $-1 $-1 $2960 2 1 2 1 1 1 3 1 1 1 1 1 1 1 0 1 1 1 origin_live $2960 @46 [edge:ThickenSheet(split_gap,vertex18)#edge95] #
straight-curve $-1 -1 -1 $-1 7.5978000000000003 2.0458999999999996 0.017000000000000088 0 0 -1 F -10017.586675894363 F 10017.620675894363 #
coedge $-1 -1 -1 $-1 $2965 $3065 $3066 $3067 forward $122 $-1 #
coedge $-1 -1 -1 $-1 $3068 $3069 $2965 $3017 reversed $3070 $-1 #
edge $3071 -1 -1 $-1 $3072 0 $3022 1.1999999999999993 $2965 $3073 forward @7 unknown T 6.6946000000000003 -5.7670000000000003 0.017000000000000088 7.8945999999999996 -5.7670000000000003 0.017000000000000088 #
coedge $-1 -1 -1 $-1 $2987 $2966 $3069 $3074 forward $3020 $-1 #
coedge $-1 -1 -1 $-1 $2966 $2987 $2968 $3024 reversed $3020 $-1 #
loop $-1 -1 -1 $-1 $-1 $2966 $3075 T 7.8945999999999996 -5.7670000000000003 0 7.8978000000000002 -0.86289999999999978 0.017000000000000088 unknown #
fbm_tag-tag-sys-attrib $-1 -1 $-1 $-1 $2967 2 1 2 1 1 1 3 1 1 1 1 1 1 1 0 1 1 1 origin_live $2967 @45 [edge:ThickenSheet(split_new,edge57)#edge182] #
vertex $3076 -1 -1 $-1 $2967 $3077 #
straight-curve $-1 -1 -1 $-1 7.8945999999999996 -5.7670000000000003 0.017000000000000088 0.00065251510343568167 0.99999978711199722 0 I I #
edge $3078 -1 -1 $-1 $2972 0 $2990 0.017000000000000088 $2968 $3079 forward @7 unknown T 7.8978000000000002 -0.86289999999999978 0 7.8978000000000002 -0.86289999999999978 0.017000000000000088 #
face $3080 -1 -1 $-1 $2975 $2970 $59 $-1 $3081 forward single F F #
fbm_tag-tag-sys-attrib $-1 -1 $-1 $-1 $2972 2 1 2 1 1 1 3 1 1 1 1 1 1 1 0 1 1 1 origin_live $2972 @19 [vertex58#vertex58] #
point $-1 -1 -1 $-1 7.8978000000000002 -0.86289999999999978 0.017000000000000088 #
fbm_tag-tag-sys-attrib $-1 -1 $-1 $-1 $2974 2 1 2 1 1 1 3 1 1 1 1 1 1 1 0 1 1 1 origin_live $2974 @47 [edge:ThickenSheet(split_gap,vertex59)#edge185] #
straight-curve $-1 -1 -1 $-1 7.5978000000000003 -0.8629 0.017000000000000088 0 0 -1 F -10017.586675894363 F 10017.620675894363 #
fbm_tag-tag-sys-attrib $-1 -1 $-1 $-1 $2975 2 1 2 1 1 1 3 1 1 1 1 1 1 1 0 1 1 1 origin_live $2975 @69 [face:ThickenSheet(tweak,face:ThickenSheet(split_gap,edge59))#face55] #
plane-surface $-1 -1 -1 $-1 7.5978000000000003 -0.48144999999999999 0 1 -0 -0 0 0 -1 forward_v I I I I #
fbm_tag-tag-sys-attrib $-1 -1 $-1 $-1 $2983 2 1 2 1 1 1 3 1 1 1 1 1 1 1 0 1 1 1 origin_live $2983 @68 [face:ThickenSheet(tweak,face:ThickenSheet(split_gap,edge21))#face5] #
face $3082 -1 -1 $-1 $3083 $3084 $59 $-1 $3085 forward single F F #
loop $-1 -1 -1 $-1 $-1 $3053 $2983 T 6.6946000000000003 2.0458999999999996 0 6.6978 6.9499999999999993 0.017000000000000088 unknown #
plane-surface $-1 -1 -1 $-1 6.6962000000000002 4.4979499999999994 0 -0.99999978711199722 -0.00065251510343550061 0 0 -0 1 forward_v I I I I #
coedge $-1 -1 -1 $-1 $3086 $2986 $3087 $3088 reversed $174 $-1 #
coedge $-1 -1 -1 $-1 $3069 $3068 $2986 $3038 forward $3070 $-1 #
edge $3089 -1 -1 $-1 $3090 0 $3040 1.1999999999999993 $2986 $3091 forward @7 unknown T 6.6946000000000003 -5.7670000000000003 0 7.8945999999999996 -5.7670000000000003 0 #
fbm_tag-tag-sys-attrib $-1 -1 $-1 $-1 $2988 2 1 2 1 1 1 3 1 1 1 1 1 1 1 0 1 1 1 origin_live $2988 @15 [edge57#edge57] #
vertex $3092 -1 -1 $-1 $3038 $3093 #
straight-curve $-1 -1 -1 $-1 7.8945999999999996 -5.7670000000000003 0 0.00065251510343568167 0.99999978711199722 0 F 0 F 4.9041010440242765 #
fbm_tag-tag-sys-attrib $-1 -1 $-1 $-1 $2990 2 1 2 1 1 1 3 1 1 1 1 1 1 1 0 1 1 1 origin_live $2990 @51 [vertex:ThickenSheet(split_new,vertex58)#vertex149] #
point $-1 -1 -1 $-1 7.8978000000000002 -0.86289999999999978 0 #
coedge $-1 -1 -1 $-1 $2994 $3094 $3095 $3096 reversed $174 $-1 #
coedge $-1 -1 -1 $-1 $3056 $3055 $2994 $3046 forward $2984 $-1 #
edge $3097 -1 -1 $-1 $3048 0 $3098 1.1999999999999993 $2994 $3099 forward @7 unknown T 6.6946000000000003 6.9499999999999993 0 7.8945999999999996 6.9499999999999993 0 #
fbm_tag-tag-sys-attrib $-1 -1 $-1 $-1 $2996 2 1 2 1 1 1 3 1 1 1 1 1 1 1 0 1 1 1 origin_live $2996 @15 [edge19#edge19] #
vertex $3100 -1 -1 $-1 $2996 $3101 #
straight-curve $-1 -1 -1 $-1 7.8978000000000002 2.0458999999999996 0 -0.00065251510343568178 0.99999978711199722 0 F 0 F 4.9041010440242756 #
fbm_tag-tag-sys-attrib $-1 -1 $-1 $-1 $2998 2 1 2 1 1 1 3 1 1 1 1 1 1 1 0 1 1 1 origin_live $2998 @51 [vertex:ThickenSheet(split_new,vertex19)#vertex150] #
point $-1 -1 -1 $-1 7.8978000000000002 2.0458999999999996 0 #
coedge $-1 -1 -1 $-1 $3102 $3002 $3103 $3104 forward $122 $-1 #
coedge $-1 -1 -1 $-1 $3105 $3106 $3002 $3054 reversed $3034 $-1 #
edge $3107 -1 -1 $-1 $3058 0 $3108 4.9041010440242756 $3002 $3109 forward @7 unknown T 6.6946000000000003 2.0458999999999996 0.017000000000000088 6.6978 6.9499999999999993 0.017000000000000088 #
coedge $-1 -1 -1 $-1 $3045 $3003 $3006 $3060 forward $2984 $-1 #
coedge $-1 -1 -1 $-1 $3003 $3045 $3105 $3110 reversed $2984 $-1 #
fbm_tag-tag-sys-attrib $-1 -1 $-1 $-1 $3004 2 1 2 1 1 1 3 1 1 1 1 1 1 1 0 1 1 1 origin_live $3004 @45 [edge:ThickenSheet(split_new,edge20)#edge101] #
vertex $3111 -1 -1 $-1 $3054 $3112 #
straight-curve $-1 -1 -1 $-1 7.8945999999999996 6.9499999999999993 0.017000000000000088 -1 0 0 I I #
edge $3113 -1 -1 $-1 $3008 0 $3048 0.017000000000000088 $3055 $3114 forward @7 unknown T 7.8945999999999996 6.9499999999999993 0 7.8945999999999996 6.9499999999999993 0.017000000000000088 #
fbm_tag-tag-sys-attrib $-1 -1 $-1 $-1 $3008 2 1 2 1 1 1 3 1 1 1 1 1 1 1 0 1 1 1 origin_live $3008 @19 [vertex20#vertex20] #
point $-1 -1 -1 $-1 7.8945999999999996 6.9499999999999993 0.017000000000000088 #
fbm_tag-tag-sys-attrib $-1 -1 $-1 $-1 $3010 2 1 2 1 1 1 3 1 1 1 1 1 1 1 0 1 1 1 origin_live $3010 @46 [edge:ThickenSheet(split_gap,vertex19)#edge98] #
straight-curve $-1 -1 -1 $-1 7.8978000000000002 2.0458999999999996 0.017000000000000088 0 0 -1 F -10017.586675894363 F 10017.620675894363 #
coedge $-1 -1 -1 $-1 $3015 $3115 $3116 $3117 forward $122 $-1 #
coedge $-1 -1 -1 $-1 $3118 $3119 $3015 $3067 reversed $3120 $-1 #
edge $3121 -1 -1 $-1 $3122 0 $3072 4.9041010440242765 $3015 $3123 forward @7 unknown T 6.6946000000000003 -5.7670000000000003 0.017000000000000088 6.6978 -0.8629 0.017000000000000088 #
coedge $-1 -1 -1 $-1 $3037 $3016 $3119 $3124 forward $3070 $-1 #
coedge $-1 -1 -1 $-1 $3016 $3037 $3018 $3074 reversed $3070 $-1 #
loop $-1 -1 -1 $-1 $-1 $3016 $3125 T 6.6946000000000003 -5.7670000000000003 0 7.8945999999999996 -5.7670000000000003 0.017000000000000088 unknown #
fbm_tag-tag-sys-attrib $-1 -1 $-1 $-1 $3017 2 1 2 1 1 1 3 1 1 1 1 1 1 1 0 1 1 1 origin_live $3017 @45 [edge:ThickenSheet(split_new,edge56)#edge180] #
vertex $3126 -1 -1 $-1 $3017 $3127 #
straight-curve $-1 -1 -1 $-1 6.6946000000000003 -5.7670000000000003 0.017000000000000088 1 0 0 I I #
edge $3128 -1 -1 $-1 $3022 0 $3040 0.017000000000000088 $3018 $3129 forward @7 unknown T 7.8945999999999996 -5.7670000000000003 0 7.8945999999999996 -5.7670000000000003 0.017000000000000088 #
face $3130 -1 -1 $-1 $3025 $3020 $59 $-1 $3131 forward single F F #
fbm_tag-tag-sys-attrib $-1 -1 $-1 $-1 $3022 2 1 2 1 1 1 3 1 1 1 1 1 1 1 0 1 1 1 origin_live $3022 @19 [vertex57#vertex57] #
point $-1 -1 -1 $-1 7.8945999999999996 -5.7670000000000003 0.017000000000000088 #
fbm_tag-tag-sys-attrib $-1 -1 $-1 $-1 $3024 2 1 2 1 1 1 3 1 1 1 1 1 1 1 0 1 1 1 origin_live $3024 @47 [edge:ThickenSheet(split_gap,vertex58)#edge183] #
straight-curve $-1 -1 -1 $-1 7.8978000000000002 -0.86289999999999978 0.017000000000000088 0 0 -1 F -10017.586675894363 F 10017.620675894363 #
fbm_tag-tag-sys-attrib $-1 -1 $-1 $-1 $3025 2 1 2 1 1 1 3 1 1 1 1 1 1 1 0 1 1 1 origin_live $3025 @69 [face:ThickenSheet(tweak,face:ThickenSheet(split_gap,edge58))#face54] #
plane-surface $-1 -1 -1 $-1 7.7477999999999998 -0.8629 0 -0 1 -0 -0 0 1 forward_v I I I I #
fbm_tag-tag-sys-attrib $-1 -1 $-1 $-1 $3033 2 1 2 1 1 1 3 1 1 1 1 1 1 1 0 1 1 1 origin_live $3033 @68 [face:ThickenSheet(tweak,face:ThickenSheet(split_gap,edge22))#face6] #
face $3132 -1 -1 $-1 $3133 $3134 $59 $-1 $3135 forward single F F #
loop $-1 -1 -1 $-1 $-1 $3103 $3033 T 6.6978 2.0458999999999996 0 6.9977999999999998 2.0458999999999996 0.017000000000000088 unknown #
plane-surface $-1 -1 -1 $-1 6.8477999999999994 2.0458999999999996 0 -0 -1 -0 0 0 -1 forward_v I I I I #
coedge $-1 -1 -1 $-1 $3136 $3036 $3137 $3138 reversed $174 $-1 #
coedge $-1 -1 -1 $-1 $3119 $3118 $3036 $3088 forward $3120 $-1 #
edge $3139 -1 -1 $-1 $3140 0 $3090 4.9041010440242765 $3036 $3141 forward @7 unknown T 6.6946000000000003 -5.7670000000000003 0 6.6978 -0.8629 0 #
fbm_tag-tag-sys-attrib $-1 -1 $-1 $-1 $3038 2 1 2 1 1 1 3 1 1 1 1 1 1 1 0 1 1 1 origin_live $3038 @15 [edge56#edge56] #
vertex $3142 -1 -1 $-1 $3088 $3143 #
straight-curve $-1 -1 -1 $-1 6.6946000000000003 -5.7670000000000003 0 1 0 0 F 0 F 1.1999999999999993 #
fbm_tag-tag-sys-attrib $-1 -1 $-1 $-1 $3040 2 1 2 1 1 1 3 1 1 1 1 1 1 1 0 1 1 1 origin_live $3040 @51 [vertex:ThickenSheet(split_new,vertex57)#vertex147] #
point $-1 -1 -1 $-1 7.8945999999999996 -5.7670000000000003 0 #
coedge $-1 -1 -1 $-1 $3044 $3144 $3145 $3146 reversed $174 $-1 #
coedge $-1 -1 -1 $-1 $3106 $3105 $3044 $3096 forward $3034 $-1 #
edge $3147 -1 -1 $-1 $3098 0 $3148 4.9041010440242756 $3044 $3149 forward @7 unknown T 6.6946000000000003 2.0458999999999996 0 6.6978 6.9499999999999993 0 #
fbm_tag-tag-sys-attrib $-1 -1 $-1 $-1 $3046 2 1 2 1 1 1 3 1 1 1 1 1 1 1 0 1 1 1 origin_live $3046 @15 [edge20#edge20] #
vertex $3150 -1 -1 $-1 $3046 $3151 #
straight-curve $-1 -1 -1 $-1 7.8945999999999996 6.9499999999999993 0 -1 0 0 F 0 F 1.1999999999999993 #
fbm_tag-tag-sys-attrib $-1 -1 $-1 $-1 $3048 2 1 2 1 1 1 3 1 1 1 1 1 1 1 0 1 1 1 origin_live $3048 @51 [vertex:ThickenSheet(split_new,vertex20)#vertex148] #
point $-1 -1 -1 $-1 7.8945999999999996 6.9499999999999993 0 #
coedge $-1 -1 -1 $-1 $3152 $3052 $3153 $3154 forward $122 $-1 #
coedge $-1 -1 -1 $-1 $3155 $3156 $3052 $3104 reversed $3084 $-1 #
edge $3157 -1 -1 $-1 $3108 0 $3158 0.29999999999999982 $3052 $3159 forward @7 unknown T 6.6978 2.0458999999999996 0.017000000000000088 6.9977999999999998 2.0458999999999996 0.017000000000000088 #
coedge $-1 -1 -1 $-1 $3095 $3053 $3056 $3110 forward $3034 $-1 #
coedge $-1 -1 -1 $-1 $3053 $3095 $3155 $3160 reversed $3034 $-1 #
fbm_tag-tag-sys-attrib $-1 -1 $-1 $-1 $3054 2 1 2 1 1 1 3 1 1 1 1 1 1 1 0 1 1 1 origin_live $3054 @45 [edge:ThickenSheet(split_new,edge21)#edge103] #
vertex $3161 -1 -1 $-1 $3104 $3162 #
straight-curve $-1 -1 -1 $-1 6.6946000000000003 6.9499999999999993 0.017000000000000088 0.00065251510343550061 -0.99999978711199722 0 I I #
edge $3163 -1 -1 $-1 $3058 0 $3098 0.017000000000000088 $3105 $3164 forward @7 unknown T 6.6946000000000003 6.9499999999999993 0 6.6946000000000003 6.9499999999999993 0.017000000000000088 #
fbm_tag-tag-sys-attrib $-1 -1 $-1 $-1 $3058 2 1 2 1 1 1 3 1 1 1 1 1 1 1 0 1 1 1 origin_live $3058 @19 [vertex21#vertex21] #
point $-1 -1 -1 $-1 6.6946000000000003 6.9499999999999993 0.017000000000000088 #
fbm_tag-tag-sys-attrib $-1 -1 $-1 $-1 $3060 2 1 2 1 1 1 3 1 1 1 1 1 1 1 0 1 1 1 origin_live $3060 @47 [edge:ThickenSheet(split_gap,vertex20)#edge100] #
straight-curve $-1 -1 -1 $-1 7.8945999999999996 6.9499999999999993 0.017000000000000088 0 0 -1 F -10017.586675894363 F 10017.620675894363 #
coedge $-1 -1 -1 $-1 $3065 $3165 $3166 $3167 forward $122 $-1 #
coedge $-1 -1 -1 $-1 $3168 $3169 $3065 $3117 reversed $3170 $-1 #
edge $3171 -1 -1 $-1 $3172 0 $3122 0.29999999999999982 $3065 $3173 forward @7 unknown T 6.6978 -0.8629 0.017000000000000088 6.9977999999999998 -0.8629 0.017000000000000088 #
coedge $-1 -1 -1 $-1 $3087 $3066 $3169 $3174 forward $3120 $-1 #
coedge $-1 -1 -1 $-1 $3066 $3087 $3068 $3124 reversed $3120 $-1 #
loop $-1 -1 -1 $-1 $-1 $3066 $3175 T 6.6946000000000003 -5.7670000000000003 0 6.6978 -0.8629 0.017000000000000088 unknown #
fbm_tag-tag-sys-attrib $-1 -1 $-1 $-1 $3067 2 1 2 1 1 1 3 1 1 1 1 1 1 1 0 1 1 1 origin_live $3067 @45 [edge:ThickenSheet(split_new,edge55)#edge177] #
vertex $3176 -1 -1 $-1 $3067 $3177 #
straight-curve $-1 -1 -1 $-1 6.6978 -0.8629 0.017000000000000088 -0.0006525151034355005 -0.99999978711199722 0 I I #
edge $3178 -1 -1 $-1 $3072 0 $3090 0.017000000000000088 $3068 $3179 forward @7 unknown T 6.6946000000000003 -5.7670000000000003 0 6.6946000000000003 -5.7670000000000003 0.017000000000000088 #
face $3180 -1 -1 $-1 $3075 $3070 $59 $-1 $3181 forward single F F #
fbm_tag-tag-sys-attrib $-1 -1 $-1 $-1 $3072 2 1 2 1 1 1 3 1 1 1 1 1 1 1 0 1 1 1 origin_live $3072 @19 [vertex56#vertex56] #
point $-1 -1 -1 $-1 6.6946000000000003 -5.7670000000000003 0.017000000000000088 #
fbm_tag-tag-sys-attrib $-1 -1 $-1 $-1 $3074 2 1 2 1 1 1 3 1 1 1 1 1 1 1 0 1 1 1 origin_live $3074 @47 [edge:ThickenSheet(split_gap,vertex57)#edge181] #
straight-curve $-1 -1 -1 $-1 7.8945999999999996 -5.7670000000000003 0.017000000000000088 0 0 -1 F -10017.586675894363 F 10017.620675894363 #
fbm_tag-tag-sys-attrib $-1 -1 $-1 $-1 $3075 2 1 2 1 1 1 3 1 1 1 1 1 1 1 0 1 1 1 origin_live $3075 @69 [face:ThickenSheet(tweak,face:ThickenSheet(split_gap,edge57))#face53] #
plane-surface $-1 -1 -1 $-1 7.8961999999999994 -3.3149500000000005 0 0.99999978711199722 -0.00065251510343568167 -0 0 0 -1 forward_v I I I I #
fbm_tag-tag-sys-attrib $-1 -1 $-1 $-1 $3083 2 1 2 1 1 1 3 1 1 1 1 1 1 1 0 1 1 1 origin_live $3083 @68 [face:ThickenSheet(tweak,face:ThickenSheet(split_gap,edge23))#face8] #
face $3182 -1 -1 $-1 $3183 $3184 $59 $-1 $3185 forward single F F #
loop $-1 -1 -1 $-1 $-1 $3153 $3083 T 6.9977999999999998 1.2830000000000001 0 6.9977999999999998 2.0458999999999996 0.017000000000000088 unknown #
plane-surface $-1 -1 -1 $-1 6.9977999999999998 1.66445 0 -1 -0 0 0 -0 1 forward_v I I I I #
coedge $-1 -1 -1 $-1 $3186 $3086 $3187 $3188 reversed $174 $-1 #
coedge $-1 -1 -1 $-1 $3169 $3168 $3086 $3138 forward $3170 $-1 #
edge $3189 -1 -1 $-1 $3190 0 $3140 0.29999999999999982 $3086 $3191 forward @7 unknown T 6.6978 -0.8629 0 6.9977999999999998 -0.8629 0 #
fbm_tag-tag-sys-attrib $-1 -1 $-1 $-1 $3088 2 1 2 1 1 1 3 1 1 1 1 1 1 1 0 1 1 1 origin_live $3088 @15 [edge55#edge55] #
vertex $3192 -1 -1 $-1 $3138 $3193 #
straight-curve $-1 -1 -1 $-1 6.6978 -0.8629 0 -0.0006525151034355005 -0.99999978711199722 0 F 0 F 4.9041010440242765 #
fbm_tag-tag-sys-attrib $-1 -1 $-1 $-1 $3090 2 1 2 1 1 1 3 1 1 1 1 1 1 1 0 1 1 1 origin_live $3090 @51 [vertex:ThickenSheet(split_new,vertex56)#vertex133] #
point $-1 -1 -1 $-1 6.6946000000000003 -5.7670000000000003 0 #
coedge $-1 -1 -1 $-1 $3094 $3194 $3195 $3196 reversed $174 $-1 #
coedge $-1 -1 -1 $-1 $3156 $3155 $3094 $3146 forward $3084 $-1 #
edge $3197 -1 -1 $-1 $3148 0 $3198 0.29999999999999982 $3094 $3199 forward @7 unknown T 6.6978 2.0458999999999996 0 6.9977999999999998 2.0458999999999996 0 #
fbm_tag-tag-sys-attrib $-1 -1 $-1 $-1 $3096 2 1 2 1 1 1 3 1 1 1 1 1 1 1 0 1 1 1 origin_live $3096 @15 [edge21#edge21] #
vertex $3200 -1 -1 $-1 $3096 $3201 #
straight-curve $-1 -1 -1 $-1 6.6946000000000003 6.9499999999999993 0 0.00065251510343550061 -0.99999978711199722 0 F 0 F 4.9041010440242756 #
fbm_tag-tag-sys-attrib $-1 -1 $-1 $-1 $3098 2 1 2 1 1 1 3 1 1 1 1 1 1 1 0 1 1 1 origin_live $3098 @51 [vertex:ThickenSheet(split_new,vertex21)#vertex134] #
point $-1 -1 -1 $-1 6.6946000000000003 6.9499999999999993 0 #
coedge $-1 -1 -1 $-1 $3202 $3102 $3203 $3204 forward $122 $-1 #
coedge $-1 -1 -1 $-1 $3205 $3206 $3102 $3154 reversed $3134 $-1 #
edge $3207 -1 -1 $-1 $3158 0 $3208 0.76289999999999947 $3102 $3209 forward @7 unknown T 6.9977999999999998 1.2830000000000001 0.017000000000000088 6.9977999999999998 2.0458999999999996 0.017000000000000088 #
coedge $-1 -1 -1 $-1 $3145 $3103 $3106 $3160 forward $3084 $-1 #
coedge $-1 -1 -1 $-1 $3103 $3145 $3205 $3210 reversed $3084 $-1 #
fbm_tag-tag-sys-attrib $-1 -1 $-1 $-1 $3104 2 1 2 1 1 1 3 1 1 1 1 1 1 1 0 1 1 1 origin_live $3104 @45 [edge:ThickenSheet(split_new,edge22)#edge105] #
vertex $3211 -1 -1 $-1 $3154 $3212 #
straight-curve $-1 -1 -1 $-1 6.6978 2.0458999999999996 0.017000000000000088 1 0 0 I I #
edge $3213 -1 -1 $-1 $3108 0 $3148 0.017000000000000088 $3155 $3214 forward @7 unknown T 6.6978 2.0458999999999996 0 6.6978 2.0458999999999996 0.017000000000000088 #
fbm_tag-tag-sys-attrib $-1 -1 $-1 $-1 $3108 2 1 2 1 1 1 3 1 1 1 1 1 1 1 0 1 1 1 origin_live $3108 @19 [vertex22#vertex22] #
point $-1 -1 -1 $-1 6.6978 2.0458999999999996 0.017000000000000088 #
fbm_tag-tag-sys-attrib $-1 -1 $-1 $-1 $3110 2 1 2 1 1 1 3 1 1 1 1 1 1 1 0 1 1 1 origin_live $3110 @47 [edge:ThickenSheet(split_gap,vertex21)#edge102] #
straight-curve $-1 -1 -1 $-1 6.6946000000000003 6.9499999999999993 0.017000000000000088 0 0 -1 F -10017.586675894363 F 10017.620675894363 #
coedge $-1 -1 -1 $-1 $3115 $3215 $3216 $3217 forward $122 $-1 #
coedge $-1 -1 -1 $-1 $3218 $3219 $3115 $3167 reversed $3220 $-1 #
edge $3221 -1 -1 $-1 $3222 0 $3172 0.76290000000000002 $3115 $3223 forward @7 unknown T 6.9977999999999998 -0.8629 0.017000000000000088 6.9977999999999998 -0.10000000000000001 0.017000000000000088 #
coedge $-1 -1 -1 $-1 $3137 $3116 $3219 $3224 forward $3170 $-1 #
coedge $-1 -1 -1 $-1 $3116 $3137 $3118 $3174 reversed $3170 $-1 #
loop $-1 -1 -1 $-1 $-1 $3116 $3225 T 6.6978 -0.8629 0 6.9977999999999998 -0.8629 0.017000000000000088 unknown #
fbm_tag-tag-sys-attrib $-1 -1 $-1 $-1 $3117 2 1 2 1 1 1 3 1 1 1 1 1 1 1 0 1 1 1 origin_live $3117 @45 [edge:ThickenSheet(split_new,edge54)#edge175] #
vertex $3226 -1 -1 $-1 $3117 $3227 #
straight-curve $-1 -1 -1 $-1 6.9977999999999998 -0.8629 0.017000000000000088 -1 0 0 I I #
edge $3228 -1 -1 $-1 $3122 0 $3140 0.017000000000000088 $3118 $3229 forward @7 unknown T 6.6978 -0.8629 0 6.6978 -0.8629 0.017000000000000088 #
face $3230 -1 -1 $-1 $3125 $3120 $59 $-1 $3231 forward single F F #
fbm_tag-tag-sys-attrib $-1 -1 $-1 $-1 $3122 2 1 2 1 1 1 3 1 1 1 1 1 1 1 0 1 1 1 origin_live $3122 @19 [vertex55#vertex55] #
point $-1 -1 -1 $-1 6.6978 -0.8629 0.017000000000000088 #
fbm_tag-tag-sys-attrib $-1 -1 $-1 $-1 $3124 2 1 2 1 1 1 3 1 1 1 1 1 1 1 0 1 1 1 origin_live $3124 @47 [edge:ThickenSheet(split_gap,vertex56)#edge179] #
straight-curve $-1 -1 -1 $-1 6.6946000000000003 -5.7670000000000003 0.017000000000000088 0 0 -1 F -10017.586675894363 F 10017.620675894363 #
fbm_tag-tag-sys-attrib $-1 -1 $-1 $-1 $3125 2 1 2 1 1 1 3 1 1 1 1 1 1 1 0 1 1 1 origin_live $3125 @69 [face:ThickenSheet(tweak,face:ThickenSheet(split_gap,edge56))#face51] #
plane-surface $-1 -1 -1 $-1 7.2946 -5.7670000000000003 0 -0 -1 -0 0 0 -1 forward_v I I I I #
fbm_tag-tag-sys-attrib $-1 -1 $-1 $-1 $3133 2 1 2 1 1 1 3 1 1 1 1 1 1 1 0 1 1 1 origin_live $3133 @68 [face:ThickenSheet(tweak,face:ThickenSheet(split_gap,edge24))#face9] #
face $3232 -1 -1 $-1 $3233 $3234 $59 $-1 $3235 forward single F F #
loop $-1 -1 -1 $-1 $-1 $3203 $3133 T 5.3499999999999996 1.2830000000000001 0 6.9977999999999998 1.2830000000000001 0.017000000000000088 unknown #
plane-surface $-1 -1 -1 $-1 6.1738999999999997 1.2830000000000001 0 -0 1 -0 -0 0 1 forward_v I I I I #
coedge $-1 -1 -1 $-1 $3236 $3136 $3237 $3238 reversed $174 $-1 #
coedge $-1 -1 -1 $-1 $3219 $3218 $3136 $3188 forward $3220 $-1 #
edge $3239 -1 -1 $-1 $3240 0 $3190 0.76290000000000002 $3136 $3241 forward @7 unknown T 6.9977999999999998 -0.8629 0 6.9977999999999998 -0.10000000000000001 0 #
fbm_tag-tag-sys-attrib $-1 -1 $-1 $-1 $3138 2 1 2 1 1 1 3 1 1 1 1 1 1 1 0 1 1 1 origin_live $3138 @15 [edge54#edge54] #
vertex $3242 -1 -1 $-1 $3188 $3243 #
straight-curve $-1 -1 -1 $-1 6.9977999999999998 -0.8629 0 -1 0 0 F 0 F 0.29999999999999982 #
fbm_tag-tag-sys-attrib $-1 -1 $-1 $-1 $3140 2 1 2 1 1 1 3 1 1 1 1 1 1 1 0 1 1 1 origin_live $3140 @51 [vertex:ThickenSheet(split_new,vertex55)#vertex135] #
point $-1 -1 -1 $-1 6.6978 -0.8629 0 #
coedge $-1 -1 -1 $-1 $3144 $3244 $3245 $3246 reversed $174 $-1 #
coedge $-1 -1 -1 $-1 $3206 $3205 $3144 $3196 forward $3134 $-1 #
edge $3247 -1 -1 $-1 $3198 0 $3248 0.76289999999999947 $3144 $3249 forward @7 unknown T 6.9977999999999998 1.2830000000000001 0 6.9977999999999998 2.0458999999999996 0 #
fbm_tag-tag-sys-attrib $-1 -1 $-1 $-1 $3146 2 1 2 1 1 1 3 1 1 1 1 1 1 1 0 1 1 1 origin_live $3146 @15 [edge22#edge22] #
vertex $3250 -1 -1 $-1 $3146 $3251 #
straight-curve $-1 -1 -1 $-1 6.6978 2.0458999999999996 0 1 0 0 F 0 F 0.29999999999999982 #
fbm_tag-tag-sys-attrib $-1 -1 $-1 $-1 $3148 2 1 2 1 1 1 3 1 1 1 1 1 1 1 0 1 1 1 origin_live $3148 @51 [vertex:ThickenSheet(split_new,vertex22)#vertex136] #
point $-1 -1 -1 $-1 6.6978 2.0458999999999996 0 #
coedge $-1 -1 -1 $-1 $3252 $3152 $3253 $3254 forward $122 $-1 #
coedge $-1 -1 -1 $-1 $3255 $3256 $3152 $3204 reversed $3184 $-1 #
edge $3257 -1 -1 $-1 $3208 0 $3258 1.6478000000000002 $3152 $3259 forward @7 unknown T 5.3499999999999996 1.2830000000000001 0.017000000000000088 6.9977999999999998 1.2830000000000001 0.017000000000000088 #
coedge $-1 -1 -1 $-1 $3195 $3153 $3156 $3210 forward $3134 $-1 #
coedge $-1 -1 -1 $-1 $3153 $3195 $3255 $3260 reversed $3134 $-1 #
fbm_tag-tag-sys-attrib $-1 -1 $-1 $-1 $3154 2 1 2 1 1 1 3 1 1 1 1 1 1 1 0 1 1 1 origin_live $3154 @45 [edge:ThickenSheet(split_new,edge23)#edge108] #
vertex $3261 -1 -1 $-1 $3204 $3262 #
straight-curve $-1 -1 -1 $-1 6.9977999999999998 2.0458999999999996 0.017000000000000088 0 -1 0 I I #
edge $3263 -1 -1 $-1 $3158 0 $3198 0.017000000000000088 $3205 $3264 forward @7 unknown T 6.9977999999999998 2.0458999999999996 0 6.9977999999999998 2.0458999999999996 0.017000000000000088 #
fbm_tag-tag-sys-attrib $-1 -1 $-1 $-1 $3158 2 1 2 1 1 1 3 1 1 1 1 1 1 1 0 1 1 1 origin_live $3158 @19 [vertex23#vertex23] #
point $-1 -1 -1 $-1 6.9977999999999998 2.0458999999999996 0.017000000000000088 #
fbm_tag-tag-sys-attrib $-1 -1 $-1 $-1 $3160 2 1 2 1 1 1 3 1 1 1 1 1 1 1 0 1 1 1 origin_live $3160 @47 [edge:ThickenSheet(split_gap,vertex22)#edge104] #
straight-curve $-1 -1 -1 $-1 6.6978 2.0458999999999996 0.017000000000000088 0 0 -1 F -10017.586675894363 F 10017.620675894363 #
coedge $-1 -1 -1 $-1 $3165 $3265 $3266 $3267 forward $122 $-1 #
coedge $-1 -1 -1 $-1 $3268 $3269 $3165 $3217 reversed $3270 $-1 #
edge $3271 -1 -1 $-1 $3272 0 $3222 1.6478000000000002 $3165 $3273 forward @7 unknown T 5.3499999999999996 -0.10000000000000001 0.017000000000000088 6.9977999999999998 -0.10000000000000001 0.017000000000000088 #
coedge $-1 -1 -1 $-1 $3187 $3166 $3269 $3274 forward $3220 $-1 #
coedge $-1 -1 -1 $-1 $3166 $3187 $3168 $3224 reversed $3220 $-1 #
loop $-1 -1 -1 $-1 $-1 $3166 $3275 T 6.9977999999999998 -0.8629 0 6.9977999999999998 -0.10000000000000001 0.017000000000000088 unknown #
fbm_tag-tag-sys-attrib $-1 -1 $-1 $-1 $3167 2 1 2 1 1 1 3 1 1 1 1 1 1 1 0 1 1 1 origin_live $3167 @45 [edge:ThickenSheet(split_new,edge53)#edge173] #
vertex $3276 -1 -1 $-1 $3167 $3277 #
straight-curve $-1 -1 -1 $-1 6.9977999999999998 -0.10000000000000001 0.017000000000000088 0 -1 0 I I #
edge $3278 -1 -1 $-1 $3172 0 $3190 0.017000000000000088 $3168 $3279 forward @7 unknown T 6.9977999999999998 -0.8629 0 6.9977999999999998 -0.8629 0.017000000000000088 #
face $3280 -1 -1 $-1 $3175 $3170 $59 $-1 $3281 forward single F F #
fbm_tag-tag-sys-attrib $-1 -1 $-1 $-1 $3172 2 1 2 1 1 1 3 1 1 1 1 1 1 1 0 1 1 1 origin_live $3172 @19 [vertex54#vertex54] #
point $-1 -1 -1 $-1 6.9977999999999998 -0.8629 0.017000000000000088 #
fbm_tag-tag-sys-attrib $-1 -1 $-1 $-1 $3174 2 1 2 1 1 1 3 1 1 1 1 1 1 1 0 1 1 1 origin_live $3174 @47 [edge:ThickenSheet(split_gap,vertex55)#edge176] #
straight-curve $-1 -1 -1 $-1 6.6978 -0.8629 0.017000000000000088 0 0 -1 F -10017.586675894363 F 10017.620675894363 #
fbm_tag-tag-sys-attrib $-1 -1 $-1 $-1 $3175 2 1 2 1 1 1 3 1 1 1 1 1 1 1 0 1 1 1 origin_live $3175 @69 [face:ThickenSheet(tweak,face:ThickenSheet(split_gap,edge55))#face49] #
plane-surface $-1 -1 -1 $-1 6.6962000000000002 -3.3149499999999996 0 -0.99999978711199722 0.0006525151034355005 -0 -0 0 1 forward_v I I I I #
fbm_tag-tag-sys-attrib $-1 -1 $-1 $-1 $3183 2 1 2 1 1 1 3 1 1 1 1 1 1 1 0 1 1 1 origin_live $3183 @69 [face:ThickenSheet(tweak,face:ThickenSheet(split_gap,edge25))#face11] #
face $3282 -1 -1 $-1 $3283 $3284 $59 $-1 $3285 forward single F F #
loop $-1 -1 -1 $-1 $-1 $3253 $3183 T 5.3499999999999996 1.2 0 5.3499999999999996 1.2830000000000001 0.017000000000000088 unknown #
plane-surface $-1 -1 -1 $-1 5.3499999999999996 1.2415 0 -1 -0 0 0 -0 1 forward_v I I I I #
coedge $-1 -1 -1 $-1 $3286 $3186 $3287 $3288 reversed $174 $-1 #
coedge $-1 -1 -1 $-1 $3269 $3268 $3186 $3238 forward $3270 $-1 #
edge $3289 -1 -1 $-1 $3290 0 $3240 1.6478000000000002 $3186 $3291 forward @7 unknown T 5.3499999999999996 -0.10000000000000001 0 6.9977999999999998 -0.10000000000000001 0 #
fbm_tag-tag-sys-attrib $-1 -1 $-1 $-1 $3188 2 1 2 1 1 1 3 1 1 1 1 1 1 1 0 1 1 1 origin_live $3188 @15 [edge53#edge53] #
vertex $3292 -1 -1 $-1 $3238 $3293 #
straight-curve $-1 -1 -1 $-1 6.9977999999999998 -0.10000000000000001 0 0 -1 0 F 0 F 0.76290000000000002 #
fbm_tag-tag-sys-attrib $-1 -1 $-1 $-1 $3190 2 1 2 1 1 1 3 1 1 1 1 1 1 1 0 1 1 1 origin_live $3190 @51 [vertex:ThickenSheet(split_new,vertex54)#vertex137] #
point $-1 -1 -1 $-1 6.9977999999999998 -0.8629 0 #
coedge $-1 -1 -1 $-1 $3194 $3294 $3295 $3296 reversed $174 $-1 #
coedge $-1 -1 -1 $-1 $3256 $3255 $3194 $3246 forward $3184 $-1 #
edge $3297 -1 -1 $-1 $3248 0 $3298 1.6478000000000002 $3194 $3299 forward @7 unknown T 5.3499999999999996 1.2830000000000001 0 6.9977999999999998 1.2830000000000001 0 #
fbm_tag-tag-sys-attrib $-1 -1 $-1 $-1 $3196 2 1 2 1 1 1 3 1 1 1 1 1 1 1 0 1 1 1 origin_live $3196 @15 [edge23#edge23] #
vertex $3300 -1 -1 $-1 $3196 $3301 #
straight-curve $-1 -1 -1 $-1 6.9977999999999998 2.0458999999999996 0 0 -1 0 F 0 F 0.76289999999999947 #
fbm_tag-tag-sys-attrib $-1 -1 $-1 $-1 $3198 2 1 2 1 1 1 3 1 1 1 1 1 1 1 0 1 1 1 origin_live $3198 @51 [vertex:ThickenSheet(split_new,vertex23)#vertex142] #
point $-1 -1 -1 $-1 6.9977999999999998 2.0458999999999996 0 #
coedge $-1 -1 -1 $-1 $3302 $3202 $3303 $3304 forward $122 $-1 #
coedge $-1 -1 -1 $-1 $3305 $3306 $3202 $3254 reversed $3234 $-1 #
edge $3307 -1 -1 $-1 $3258 0 $3308 0.083000000000000185 $3202 $3309 forward @7 unknown T 5.3499999999999996 1.2 0.017000000000000088 5.3499999999999996 1.2830000000000001 0.017000000000000088 #
coedge $-1 -1 -1 $-1 $3245 $3203 $3206 $3260 forward $3184 $-1 #
coedge $-1 -1 -1 $-1 $3203 $3245 $3305 $3310 reversed $3184 $-1 #
fbm_tag-tag-sys-attrib $-1 -1 $-1 $-1 $3204 2 1 2 1 1 1 3 1 1 1 1 1 1 1 0 1 1 1 origin_live $3204 @45 [edge:ThickenSheet(split_new,edge24)#edge110] #
vertex $3311 -1 -1 $-1 $3254 $3312 #
straight-curve $-1 -1 -1 $-1 6.9977999999999998 1.2830000000000001 0.017000000000000088 -1 0 0 I I #
edge $3313 -1 -1 $-1 $3208 0 $3248 0.017000000000000088 $3255 $3314 forward @7 unknown T 6.9977999999999998 1.2830000000000001 0 6.9977999999999998 1.2830000000000001 0.017000000000000088 #
fbm_tag-tag-sys-attrib $-1 -1 $-1 $-1 $3208 2 1 2 1 1 1 3 1 1 1 1 1 1 1 0 1 1 1 origin_live $3208 @19 [vertex24#vertex24] #
point $-1 -1 -1 $-1 6.9977999999999998 1.2830000000000001 0.017000000000000088 #
fbm_tag-tag-sys-attrib $-1 -1 $-1 $-1 $3210 2 1 2 1 1 1 3 1 1 1 1 1 1 1 0 1 1 1 origin_live $3210 @47 [edge:ThickenSheet(split_gap,vertex23)#edge107] #
straight-curve $-1 -1 -1 $-1 6.9977999999999998 2.0458999999999996 0.017000000000000088 0 0 -1 F -10017.586675894363 F 10017.620675894363 #
coedge $-1 -1 -1 $-1 $3215 $3315 $3316 $3317 forward $122 $-1 #
coedge $-1 -1 -1 $-1 $3318 $3319 $3215 $3267 reversed $3320 $-1 #
edge $3321 -1 -1 $-1 $3322 0 $3272 0.10000000000000001 $3215 $3323 forward @7 unknown T 5.3499999999999996 -0.10000000000000001 0.017000000000000088 5.3499999999999996 0 0.017000000000000088 #
coedge $-1 -1 -1 $-1 $3237 $3216 $3319 $3324 forward $3270 $-1 #
coedge $-1 -1 -1 $-1 $3216 $3237 $3218 $3274 reversed $3270 $-1 #
loop $-1 -1 -1 $-1 $-1 $3216 $3325 T 5.3499999999999996 -0.10000000000000001 0 6.9977999999999998 -0.10000000000000001 0.017000000000000088 unknown #
fbm_tag-tag-sys-attrib $-1 -1 $-1 $-1 $3217 2 1 2 1 1 1 3 1 1 1 1 1 1 1 0 1 1 1 origin_live $3217 @45 [edge:ThickenSheet(split_new,edge52)#edge171] #
vertex $3326 -1 -1 $-1 $3217 $3327 #
straight-curve $-1 -1 -1 $-1 5.3499999999999996 -0.10000000000000001 0.017000000000000088 1 0 0 I I #
edge $3328 -1 -1 $-1 $3222 0 $3240 0.017000000000000088 $3218 $3329 forward @7 unknown T 6.9977999999999998 -0.10000000000000001 0 6.9977999999999998 -0.10000000000000001 0.017000000000000088 #
face $3330 -1 -1 $-1 $3225 $3220 $59 $-1 $3331 forward single F F #
fbm_tag-tag-sys-attrib $-1 -1 $-1 $-1 $3222 2 1 2 1 1 1 3 1 1 1 1 1 1 1 0 1 1 1 origin_live $3222 @19 [vertex53#vertex53] #
point $-1 -1 -1 $-1 6.9977999999999998 -0.10000000000000001 0.017000000000000088 #
fbm_tag-tag-sys-attrib $-1 -1 $-1 $-1 $3224 2 1 2 1 1 1 3 1 1 1 1 1 1 1 0 1 1 1 origin_live $3224 @47 [edge:ThickenSheet(split_gap,vertex54)#edge174] #
straight-curve $-1 -1 -1 $-1 6.9977999999999998 -0.8629 0.017000000000000088 0 0 -1 F -10017.586675894363 F 10017.620675894363 #
fbm_tag-tag-sys-attrib $-1 -1 $-1 $-1 $3225 2 1 2 1 1 1 3 1 1 1 1 1 1 1 0 1 1 1 origin_live $3225 @69 [face:ThickenSheet(tweak,face:ThickenSheet(split_gap,edge54))#face48] #
plane-surface $-1 -1 -1 $-1 6.8477999999999994 -0.8629 0 -0 1 -0 -0 0 1 forward_v I I I I #
fbm_tag-tag-sys-attrib $-1 -1 $-1 $-1 $3233 2 1 2 1 1 1 3 1 1 1 1 1 1 1 0 1 1 1 origin_live $3233 @69 [face:ThickenSheet(tweak,face:ThickenSheet(split_gap,edge26))#face12] #
face $3332 -1 -1 $-1 $3333 $3334 $59 $-1 $3335 forward single F F #
loop $-1 -1 -1 $-1 $-1 $3303 $3233 T 5.1500000000000004 1.2 0 5.3499999999999996 1.2 0.017000000000000088 unknown #
plane-surface $-1 -1 -1 $-1 5.25 1.2 0 -0 1 -0 -0 0 1 forward_v I I I I #
coedge $-1 -1 -1 $-1 $3336 $3236 $3337 $3338 reversed $174 $-1 #
coedge $-1 -1 -1 $-1 $3319 $3318 $3236 $3288 forward $3320 $-1 #
edge $3339 -1 -1 $-1 $3340 0 $3290 0.10000000000000001 $3236 $3341 forward @7 unknown T 5.3499999999999996 -0.10000000000000001 0 5.3499999999999996 0 0 #
fbm_tag-tag-sys-attrib $-1 -1 $-1 $-1 $3238 2 1 2 1 1 1 3 1 1 1 1 1 1 1 0 1 1 1 origin_live $3238 @15 [edge52#edge52] #
vertex $3342 -1 -1 $-1 $3288 $3343 #
straight-curve $-1 -1 -1 $-1 5.3499999999999996 -0.10000000000000001 0 1 0 0 F 0 F 1.6478000000000002 #
fbm_tag-tag-sys-attrib $-1 -1 $-1 $-1 $3240 2 1 2 1 1 1 3 1 1 1 1 1 1 1 0 1 1 1 origin_live $3240 @51 [vertex:ThickenSheet(split_new,vertex53)#vertex138] #
point $-1 -1 -1 $-1 6.9977999999999998 -0.10000000000000001 0 #
coedge $-1 -1 -1 $-1 $3244 $3344 $3345 $3346 reversed $174 $-1 #
coedge $-1 -1 -1 $-1 $3306 $3305 $3244 $3296 forward $3234 $-1 #
edge $3347 -1 -1 $-1 $3298 0 $3348 0.083000000000000185 $3244 $3349 forward @7 unknown T 5.3499999999999996 1.2 0 5.3499999999999996 1.2830000000000001 0 #
fbm_tag-tag-sys-attrib $-1 -1 $-1 $-1 $3246 2 1 2 1 1 1 3 1 1 1 1 1 1 1 0 1 1 1 origin_live $3246 @15 [edge24#edge24] #
vertex $3350 -1 -1 $-1 $3246 $3351 #
straight-curve $-1 -1 -1 $-1 6.9977999999999998 1.2830000000000001 0 -1 0 0 F 0 F 1.6478000000000002 #
fbm_tag-tag-sys-attrib $-1 -1 $-1 $-1 $3248 2 1 2 1 1 1 3 1 1 1 1 1 1 1 0 1 1 1 origin_live $3248 @51 [vertex:ThickenSheet(split_new,vertex24)#vertex141] #
point $-1 -1 -1 $-1 6.9977999999999998 1.2830000000000001 0 #
coedge $-1 -1 -1 $-1 $3352 $3252 $3353 $3354 forward $122 $-1 #
coedge $-1 -1 -1 $-1 $3355 $3356 $3252 $3304 reversed $3284 $-1 #
edge $3357 -1 -1 $-1 $3308 0 $3358 0.19999999999999929 $3252 $3359 forward @7 unknown T 5.1500000000000004 1.2 0.017000000000000088 5.3499999999999996 1.2 0.017000000000000088 #
coedge $-1 -1 -1 $-1 $3295 $3253 $3256 $3310 forward $3234 $-1 #
coedge $-1 -1 -1 $-1 $3253 $3295 $3355 $3360 reversed $3234 $-1 #
fbm_tag-tag-sys-attrib $-1 -1 $-1 $-1 $3254 2 1 2 1 1 1 3 1 1 1 1 1 1 1 0 1 1 1 origin_live $3254 @45 [edge:ThickenSheet(split_new,edge25)#edge112] #
vertex $3361 -1 -1 $-1 $3304 $3362 #
straight-curve $-1 -1 -1 $-1 5.3499999999999996 1.2830000000000001 0.017000000000000088 0 -1 0 I I #
edge $3363 -1 -1 $-1 $3258 0 $3298 0.017000000000000088 $3305 $3364 forward @7 unknown T 5.3499999999999996 1.2830000000000001 0 5.3499999999999996 1.2830000000000001 0.017000000000000088 #
fbm_tag-tag-sys-attrib $-1 -1 $-1 $-1 $3258 2 1 2 1 1 1 3 1 1 1 1 1 1 1 0 1 1 1 origin_live $3258 @19 [vertex25#vertex25] #
point $-1 -1 -1 $-1 5.3499999999999996 1.2830000000000001 0.017000000000000088 #
fbm_tag-tag-sys-attrib $-1 -1 $-1 $-1 $3260 2 1 2 1 1 1 3 1 1 1 1 1 1 1 0 1 1 1 origin_live $3260 @47 [edge:ThickenSheet(split_gap,vertex24)#edge109] #
straight-curve $-1 -1 -1 $-1 6.9977999999999998 1.2830000000000001 0.017000000000000088 0 0 -1 F -10017.586675894363 F 10017.620675894363 #
coedge $-1 -1 -1 $-1 $3265 $3365 $3366 $3367 forward $122 $-1 #
coedge $-1 -1 -1 $-1 $3368 $3369 $3265 $3317 reversed $3370 $-1 #
edge $3371 -1 -1 $-1 $3372 0 $3322 0.19999999999999929 $3265 $3373 forward @7 unknown T 5.1500000000000004 0 0.017000000000000088 5.3499999999999996 0 0.017000000000000088 #
coedge $-1 -1 -1 $-1 $3287 $3266 $3369 $3374 forward $3320 $-1 #
coedge $-1 -1 -1 $-1 $3266 $3287 $3268 $3324 reversed $3320 $-1 #
loop $-1 -1 -1 $-1 $-1 $3266 $3375 T 5.3499999999999996 -0.10000000000000001 0 5.3499999999999996 0 0.017000000000000088 unknown #
fbm_tag-tag-sys-attrib $-1 -1 $-1 $-1 $3267 2 1 2 1 1 1 3 1 1 1 1 1 1 1 0 1 1 1 origin_live $3267 @45 [edge:ThickenSheet(split_new,edge51)#edge169] #
vertex $3376 -1 -1 $-1 $3267 $3377 #
straight-curve $-1 -1 -1 $-1 5.3499999999999996 0 0.017000000000000088 0 -1 0 I I #
edge $3378 -1 -1 $-1 $3272 0 $3290 0.017000000000000088 $3268 $3379 forward @7 unknown T 5.3499999999999996 -0.10000000000000001 0 5.3499999999999996 -0.10000000000000001 0.017000000000000088 #
face $3380 -1 -1 $-1 $3275 $3270 $59 $-1 $3381 forward single F F #
fbm_tag-tag-sys-attrib $-1 -1 $-1 $-1 $3272 2 1 2 1 1 1 3 1 1 1 1 1 1 1 0 1 1 1 origin_live $3272 @19 [vertex52#vertex52] #
point $-1 -1 -1 $-1 5.3499999999999996 -0.10000000000000001 0.017000000000000088 #
fbm_tag-tag-sys-attrib $-1 -1 $-1 $-1 $3274 2 1 2 1 1 1 3 1 1 1 1 1 1 1 0 1 1 1 origin_live $3274 @47 [edge:ThickenSheet(split_gap,vertex53)#edge172] #
straight-curve $-1 -1 -1 $-1 6.9977999999999998 -0.10000000000000001 0.017000000000000088 0 0 -1 F -10017.586675894363 F 10017.620675894363 #
fbm_tag-tag-sys-attrib $-1 -1 $-1 $-1 $3275 2 1 2 1 1 1 3 1 1 1 1 1 1 1 0 1 1 1 origin_live $3275 @69 [face:ThickenSheet(tweak,face:ThickenSheet(split_gap,edge53))#face47] #
plane-surface $-1 -1 -1 $-1 6.9977999999999998 -0.48145000000000004 0 -1 -0 0 0 -0 1 forward_v I I I I #
fbm_tag-tag-sys-attrib $-1 -1 $-1 $-1 $3283 2 1 2 1 1 1 3 1 1 1 1 1 1 1 0 1 1 1 origin_live $3283 @69 [face:ThickenSheet(tweak,face:ThickenSheet(split_gap,edge27))#face13] #
face $3382 -1 -1 $-1 $3383 $3384 $59 $-1 $3385 forward single F F #
loop $-1 -1 -1 $-1 $-1 $3353 $3283 T 5.1142000000000003 1.2 0 5.1500000000000004 1.7136 0.017000000000000088 unknown #
plane-surface $-1 -1 -1 $-1 5.1321000000000003 1.4567999999999999 0 0.99757948947345454 0.069535330457846031 -0 -0 0 -1 forward_v I I I I #
coedge $-1 -1 -1 $-1 $3386 $3286 $3387 $3388 reversed $174 $-1 #
coedge $-1 -1 -1 $-1 $3369 $3368 $3286 $3338 forward $3370 $-1 #
edge $3389 -1 -1 $-1 $3390 0 $3340 0.19999999999999929 $3286 $3391 forward @7 unknown T 5.1500000000000004 0 0 5.3499999999999996 0 0 #
fbm_tag-tag-sys-attrib $-1 -1 $-1 $-1 $3288 2 1 2 1 1 1 3 1 1 1 1 1 1 1 0 1 1 1 origin_live $3288 @15 [edge51#edge51] #
vertex $3392 -1 -1 $-1 $3338 $3393 #
straight-curve $-1 -1 -1 $-1 5.3499999999999996 0 0 0 -1 0 F 0 F 0.10000000000000001 #
fbm_tag-tag-sys-attrib $-1 -1 $-1 $-1 $3290 2 1 2 1 1 1 3 1 1 1 1 1 1 1 0 1 1 1 origin_live $3290 @51 [vertex:ThickenSheet(split_new,vertex52)#vertex125] #
point $-1 -1 -1 $-1 5.3499999999999996 -0.10000000000000001 0 #
coedge $-1 -1 -1 $-1 $3294 $3394 $3395 $3396 reversed $174 $-1 #
coedge $-1 -1 -1 $-1 $3356 $3355 $3294 $3346 forward $3284 $-1 #
edge $3397 -1 -1 $-1 $3348 0 $3398 0.19999999999999929 $3294 $3399 forward @7 unknown T 5.1500000000000004 1.2 0 5.3499999999999996 1.2 0 #
fbm_tag-tag-sys-attrib $-1 -1 $-1 $-1 $3296 2 1 2 1 1 1 3 1 1 1 1 1 1 1 0 1 1 1 origin_live $3296 @15 [edge25#edge25] #
vertex $3400 -1 -1 $-1 $3296 $3401 #
straight-curve $-1 -1 -1 $-1 5.3499999999999996 1.2830000000000001 0 0 -1 0 F 0 F 0.083000000000000185 #
fbm_tag-tag-sys-attrib $-1 -1 $-1 $-1 $3298 2 1 2 1 1 1 3 1 1 1 1 1 1 1 0 1 1 1 origin_live $3298 @51 [vertex:ThickenSheet(split_new,vertex25)#vertex132] #
point $-1 -1 -1 $-1 5.3499999999999996 1.2830000000000001 0 #
coedge $-1 -1 -1 $-1 $3402 $3302 $3403 $3404 forward $122 $-1 #
coedge $-1 -1 -1 $-1 $3405 $3406 $3302 $3354 reversed $3334 $-1 #
edge $3407 -1 -1 $-1 $3358 0 $3408 0.5148461906239572 $3302 $3409 forward @7 unknown T 5.1142000000000003 1.2 0.017000000000000088 5.1500000000000004 1.7136 0.017000000000000088 #
coedge $-1 -1 -1 $-1 $3345 $3303 $3306 $3360 forward $3284 $-1 #
coedge $-1 -1 -1 $-1 $3303 $3345 $3405 $3410 reversed $3284 $-1 #
fbm_tag-tag-sys-attrib $-1 -1 $-1 $-1 $3304 2 1 2 1 1 1 3 1 1 1 1 1 1 1 0 1 1 1 origin_live $3304 @45 [edge:ThickenSheet(split_new,edge26)#edge114] #
vertex $3411 -1 -1 $-1 $3354 $3412 #
straight-curve $-1 -1 -1 $-1 5.3499999999999996 1.2 0.017000000000000088 -1 0 0 I I #
edge $3413 -1 -1 $-1 $3308 0 $3348 0.017000000000000088 $3355 $3414 forward @7 unknown T 5.3499999999999996 1.2 0 5.3499999999999996 1.2 0.017000000000000088 #
fbm_tag-tag-sys-attrib $-1 -1 $-1 $-1 $3308 2 1 2 1 1 1 3 1 1 1 1 1 1 1 0 1 1 1 origin_live $3308 @19 [vertex26#vertex26] #
point $-1 -1 -1 $-1 5.3499999999999996 1.2 0.017000000000000088 #
fbm_tag-tag-sys-attrib $-1 -1 $-1 $-1 $3310 2 1 2 1 1 1 3 1 1 1 1 1 1 1 0 1 1 1 origin_live $3310 @47 [edge:ThickenSheet(split_gap,vertex25)#edge111] #
straight-curve $-1 -1 -1 $-1 5.3499999999999996 1.2830000000000001 0.017000000000000088 0 0 -1 F -10017.586675894363 F 10017.620675894363 #
coedge $-1 -1 -1 $-1 $3315 $3415 $3416 $3417 forward $122 $-1 #
coedge $-1 -1 -1 $-1 $3418 $3419 $3315 $3367 reversed $3420 $-1 #
edge $3421 -1 -1 $-1 $3422 0 $3372 0.52996411199250082 $3315 $3423 forward @7 unknown T 5.1120000000000001 -0.52859999999999996 0.017000000000000088 5.1500000000000004 0 0.017000000000000088 #
coedge $-1 -1 -1 $-1 $3337 $3316 $3419 $3424 forward $3370 $-1 #
coedge $-1 -1 -1 $-1 $3316 $3337 $3318 $3374 reversed $3370 $-1 #
loop $-1 -1 -1 $-1 $-1 $3316 $3425 T 5.1500000000000004 0 0 5.3499999999999996 0 0.017000000000000088 unknown #
fbm_tag-tag-sys-attrib $-1 -1 $-1 $-1 $3317 2 1 2 1 1 1 3 1 1 1 1 1 1 1 0 1 1 1 origin_live $3317 @45 [edge:ThickenSheet(split_new,edge50)#edge167] #
vertex $3426 -1 -1 $-1 $3317 $3427 #
straight-curve $-1 -1 -1 $-1 5.1500000000000004 0 0.017000000000000088 1 0 0 I I #
edge $3428 -1 -1 $-1 $3322 0 $3340 0.017000000000000088 $3318 $3429 forward @7 unknown T 5.3499999999999996 0 0 5.3499999999999996 0 0.017000000000000088 #
face $3430 -1 -1 $-1 $3325 $3320 $59 $-1 $3431 forward single F F #
fbm_tag-tag-sys-attrib $-1 -1 $-1 $-1 $3322 2 1 2 1 1 1 3 1 1 1 1 1 1 1 0 1 1 1 origin_live $3322 @19 [vertex51#vertex51] #
point $-1 -1 -1 $-1 5.3499999999999996 0 0.017000000000000088 #
fbm_tag-tag-sys-attrib $-1 -1 $-1 $-1 $3324 2 1 2 1 1 1 3 1 1 1 1 1 1 1 0 1 1 1 origin_live $3324 @47 [edge:ThickenSheet(split_gap,vertex52)#edge170] #
straight-curve $-1 -1 -1 $-1 5.3499999999999996 -0.10000000000000001 0.017000000000000088 0 0 -1 F -10017.586675894363 F 10017.620675894363 #
fbm_tag-tag-sys-attrib $-1 -1 $-1 $-1 $3325 2 1 2 1 1 1 3 1 1 1 1 1 1 1 0 1 1 1 origin_live $3325 @69 [face:ThickenSheet(tweak,face:ThickenSheet(split_gap,edge52))#face46] #
plane-surface $-1 -1 -1 $-1 6.1738999999999997 -0.10000000000000001 0 -0 -1 -0 0 0 -1 forward_v I I I I #
fbm_tag-tag-sys-attrib $-1 -1 $-1 $-1 $3333 2 1 2 1 1 1 3 1 1 1 1 1 1 1 0 1 1 1 origin_live $3333 @69 [face:ThickenSheet(tweak,face:ThickenSheet(split_gap,edge28))#face14] #
face $3432 -1 -1 $-1 $3433 $3434 $59 $-1 $3435 forward single F F #
loop $-1 -1 -1 $-1 $-1 $3403 $3333 T 5.0808999999999997 1.7136 0 5.1142000000000003 1.9115 0.017000000000000088 unknown #
plane-surface $-1 -1 -1 $-1 5.09755 1.8125499999999999 0 0.98613684491357811 0.16593409265094847 -0 -0 0 -1 forward_v I I I I #
coedge $-1 -1 -1 $-1 $3436 $3336 $3437 $3438 reversed $174 $-1 #
coedge $-1 -1 -1 $-1 $3419 $3418 $3336 $3388 forward $3420 $-1 #
edge $3439 -1 -1 $-1 $3440 0 $3390 0.52996411199250082 $3336 $3441 forward @7 unknown T 5.1120000000000001 -0.52859999999999996 0 5.1500000000000004 0 0 #
fbm_tag-tag-sys-attrib $-1 -1 $-1 $-1 $3338 2 1 2 1 1 1 3 1 1 1 1 1 1 1 0 1 1 1 origin_live $3338 @15 [edge50#edge50] #
vertex $3442 -1 -1 $-1 $3388 $3443 #
straight-curve $-1 -1 -1 $-1 5.1500000000000004 0 0 1 0 0 F 0 F 0.19999999999999929 #
fbm_tag-tag-sys-attrib $-1 -1 $-1 $-1 $3340 2 1 2 1 1 1 3 1 1 1 1 1 1 1 0 1 1 1 origin_live $3340 @51 [vertex:ThickenSheet(split_new,vertex51)#vertex126] #
point $-1 -1 -1 $-1 5.3499999999999996 0 0 #
coedge $-1 -1 -1 $-1 $3344 $3444 $3445 $3446 reversed $174 $-1 #
coedge $-1 -1 -1 $-1 $3406 $3405 $3344 $3396 forward $3334 $-1 #
edge $3447 -1 -1 $-1 $3398 0 $3448 0.5148461906239572 $3344 $3449 forward @7 unknown T 5.1142000000000003 1.2 0 5.1500000000000004 1.7136 0 #
fbm_tag-tag-sys-attrib $-1 -1 $-1 $-1 $3346 2 1 2 1 1 1 3 1 1 1 1 1 1 1 0 1 1 1 origin_live $3346 @15 [edge26#edge26] #
vertex $3450 -1 -1 $-1 $3346 $3451 #
straight-curve $-1 -1 -1 $-1 5.3499999999999996 1.2 0 -1 0 0 F 0 F 0.19999999999999929 #
fbm_tag-tag-sys-attrib $-1 -1 $-1 $-1 $3348 2 1 2 1 1 1 3 1 1 1 1 1 1 1 0 1 1 1 origin_live $3348 @51 [vertex:ThickenSheet(split_new,vertex26)#vertex131] #
point $-1 -1 -1 $-1 5.3499999999999996 1.2 0 #
coedge $-1 -1 -1 $-1 $3452 $3352 $3453 $3454 forward $122 $-1 #
coedge $-1 -1 -1 $-1 $3455 $3456 $3352 $3404 reversed $3384 $-1 #
edge $3457 -1 -1 $-1 $3408 0 $3458 0.20068208689367376 $3352 $3459 forward @7 unknown T 5.0808999999999997 1.7136 0.017000000000000088 5.1142000000000003 1.9115 0.017000000000000088 #
coedge $-1 -1 -1 $-1 $3395 $3353 $3356 $3410 forward $3334 $-1 #
coedge $-1 -1 -1 $-1 $3353 $3395 $3455 $3460 reversed $3334 $-1 #
fbm_tag-tag-sys-attrib $-1 -1 $-1 $-1 $3354 2 1 2 1 1 1 3 1 1 1 1 1 1 1 0 1 1 1 origin_live $3354 @45 [edge:ThickenSheet(split_new,edge27)#edge116] #
vertex $3461 -1 -1 $-1 $3404 $3462 #
straight-curve $-1 -1 -1 $-1 5.1500000000000004 1.2 0.017000000000000088 -0.069535330457846031 0.99757948947345454 0 I I #
edge $3463 -1 -1 $-1 $3358 0 $3398 0.017000000000000088 $3405 $3464 forward @7 unknown T 5.1500000000000004 1.2 0 5.1500000000000004 1.2 0.017000000000000088 #
fbm_tag-tag-sys-attrib $-1 -1 $-1 $-1 $3358 2 1 2 1 1 1 3 1 1 1 1 1 1 1 0 1 1 1 origin_live $3358 @19 [vertex27#vertex27] #
point $-1 -1 -1 $-1 5.1500000000000004 1.2 0.017000000000000088 #
fbm_tag-tag-sys-attrib $-1 -1 $-1 $-1 $3360 2 1 2 1 1 1 3 1 1 1 1 1 1 1 0 1 1 1 origin_live $3360 @47 [edge:ThickenSheet(split_gap,vertex26)#edge113] #
straight-curve $-1 -1 -1 $-1 5.3499999999999996 1.2 0.017000000000000088 0 0 -1 F -10017.586675894363 F 10017.620675894363 #
coedge $-1 -1 -1 $-1 $3365 $3465 $3466 $3467 forward $122 $-1 #
coedge $-1 -1 -1 $-1 $3468 $3469 $3365 $3417 reversed $3470 $-1 #
edge $3471 -1 -1 $-1 $3472 0 $3422 0.18552525434560127 $3365 $3473 forward @7 unknown T 5.0808999999999997 -0.71150000000000002 0.017000000000000088 5.1120000000000001 -0.52859999999999996 0.017000000000000088 #
coedge $-1 -1 -1 $-1 $3387 $3366 $3469 $3474 forward $3420 $-1 #
coedge $-1 -1 -1 $-1 $3366 $3387 $3368 $3424 reversed $3420 $-1 #
loop $-1 -1 -1 $-1 $-1 $3366 $3475 T 5.1120000000000001 -0.52859999999999996 0 5.1500000000000004 0 0.017000000000000088 unknown #
fbm_tag-tag-sys-attrib $-1 -1 $-1 $-1 $3367 2 1 2 1 1 1 3 1 1 1 1 1 1 1 0 1 1 1 origin_live $3367 @45 [edge:ThickenSheet(split_new,edge49)#edge165] #
vertex $3476 -1 -1 $-1 $3367 $3477 #
straight-curve $-1 -1 -1 $-1 5.1120000000000001 -0.52859999999999996 0.017000000000000088 0.071702968446546375 0.99742602949589887 0 I I #
edge $3478 -1 -1 $-1 $3372 0 $3390 0.017000000000000088 $3368 $3479 forward @7 unknown T 5.1500000000000004 0 0 5.1500000000000004 0 0.017000000000000088 #
face $3480 -1 -1 $-1 $3375 $3370 $59 $-1 $3481 forward single F F #
fbm_tag-tag-sys-attrib $-1 -1 $-1 $-1 $3372 2 1 2 1 1 1 3 1 1 1 1 1 1 1 0 1 1 1 origin_live $3372 @19 [vertex50#vertex50] #
point $-1 -1 -1 $-1 5.1500000000000004 0 0.017000000000000088 #
fbm_tag-tag-sys-attrib $-1 -1 $-1 $-1 $3374 2 1 2 1 1 1 3 1 1 1 1 1 1 1 0 1 1 1 origin_live $3374 @47 [edge:ThickenSheet(split_gap,vertex51)#edge168] #
straight-curve $-1 -1 -1 $-1 5.3499999999999996 0 0.017000000000000088 0 0 -1 F -10017.586675894363 F 10017.620675894363 #
fbm_tag-tag-sys-attrib $-1 -1 $-1 $-1 $3375 2 1 2 1 1 1 3 1 1 1 1 1 1 1 0 1 1 1 origin_live $3375 @69 [face:ThickenSheet(tweak,face:ThickenSheet(split_gap,edge51))#face44] #
plane-surface $-1 -1 -1 $-1 5.3499999999999996 -0.050000000000000003 0 -1 -0 0 0 -0 1 forward_v I I I I #
fbm_tag-tag-sys-attrib $-1 -1 $-1 $-1 $3383 2 1 2 1 1 1 3 1 1 1 1 1 1 1 0 1 1 1 origin_live $3383 @69 [face:ThickenSheet(tweak,face:ThickenSheet(split_gap,edge29))#face16] #
face $3482 -1 -1 $-1 $3483 $3484 $59 $-1 $3485 forward single F F #
loop $-1 -1 -1 $-1 $-1 $3453 $3383 T 4.6098999999999997 1.9115 0 5.0808999999999997 3.1248 0.017000000000000088 unknown #
plane-surface $-1 -1 -1 $-1 4.8453999999999997 2.5181499999999999 0 0.93222223294596174 0.36188631972104846 -0 -0 0 -1 forward_v I I I I #
coedge $-1 -1 -1 $-1 $3486 $3386 $3487 $3488 reversed $174 $-1 #
coedge $-1 -1 -1 $-1 $3469 $3468 $3386 $3438 forward $3470 $-1 #
edge $3489 -1 -1 $-1 $3490 0 $3440 0.18552525434560127 $3386 $3491 forward @7 unknown T 5.0808999999999997 -0.71150000000000002 0 5.1120000000000001 -0.52859999999999996 0 #
fbm_tag-tag-sys-attrib $-1 -1 $-1 $-1 $3388 2 1 2 1 1 1 3 1 1 1 1 1 1 1 0 1 1 1 origin_live $3388 @15 [edge49#edge49] #
vertex $3492 -1 -1 $-1 $3438 $3493 #
straight-curve $-1 -1 -1 $-1 5.1120000000000001 -0.52859999999999996 0 0.071702968446546375 0.99742602949589887 0 F 0 F 0.52996411199250082 #
fbm_tag-tag-sys-attrib $-1 -1 $-1 $-1 $3390 2 1 2 1 1 1 3 1 1 1 1 1 1 1 0 1 1 1 origin_live $3390 @51 [vertex:ThickenSheet(split_new,vertex50)#vertex123] #
point $-1 -1 -1 $-1 5.1500000000000004 0 0 #
coedge $-1 -1 -1 $-1 $3394 $3494 $3495 $3496 reversed $174 $-1 #
coedge $-1 -1 -1 $-1 $3456 $3455 $3394 $3446 forward $3384 $-1 #
edge $3497 -1 -1 $-1 $3448 0 $3498 0.20068208689367376 $3394 $3499 forward @7 unknown T 5.0808999999999997 1.7136 0 5.1142000000000003 1.9115 0 #
fbm_tag-tag-sys-attrib $-1 -1 $-1 $-1 $3396 2 1 2 1 1 1 3 1 1 1 1 1 1 1 0 1 1 1 origin_live $3396 @15 [edge27#edge27] #
vertex $3500 -1 -1 $-1 $3396 $3501 #
straight-curve $-1 -1 -1 $-1 5.1500000000000004 1.2 0 -0.069535330457846031 0.99757948947345454 0 F 0 F 0.5148461906239572 #
fbm_tag-tag-sys-attrib $-1 -1 $-1 $-1 $3398 2 1 2 1 1 1 3 1 1 1 1 1 1 1 0 1 1 1 origin_live $3398 @51 [vertex:ThickenSheet(split_new,vertex27)#vertex124] #
point $-1 -1 -1 $-1 5.1500000000000004 1.2 0 #
coedge $-1 -1 -1 $-1 $3502 $3402 $3503 $3504 forward $122 $-1 #
coedge $-1 -1 -1 $-1 $3505 $3506 $3402 $3454 reversed $3434 $-1 #
edge $3507 -1 -1 $-1 $3458 0 $3508 1.3015136918219496 $3402 $3509 forward @7 unknown T 4.6098999999999997 1.9115 0.017000000000000088 5.0808999999999997 3.1248 0.017000000000000088 #
coedge $-1 -1 -1 $-1 $3445 $3403 $3406 $3460 forward $3384 $-1 #
coedge $-1 -1 -1 $-1 $3403 $3445 $3505 $3510 reversed $3384 $-1 #
fbm_tag-tag-sys-attrib $-1 -1 $-1 $-1 $3404 2 1 2 1 1 1 3 1 1 1 1 1 1 1 0 1 1 1 origin_live $3404 @45 [edge:ThickenSheet(split_new,edge28)#edge118] #
vertex $3511 -1 -1 $-1 $3454 $3512 #
straight-curve $-1 -1 -1 $-1 5.1142000000000003 1.7136 0.017000000000000088 -0.16593409265094847 0.98613684491357811 0 I I #
edge $3513 -1 -1 $-1 $3408 0 $3448 0.017000000000000088 $3455 $3514 forward @7 unknown T 5.1142000000000003 1.7136 0 5.1142000000000003 1.7136 0.017000000000000088 #
fbm_tag-tag-sys-attrib $-1 -1 $-1 $-1 $3408 2 1 2 1 1 1 3 1 1 1 1 1 1 1 0 1 1 1 origin_live $3408 @19 [vertex28#vertex28] #
point $-1 -1 -1 $-1 5.1142000000000003 1.7136 0.017000000000000088 #
fbm_tag-tag-sys-attrib $-1 -1 $-1 $-1 $3410 2 1 2 1 1 1 3 1 1 1 1 1 1 1 0 1 1 1 origin_live $3410 @47 [edge:ThickenSheet(split_gap,vertex27)#edge115] #
straight-curve $-1 -1 -1 $-1 5.1500000000000004 1.2 0.017000000000000088 0 0 -1 F -10017.586675894363 F 10017.620675894363 #
coedge $-1 -1 -1 $-1 $3415 $3515 $3516 $3517 forward $122 $-1 #
coedge $-1 -1 -1 $-1 $3518 $3519 $3415 $3467 reversed $3520 $-1 #
edge $3521 -1 -1 $-1 $3522 0 $3472 1.3015136918219494 $3415 $3523 forward @7 unknown T 4.6098999999999997 -1.9247999999999998 0.017000000000000088 5.0808999999999997 -0.71150000000000002 0.017000000000000088 #
coedge $-1 -1 -1 $-1 $3437 $3416 $3519 $3524 forward $3470 $-1 #
coedge $-1 -1 -1 $-1 $3416 $3437 $3418 $3474 reversed $3470 $-1 #
loop $-1 -1 -1 $-1 $-1 $3416 $3525 T 5.0808999999999997 -0.71150000000000002 0 5.1120000000000001 -0.52859999999999996 0.017000000000000088 unknown #
fbm_tag-tag-sys-attrib $-1 -1 $-1 $-1 $3417 2 1 2 1 1 1 3 1 1 1 1 1 1 1 0 1 1 1 origin_live $3417 @45 [edge:ThickenSheet(split_new,edge48)#edge162] #
vertex $3526 -1 -1 $-1 $3417 $3527 #
straight-curve $-1 -1 -1 $-1 5.0808999999999997 -0.71150000000000002 0.017000000000000088 0.16763216474058276 0.98584961193094056 0 I I #
edge $3528 -1 -1 $-1 $3422 0 $3440 0.017000000000000088 $3418 $3529 forward @7 unknown T 5.1120000000000001 -0.52859999999999996 0 5.1120000000000001 -0.52859999999999996 0.017000000000000088 #
face $3530 -1 -1 $-1 $3425 $3420 $59 $-1 $3531 forward single F F #
fbm_tag-tag-sys-attrib $-1 -1 $-1 $-1 $3422 2 1 2 1 1 1 3 1 1 1 1 1 1 1 0 1 1 1 origin_live $3422 @19 [vertex49#vertex49] #
point $-1 -1 -1 $-1 5.1120000000000001 -0.52859999999999996 0.017000000000000088 #
fbm_tag-tag-sys-attrib $-1 -1 $-1 $-1 $3424 2 1 2 1 1 1 3 1 1 1 1 1 1 1 0 1 1 1 origin_live $3424 @47 [edge:ThickenSheet(split_gap,vertex50)#edge166] #
straight-curve $-1 -1 -1 $-1 5.1500000000000004 0 0.017000000000000088 0 0 -1 F -10017.586675894363 F 10017.620675894363 #
fbm_tag-tag-sys-attrib $-1 -1 $-1 $-1 $3425 2 1 2 1 1 1 3 1 1 1 1 1 1 1 0 1 1 1 origin_live $3425 @69 [face:ThickenSheet(tweak,face:ThickenSheet(split_gap,edge50))#face43] #
plane-surface $-1 -1 -1 $-1 5.25 0 0 -0 -1 -0 0 0 -1 forward_v I I I I #
fbm_tag-tag-sys-attrib $-1 -1 $-1 $-1 $3433 2 1 2 1 1 1 3 1 1 1 1 1 1 1 0 1 1 1 origin_live $3433 @69 [face:ThickenSheet(tweak,face:ThickenSheet(split_gap,edge30))#face17] #
face $3532 -1 -1 $-1 $3533 $3534 $59 $-1 $3535 forward single F F #
loop $-1 -1 -1 $-1 $-1 $3503 $3433 T 3.7479 3.1248 0 4.6098999999999997 4.0998999999999999 0.017000000000000088 unknown #
plane-surface $-1 -1 -1 $-1 4.1788999999999996 3.6123500000000002 0 0.74922090408967512 0.6623201921088091 -0 -0 0 -1 forward_v I I I I #
coedge $-1 -1 -1 $-1 $3536 $3436 $3537 $3538 reversed $174 $-1 #
coedge $-1 -1 -1 $-1 $3519 $3518 $3436 $3488 forward $3520 $-1 #
edge $3539 -1 -1 $-1 $3540 0 $3490 1.3015136918219492 $3436 $3541 forward @7 unknown T 4.6098999999999997 -1.9247999999999998 0 5.0808999999999997 -0.71150000000000002 0 #
fbm_tag-tag-sys-attrib $-1 -1 $-1 $-1 $3438 2 1 2 1 1 1 3 1 1 1 1 1 1 1 0 1 1 1 origin_live $3438 @15 [edge48#edge48] #
vertex $3542 -1 -1 $-1 $3488 $3543 #
straight-curve $-1 -1 -1 $-1 5.0808999999999997 -0.71150000000000002 0 0.16763216474058276 0.98584961193094056 0 F 0 F 0.18552525434560127 #
fbm_tag-tag-sys-attrib $-1 -1 $-1 $-1 $3440 2 1 2 1 1 1 3 1 1 1 1 1 1 1 0 1 1 1 origin_live $3440 @51 [vertex:ThickenSheet(split_new,vertex49)#vertex121] #
point $-1 -1 -1 $-1 5.1120000000000001 -0.52859999999999996 0 #
coedge $-1 -1 -1 $-1 $3444 $3544 $3545 $3546 reversed $174 $-1 #
coedge $-1 -1 -1 $-1 $3506 $3505 $3444 $3496 forward $3434 $-1 #
edge $3547 -1 -1 $-1 $3498 0 $3548 1.3015136918219494 $3444 $3549 forward @7 unknown T 4.6098999999999997 1.9115 0 5.0808999999999997 3.1248 0 #
fbm_tag-tag-sys-attrib $-1 -1 $-1 $-1 $3446 2 1 2 1 1 1 3 1 1 1 1 1 1 1 0 1 1 1 origin_live $3446 @15 [edge28#edge28] #
vertex $3550 -1 -1 $-1 $3446 $3551 #
straight-curve $-1 -1 -1 $-1 5.1142000000000003 1.7136 0 -0.16593409265094847 0.98613684491357811 0 F 0 F 0.20068208689367376 #
fbm_tag-tag-sys-attrib $-1 -1 $-1 $-1 $3448 2 1 2 1 1 1 3 1 1 1 1 1 1 1 0 1 1 1 origin_live $3448 @51 [vertex:ThickenSheet(split_new,vertex28)#vertex122] #
point $-1 -1 -1 $-1 5.1142000000000003 1.7136 0 #
coedge $-1 -1 -1 $-1 $3552 $3452 $3553 $3554 forward $122 $-1 #
coedge $-1 -1 -1 $-1 $3555 $3556 $3452 $3504 reversed $3484 $-1 #
edge $3557 -1 -1 $-1 $3508 0 $3558 1.3014853091756353 $3452 $3559 forward @7 unknown T 3.7479 3.1248 0.017000000000000088 4.6098999999999997 4.0998999999999999 0.017000000000000088 #
coedge $-1 -1 -1 $-1 $3495 $3453 $3456 $3510 forward $3434 $-1 #
coedge $-1 -1 -1 $-1 $3453 $3495 $3555 $3560 reversed $3434 $-1 #
fbm_tag-tag-sys-attrib $-1 -1 $-1 $-1 $3454 2 1 2 1 1 1 3 1 1 1 1 1 1 1 0 1 1 1 origin_live $3454 @45 [edge:ThickenSheet(split_new,edge29)#edge121] #
vertex $3561 -1 -1 $-1 $3504 $3562 #
straight-curve $-1 -1 -1 $-1 5.0808999999999997 1.9115 0.017000000000000088 -0.3618863197210484 0.93222223294596163 0 I I #
edge $3563 -1 -1 $-1 $3458 0 $3498 0.017000000000000088 $3505 $3564 forward @7 unknown T 5.0808999999999997 1.9115 0 5.0808999999999997 1.9115 0.017000000000000088 #
fbm_tag-tag-sys-attrib $-1 -1 $-1 $-1 $3458 2 1 2 1 1 1 3 1 1 1 1 1 1 1 0 1 1 1 origin_live $3458 @19 [vertex29#vertex29] #
point $-1 -1 -1 $-1 5.0808999999999997 1.9115 0.017000000000000088 #
fbm_tag-tag-sys-attrib $-1 -1 $-1 $-1 $3460 2 1 2 1 1 1 3 1 1 1 1 1 1 1 0 1 1 1 origin_live $3460 @47 [edge:ThickenSheet(split_gap,vertex28)#edge117] #
straight-curve $-1 -1 -1 $-1 5.1142000000000003 1.7136 0.017000000000000088 0 0 -1 F -10017.586675894363 F 10017.620675894363 #
coedge $-1 -1 -1 $-1 $3465 $3565 $3566 $3567 forward $122 $-1 #
coedge $-1 -1 -1 $-1 $3568 $3569 $3465 $3517 reversed $3570 $-1 #
edge $3571 -1 -1 $-1 $3572 0 $3522 1.3014853091756358 $3465 $3573 forward @7 unknown T 3.7479 -2.8999000000000001 0.017000000000000088 4.6098999999999997 -1.9247999999999998 0.017000000000000088 #
coedge $-1 -1 -1 $-1 $3487 $3466 $3569 $3574 forward $3520 $-1 #
coedge $-1 -1 -1 $-1 $3466 $3487 $3468 $3524 reversed $3520 $-1 #
loop $-1 -1 -1 $-1 $-1 $3466 $3575 T 4.6098999999999997 -1.9247999999999998 0 5.0808999999999997 -0.71150000000000002 0.017000000000000088 unknown #
fbm_tag-tag-sys-attrib $-1 -1 $-1 $-1 $3467 2 1 2 1 1 1 3 1 1 1 1 1 1 1 0 1 1 1 origin_live $3467 @45 [edge:ThickenSheet(split_new,edge47)#edge160] #
vertex $3576 -1 -1 $-1 $3467 $3577 #
straight-curve $-1 -1 -1 $-1 4.6098999999999997 -1.9247999999999998 0.017000000000000088 0.36188631972104846 0.93222223294596163 0 I I #
edge $3578 -1 -1 $-1 $3472 0 $3490 0.017000000000000088 $3468 $3579 forward @7 unknown T 5.0808999999999997 -0.71150000000000002 0 5.0808999999999997 -0.71150000000000002 0.017000000000000088 #
face $3580 -1 -1 $-1 $3475 $3470 $59 $-1 $3581 forward single F F #
fbm_tag-tag-sys-attrib $-1 -1 $-1 $-1 $3472 2 1 2 1 1 1 3 1 1 1 1 1 1 1 0 1 1 1 origin_live $3472 @19 [vertex48#vertex48] #
point $-1 -1 -1 $-1 5.0808999999999997 -0.71150000000000002 0.017000000000000088 #
fbm_tag-tag-sys-attrib $-1 -1 $-1 $-1 $3474 2 1 2 1 1 1 3 1 1 1 1 1 1 1 0 1 1 1 origin_live $3474 @47 [edge:ThickenSheet(split_gap,vertex49)#edge163] #
straight-curve $-1 -1 -1 $-1 5.1120000000000001 -0.52859999999999996 0.017000000000000088 0 0 -1 F -10017.586675894363 F 10017.620675894363 #
fbm_tag-tag-sys-attrib $-1 -1 $-1 $-1 $3475 2 1 2 1 1 1 3 1 1 1 1 1 1 1 0 1 1 1 origin_live $3475 @69 [face:ThickenSheet(tweak,face:ThickenSheet(split_gap,edge49))#face42] #
plane-surface $-1 -1 -1 $-1 5.1310000000000002 -0.26429999999999998 0 0.99742602949589887 -0.071702968446546375 -0 0 0 -1 forward_v I I I I #
fbm_tag-tag-sys-attrib $-1 -1 $-1 $-1 $3483 2 1 2 1 1 1 3 1 1 1 1 1 1 1 0 1 1 1 origin_live $3483 @69 [face:ThickenSheet(tweak,face:ThickenSheet(split_gap,edge31))#face18] #
face $3582 -1 -1 $-1 $3583 $3584 $59 $-1 $3585 forward single F F #
loop $-1 -1 -1 $-1 $-1 $3553 $3483 T 2.6015999999999999 4.0998999999999999 0 3.7479 4.7162000000000006 0.017000000000000088 unknown #
plane-surface $-1 -1 -1 $-1 3.17475 4.4080500000000002 0 0.4735407274191677 0.88077192250623282 -0 -0 0 1 forward_v I I I I #
coedge $-1 -1 -1 $-1 $3586 $3486 $3587 $3588 reversed $174 $-1 #
coedge $-1 -1 -1 $-1 $3569 $3568 $3486 $3538 forward $3570 $-1 #
edge $3589 -1 -1 $-1 $3590 0 $3540 1.3014853091756355 $3486 $3591 forward @7 unknown T 3.7479 -2.8999000000000001 0 4.6098999999999997 -1.9247999999999998 0 #
fbm_tag-tag-sys-attrib $-1 -1 $-1 $-1 $3488 2 1 2 1 1 1 3 1 1 1 1 1 1 1 0 1 1 1 origin_live $3488 @15 [edge47#edge47] #
vertex $3592 -1 -1 $-1 $3538 $3593 #
straight-curve $-1 -1 -1 $-1 4.6098999999999997 -1.9247999999999998 0 0.36188631972104851 0.93222223294596174 0 F 0 F 1.3015136918219492 #
fbm_tag-tag-sys-attrib $-1 -1 $-1 $-1 $3490 2 1 2 1 1 1 3 1 1 1 1 1 1 1 0 1 1 1 origin_live $3490 @51 [vertex:ThickenSheet(split_new,vertex48)#vertex119] #
point $-1 -1 -1 $-1 5.0808999999999997 -0.71150000000000002 0 #
coedge $-1 -1 -1 $-1 $3494 $3594 $3595 $3596 reversed $174 $-1 #
coedge $-1 -1 -1 $-1 $3556 $3555 $3494 $3546 forward $3484 $-1 #
edge $3597 -1 -1 $-1 $3548 0 $3598 1.3014853091756353 $3494 $3599 forward @7 unknown T 3.7479 3.1248 0 4.6098999999999997 4.0998999999999999 0 #
fbm_tag-tag-sys-attrib $-1 -1 $-1 $-1 $3496 2 1 2 1 1 1 3 1 1 1 1 1 1 1 0 1 1 1 origin_live $3496 @15 [edge29#edge29] #
vertex $3600 -1 -1 $-1 $3496 $3601 #
straight-curve $-1 -1 -1 $-1 5.0808999999999997 1.9115 0 -0.36188631972104846 0.93222223294596174 0 F 0 F 1.3015136918219494 #
fbm_tag-tag-sys-attrib $-1 -1 $-1 $-1 $3498 2 1 2 1 1 1 3 1 1 1 1 1 1 1 0 1 1 1 origin_live $3498 @51 [vertex:ThickenSheet(split_new,vertex29)#vertex120] #
point $-1 -1 -1 $-1 5.0808999999999997 1.9115 0 #
coedge $-1 -1 -1 $-1 $3602 $3502 $3603 $3604 forward $122 $-1 #
coedge $-1 -1 -1 $-1 $3605 $3606 $3502 $3554 reversed $3534 $-1 #
edge $3607 -1 -1 $-1 $3558 0 $3608 1.3014720050773283 $3502 $3609 forward @7 unknown T 2.6015999999999999 4.0998999999999999 0.017000000000000088 3.7479 4.7162000000000006 0.017000000000000088 #
coedge $-1 -1 -1 $-1 $3545 $3503 $3506 $3560 forward $3484 $-1 #
coedge $-1 -1 -1 $-1 $3503 $3545 $3605 $3610 reversed $3484 $-1 #
fbm_tag-tag-sys-attrib $-1 -1 $-1 $-1 $3504 2 1 2 1 1 1 3 1 1 1 1 1 1 1 0 1 1 1 origin_live $3504 @45 [edge:ThickenSheet(split_new,edge30)#edge123] #
vertex $3611 -1 -1 $-1 $3554 $3612 #
straight-curve $-1 -1 -1 $-1 4.6098999999999997 3.1248 0.017000000000000088 -0.6623201921088091 0.74922090408967512 0 I I #
edge $3613 -1 -1 $-1 $3508 0 $3548 0.017000000000000088 $3555 $3614 forward @7 unknown T 4.6098999999999997 3.1248 0 4.6098999999999997 3.1248 0.017000000000000088 #
fbm_tag-tag-sys-attrib $-1 -1 $-1 $-1 $3508 2 1 2 1 1 1 3 1 1 1 1 1 1 1 0 1 1 1 origin_live $3508 @19 [vertex30#vertex30] #
point $-1 -1 -1 $-1 4.6098999999999997 3.1248 0.017000000000000088 #
fbm_tag-tag-sys-attrib $-1 -1 $-1 $-1 $3510 2 1 2 1 1 1 3 1 1 1 1 1 1 1 0 1 1 1 origin_live $3510 @47 [edge:ThickenSheet(split_gap,vertex29)#edge120] #
straight-curve $-1 -1 -1 $-1 5.0808999999999997 1.9115 0.017000000000000088 0 0 -1 F -10017.586675894363 F 10017.620675894363 #
coedge $-1 -1 -1 $-1 $3515 $3615 $3616 $3617 forward $122 $-1 #
coedge $-1 -1 -1 $-1 $3618 $3619 $3515 $3567 reversed $3620 $-1 #
edge $3621 -1 -1 $-1 $3622 0 $3572 1.3014720050773279 $3515 $3623 forward @7 unknown T 2.6015999999999999 -3.5162 0.017000000000000088 3.7479 -2.8999000000000001 0.017000000000000088 #
coedge $-1 -1 -1 $-1 $3537 $3516 $3619 $3624 forward $3570 $-1 #
coedge $-1 -1 -1 $-1 $3516 $3537 $3518 $3574 reversed $3570 $-1 #
loop $-1 -1 -1 $-1 $-1 $3516 $3625 T 3.7479 -2.8999000000000001 0 4.6098999999999997 -1.9247999999999998 0.017000000000000088 unknown #
fbm_tag-tag-sys-attrib $-1 -1 $-1 $-1 $3517 2 1 2 1 1 1 3 1 1 1 1 1 1 1 0 1 1 1 origin_live $3517 @45 [edge:ThickenSheet(split_new,edge46)#edge158] #
vertex $3626 -1 -1 $-1 $3517 $3627 #
straight-curve $-1 -1 -1 $-1 3.7479 -2.8999000000000001 0.017000000000000088 0.66232019210880877 0.74922090408967512 0 I I #
edge $3628 -1 -1 $-1 $3522 0 $3540 0.017000000000000088 $3518 $3629 forward @7 unknown T 4.6098999999999997 -1.9247999999999998 0 4.6098999999999997 -1.9247999999999998 0.017000000000000088 #
face $3630 -1 -1 $-1 $3525 $3520 $59 $-1 $3631 forward single F F #
fbm_tag-tag-sys-attrib $-1 -1 $-1 $-1 $3522 2 1 2 1 1 1 3 1 1 1 1 1 1 1 0 1 1 1 origin_live $3522 @19 [vertex47#vertex47] #
point $-1 -1 -1 $-1 4.6098999999999997 -1.9247999999999998 0.017000000000000088 #
fbm_tag-tag-sys-attrib $-1 -1 $-1 $-1 $3524 2 1 2 1 1 1 3 1 1 1 1 1 1 1 0 1 1 1 origin_live $3524 @47 [edge:ThickenSheet(split_gap,vertex48)#edge161] #
straight-curve $-1 -1 -1 $-1 5.0808999999999997 -0.71150000000000002 0.017000000000000088 0 0 -1 F -10017.586675894363 F 10017.620675894363 #
fbm_tag-tag-sys-attrib $-1 -1 $-1 $-1 $3525 2 1 2 1 1 1 3 1 1 1 1 1 1 1 0 1 1 1 origin_live $3525 @69 [face:ThickenSheet(tweak,face:ThickenSheet(split_gap,edge48))#face41] #
plane-surface $-1 -1 -1 $-1 5.0964499999999999 -0.62004999999999999 0 0.98584961193094056 -0.16763216474058276 -0 0 0 -1 forward_v I I I I #
fbm_tag-tag-sys-attrib $-1 -1 $-1 $-1 $3533 2 1 2 1 1 1 3 1 1 1 1 1 1 1 0 1 1 1 origin_live $3533 @69 [face:ThickenSheet(tweak,face:ThickenSheet(split_gap,edge32))#face19] #
face $3632 -1 -1 $-1 $3633 $3634 $59 $-1 $3635 forward single F F #
loop $-1 -1 -1 $-1 $-1 $3603 $3533 T 1.3128 4.7162000000000006 0 2.6015999999999999 4.8975 0.017000000000000088 unknown #
plane-surface $-1 -1 -1 $-1 1.9571999999999998 4.8068500000000007 0 0.13930192190347518 0.99024995559403994 -0 -0 0 1 forward_v I I I I #
coedge $-1 -1 -1 $-1 $3636 $3536 $3637 $3638 reversed $174 $-1 #
coedge $-1 -1 -1 $-1 $3619 $3618 $3536 $3588 forward $3620 $-1 #
edge $3639 -1 -1 $-1 $3640 0 $3590 1.3014720050773279 $3536 $3641 forward @7 unknown T 2.6015999999999999 -3.5162 0 3.7479 -2.8999000000000001 0 #
fbm_tag-tag-sys-attrib $-1 -1 $-1 $-1 $3538 2 1 2 1 1 1 3 1 1 1 1 1 1 1 0 1 1 1 origin_live $3538 @15 [edge46#edge46] #
vertex $3642 -1 -1 $-1 $3588 $3643 #
straight-curve $-1 -1 -1 $-1 3.7479 -2.8999000000000001 0 0.66232019210880888 0.74922090408967523 0 F 0 F 1.3014853091756355 #
fbm_tag-tag-sys-attrib $-1 -1 $-1 $-1 $3540 2 1 2 1 1 1 3 1 1 1 1 1 1 1 0 1 1 1 origin_live $3540 @51 [vertex:ThickenSheet(split_new,vertex47)#vertex117] #
point $-1 -1 -1 $-1 4.6098999999999997 -1.9247999999999998 0 #
coedge $-1 -1 -1 $-1 $3544 $3644 $3645 $3646 reversed $174 $-1 #
coedge $-1 -1 -1 $-1 $3606 $3605 $3544 $3596 forward $3534 $-1 #
edge $3647 -1 -1 $-1 $3598 0 $3648 1.3014720050773281 $3544 $3649 forward @7 unknown T 2.6015999999999999 4.0998999999999999 0 3.7479 4.7162000000000006 0 #
fbm_tag-tag-sys-attrib $-1 -1 $-1 $-1 $3546 2 1 2 1 1 1 3 1 1 1 1 1 1 1 0 1 1 1 origin_live $3546 @15 [edge30#edge30] #
vertex $3650 -1 -1 $-1 $3546 $3651 #
straight-curve $-1 -1 -1 $-1 4.6098999999999997 3.1248 0 -0.6623201921088091 0.74922090408967512 0 F 0 F 1.3014853091756353 #
fbm_tag-tag-sys-attrib $-1 -1 $-1 $-1 $3548 2 1 2 1 1 1 3 1 1 1 1 1 1 1 0 1 1 1 origin_live $3548 @51 [vertex:ThickenSheet(split_new,vertex30)#vertex118] #
point $-1 -1 -1 $-1 4.6098999999999997 3.1248 0 #
coedge $-1 -1 -1 $-1 $3652 $3552 $3653 $3654 forward $122 $-1 #
coedge $-1 -1 -1 $-1 $3655 $3656 $3552 $3604 reversed $3584 $-1 #
edge $3657 -1 -1 $-1 $3608 0 $3658 1.3014895812106986 $3552 $3659 forward @7 unknown T 1.3128 4.7162000000000006 0.017000000000000088 2.6015999999999999 4.8975 0.017000000000000088 #
coedge $-1 -1 -1 $-1 $3595 $3553 $3556 $3610 forward $3534 $-1 #
coedge $-1 -1 -1 $-1 $3553 $3595 $3655 $3660 reversed $3534 $-1 #
fbm_tag-tag-sys-attrib $-1 -1 $-1 $-1 $3554 2 1 2 1 1 1 3 1 1 1 1 1 1 1 0 1 1 1 origin_live $3554 @45 [edge:ThickenSheet(split_new,edge31)#edge125] #
vertex $3661 -1 -1 $-1 $3604 $3662 #
straight-curve $-1 -1 -1 $-1 3.7479 4.0998999999999999 0.017000000000000088 -0.88077192250623271 0.47354072741916764 0 I I #
edge $3663 -1 -1 $-1 $3558 0 $3598 0.017000000000000088 $3605 $3664 forward @7 unknown T 3.7479 4.0998999999999999 0 3.7479 4.0998999999999999 0.017000000000000088 #
fbm_tag-tag-sys-attrib $-1 -1 $-1 $-1 $3558 2 1 2 1 1 1 3 1 1 1 1 1 1 1 0 1 1 1 origin_live $3558 @19 [vertex31#vertex31] #
point $-1 -1 -1 $-1 3.7479 4.0998999999999999 0.017000000000000088 #
fbm_tag-tag-sys-attrib $-1 -1 $-1 $-1 $3560 2 1 2 1 1 1 3 1 1 1 1 1 1 1 0 1 1 1 origin_live $3560 @47 [edge:ThickenSheet(split_gap,vertex30)#edge122] #
straight-curve $-1 -1 -1 $-1 4.6098999999999997 3.1248 0.017000000000000088 0 0 -1 F -10017.586675894363 F 10017.620675894363 #
coedge $-1 -1 -1 $-1 $3565 $3665 $3666 $3667 forward $122 $-1 #
coedge $-1 -1 -1 $-1 $3668 $3669 $3565 $3617 reversed $3670 $-1 #
edge $3671 -1 -1 $-1 $3672 0 $3622 1.3014895812106988 $3565 $3673 forward @7 unknown T 1.3128 -3.6974999999999998 0.017000000000000088 2.6016000000000004 -3.5162 0.017000000000000088 #
coedge $-1 -1 -1 $-1 $3587 $3566 $3669 $3674 forward $3620 $-1 #
coedge $-1 -1 -1 $-1 $3566 $3587 $3568 $3624 reversed $3620 $-1 #
loop $-1 -1 -1 $-1 $-1 $3566 $3675 T 2.6015999999999999 -3.5162 0 3.7479 -2.8999000000000001 0.017000000000000088 unknown #
fbm_tag-tag-sys-attrib $-1 -1 $-1 $-1 $3567 2 1 2 1 1 1 3 1 1 1 1 1 1 1 0 1 1 1 origin_live $3567 @45 [edge:ThickenSheet(split_new,edge45)#edge155] #
vertex $3676 -1 -1 $-1 $3567 $3677 #
straight-curve $-1 -1 -1 $-1 2.6015999999999999 -3.5162 0.017000000000000088 0.88077192250623315 0.47354072741916714 0 I I #
edge $3678 -1 -1 $-1 $3572 0 $3590 0.017000000000000088 $3568 $3679 forward @7 unknown T 3.7479 -2.8999000000000001 0 3.7479 -2.8999000000000001 0.017000000000000088 #
face $3680 -1 -1 $-1 $3575 $3570 $59 $-1 $3681 forward single F F #
fbm_tag-tag-sys-attrib $-1 -1 $-1 $-1 $3572 2 1 2 1 1 1 3 1 1 1 1 1 1 1 0 1 1 1 origin_live $3572 @19 [vertex46#vertex46] #
point $-1 -1 -1 $-1 3.7479 -2.8999000000000001 0.017000000000000088 #
fbm_tag-tag-sys-attrib $-1 -1 $-1 $-1 $3574 2 1 2 1 1 1 3 1 1 1 1 1 1 1 0 1 1 1 origin_live $3574 @47 [edge:ThickenSheet(split_gap,vertex47)#edge159] #
straight-curve $-1 -1 -1 $-1 4.6098999999999997 -1.9247999999999998 0.017000000000000088 0 0 -1 F -10017.586675894363 F 10017.620675894363 #
fbm_tag-tag-sys-attrib $-1 -1 $-1 $-1 $3575 2 1 2 1 1 1 3 1 1 1 1 1 1 1 0 1 1 1 origin_live $3575 @69 [face:ThickenSheet(tweak,face:ThickenSheet(split_gap,edge47))#face39] #
plane-surface $-1 -1 -1 $-1 4.8453999999999997 -1.3181499999999999 0 0.93222223294596174 -0.36188631972104851 -0 0 0 -1 forward_v I I I I #
fbm_tag-tag-sys-attrib $-1 -1 $-1 $-1 $3583 2 1 2 1 1 1 3 1 1 1 1 1 1 1 0 1 1 1 origin_live $3583 @69 [face:ThickenSheet(tweak,face:ThickenSheet(split_gap,edge33))#face20] #
face $3682 -1 -1 $-1 $3683 $3684 $59 $-1 $3685 forward single F F #
loop $-1 -1 -1 $-1 $-1 $3653 $3583 T -0.35159999999999991 4.4318 0 1.3128 4.8975 0.017000000000000088 unknown #
plane-surface $-1 -1 -1 $-1 0.48060000000000014 4.66465 0 -0.26945179255751667 0.96301387917700376 -0 -0 0 1 forward_v I I I I #
coedge $-1 -1 -1 $-1 $3686 $3586 $3687 $3688 reversed $174 $-1 #
coedge $-1 -1 -1 $-1 $3669 $3668 $3586 $3638 forward $3670 $-1 #
edge $3689 -1 -1 $-1 $3690 0 $3640 1.3014895812106988 $3586 $3691 forward @7 unknown T 1.3128 -3.6974999999999998 0 2.6016000000000004 -3.5162 0 #
fbm_tag-tag-sys-attrib $-1 -1 $-1 $-1 $3588 2 1 2 1 1 1 3 1 1 1 1 1 1 1 0 1 1 1 origin_live $3588 @15 [edge45#edge45] #
vertex $3692 -1 -1 $-1 $3638 $3693 #
straight-curve $-1 -1 -1 $-1 2.6015999999999999 -3.5162 0 0.88077192250623315 0.47354072741916714 0 F 0 F 1.3014720050773279 #
fbm_tag-tag-sys-attrib $-1 -1 $-1 $-1 $3590 2 1 2 1 1 1 3 1 1 1 1 1 1 1 0 1 1 1 origin_live $3590 @51 [vertex:ThickenSheet(split_new,vertex46)#vertex103] #
point $-1 -1 -1 $-1 3.7479 -2.8999000000000001 0 #
coedge $-1 -1 -1 $-1 $3594 $3694 $3695 $3696 reversed $174 $-1 #
coedge $-1 -1 -1 $-1 $3656 $3655 $3594 $3646 forward $3584 $-1 #
edge $3697 -1 -1 $-1 $3648 0 $3698 1.3014895812106986 $3594 $3699 forward @7 unknown T 1.3128 4.7162000000000006 0 2.6015999999999999 4.8975 0 #
fbm_tag-tag-sys-attrib $-1 -1 $-1 $-1 $3596 2 1 2 1 1 1 3 1 1 1 1 1 1 1 0 1 1 1 origin_live $3596 @15 [edge31#edge31] #
vertex $3700 -1 -1 $-1 $3596 $3701 #
straight-curve $-1 -1 -1 $-1 3.7479 4.0998999999999999 0 -0.88077192250623282 0.4735407274191677 0 F 0 F 1.3014720050773281 #
fbm_tag-tag-sys-attrib $-1 -1 $-1 $-1 $3598 2 1 2 1 1 1 3 1 1 1 1 1 1 1 0 1 1 1 origin_live $3598 @51 [vertex:ThickenSheet(split_new,vertex31)#vertex104] #
point $-1 -1 -1 $-1 3.7479 4.0998999999999999 0 #
coedge $-1 -1 -1 $-1 $3702 $3602 $3703 $3704 forward $122 $-1 #
coedge $-1 -1 -1 $-1 $3705 $3706 $3602 $3654 reversed $3634 $-1 #
edge $3707 -1 -1 $-1 $3658 0 $3708 1.7283240002962408 $3602 $3709 forward @7 unknown T -0.35159999999999991 4.4318 0.017000000000000088 1.3128 4.8975 0.017000000000000088 #
coedge $-1 -1 -1 $-1 $3645 $3603 $3606 $3660 forward $3584 $-1 #
coedge $-1 -1 -1 $-1 $3603 $3645 $3705 $3710 reversed $3584 $-1 #
fbm_tag-tag-sys-attrib $-1 -1 $-1 $-1 $3604 2 1 2 1 1 1 3 1 1 1 1 1 1 1 0 1 1 1 origin_live $3604 @45 [edge:ThickenSheet(split_new,edge32)#edge127] #
vertex $3711 -1 -1 $-1 $3654 $3712 #
straight-curve $-1 -1 -1 $-1 2.6015999999999999 4.7162000000000006 0.017000000000000088 -0.99024995559403994 0.13930192190347518 0 I I #
edge $3713 -1 -1 $-1 $3608 0 $3648 0.017000000000000088 $3655 $3714 forward @7 unknown T 2.6015999999999999 4.7162000000000006 0 2.6015999999999999 4.7162000000000006 0.017000000000000088 #
fbm_tag-tag-sys-attrib $-1 -1 $-1 $-1 $3608 2 1 2 1 1 1 3 1 1 1 1 1 1 1 0 1 1 1 origin_live $3608 @19 [vertex32#vertex32] #
point $-1 -1 -1 $-1 2.6015999999999999 4.7162000000000006 0.017000000000000088 #
fbm_tag-tag-sys-attrib $-1 -1 $-1 $-1 $3610 2 1 2 1 1 1 3 1 1 1 1 1 1 1 0 1 1 1 origin_live $3610 @47 [edge:ThickenSheet(split_gap,vertex31)#edge124] #
straight-curve $-1 -1 -1 $-1 3.7479 4.0998999999999999 0.017000000000000088 0 0 -1 F -10017.586675894363 F 10017.620675894363 #
coedge $-1 -1 -1 $-1 $3615 $3715 $3716 $3717 forward $122 $-1 #
coedge $-1 -1 -1 $-1 $3718 $3719 $3615 $3667 reversed $3720 $-1 #
edge $3721 -1 -1 $-1 $3722 5.3458009084794915e-17 $3672 1.7283240002962408 $3615 $3723 forward @7 unknown T -0.35159999999999991 -3.6974999999999998 0.017000000000000088 1.3128 -3.2317999999999998 0.017000000000000088 #
coedge $-1 -1 -1 $-1 $3637 $3616 $3719 $3724 forward $3670 $-1 #
coedge $-1 -1 -1 $-1 $3616 $3637 $3618 $3674 reversed $3670 $-1 #
loop $-1 -1 -1 $-1 $-1 $3616 $3725 T 1.3128 -3.6974999999999998 0 2.6016000000000004 -3.5162 0.017000000000000088 unknown #
fbm_tag-tag-sys-attrib $-1 -1 $-1 $-1 $3617 2 1 2 1 1 1 3 1 1 1 1 1 1 1 0 1 1 1 origin_live $3617 @45 [edge:ThickenSheet(split_new,edge44)#edge152] #
vertex $3726 -1 -1 $-1 $3617 $3727 #
straight-curve $-1 -1 -1 $-1 1.3128 -3.6974999999999998 0.017000000000000088 0.99024995559403994 0.13930192190347551 0 I I #
edge $3728 -1 -1 $-1 $3622 0 $3640 0.017000000000000088 $3618 $3729 forward @7 unknown T 2.6015999999999999 -3.5162 0 2.6015999999999999 -3.5162 0.017000000000000088 #
face $3730 -1 -1 $-1 $3625 $3620 $59 $-1 $3731 forward single F F #
fbm_tag-tag-sys-attrib $-1 -1 $-1 $-1 $3622 2 1 2 1 1 1 3 1 1 1 1 1 1 1 0 1 1 1 origin_live $3622 @19 [vertex45#vertex45] #
point $-1 -1 -1 $-1 2.6015999999999999 -3.5162 0.017000000000000088 #
fbm_tag-tag-sys-attrib $-1 -1 $-1 $-1 $3624 2 1 2 1 1 1 3 1 1 1 1 1 1 1 0 1 1 1 origin_live $3624 @47 [edge:ThickenSheet(split_gap,vertex46)#edge157] #
straight-curve $-1 -1 -1 $-1 3.7479 -2.8999000000000001 0.017000000000000088 0 0 -1 F -10017.586675894363 F 10017.620675894363 #
fbm_tag-tag-sys-attrib $-1 -1 $-1 $-1 $3625 2 1 2 1 1 1 3 1 1 1 1 1 1 1 0 1 1 1 origin_live $3625 @69 [face:ThickenSheet(tweak,face:ThickenSheet(split_gap,edge46))#face38] #
plane-surface $-1 -1 -1 $-1 4.1788999999999996 -2.41235 0 0.74922090408967523 -0.66232019210880888 -0 0 0 -1 forward_v I I I I #
fbm_tag-tag-sys-attrib $-1 -1 $-1 $-1 $3633 2 1 2 1 1 1 3 1 1 1 1 1 1 1 0 1 1 1 origin_live $3633 @69 [face:ThickenSheet(tweak,face:ThickenSheet(split_gap,edge34))#face23] #
face $3732 -1 -1 $-1 $3733 $3734 $59 $-1 $3735 forward single F F #
loop $-1 -1 -1 $-1 $-1 $3703 $3633 T -1.6229 3.2610000000000001 0 -0.35159999999999991 4.4318 0.017000000000000088 unknown #
plane-surface $-1 -1 -1 $-1 -0.98724999999999996 3.8464 0 -0.67743374010351143 0.73558380064365747 -0 -0 0 1 forward_v I I I I #
coedge $-1 -1 -1 $-1 $3736 $3636 $3737 $3738 reversed $174 $-1 #
coedge $-1 -1 -1 $-1 $3719 $3718 $3636 $3688 forward $3720 $-1 #
edge $3739 -1 -1 $-1 $3740 5.3458009084794909e-17 $3690 1.7283240002962406 $3636 $3741 forward @7 unknown T -0.35159999999999991 -3.6974999999999998 0 1.3128 -3.2317999999999998 0 #
fbm_tag-tag-sys-attrib $-1 -1 $-1 $-1 $3638 2 1 2 1 1 1 3 1 1 1 1 1 1 1 0 1 1 1 origin_live $3638 @15 [edge44#edge44] #
vertex $3742 -1 -1 $-1 $3688 $3743 #
straight-curve $-1 -1 -1 $-1 1.3128 -3.6974999999999998 0 0.99024995559403994 0.13930192190347551 0 F 0 F 1.3014895812106988 #
fbm_tag-tag-sys-attrib $-1 -1 $-1 $-1 $3640 2 1 2 1 1 1 3 1 1 1 1 1 1 1 0 1 1 1 origin_live $3640 @50 [vertex:ThickenSheet(split_new,vertex45)#vertex99] #
point $-1 -1 -1 $-1 2.6015999999999999 -3.5162 0 #
coedge $-1 -1 -1 $-1 $3644 $3744 $3745 $3746 reversed $174 $-1 #
coedge $-1 -1 -1 $-1 $3706 $3705 $3644 $3696 forward $3634 $-1 #
edge $3747 -1 -1 $-1 $3698 0 $3748 1.7283240002962406 $3644 $3749 forward @7 unknown T -0.35159999999999991 4.4318 0 1.3128 4.8975 0 #
fbm_tag-tag-sys-attrib $-1 -1 $-1 $-1 $3646 2 1 2 1 1 1 3 1 1 1 1 1 1 1 0 1 1 1 origin_live $3646 @15 [edge32#edge32] #
vertex $3750 -1 -1 $-1 $3646 $3751 #
straight-curve $-1 -1 -1 $-1 2.6015999999999999 4.7162000000000006 0 -0.99024995559403994 0.13930192190347518 0 F 0 F 1.3014895812106986 #
fbm_tag-tag-sys-attrib $-1 -1 $-1 $-1 $3648 2 1 2 1 1 1 3 1 1 1 1 1 1 1 0 1 1 1 origin_live $3648 @51 [vertex:ThickenSheet(split_new,vertex32)#vertex100] #
point $-1 -1 -1 $-1 2.6015999999999999 4.7162000000000006 0 #
coedge $-1 -1 -1 $-1 $3752 $3652 $3753 $3754 forward $122 $-1 #
coedge $-1 -1 -1 $-1 $3755 $3756 $3652 $3704 reversed $3684 $-1 #
edge $3757 -1 -1 $-1 $3708 -4.0833103600793485e-17 $3758 1.7282871086714731 $3652 $3759 forward @7 unknown T -1.6229 3.2610000000000001 0.017000000000000088 -0.35159999999999991 4.4318 0.017000000000000088 #
coedge $-1 -1 -1 $-1 $3695 $3653 $3656 $3710 forward $3634 $-1 #
coedge $-1 -1 -1 $-1 $3653 $3695 $3755 $3760 reversed $3634 $-1 #
fbm_tag-tag-sys-attrib $-1 -1 $-1 $-1 $3654 2 1 2 1 1 1 3 1 1 1 1 1 1 1 0 1 1 1 origin_live $3654 @45 [edge:ThickenSheet(split_new,edge33)#edge128] #
vertex $3761 -1 -1 $-1 $3704 $3762 #
straight-curve $-1 -1 -1 $-1 1.3128 4.8975 0.017000000000000088 -0.96301387917700365 -0.26945179255751661 0 I I #
edge $3763 -1 -1 $-1 $3658 0 $3698 0.017000000000000088 $3705 $3764 forward @7 unknown T 1.3128 4.8975 0 1.3128 4.8975 0.017000000000000088 #
fbm_tag-tag-sys-attrib $-1 -1 $-1 $-1 $3658 2 1 2 1 1 1 3 1 1 1 1 1 1 1 0 1 1 1 origin_live $3658 @19 [vertex33#vertex33] #
point $-1 -1 -1 $-1 1.3128 4.8975 0.017000000000000088 #
fbm_tag-tag-sys-attrib $-1 -1 $-1 $-1 $3660 2 1 2 1 1 1 3 1 1 1 1 1 1 1 0 1 1 1 origin_live $3660 @47 [edge:ThickenSheet(split_gap,vertex32)#edge126] #
straight-curve $-1 -1 -1 $-1 2.6015999999999999 4.7162000000000006 0.017000000000000088 0 0 -1 F -10017.586675894363 F 10017.620675894363 #
coedge $-1 -1 -1 $-1 $3665 $3765 $3766 $3767 forward $122 $-1 #
coedge $-1 -1 -1 $-1 $3768 $3769 $3665 $3717 reversed $3770 $-1 #
edge $3771 -1 -1 $-1 $3772 0 $3722 1.7282871086714731 $3665 $3773 forward @7 unknown T -1.6229 -3.2317999999999998 0.017000000000000088 -0.35159999999999991 -2.0609999999999999 0.017000000000000088 #
coedge $-1 -1 -1 $-1 $3687 $3666 $3769 $3774 forward $3720 $-1 #
coedge $-1 -1 -1 $-1 $3666 $3687 $3668 $3724 reversed $3720 $-1 #
loop $-1 -1 -1 $-1 $-1 $3666 $3775 T -0.35159999999999991 -3.6974999999999998 0 1.3128 -3.2317999999999998 0.017000000000000088 unknown #
fbm_tag-tag-sys-attrib $-1 -1 $-1 $-1 $3667 2 1 2 1 1 1 3 1 1 1 1 1 1 1 0 1 1 1 origin_live $3667 @45 [edge:ThickenSheet(split_new,edge43)#edge150] #
vertex $3776 -1 -1 $-1 $3667 $3777 #
straight-curve $-1 -1 -1 $-1 -0.35159999999999997 -3.2317999999999998 0.017000000000000088 0.96301387917700365 -0.26945179255751661 0 I I #
edge $3778 -1 -1 $-1 $3672 0 $3690 0.017000000000000088 $3668 $3779 forward @7 unknown T 1.3128 -3.6974999999999998 0 1.3128 -3.6974999999999998 0.017000000000000088 #
face $3780 -1 -1 $-1 $3675 $3670 $59 $-1 $3781 forward single F F #
fbm_tag-tag-sys-attrib $-1 -1 $-1 $-1 $3672 2 1 2 1 1 1 3 1 1 1 1 1 1 1 0 1 1 1 origin_live $3672 @19 [vertex44#vertex44] #
point $-1 -1 -1 $-1 1.3128 -3.6974999999999998 0.017000000000000088 #
fbm_tag-tag-sys-attrib $-1 -1 $-1 $-1 $3674 2 1 2 1 1 1 3 1 1 1 1 1 1 1 0 1 1 1 origin_live $3674 @47 [edge:ThickenSheet(split_gap,vertex45)#edge156] #
straight-curve $-1 -1 -1 $-1 2.6015999999999999 -3.5162 0.017000000000000088 0 0 -1 F -10017.586675894363 F 10017.620675894363 #
fbm_tag-tag-sys-attrib $-1 -1 $-1 $-1 $3675 2 1 2 1 1 1 3 1 1 1 1 1 1 1 0 1 1 1 origin_live $3675 @69 [face:ThickenSheet(tweak,face:ThickenSheet(split_gap,edge45))#face37] #
plane-surface $-1 -1 -1 $-1 3.17475 -3.2080500000000001 0 0.47354072741916714 -0.88077192250623315 -0 0 0 -1 forward_v I I I I #
fbm_tag-tag-sys-attrib $-1 -1 $-1 $-1 $3683 2 1 2 1 1 1 3 1 1 1 1 1 1 1 0 1 1 1 origin_live $3683 @69 [face:ThickenSheet(tweak,face:ThickenSheet(split_gap,edge35))#face24] #
face $3782 -1 -1 $-1 $3783 $3784 $59 $-1 $3785 forward single F F #
loop $-1 -1 -1 $-1 $-1 $3753 $3683 T -2.2237 1.6405000000000001 0 -1.6229 3.2610000000000001 0.017000000000000088 unknown #
plane-surface $-1 -1 -1 $-1 -1.9233 2.4507500000000002 0 -0.93763284752914178 0.34762716124375709 -0 -0 0 1 forward_v I I I I #
coedge $-1 -1 -1 $-1 $3786 $3686 $3787 $3788 reversed $174 $-1 #
coedge $-1 -1 -1 $-1 $3769 $3768 $3686 $3738 forward $3770 $-1 #
edge $3789 -1 -1 $-1 $3790 0 $3740 1.7282871086714728 $3686 $3791 forward @7 unknown T -1.6229 -3.2317999999999998 0 -0.35159999999999991 -2.0609999999999999 0 #
fbm_tag-tag-sys-attrib $-1 -1 $-1 $-1 $3688 2 1 2 1 1 1 3 1 1 1 1 1 1 1 0 1 1 1 origin_live $3688 @15 [edge43#edge43] #
vertex $3792 -1 -1 $-1 $3738 $3793 #
straight-curve $-1 -1 -1 $-1 -0.35159999999999997 -3.2317999999999998 0 0.96301387917700376 -0.26945179255751667 0 F 5.3458009084794909e-17 F 1.7283240002962406 #
fbm_tag-tag-sys-attrib $-1 -1 $-1 $-1 $3690 2 1 2 1 1 1 3 1 1 1 1 1 1 1 0 1 1 1 origin_live $3690 @50 [vertex:ThickenSheet(split_new,vertex44)#vertex93] #
point $-1 -1 -1 $-1 1.3128 -3.6974999999999998 0 #
coedge $-1 -1 -1 $-1 $3694 $3794 $3795 $3796 reversed $174 $-1 #
coedge $-1 -1 -1 $-1 $3756 $3755 $3694 $3746 forward $3684 $-1 #
edge $3797 -1 -1 $-1 $3748 -4.0833103600793478e-17 $3798 1.7282871086714728 $3694 $3799 forward @7 unknown T -1.6229 3.2610000000000001 0 -0.35159999999999991 4.4318 0 #
fbm_tag-tag-sys-attrib $-1 -1 $-1 $-1 $3696 2 1 2 1 1 1 3 1 1 1 1 1 1 1 0 1 1 1 origin_live $3696 @15 [edge33#edge33] #
vertex $3800 -1 -1 $-1 $3696 $3801 #
straight-curve $-1 -1 -1 $-1 1.3128 4.8975 0 -0.96301387917700376 -0.26945179255751667 0 F 0 F 1.7283240002962406 #
fbm_tag-tag-sys-attrib $-1 -1 $-1 $-1 $3698 2 1 2 1 1 1 3 1 1 1 1 1 1 1 0 1 1 1 origin_live $3698 @50 [vertex:ThickenSheet(split_new,vertex33)#vertex94] #
point $-1 -1 -1 $-1 1.3128 4.8975 0 #
coedge $-1 -1 -1 $-1 $3802 $3702 $3803 $3804 forward $122 $-1 #
coedge $-1 -1 -1 $-1 $3805 $3806 $3702 $3754 reversed $3734 $-1 #
edge $3807 -1 -1 $-1 $3758 0 $3808 1.7282884278962236 $3702 $3809 forward @7 unknown T -2.2237 1.6405000000000001 0.017000000000000088 -1.6229 3.2610000000000001 0.017000000000000088 #
coedge $-1 -1 -1 $-1 $3745 $3703 $3706 $3760 forward $3684 $-1 #
coedge $-1 -1 -1 $-1 $3703 $3745 $3805 $3810 reversed $3684 $-1 #
fbm_tag-tag-sys-attrib $-1 -1 $-1 $-1 $3704 2 1 2 1 1 1 3 1 1 1 1 1 1 1 0 1 1 1 origin_live $3704 @45 [edge:ThickenSheet(split_new,edge34)#edge131] #
vertex $3811 -1 -1 $-1 $3754 $3812 #
straight-curve $-1 -1 -1 $-1 -0.35159999999999997 4.4318 0.017000000000000088 -0.73558380064365736 -0.67743374010351132 0 I I #
edge $3813 -1 -1 $-1 $3708 0 $3748 0.017000000000000088 $3755 $3814 forward @7 unknown T -0.35159999999999991 4.4318 0 -0.35159999999999991 4.4318 0.017000000000000088 #
fbm_tag-tag-sys-attrib $-1 -1 $-1 $-1 $3708 2 1 2 1 1 1 3 1 1 1 1 1 1 1 0 1 1 1 origin_live $3708 @19 [vertex34#vertex34] #
point $-1 -1 -1 $-1 -0.35159999999999991 4.4318 0.017000000000000088 #
fbm_tag-tag-sys-attrib $-1 -1 $-1 $-1 $3710 2 1 2 1 1 1 3 1 1 1 1 1 1 1 0 1 1 1 origin_live $3710 @47 [edge:ThickenSheet(split_gap,vertex33)#edge129] #
straight-curve $-1 -1 -1 $-1 1.3128 4.8975 0.017000000000000088 0 0 -1 F -10017.586675894363 F 10017.620675894363 #
coedge $-1 -1 -1 $-1 $3715 $3815 $3816 $3817 forward $122 $-1 #
coedge $-1 -1 -1 $-1 $3818 $3819 $3715 $3767 reversed $3820 $-1 #
edge $3821 -1 -1 $-1 $3822 0 $3772 1.7282884278962236 $3715 $3823 forward @7 unknown T -2.2237 -2.0609999999999999 0.017000000000000088 -1.6229 -0.44049999999999995 0.017000000000000088 #
coedge $-1 -1 -1 $-1 $3737 $3716 $3819 $3824 forward $3770 $-1 #
coedge $-1 -1 -1 $-1 $3716 $3737 $3718 $3774 reversed $3770 $-1 #
loop $-1 -1 -1 $-1 $-1 $3716 $3825 T -1.6229 -3.2317999999999998 0 -0.35159999999999991 -2.0609999999999999 0.017000000000000088 unknown #
fbm_tag-tag-sys-attrib $-1 -1 $-1 $-1 $3717 2 1 2 1 1 1 3 1 1 1 1 1 1 1 0 1 1 1 origin_live $3717 @45 [edge:ThickenSheet(split_new,edge42)#edge148] #
vertex $3826 -1 -1 $-1 $3717 $3827 #
straight-curve $-1 -1 -1 $-1 -1.6229 -2.0609999999999999 0.017000000000000088 0.73558380064365736 -0.67743374010351132 0 I I #
edge $3828 -1 -1 $-1 $3722 0 $3740 0.017000000000000088 $3718 $3829 forward @7 unknown T -0.35159999999999991 -3.2317999999999998 0 -0.35159999999999991 -3.2317999999999998 0.017000000000000088 #
face $3830 -1 -1 $-1 $3725 $3720 $59 $-1 $3831 forward single F F #
fbm_tag-tag-sys-attrib $-1 -1 $-1 $-1 $3722 2 1 2 1 1 1 3 1 1 1 1 1 1 1 0 1 1 1 origin_live $3722 @19 [vertex43#vertex43] #
point $-1 -1 -1 $-1 -0.35159999999999991 -3.2317999999999998 0.017000000000000088 #
fbm_tag-tag-sys-attrib $-1 -1 $-1 $-1 $3724 2 1 2 1 1 1 3 1 1 1 1 1 1 1 0 1 1 1 origin_live $3724 @47 [edge:ThickenSheet(split_gap,vertex44)#edge153] #
straight-curve $-1 -1 -1 $-1 1.3128 -3.6974999999999998 0.017000000000000088 0 0 -1 F -10017.586675894363 F 10017.620675894363 #
fbm_tag-tag-sys-attrib $-1 -1 $-1 $-1 $3725 2 1 2 1 1 1 3 1 1 1 1 1 1 1 0 1 1 1 origin_live $3725 @69 [face:ThickenSheet(tweak,face:ThickenSheet(split_gap,edge44))#face35] #
plane-surface $-1 -1 -1 $-1 1.9572000000000001 -3.6068499999999997 0 0.13930192190347551 -0.99024995559403994 -0 0 0 -1 forward_v I I I I #
fbm_tag-tag-sys-attrib $-1 -1 $-1 $-1 $3733 2 1 2 1 1 1 3 1 1 1 1 1 1 1 0 1 1 1 origin_live $3733 @69 [face:ThickenSheet(tweak,face:ThickenSheet(split_gap,edge36))#face25] #
face $3832 -1 -1 $-1 $3833 $3834 $59 $-1 $3835 forward single F F #
loop $-1 -1 -1 $-1 $-1 $3803 $3733 T -2.25 1.2 0 -2.2237 1.6405000000000001 0.017000000000000088 unknown #
plane-surface $-1 -1 -1 $-1 -2.23685 1.42025 0 -0.99822241457688199 0.059598750291423336 -0 -0 0 1 forward_v I I I I #
coedge $-1 -1 -1 $-1 $3836 $3736 $3837 $3838 reversed $174 $-1 #
coedge $-1 -1 -1 $-1 $3819 $3818 $3736 $3788 forward $3820 $-1 #
edge $3839 -1 -1 $-1 $3840 0 $3790 1.7282884278962236 $3736 $3841 forward @7 unknown T -2.2237 -2.0609999999999999 0 -1.6229 -0.44049999999999995 0 #
fbm_tag-tag-sys-attrib $-1 -1 $-1 $-1 $3738 2 1 2 1 1 1 3 1 1 1 1 1 1 1 0 1 1 1 origin_live $3738 @15 [edge42#edge42] #
vertex $3842 -1 -1 $-1 $3788 $3843 #
straight-curve $-1 -1 -1 $-1 -1.6229 -2.0609999999999999 0 0.73558380064365747 -0.67743374010351143 0 F 0 F 1.7282871086714728 #
fbm_tag-tag-sys-attrib $-1 -1 $-1 $-1 $3740 2 1 2 1 1 1 3 1 1 1 1 1 1 1 0 1 1 1 origin_live $3740 @50 [vertex:ThickenSheet(split_new,vertex43)#vertex89] #
point $-1 -1 -1 $-1 -0.35159999999999991 -3.2317999999999998 0 #
coedge $-1 -1 -1 $-1 $3744 $3844 $3845 $3846 reversed $174 $-1 #
coedge $-1 -1 -1 $-1 $3806 $3805 $3744 $3796 forward $3734 $-1 #
edge $3847 -1 -1 $-1 $3798 0 $3848 1.7282884278962236 $3744 $3849 forward @7 unknown T -2.2237 1.6405000000000001 0 -1.6229 3.2610000000000001 0 #
fbm_tag-tag-sys-attrib $-1 -1 $-1 $-1 $3746 2 1 2 1 1 1 3 1 1 1 1 1 1 1 0 1 1 1 origin_live $3746 @15 [edge34#edge34] #
vertex $3850 -1 -1 $-1 $3746 $3851 #
straight-curve $-1 -1 -1 $-1 -0.35159999999999997 4.4318 0 -0.73558380064365747 -0.67743374010351143 0 F -4.0833103600793478e-17 F 1.7282871086714728 #
fbm_tag-tag-sys-attrib $-1 -1 $-1 $-1 $3748 2 1 2 1 1 1 3 1 1 1 1 1 1 1 0 1 1 1 origin_live $3748 @50 [vertex:ThickenSheet(split_new,vertex34)#vertex90] #
point $-1 -1 -1 $-1 -0.35159999999999991 4.4318 0 #
coedge $-1 -1 -1 $-1 $3852 $3752 $3853 $3854 forward $122 $-1 #
coedge $-1 -1 -1 $-1 $3855 $3856 $3752 $3804 reversed $3784 $-1 #
edge $3857 -1 -1 $-1 $3808 0 $3858 0.4412844207537811 $3752 $3859 forward @7 unknown T -2.25 1.2 0.017000000000000088 -2.2237 1.6405000000000001 0.017000000000000088 #
coedge $-1 -1 -1 $-1 $3795 $3753 $3756 $3810 forward $3734 $-1 #
coedge $-1 -1 -1 $-1 $3753 $3795 $3855 $3860 reversed $3734 $-1 #
fbm_tag-tag-sys-attrib $-1 -1 $-1 $-1 $3754 2 1 2 1 1 1 3 1 1 1 1 1 1 1 0 1 1 1 origin_live $3754 @45 [edge:ThickenSheet(split_new,edge35)#edge133] #
vertex $3861 -1 -1 $-1 $3804 $3862 #
straight-curve $-1 -1 -1 $-1 -1.6229 3.2610000000000001 0.017000000000000088 -0.34762716124375709 -0.93763284752914178 0 I I #
edge $3863 -1 -1 $-1 $3758 0 $3798 0.017000000000000088 $3805 $3864 forward @7 unknown T -1.6229 3.2610000000000001 0 -1.6229 3.2610000000000001 0.017000000000000088 #
fbm_tag-tag-sys-attrib $-1 -1 $-1 $-1 $3758 2 1 2 1 1 1 3 1 1 1 1 1 1 1 0 1 1 1 origin_live $3758 @19 [vertex35#vertex35] #
point $-1 -1 -1 $-1 -1.6229 3.2610000000000001 0.017000000000000088 #
fbm_tag-tag-sys-attrib $-1 -1 $-1 $-1 $3760 2 1 2 1 1 1 3 1 1 1 1 1 1 1 0 1 1 1 origin_live $3760 @47 [edge:ThickenSheet(split_gap,vertex34)#edge132] #
straight-curve $-1 -1 -1 $-1 -0.35159999999999991 4.4318 0.017000000000000088 0 0 -1 F -10017.586675894363 F 10017.620675894363 #
coedge $-1 -1 -1 $-1 $3765 $3852 $3865 $3866 forward $122 $-1 #
coedge $-1 -1 -1 $-1 $3867 $3868 $3765 $3817 reversed $3869 $-1 #
edge $3870 -1 -1 $-1 $3871 0 $3822 0.44128442075378094 $3765 $3872 forward @7 unknown T -2.25 -0.4405 0.017000000000000088 -2.2237 0 0.017000000000000088 #
coedge $-1 -1 -1 $-1 $3787 $3766 $3868 $3873 forward $3820 $-1 #
coedge $-1 -1 -1 $-1 $3766 $3787 $3768 $3824 reversed $3820 $-1 #
loop $-1 -1 -1 $-1 $-1 $3766 $3874 T -2.2237 -2.0609999999999999 0 -1.6229 -0.44049999999999995 0.017000000000000088 unknown #
fbm_tag-tag-sys-attrib $-1 -1 $-1 $-1 $3767 2 1 2 1 1 1 3 1 1 1 1 1 1 1 0 1 1 1 origin_live $3767 @45 [edge:ThickenSheet(split_new,edge41)#edge146] #
vertex $3875 -1 -1 $-1 $3767 $3876 #
straight-curve $-1 -1 -1 $-1 -2.2237 -0.44049999999999995 0.017000000000000088 0.34762716124375709 -0.93763284752914178 0 I I #
edge $3877 -1 -1 $-1 $3772 0 $3790 0.017000000000000088 $3768 $3878 forward @7 unknown T -1.6229 -2.0609999999999999 0 -1.6229 -2.0609999999999999 0.017000000000000088 #
face $3879 -1 -1 $-1 $3775 $3770 $59 $-1 $3880 forward single F F #
fbm_tag-tag-sys-attrib $-1 -1 $-1 $-1 $3772 2 1 2 1 1 1 3 1 1 1 1 1 1 1 0 1 1 1 origin_live $3772 @19 [vertex42#vertex42] #
point $-1 -1 -1 $-1 -1.6229 -2.0609999999999999 0.017000000000000088 #
fbm_tag-tag-sys-attrib $-1 -1 $-1 $-1 $3774 2 1 2 1 1 1 3 1 1 1 1 1 1 1 0 1 1 1 origin_live $3774 @47 [edge:ThickenSheet(split_gap,vertex43)#edge151] #
straight-curve $-1 -1 -1 $-1 -0.35159999999999991 -3.2317999999999998 0.017000000000000088 0 0 -1 F -10017.586675894363 F 10017.620675894363 #
fbm_tag-tag-sys-attrib $-1 -1 $-1 $-1 $3775 2 1 2 1 1 1 3 1 1 1 1 1 1 1 0 1 1 1 origin_live $3775 @69 [face:ThickenSheet(tweak,face:ThickenSheet(split_gap,edge43))#face34] #
plane-surface $-1 -1 -1 $-1 0.48059999999999986 -3.4646499999999998 0 -0.26945179255751667 -0.96301387917700376 0 0 -0 -1 forward_v I I I I #
fbm_tag-tag-sys-attrib $-1 -1 $-1 $-1 $3783 2 1 2 1 1 1 3 1 1 1 1 1 1 1 0 1 1 1 origin_live $3783 @69 [face:ThickenSheet(tweak,face:ThickenSheet(split_gap,edge37))#face26] #
face $3881 -1 -1 $-1 $3882 $3883 $59 $-1 $3884 forward single F F #
loop $-1 -1 -1 $-1 $-1 $3853 $3783 T -4.25 1.2 0 -2.25 1.2 0.017000000000000088 unknown #
plane-surface $-1 -1 -1 $-1 -3.25 1.2 0 -0 1 -0 -0 0 1 forward_v I I I I #
coedge $-1 -1 -1 $-1 $3885 $3786 $3886 $3887 reversed $174 $-1 #
coedge $-1 -1 -1 $-1 $3868 $3867 $3786 $3838 forward $3869 $-1 #
edge $3888 -1 -1 $-1 $3889 0 $3840 0.44128442075378094 $3786 $3890 forward @7 unknown T -2.25 -0.4405 0 -2.2237 0 0 #
fbm_tag-tag-sys-attrib $-1 -1 $-1 $-1 $3788 2 1 2 1 1 1 3 1 1 1 1 1 1 1 0 1 1 1 origin_live $3788 @15 [edge41#edge41] #
vertex $3891 -1 -1 $-1 $3838 $3892 #
straight-curve $-1 -1 -1 $-1 -2.2237 -0.44049999999999995 0 0.34762716124375709 -0.93763284752914178 0 F 0 F 1.7282884278962236 #
fbm_tag-tag-sys-attrib $-1 -1 $-1 $-1 $3790 2 1 2 1 1 1 3 1 1 1 1 1 1 1 0 1 1 1 origin_live $3790 @50 [vertex:ThickenSheet(split_new,vertex42)#vertex85] #
point $-1 -1 -1 $-1 -1.6229 -2.0609999999999999 0 #
coedge $-1 -1 -1 $-1 $3794 $3885 $3893 $3894 reversed $174 $-1 #
coedge $-1 -1 -1 $-1 $3856 $3855 $3794 $3846 forward $3784 $-1 #
edge $3895 -1 -1 $-1 $3848 0 $3896 0.44128442075378105 $3794 $3897 forward @7 unknown T -2.25 1.2 0 -2.2237 1.6405000000000001 0 #
fbm_tag-tag-sys-attrib $-1 -1 $-1 $-1 $3796 2 1 2 1 1 1 3 1 1 1 1 1 1 1 0 1 1 1 origin_live $3796 @15 [edge35#edge35] #
vertex $3898 -1 -1 $-1 $3796 $3899 #
straight-curve $-1 -1 -1 $-1 -1.6229 3.2610000000000001 0 -0.34762716124375709 -0.93763284752914178 0 F 0 F 1.7282884278962236 #
fbm_tag-tag-sys-attrib $-1 -1 $-1 $-1 $3798 2 1 2 1 1 1 3 1 1 1 1 1 1 1 0 1 1 1 origin_live $3798 @50 [vertex:ThickenSheet(split_new,vertex35)#vertex86] #
point $-1 -1 -1 $-1 -1.6229 3.2610000000000001 0 #
coedge $-1 -1 -1 $-1 $3815 $3802 $3900 $3901 forward $122 $-1 #
coedge $-1 -1 -1 $-1 $3902 $3903 $3802 $3854 reversed $3834 $-1 #
edge $3904 -1 -1 $-1 $3858 0 $3905 2 $3802 $3906 forward @7 unknown T -4.25 1.2 0.017000000000000088 -2.25 1.2 0.017000000000000088 #
coedge $-1 -1 -1 $-1 $3845 $3803 $3806 $3860 forward $3784 $-1 #
coedge $-1 -1 -1 $-1 $3803 $3845 $3902 $3907 reversed $3784 $-1 #
fbm_tag-tag-sys-attrib $-1 -1 $-1 $-1 $3804 2 1 2 1 1 1 3 1 1 1 1 1 1 1 0 1 1 1 origin_live $3804 @45 [edge:ThickenSheet(split_new,edge36)#edge135] #
vertex $3908 -1 -1 $-1 $3854 $3909 #
straight-curve $-1 -1 -1 $-1 -2.2237 1.6405000000000001 0.017000000000000088 -0.059598750291423329 -0.99822241457688188 0 I I #
edge $3910 -1 -1 $-1 $3808 0 $3848 0.017000000000000088 $3855 $3911 forward @7 unknown T -2.2237 1.6405000000000001 0 -2.2237 1.6405000000000001 0.017000000000000088 #
fbm_tag-tag-sys-attrib $-1 -1 $-1 $-1 $3808 2 1 2 1 1 1 3 1 1 1 1 1 1 1 0 1 1 1 origin_live $3808 @19 [vertex36#vertex36] #
point $-1 -1 -1 $-1 -2.2237 1.6405000000000001 0.017000000000000088 #
fbm_tag-tag-sys-attrib $-1 -1 $-1 $-1 $3810 2 1 2 1 1 1 3 1 1 1 1 1 1 1 0 1 1 1 origin_live $3810 @47 [edge:ThickenSheet(split_gap,vertex35)#edge134] #
straight-curve $-1 -1 -1 $-1 -1.6229 3.2610000000000001 0.017000000000000088 0 0 -1 F -10017.586675894363 F 10017.620675894363 #
coedge $-1 -1 -1 $-1 $3912 $3913 $3815 $3866 reversed $3914 $-1 #
edge $3915 -1 -1 $-1 $3916 0 $3871 2 $3815 $3917 forward @7 unknown T -4.25 0 0.017000000000000088 -2.25 0 0.017000000000000088 #
coedge $-1 -1 -1 $-1 $3837 $3816 $3913 $3918 forward $3869 $-1 #
coedge $-1 -1 -1 $-1 $3816 $3837 $3818 $3873 reversed $3869 $-1 #
loop $-1 -1 -1 $-1 $-1 $3816 $3919 T -2.25 -0.4405 0 -2.2237 0 0.017000000000000088 unknown #
fbm_tag-tag-sys-attrib $-1 -1 $-1 $-1 $3817 2 1 2 1 1 1 3 1 1 1 1 1 1 1 0 1 1 1 origin_live $3817 @45 [edge:ThickenSheet(split_new,edge40)#edge144] #
vertex $3920 -1 -1 $-1 $3817 $3921 #
straight-curve $-1 -1 -1 $-1 -2.25 0 0.017000000000000088 0.05959875029142337 -0.9982224145768821 0 I I #
edge $3922 -1 -1 $-1 $3822 0 $3840 0.017000000000000088 $3818 $3923 forward @7 unknown T -2.2237 -0.44049999999999995 0 -2.2237 -0.44049999999999995 0.017000000000000088 #
face $3924 -1 -1 $-1 $3825 $3820 $59 $-1 $3925 forward single F F #
fbm_tag-tag-sys-attrib $-1 -1 $-1 $-1 $3822 2 1 2 1 1 1 3 1 1 1 1 1 1 1 0 1 1 1 origin_live $3822 @19 [vertex41#vertex41] #
point $-1 -1 -1 $-1 -2.2237 -0.44049999999999995 0.017000000000000088 #
fbm_tag-tag-sys-attrib $-1 -1 $-1 $-1 $3824 2 1 2 1 1 1 3 1 1 1 1 1 1 1 0 1 1 1 origin_live $3824 @47 [edge:ThickenSheet(split_gap,vertex42)#edge149] #
straight-curve $-1 -1 -1 $-1 -1.6229 -2.0609999999999999 0.017000000000000088 0 0 -1 F -10017.586675894363 F 10017.620675894363 #
fbm_tag-tag-sys-attrib $-1 -1 $-1 $-1 $3825 2 1 2 1 1 1 3 1 1 1 1 1 1 1 0 1 1 1 origin_live $3825 @69 [face:ThickenSheet(tweak,face:ThickenSheet(split_gap,edge42))#face32] #
plane-surface $-1 -1 -1 $-1 -0.98725000000000007 -2.6463999999999999 0 -0.67743374010351143 -0.73558380064365747 0 0 -0 1 forward_v I I I I #
fbm_tag-tag-sys-attrib $-1 -1 $-1 $-1 $3833 2 1 2 1 1 1 3 1 1 1 1 1 1 1 0 1 1 1 origin_live $3833 @69 [face:ThickenSheet(tweak,face:ThickenSheet(split_gap,edge38))#face27] #
face $3926 -1 -1 $-1 $3919 $3914 $59 $-1 $3927 forward single F F #
loop $-1 -1 -1 $-1 $-1 $3900 $3833 T -4.25 0 0 -4.25 1.2 0.017000000000000088 unknown #
plane-surface $-1 -1 -1 $-1 -4.25 0.59999999999999998 0 -1 -0 0 0 -0 1 forward_v I I I I #
coedge $-1 -1 -1 $-1 $3844 $3836 $3928 $3929 reversed $174 $-1 #
coedge $-1 -1 -1 $-1 $3913 $3912 $3836 $3887 forward $3914 $-1 #
edge $3930 -1 -1 $-1 $3931 0 $3889 2 $3836 $3932 forward @7 unknown T -4.25 0 0 -2.25 0 0 #
fbm_tag-tag-sys-attrib $-1 -1 $-1 $-1 $3838 2 1 2 1 1 1 3 1 1 1 1 1 1 1 0 1 1 1 origin_live $3838 @15 [edge40#edge40] #
vertex $3933 -1 -1 $-1 $3887 $3934 #
straight-curve $-1 -1 -1 $-1 -2.25 0 0 0.05959875029142337 -0.9982224145768821 0 F 0 F 0.44128442075378094 #
fbm_tag-tag-sys-attrib $-1 -1 $-1 $-1 $3840 2 1 2 1 1 1 3 1 1 1 1 1 1 1 0 1 1 1 origin_live $3840 @50 [vertex:ThickenSheet(split_new,vertex41)#vertex80] #
point $-1 -1 -1 $-1 -2.2237 -0.44049999999999995 0 #
coedge $-1 -1 -1 $-1 $3903 $3902 $3844 $3894 forward $3834 $-1 #
edge $3935 -1 -1 $-1 $3896 0 $3936 2 $3844 $3937 forward @7 unknown T -4.25 1.2 0 -2.25 1.2 0 #
fbm_tag-tag-sys-attrib $-1 -1 $-1 $-1 $3846 2 1 2 1 1 1 3 1 1 1 1 1 1 1 0 1 1 1 origin_live $3846 @15 [edge36#edge36] #
vertex $3938 -1 -1 $-1 $3846 $3939 #
straight-curve $-1 -1 -1 $-1 -2.2237 1.6405000000000001 0 -0.059598750291423336 -0.99822241457688199 0 F 0 F 0.44128442075378105 #
fbm_tag-tag-sys-attrib $-1 -1 $-1 $-1 $3848 2 1 2 1 1 1 3 1 1 1 1 1 1 1 0 1 1 1 origin_live $3848 @50 [vertex:ThickenSheet(split_new,vertex36)#vertex81] #
point $-1 -1 -1 $-1 -2.2237 1.6405000000000001 0 #
coedge $-1 -1 -1 $-1 $3940 $3941 $3852 $3901 reversed $3883 $-1 #
edge $3942 -1 -1 $-1 $3905 0 $3916 1.2 $3852 $3943 forward @7 unknown T -4.25 0 0.017000000000000088 -4.25 1.2 0.017000000000000088 #
coedge $-1 -1 -1 $-1 $3893 $3853 $3856 $3907 forward $3834 $-1 #
coedge $-1 -1 -1 $-1 $3853 $3893 $3940 $3944 reversed $3834 $-1 #
fbm_tag-tag-sys-attrib $-1 -1 $-1 $-1 $3854 2 1 2 1 1 1 3 1 1 1 1 1 1 1 0 1 1 1 origin_live $3854 @45 [edge:ThickenSheet(split_new,edge37)#edge137] #
vertex $3945 -1 -1 $-1 $3901 $3946 #
straight-curve $-1 -1 -1 $-1 -2.25 1.2 0.017000000000000088 -1 0 0 I I #
edge $3947 -1 -1 $-1 $3858 0 $3896 0.017000000000000088 $3902 $3948 forward @7 unknown T -2.25 1.2 0 -2.25 1.2 0.017000000000000088 #
fbm_tag-tag-sys-attrib $-1 -1 $-1 $-1 $3858 2 1 2 1 1 1 3 1 1 1 1 1 1 1 0 1 1 1 origin_live $3858 @19 [vertex37#vertex37] #
point $-1 -1 -1 $-1 -2.25 1.2 0.017000000000000088 #
fbm_tag-tag-sys-attrib $-1 -1 $-1 $-1 $3860 2 1 2 1 1 1 3 1 1 1 1 1 1 1 0 1 1 1 origin_live $3860 @47 [edge:ThickenSheet(split_gap,vertex36)#edge136] #
straight-curve $-1 -1 -1 $-1 -2.2237 1.6405000000000001 0.017000000000000088 0 0 -1 F -10017.586675894363 F 10017.620675894363 #
coedge $-1 -1 -1 $-1 $3886 $3865 $3941 $3949 forward $3914 $-1 #
coedge $-1 -1 -1 $-1 $3865 $3886 $3867 $3918 reversed $3914 $-1 #
loop $-1 -1 -1 $-1 $-1 $3865 $3882 T -4.25 0 0 -2.25 0 0.017000000000000088 unknown #
fbm_tag-tag-sys-attrib $-1 -1 $-1 $-1 $3866 2 1 2 1 1 1 3 1 1 1 1 1 1 1 0 1 1 1 origin_live $3866 @45 [edge:ThickenSheet(split_new,edge39)#edge142] #
vertex $3950 -1 -1 $-1 $3866 $3951 #
straight-curve $-1 -1 -1 $-1 -4.25 0 0.017000000000000088 1 0 0 I I #
edge $3952 -1 -1 $-1 $3871 0 $3889 0.017000000000000088 $3867 $3953 forward @7 unknown T -2.25 0 0 -2.25 0 0.017000000000000088 #
face $3954 -1 -1 $-1 $3874 $3869 $59 $-1 $3955 forward single F F #
fbm_tag-tag-sys-attrib $-1 -1 $-1 $-1 $3871 2 1 2 1 1 1 3 1 1 1 1 1 1 1 0 1 1 1 origin_live $3871 @19 [vertex40#vertex40] #
point $-1 -1 -1 $-1 -2.25 0 0.017000000000000088 #
fbm_tag-tag-sys-attrib $-1 -1 $-1 $-1 $3873 2 1 2 1 1 1 3 1 1 1 1 1 1 1 0 1 1 1 origin_live $3873 @47 [edge:ThickenSheet(split_gap,vertex41)#edge147] #
straight-curve $-1 -1 -1 $-1 -2.2237 -0.44049999999999995 0.017000000000000088 0 0 -1 F -10017.586675894363 F 10017.620675894363 #
fbm_tag-tag-sys-attrib $-1 -1 $-1 $-1 $3874 2 1 2 1 1 1 3 1 1 1 1 1 1 1 0 1 1 1 origin_live $3874 @69 [face:ThickenSheet(tweak,face:ThickenSheet(split_gap,edge41))#face31] #
plane-surface $-1 -1 -1 $-1 -1.9233 -1.25075 0 -0.93763284752914178 -0.34762716124375709 0 0 -0 1 forward_v I I I I #
fbm_tag-tag-sys-attrib $-1 -1 $-1 $-1 $3882 2 1 2 1 1 1 3 1 1 1 1 1 1 1 0 1 1 1 origin_live $3882 @69 [face:ThickenSheet(tweak,face:ThickenSheet(split_gap,edge39))#face29] #
plane-surface $-1 -1 -1 $-1 -3.25 0 0 -0 -1 -0 0 0 -1 forward_v I I I I #
coedge $-1 -1 -1 $-1 $3941 $3940 $3885 $3929 forward $3883 $-1 #
edge $3956 -1 -1 $-1 $3936 0 $3931 1.2 $3885 $3957 forward @7 unknown T -4.25 0 0 -4.25 1.2 0 #
fbm_tag-tag-sys-attrib $-1 -1 $-1 $-1 $3887 2 1 2 1 1 1 3 1 1 1 1 1 1 1 0 1 1 1 origin_live $3887 @15 [edge39#edge39] #
vertex $3958 -1 -1 $-1 $3929 $3959 #
straight-curve $-1 -1 -1 $-1 -4.25 0 0 1 0 0 F 0 F 2 #
fbm_tag-tag-sys-attrib $-1 -1 $-1 $-1 $3889 2 1 2 1 1 1 3 1 1 1 1 1 1 1 0 1 1 1 origin_live $3889 @50 [vertex:ThickenSheet(split_new,vertex40)#vertex78] #
point $-1 -1 -1 $-1 -2.25 0 0 #
fbm_tag-tag-sys-attrib $-1 -1 $-1 $-1 $3894 2 1 2 1 1 1 3 1 1 1 1 1 1 1 0 1 1 1 origin_live $3894 @15 [edge37#edge37] #
vertex $3960 -1 -1 $-1 $3894 $3961 #
straight-curve $-1 -1 -1 $-1 -2.25 1.2 0 -1 0 0 F 0 F 2 #
fbm_tag-tag-sys-attrib $-1 -1 $-1 $-1 $3896 2 1 2 1 1 1 3 1 1 1 1 1 1 1 0 1 1 1 origin_live $3896 @50 [vertex:ThickenSheet(split_new,vertex37)#vertex79] #
point $-1 -1 -1 $-1 -2.25 1.2 0 #
coedge $-1 -1 -1 $-1 $3928 $3900 $3903 $3944 forward $3883 $-1 #
coedge $-1 -1 -1 $-1 $3900 $3928 $3912 $3949 reversed $3883 $-1 #
fbm_tag-tag-sys-attrib $-1 -1 $-1 $-1 $3901 2 1 2 1 1 1 3 1 1 1 1 1 1 1 0 1 1 1 origin_live $3901 @45 [edge:ThickenSheet(split_new,edge38)#edge139] #
straight-curve $-1 -1 -1 $-1 -4.25 1.2 0.017000000000000088 0 -1 0 I I #
edge $3962 -1 -1 $-1 $3905 0 $3936 0.017000000000000088 $3940 $3963 forward @7 unknown T -4.25 1.2 0 -4.25 1.2 0.017000000000000088 #
fbm_tag-tag-sys-attrib $-1 -1 $-1 $-1 $3905 2 1 2 1 1 1 3 1 1 1 1 1 1 1 0 1 1 1 origin_live $3905 @19 [vertex38#vertex38] #
point $-1 -1 -1 $-1 -4.25 1.2 0.017000000000000088 #
fbm_tag-tag-sys-attrib $-1 -1 $-1 $-1 $3907 2 1 2 1 1 1 3 1 1 1 1 1 1 1 0 1 1 1 origin_live $3907 @47 [edge:ThickenSheet(split_gap,vertex37)#edge138] #
straight-curve $-1 -1 -1 $-1 -2.25 1.2 0.017000000000000088 0 0 -1 F -10017.586675894363 F 10017.620675894363 #
edge $3964 -1 -1 $-1 $3916 0 $3931 0.017000000000000088 $3912 $3965 forward @7 unknown T -4.25 0 0 -4.25 0 0.017000000000000088 #
fbm_tag-tag-sys-attrib $-1 -1 $-1 $-1 $3916 2 1 2 1 1 1 3 1 1 1 1 1 1 1 0 1 1 1 origin_live $3916 @19 [vertex39#vertex39] #
point $-1 -1 -1 $-1 -4.25 0 0.017000000000000088 #
fbm_tag-tag-sys-attrib $-1 -1 $-1 $-1 $3918 2 1 2 1 1 1 3 1 1 1 1 1 1 1 0 1 1 1 origin_live $3918 @47 [edge:ThickenSheet(split_gap,vertex40)#edge145] #
straight-curve $-1 -1 -1 $-1 -2.25 0 0.017000000000000088 0 0 -1 F -10017.586675894363 F 10017.620675894363 #
fbm_tag-tag-sys-attrib $-1 -1 $-1 $-1 $3919 2 1 2 1 1 1 3 1 1 1 1 1 1 1 0 1 1 1 origin_live $3919 @69 [face:ThickenSheet(tweak,face:ThickenSheet(split_gap,edge40))#face30] #
plane-surface $-1 -1 -1 $-1 -2.23685 -0.22025 0 -0.9982224145768821 -0.05959875029142337 0 0 -0 1 forward_v I I I I #
fbm_tag-tag-sys-attrib $-1 -1 $-1 $-1 $3929 2 1 2 1 1 1 3 1 1 1 1 1 1 1 0 1 1 1 origin_live $3929 @15 [edge38#edge38] #
straight-curve $-1 -1 -1 $-1 -4.25 1.2 0 0 -1 0 F 0 F 1.2 #
fbm_tag-tag-sys-attrib $-1 -1 $-1 $-1 $3931 2 1 2 1 1 1 3 1 1 1 1 1 1 1 0 1 1 1 origin_live $3931 @50 [vertex:ThickenSheet(split_new,vertex39)#vertex76] #
point $-1 -1 -1 $-1 -4.25 0 0 #
fbm_tag-tag-sys-attrib $-1 -1 $-1 $-1 $3936 2 1 2 1 1 1 3 1 1 1 1 1 1 1 0 1 1 1 origin_live $3936 @50 [vertex:ThickenSheet(split_new,vertex38)#vertex77] #
point $-1 -1 -1 $-1 -4.25 1.2 0 #
fbm_tag-tag-sys-attrib $-1 -1 $-1 $-1 $3944 2 1 2 1 1 1 3 1 1 1 1 1 1 1 0 1 1 1 origin_live $3944 @47 [edge:ThickenSheet(split_gap,vertex38)#edge140] #
straight-curve $-1 -1 -1 $-1 -4.25 1.2 0.017000000000000088 0 0 -1 F -10017.586675894363 F 10017.620675894363 #
fbm_tag-tag-sys-attrib $-1 -1 $-1 $-1 $3949 2 1 2 1 1 1 3 1 1 1 1 1 1 1 0 1 1 1 origin_live $3949 @47 [edge:ThickenSheet(split_gap,vertex39)#edge143] #
straight-curve $-1 -1 -1 $-1 -4.25 0 0.017000000000000088 0 0 -1 F -10017.586675894363 F 10017.620675894363 #
End-of-ACIS-data 