0.42182460893615448
0.22592428982200963
0.183662146878383
0.17972413157901115
0.17734368729965516
0.17625778363127148
0.17151631098238718
0.17105736016635256
0.16801890726039612
0.16635410803433523
0.16439239500200017
0.16435627347350115
0.16427099481453961
0.16367596555563665
0.1631852821112616
0.16269978746923733
0.16225237045856758
0.16130107636813873
0.16042333492407615
0.15937594699221838
0.15853145338240635
0.15759197858779692
0.15605622209863515
0.15547995518840921
0.15494808513055089
0.15426461756486401
0.15403317323629717
0.15198856529718854
0.15114416139632128
0.15080576871258569
0.15051789562592294
0.15035599143647152
0.15026545998922503
0.14992567682249533
0.1491910752749378
0.14848326314164692
0.14729513352080995
0.14724163062996659
0.14711868340112622
0.14708383107844084
0.14580767458085905
0.14570854181561158
0.14412709628623249
0.14405794071973199
0.14389324069516946
0.14384208029546386
0.143800617417778
0.14379796162051714
0.14369620139814693
0.14328942204892034
0.14304065706717869
0.14238797366626563
0.14193307811720346
0.14182539927230262
0.14168982205389813
0.14135641381943687
0.14111095283323111
0.14015217439218064
0.13910590797267738
0.13908050887105175
0.13888198591944742
0.13878872660616279
0.13870920174978671
0.13859580451849576
0.13852623315075202
0.13849479382586599
0.13834522401836874
0.13824180301782993
0.13789816058854787
0.13771286825481382
0.13769061341238517
0.13735590566665395
0.13651006099613211
0.13646566884343339
0.13643493716383237
0.13565269642244857
0.13563785635189524
0.13531443648569419
0.13523077541127509
0.13456304938115687
0.13443398156275374
0.13438100451459795
0.13427631256505748
0.13370883501534092
0.13369933536235951
0.13366278821365757
0.1332766718222467
0.13264422912509105
0.13263207799348711
0.13222638015205723
0.13196996948368891
0.1315431850944411
0.13111415812267863
0.13101483190640334
0.13062827636947236
0.12999806678351911
0.12990709166910644
0.1298947929343845
0.1296457299196859
0.12953047636578768
0.12948826707504593
0.1291855896788387
0.12884024218006362
0.12878431791804212
0.12875330822702891
0.12874826786203464
0.12873477962441865
0.12870019379671505
0.12836338282147661
0.12835959540596353
0.1282945670040751
0.12719189168947168
0.12717047253902627
0.12667621767985604
0.12638255264014137
0.12632908997031231
0.12591095239422867
0.1259099157264468
0.1256767006624028
0.12542152935698869
0.12516007639772447
0.12510937640779476
0.12506831507695543
0.12506162595443232
0.12479737066967887
0.12460225855656232
0.12417847557377829
0.1241121470992933
0.12364004322011375
0.12338764068393024
0.12323954573178558
0.12298449155310232
0.12277015283938379
0.12274234949010768
0.12259079356488936
0.12253898480843968
0.12240241017765538
0.12229154907923441
0.12225418047629313
0.12207012528230511
0.12201731765312655
0.12172785511636958
0.12165955005680182
0.12135746073581499
0.1212802376329483
0.12093155051316137
0.12087589338890598
0.12086564841282446
0.12059487331735196
0.12033138116156843
0.12024255176918826
0.12020136935864625
0.12011979546531833
0.12008852820693035
0.12001626293921468
0.11995564955061157
0.11958688044677381
0.1195821009416965
0.11953126606286868
0.11932419178496741
0.11929256084307809
0.11900936974505272
0.11873471914082868
0.11860624550800605
0.11816505730898147
0.1181085265543721
0.11807660298633584
0.11788738497940035
0.11759460740752509
0.1174878553846245
0.1174782658091367
0.11744152519883717
0.11739098988641333
0.11737391043848294
0.11720690615179349
0.11675393973128644
0.11669952978180828
0.11652662121108898
0.11649158822776678
0.11648296451889786
0.11639050823986308
0.11620970020109597
0.11598927375578671
0.11569941018268241
0.11561580379669302
0.11553098888321998
0.11520675235692095
0.11483176880343421
0.11474538389025854
0.11447033361564493
0.11440799846183884
0.11438456832656653
0.11436081569224736
0.11416544062830782
0.11415810245272541
0.11397462613583299
0.11389806688305003
0.11388520980521337
0.11385442428281205
0.11377980287495798
0.11340966297823464
0.11336037900716976
0.11292302635309125
0.11277681034985231
0.11268608634605809
0.11265295008752789
0.1125097795144335
0.11246988886712719
0.11245196390267495
0.11233627092194153
0.11224103456590336
0.11207521648902287
0.11207239968411017
0.11205141592776845
0.11178951944216198
0.11173424834382313
0.11156002548889465
0.11133377801099609
0.11102254483898107
0.11097694023142547
0.11097075558116538
0.11080821113405821
0.11069563800205059
0.11051539931677894
0.11049628504883299
0.11048287509708567
0.11041191114991109
0.11019513347021223
0.1099233301280574
0.10988675410759233
0.10972688192726006
0.10971456283744137
0.10961954842123141
0.1095097433115198
0.10950123707518605
0.10939700454735145
0.10930455945428812
0.10926175318019885
0.10921990895122863
0.10921543036213845
0.10917638758442287
0.10907015896632732
0.10888016221735529
0.10883857755813547
0.1088251147924503
0.1087408662879446
0.10860700676081832
0.10840259884341065
0.10839510873062178
0.10834679145287351
0.10794594497777325
0.10788601944182212
0.10785675721333646
0.10781124184291996
0.107775549006458
0.10756981320541735
0.10752733752189983
0.10752324075420383
0.10736495263627023
0.10728019470762215
0.10721494528419238
0.10719954753207774
0.10702882844844291
0.10671530013288415
0.10668570210053126
0.10666327788896883
0.10661850410257433
0.10655417403724607
0.10647991450520146
0.10636741787834296
0.1062695896500932
0.10613179696267379
0.10609258610349984
0.10607663012041431
0.10593764052969114
0.10585482942898461
0.10581038657157986
0.10574088045381548
0.10573936915649994
0.10564964913081519
0.10563360949761399
0.10562690785480473
0.1055229216296785
0.10549401019531084
0.1053767783302257
0.10530275990254216
0.10530109913273489
0.10526704674243091
0.10523610261124675
0.10521204475921586
0.10519815613680292
0.10515289321335562
0.10508767370740069
0.10502102775942941
0.10487442602907714
0.10480342666447445
0.10473061496518216
0.10472420311708826
0.10461564221655881
0.10460519841274303
0.10442740029068712
0.10425766799016421
0.10408519960048333
0.10400624841508381
0.10399006981123797
0.10391440174162409
0.10367864837438315
0.10363338163193837
0.10361082612982557
0.10355145830344781
0.10334553607687981
0.10322105007488175
0.10316420269314296
0.10315872695043986
0.10297345245053058
0.10296545011472637
0.10288701145659841
0.10285461198802281
0.10278061981585418
0.10256791584400317
0.10241333433509364
0.10240739200889912
0.10236303031921222
0.10235497015390586
0.10215240879562829
0.10187929086963605
0.10170923644219761
0.10166285849882917
0.10150409312506063
0.10150308150634217
0.1014852735970506
0.10144743813170695
0.10136385020906435
0.101342791010832
0.10129783813082713
0.10113752015031242
0.1010687519962645
0.1010485433176278
0.10103884299265402
0.10102890617160003
0.10100344621246277
0.10091838878601718
0.10079968853279005
0.10075199914237354
0.10046892898430151
0.10041541816091705
0.1004021668675011
0.10037217907785022
0.10030243998408471
0.10023869780632418
0.10020791119600807
0.10018468489647296
0.10018261286332281
0.10015120726164116
0.10010829725247819
0.10010685477389977
0.099756926264554166
0.099680313757401495
0.099444723503999646
0.099348103509262251
0.099343117759277497
0.099317601290137725
0.099311031405006397
0.099248287090513893
0.099158219938060441
0.099086450520849578
0.099039319285732591
0.099001902101694891
0.098950591605293958
0.098890408925486672
0.098845897343964886
0.098587015372315748
0.09855030684998653
0.098341930101678368
0.098319427267302625
0.098255254402136352
0.098157265568434543
0.098127841328608661
0.098076161793451216
0.097987939315344524
0.097953163371814672
0.097939543178185096
0.097933895385065847
0.097918221281914505
0.097882692788405293
0.097873063967691645
0.09782001076212514
0.097703868860839177
0.097520848742097266
0.097419224476432059
0.097409721037065147
0.097376102133033896
0.097351444156281663
0.097345504629753471
0.097247919225770751
0.097219859610276266
0.097106902079294524
0.09704299954613628
0.097007806756975165
0.096951387108582046
0.096920615016479889
0.096902363778682263
0.09683309772266388
0.096817628588256516
0.096695099615110455
0.096500498168706123
0.096399974717226389
0.096292846041225677
0.09628215055545708
0.096099957482796886
0.095961979180139892
0.095712163008863704
0.09569557077829903
0.095671314308984859
0.095593892448017581
0.095574749009717269
0.095548038659534873
0.095547259686720051
0.095518132257012431
0.095472239778313275
0.095348649057103926
0.095317751320926097
0.095296686103326034
0.095296521891536048
0.095213538153156696
0.095175898922340421
0.09509470860702969
0.095032189847432808
0.095029610856038851
0.095015384913013451
0.09498344414841968
0.094982926122843161
0.094809609718400426
0.094801888147617766
0.094769732609989513
0.094753369954180586
0.094738164133108663
0.09473714894288926
0.094671416498248034
0.09449713456331485
0.0943712743611132
0.094364220402059953
0.094263253023146601
0.094260516247249654
0.094245434258991942
0.094229259299075066
0.094134946704110864
0.094071847136676073
0.0940158475461121
0.093994366044342373
0.093915271157028399
0.093882704541256801
0.093846292867636488
0.093839179051636371
0.093823436615998859
0.093806717537746151
0.093796891487401723
0.09371663367461916
0.093547732662551453
0.093443961111269846
0.093337476010082632
0.093327428225754988
0.093155476695700373
0.093148486785622375
0.093145280063954589
0.093076551798929125
0.093070178469326276
0.093040831465459425
0.093022497998118001
0.092865982166300751
0.092852149872367631
0.0927557851853784
0.092744450162459954
0.092695467284092017
0.092536420677144973
0.092305621124409751
0.092229582946773608
0.09212805237037737
0.09202789660987172
0.091991773320486137
0.091710080021929444
0.091606171545086199
0.091566779601168866
0.091505431620111988
0.091462746502813649
0.091461595007134133
0.09138624264408321
0.091378127920904384
0.091308481199976504
0.09129411456712648
0.091178213552957535
0.091162105086650305
0.091054081764514697
0.091040587402842169
0.090996792990285971
0.090753131503850629
0.09073110357024039
0.090688096773499136
0.09063642082288019
0.090558380472142791
0.090509840724180848
0.090463307482534075
0.090091363027280214
0.090082167719957543
0.090065888419187612
0.090038425299708152
0.089982476673032594
0.089948483123424114
0.089843536600180268
0.089804972578936409
0.089757231374777258
0.089753362583236199
0.089732921035029528
0.089682525446987363
0.089640544007316802
0.089626432874015949
0.089625822551656492
0.089576175327522531
0.089545909490643685
0.089508153899396217
0.089459891487452356
0.089317988753225427
0.089315788319680969
0.089279746914146002
0.089224192060597243
0.089118068200967862
0.08909657251209642
0.089038303025159291
0.089019517783059735
0.089017664371506225
0.088994285803205744
0.088979023502258503
0.088786566318863641
0.088777448511215204
0.088690964453327359
0.088686863685106046
0.088665198440766674
0.08862672964081883
0.088604262001640954
0.088588438680422224
0.088577751382267686
0.088200941556597579
0.088175845004735368
0.088087836410509893
0.087966856101779595
0.087939273665969153
0.087915929680639368
0.08784694301531093
0.087799000438620836
0.087701388224541071
0.087691723400145458
0.087454298717967685
0.087450505381144433
0.08737670104447616
0.087333687906222465
0.087276142039716315
0.087248908945886702
0.087166463625186652
0.087130123832420137
0.087102541828965568
0.087075464523838089
0.087018731790620557
0.086979412350184859
0.08692247517543672
0.086853026390891361
0.086806984033587178
0.086767353717507392
0.086758120966362928
0.086746404087303927
0.086707473171457716
0.086700013809218185
0.086693219971601579
0.086673262480605362
0.086642383501874781
0.086426199183741295
0.086424786724357064
0.086368931208672062
0.086326647285784222
0.086262785744261897
0.086261775986057235
0.086237127119551851
0.086225814126842798
0.086180886334213461
0.086033013662151048
0.085934237653214285
0.085915853301013201
0.085847585814488647
0.085818431164594186
0.0856610105984182
0.085642635042756779
0.085631453079132308
0.085607084154386975
0.085591738550235663
0.085578241838355107
0.085564161954511928
0.085547597531715522
0.085510350753340153
0.085508428800976338
0.085472259752770369
0.08546493113304772
0.085458103090112814
0.085435104766813708
0.085377936538576352
0.085368925925065703
0.085256798455637106
0.085115821433033409
0.085037054364888204
0.085016468179362176
0.084984530910740541
0.084982258081162915
0.084976260922494218
0.084944583449836797
0.084938077135915821
0.084930738033362693
0.084903819844510051
0.084880737966304631
0.084840407759315339
0.084840337335036348
0.084821683072969722
0.084814103071689087
0.084651226173930075
0.08462385378272938
0.084586270578276057
0.084333439915874941
0.084162527613729804
0.084035971681630392
0.084011977805008811
0.083982346304693062
0.083918818318917357
0.083720363746585022
0.083682684777646635
0.08367389054439614
0.083623898846664546
0.083622897006744662
0.083478905374488654
0.083460788866262292
0.083362925971833507
0.083353065838151774
0.083317490374410039
0.083243515349609831
0.083243317628062835
0.083228345363062436
0.083167361975499593
0.083123966535184488
0.083102046557915588
0.082805313175940198
0.082781488214576121
0.082779833348545606
0.08277940438816328
0.082763818588648799
0.082738874621881786
0.082660919582790454
0.082628061930749647
0.08255604629646747
0.082518409249009467
0.08246836088009106
0.082335545764445753
0.08230065679445929
0.082285047063482164
0.082227355534567559
0.082204626726690155
0.0821903071376682
0.082154379412169271
0.082138260401180288
0.082030574189494207
0.082023469960471385
0.081999445304864083
0.081994571266761962
0.081934141680812256
0.081906709382257512
0.081876774500190944
0.081810767865156411
0.081798061207382339
0.081765522709129165
0.081753746353963749
0.08173772459710496
0.081729044280337781
0.081559656264234989
0.081530926301337264
0.081465641888656654
0.08138041366560729
0.081362484705507665
0.08136030333639048
0.081327810723475072
0.081320074244262269
0.081306132559988337
0.08130576082826721
0.081240399435585961
0.081238767681198004
0.081236053906044256
0.081221536053945775
0.081177743018612025
0.081141709920630148
0.081089079752481835
0.081055825837491657
0.080947026957217436
0.080893559507262736
0.080889377781171778
0.080887455553711143
0.080780682298955728
0.080693656768939026
0.080683885750869655
0.080666407464683731
0.080642332083721097
0.080642287697960391
0.080638757811874587
0.080615110492594386
0.080393155948995196
0.080318946191444043
0.080300561271901549
0.080272846107564924
0.08022031215461907
0.080173246648732641
0.080147231278764886
0.080093429462545315
0.080047173460088064
0.079988488209767006
0.079952553698090401
0.079911285976787635
0.079828707815840214
0.079769257025719603
0.079724329848691045
0.079684970315377524
0.07962850233259014
0.079579249751690367
0.079564974547349399
0.079562981015706941
0.079561874062380036
0.079529141980432233
0.079521670268745029
0.079518017813553721
0.079306401008625779
0.079290655343389541
0.079265127538021771
0.079264958603270513
0.079150533196574904
0.079143502982021788
0.079133949280325369
0.079115034207563537
0.079102840697469951
0.07907578782972717
0.07902782643646733
0.079024261410987562
0.079001863919129015
0.078941880326812264
0.078924848485538199
0.078845138390631175
0.07868731869183615
0.078648643977771326
0.078645413667070327
0.078643057718235945
0.078624177721894936
0.078600944202847398
0.078583966515301279
0.078563289323405033
0.07856246644380481
0.078495336435127086
0.078443332680550384
0.078374246823693219
0.078343961430630604
0.078267220034270335
0.078252386946387281
0.078237292439155504
0.078168467450942303
0.078131388551364797
0.078064115247183291
0.078045715787364509
0.078002913432426699
0.077916596323709938
0.077911566180593819
0.077847020687924082
0.077811842265005426
0.077805076502280884
0.077760646598328487
0.077756604154321243
0.077674596985862612
0.077650736711706886
0.077648047343362461
0.077457674905591953
0.077456283362821607
0.077454058155780478
0.077430071101462189
0.077401083365044962
0.077392301503498281
0.077351573680308872
0.077298010057442371
0.077206359923338644
0.077150470757092443
0.077129074736182537
0.077050373587894752
0.077027555605732587
0.076984256673693283
0.076935122518011601
0.076925590612819103
0.076744611489475381
0.076513109199953688
0.076495652101939246
0.076398549255228432
0.076397916814116035
0.076374138313745454
0.07629479960448092
0.076288993048947332
0.076256924606214943
0.076243668371573592
0.076223972899932768
0.076204920702343165
0.076194365907218273
0.076159993281941715
0.076122596199216394
0.076077531501582751
0.076064837317930498
0.076003784256649692
0.07598581120360505
0.075937691762044693
0.075904324703629941
0.075895404108623332
0.075818554298881832
0.075731714809529935
0.075729771716853189
0.075614820991548246
0.075495794372123087
0.075412998386359897
0.075378699567810709
0.075326447754685749
0.075314502742596101
0.075267210837038759
0.075258510650140484
0.075179854118371872
0.075172738936592917
0.075161031649270377
0.075153320517553898
0.075088613039629479
0.075070360582289733
0.074960653170107111
0.074946095366510659
0.074910158150562137
0.074884305397980494
0.074828783187620609
0.074821286235696213
0.074685359049339484
0.074594180935323537
0.074575828803956148
0.074572166600961637
0.074501832216532823
0.074444870410762046
0.074424632324176079
0.07439996837217959
0.074372834986255215
0.074318089113568284
0.074281059214599349
0.07426603582856392
0.074214372690221658
0.074213003023556601
0.074179089634413983
0.074053022179026581
0.074038767225887259
0.074025987337508578
0.073962083663623376
0.073893045451473557
0.073874587862831367
0.073845654425308438
0.073808305657098575
0.073699298781549891
0.073692458708890102
0.073649185740922052
0.073592506143365988
0.07358339821714116
0.073547715532892827
0.073512503916241728
0.073497018420709506
0.073488720222996698
0.073465968138311064
0.073412704050950087
0.073207261810105284
0.073131990501117627
0.073097259598593173
0.073014615705836131
0.073006027447587482
0.072976211850092149
0.072918582934810405
0.072909025772634736
0.072870615603837369
0.072807520693531635
0.072711520439867047
0.072699431658562394
0.072662490072271477
0.072649624394546461
0.072627253423627053
0.072562664753562614
0.072430208164651205
0.072383119353413614
0.072362947243452547
0.072361893830682741
0.072303377848849937
0.07229323399934616
0.072264491266631078
0.072259741197503585
0.072255410296251002
0.072177027248844006
0.07205376202540266
0.072042764130115511
0.072010209069388764
0.071996458297449037
0.071995216535369777
0.071935153426006315
0.071926880307857557
0.071875441214605776
0.071806622150258667
0.07176099185994271
0.071754885484638195
0.071696488112145115
0.07151449045501454
0.071472130875539552
0.071455785216804832
0.071433524855481781
0.071325011609339878
0.071318051839871735
0.071283544952365621
0.071260369254221329
0.071212733500225903
0.07120742371183153
0.071172201407966221
0.071124578255130022
0.071084978196712514
0.071068150853190223
0.071060477723660642
0.0710207062911382
0.070973627524203955
0.070902428996863887
0.070864399045054371
0.070814096266047746
0.070788435905762379
0.070766833031486759
0.070646470126076874
0.070589629052913938
0.07045420437232161
0.070448354514935765
0.070418003268049312
0.070376978049360231
0.070367860497660306
0.070367234010130869
0.070274305147103894
0.070238582223886209
0.070224761690159676
0.070173451425544348
0.070173058144697445
0.070147393748632894
0.070135747210594554
0.070042451226986005
0.070038045110686079
0.070012596695355409
0.069935058411349046
0.069875649105230239
0.069847469075343685
0.069821705911639012
0.069803534781664262
0.069779628869753599
0.069758199562700671
0.06974051873755803
0.069739506813997459
0.069587148974078361
0.069497738048012306
0.069453003290417675
0.069425168267731402
0.069374521150912694
0.069316856617948799
0.069306149285880178
0.069299234186325734
0.069287748901054325
0.069276801413883371
0.069265022492899342
0.069246284610009631
0.069234871250852759
0.069206461273914707
0.069170324539178887
0.0690840883778404
0.069021269685717299
0.068996440679226487
0.068952844004246491
0.068922988854113298
0.068877515080522894
0.068871864629572274
0.068820252007459906
0.06881544698244936
0.068755305670747474
0.068679402040616525
0.068627452750651158
0.068603813487390947
0.068536827036487322
0.068532058009693211
0.068504152452066217
0.068484350983320397
0.068474186640098272
0.068461818723720161
0.068439189413838031
0.068419923066148608
0.068398707598363043
0.068397731353118635
0.068396158784764557
0.068355354827179263
0.068315630179785244
0.0682688418761212
0.068262655177933521
0.068196918889587455
0.068151593517744011
0.068090175577715489
0.068077338146248292
0.06799298191323476
0.067925569211810699
0.067915599978546334
0.067901722457579028
0.067877003834865585
0.067855904634595079
0.067849664416363198
0.067826793025175233
0.06781652461550787
0.067771454246282198
0.067762415211004956
0.067706822618182491
0.067702735712692586
0.06766278711636084
0.067662276955773121
0.067650978140155624
0.067613843480732683
0.067611553605675903
0.067538547661922382
0.067445589517760127
0.067315938065124453
0.067308766268867212
0.067292187945559842
0.067283099490013584
0.067270255762979098
0.0672625788170189
0.067189031716918826
0.067138271708210379
0.067129237746872419
0.067108445096707367
0.06708688061137881
0.067063392600061986
0.067061019407429368
0.067048723755779416
0.067021814977839697
0.067012606419516521
0.066967820910311962
0.06687901435648963
0.066782428866878782
0.066766601461965017
0.066762825242321439
0.06673113655958561
0.06669775425041774
0.066692495555360345
0.066585623390920126
0.066577059331644761
0.066482193589332494
0.066468957233491832
0.066444025555919287
0.066436672920727219
0.066413498330643236
0.066361821956888056
0.066303413501839895
0.066287414439260631
0.066286433760592761
0.066230514411616037
0.066214574742828797
0.066199326252460833
0.066045271421220089
0.066034317303123563
0.066002345035120175
0.065972478240000743
0.065939176063726485
0.065920585529753661
0.065845277957795878
0.065783049501981147
0.065735399845913367
0.065716544146024111
0.065693749916263366
0.065576072046746842
0.065573916294462187
0.065531116198891681
0.065468971462536329
0.065460117372796375
0.065452969842101708
0.065442268322334574
0.065412636245319525
0.065371796329089474
0.065353446576775401
0.065321983183304566
0.065292814989487802
0.065225852195971795
0.065030797746477104
0.065010789157024407
0.064984932056822098
0.064961265885045541
0.064914588158715758
0.064880002506982046
0.064853655974459218
0.064768999955912968
0.064763387341652282
0.064746356464243621
0.064682600831275222
0.064645520662864331
0.064556878394989525
0.064535498275105255
0.064532760600634911
0.064525183121494731
0.06449613089282881
0.06447592289851041
0.064421635591921864
0.064404476008262226
0.064359044313964969
0.06435226894341263
0.064338559578944535
0.064335728791288099
0.06429517309444252
0.064293925926022663
0.064270477105083185
0.06418458241298626
0.064136364489541936
0.0639476568947943
0.063930414483834658
0.063914497934745365
0.06390506331714324
0.063832301114560008
0.063793603294097792
0.063779162148745322
0.063767158911031852
0.063692033478269697
0.063690331779431272
0.06368601501338797
0.063628678163118721
0.06358253739006807
0.063549996498888969
0.063538596258716412
0.063529724457519726
0.063519867627629026
0.063513998100688973
0.063489783274564393
0.063426407385784742
0.063423382477312426
0.063408635903466473
0.063399337964741384
0.063370433801371473
0.063366886978197243
0.063304646345721874
0.063260331259663641
0.063214571448330953
0.063199877491873294
0.063175953156025172
0.063159962939867392
0.063156579727296991
0.063143893597874798
0.063120773857364365
0.063116743009988444
0.063105889200279805
0.063087209872214944
0.063085441003732937
0.063046544346958833
0.06304630706941329
0.063033988245000103
0.063014366519158732
0.063008029125328435
0.062997205815280052
0.062942668588265305
0.062929661685256599
0.06286933787592533
0.062794343988520643
0.062742871859644361
0.062728410678585089
0.062728236551055583
0.062668030827357474
0.062667407885925508
0.062661245691691375
0.062644740951371333
0.062633897494762766
0.062611865221134613
0.062535818442881697
0.062483634174484548
0.062481336881655407
0.062464933194160577
0.062440778880606986
0.062417434416032286
0.062379726206092667
0.062354176493678623
0.062341770560615288
0.062331818444021282
0.062311245402464022
0.062276514333211221
0.062222137309503885
0.062209925123064856
0.062182000330934913
0.06213168950064267
0.062129289105453178
0.062117245459875965
0.062115709801113042
0.061979762123118988
0.061963500097893205
0.061909755817863878
0.061896834111838571
0.061849427509213052
0.061828888609043897
0.061803165178327672
0.061790689744152798
0.061779618455941869
0.061710446385349997
0.061703531451853498
0.061641767541487105
0.061605671862393227
0.06160411889551845
0.061578449442770862
0.061568165627032094
0.061562109340862807
0.061534588229067495
0.061497659187647276
0.061444903637771331
0.061434637585490101
0.061356053101983263
0.061342826553124362
0.061302552003509515
0.061281196214929605
0.061272005111673265
0.061247246733688622
0.061240333078007275
0.061226462344405139
0.061218147085336613
0.061168642015321399
0.061058095026440509
0.061015031226829233
0.061011080428201539
0.060971222672588039
0.060943686446238175
0.060901993821536819
0.06088261082293555
0.060882433841269415
0.060878650761513622
0.060801395474208868
0.060725006166539461
0.060722127999467433
0.060707195911039825
0.060704782586128325
0.060664563051330417
0.060658703077552431
0.060654713714608371
0.060605444759716
0.06057647868655984
0.060562368949357993
0.060556209205478273
0.060506524239467951
0.060452523470094374
0.060448718710315555
0.0604185638359915
0.060386018164282268
0.060328199190838379
0.060326636464172419
0.060307890919340364
0.060299254547145985
0.060290741598659429
0.060221194540639886
0.060209659327399315
0.060143433694248558
0.060137150626362254
0.060125804564142522
0.060107278120028591
0.060069636501222129
0.060060873910835394
0.06005709609336337
0.059986194951357083
0.059972717478269572
0.059922417295468815
0.059922319029048592
0.059918168805519825
0.059893204898992219
0.059888070320065226
0.05986841736898868
0.059818177646597949
0.059779835465781174
0.059734450199423521
0.059723666381406845
0.059709500601188278
0.059703332691433332
0.059685884914719642
0.05962803780612471
0.059609423002032896
0.059575573026057017
0.059565513462632697
0.059538103717555253
0.059456303403728018
0.05944429113306917
0.059413624715813081
0.059383707575227332
0.059365181938321958
0.059358662788129263
0.059353697490619771
0.059342762681706372
0.059336223018669768
0.059326145876976911
0.05928680448222208
0.059275203517067734
0.059254789783648384
0.059228109419276337
0.059207659553558063
0.059207446481322562
0.059151749378479286
0.059141716336489757
0.059130222003429288
0.05906616530845761
0.059055817161863727
0.059042372600251761
0.058982409054859436
0.058953499523033866
0.058927162996096974
0.058917707273480342
0.05889030388400622
0.058871364455226699
0.058832134814655303
0.058816182158474083
0.058801947640161042
0.05879367369746763
0.058782146494981931
0.058778991982412758
0.058760982024390021
0.058756588172263029
0.058653516164291757
0.058645937422898003
0.058595149192519964
0.058589737492050133
0.058583641046456303
0.058547763990491442
0.05853234960825561
0.058457035895897014
0.058454389892247542
0.058451916398199424
0.05842682096631871
0.058419267925216067
0.058392678061596114
0.058385361422024842
0.058361652126881929
0.058354784099695439
0.058350653759741598
0.058350541053741573
0.058174945598067629
0.058173039081133006
0.058145563731681754
0.058143210896363942
0.058098263968191219
0.058074034799981494
0.058021563429526253
0.05801872891601581
0.057927800487954428
0.057919450329556248
0.057858341918779387
0.057808001109893835
0.057769914060816697
0.057747897844400389
0.057720712119647792
0.057697457194232291
0.057657096096949897
0.057606719367536564
0.057581377187494613
0.057491712073013526
0.05748663248043779
0.057475842039594362
0.057464955097638423
0.05737764360775114
0.057343388667746159
0.057339229006772581
0.057337783165487495
0.057261972512268798
0.057219003044881908
0.0572114977186697
0.057159614136984255
0.057138003861320341
0.057100544088848619
0.057098316609021871
0.057027557898104882
0.05701104320739437
0.057002671809670252
0.056992585292989839
0.056921934299878234
0.056905951812040168
0.056892689778768817
0.056843949753072172
0.056843399508193386
0.05684026660502417
0.056817225025747597
0.05681247050298615
0.056807255764767438
0.056749976241056391
0.056744478742086636
0.056731595461104879
0.056606508836595897
0.056594313639572617
0.056566194759846408
0.05654373706181124
0.056532238302509981
0.056526452498191139
0.056448833458901032
0.056440661968896542
0.056436148009378191
0.056398426128169893
0.056372242581164085
0.056358641521373751
0.056340647877051994
0.056334139113943457
0.056290662707959772
0.056277136286966845
0.056249490886461362
0.056248784508707086
0.056233307748303561
0.056157088742640304
0.056142776950626722
0.056101914671137745
0.056074557853626646
0.05602438078175221
0.056016163193097795
0.056015416230513072
0.055998044443513306
0.055981486818687927
0.055957614170832122
0.055940376381987712
0.055919007405236656
0.055867732400611401
0.055865284577774343
0.055854821810319061
0.055830578699209259
0.05580202811611204
0.055798507406571204
0.055759563863340376
0.055695169265424976
0.055586655261625505
0.055515377638983274
0.055509795785190739
0.055487960880518446
0.055435859472728423
0.055350134392255626
0.055295265731298608
0.055293818062373108
0.055290604172472856
0.055284793914154376
0.055237420720645435
0.055230886390218378
0.055227715746941998
0.05514229661883456
0.055141197065843514
0.055138445086771605
0.05508754169131793
0.055064157142443441
0.054998212583079825
0.054982984168157605
0.05496902150747824
0.054906974107992008
0.054906513558080502
0.054903568223019804
0.054902467464646484
0.054839407487537732
0.054834386390014873
0.054824303965130841
0.054818801417365559
0.05480141238485655
0.054799759156522868
0.054769608087041552
0.054764952314990394
0.054764034410269162
0.054704054932466134
0.054699209264819144
0.054692128356851728
0.054662278573102074
0.054644043449048822
0.054640976333394056
0.054620189734870761
0.054602399807356865
0.054589789433214131
0.054587184210709752
0.054558611541147002
0.054546506899297346
0.054533068517940687
0.054526928811771888
0.054509570236230008
0.05450141957501671
0.054495500769776779
0.054477825792266128
0.054455262854583103
0.054441089701618872
0.054396340612953314
0.054385848255135906
0.054377826445363264
0.054355011545211912
0.054353120053853898
0.054312869785445993
0.054289656578464844
0.054279831851321972
0.054260970575924085
0.054157234869199614
0.054140247750319614
0.054120303970550634
0.054102603348461752
0.054091319651286981
0.054064905932011277
0.054044549241874545
0.054030639110346633
0.054022239147584049
0.054014460146591697
0.054001773929574177
0.05399400227931677
0.053942223156843695
0.053938439593584193
0.053935561813455879
0.053928199742692182
0.053896264654841451
0.05389149368048278
0.053884840779226784
0.053824962206169419
0.053799408707878651
0.053791423141557791
0.053781301462288315
0.053769284242009073
0.053754853932892491
0.053749468193937236
0.053749299596244769
0.053734017992080441
0.053732463732884539
0.053713519965876602
0.053679961907345655
0.053674753643664447
0.053644089406974516
0.053567312431341302
0.05355103808111298
0.053485484080879074
0.053480809570449921
0.053473478344086028
0.053444631052594442
0.053428929032832743
0.053386205639418267
0.053377918287814317
0.053364984717874792
0.053356503668740639
0.053350307572156364
0.053329645220819497
0.05332826375578819
0.053324964969226549
0.053307870000925718
0.053295300621598769
0.053246906075844966
0.053244861191307287
0.053244432052712835
0.053189672678535346
0.053172927250227903
0.053159708247720511
0.053135436896173296
0.053130905770485355
0.053103734041995046
0.053031026032191703
0.053022082917909386
0.052990184562457451
0.052981853392112976
0.052973476241359743
0.052958048397007206
0.052926499836289956
0.05285183806226023
0.05282820418442781
0.05279905077881053
0.052789622853406097
0.052748290425467532
0.052733454749727231
0.052724852432588579
0.052706345524285207
0.05270590424153216
0.052702667623730284
0.052700753531801904
0.05268417341322449
0.052666415777865773
0.052615108552245882
0.052607176224311089
0.052521757768779737
0.052501283101612908
0.052499276267490479
0.052488972134127801
0.052431550426258085
0.052414646292513245
0.052379318363055094
0.052318112601927313
0.052315663029252418
0.052219784067144413
0.052210024451658545
0.052177021231641384
0.052102370350133036
0.05209904740696792
0.052085902551155472
0.052070623403046599
0.052065998737696559
0.052062184275805203
0.052030107738826423
0.052029234241762
0.052029015662564682
0.051989752470699861
0.051982559678986975
0.051954243043878162
0.051870408341401726
0.051814279850421432
0.051805404336955789
0.051772727157592464
0.05171562956563823
0.051705174222457441
0.051643918999332232
0.051641220422051291
0.051636497654297335
0.051618151393009661
0.051611482357656231
0.051596214482902629
0.051594587880540325
0.051572807632900772
0.051571250957926022
0.051549705310223848
0.05153545047334121
0.051473138120727409
0.051445616121622399
0.051440181260554663
0.051436263241805051
0.051408152027673043
0.051403317719302843
0.05140248534485873
0.051401674594879904
0.051393515437479498
0.051315047559475253
0.051257264021250214
0.051256651134701924
0.051207044953360523
0.051154267582900516
0.051137124061064305
0.051095272022587283
0.051066724127422927
0.051047449952269154
0.051031457137242199
0.051020747854450835
0.050978366498185067
0.050930536990665451
0.050907272541267673
0.050879707427417126
0.050873052082755735
0.050855954525637417
0.050828729508773818
0.05081900486152597
0.050770491942029254
0.050699170770465443
0.050695479152526375
0.050688551137506879
0.050645633514758974
0.050591980965639181
0.050574087657732296
0.050555599535751498
0.050549600687696837
0.05054368352982485
0.050485429469823165
0.050474275394758517
0.050421540955864937
0.050419132307791159
0.050396266420058775
0.050310440794913786
0.050295973213965089
0.050273459975395486
0.050230357876405972
0.050206759199481032
0.050188949183601943
0.050180261369985948
0.050175293786310686
0.050137047178436936
0.050134049400848438
0.050133087654506261
0.050132882322923754
0.050108681373127871
0.050097470030242189
0.050012944910882706
0.049972857823342091
0.049949810753628102
0.049933807053038917
0.049901525701481264
0.049851357772604285
0.049845755714543208
0.049808350965545069
0.049802927364652694
0.049773120775162306
0.049772669545432351
0.049772086248453737
0.04974809949623972
0.049746861063144993
0.049744396727685221
0.049741449146213902
0.049697736201801644
0.049662651610586958
0.049645506828439039
0.049605475229248588
0.049576440326677011
0.049551965917332817
0.049550382925611515
0.049542698768228033
0.049540923856992596
0.049525901794912848
0.049508976259699078
0.04949446262910951
0.049477672020073776
0.049430162945907165
0.049392161459724124
0.04937560045374436
0.049299567162070991
0.049271044094099839
0.049255192014697594
0.049251322222335032
0.049244156912600229
0.049198365565336653
0.049194269181748747
0.049186438421315676
0.049174883127559847
0.049167315459847274
0.04913625040813617
0.04910040604442182
0.049051577230293332
0.04900928538308489
0.048951588341470433
0.048827155188402437
0.048806622075442417
0.048800884205280198
0.048792993265741172
0.048789776963033077
0.048764145680611819
0.048743039132819473
0.048701295757508721
0.048695967753742297
0.048629036201897423
0.048513243104875751
0.048509858383647936
0.048471396989979321
0.048413620254834887
0.048410244156762219
0.04838645207721657
0.048379467089342792
0.048359461132345107
0.048355182922349964
0.048341100783667539
0.048340193515307779
0.048304319456777184
0.048297729212979888
0.048269246545915419
0.04822878520340057
0.048206886694121882
0.048195351968504545
0.04810198685159621
0.048035925816965683
0.048031671784989301
0.047996006864892707
0.047957892780632741
0.04794609174257293
0.047945522517993562
0.047932664621307221
0.047927777719598705
0.047886820945825262
0.047886167709576592
0.047883537261546524
0.047868122698928373
0.047866801598823255
0.047863539352650863
0.047861509770121741
0.04784229239306069
0.047802904964058326
0.047787167606265002
0.04777266174145401
0.047713942309219791
0.047709005597187888
0.047675785624581753
0.047664156512896315
0.047653153025360544
0.047637185096209851
0.047636235987655824
0.047617917880679574
0.047609814943493499
0.047599817193091823
0.047594659099955285
0.04755007611768898
0.047491438853934712
0.047489854299822019
0.047488709691301763
0.047426250458997544
0.047421547963465469
0.047388172615619811
0.047379991248927535
0.047378045079914576
0.047283291115689859
0.047237716750471767
0.047236057802028435
0.047233872169598956
0.04720328105244051
0.047176564653002274
0.047148374429835327
0.047098443070606073
0.047046432649057147
0.047027242928986711
0.047006903509028732
0.046999930921948041
0.046995485593088596
0.04698350765652274
0.04697111499795955
0.046969916945037458
0.046958749827574288
0.046921099395194912
0.046886519449462288
0.046816686874406536
0.046816418456753668
0.046809869782493498
0.046766180536164763
0.046677325310022492
0.046673396244093057
0.046665124700842754
0.046634618002299857
0.04662040286113725
0.046604374167898331
0.046583471151567822
0.046580905380836417
0.046577827092476806
0.046577822945492876
0.046552640212136655
0.046549773788306222
0.046537392698001341
0.046519557669339268
0.04651600790846451
0.046492853618290517
0.046466306413334102
0.046433187903107347
0.046427350552987821
0.046401414317450596
0.046388602918341564
0.046384852512915596
0.04637753884234877
0.046329557388126136
0.046320503627362404
0.046256010272410088
0.046188018470606142
0.04616450046592304
0.046159744736075016
0.046139926877578806
0.046123634912347097
0.046116828504300766
0.046093233397895221
0.046056866141801801
0.046051481273581059
0.046050558559485012
0.046048597154262023
0.046040879488770718
0.046030755266790596
0.045959941315661501
0.045953897740551829
0.045926383014336179
0.04592483414673152
0.045916565203365609
0.045853077264832509
0.045830136617178843
0.045825486496752513
0.045813086856630887
0.045810113458446697
0.045807424458588451
0.045777887248749323
0.045762706733823905
0.045678477697153504
0.045645500248217299
0.045604456691517241
0.045594834396289884
0.045553676759045529
0.045543493026429023
0.04552567656389659
0.045494441076171017
0.04549008616012578
0.045482593066451409
0.045417930743442234
0.04540560143017891
0.045383633111888248
0.045366582734844063
0.045348760561590776
0.045300817619608323
0.045257575137295711
0.0452570664256522
0.045225359476857317
0.045212980897139869
0.04519291095496894
0.045190366019286929
0.045187921452049182
0.045168725661041714
0.045155686824841015
0.045117642878796445
0.045114790919150799
0.045085305681126543
0.045085295773113293
0.045073280070821363
0.045025478890624429
0.044995111187751326
0.044994787224192374
0.044982496842899108
0.04497301743653534
0.044972138944733626
0.044948128136640356
0.044939786540259812
0.044915041573458783
0.044892022114484377
0.044839456021305145
0.044837010373020555
0.044830140495913634
0.044775191727165251
0.044770053267416836
0.044758064805496073
0.044726573720529406
0.044720646904133576
0.044715161275697295
0.044674865559155653
0.044656596431015168
0.044633406676495888
0.044623463771655991
0.04457894247548673
0.04452057494809613
0.044474659820036219
0.044472472935040655
0.044470965368059182
0.044458713624112599
0.04444302540264608
0.04440320228096941
0.044334004377066062
0.044332068394361747
0.044298770651597819
0.0442908063319392
0.044244294915659906
0.044237539477285599
0.044224836668012087
0.044172464061657341
0.044157493903122721
0.044156733947861619
0.044152665564956617
0.044122917199939896
0.044111634049595345
0.044091769725174146
0.044086373022926645
0.044011334451442556
0.044005615998342192
0.043975478942896794
0.043948182802740411
0.043941593637616454
0.043940431514638986
0.043938793279749234
0.043936559095551296
0.04391700371923777
0.043900129639031706
0.043855349938881363
0.043843475455144304
0.043830544374708395
0.043823517599810249
0.043822823928158776
0.043802388344447933
0.043790708184320869
0.043764764545892391
0.04373106547097174
0.043722931188044316
0.04370812537595755
0.043701984825789665
0.043686779312668553
0.043668038735245093
0.043663305506404779
0.043603767145517239
0.043595641933894709
0.043575703399961092
0.043567919584728686
0.043517687019115896
0.043511854488347011
0.043483898096900592
0.04347291838699717
0.043446030576057115
0.043428104549860153
0.043412429798853153
0.043399188297263046
0.043365568127967886
0.043332381283842418
0.04333190528392155
0.043330530750596959
0.043311190740473418
0.0433076065147531
0.043257582410084136
0.043235144929600747
0.043227106868331075
0.043214318399987912
0.04316588273531731
0.043148095759065495
0.043133839033345216
0.043126028793608141
0.043079521881951736
0.043026447037229507
0.043012950486238218
0.043011407574804747
0.043004951181923053
0.042994776918230122
0.042965807775713925
0.042965689293091074
0.042952326589030511
0.042921464620284733
0.042916776982488317
0.042897304049717082
0.042894038893358633
0.042888728270637798
0.042884691459905054
0.042866638675438849
0.042849229219706318
0.042818289185239965
0.042815122567406494
0.04279405488241729
0.042772695625493511
0.04272651672209573
0.04272346191391261
0.04271410515174761
0.042667100477263867
0.042650398420027977
0.042640934893292438
0.042612504979082519
0.042585711695191888
0.042556976443440683
0.042530884510653982
0.042508484308462442
0.042504449809207617
0.042498242692585175
0.042496462652758443
0.042373132811386709
0.04237281199878528
0.042364965242215946
0.042329370761924223
0.042321618851986237
0.042304271324251047
0.042302528340707836
0.042258275851267568
0.042242929233474655
0.042238257001629545
0.042176198095766768
0.042161488354982901
0.042132837117971222
0.042118901356780293
0.042113696164865232
0.042043520349035968
0.042042572949274735
0.042040953308463982
0.042038060685273923
0.04202972999827205
0.042013150426918271
0.042000392375976116
0.041929699451230235
0.041904140462318953
0.041887655769180319
0.041882320296550021
0.041851769323251478
0.041839570183559091
0.041825427182869281
0.041794430429076518
0.041779347087736972
0.041747377983777076
0.04169556891245646
0.041691595189710697
0.041684372507727913
0.041618018529783189
0.041611889026750941
0.041600587989988877
0.041598930535001147
0.041588957734227779
0.041585335302431602
0.041576366853093516
0.041575686711051267
0.041548889179246838
0.041546093532755284
0.041538501607446085
0.041496359638624268
0.04147632302114139
0.041460459514188586
0.041403864992606641
0.04140121589872231
0.04140081669687453
0.041381459075486085
0.041380105309591651
0.041371923799879112
0.041367642519579258
0.041352948462684835
0.041287116591743174
0.041261953850951168
0.041261397910008241
0.041244285495545402
0.041219220679058387
0.041195436431668911
0.041192374877650338
0.04119179546011606
0.041186466433798946
0.041172745622768278
0.041146633344748815
0.041124590777147071
0.041113191447197515
0.041096994329032271
0.041087617330453331
0.041017430926898968
0.041008044037338501
0.040992765627917031
0.040981589613548204
0.04097386640249593
0.040973831066315455
0.040954225220284024
0.040941334440585571
0.040941206650451145
0.04092189592436607
0.040901896602084521
0.040816679366948584
0.040816282663570014
0.040814508490655294
0.040780399891181617
0.040752971871762161
0.040746063528233303
0.040731840485539406
0.04071967823817265
0.040717904836837786
0.040703052614373736
0.040696385845323362
0.040683196713058735
0.040637494253116281
0.040611503211895487
0.040606569591629268
0.040601772238782738
0.040598403878648118
0.040594740592944954
0.040585174511087223
0.040583125201233243
0.040549796348275283
0.040544084844218439
0.040533349067968891
0.040532097091359694
0.040515504118254705
0.040514413548680427
0.040509373482540773
0.040503218639045595
0.040489655007245731
0.04039624316963137
0.040367196313506215
0.040366926856449853
0.040348015565571584
0.040306187797286543
0.040296819376024029
0.040210896899492851
0.040209736124430906
0.040198888411918605
0.040192139323133584
0.040184266952447534
0.040179289121737329
0.04015273711102705
0.040137872095421696
0.040131168288103196
0.040107726248068812
0.040082146675380882
0.040045942187419969
0.040041531448804943
0.040031575526109205
0.040027319521806541
0.04002731616552533
0.040017850794877588
0.039976517886480309
0.039957970802907396
0.039916863078750427
0.039916694290097705
0.039914638729495862
0.039914617568432252
0.039885364050244294
0.039883855301549941
0.039881297152233486
0.039873375837421655
0.039858714428922033
0.039855446877635065
0.039822766703837699
0.039808327097375945
0.039765639900786777
0.039750819374053038
0.03974222906777642
0.039735521895487083
0.039727505448850023
0.039720827930381154
0.03970388823853415
0.039683640078719565
0.039651327573257497
0.039645080934831968
0.039628650853457556
0.039624253746951374
0.039602078329892654
0.039562800803492199
0.03950457013019059
0.039490549816335901
0.03947831714822829
0.039449441872548105
0.03939729032822599
0.039367470836799617
0.039352733061061879
0.039351440087489524
0.039351191358778577
0.039348717400952443
0.03933080590765814
0.039306944259467909
0.039298294094543197
0.039296272811295843
0.039285722492935257
0.039239624339677454
0.039227434930479949
0.039221740138206673
0.039221430116827008
0.039212147320543456
0.039210486331970842
0.039175518041364994
0.039139723886003827
0.039127972860702999
0.039126120777319563
0.039118224574524865
0.039113427717247067
0.03910639231460708
0.039101512292436205
0.03907613276482743
0.039051121573479751
0.039033835072729971
0.03903360110358197
0.038996053570315631
0.038960819895175608
0.03893930629007835
0.038930417291695635
0.038924275014381594
0.03891682549034492
0.038897418807931357
0.038894364698438502
0.038882003133042776
0.038877938140862781
0.038856357635501812
0.038836744382360483
0.038815938564880706
0.038767047362146291
0.038750810472947046
0.038746286236198697
0.038732993514715007
0.03873076828023643
0.038677281889814751
0.038635611359247
0.038634858231085291
0.03861840265166086
0.038545061231313113
0.038541655416246517
0.038530128997624161
0.038503322880234489
0.038496882564901504
0.038495312035502167
0.038474826355218435
0.038461466573788732
0.038438139519858507
0.038434193586533098
0.038416334018634701
0.038402643862846059
0.03839580292306613
0.03837086369701382
0.038367418662586639
0.038359322284366185
0.038351222224186438
0.038336143972364727
0.038313500297319086
0.038301275817884138
0.038280081718698823
0.038262102943612028
0.038251952608872319
0.038224109034071453
0.038190734108896118
0.038185025532463251
0.038161511610368133
0.0380767878724163
0.038069333298672077
0.038062988524896535
0.038049173869233177
0.037973228320001634
0.037972382840892271
0.037946193057826864
0.037943370389122148
0.037941108104810078
0.037941093925913313
0.03792845118814573
0.037903365830953765
0.037899480107864397
0.037893871161059772
0.037887978388305751
0.03788385631919855
0.037874193071427524
0.037840026819472634
0.037802706755336174
0.037800851650362739
0.037757795111059797
0.03774870399573968
0.037748361192233987
0.037733994593735005
0.037728659356202537
0.037724477334579606
0.037717038485369989
0.037713834457401549
0.03769830876111397
0.03767563281049234
0.037653986355580607
0.037624717888792333
0.037615046340625041
0.037613977464232708
0.037594657577160913
0.037584868074697811
0.037575214072167434
0.03754431780055497
0.037527894710056811
0.037504379665669905
0.037477869355133461
0.037471209413394713
0.0374705601818787
0.037456738338424549
0.037455886842384732
0.037453427385138599
0.037443116543118715
0.037410883363071877
0.037408064987233085
0.037407195490301651
0.037384723731405896
0.037297243808122292
0.037271277191654233
0.037245802389706421
0.037245434335483822
0.037244903402467333
0.037240009597595339
0.037209288905142503
0.037196093730604389
0.037151469953179243
0.037119847810402604
0.037092506179100371
0.037088740914823524
0.03706774999816155
0.03705628923327426
0.037038299796362528
0.037028828367383908
0.036972560698290836
0.036958507227214318
0.036956577019341547
0.036930977599655697
0.036917726794963107
0.036909367390600648
0.036906468936380825
0.036823234898127694
0.036803471672387338
0.036793999337956365
0.036773196050478942
0.03677193664331313
0.036766730483119903
0.036760459269447925
0.036745214205133908
0.036723512399855759
0.036716428592189619
0.03669452622228455
0.03669281826926038
0.036689074306477547
0.036681132464897043
0.036672794493735644
0.036672458343909295
0.036660686170542203
0.036653090636092546
0.036633187587774271
0.03661755422872072
0.036603779959112993
0.036582500815051926
0.03658202499915085
0.036553558879196396
0.036535598685530045
0.036517431168122373
0.036512064218092805
0.036495426537569452
0.0364734037136537
0.036455440060734583
0.036453617434748703
0.036447617073706362
0.03640094199124462
0.036396698060769117
0.036368132480725048
0.036319156264325622
0.036279226525528695
0.036261824048020572
0.03626099086773453
0.036255104628504849
0.036243149076347382
0.036239346614421714
0.036234306241036539
0.036234051814927185
0.036186654739585794
0.036185188158724027
0.036181838635876672
0.036167857008392701
0.036165028291019911
0.036149046876403079
0.036134225330241403
0.036117811051007517
0.036097775735733841
0.036091240525823541
0.036083876542718461
0.036018395144535129
0.03601534413114818
0.036006765113279292
0.03598963500822798
0.035983182508466147
0.035979580092183452
0.035958324016309058
0.035949989952455692
0.035939647324970625
0.035936480648729272
0.035928638108447701
0.035914104593510056
0.035912130181431315
0.035903977013954751
0.035818215705312482
0.035795588338492487
0.035767457218129836
0.035755948065883052
0.03574755819972391
0.035737288745716501
0.035712514864513781
0.035694633214662645
0.035692095656144569
0.035662102289442006
0.035657724938222633
0.035648449470882221
0.035641807384973273
0.035639638388609576
0.035632128289044475
0.035621819862405389
0.035612153141471876
0.035602604411660646
0.035591366355670583
0.035589989374149415
0.035579860011969409
0.03556710059764031
0.035489588859794134
0.03547741469774799
0.035473537808967316
0.035463647627659425
0.035399469321166263
0.035379731506649859
0.035362895171471197
0.035346810844336843
0.035338758415689182
0.03531548553767952
0.035313033288977939
0.035308785022368477
0.035306789157586331
0.035304164028968008
0.035291407827545813
0.035275778843838819
0.035224694626543346
0.035221420819034968
0.035207796188532169
0.035199835426715564
0.035164664906496189
0.035156381337693166
0.035146484710022526
0.035108713352245614
0.035107205904187602
0.035098361104555095
0.035098154718980132
0.035086478653462629
0.035070247717145675
0.035064534282336662
0.035044809377082514
0.035032322015987757
0.035026938961308957
0.035017712240878351
0.034991544343139482
0.03497325450640975
0.034953889536424552
0.034952869845005799
0.034934078459430654
0.034929944938423066
0.034921141290851207
0.034919806423800104
0.034914069954620527
0.03486935128834754
0.034842436650214852
0.034829745050320736
0.034807139736384531
0.034804720535018617
0.034804384249478376
0.034803953789828791
0.034800521453252714
0.034788164534785844
0.03478698354707338
0.034766742187215004
0.034754933116748703
0.034752533299998237
0.034722750732044907
0.034720386266890509
0.034715243369820542
0.034705536953567671
0.034696384523615884
0.034675207253178762
0.034673729856675099
0.034644565355259303
0.03463132463594229
0.034621494632736227
0.034572031000824038
0.034516748702089324
0.034477301341966492
0.034476386626219872
0.034467172835643912
0.0344630818264519
0.034456072418788453
0.034455342328890401
0.034426771656292272
0.034423664704576647
0.034423427561832219
0.034392758034083079
0.034387298097156557
0.0343808325557474
0.0343476815726204
0.034343692300080567
0.034305356564769143
0.034298042861257635
0.034244809039519854
0.034238717426415856
0.034220089159331356
0.034188693279497515
0.034175889442840356
0.034159899307873977
0.034156912416827986
0.034152237354176759
0.034148973207951079
0.034144234021811444
0.034139742853976744
0.034119828885272992
0.034108315732577867
0.034104554758926854
0.034095217583386503
0.034067973145927931
0.034020794747757627
0.034017817028237349
0.033994192025071729
0.033991708923834157
0.033966922855496663
0.033966339604576047
0.033961645813169558
0.033958513812324342
0.033941097752371273
0.033925270409402672
0.033920773970324114
0.033917474582193949
0.033912187768220914
0.033904235116769293
0.033900926754241882
0.033895293296688549
0.03387959210988481
0.03386955582121725
0.033860480313966802
0.033849798586975413
0.033845612027502414
0.033832833489701911
0.033826801051902555
0.033738034059216486
0.033714464483131375
0.033707170044711209
0.033698488160471794
0.033683949654115426
0.033661849485750808
0.033605249769142843
0.033594297922000624
0.033594219285774142
0.033589416497880296
0.033576391857963461
0.033559032635662137
0.033547303879175011
0.033544949144109104
0.033512521192874248
0.033511305484663585
0.033497428923526334
0.033476196351848349
0.03347299491717113
0.033468192216603847
0.033453753387674513
0.03343692878771224
0.033422544262600752
0.033405533736159038
0.033399716721425457
0.033349373212824142
0.033345944140663983
0.03334439743863539
0.033336070164324792
0.033325800040190985
0.033316359827844005
0.033307687706209198
0.033305647169989558
0.033295505054388178
0.033273613797261833
0.03325311528109115
0.033246921869223706
0.033243886538351697
0.033216977710639091
0.033168575224349107
0.033162711377436517
0.033156880610965368
0.033147993110006817
0.033143257482535472
0.03313771335439171
0.033118405429862857
0.033113527301757498
0.033108023174396727
0.033105096192062949
0.033092623047631296
0.033068397830785627
0.033065849444433824
0.033061931817504421
0.033037180315045454
0.033023818590227794
0.032992386163752531
0.032990856922260912
0.032987604866704864
0.032982962149903948
0.032971865307041812
0.032960681590610726
0.032940665023055794
0.032934993244965682
0.032924055773063766
0.03292282328776145
0.032919322888657052
0.032909004404485624
0.032893968787183175
0.032880110095208831
0.032864031644833591
0.03284585304043873
0.032844097187429117
0.032797692939070006
0.032765521240975398
0.032762933522602455
0.032756781375789766
0.032756703966624799
0.032740298141878087
0.032716888937549649
0.032709060687740245
0.032705127538963021
0.032692857471598946
0.032690288937797796
0.032682114415016505
0.032652901975458573
0.032644369880950194
0.032635308110111338
0.032628668950441052
0.032602109221774353
0.032597895613121111
0.032594653954263871
0.03258505361791033
0.032539704623968289
0.032501811405311228
0.032474359338521101
0.032472815918042644
0.03247241904150891
0.032466192749418372
0.032440716507866313
0.032433940498904038
0.032431383178562971
0.032400395382203705
0.032392123060540214
0.032391904045137254
0.032389717337536934
0.032388928071892198
0.032370988059441608
0.032366394019281999
0.032363795202221962
0.032355972186744256
0.032351981808072097
0.032348727962423572
0.032345323521507638
0.032316782104318272
0.032316388450292402
0.032314880125634285
0.032303384180514899
0.032298489817742367
0.032265639183069572
0.03226206068017292
0.03226202775935081
0.032253671385963245
0.032228901874275559
0.032223229083744906
0.032208204544905847
0.032202438271024147
0.032193465738673425
0.032191309064645832
0.032178258135910284
0.032177846752511834
0.032159228496452391
0.032155981107196883
0.032140952439838555
0.032130301393187247
0.032122196043982226
0.032118355377580739
0.032117247932420663
0.032103060040558982
0.032099618456443074
0.032082537466140218
0.032079915509698617
0.032079516934504899
0.032058184048230777
0.032057390708748239
0.032055644037725615
0.032038183568795994
0.032015020700023065
0.032005779897407181
0.032000697610270579
0.031999078096769593
0.031996197392744487
0.031992551655955083
0.031985146534697854
0.03198006715209506
0.031971582382104097
0.031965218146142886
0.03193942355993426
0.031932646655689866
0.031922406963717419
0.031909667218717665
0.031904917374502038
0.031882441489678517
0.031854604763555533
0.03184610336936361
0.031832691991412948
0.031826846764104903
0.031822116913327522
0.03181484268873655
0.03181099332899788
0.031796704139803983
0.031793495800922993
0.031759730226464188
0.031759346040584432
0.031755019650815966
0.031752669693390106
0.031752668337693447
0.031722297401593998
0.031703427608237883
0.031665054380633863
0.031647803278498338
0.031644123571512819
0.031606597669394415
0.031606211197874039
0.031605272179676104
0.03159126036489384
0.03158232006874967
0.031581196404290905
0.031557435010006255
0.031553251128166197
0.031517229190568721
0.031506742224621596
0.031503964048204013
0.031495949025538025
0.031473577224916512
0.031471856317135817
0.031437405100628084
0.031431879513959142
0.031416428640386004
0.031416425508998383
0.031404529750927931
0.031402656100351437
0.031374570414209761
0.031374267842898158
0.031367810713230741
0.031365254849526666
0.031363901865941637
0.031362796497466726
0.031358767998201031
0.031307796632729021
0.031296229904522653
0.031294940112975449
0.031206881696416274
0.031192754714589672
0.031165759366650506
0.031164239301070908
0.031154870050367163
0.031112895787308848
0.031090919153574214
0.031088364329027691
0.031083833892361159
0.031068893481723158
0.031067580613579671
0.031035387344611337
0.031027122852052575
0.031019526264668102
0.031005387001064404
0.031003635761344531
0.031002411695331793
0.030995610771113076
0.030985607730733177
0.030968825680237011
0.030949044654220263
0.030934849923515678
0.030920628031686846
0.03091950782264424
0.030915926748272933
0.030873805012678203
0.030871209299471115
0.030867596461917265
0.030858230434500214
0.030840833112852403
0.030825132007893177
0.030816003058886075
0.030815162530112208
0.030783837217405529
0.030728035096860888
0.030704210225725621
0.030682741971430141
0.030664328798621816
0.030654162575569084
0.030652279826093243
0.030642476918251147
0.030637421401846703
0.030632756369528617
0.030608564794292532
0.030607421806160672
0.030586430979228862
0.030579247598254439
0.030569616349796536
0.030545447107676232
0.030534663391754164
0.030526791026178352
0.030523744401973533
0.030515965771224774
0.030509822016169121
0.030502981084779175
0.030485500280186983
0.030478885514672361
0.030458460759371798
0.03041531252913264
0.03039363642946194
0.030391434034093407
0.030385777858509138
0.030382430442871991
0.030380343292494529
0.030368237105749114
0.030364750405223496
0.030322581505898307
0.030309918590757164
0.03029770678284514
0.03029073178899298
0.030287371697323057
0.030280491018333716
0.030272358090910091
0.030268159163578078
0.030264432361086308
0.03022425771547493
0.03022322137532988
0.030184378567253319
0.030184216673323994
0.03017271591538458
0.03015107192312522
0.030147741996276057
0.030141384883386454
0.030124931890540513
0.030117813867873874
0.030110035381102993
0.030108730847262885
0.030106271713901185
0.030078374069810947
0.030075502811809762
0.030064012823195613
0.030058958202066669
0.030057760527892264
0.030037711362239022
0.030036969807568228
0.030022698810756022
0.030012267972904284
0.029996505335924122
0.029989001194493804
0.029982315532821806
0.029981661273250595
0.029953306801746713
0.029945417471132867
0.029914856176528906
0.029910951518002594
0.029887105275927413
0.029881783365260838
0.029868091803673377
0.029865923267483756
0.029852374728073557
0.029830103839243467
0.029777767263853165
0.029745116080536267
0.029737570215451439
0.029737468694033282
0.029715693560130336
0.029710177071148841
0.029702633502916999
0.029700909328977912
0.029696593945006202
0.029695408158735184
0.029687493788777441
0.029685222354558505
0.029681227667513726
0.029654437498857142
0.029611462257728555
0.029600581833833448
0.029595367625452621
0.029580943537055586
0.029568185043226732
0.029567009281499058
0.029565336709596733
0.029562190019124537
0.029538156207258321
0.029535714816864105
0.029507669537201148
0.029503256291038008
0.029501559217585703
0.029480956047716989
0.029466212552522381
0.029466171244424012
0.029462903699534887
0.029458680594161121
0.029440429229419814
0.029420846438546477
0.029412400925677411
0.029405142538083531
0.029388120837296274
0.029374020544312093
0.029373696699278352
0.029363493083149922
0.029356751386574752
0.029327543897740935
0.02931610717298809
0.029315425485147446
0.0292941738608299
0.029247505861981053
0.029245022849537925
0.029238470618486018
0.029202909547386399
0.029182457853074377
0.029182399719900259
0.029179606475457514
0.029174513802087382
0.029168668182622613
0.029149071966317698
0.02913824856290359
0.02913437999925746
0.029130189991721081
0.029117778438596496
0.029115173813949617
0.029111100325515189
0.029078139510280814
0.02907260059738024
0.029066941996445616
0.029038299880662963
0.029037828302474734
0.029033481995468752
0.029031989857459375
0.029012871850442861
0.029007915785158496
0.02900741117683649
0.028985159095718208
0.028984560223799617
0.028984370739227838
0.028982335028548873
0.02897637196904156
0.028965221903851646
0.028948856421347272
0.028947287185481872
0.028938472795579373
0.028937637385202265
0.028936395574103616
0.028927471622921957
0.028912521980107943
0.028905326223661123
0.028896080290423509
0.028874108520242185
0.028860444586964039
0.028859293641243636
0.028828022552908721
0.028824581727327103
0.028805482399423505
0.028796060227342317
0.028784947948751017
0.028767332335973821
0.028763607295542976
0.028761180524602758
0.028760644388754916
0.02875228248672574
0.028719161688991433
0.028704191626837877
0.028697433252388469
0.028695070359991966
0.028665064609100236
0.028663710515147874
0.028647049769701598
0.028638694965563434
0.028635526171097481
0.028634098984729062
0.02863099586106491
0.028630907579179694
0.028617426270489254
0.028616592596957931
0.02861519231280877
0.028600007534716504
0.028599711949534055
0.02857988295386384
0.028572483276356524
0.028530414907800849
0.028527425868243798
0.028523259938860016
0.028520813299057955
0.02851987033672022
0.028514929270831473
0.028469057163833342
0.028459208421284493
0.02845495481184861
0.028442457647817387
0.028397900268109295
0.028379958336949073
0.028363433365452422
0.028361441368985513
0.028357156528068965
0.028355559432085405
0.028354289306987641
0.028349950161880497
0.028329769329258347
0.028311965405838385
0.028307329923846786
0.02829877772788908
0.028297831900086341
0.028270440143257764
0.028258500937174223
0.028242367267926977
0.028203981028558762
0.028201463282808169
0.028190323804384819
0.028188789026333424
0.028183393765325991
0.028176686448616112
0.02816377064430288
0.028148710062525895
0.028127640860329473
0.028127124287182309
0.028120871688954906
0.028104906365492687
0.028080856472359073
0.028078918776205004
0.028077727796946977
0.028067176999751416
0.028053451699663466
0.028034357092530625
0.028028499290890196
0.028027508028400351
0.028021117070208029
0.028005416352621108
0.027966135395822617
0.027963290075779884
0.0279151791816429
0.027905919850670178
0.027899696293014604
0.027898958868743398
0.027897745393734772
0.027892887798132118
0.027891373845577921
0.027883627873428539
0.027863862754111155
0.027845036582369184
0.027800407346061127
0.027793277238960933
0.02779162598039938
0.02778757287742506
0.027762899429221277
0.027761206131354136
0.027757988424114859
0.027744460848587352
0.027738707127374265
0.027730682172190876
0.02772328388869448
0.027700937629695385
0.027693438971177351
0.027692955189922722
0.027687668188681819
0.02765839254492751
0.027650262758188954
0.027634611503083946
0.027622715869163032
0.027607589862987305
0.027603538547605441
0.027593588476234575
0.027590515275147866
0.027583118244560612
0.027582869043337517
0.027577403279776872
0.027560384545662484
0.027550020151286915
0.027541312279124222
0.0275262425076956
0.027522496521299279
0.027521096173283129
0.027503574043887747
0.027485535926892308
0.02748185940173889
0.027475051136681257
0.02747353516045023
0.027467650084670545
0.027458713724907002
0.027447901824395906
0.027446909536988875
0.027442331240033972
0.027431707539174899
0.027429057104865495
0.027419191573862949
0.027390493504962782
0.027386893148044732
0.027381527561290177
0.027371096648992611
0.027367154648790838
0.027365947309992335
0.027353535161114009
0.027340151182893655
0.027331272018986292
0.027312288303612781
0.027304988976741957
0.027297602297342478
0.02728101369522612
0.027255479426383487
0.027232828947520139
0.027223485693381566
0.027200743667620344
0.02720036087956116
0.027199042480649031
0.027198807438351853
0.027179136849096352
0.027151480200072485
0.027135185984186769
0.027122760999251417
0.027122057504250452
0.027113162796717997
0.027107173328014433
0.027103629360961862
0.02710017449842168
0.027099382293467748
0.027095626790358568
0.027067701373769727
0.027031348942460537
0.027021648738020831
0.027020350923971606
0.027017384034211729
0.02701704484073477
0.027009038100365392
0.026980910254835743
0.026980824419883011
0.026973543917238631
0.026961951142469926
0.026958287559460847
0.026945254117926445
0.026943195130707909
0.026941626702759396
0.026937034911262491
0.026907317249483639
0.026893536579514425
0.026884450112155595
0.026883829069862763
0.026865055957410823
0.026861090945734245
0.026847514350483145
0.026813276353480024
0.026809725712315463
0.026791504857866435
0.02678784880890319
0.026783057275423416
0.026778832416551605
0.026760045794171058
0.026756991371767468
0.026743431677364645
0.026685684081354171
0.026679284279985657
0.026672411059933239
0.026641863796859112
0.026627520755570983
0.026627441060710178
0.026610475347998007
0.026607725571937017
0.026568020780209214
0.026564053967863505
0.026538202012433877
0.026533177293618444
0.026531160125266177
0.026526580640479532
0.026525657864608372
0.026513481009944644
0.026501782538882909
0.026452839914900095
0.026449919120120652
0.026447730934907168
0.026363079012337344
0.026345379608914615
0.02633959134493593
0.026333675770792573
0.026328092370399576
0.026315394164316001
0.026308567768016523
0.026303268419104603
0.026293419256568539
0.026289514814540074
0.026285635928204518
0.026284971022844404
0.026282725618445128
0.02627888630425106
0.026277064239797109
0.026258075753692468
0.026257359196857167
0.026248686963547874
0.026245493859350679
0.026243041696947203
0.026218520334388217
0.02619031989187294
0.026179804490759351
0.026153732212652152
0.026148996835052275
0.026120593227951707
0.026116177732736608
0.026110578695429307
0.026085763414768485
0.026074252352866787
0.026060830459106517
0.026043199981626092
0.026033906507913915
0.026026771970787468
0.026007079801415842
0.02599599047732257
0.025981374389557898
0.025971614014592369
0.025953177419430644
0.025952913624038558
0.025912157392848443
0.025857748648709673
0.025808635785469176
0.025808154173702792
0.025806784538837311
0.02579900909557457
0.025788414559230602
0.025787710935721297
0.02578475092414708
0.025781285531568096
0.025772234414782526
0.025769402729804086
0.025751226821523143
0.025710292635727272
0.025696328395863114
0.025660071420979175
0.025657129922319173
0.025655259206146509
0.025630704116930039
0.025607699210808809
0.025595032958054188
0.025592458767108875
0.025586991987108201
0.02558240420735328
0.025575787704776726
0.025560872876187173
0.025556726543077599
0.025547285169181245
0.025543225281089346
0.025540608979168919
0.025538813564917748
0.02552230508061416
0.025512673853212122
0.025509137376559368
0.0254923768500648
0.025478309049057266
0.025469190678142063
0.025468505828019523
0.025456268046469582
0.025455056407853276
0.025445019335261033
0.025444830860082777
0.025435830011478647
0.025413921602809503
0.025411646297017983
0.025400177404531887
0.025378664902734879
0.025374833503621581
0.025371191002335505
0.025341050208125961
0.025329678636700759
0.025329028342052445
0.025318971824585736
0.025308781056889679
0.025297232021421822
0.02528217723549564
0.025267130134634407
0.025258368692903529
0.025258018534002617
0.025252648810649782
0.02525038425613348
0.025250342498134973
0.025219918161989617
0.025207109355828844
0.025190637963062919
0.02518928931660781
0.025184876190362981
0.025179921917879409
0.02517302599938415
0.02516866834412506
0.025163881738317601
0.025155904196712355
0.025155750377387404
0.025142595916014886
0.025138012540503872
0.025125416327182213
0.025123726313366259
0.025093955393191068
0.02508153348001382
0.025078402428316531
0.025075166001216391
0.02506876144593341
0.025063349205759661
0.025045633378854008
0.025043593458151284
0.025043381928427838
0.025017766127361896
0.025004606952690901
0.02498947907279719
0.024982142392182577
0.024978276988553403
0.024967866965997437
0.02496675030970371
0.024962207346651617
0.024942191430475647
0.024920722424916872
0.024920079556292343
0.024917500680720624
0.024914576946103825
0.024910789846119066
0.024900782947044599
0.024890638094144924
0.024886099274169349
0.0248402102549913
0.024829082001171815
0.024823059006523956
0.024816005661548981
0.024810726485212955
0.024805240263679123
0.024800810733880428
0.024799419327897324
0.024797442949625517
0.024791353928773865
0.024784409017955263
0.024763303297931947
0.02474618712710255
0.024743924703704342
0.024726814620410421
0.024726537503782439
0.024726215540825325
0.024704349714630203
0.024701853394908133
0.02469855042449328
0.024690851432456033
0.024682909188575988
0.024656625818695127
0.024654590247008699
0.024633214103381876
0.02461897421210903
0.024599043672726268
0.02456673469350602
0.024561231735995746
0.024538995445225482
0.024538706456949704
0.024530247241480452
0.024495217053155695
0.024468297986815095
0.024465729686697132
0.024456628230548293
0.024439052759735326
0.024427222615285786
0.024424415483718393
0.024417929933285561
0.024417248086578382
0.024415836661000733
0.024387246158474322
0.024370456297698392
0.02436431857816131
0.02434414409815637
0.024323097695787034
0.024313090744297244
0.024312418804550637
0.024293688193919645
0.024291869731052289
0.024267852537343343
0.024251613627518476
0.024238132158190547
0.024228513346467282
0.024222113492781298
0.024209638063682995
0.024197231959834888
0.024184556254213667
0.024181908819356078
0.024181503144707753
0.024179124820191772
0.024176536663802244
0.024166898155844344
0.024155826831971799
0.024150330148027963
0.0241497504823176
0.024143377847646488
0.024127172483106661
0.024122364449955563
0.024117520455274231
0.024116993218986832
0.024111645066486061
0.024060128742781055
0.024049348706719691
0.024039290084130895
0.0240072156068722
0.024004821800044561
0.023993046763180859
0.023971082113301342
0.023966855308944466
0.023958895863862486
0.02395602246314691
0.023940716370198893
0.023935921076641973
0.023917373634966283
0.023916937414396558
0.023911230573908919
0.023901602631157204
0.023899948642138097
0.023899680556497622
0.023895726760583959
0.023873117407291783
0.02386412207601878
0.023862392424587164
0.023849247777609238
0.023848371280603003
0.02384113931644187
0.023836212582696949
0.023830744350825515
0.023828089907589493
0.023801826752060815
0.023801392894989722
0.023798179134887971
0.02378752970043408
0.023776885317184658
0.023772590523641873
0.02376761531316135
0.023755363977189126
0.023748426486241776
0.023743383588626963
0.023741645462193907
0.023715417759164862
0.023678684303386561
0.023675939657744727
0.023675335411697439
0.02367483745758265
0.02367474230056394
0.023657727886889267
0.02365691838255473
0.02365462575054179
0.0236416250683219
0.023633548525456974
0.023621518471983897
0.023613198483464604
0.023606300643931561
0.023604008727212418
0.023596585218755434
0.023592288287840876
0.023591356769606883
0.023582336823460632
0.023571018935585726
0.023568666478799568
0.023563212815195123
0.023544969257258158
0.023532741858980123
0.023528797646924594
0.023523711078060793
0.023518355289502482
0.023512374586043841
0.023506724109849039
0.023503762610479675
0.023499076541115077
0.023499040866899523
0.023493603270101544
0.023469947548458128
0.023465361145880954
0.023460615715295882
0.023459893978529826
0.023456589293133503
0.023446131824549129
0.02344473311166962
0.023442239071412053
0.023435282944028683
0.023422208952191818
0.023415880474837468
0.023409450142974186
0.023407636325543633
0.02340144873923709
0.023390089183053027
0.02334077436595966
0.023336400817459205
0.023332891120472651
0.023331868497681638
0.023330060855751747
0.023327235362141468
0.023311151361607052
0.023300301463677956
0.023290182908677671
0.023289762471319576
0.023283266028792438
0.023272694883279973
0.023247969462730705
0.023247561339621248
0.023237141127296541
0.023223587713634083
0.023212284328020909
0.023211693006722559
0.023196728689963947
0.023171818721964676
0.023161981467113041
0.023153230957788224
0.023145534729095956
0.023140055941075856
0.02312513569029364
0.02311384521254058
0.023088103519545801
0.023081513557818054
0.023074242728360082
0.023064679172538859
0.023061819214666598
0.023038221738293049
0.023025330787477736
0.023024776770674511
0.023023327414392638
0.023006799933211062
0.023003929909750295
0.022983780548799147
0.022973737318957042
0.022968014913975786
0.022953770218377044
0.022949209462051794
0.02293926105371959
0.022932575475194592
0.022931790903332111
0.022923051774192175
0.0228970324785055
0.022890386033186633
0.022847917918442553
0.022843964218151172
0.022835680938183077
0.02283554287087974
0.022830924036450519
0.022818934581785428
0.022794383668921708
0.022788677907252832
0.022772632807522182
0.022771271334966623
0.022769391417734416
0.022762268649075781
0.022743688457377446
0.022734088535280635
0.022731738627766344
0.022731315037453622
0.022727270005098166
0.022719550987386802
0.022713218987970265
0.022705762673916077
0.022695270023849533
0.022684477646892451
0.022676887264018838
0.022674782783179911
0.022652026664471189
0.022639359998975865
0.022632623226530587
0.022630207935281997
0.022615532444681809
0.022604792053185829
0.022591936492145626
0.022591754955032062
0.022571836789016374
0.022571788207955551
0.022568533983973932
0.022568426806014896
0.022565745185230857
0.022556794428673945
0.022547479110973913
0.022543944924410558
0.02253683811178964
0.02253477027898881
0.022527682738520328
0.022524571818796229
0.022519612451718875
0.022518658385991788
0.022503405444183368
0.022499952030967312
0.022498061648181317
0.022480327884027297
0.022475830097506543
0.022466692622029157
0.022462355852517744
0.022457947238803323
0.022446353019774309
0.022432851498514039
0.022431611226056608
0.022416300035071071
0.022398446987603699
0.022392439191949522
0.022381635107392914
0.022380788089930357
0.022379098419856504
0.022378990132912304
0.022376531840768297
0.022350810022527912
0.022344430220593701
0.022341359438710306
0.022341066253487266
0.022338795240348253
0.022329835741651205
0.022323766324037576
0.022320589147444926
0.022319302876583992
0.022318838193293285
0.022309841106696395
0.022294349222295586
0.022284915094400837
0.022276717999342738
0.022265191289492881
0.022242895547108409
0.022241469130664014
0.022234588188338015
0.022205525051752429
0.022202627993412515
0.022198263832276757
0.022190203185723435
0.02218946192732944
0.022187924960335646
0.022187481666695139
0.022163035794408533
0.022156950853772291
0.022154864048949476
0.022145818004412905
0.022136575416340148
0.022135014741300047
0.022132962710366938
0.022116017888913767
0.022110294731665599
0.022106337908310552
0.022105779325228843
0.022104865449152578
0.022063891826384015
0.022057837302660012
0.022052929882832733
0.022046453426050359
0.0220358898763479
0.022024947782296907
0.022020211933869285
0.022010837320564643
0.022003055148659072
0.021992285407346324
0.021983799589444082
0.021982722293287429
0.021981662096833277
0.021976448997204821
0.021958342843119219
0.021955899132810302
0.021955391536220243
0.021943943512679535
0.02194324627217684
0.021923048097539612
0.021922067604921654
0.021917808278959384
0.0219090589852226
0.021892929264198824
0.021892874110362819
0.021885637020782236
0.021877785013450089
0.021876882133008726
0.021874754114464632
0.021873402539126723
0.021872167905822169
0.021862995231672316
0.02184964772079117
0.021832594133716146
0.021828872897572058
0.021828064678912403
0.021815146814315289
0.021802364982698802
0.021801912309124222
0.021801715975906345
0.021801677220690496
0.021801325825474525
0.021797344466200026
0.021796534620366625
0.021755546594391571
0.021753987242526307
0.021748500274017188
0.021746439580906485
0.021740151493894147
0.021695123935228999
0.021684618772676016
0.021682219299362211
0.021673672529014556
0.021669089731332549
0.021656253819620355
0.021651649162557067
0.021645653392404342
0.021640525431022097
0.02163830278182138
0.021628408230966262
0.021605915699133268
0.021604475376184762
0.021603064404992312
0.021600363251660346
0.021582285625310556
0.021580317182223363
0.021562277866096394
0.02156079393247123
0.021552162841332063
0.021548314225840033
0.02153230349011389
0.021531614256077643
0.02152663164616328
0.021508409138782075
0.021506946742640205
0.021496061270464915
0.021488236280583398
0.02147396539341041
0.021472039288390622
0.021469129964730958
0.021447500270380556
0.02144539083804145
0.021414973446068686
0.021413374887278836
0.021410868826755584
0.02140431846484073
0.021393101188091929
0.021382552619714248
0.021372134504833898
0.021360524365958186
0.021356532014630052
0.02135133855699109
0.021338471385214504
0.021336675793048026
0.021330009694220931
0.021315356014932643
0.021298364765667457
0.021297580371004373
0.021280303515171257
0.021278454449536736
0.02127366424743243
0.021269791862195925
0.021268520674443472
0.021259046761420583
0.021251799680459593
0.021222602535879875
0.021211474166841132
0.021204271396694313
0.02119106465996326
0.021189081056416485
0.021180563517204265
0.021168985056287025
0.021150112021404353
0.021145782481630081
0.021115997724150303
0.02110055717486798
0.02109822551329972
0.021093759296178235
0.021091060845902985
0.021085015307269625
0.021084435400646327
0.021043910577699797
0.021043306498093221
0.021030184911359582
0.021029642920359696
0.021028103719789484
0.021015573704043038
0.02100617227969034
0.02099101679433962
0.020986615837896041
0.020976577292349457
0.020970109121268486
0.020960644985235071
0.020959889185969915
0.020952030914232742
0.020939647259389186
0.020939465760941686
0.020933328727707715
0.020930570141763652
0.020907023459908938
0.020901996029338423
0.020899906868522895
0.020888228402172093
0.020877831394438367
0.020868154948199262
0.020866961307507426
0.020866684615527768
0.020865601078631561
0.020859784630969644
0.020849844689452668
0.020835744612839834
0.020829294979773379
0.020829114551661282
0.020805067873089222
0.020803937764200125
0.020796523334039769
0.020762792115663981
0.020752285953911896
0.020739636603288387
0.020734604040713867
0.020733630694114817
0.020726815971460196
0.020722379805381372
0.020717920086830037
0.020673641507653787
0.020671284275752006
0.020670794530505972
0.020669831562479944
0.020669029219816393
0.020647000384652808
0.020636355665674996
0.020635345610380471
0.020624004568814486
0.020609727120505624
0.020608579937757235
0.020603951793978705
0.020598452767537273
0.020583818232446875
0.020577811084363271
0.020572159376508702
0.02057145441627331
0.020567683428075897
0.020547595998471564
0.020541479637513259
0.020536932445991935
0.020536815401120349
0.020529214545133144
0.020527995222071948
0.020526717570981796
0.020518690658171718
0.020515617037243191
0.020513129527912698
0.020502213283807885
0.020494945662412358
0.020470490665199396
0.020469448569559252
0.020464203066267315
0.020463583761247128
0.020444001844847317
0.02043893705437326
0.020432326691165417
0.020429599454522603
0.020422692320855931
0.020419128758280215
0.020417083047378201
0.020416553610353442
0.02041595895079917
0.020404588842068777
0.02039847284091411
0.020387804936890287
0.020385411827207812
0.020383392228627159
0.02037985322280457
0.020379084704149279
0.020377137871633418
0.020355310506969929
0.020352740200031572
0.020346755470337718
0.020332656036091697
0.020322515026012105
0.020318190230936641
0.020315789550915554
0.02031531673028257
0.020315174848590647
0.020314285796703017
0.020313963953572701
0.020312879798277991
0.020309234055872361
0.020306799576781349
0.020306055250641161
0.020298527322214998
0.020270692624524082
0.02026703611733964
0.020264613225001685
0.020257643939022584
0.020246549833394273
0.020228992611661469
0.020227123321503213
0.020223993519119285
0.020223263945549748
0.020214638904942815
0.02020995767411022
0.020209001572511241
0.020205506729324092
0.020201416823432905
0.020184881974475204
0.020184851594231331
0.020183548314325575
0.020179941455954257
0.020135586728208629
0.020132076425308586
0.020123808888199837
0.020120846188079512
0.020119327965043839
0.020117069300273908
0.02011226105012567
0.020111982962992481
0.02010511159991869
0.020104398809211055
0.020091478023484433
0.020091433388623656
0.020086382453959689
0.020086127068362037
0.020083017148397282
0.020080437014268034
0.020065991478628736
0.020060850146224586
0.020050855988129539
0.02004701441436756
0.020040008540847316
0.020034944462338035
0.020033913395791147
0.020007119911344417
0.020004228445336825
0.019999496630642277
0.019981369388611159
0.019973037095989923
0.019960519270701142
0.019957440720207668
0.019954423108331284
0.019954175019302741
0.01993778996196597
0.019932487441526398
0.019918519276979553
0.01990810376418331
0.019907770898737322
0.019907559066662493
0.019901997486632995
0.019899177164687542
0.019895252300020014
0.019891228292240382
0.019877053209454806
0.019855530654107164
0.01985304399842145
0.019851139135297173
0.019839067541289026
0.019836898331206002
0.019824814805266239
0.019824457292776251
0.019822657685704591
0.019819201476769834
0.019801237539301627
0.019792717255302187
0.019777299793592405
0.019773612057680856
0.019770006469376815
0.019766608215520332
0.019764839031112699
0.019762979399998312
0.019753914265860147
0.019749003774261944
0.019745409011027518
0.019744268544942312
0.019717982651010268
0.019716725826682303
0.019689054873948935
0.019683088352868295
0.019682624366608142
0.019678201562072329
0.01967679598665362
0.019668918335903767
0.019667582978737497
0.019657593854900866
0.01965389749143016
0.019650833171729557
0.01964908127069067
0.019646284045164945
0.019627216178413936
0.019624122244334571
0.019601298931636136
0.019588881694112402
0.019574347338327653
0.019571946976281871
0.019571105753139917
0.019570733401983835
0.019569516767627228
0.019541624991735534
0.019539062505170679
0.019538673588202271
0.019538439719042271
0.019526960119463473
0.019514520391353794
0.019510399085655643
0.019510239175941791
0.019499182201450038
0.019489191651603462
0.019481342290765043
0.019472193133991959
0.019460655974615552
0.019455566791012648
0.019452028365151069
0.019438509841196296
0.019438269026378498
0.019436573398778773
0.019432635049580173
0.019429388433760238
0.019428183431679014
0.019425914803650433
0.019424750641738271
0.019424000186707459
0.019422262618882587
0.01942225152749524
0.019412062289114452
0.01940223460322665
0.019391453809547862
0.01937503776545586
0.019363817042990551
0.019358759085924417
0.019355359573664927
0.019342222919946951
0.01934054291367017
0.019338323012418127
0.019333521661525153
0.019332706774358097
0.019324943746045407
0.019313424439908206
0.019311507933250729
0.019302493495542562
0.019301374508801355
0.019300544332966747
0.019298691584163353
0.019293637662900789
0.019283146565102556
0.019279027495278801
0.019277075112365833
0.019276384768330827
0.019267138050248555
0.019263703994228099
0.019251846324185546
0.019223797883508763
0.019218142186235396
0.019213195338169162
0.019188618677831212
0.019175145325956579
0.019171434126107893
0.019169092844143143
0.019161688997833631
0.019150481803277417
0.019149470482145131
0.019135024539185658
0.019124011242477802
0.019115090088802078
0.019109029133906646
0.01910054893157883
0.019098647646524632
0.019066480230953038
0.019060831394589042
0.019058299226649943
0.019036408535477486
0.019036085462882438
0.019032287193723487
0.019012454568378929
0.019002799608029461
0.018992959925644759
0.018991046745996602
0.01898674816213955
0.018985948999169975
0.018983313733462875
0.018979713468894755
0.018968490960767807
0.018963531185734434
0.018952386884184852
0.018944704448131053
0.018942046554350524
0.018937611711174432
0.018934196822787359
0.018933679984088292
0.018920177158264464
0.018917899289624472
0.018917510619785464
0.018917100008470741
0.018915606461456146
0.018908104039470811
0.018903882512096296
0.018902667756505367
0.018902087704758808
0.018896766607439969
0.018895143557542533
0.018887265339700792
0.018877930533310303
0.018868894881219983
0.018850956794969811
0.018829959407299066
0.018825977098791549
0.018821791123187617
0.01881806020767118
0.018815847279206873
0.018815414995899109
0.018815205669271574
0.018803064732878651
0.018800656055110151
0.018796298543715364
0.018795643480579344
0.018782326836477837
0.018762944687874386
0.018738388639044624
0.018733301257376496
0.018721760565601278
0.018709735504806778
0.018704593544792186
0.018703808587136529
0.018698516628455845
0.018685324451838528
0.018678412459953209
0.018677610811797769
0.0186640591703893
0.018660007086634945
0.018657705892590332
0.018640987433451515
0.018638254699873531
0.018637998055962668
0.01863371378965618
0.018632813251060854
0.018632176674679018
0.018628289843411278
0.018621655407301471
0.018610675182056797
0.018597407450455967
0.018592418235844982
0.018573781967474102
0.018570822048888675
0.018552230656786885
0.018548871930437416
0.018547134058122555
0.018544081041193955
0.018539082009339666
0.018537209581704354
0.018535397332113835
0.018522757798352739
0.018519785189403868
0.018511063103572777
0.018509291723470551
0.018497957177185179
0.018497128041490396
0.018489271288335232
0.018482160768806568
0.018479212119342128
0.018475963537560498
0.018473581706278216
0.018472515132320799
0.018469896391131013
0.018462015221423701
0.018457038505362511
0.018449606386129698
0.018447052417438395
0.018443535825705862
0.018438435755898104
0.018435617642956845
0.018423271506302814
0.018415335468202419
0.018408199287003754
0.018404747737651227
0.018398112210842314
0.01839417537749128
0.018392607936026085
0.018384710456175898
0.018375268459883787
0.018372022073675925
0.018367023014130242
0.018364631709886729
0.018363842526229246
0.018348129792925862
0.018335065071230991
0.0183319976009442
0.018317264293663663
0.018307602898048149
0.01830701938289472
0.01829462236611289
0.018291625178677572
0.018283587208448509
0.018275292430116025
0.0182728787182799
0.018267705514907126
0.018263918236336274
0.018260395630118487
0.018260142680765944
0.018251986834115799
0.018251823334853413
0.018251381194918079
0.018248512819731513
0.018242873944807388
0.01823616422310885
0.018233804530662479
0.018230691253452707
0.018228561315332788
0.018218743483389557
0.018211081335974981
0.018204299215896193
0.018196886527906381
0.018189021727643608
0.01818440584384113
0.018169884666472753
0.018167350823479072
0.018163300647816859
0.018161960762517217
0.018161511998444173
0.018149936702562857
0.018146137718184081
0.018140492502705718
0.018139180070288304
0.018138829207868589
0.018135328871493439
0.01812781818185669
0.018124127834323087
0.018123592416703103
0.018123534989193179
0.018113558762508537
0.018102609411507938
0.01810068625191474
0.01809555484880641
0.018093178054116948
0.018087413627819671
0.018084681543442456
0.018073887724700453
0.018073691607808477
0.018067986645796664
0.018054663820513014
0.018052887360630519
0.018049437782493745
0.018047897217313046
0.018032521207357797
0.018029950854507468
0.018026051331184789
0.0180234725123227
0.018014096258679214
0.017991452275811823
0.017988137561176763
0.01798195390920521
0.017977733097173459
0.017977370208161182
0.017969252996282908
0.017963193498201281
0.017952789040117986
0.017949039456176381
0.017946906935799332
0.01794582682165817
0.017942848036288785
0.017934996280443281
0.017926904055428967
0.017924098594101042
0.017919886531566315
0.017918591768953693
0.017909946313113934
0.017891360801793842
0.017885013557422155
0.017875300953232347
0.017874960409163691
0.017871734219015858
0.017864415534022848
0.017841627709229094
0.017837508591805395
0.017829560610170641
0.017827171168089188
0.017825722214994365
0.01782512023479893
0.01782173707891917
0.017812662866693897
0.017804889163590226
0.017799922842470197
0.017795782563907792
0.017782622785360757
0.017782195837975353
0.017781994000915347
0.01776854518733844
0.017768303614109537
0.01776434063324623
0.017762835769449304
0.017756787503868637
0.017747544970175354
0.017735739664573164
0.017727161516536218
0.017723579550290778
0.017713858039436321
0.017704671110806723
0.017700679061782
0.017691334007218819
0.017689343459063842
0.017684266849653824
0.0176733986479654
0.017664272434598498
0.017651256880128734
0.017645489266048048
0.017642978332474656
0.017641925570098652
0.017641174075588364
0.017641109291829209
0.0176358135379951
0.017627405551722382
0.017626400210218184
0.0176225057069185
0.017618173107736466
0.017599216605127276
0.01756579311778779
0.017550316172543729
0.017545052600471109
0.017540617211685611
0.017538309585068617
0.017534947361611094
0.017533398528672955
0.017531611269709476
0.017528702783596247
0.017524383858578654
0.01752374335270426
0.017507713690745753
0.017499971483167544
0.017494116070422141
0.017481433327843406
0.017481095300208343
0.017451820521819157
0.017450144310762104
0.017445909439485464
0.017420057923916269
0.017416438441876961
0.017408685419067298
0.017408332093170324
0.017405834072512359
0.017405730309780494
0.01739887344623783
0.017398395521241027
0.017393008738864086
0.017388955005789197
0.017370223066779985
0.01736622000882743
0.017356337890722742
0.017342914460094734
0.017340395578218259
0.017339757581241018
0.017339312158200559
0.01733193012072453
0.017324333293101613
0.0173241011217211
0.017322312886716189
0.017313430654306471
0.017309231545056515
0.017300032703630255
0.017284815414255774
0.017280889128279631
0.01727430389342197
0.017256007913696015
0.017254380212467679
0.017248102374962139
0.017247255956713895
0.017246168964104556
0.017245096103526963
0.017220991772190282
0.017220233013708335
0.017213870715837104
0.017208692481916126
0.017201870228216291
0.017181660162873074
0.017178925104932938
0.017171362445876984
0.017168329539093967
0.017152540853150763
0.017148569211784103
0.017142616436422238
0.017141514638907465
0.017139852811491579
0.017139732393684246
0.017132722165532768
0.017124963097202121
0.017122995080568307
0.017122576757885494
0.017116686191562664
0.017112376032581735
0.017111326721600702
0.017111320913718881
0.017098502918337973
0.017098105831363588
0.017093823889048423
0.017087569363148182
0.0170746320232576
0.017073582984656853
0.017062691271838022
0.017059861077673849
0.0170559830428158
0.017053545418648342
0.017034107180813086
0.017026867496259108
0.017018942962284091
0.01701403972428649
0.01701354975971172
0.01700434521833696
0.016994932826827826
0.016987942726156249
0.016986474413642854
0.016981472550026151
0.016980723058139295
0.016980324648008145
0.016961460104037915
0.016952702929508276
0.016941312115234346
0.016937421525025552
0.01693343357820546
0.016931098082683213
0.016928693469546514
0.016924138372576756
0.016923599564475204
0.016913013837653999
0.016909017879765387
0.016908106565670353
0.01690743928566648
0.016902601174387754
0.016901921281687552
0.016888978533196944
0.016881523800472076
0.016875272680286543
0.016861564242807447
0.016858752015057637
0.016852888898095889
0.016846734989003787
0.016835710573693648
0.016827111085536129
0.016807163133087704
0.016805828622111271
0.016799047060015927
0.016792775194850798
0.016792130379637362
0.016783493269584684
0.016781517226194
0.0167801994397749
0.016773379111831573
0.016756301672260852
0.016752988901779949
0.016752407453632458
0.01674680927491129
0.016740324331397865
0.016735851030615857
0.016714768029283091
0.016707036348803619
0.016706192731331955
0.016705233636686904
0.016702184282654606
0.016696812149362677
0.016692090492799169
0.016662173915160824
0.016657732381693588
0.016657594665407709
0.016656116003296393
0.016655463627981922
0.016654925788986575
0.01665159576540954
0.016651198880249705
0.016651017850162812
0.016631638435157702
0.016626730638006487
0.016616348347245635
0.016613201356652219
0.016610141216513961
0.016609356818527793
0.016602621752739431
0.016601324619446155
0.016592760286619219
0.016586730895207371
0.016583075046039848
0.01658159308283436
0.016579626567118106
0.016578993436971945
0.016576755643882647
0.016576602260567591
0.01657620030819211
0.016575422122288991
0.016572446005341253
0.01655349773037194
0.016535287892065698
0.016535136104596459
0.016535092798491868
0.016523081056657528
0.016513348776627277
0.016506752097317681
0.016501427453848055
0.016496663581877645
0.016485350376151724
0.016477056520146381
0.016475128481557917
0.016441325525562624
0.016429720632187832
0.016429016185756585
0.016424846912221774
0.016422900990202913
0.016422362759543452
0.016415596905714029
0.01641349487145494
0.016409341851763022
0.016407208670602361
0.016400004001896926
0.016399614175977007
0.016395291572888878
0.016392997235149347
0.016390184897080481
0.016376185713604233
0.016375282522901363
0.016366650899031675
0.016356256640121084
0.016351029973769384
0.016347651014449769
0.016343185454786861
0.016336571059658026
0.016334585606964658
0.01633375190873702
0.016329949519584625
0.016321591771948207
0.016320742413063499
0.016308342752374836
0.016291462703416956
0.016290115471250186
0.01628589888356936
0.016277199105824227
0.016273095093941353
0.016272023235920242
0.016266860262899478
0.016250220143700991
0.016247139115194577
0.016240177132300773
0.016224627073224702
0.016220633203023329
0.016203338673686517
0.016190468358197645
0.016187090670613514
0.016187055798304442
0.016186232131485075
0.016174362674256253
0.016172295595263668
0.016166076104069289
0.016153902217793142
0.016142182924975736
0.0161364089725749
0.016133327234555208
0.016133059462168208
0.016130069455872694
0.0161292196233058
0.016123526051836999
0.016117985025399743
0.016092896483854712
0.016092712442252327
0.016090423636415767
0.016085094319510981
0.016084474869721258
0.016073884165319144
0.0160689579739321
0.016063450877687589
0.016049765373771549
0.016042522567532871
0.016042268779857236
0.016030528806849638
0.016027147345242691
0.01601638593079447
0.016015995580355966
0.016011670902367752
0.016008353842341897
0.016006699065877209
0.01599095514302756
0.015984421931824807
0.015979744646949054
0.015967514463370386
0.015955239062235154
0.015951945958348195
0.015948540112881535
0.015937370536436551
0.0159360055353697
0.015929584959915866
0.015915398253687506
0.015915292879645441
0.015910728022707724
0.015898958829836177
0.015892173156312112
0.015877257816227598
0.015864660051128639
0.015864172724208297
0.015856127856533758
0.015840114867027522
0.01583910856283607
0.015838715985782188
0.01582525115608039
0.015812986496344963
0.015797972469855689
0.015791805850789101
0.015780256418101511
0.015775201788119329
0.015773406062070013
0.015772645913873742
0.015761291841181246
0.015759906622824081
0.015759122975965465
0.015757087726588532
0.015756661134129782
0.01575526560145462
0.015750774596363992
0.015747749018797802
0.015743706939775514
0.015743621251822569
0.015742883296790279
0.015741538913153445
0.015738444597424323
0.015734429828488689
0.015733225955866577
0.015720064309971055
0.015717722195858475
0.015705749416334513
0.015702585074738835
0.015699625344075669
0.015697514107207822
0.0156920257049178
0.015675347417644769
0.015654180264891709
0.015652783122539711
0.015650620796998381
0.015650355255673133
0.015636696231205297
0.015623667658409952
0.015619925824376537
0.015611742188237033
0.015610560569662235
0.015600968938612264
0.015591181264525198
0.015586623910025989
0.015586347585868547
0.015580982600440963
0.015579434180247357
0.015577730839688065
0.015571391965353162
0.015569390672580861
0.015562577651273946
0.015558703938322122
0.015553224281033473
0.015547228281510526
0.015546980985624478
0.015541091474935452
0.015535578607004689
0.015531390117324077
0.015520969381005017
0.015514373119146658
0.015506168095649458
0.015505384824824619
0.015497993311766134
0.015496511324169021
0.015489766293310264
0.01548701930364435
0.015481021744603822
0.015474928101987986
0.015471739789536502
0.015470509503224624
0.015448598248158078
0.015438923655231897
0.015429643161541955
0.015425046235544531
0.015418233528862155
0.015408785292286609
0.015407945128558462
0.015405608310521422
0.015376167331509139
0.015365225979762273
0.015358106737619037
0.01534669836379831
0.015343088178798548
0.015337677515417708
0.015335878531541312
0.015329105537623896
0.015328176722670178
0.015314649214107917
0.015308929639734936
0.015306636681804082
0.015303792258955071
0.015298882011545502
0.015291892911229508
0.015285787432052484
0.015285746764044516
0.015285383337868866
0.015284149347595167
0.015271704977441687
0.015270893185024788
0.015264240249931645
0.015264023018675984
0.015263149969320863
0.015253321399764413
0.015243955396925917
0.015233022898070461
0.015232109517132318
0.015228016284261674
0.015227359769546363
0.015222006507836169
0.015216362659709165
0.015216275134489655
0.015213597083430928
0.01520978645159842
0.015203797492280681
0.015201826396514118
0.015199187800189383
0.015198702182561995
0.015191362024554006
0.01518868796168658
0.01518385648683826
0.01517910279012639
0.01517084341642715
0.015168323438167401
0.015161440606816965
0.015158838311078367
0.015142803820901168
0.015131764309645086
0.015124156097794474
0.015117822335203921
0.015098775062256143
0.015098198712212222
0.015097163273465808
0.015089836809766015
0.015073600708750742
0.015072529782892901
0.015070998749931081
0.015069701380440767
0.01506217562950737
0.015061171972107334
0.015060719503459729
0.015054436802127393
0.01504937194498198
0.015044630993455994
0.015035141270169331
0.015030929459782188
0.015024475821187372
0.015024286336829042
0.015015871733999871
0.015007782715361039
0.015006596762676613
0.015006049443398681
0.014994685882579607
0.014987688550355148
0.014987023967484525
0.014980820606222123
0.014979634082831711
0.014977305280555813
0.014972622940407666
0.014972416177239475
0.014968247541022411
0.014966719576238194
0.014960258845026926
0.014957907399461311
0.014954562005735987
0.014948005745387108
0.014938872357756924
0.014934893515628886
0.014916920743964406
0.014910393280187083
0.014907794328487163
0.014895483051801378
0.014878097624385963
0.014877009325513901
0.014860224247487629
0.014858808522423208
0.014856656544721764
0.014852648250632245
0.014843445434596505
0.014840992910560369
0.014839791774067563
0.014839463113334792
0.014833696041726074
0.014824548435362161
0.014816052480222421
0.014813625372187436
0.014805639130252672
0.014801741544519954
0.014790715561452531
0.014781440780070945
0.014781357509052314
0.014777035624538427
0.014775181700533442
0.014774970761094046
0.014772676831720715
0.014761966192473039
0.014747951930387852
0.0147413908401491
0.014738632667466032
0.014737604272201882
0.014731281650437161
0.01472687592023079
0.014726046513204697
0.014718796159690864
0.014710309567328505
0.014707090275917023
0.014705974265876319
0.014695685766000532
0.014694870819676218
0.014692568940214444
0.014688829132371259
0.014687774968589118
0.014687391453325597
0.014679613919192123
0.014672511875080705
0.014669683093426568
0.014665480054814769
0.014664408336661661
0.014659828789484162
0.014655468586374372
0.014654177439251096
0.014649816809782622
0.014647255253433496
0.014624754834263313
0.014621130442518684
0.014615059951931955
0.014613973557214169
0.014611906742580446
0.014584849830366372
0.014580437152450273
0.014574488388881595
0.014573050499232153
0.014565569692949809
0.01456171622468529
0.014554247898038502
0.014553072629697751
0.014549632618439506
0.014548266805913134
0.01454809720962562
0.014545329608654095
0.014543307615985568
0.014533888543694659
0.014505690015652635
0.014505066466847502
0.014503264144260843
0.014500755686371347
0.014498402153833048
0.014486634152546682
0.014476972222207266
0.014470992526886712
0.014466334296720966
0.014464815343468513
0.014464496691026913
0.014460084240552468
0.014458412197412292
0.014456639188457455
0.014453774945304294
0.014444773169811759
0.014444304479487741
0.014439760906704683
0.014435570868663102
0.014433099646449796
0.014430176702081597
0.014429296351937512
0.014421252184914048
0.014412619149913748
0.014406054390271291
0.014403212376701054
0.014397664135092265
0.014380741772003162
0.014379824395619384
0.014374951668814546
0.014372403025929063
0.014364658662328578
0.014363936723383489
0.014363248152660988
0.014358599274099904
0.01435695723619114
0.01435601580154139
0.014355586446355302
0.014351741894247164
0.01435136578196129
0.014348277231169082
0.014345808696090694
0.014331474429332112
0.014321862659734425
0.014319155886520605
0.014318404377348132
0.014313748159050076
0.014298927065727638
0.014272793030455115
0.014263136221496834
0.014261607309960438
0.014260198003452317
0.014257523715847915
0.014256973366704756
0.014254637732406414
0.014248693132376986
0.014242406580085231
0.01423237482342965
0.014232175668354965
0.014230242949912165
0.01421406118764856
0.014213428686091826
0.014207279526033947
0.014182186929150223
0.014178784723874727
0.014176060519526947
0.014175900168592806
0.014175867008555392
0.014174242455366989
0.014167604975504084
0.014163218731558125
0.01415121065663995
0.01415099759924357
0.014143986158925851
0.014143260946409398
0.014135024474300047
0.014133638499571428
0.014130111210399737
0.014124290563506562
0.014120956083470599
0.014120684252252116
0.014120198251197428
0.014116948495533735
0.014115564136297514
0.01411256446489202
0.014105771922563872
0.014104797339606175
0.014093913931447032
0.014080419403552145
0.014079620892011457
0.014078268395711106
0.014076773839680217
0.014075907905048942
0.014070046163723086
0.014068114360870179
0.014062248233441842
0.014057098638286825
0.01405495852790211
0.014052611797670709
0.014045642739857332
0.014034030677198543
0.014025780125351675
0.014011874275590194
0.014008376009233232
0.014002128160401422
0.013999429901860462
0.013999151595096598
0.013996303159257871
0.013978766711574482
0.013977347606857163
0.013977251110808045
0.013969782103527884
0.013969766848772857
0.013962075328918353
0.013958054886196045
0.013952403097576047
0.013947626410923947
0.013933283936467315
0.013932786962785699
0.013918730240506686
0.013908511468582595
0.0139034541868302
0.01390280725986546
0.013888558627393679
0.013885022105028129
0.013882904735407193
0.013882536239915109
0.013876375691255091
0.013873976027180237
0.013873526264893851
0.013867440962650282
0.013859714171829709
0.013850573092702141
0.013849686807105816
0.01384305150870061
0.013842891146685772
0.013841457856554376
0.013838226152423761
0.01383794483292357
0.013829041308099565
0.013826812987350057
0.013806084299425366
0.013799889670968419
0.013793308963368585
0.013786842499373798
0.013785336036427009
0.013784461889904565
0.013780237604721197
0.013771498953900178
0.013770035078984208
0.01376398459470188
0.013761085886396254
0.013756592931893094
0.013755999147076097
0.01373871439762746
0.013736770780574203
0.01373602236429468
0.013729991128632961
0.013727160792193794
0.013711338436792028
0.013700531956690843
0.013700234022751124
0.01369914455001623
0.013686413456606207
0.013685891254076892
0.013685564417227779
0.013674807015233598
0.013673208091054014
0.013664416372095672
0.013659298086672865
0.013651983227941178
0.013648470340651506
0.013645458224688545
0.013641176322186714
0.013632396138845459
0.013623787892166058
0.013620497550127786
0.013611171397219235
0.013603077443428906
0.013601814415793971
0.013598736040141581
0.013593760294521653
0.013592307819002093
0.01358892356069959
0.013585881768257741
0.013577808788589572
0.01357772142202694
0.01357104683916713
0.013566707316893287
0.013555996096327549
0.013555265805755811
0.013553498238094789
0.013522306894592538
0.013513888286856549
0.013513066486640492
0.013512775060849221
0.013512288249381601
0.013511322442929876
0.013511042109959492
0.013509311517442852
0.013501615279730825
0.013496380026838959
0.013495360631325375
0.013491130827973393
0.013478763380563511
0.013475220909252267
0.013472897045389046
0.013462215059200783
0.013461613515677933
0.01346027370504296
0.013459182956313352
0.01345897763780759
0.01345306857861382
0.013450198558121866
0.013443466905556386
0.013441943792993398
0.01342801229542019
0.013423841398462553
0.013419349959817833
0.013413463145662757
0.013413090316241844
0.013411705814710134
0.013405433893071849
0.013403971269262826
0.013403727279455003
0.013403114239008423
0.013385142457679144
0.013380822711261498
0.013379188857110647
0.013377288727511902
0.013368271664929479
0.013358142043925597
0.013357010150323746
0.013354524953817471
0.013350541938768083
0.013348695423440677
0.013345717271593768
0.013339643262972838
0.013330030816073401
0.01331579690913188
0.013314458412091012
0.013311362044007079
0.013304627996246732
0.013303719279416244
0.013303115327623198
0.013297834814528921
0.013284395761258496
0.01328073623235715
0.013278124090244921
0.013275908674461304
0.013260405943204148
0.013260088808402935
0.013257617844335903
0.013253582906753471
0.013248104903900916
0.013244762169050614
0.013244760704716942
0.013244600656829251
0.013237361416806571
0.013225304047774873
0.013224941023207083
0.013223332546815406
0.013212806008100061
0.013207141764233167
0.013202982152893231
0.01319666090481895
0.013183345304322256
0.013178043897007122
0.013170713840541592
0.013156610699244847
0.013147114406188994
0.013146439785113461
0.01314018892025463
0.013138297703013922
0.013120211290771079
0.013115882604764244
0.013115065815644852
0.013109312260405863
0.01309985738282163
0.013097374719339553
0.013097004232799003
0.013096490183523808
0.013095934783746507
0.013095897071625871
0.01309347050131901
0.01309231169454891
0.013087250734201927
0.013083100963030753
0.013082967441231129
0.01308054757402281
0.013076259102687324
0.013072601598843147
0.013068554949654419
0.013066612603078861
0.013066229828505197
0.013065155680243962
0.013063926640344873
0.013060815722336012
0.013039400440818041
0.013035312176594498
0.013022679456807835
0.013018602581455815
0.013014053587329828
0.013012729628604091
0.013007255371545273
0.013005729888254072
0.013000153400840072
0.012993785304188987
0.012992356028602534
0.012974023864251566
0.012966489583827949
0.01296088224974166
0.012955306725612594
0.012953203032668883
0.012949065460120472
0.012939484364259773
0.0129198042071675
0.012912961056903625
0.01291124692623196
0.012902722559579447
0.012901442415962009
0.012892823041758704
0.012885473281742665
0.012884211785492055
0.012882951065130386
0.012882272034229309
0.012881936555231725
0.01287139024870527
0.012871068486610199
0.012869778392539041
0.012864693557956485
0.012864233352119656
0.012862968693999489
0.012856604985014003
0.012853916208546919
0.012847358767388944
0.012846126084903606
0.012844052486841022
0.012842101433706879
0.012837046437881292
0.012837008461489142
0.012832953252554694
0.012827485647347495
0.012826014989149545
0.01281961343341992
0.012814445197719036
0.012813168109950136
0.012812135595636929
0.012810658531669666
0.012800437467370087
0.0128000909601006
0.012795470355506372
0.012783394274959021
0.012781640301222629
0.012777890372800268
0.012770450720366353
0.012769550957429871
0.012769214562049797
0.012768856828125895
0.01276649190304331
0.012755649635449931
0.012736273717367933
0.012729844670438563
0.01272927471851879
0.012725787287681324
0.012722306001721155
0.01272098915719716
0.01272046814903072
0.012715873190369461
0.012714961364969484
0.012714913277344947
0.012713265298289644
0.012702423380143012
0.012702375659908935
0.012690511673440449
0.012686908567481368
0.012679048754493855
0.012668869647381514
0.012663957612599228
0.012661564811278109
0.01266096463368257
0.012660031826331465
0.012651383036949159
0.01264967010383366
0.012641096223900625
0.012633461977774303
0.012632734890423599
0.012623516007072681
0.01261743450668619
0.012614692960581882
0.012609856769682857
0.012609063775383894
0.012601448565867797
0.012601116369271156
0.012601100034699827
0.012600621920746517
0.012599271362607755
0.012598089704038582
0.01259294440993099
0.012587416547519357
0.012581495891249831
0.012581348433751095
0.012572101550900102
0.012570428789291625
0.01256240235608163
0.012561054421230308
0.012559495634938045
0.012558544474134058
0.012558515327162114
0.01255332889941395
0.012542894245488729
0.012541289219065131
0.012538692112416443
0.012537489566572722
0.01253230129757198
0.012529285629758483
0.012528794212357237
0.012527145917393246
0.012523717774540437
0.012523360176052925
0.012518065039745674
0.012517547184617792
0.01251466260467401
0.012508434032237007
0.01250507193217599
0.012502960222588731
0.012501327845544436
0.012500837144942423
0.012500165835659957
0.012498626828978732
0.012496540676116261
0.01249443456450298
0.012493420736137486
0.012484286312595605
0.012484149634507526
0.01248367748573909
0.012473718529083687
0.012471853172129515
0.012469589316461254
0.012469318227380526
0.01246410178954333
0.012458158013845989
0.012456427928361715
0.012451519528471724
0.012437782433764338
0.01243400331835659
0.012433736480687579
0.012432855357071056
0.012427236756990577
0.012423650818726793
0.012423111746838019
0.012422598624159275
0.01241983856270654
0.012419085939553601
0.012411963962151438
0.012405916399827648
0.012403277959945384
0.012396993764213968
0.012379053968433402
0.012375789548651714
0.012375718362979517
0.012365839374378547
0.012361234547226754
0.012356870891972016
0.01234666142068023
0.012343344258132745
0.012342050211803421
0.012334770610940109
0.012334146485201383
0.012331151342698493
0.012330940908695654
0.01232848625066911
0.012326950643795732
0.012325442774918288
0.012319477771270957
0.012295807105153265
0.012293315205486708
0.012293142550299728
0.012287815799410079
0.012285119059208925
0.012284994586811492
0.012271166738254527
0.012270436615627593
0.012270114794097424
0.012268120668033273
0.012265739629361054
0.012264792176823944
0.012258856192041812
0.012253714981264001
0.012248098840509316
0.012245162721580969
0.012238201351928969
0.012234810768200821
0.012233532806389143
0.012230061875817532
0.012229049388738866
0.012224892357748341
0.012224100911672354
0.012222803199211015
0.012220544962235741
0.012218518702479097
0.012215956264874824
0.012214205055403724
0.012213021434697017
0.012212780439669843
0.012209013125962818
0.01220751629691399
0.012205743098450657
0.012204707301324072
0.012203768826114085
0.012194806190442262
0.012194511690307759
0.012194174460053737
0.012192804958811037
0.012187385332504599
0.012184783816105044
0.012183626899503112
0.01217903376585389
0.012167612662560681
0.012167402027950748
0.012166272270826364
0.012161513760308718
0.012155409595024801
0.012150327308334308
0.012149360832777387
0.012143532683582769
0.012141572865705807
0.012138759655615429
0.012137176035931932
0.012135639803865589
0.012131758993721022
0.012127369656047837
0.01212292179956454
0.012121440741559002
0.012115523315907917
0.012103354548999414
0.012098794539995577
0.012093542934444266
0.012093307021425227
0.012080601992953889
0.012077398180486707
0.012076185144867664
0.012075780030514275
0.012073251547589382
0.012070381778170087
0.012064562617233045
0.01206367423320496
0.012057371543442557
0.012056740677799107
0.012048990424879363
0.012047354077754891
0.012046960776078626
0.012043400956934807
0.012041599477623002
0.012040819996676827
0.012039265535777723
0.012034422111111859
0.012029762506746679
0.012029532651409242
0.0120292921502033
0.01201901036656087
0.012012974398874235
0.012007981421764886
0.011994315970627861
0.011993232270468791
0.011990829839709735
0.011988873698416521
0.01198699203222933
0.011986122982471353
0.01198212158112897
0.01197191082106884
0.011969683126132951
0.011968635300555941
0.011968404863793627
0.011955959664675553
0.011954144936687845
0.011948450656568516
0.011941122761746373
0.011938046701077631
0.011937660892030707
0.011937318759354028
0.011924139297972388
0.011922750995199249
0.011921300791811727
0.011920852309213619
0.011918780903867558
0.011918303169768817
0.011915853295194276
0.01189883062832196
0.011885005215057436
0.011880695362682145
0.011872836245268976
0.011861973571564668
0.011861863392090562
0.011859233805099612
0.011856204708340696
0.011855235523355458
0.011855219186302291
0.01183828102568959
0.011832104391674113
0.01182797004785177
0.011825576609980026
0.011823838570690583
0.011822718070732026
0.011819547343276714
0.011818412447160614
0.01181321787313595
0.011804793304300384
0.011801900990540262
0.011800290945812713
0.011800247231686141
0.011790628876716527
0.011781246885886908
0.011774992201654833
0.011774699911295249
0.0117733432389587
0.011771452852364878
0.011762257977975615
0.011760955060927281
0.011759063409591933
0.011755061706622102
0.011750442156525331
0.011749722403362537
0.011736626810054456
0.011736320795343525
0.011733278007954573
0.011733064884714824
0.011728686363259503
0.011726952206665187
0.011724496106840759
0.01172166100691476
0.01172023473874643
0.011718606262953716
0.011718164670579276
0.0117105291772629
0.011704785823804046
0.011685209181900878
0.011683226628485317
0.01168035965785626
0.011679453508170836
0.011676600626435435
0.01167116367473448
0.011670992186351939
0.011663066261296878
0.01166160092318933
0.011661064730796264
0.011653666545687277
0.011651709241942925
0.01164680871892787
0.011646182712344511
0.011638588298181162
0.011627126721789694
0.011622898944896756
0.011622783548985773
0.011621360318742691
0.011619408957997504
0.011618815750134612
0.011606689004264602
0.011601132183019718
0.011581229653969577
0.011579304602058416
0.011577406077402026
0.011571602115775294
0.011563850222456588
0.011562993356281505
0.011560867437092608
0.011560164137587188
0.011551413562511848
0.011549940889150075
0.011549200992091188
0.011548840483124777
0.011547683271416949
0.011544730859463004
0.011511336777816357
0.011501508314141307
0.011486699648067285
0.011485215993457443
0.011484183294712801
0.011481076530694781
0.011479261696017335
0.011478288176842781
0.011477087398376648
0.011476700039755388
0.011473271773898843
0.011472003662270649
0.011462255563955444
0.011461662167403238
0.011461430245805785
0.011450170909814485
0.011447569420273515
0.011445926422095477
0.011444643413332706
0.011440477154277503
0.011433726639095422
0.011433144416890901
0.011427325169454317
0.011424070753950077
0.011421736171088203
0.011420667357963019
0.01141249384786279
0.011411968204844247
0.011411562811796991
0.011410550896184042
0.011407030634769015
0.011406626346683485
0.011399577026304871
0.011399361320941761
0.011394879420217096
0.011393048857114533
0.011391766805442939
0.011388873825606166
0.011387278248865436
0.011381606075050496
0.011375351567004302
0.011374992036392277
0.011372729161527036
0.011367402424621883
0.011362724773641251
0.011338425238512679
0.011335840385852501
0.011335204286421232
0.011330480853552618
0.01132967408744125
0.011328516204595789
0.011327307588572352
0.011325842913438827
0.011322926115216658
0.0113189442181888
0.011315955764199429
0.011314561822125316
0.011314443348695895
0.011309966000993049
0.011307668696416045
0.011301501326940968
0.011299271147098144
0.011297779997133517
0.011288269600878727
0.011287754352523712
0.011285672763173327
0.011284932539748511
0.011284590125479362
0.011282412135397739
0.011277067836713926
0.011275591247756001
0.011275282686237032
0.011267735005556945
0.011267429195648399
0.011266264117011563
0.011257318019150944
0.011255012452397604
0.011252416455960137
0.01125227501526093
0.01124636995394329
0.011245798787533226
0.01124266013178862
0.011239548106956439
0.011227676557490502
0.011223627634353446
0.011220808066061135
0.011218199156909652
0.011213924094912769
0.011209344741157663
0.011207197970981318
0.011200420616739626
0.011200160330624098
0.011198552692966567
0.011194741249022732
0.011192154426739211
0.011189033244455219
0.011187134979172054
0.011185351346867314
0.011177650224155445
0.011176991801221833
0.011175725522606249
0.011168343428435576
0.011165382509254185
0.011163935583695588
0.011160261269563333
0.011157130241391556
0.011152586587187976
0.011151987688038177
0.01114969121590903
0.011149325302643205
0.011145468662136147
0.01114503212332075
0.011141528159570748
0.011140340092791936
0.011137782006725151
0.011137681893808104
0.011134282169370175
0.01113418283353176
0.011132684501084823
0.011132514372889731
0.011129419883776082
0.01112773794912621
0.011126809361021525
0.011126083921654022
0.011121996640965892
0.011117017894106393
0.011113153590091504
0.011107480165039351
0.011102695610883917
0.011100262557867387
0.011100152122853637
0.011098427963331773
0.011090668096248021
0.011085938823893284
0.01108530166498755
0.011083820614065926
0.011083765327990675
0.01108099328882887
0.011079684287345048
0.011076702325902955
0.011066810751590814
0.011066471623642538
0.01106127769209693
0.011058832469663587
0.011055682234408034
0.011055385339327269
0.01105416257683821
0.011052920946813561
0.011049928519163118
0.011049530580581756
0.011042391821001247
0.011041631457821126
0.011037094239289136
0.011034592050422416
0.011034391343103524
0.011030268579432644
0.011022505492426992
0.011019768502695294
0.011017005852394207
0.011010063045067605
0.01099760303419158
0.010996343136300527
0.010995165213362891
0.01099388970870172
0.010989702979782695
0.010987676344431159
0.010986295285602693
0.010982733416319718
0.010978704941719696
0.010976858629850197
0.010973908354170198
0.01097148944062885
0.010968384751958994
0.010967661351461376
0.010961662639603022
0.010961662062583607
0.010949474608154626
0.010948837771380667
0.010946608624901025
0.010942004843686107
0.010925551877841855
0.010917369159493102
0.010915316919122819
0.010901260481864457
0.010900744629279827
0.010898137572944973
0.010893953257494225
0.010892912118464134
0.0108919471065197
0.010891762823347978
0.010890283493822081
0.010888702538589545
0.010883611528776344
0.010882732169915773
0.010880714262782015
0.010878522444788496
0.010875236377088569
0.010875103730493683
0.010870077104374723
0.010867200338179483
0.010866307692334655
0.010861790301913145
0.010860327760565098
0.010859501298138305
0.010859288134253646
0.010852619551015949
0.010849706260941739
0.010846073402010294
0.010841881008665673
0.010834201534951494
0.010832154257270299
0.010820988984896921
0.010817197016998983
0.01081024837411289
0.010800674238958165
0.01079557996025029
0.01078459936222906
0.010783618086393306
0.010780576836778808
0.0107792555683197
0.010775429076768612
0.010761599996584614
0.010759569076109836
0.010755509186812284
0.010754706614633295
0.010750740307724342
0.010746433820879225
0.010744427668210774
0.010740678449701882
0.010736896727783276
0.010736260260595381
0.010732621367782403
0.010732494354542283
0.010730230045817609
0.010725889980579219
0.010717555634702688
0.010712566408113262
0.010709447026356454
0.010708437543586325
0.010707467414629241
0.010706833102691672
0.010706712679989355
0.010705147845739203
0.010698957990296706
0.010695279562985046
0.010695066766674867
0.010690253117645102
0.010689996605148392
0.010684362879787926
0.010680096234596138
0.010678574582093085
0.010677817173141086
0.010674049654453293
0.010664063472219211
0.010661506265323837
0.010661115964711044
0.010660511050006125
0.010659687205634696
0.010655117389899689
0.010651612458096421
0.010651294474204097
0.010649769853705193
0.010649683043579715
0.01064855998238835
0.01064039482170588
0.010632018693735385
0.010629216659193084
0.010627957446625902
0.010626495597188248
0.010622304405517053
0.010619469221902511
0.010617029717066106
0.010616097613509982
0.010615897418851578
0.01061430701454899
0.010608058887808913
0.010607453263954068
0.010603506217295293
0.010600592075826051
0.010594553257440662
0.010592342981506032
0.0105911961308365
0.010586319949261975
0.010585933083856126
0.01058314977847777
0.010578778043792817
0.010576562798827753
0.010568951621193021
0.010564735105375768
0.010563683986708134
0.010562889113474739
0.010562061305404416
0.010558047089564145
0.010556026567414998
0.010554521520821522
0.010553341479960645
0.010553178712597125
0.010551235185590577
0.01055015274638616
0.010547351267015436
0.010543116815296129
0.010542547587807609
0.010536777374781517
0.010533684205119961
0.010521968459686639
0.010520002928339049
0.010513208272929134
0.010510261968589646
0.010498797748559597
0.010497661100260744
0.010496965211479201
0.010496591935927148
0.010494743303098611
0.01049009568553411
0.010487323296023138
0.010480792421719216
0.010480617078840869
0.010479276116466034
0.010475403021467393
0.010473699784479571
0.010473661688037813
0.010462672379741305
0.010461923340958877
0.010459739771217032
0.010458814261609137
0.010451636703965187
0.010450419178232959
0.010450170080585
0.010449158490716863
0.010447817964576689
0.010445612702293421
0.010440041785182843
0.01043366832688178
0.010430667713502604
0.0104214430020664
0.010420679456334743
0.010420508167767035
0.010413848138457504
0.010413304402693915
0.010412053446006377
0.010411147139327091
0.010408064309613631
0.010404431009071907
0.010404044212891487
0.010400375297021451
0.010399964640894004
0.010394561010241443
0.010390090646559028
0.010387586413398613
0.010381523501957252
0.010381008631755357
0.010379738351206699
0.010374545319559086
0.01037452721536603
0.010374372096181165
0.010370233360813441
0.010368237485955343
0.010367610810018796
0.010363952148187855
0.010361764049798654
0.010359522393599184
0.010353514051834141
0.010353295003067706
0.010351736798355139
0.010342045323557933
0.010338567016869003
0.010335784113686922
0.010327551611766806
0.010327280219412423
0.010327054985999395
0.010317459976285677
0.010315631347146177
0.010309314982469413
0.01030589766928122
0.010305453681930097
0.010305200141212429
0.010304044236649363
0.010303819354983455
0.01030343689100526
0.010301902229507161
0.010298871583026566
0.010293574511816931
0.010289474606955494
0.0102842485374824
0.010272379742292828
0.010269689981629537
0.010267254206474221
0.010265856862111122
0.010265754250547383
0.010265630968311668
0.010265118055697712
0.010262651801959163
0.010253039642354472
0.010252353371739374
0.010251782993007882
0.010249811614214153
0.010249465007974563
0.010246740611213787
0.010244199852487876
0.010242978956394585
0.01024184991719349
0.010241211858283684
0.010236442109876499
0.010232874850847796
0.010230249967719863
0.01022450713503339
0.010223569653495308
0.010221498658056679
0.010216368068257375
0.010215242383349752
0.010212110729986287
0.010209080702258105
0.010205744212336025
0.010197111730633698
0.010190442644156163
0.010184477667292547
0.010184375043729552
0.010181476834151505
0.010178713990845708
0.010175271620832567
0.010172283497741703
0.010169593257383253
0.010169572803238856
0.010168009100440547
0.010166353679961295
0.010164723844662439
0.010162226123013944
0.010158313430296466
0.01015420905585661
0.010151333115672297
0.010151195497422123
0.010148928160188381
0.010147528474989245
0.010144127672719303
0.010137403137346528
0.010133721013664589
0.010132629296511089
0.010130348484327442
0.010129534765750096
0.01012492617893406
0.010117717848580276
0.010116597583201896
0.010116199869269258
0.010111521343356111
0.010111334174716565
0.010111168058199321
0.010100943927808846
0.010100348721126685
0.010099997183748698
0.010098976539145743
0.010095585784866658
0.010089849396477824
0.010086283427895474
0.010082904240772402
0.010077753147358946
0.01007244537959881
0.01007134792911606
0.010071264733533236
0.010068480622370788
0.010066876785075056
0.010063627797093837
0.0100628442762983
0.010062237830036793
0.010055234787155566
0.010053521081214181
0.010052777324770395
0.010050886550861211
0.010050171493538441
0.010043124924927852
0.010040704551879293
0.010038794331045528
0.010034550454366017
0.010031689129426313
0.010029129907350262
0.010028406191916736
0.010026231237939621
0.010023198609057891
0.010021273665070345
0.010020081751905351
0.010018413391180019
0.010015825286411661
0.010014477641772566
0.010010402703391499
0.010000722743156909
0.0099926998570174941
0.009992025056238453
0.0099894926114003826
0.0099892712859679881
0.0099877282480653768
0.0099814822879403069
0.0099812950166698645
0.0099775523104693835
0.0099759636390809314
0.0099733806621817613
0.0099682103762768672
0.009964573592005246
0.0099585034797475807
0.0099545781115571944
0.0099514459381465255
0.0099497242263826072
0.0099444640561128644
0.009943489189033046
0.0099414007160699078
0.009939976851814393
0.0099394619682763152
0.0099393180351034435
0.0099364347354122164
0.0099351769547962494
0.0099348388509713798
0.0099337085616397879
0.0099314950635141907
0.0099273473114394571
0.0099115289299056171
0.0099070331748893608
0.0099036723359042997
0.0099010328033761474
0.0098950421910243506
0.0098936228740091788
0.0098881558655437747
0.0098781788658337515
0.0098745893629020327
0.0098743973771328458
0.0098673239128330495
0.0098645514182458
0.0098637152542808207
0.0098621196906149063
0.0098596688913218135
0.0098558033334502845
0.0098556999686238312
0.0098548189756386111
0.0098502181802836222
0.0098429688008895167
0.0098337421565504943
0.0098336741683168628
0.0098327681458055174
0.0098306929786405282
0.0098275613174496224
0.0098254697527379586
0.0098145263358664827
0.0098143347021053574
0.0098119702890251716
0.0098113598273823332
0.0098103536708900336
0.0098058795760622222
0.0097945193941944494
0.0097911718002807718
0.0097883298176630103
0.0097867956674474454
0.0097853755801986676
0.0097833807220636306
0.0097822311557884244
0.0097821309113166749
0.0097801480315183112
0.0097800913847695577
0.0097774187186526595
0.0097746856167064324
0.0097703642206772856
0.0097701562749195042
0.0097651883152040774
0.009762072006758658
0.0097587001711903747
0.0097532307735241994
0.0097502971173471144
0.0097490027250791179
0.0097482786473419361
0.0097416919482812142
0.0097411292730750897
0.0097410089980112698
0.0097405573159493174
0.0097344409471295818
0.0097338375408041172
0.0097322000307801752
0.009728241085113434
0.0097265955061798508
0.0097256929554174597
0.0097198871573029519
0.0097142753134854369
0.0097120623953103995
0.0097094945104377692
0.0097063419762701657
0.0097010735261483638
0.0097003157218677437
0.009700207434292181
0.009697468247703624
0.009692993697327637
0.0096915810153276206
0.0096910250656297974
0.0096896681836049874
0.0096879963896107507
0.009682437414177637
0.0096770369579682203
0.0096748404633564215
0.0096724229153448797
0.0096711945813279711
0.0096706947043123312
0.0096660384951468021
0.0096648760222249434
0.009662414270011967
0.0096586470693845097
0.0096564292669716889
0.009654807937691896
0.0096528038893526
0.0096500357442937338
0.0096495314589721149
0.0096417800670834525
0.009636977778126176
0.0096334939534195307
0.0096315707649468531
0.0096264651940158579
0.0096131431215783214
0.0096120676050881464
0.0096118728794838265
0.0096097798355931525
0.0096094889686622973
0.0096089452829736851
0.0096025808638785029
0.0095980278064104578
0.0095951042850166233
0.0095928232081700145
0.0095927147889077243
0.009592158898705282
0.0095841273485787019
0.0095779890681804702
0.0095688500519340754
0.009568678301694257
0.0095654120614092931
0.0095635875941351596
0.0095600929033010252
0.0095596445291591253
0.0095594138145048916
0.0095566977985843456
0.0095537761161805564
0.0095536390657620235
0.0095473703157831248
0.0095468769744110338
0.0095464780956115505
0.0095421596196102621
0.0095335812587040696
0.0095315814343181014
0.0095315414118281698
0.0095294458480338039
0.009526058004243252
0.0095215674116025089
0.0095192692661863979
0.009513771872802914
0.0095133315438283763
0.0095130884887331159
0.0095129314493223333
0.0095108540325639056
0.0095093040159921448
0.0095022406624767804
0.0095013721007159001
0.009496308729619922
0.00949550344498447
0.0094918046547202099
0.0094836173027127955
0.0094792873411673178
0.0094792544592842976
0.0094775554571081468
0.0094748646782048442
0.00947150908083059
0.0094691404011198865
0.0094655095045314015
0.0094632009603338365
0.0094567247239358363
0.0094524374785658304
0.0094510405815053516
0.0094471566310687996
0.0094421855631955272
0.0094391965057553668
0.009434687360798678
0.0094321939364508701
0.0094321145947186148
0.0094276265527098758
0.0094275226423636716
0.0094251705373115391
0.0094240054543760447
0.0094216229198276179
0.0094208935915527422
0.0094182278880981032
0.0094171368760781193
0.0094123005801013924
0.0094069509761420603
0.0094042136002049168
0.0094031802112158405
0.0094016302746198436
0.0093988961033866208
0.0093965928030177361
0.0093878965708684842
0.0093845813338419258
0.0093823441611846376
0.0093819937589028346
0.0093789521963021875
0.0093728952189589248
0.0093717145111715337
0.0093707717670204575
0.0093693704117782765
0.0093671464406187635
0.0093651183850711577
0.0093633347689927263
0.0093620112804479044
0.0093608478206845345
0.009358470401738421
0.0093558633487047533
0.0093546168140020425
0.0093484567113709793
0.0093448301018682501
0.0093445231209351304
0.0093440296225786521
0.0093434755492671235
0.0093434396147378824
0.0093426761051950934
0.0093382961088160129
0.0093347388395011149
0.0093309940610905879
0.0093208016011634264
0.0093180596610965942
0.0093116969031099405
0.0093031233316581523
0.0092961192245301742
0.009294694381290854
0.0092910886829834193
0.0092895775163288185
0.0092849121778663061
0.0092831824835140127
0.009282997090128255
0.0092784590949262884
0.0092782582119033518
0.0092777133694619419
0.0092774546066687162
0.009276335077383794
0.00927554161830022
0.0092751684593694993
0.0092738014798784858
0.0092732187115626731
0.0092644822329862909
0.009264417991615646
0.0092619958811474591
0.0092601246972789097
0.0092582160487250584
0.0092359966345581471
0.0092356046231152449
0.0092355109313776926
0.0092321758330832174
0.0092290432014024513
0.0092279406459689819
0.0092279169336615119
0.0092260713129241577
0.0092226314899664982
0.0092199081188516791
0.0092190803604682084
0.009218406550449738
0.0092104116344467069
0.0092095974305395657
0.0092095338679839996
0.009208297069722482
0.0092059787286287581
0.0092047599336962382
0.0092004775395240403
0.0091973589044171793
0.0091970440071057272
0.0091963861585644315
0.0091960339862345395
0.0091933430662156472
0.0091899132360171824
0.0091806484789843414
0.0091800927278169117
0.0091735832559228705
0.009173063424306932
0.0091715068531350724
0.0091674725950601395
0.0091637927812364683
0.0091621380678636438
0.0091583320409581292
0.0091490661132216499
0.0091469928955500036
0.0091458511037578929
0.0091389752051423828
0.0091355981215821055
0.0091343733939840514
0.0091321891205352352
0.0091274242998659015
0.0091268890671676352
0.0091210205547696092
0.0091175991004921273
0.0091156431304407412
0.0091151834636113583
0.0091134086335359788
0.0091123009641600767
0.0091094765095799789
0.0091087419017415929
0.0091065306601771957
0.0091053088491681866
0.0091036072865442394
0.0091005792946641413
0.0090995630421347225
0.0090983247315294981
0.009094781962544712
0.0090929148700043209
0.0090892470531804773
0.0090890548436385801
0.0090886288794032755
0.0090879117095412996
0.0090855109801726581
0.0090821309976386929
0.0090811513898899146
0.0090798715077543193
0.0090771638336563862
0.0090766504031949517
0.0090735158331081769
0.0090666179982580447
0.0090658408436627251
0.0090617091106167755
0.0090588666572301024
0.0090576771998683563
0.0090563720122765062
0.0090535365854588698
0.0090514383135765885
0.0090494513131583933
0.0090480605491397807
0.009045404786476233
0.0090424429383817746
0.0090418408875652528
0.0090373989584323546
0.0090367198930975511
0.0090358739315318411
0.0090324634501698173
0.0090324177262955784
0.0090283155749205039
0.009027211697989989
0.0090265889338201448
0.0090172730645954012
0.009017024225144811
0.0090163477159275612
0.0090121546423793837
0.0090108609959201509
0.0090102098699996296
0.0090068327297321716
0.0090027339603251967
0.0090018968895107018
0.0090016817118461281
0.0089955648802858175
0.0089953369287225169
0.0089925967977186379
0.0089843480562685537
0.0089837824985841783
0.0089821696687596535
0.0089805347048477497
0.0089782136840990678
0.008973071832745769
0.0089719122020331422
0.0089705108134812001
0.0089650811785365291
0.0089641378457191462
0.00896327013450352
0.0089566698050139847
0.0089547298632493329
0.008954129753451872
0.0089490097694092073
0.0089402801561823484
0.0089382855447814064
0.008937379519629066
0.0089334905516978546
0.0089309226066622421
0.0089219697865472181
0.0089203277314369809
0.0089193511416641429
0.0089183228071509288
0.0089111402932474243
0.0089056807061809098
0.0088977788751428144
0.0088972927500391985
0.0088963808083040406
0.0088902547847386302
0.0088868804718255281
0.0088851855334469466
0.0088851693520484651
0.0088776115578535573
0.0088758385668183809
0.0088723239401511961
0.0088661904248932503
0.0088658532596066954
0.0088654064116167972
0.0088651620535316594
0.0088625125285721282
0.0088598007185294817
0.0088573980162828161
0.0088539382191545439
0.0088494966148911849
0.0088431878382199906
0.0088430253026488461
0.0088374820644861879
0.0088153932067759934
0.0088139598916878101
0.0088123457583444316
0.0088121121212927402
0.0088117473999913022
0.0088105739376155064
0.0088093835212053623
0.0088075347283737022
0.008805879912591439
0.0088045721294355197
0.0088016753701268373
0.0088010752108636098
0.0087982972269549289
0.0087824919010518025
0.0087728523540664613
0.0087720520287429878
0.0087720336087983176
0.0087717318839017587
0.0087711188077616142
0.0087709040524984374
0.0087674642809562244
0.0087674372806934419
0.0087666819070835109
0.0087663386759035053
0.0087657300932239245
0.0087643549623613176
0.0087635840148423284
0.0087610167306865459
0.0087600303971428484
0.0087528887275438727
0.0087483567620196701
0.008746495291562446
0.0087430853107912359
0.0087421778807087076
0.0087406956710723051
0.0087402284039602186
0.0087348177326120897
0.0087348047151150528
0.0087346500511196294
0.0087336828337857518
0.0087213460668182675
0.0087199866481423183
0.0087192345684916177
0.0087173241315126326
0.008714405999959686
0.0087130801112957242
0.008712122629206424
0.0087101118378347976
0.0087041044671790843
0.0087038901254350726
0.0087019814705604701
