Loading Data from C:\Users\simucstvsl\Documents\ADS_Course\TLines_wrk\simulation\TLines_lib\CPWG\layout\emSetup_FEM\proj.ep\Simulations\000001\emds_dsn\design\design.sat
Load ACIS file
  acis version = ACIS 31.0 NT
  product = Keysight Technologies
  errmsg = success
  entlist.count() = 157
  Unit is  = 1
removing transformation
BODY 0 with transformation: scaling=1, translation=(20, 0, -5)
BODY 1 with transformation: scaling=1, translation=(0, 0, 0.012500000000000001)
BODY 2 with transformation: scaling=1, translation=(0, 0, 0.81250000000000011)
BODY 3 with transformation: scaling=1, translation=(0, 0, 0.012500000000000001)
BODY 4 with transformation: scaling=1, translation=(0, 0, 0.012500000000000001)
BODY 5 with transformation: scaling=1, translation=(0, 0, 0.012500000000000001)
BODY 6 with transformation: scaling=1, translation=(0, 0, 0.012500000000000001)
BODY 7 with transformation: scaling=1, translation=(0, 0, 0.012500000000000001)
BODY 8 with transformation: scaling=1, translation=(0, 0, 0.012500000000000001)
BODY 9 with transformation: scaling=1, translation=(0, 0, 0.012500000000000001)
BODY 10 with transformation: scaling=1, translation=(0, 0, 0.012500000000000001)
BODY 11 with transformation: scaling=1, translation=(0, 0, 0.012500000000000001)
BODY 12 with transformation: scaling=1, translation=(0, 0, 0.012500000000000001)
BODY 13 with transformation: scaling=1, translation=(0, 0, 0.012500000000000001)
BODY 14 with transformation: scaling=1, translation=(0, 0, 0.012500000000000001)
BODY 15 with transformation: scaling=1, translation=(0, 0, 0.012500000000000001)
BODY 16 with transformation: scaling=1, translation=(0, 0, 0.012500000000000001)
BODY 17 with transformation: scaling=1, translation=(0, 0, 0.012500000000000001)
BODY 18 with transformation: scaling=1, translation=(0, 0, 0.012500000000000001)
BODY 19 with transformation: scaling=1, translation=(0, 0, 0.012500000000000001)
BODY 20 with transformation: scaling=1, translation=(0, 0, 0.012500000000000001)
BODY 21 with transformation: scaling=1, translation=(0, 0, 0.012500000000000001)
BODY 22 with transformation: scaling=1, translation=(0, 0, 0.012500000000000001)
BODY 23 with transformation: scaling=1, translation=(0, 0, 0.012500000000000001)
BODY 24 with transformation: scaling=1, translation=(0, 0, 0.012500000000000001)
BODY 25 with transformation: scaling=1, translation=(0, 0, 0.012500000000000001)
BODY 26 with transformation: scaling=1, translation=(0, 0, 0.012500000000000001)
BODY 27 with transformation: scaling=1, translation=(0, 0, 0.012500000000000001)
BODY 28 with transformation: scaling=1, translation=(0, 0, 0.012500000000000001)
BODY 29 with transformation: scaling=1, translation=(0, 0, 0.012500000000000001)
BODY 30 with transformation: scaling=1, translation=(0, 0, 0.012500000000000001)
BODY 31 with transformation: scaling=1, translation=(0, 0, 0.012500000000000001)
BODY 32 with transformation: scaling=1, translation=(0, 0, 0.012500000000000001)
BODY 33 with transformation: scaling=1, translation=(0, 0, 0.012500000000000001)
BODY 34 with transformation: scaling=1, translation=(0, 0, 0.012500000000000001)
BODY 35 with transformation: scaling=1, translation=(0, 0, 0.012500000000000001)
BODY 36 with transformation: scaling=1, translation=(0, 0, 0.012500000000000001)
BODY 37 with transformation: scaling=1, translation=(0, 0, 0.012500000000000001)
BODY 38 with transformation: scaling=1, translation=(0, 0, 0.012500000000000001)
BODY 39 with transformation: scaling=1, translation=(0, 0, 0.012500000000000001)
BODY 40 with transformation: scaling=1, translation=(0, 0, 0.012500000000000001)
BODY 41 with transformation: scaling=1, translation=(0, 0, 0.012500000000000001)
BODY 42 with transformation: scaling=1, translation=(0, 0, 0.012500000000000001)
BODY 43 with transformation: scaling=1, translation=(0, 0, 0.012500000000000001)
BODY 44 with transformation: scaling=1, translation=(0, 0, 0.012500000000000001)
BODY 45 with transformation: scaling=1, translation=(0, 0, 0.012500000000000001)
BODY 46 with transformation: scaling=1, translation=(0, 0, 0.012500000000000001)
BODY 47 with transformation: scaling=1, translation=(0, 0, 0.012500000000000001)
BODY 48 with transformation: scaling=1, translation=(0, 0, 0.012500000000000001)
BODY 49 with transformation: scaling=1, translation=(0, 0, 0.012500000000000001)
BODY 50 with transformation: scaling=1, translation=(0, 0, 0.012500000000000001)
BODY 51 with transformation: scaling=1, translation=(0, 0, 0.012500000000000001)
BODY 52 with transformation: scaling=1, translation=(0, 0, 0.012500000000000001)
BODY 53 with transformation: scaling=1, translation=(0, 0, 0.012500000000000001)
BODY 54 with transformation: scaling=1, translation=(0, 0, 0.012500000000000001)
BODY 55 with transformation: scaling=1, translation=(0, 0, 0.012500000000000001)
BODY 56 with transformation: scaling=1, translation=(0, 0, 0.012500000000000001)
BODY 57 with transformation: scaling=1, translation=(0, 0, 0.012500000000000001)
BODY 58 with transformation: scaling=1, translation=(0, 0, 0.012500000000000001)
BODY 59 with transformation: scaling=1, translation=(0, 0, 0.012500000000000001)
BODY 60 with transformation: scaling=1, translation=(0, 0, 0.012500000000000001)
BODY 61 with transformation: scaling=1, translation=(0, 0, 0.012500000000000001)
BODY 62 with transformation: scaling=1, translation=(0, 0, 0.012500000000000001)
BODY 63 with transformation: scaling=1, translation=(0, 0, 0.012500000000000001)
BODY 64 with transformation: scaling=1, translation=(0, 0, 0.012500000000000001)
BODY 65 with transformation: scaling=1, translation=(0, 0, 0.012500000000000001)
BODY 66 with transformation: scaling=1, translation=(0, 0, 0.012500000000000001)
BODY 67 with transformation: scaling=1, translation=(0, 0, 0.012500000000000001)
BODY 68 with transformation: scaling=1, translation=(0, 0, 0.012500000000000001)
BODY 69 with transformation: scaling=1, translation=(0, 0, 0.012500000000000001)
BODY 70 with transformation: scaling=1, translation=(0, 0, 0.012500000000000001)
BODY 71 with transformation: scaling=1, translation=(0, 0, 0.012500000000000001)
BODY 72 with transformation: scaling=1, translation=(0, 0, 0.012500000000000001)
BODY 73 with transformation: scaling=1, translation=(0, 0, 0.012500000000000001)
BODY 74 with transformation: scaling=1, translation=(0, 0, 0.012500000000000001)
BODY 75 with transformation: scaling=1, translation=(0, 0, 0.012500000000000001)
BODY 76 with transformation: scaling=1, translation=(0, 0, 0.012500000000000001)
BODY 77 with transformation: scaling=1, translation=(0, 0, 0.012500000000000001)
BODY 78 with transformation: scaling=1, translation=(0, 0, 0.012500000000000001)
BODY 79 with transformation: scaling=1, translation=(0, 0, 0.012500000000000001)
BODY 80 with transformation: scaling=1, translation=(0, 0, 0.012500000000000001)
BODY 81 with transformation: scaling=1, translation=(0, 0, 0.012500000000000001)
BODY 82 with transformation: scaling=1, translation=(0, 0, 0.012500000000000001)
BODY 83 with transformation: scaling=1, translation=(0, 0, 0.012500000000000001)
BODY 84 with transformation: scaling=1, translation=(0, 0, 0.012500000000000001)
BODY 85 with transformation: scaling=1, translation=(0, 0, 0.012500000000000001)
BODY 86 with transformation: scaling=1, translation=(0, 0, 0.012500000000000001)
BODY 87 with transformation: scaling=1, translation=(0, 0, 0.012500000000000001)
BODY 88 with transformation: scaling=1, translation=(0, 0, 0.012500000000000001)
BODY 89 with transformation: scaling=1, translation=(0, 0, 0.012500000000000001)
BODY 90 with transformation: scaling=1, translation=(0, 0, 0.012500000000000001)
BODY 91 with transformation: scaling=1, translation=(0, 0, 0.012500000000000001)
BODY 92 with transformation: scaling=1, translation=(0, 0, 0.012500000000000001)
BODY 93 with transformation: scaling=1, translation=(0, 0, 0.012500000000000001)
BODY 94 with transformation: scaling=1, translation=(0, 0, 0.012500000000000001)
BODY 95 with transformation: scaling=1, translation=(0, 0, 0.012500000000000001)
BODY 96 with transformation: scaling=1, translation=(0, 0, 0.012500000000000001)
BODY 97 with transformation: scaling=1, translation=(0, 0, 0.012500000000000001)
BODY 98 with transformation: scaling=1, translation=(0, 0, 0.012500000000000001)
BODY 99 with transformation: scaling=1, translation=(0, 0, 0.012500000000000001)
BODY 100 with transformation: scaling=1, translation=(0, 0, 0.012500000000000001)
BODY 101 with transformation: scaling=1, translation=(0, 0, 0.012500000000000001)
BODY 102 with transformation: scaling=1, translation=(0, 0, 0.012500000000000001)
BODY 103 with transformation: scaling=1, translation=(0, 0, 0.012500000000000001)
BODY 104 with transformation: scaling=1, translation=(0, 0, 0.012500000000000001)
BODY 105 with transformation: scaling=1, translation=(0, 0, 0.012500000000000001)
BODY 106 with transformation: scaling=1, translation=(0, 0, 0.012500000000000001)
BODY 107 with transformation: scaling=1, translation=(0, 0, 0.012500000000000001)
BODY 108 with transformation: scaling=1, translation=(0, 0, 0.012500000000000001)
BODY 109 with transformation: scaling=1, translation=(0, 0, 0.012500000000000001)
BODY 110 with transformation: scaling=1, translation=(0, 0, 0.012500000000000001)
BODY 111 with transformation: scaling=1, translation=(0, 0, 0.012500000000000001)
BODY 112 with transformation: scaling=1, translation=(0, 0, 0.012500000000000001)
BODY 113 with transformation: scaling=1, translation=(0, 0, 0.012500000000000001)
BODY 114 with transformation: scaling=1, translation=(0, 0, 0.012500000000000001)
BODY 115 with transformation: scaling=1, translation=(0, 0, 0.012500000000000001)
BODY 116 with transformation: scaling=1, translation=(0, 0, 0.012500000000000001)
BODY 117 with transformation: scaling=1, translation=(0, 0, 0.012500000000000001)
BODY 118 with transformation: scaling=1, translation=(0, 0, 0.012500000000000001)
BODY 119 with transformation: scaling=1, translation=(0, 0, 0.012500000000000001)
BODY 120 with transformation: scaling=1, translation=(0, 0, 0.012500000000000001)
BODY 121 with transformation: scaling=1, translation=(0, 0, 0.012500000000000001)
BODY 122 with transformation: scaling=1, translation=(0, 0, 0.012500000000000001)
BODY 123 with transformation: scaling=1, translation=(0, 0, 0.012500000000000001)
BODY 124 with transformation: scaling=1, translation=(0, 0, 0.012500000000000001)
BODY 125 with transformation: scaling=1, translation=(0, 0, 0.012500000000000001)
BODY 126 with transformation: scaling=1, translation=(0, 0, 0.012500000000000001)
BODY 127 with transformation: scaling=1, translation=(0, 0, 0.012500000000000001)
BODY 128 with transformation: scaling=1, translation=(0, 0, 0.012500000000000001)
BODY 129 with transformation: scaling=1, translation=(0, 0, 0.012500000000000001)
BODY 130 with transformation: scaling=1, translation=(0, 0, 0.012500000000000001)
BODY 131 with transformation: scaling=1, translation=(0, 0, 0.012500000000000001)
BODY 132 with transformation: scaling=1, translation=(0, 0, 0.012500000000000001)
BODY 133 with transformation: scaling=1, translation=(0, 0, 0.012500000000000001)
BODY 134 with transformation: scaling=1, translation=(0, 0, 0.012500000000000001)
BODY 135 with transformation: scaling=1, translation=(0, 0, 0.012500000000000001)
BODY 136 with transformation: scaling=1, translation=(0, 0, 0.012500000000000001)
BODY 137 with transformation: scaling=1, translation=(0, 0, 0.012500000000000001)
BODY 138 with transformation: scaling=1, translation=(0, 0, 0.012500000000000001)
BODY 139 with transformation: scaling=1, translation=(0, 0, 0.012500000000000001)
BODY 140 with transformation: scaling=1, translation=(0, 0, 0.012500000000000001)
BODY 141 with transformation: scaling=1, translation=(0, 0, 0.012500000000000001)
BODY 142 with transformation: scaling=1, translation=(0, 0, 0.012500000000000001)
BODY 143 with transformation: scaling=1, translation=(0, 0, 0.012500000000000001)
BODY 144 with transformation: scaling=1, translation=(0, 0, 0.012500000000000001)
BODY 145 with transformation: scaling=1, translation=(0, 0, 0.012500000000000001)
BODY 146 with transformation: scaling=1, translation=(0, 0, 0.012500000000000001)
BODY 147 with transformation: scaling=1, translation=(0, 0, 0.012500000000000001)
BODY 148 with transformation: scaling=1, translation=(0, 0, 0.012500000000000001)
BODY 149 with transformation: scaling=1, translation=(0, 0, 0.012500000000000001)
BODY 150 with transformation: scaling=1, translation=(0, 0, 0.012500000000000001)
BODY 151 with transformation: scaling=1, translation=(0, 0, 0.012500000000000001)
BODY 152 with transformation: scaling=1, translation=(0, 0, 0.012500000000000001)
BODY 153 with transformation: scaling=1, translation=(0, 0, 0.012500000000000001)
BODY 154 with transformation: scaling=1, translation=(0, 0, 0.012500000000000001)
BODY 155 with transformation: scaling=1, translation=(0, 0, 0.012500000000000001)
BODY 156 with transformation: scaling=1, translation=(20, 0, 0.41250000000000053)
separating bodies
Entity 0,name=Simulation box, bb=(-8.125,-13.125000000000002,-5)->(48.125,13.125000000000002,5.8250000000000011)
Entity 1,name=FR4_CUSTOM, bb=(-8.125,-13.125000000000002,0.012500000000000001)->(48.125,13.125000000000002,0.8125)
Entity 2,name=, bb=(-5,-1,0.81250000000000011)->(45,1,0.82500000000000007)
Entity 3,name=, bb=(-5,-10,0)->(45,10,0.012500000000000001)
Entity 4,name=, bb=(-4.8500000000000005,8.4000000000000004,0.012499999999999956)->(-3.6499999999999999,9.5999999999999996,0.8125)
Entity 5,name=, bb=(-4.7999999999999998,-9.5999999999999996,0.012499999999999956)->(-3.6000000000000001,-8.4000000000000004,0.8125)
Entity 6,name=, bb=(-4.7999999999999998,1.2,0.012499999999999956)->(-3.6000000000000001,2.3999999999999999,0.8125)
Entity 7,name=, bb=(-4.7999999999999998,3.8999999999999999,0.012499999999999956)->(-3.6000000000000001,5.1000000000000005,0.8125)
Entity 8,name=, bb=(-4.7999999999999998,6.5999999999999996,0.012499999999999956)->(-3.6000000000000001,7.7999999999999998,0.8125)
Entity 9,name=, bb=(-4.75,-2.3999999999999999,0.012499999999999956)->(-3.5500000000000003,-1.2,0.8125)
Entity 10,name=, bb=(-4.7295999999999996,-7.7796000000000003,0.012499999999999956)->(-3.5704000000000002,-6.6204000000000001,0.8125)
Entity 11,name=, bb=(-4.7295999999999996,-5.0796000000000001,0.012499999999999956)->(-3.5704000000000002,-3.9203999999999999,0.8125)
Entity 12,name=, bb=(-2.1408999999999998,8.4361999999999995,0.012499999999999956)->(-0.95909999999999995,9.5999999999999996,0.8125)
Entity 13,name=, bb=(-2.1000000000000001,1.2,0.012499999999999956)->(-0.90000000000000002,2.3999999999999999,0.8125)
Entity 14,name=, bb=(-2.0796000000000001,-9.579600000000001,0.012499999999999956)->(-0.9204,-8.420399999999999,0.8125)
Entity 15,name=, bb=(-2.0542999999999996,3.9457,0.012499999999999956)->(-0.94569999999999999,5.0543000000000005,0.8125)
Entity 16,name=, bb=(-2.0542999999999996,6.6456999999999997,0.012499999999999956)->(-0.94569999999999999,7.7543000000000006,0.8125)
Entity 17,name=, bb=(-2.0500000000000003,-2.3999999999999999,0.012499999999999956)->(-0.84999999999999998,-1.2,0.8125)
Entity 18,name=, bb=(-2.0043000000000002,-7.7543000000000006,0.012499999999999956)->(-0.89570000000000005,-6.6456999999999997,0.8125)
Entity 19,name=, bb=(-2.0043000000000002,-5.0543000000000005,0.012499999999999956)->(-0.89570000000000005,-3.9457,0.8125)
Entity 20,name=, bb=(0.55909999999999993,8.4361999999999995,0.012499999999999956)->(1.7409000000000001,9.5999999999999996,0.8125)
Entity 21,name=, bb=(0.59999999999999998,1.2,0.012499999999999956)->(1.8,2.3999999999999999,0.8125)
Entity 22,name=, bb=(0.62040000000000006,-9.579600000000001,0.012499999999999956)->(1.7796000000000001,-8.420399999999999,0.8125)
Entity 23,name=, bb=(0.64570000000000005,3.9457,0.012499999999999956)->(1.7543000000000002,5.0543000000000005,0.8125)
Entity 24,name=, bb=(0.64570000000000005,6.6456999999999997,0.012499999999999956)->(1.7543000000000002,7.7543000000000006,0.8125)
Entity 25,name=, bb=(0.65000000000000002,-2.3999999999999999,0.012499999999999956)->(1.8500000000000001,-1.2,0.8125)
Entity 26,name=, bb=(0.69569999999999999,-7.7543000000000006,0.012499999999999956)->(1.8043,-6.6456999999999997,0.8125)
Entity 27,name=, bb=(0.6957000000000001,-5.0543000000000005,0.012499999999999956)->(1.8043,-3.9457,0.8125)
Entity 28,name=, bb=(3.2591000000000001,8.4361999999999995,0.012499999999999956)->(4.4409000000000001,9.5999999999999996,0.8125)
Entity 29,name=, bb=(3.2999999999999998,1.2,0.012499999999999956)->(4.5,2.3999999999999999,0.8125)
Entity 30,name=, bb=(3.3203999999999998,-9.579600000000001,0.012499999999999956)->(4.4796000000000005,-8.420399999999999,0.8125)
Entity 31,name=, bb=(3.3456999999999999,3.9457,0.012499999999999956)->(4.4542999999999999,5.0543000000000005,0.8125)
Entity 32,name=, bb=(3.3456999999999999,6.6456999999999997,0.012499999999999956)->(4.4542999999999999,7.7543000000000006,0.8125)
Entity 33,name=, bb=(3.3500000000000001,-2.3999999999999999,0.012499999999999956)->(4.5499999999999998,-1.2,0.8125)
Entity 34,name=, bb=(3.3957000000000002,-7.7543000000000006,0.012499999999999956)->(4.5042999999999997,-6.6456999999999997,0.8125)
Entity 35,name=, bb=(3.3957000000000002,-5.0543000000000005,0.012499999999999956)->(4.5042999999999997,-3.9457,0.8125)
Entity 36,name=, bb=(5.9591000000000003,8.4361999999999995,0.012499999999999956)->(7.1409000000000002,9.5999999999999996,0.8125)
Entity 37,name=, bb=(6,1.2,0.012499999999999956)->(7.2000000000000002,2.3999999999999999,0.8125)
Entity 38,name=, bb=(6.0204000000000004,-9.579600000000001,0.012499999999999956)->(7.1796000000000006,-8.420399999999999,0.8125)
Entity 39,name=, bb=(6.0457000000000001,3.9457,0.012499999999999956)->(7.1543000000000001,5.0543000000000005,0.8125)
Entity 40,name=, bb=(6.0457000000000001,6.6456999999999997,0.012499999999999956)->(7.1543000000000001,7.7543000000000006,0.8125)
Entity 41,name=, bb=(6.0499999999999998,-2.3999999999999999,0.012499999999999956)->(7.25,-1.2,0.8125)
Entity 42,name=, bb=(6.0956999999999999,-7.7543000000000006,0.012499999999999956)->(7.2042999999999999,-6.6456999999999997,0.8125)
Entity 43,name=, bb=(6.0956999999999999,-5.0543000000000005,0.012499999999999956)->(7.2042999999999999,-3.9457,0.8125)
Entity 44,name=, bb=(8.6590999999999987,8.4361999999999995,0.012499999999999956)->(9.8408999999999995,9.5999999999999996,0.8125)
Entity 45,name=, bb=(8.6999999999999993,1.2,0.012499999999999956)->(9.9000000000000004,2.3999999999999999,0.8125)
Entity 46,name=, bb=(8.7203999999999997,-9.579600000000001,0.012499999999999956)->(9.8795999999999999,-8.420399999999999,0.8125)
Entity 47,name=, bb=(8.7457000000000011,3.9457,0.012499999999999956)->(9.8543000000000003,5.0543000000000005,0.8125)
Entity 48,name=, bb=(8.7457000000000011,6.6456999999999997,0.012499999999999956)->(9.8543000000000003,7.7543000000000006,0.8125)
Entity 49,name=, bb=(8.75,-2.3999999999999999,0.012499999999999956)->(9.9500000000000011,-1.2,0.8125)
Entity 50,name=, bb=(8.7957000000000001,-7.7543000000000006,0.012499999999999956)->(9.9042999999999992,-6.6456999999999997,0.8125)
Entity 51,name=, bb=(8.7957000000000001,-5.0543000000000005,0.012499999999999956)->(9.9042999999999992,-3.9457,0.8125)
Entity 52,name=, bb=(11.3591,8.4361999999999995,0.012499999999999956)->(12.540900000000001,9.5999999999999996,0.8125)
Entity 53,name=, bb=(11.4,1.2,0.012499999999999956)->(12.6,2.3999999999999999,0.8125)
Entity 54,name=, bb=(11.420400000000001,-9.579600000000001,0.012499999999999956)->(12.579599999999999,-8.420399999999999,0.8125)
Entity 55,name=, bb=(11.4457,3.9457,0.012499999999999956)->(12.5543,5.0543000000000005,0.8125)
Entity 56,name=, bb=(11.4457,6.6456999999999997,0.012499999999999956)->(12.5543,7.7543000000000006,0.8125)
Entity 57,name=, bb=(11.449999999999999,-2.3999999999999999,0.012499999999999956)->(12.65,-1.2,0.8125)
Entity 58,name=, bb=(11.495699999999999,-7.7543000000000006,0.012499999999999956)->(12.6043,-6.6456999999999997,0.8125)
Entity 59,name=, bb=(11.495699999999999,-5.0543000000000005,0.012499999999999956)->(12.6043,-3.9457,0.8125)
Entity 60,name=, bb=(14.059099999999999,8.4361999999999995,0.012499999999999956)->(15.2409,9.5999999999999996,0.8125)
Entity 61,name=, bb=(14.1,1.2,0.012499999999999956)->(15.299999999999999,2.3999999999999999,0.8125)
Entity 62,name=, bb=(14.1204,-9.579600000000001,0.012499999999999956)->(15.2796,-8.420399999999999,0.8125)
Entity 63,name=, bb=(14.145700000000001,3.9457,0.012499999999999956)->(15.254300000000001,5.0543000000000005,0.8125)
Entity 64,name=, bb=(14.145700000000001,6.6456999999999997,0.012499999999999956)->(15.254300000000001,7.7543000000000006,0.8125)
Entity 65,name=, bb=(14.149999999999999,-2.3999999999999999,0.012499999999999956)->(15.350000000000001,-1.2,0.8125)
Entity 66,name=, bb=(14.1957,-7.7543000000000006,0.012499999999999956)->(15.3043,-6.6456999999999997,0.8125)
Entity 67,name=, bb=(14.1957,-5.0543000000000005,0.012499999999999956)->(15.3043,-3.9457,0.8125)
Entity 68,name=, bb=(16.7591,8.4361999999999995,0.012499999999999956)->(17.940899999999999,9.5999999999999996,0.8125)
Entity 69,name=, bb=(16.800000000000001,1.2,0.012499999999999956)->(18,2.3999999999999999,0.8125)
Entity 70,name=, bb=(16.820399999999999,-9.579600000000001,0.012499999999999956)->(17.979599999999998,-8.420399999999999,0.8125)
Entity 71,name=, bb=(16.845700000000001,3.9457,0.012499999999999956)->(17.9543,5.0543000000000005,0.8125)
Entity 72,name=, bb=(16.845700000000001,6.6456999999999997,0.012499999999999956)->(17.9543,7.7543000000000006,0.8125)
Entity 73,name=, bb=(16.850000000000001,-2.3999999999999999,0.012499999999999956)->(18.050000000000001,-1.2,0.8125)
Entity 74,name=, bb=(16.895699999999998,-7.7543000000000006,0.012499999999999956)->(18.004300000000001,-6.6456999999999997,0.8125)
Entity 75,name=, bb=(16.895699999999998,-5.0543000000000005,0.012499999999999956)->(18.004300000000001,-3.9457,0.8125)
Entity 76,name=, bb=(19.459099999999999,8.4361999999999995,0.012499999999999956)->(20.640899999999998,9.5999999999999996,0.8125)
Entity 77,name=, bb=(19.5,1.2,0.012499999999999956)->(20.699999999999999,2.3999999999999999,0.8125)
Entity 78,name=, bb=(19.520399999999999,-9.579600000000001,0.012499999999999956)->(20.679600000000001,-8.420399999999999,0.8125)
Entity 79,name=, bb=(19.5457,3.9457,0.012499999999999956)->(20.654299999999999,5.0543000000000005,0.8125)
Entity 80,name=, bb=(19.5457,6.6456999999999997,0.012499999999999956)->(20.654299999999999,7.7543000000000006,0.8125)
Entity 81,name=, bb=(19.550000000000001,-2.3999999999999999,0.012499999999999956)->(20.75,-1.2,0.8125)
Entity 82,name=, bb=(19.595700000000001,-7.7543000000000006,0.012499999999999956)->(20.7043,-6.6456999999999997,0.8125)
Entity 83,name=, bb=(19.595700000000001,-5.0543000000000005,0.012499999999999956)->(20.7043,-3.9457,0.8125)
Entity 84,name=, bb=(22.159100000000002,8.4361999999999995,0.012499999999999956)->(23.340900000000001,9.5999999999999996,0.8125)
Entity 85,name=, bb=(22.199999999999999,1.2,0.012499999999999956)->(23.400000000000002,2.3999999999999999,0.8125)
Entity 86,name=, bb=(22.220400000000001,-9.579600000000001,0.012499999999999956)->(23.3796,-8.420399999999999,0.8125)
Entity 87,name=, bb=(22.245699999999999,3.9457,0.012499999999999956)->(23.354300000000002,5.0543000000000005,0.8125)
Entity 88,name=, bb=(22.245699999999999,6.6456999999999997,0.012499999999999956)->(23.354300000000002,7.7543000000000006,0.8125)
Entity 89,name=, bb=(22.25,-2.3999999999999999,0.012499999999999956)->(23.449999999999999,-1.2,0.8125)
Entity 90,name=, bb=(22.2957,-7.7543000000000006,0.012499999999999956)->(23.404299999999999,-6.6456999999999997,0.8125)
Entity 91,name=, bb=(22.2957,-5.0543000000000005,0.012499999999999956)->(23.404299999999999,-3.9457,0.8125)
Entity 92,name=, bb=(24.859099999999998,8.4361999999999995,0.012499999999999956)->(26.040899999999997,9.5999999999999996,0.8125)
Entity 93,name=, bb=(24.899999999999999,1.2,0.012499999999999956)->(26.100000000000001,2.3999999999999999,0.8125)
Entity 94,name=, bb=(24.920399999999997,-9.579600000000001,0.012499999999999956)->(26.079600000000003,-8.420399999999999,0.8125)
Entity 95,name=, bb=(24.945700000000002,3.9457,0.012499999999999956)->(26.054299999999998,5.0543000000000005,0.8125)
Entity 96,name=, bb=(24.945700000000002,6.6456999999999997,0.012499999999999956)->(26.054299999999998,7.7543000000000006,0.8125)
Entity 97,name=, bb=(24.949999999999999,-2.3999999999999999,0.012499999999999956)->(26.149999999999999,-1.2,0.8125)
Entity 98,name=, bb=(24.995699999999999,-7.7543000000000006,0.012499999999999956)->(26.104300000000002,-6.6456999999999997,0.8125)
Entity 99,name=, bb=(24.995699999999999,-5.0543000000000005,0.012499999999999956)->(26.104300000000002,-3.9457,0.8125)
Entity 100,name=, bb=(27.559100000000001,8.4361999999999995,0.012499999999999956)->(28.7409,9.5999999999999996,0.8125)
Entity 101,name=, bb=(27.599999999999998,1.2,0.012499999999999956)->(28.800000000000001,2.3999999999999999,0.8125)
Entity 102,name=, bb=(27.6204,-9.579600000000001,0.012499999999999956)->(28.779599999999999,-8.420399999999999,0.8125)
Entity 103,name=, bb=(27.645699999999998,3.9457,0.012499999999999956)->(28.754300000000001,5.0543000000000005,0.8125)
Entity 104,name=, bb=(27.645699999999998,6.6456999999999997,0.012499999999999956)->(28.754300000000001,7.7543000000000006,0.8125)
Entity 105,name=, bb=(27.650000000000002,-2.3999999999999999,0.012499999999999956)->(28.850000000000001,-1.2,0.8125)
Entity 106,name=, bb=(27.695699999999999,-7.7543000000000006,0.012499999999999956)->(28.804300000000001,-6.6456999999999997,0.8125)
Entity 107,name=, bb=(27.695699999999999,-5.0543000000000005,0.012499999999999956)->(28.804300000000001,-3.9457,0.8125)
Entity 108,name=, bb=(30.2591,8.4361999999999995,0.012499999999999956)->(31.440899999999999,9.5999999999999996,0.8125)
Entity 109,name=, bb=(30.300000000000001,1.2,0.012499999999999956)->(31.5,2.3999999999999999,0.8125)
Entity 110,name=, bb=(30.320399999999999,-9.579600000000001,0.012499999999999956)->(31.479600000000005,-8.420399999999999,0.8125)
Entity 111,name=, bb=(30.345700000000001,3.9457,0.012499999999999956)->(31.454299999999996,5.0543000000000005,0.8125)
Entity 112,name=, bb=(30.345700000000001,6.6456999999999997,0.012499999999999956)->(31.454299999999996,7.7543000000000006,0.8125)
Entity 113,name=, bb=(30.349999999999998,-2.3999999999999999,0.012499999999999956)->(31.550000000000001,-1.2,0.8125)
Entity 114,name=, bb=(30.395700000000001,-7.7543000000000006,0.012499999999999956)->(31.504300000000001,-6.6456999999999997,0.8125)
Entity 115,name=, bb=(30.395700000000001,-5.0543000000000005,0.012499999999999956)->(31.504300000000001,-3.9457,0.8125)
Entity 116,name=, bb=(32.959099999999999,8.4361999999999995,0.012499999999999956)->(34.140900000000002,9.5999999999999996,0.8125)
Entity 117,name=, bb=(33,1.2,0.012499999999999956)->(34.200000000000003,2.3999999999999999,0.8125)
Entity 118,name=, bb=(33.020399999999995,-9.579600000000001,0.012499999999999956)->(34.179600000000001,-8.420399999999999,0.8125)
Entity 119,name=, bb=(33.045699999999997,3.9457,0.012499999999999956)->(34.154299999999999,5.0543000000000005,0.8125)
Entity 120,name=, bb=(33.045699999999997,6.6456999999999997,0.012499999999999956)->(34.154299999999999,7.7543000000000006,0.8125)
Entity 121,name=, bb=(33.050000000000004,-2.3999999999999999,0.012499999999999956)->(34.25,-1.2,0.8125)
Entity 122,name=, bb=(33.095700000000001,-7.7543000000000006,0.012499999999999956)->(34.204300000000003,-6.6456999999999997,0.8125)
Entity 123,name=, bb=(33.095700000000001,-5.0543000000000005,0.012499999999999956)->(34.204300000000003,-3.9457,0.8125)
Entity 124,name=, bb=(35.659100000000002,8.4361999999999995,0.012499999999999956)->(36.840900000000005,9.5999999999999996,0.8125)
Entity 125,name=, bb=(35.700000000000003,1.2,0.012499999999999956)->(36.900000000000006,2.3999999999999999,0.8125)
Entity 126,name=, bb=(35.720399999999998,-9.579600000000001,0.012499999999999956)->(36.879599999999996,-8.420399999999999,0.8125)
Entity 127,name=, bb=(35.745699999999999,3.9457,0.012499999999999956)->(36.854300000000002,5.0543000000000005,0.8125)
Entity 128,name=, bb=(35.745699999999999,6.6456999999999997,0.012499999999999956)->(36.854300000000002,7.7543000000000006,0.8125)
Entity 129,name=, bb=(35.75,-2.3999999999999999,0.012499999999999956)->(36.949999999999996,-1.2,0.8125)
Entity 130,name=, bb=(35.795699999999997,-7.7543000000000006,0.012499999999999956)->(36.904299999999999,-6.6456999999999997,0.8125)
Entity 131,name=, bb=(35.795699999999997,-5.0543000000000005,0.012499999999999956)->(36.904299999999999,-3.9457,0.8125)
Entity 132,name=, bb=(38.359099999999998,8.4361999999999995,0.012499999999999956)->(39.540899999999993,9.5999999999999996,0.8125)
Entity 133,name=, bb=(38.399999999999999,1.2,0.012499999999999956)->(39.600000000000001,2.3999999999999999,0.8125)
Entity 134,name=, bb=(38.420400000000001,-9.579600000000001,0.012499999999999956)->(39.579599999999999,-8.420399999999999,0.8125)
Entity 135,name=, bb=(38.445700000000002,3.9457,0.012499999999999956)->(39.554299999999998,5.0543000000000005,0.8125)
Entity 136,name=, bb=(38.445700000000002,6.6456999999999997,0.012499999999999956)->(39.554299999999998,7.7543000000000006,0.8125)
Entity 137,name=, bb=(38.449999999999996,-2.3999999999999999,0.012499999999999956)->(39.649999999999999,-1.2,0.8125)
Entity 138,name=, bb=(38.495699999999999,-7.7543000000000006,0.012499999999999956)->(39.604300000000002,-6.6456999999999997,0.8125)
Entity 139,name=, bb=(38.495699999999999,-5.0543000000000005,0.012499999999999956)->(39.604300000000002,-3.9457,0.8125)
Entity 140,name=, bb=(41.059100000000001,8.4361999999999995,0.012499999999999956)->(42.240899999999996,9.5999999999999996,0.8125)
Entity 141,name=, bb=(41.099999999999994,1.2,0.012499999999999956)->(42.299999999999997,2.3999999999999999,0.8125)
Entity 142,name=, bb=(41.120400000000004,-9.579600000000001,0.012499999999999956)->(42.279600000000002,-8.420399999999999,0.8125)
Entity 143,name=, bb=(41.145699999999998,3.9457,0.012499999999999956)->(42.254300000000001,5.0543000000000005,0.8125)
Entity 144,name=, bb=(41.145699999999998,6.6456999999999997,0.012499999999999956)->(42.254300000000001,7.7543000000000006,0.8125)
Entity 145,name=, bb=(41.149999999999999,-2.3999999999999999,0.012499999999999956)->(42.350000000000001,-1.2,0.8125)
Entity 146,name=, bb=(41.195700000000002,-7.7543000000000006,0.012499999999999956)->(42.304300000000005,-6.6456999999999997,0.8125)
Entity 147,name=, bb=(41.195700000000002,-5.0543000000000005,0.012499999999999956)->(42.304300000000005,-3.9457,0.8125)
Entity 148,name=, bb=(43.359099999999998,8.4361999999999995,0.012499999999999956)->(44.540900000000001,9.5999999999999996,0.8125)
Entity 149,name=, bb=(43.399999999999999,1.2,0.012499999999999956)->(44.600000000000001,2.3706,0.8125)
Entity 150,name=, bb=(43.409100000000002,3.9361999999999999,0.012499999999999956)->(44.590900000000005,5.1000000000000005,0.8125)
Entity 151,name=, bb=(43.409100000000002,6.6361999999999997,0.012499999999999956)->(44.590900000000005,7.7999999999999998,0.8125)
Entity 152,name=, bb=(43.420400000000001,-9.579600000000001,0.012499999999999956)->(44.579599999999999,-8.420399999999999,0.8125)
Entity 153,name=, bb=(43.450000000000003,-2.3706,0.012499999999999956)->(44.650000000000006,-1.2,0.8125)
Entity 154,name=, bb=(43.470399999999998,-7.7796000000000003,0.012499999999999956)->(44.629599999999996,-6.6204000000000001,0.8125)
Entity 155,name=, bb=(43.470399999999998,-5.0796000000000001,0.012499999999999956)->(44.629599999999996,-3.9203999999999999,0.8125)
Entity 156,name=*unknown*, bb=(-8.125,-13.125000000000002,-5)->(48.125,13.125000000000002,5.8250000000000011)
Creating Topology
Analyzing Topology
 Current Process: .Merged Objects with same material: merged 157 objects into 6 objects.
 Current Process: .. Current Process: ... Current Process: Cleaning topology Current Process: ....Objects Combined
 Current Process: .....Creating Mesh
Restricting h (face curvature)
Restricting h (face curvature)
 Current Process: ...... Current Process: ....... Current Process: ........
Line meshing completed:
Mesh overview:
  Vertices: 5499
  Edges:    7019
  Surfaces: 0
  Volumes:  0

Smaller local tree being used
 Current Process: .........
999/1/1 map/can/use rule Free Triangle (1)
0/1/1 map/can/use rule Free Triangle (5)
0/0/0 map/can/use rule Free Triangle (10)
0/0/0 map/can/use rule Free Triangle (20)
637/98/8 map/can/use rule Right 60 (1)
423/82/5 map/can/use rule Left 60 (1)
745/4/0 map/can/use rule Right 120 (1)
786/5/0 map/can/use rule Left 120 (1)
620/0/0 map/can/use rule Left Right 120 (1)
24/24/3 map/can/use rule Fill Triangle
3486/2336/3 map/can/use rule Vis A Vis (1)
571/513/0 map/can/use rule 2 h Vis A Vis (1)


1999/1/1 map/can/use rule Free Triangle (1)
0/1/1 map/can/use rule Free Triangle (5)
0/0/0 map/can/use rule Free Triangle (10)
0/0/0 map/can/use rule Free Triangle (20)
1468/609/19 map/can/use rule Right 60 (1)
1195/575/13 map/can/use rule Left 60 (1)
1334/4/0 map/can/use rule Right 120 (1)
1633/5/0 map/can/use rule Left 120 (1)
1100/69/0 map/can/use rule Left Right 120 (1)
84/84/6 map/can/use rule Fill Triangle
6676/3478/12 map/can/use rule Vis A Vis (1)
1611/1133/0 map/can/use rule 2 h Vis A Vis (1)


999/1/1 map/can/use rule Free Triangle (1)
0/1/1 map/can/use rule Free Triangle (5)
0/0/0 map/can/use rule Free Triangle (10)
0/0/0 map/can/use rule Free Triangle (20)
587/67/7 map/can/use rule Right 60 (1)
334/80/2 map/can/use rule Left 60 (1)
787/2/0 map/can/use rule Right 120 (1)
792/2/0 map/can/use rule Left 120 (1)
662/14/0 map/can/use rule Left Right 120 (1)
29/29/2 map/can/use rule Fill Triangle
2931/2039/3 map/can/use rule Vis A Vis (1)
226/189/0 map/can/use rule 2 h Vis A Vis (1)


1999/1/1 map/can/use rule Free Triangle (1)
0/1/1 map/can/use rule Free Triangle (5)
0/0/0 map/can/use rule Free Triangle (10)
0/0/0 map/can/use rule Free Triangle (20)
1558/402/12 map/can/use rule Right 60 (1)
1195/372/11 map/can/use rule Left 60 (1)
1589/2/0 map/can/use rule Right 120 (1)
1675/2/0 map/can/use rule Left 120 (1)
1290/133/0 map/can/use rule Left Right 120 (1)
188/188/9 map/can/use rule Fill Triangle
7092/4037/13 map/can/use rule Vis A Vis (1)
1672/1299/0 map/can/use rule 2 h Vis A Vis (1)


2999/1/1 map/can/use rule Free Triangle (1)
0/9/1 map/can/use rule Free Triangle (5)
0/3/1 map/can/use rule Free Triangle (10)
0/0/0 map/can/use rule Free Triangle (20)
2503/1045/26 map/can/use rule Right 60 (1)
2059/958/27 map/can/use rule Left 60 (1)
2361/2/0 map/can/use rule Right 120 (1)
2520/2/0 map/can/use rule Left 120 (1)
1842/347/0 map/can/use rule Left Right 120 (1)
382/382/19 map/can/use rule Fill Triangle
9882/4475/21 map/can/use rule Vis A Vis (1)
2813/1396/0 map/can/use rule 2 h Vis A Vis (1)


999/0/0 map/can/use rule Free Triangle (1)
0/0/0 map/can/use rule Free Triangle (5)
0/0/0 map/can/use rule Free Triangle (10)
0/0/0 map/can/use rule Free Triangle (20)
348/41/4 map/can/use rule Right 60 (1)
153/34/2 map/can/use rule Left 60 (1)
668/0/0 map/can/use rule Right 120 (1)
634/0/0 map/can/use rule Left 120 (1)
445/0/0 map/can/use rule Left Right 120 (1)
17/17/4 map/can/use rule Fill Triangle
2204/1793/4 map/can/use rule Vis A Vis (1)
1/0/0 map/can/use rule 2 h Vis A Vis (1)


1999/0/0 map/can/use rule Free Triangle (1)
0/0/0 map/can/use rule Free Triangle (5)
0/0/0 map/can/use rule Free Triangle (10)
0/0/0 map/can/use rule Free Triangle (20)
1157/90/6 map/can/use rule Right 60 (1)
708/80/4 map/can/use rule Left 60 (1)
1590/0/0 map/can/use rule Right 120 (1)
1511/0/0 map/can/use rule Left 120 (1)
1244/3/0 map/can/use rule Left Right 120 (1)
18/18/5 map/can/use rule Fill Triangle
7013/5106/5 map/can/use rule Vis A Vis (1)
769/743/0 map/can/use rule 2 h Vis A Vis (1)


2999/0/0 map/can/use rule Free Triangle (1)
0/0/0 map/can/use rule Free Triangle (5)
0/0/0 map/can/use rule Free Triangle (10)
0/0/0 map/can/use rule Free Triangle (20)
2107/518/7 map/can/use rule Right 60 (1)
1382/301/6 map/can/use rule Left 60 (1)
2423/0/0 map/can/use rule Right 120 (1)
2287/0/0 map/can/use rule Left 120 (1)
1906/102/0 map/can/use rule Left Right 120 (1)
43/43/5 map/can/use rule Fill Triangle
11613/7586/20 map/can/use rule Vis A Vis (1)
2224/2065/0 map/can/use rule 2 h Vis A Vis (1)


3999/0/0 map/can/use rule Free Triangle (1)
0/0/0 map/can/use rule Free Triangle (5)
0/0/0 map/can/use rule Free Triangle (10)
0/0/0 map/can/use rule Free Triangle (20)
3083/1294/28 map/can/use rule Right 60 (1)
2193/918/15 map/can/use rule Left 60 (1)
3351/0/0 map/can/use rule Right 120 (1)
2920/0/0 map/can/use rule Left 120 (1)
2495/385/0 map/can/use rule Left Right 120 (1)
84/84/11 map/can/use rule Fill Triangle
15247/8257/28 map/can/use rule Vis A Vis (1)
3179/2208/0 map/can/use rule 2 h Vis A Vis (1)


4999/0/0 map/can/use rule Free Triangle (1)
0/0/0 map/can/use rule Free Triangle (5)
0/0/0 map/can/use rule Free Triangle (10)
0/0/0 map/can/use rule Free Triangle (20)
4083/2106/38 map/can/use rule Right 60 (1)
3064/1596/30 map/can/use rule Left 60 (1)
4253/0/0 map/can/use rule Right 120 (1)
3770/0/0 map/can/use rule Left 120 (1)
3250/660/0 map/can/use rule Left Right 120 (1)
121/121/13 map/can/use rule Fill Triangle
19530/8855/32 map/can/use rule Vis A Vis (1)
4671/2240/0 map/can/use rule 2 h Vis A Vis (1)


999/0/0 map/can/use rule Free Triangle (1)
0/0/0 map/can/use rule Free Triangle (5)
0/0/0 map/can/use rule Free Triangle (10)
0/0/0 map/can/use rule Free Triangle (20)
337/40/5 map/can/use rule Right 60 (1)
124/29/2 map/can/use rule Left 60 (1)
689/0/0 map/can/use rule Right 120 (1)
659/0/0 map/can/use rule Left 120 (1)
459/0/0 map/can/use rule Left Right 120 (1)
13/13/2 map/can/use rule Fill Triangle
2093/1730/3 map/can/use rule Vis A Vis (1)
1/0/0 map/can/use rule 2 h Vis A Vis (1)


1999/0/0 map/can/use rule Free Triangle (1)
0/0/0 map/can/use rule Free Triangle (5)
0/0/0 map/can/use rule Free Triangle (10)
0/0/0 map/can/use rule Free Triangle (20)
1165/76/7 map/can/use rule Right 60 (1)
621/57/3 map/can/use rule Left 60 (1)
1615/0/0 map/can/use rule Right 120 (1)
1545/0/0 map/can/use rule Left 120 (1)
1270/0/0 map/can/use rule Left Right 120 (1)
26/26/4 map/can/use rule Fill Triangle
6710/4961/4 map/can/use rule Vis A Vis (1)
485/468/0 map/can/use rule 2 h Vis A Vis (1)


2999/0/0 map/can/use rule Free Triangle (1)
0/0/0 map/can/use rule Free Triangle (5)
0/0/0 map/can/use rule Free Triangle (10)
0/0/0 map/can/use rule Free Triangle (20)
2111/206/9 map/can/use rule Right 60 (1)
1384/113/6 map/can/use rule Left 60 (1)
2544/0/0 map/can/use rule Right 120 (1)
2425/0/0 map/can/use rule Left 120 (1)
2124/22/0 map/can/use rule Left Right 120 (1)
54/54/4 map/can/use rule Fill Triangle
13058/8809/40 map/can/use rule Vis A Vis (1)
2593/2405/0 map/can/use rule 2 h Vis A Vis (1)


3999/0/0 map/can/use rule Free Triangle (1)
0/0/0 map/can/use rule Free Triangle (5)
0/0/0 map/can/use rule Free Triangle (10)
0/0/0 map/can/use rule Free Triangle (20)
3104/693/9 map/can/use rule Right 60 (1)
2145/368/6 map/can/use rule Left 60 (1)
3262/0/0 map/can/use rule Right 120 (1)
3090/0/0 map/can/use rule Left 120 (1)
2293/140/0 map/can/use rule Left Right 120 (1)
560/560/4 map/can/use rule Fill Triangle
14895/8809/40 map/can/use rule Vis A Vis (1)
2842/2405/0 map/can/use rule 2 h Vis A Vis (1)


4999/0/0 map/can/use rule Free Triangle (1)
0/0/0 map/can/use rule Free Triangle (5)
0/0/0 map/can/use rule Free Triangle (10)
0/0/0 map/can/use rule Free Triangle (20)
4074/1418/32 map/can/use rule Right 60 (1)
3005/990/10 map/can/use rule Left 60 (1)
4187/0/0 map/can/use rule Right 120 (1)
3741/0/0 map/can/use rule Left 120 (1)
2828/350/0 map/can/use rule Left Right 120 (1)
653/653/29 map/can/use rule Fill Triangle
18264/9424/46 map/can/use rule Vis A Vis (1)
3691/2439/0 map/can/use rule 2 h Vis A Vis (1)


5999/0/0 map/can/use rule Free Triangle (1)
0/0/0 map/can/use rule Free Triangle (5)
0/0/0 map/can/use rule Free Triangle (10)
0/0/0 map/can/use rule Free Triangle (20)
5074/2311/45 map/can/use rule Right 60 (1)
3875/1747/30 map/can/use rule Left 60 (1)
5070/0/0 map/can/use rule Right 120 (1)
4592/0/0 map/can/use rule Left 120 (1)
3568/406/0 map/can/use rule Left Right 120 (1)
694/694/32 map/can/use rule Fill Triangle
21805/9678/48 map/can/use rule Vis A Vis (1)
4649/2440/0 map/can/use rule 2 h Vis A Vis (1)


999/1/1 map/can/use rule Free Triangle (1)
0/0/0 map/can/use rule Free Triangle (5)
0/0/0 map/can/use rule Free Triangle (10)
0/0/0 map/can/use rule Free Triangle (20)
510/57/5 map/can/use rule Right 60 (1)
271/59/2 map/can/use rule Left 60 (1)
739/2/0 map/can/use rule Right 120 (1)
759/3/0 map/can/use rule Left 120 (1)
623/2/0 map/can/use rule Left Right 120 (1)
16/16/4 map/can/use rule Fill Triangle
2868/2108/5 map/can/use rule Vis A Vis (1)
33/23/0 map/can/use rule 2 h Vis A Vis (1)


1999/1/1 map/can/use rule Free Triangle (1)
0/0/0 map/can/use rule Free Triangle (5)
0/0/0 map/can/use rule Free Triangle (10)
0/0/0 map/can/use rule Free Triangle (20)
1484/118/7 map/can/use rule Right 60 (1)
1065/115/4 map/can/use rule Left 60 (1)
1713/2/0 map/can/use rule Right 120 (1)
1739/3/0 map/can/use rule Left 120 (1)
1577/16/0 map/can/use rule Left Right 120 (1)
20/20/5 map/can/use rule Fill Triangle
9132/6101/5 map/can/use rule Vis A Vis (1)
2227/2100/0 map/can/use rule 2 h Vis A Vis (1)


2999/1/1 map/can/use rule Free Triangle (1)
0/0/0 map/can/use rule Free Triangle (5)
0/0/0 map/can/use rule Free Triangle (10)
0/0/0 map/can/use rule Free Triangle (20)
2473/556/14 map/can/use rule Right 60 (1)
1966/477/7 map/can/use rule Left 60 (1)
2630/2/0 map/can/use rule Right 120 (1)
2617/3/0 map/can/use rule Left 120 (1)
2397/222/0 map/can/use rule Left Right 120 (1)
20/20/5 map/can/use rule Fill Triangle
15027/8978/16 map/can/use rule Vis A Vis (1)
4800/4140/0 map/can/use rule 2 h Vis A Vis (1)


3999/1/1 map/can/use rule Free Triangle (1)
0/0/0 map/can/use rule Free Triangle (5)
0/0/0 map/can/use rule Free Triangle (10)
0/0/0 map/can/use rule Free Triangle (20)
3420/1357/20 map/can/use rule Right 60 (1)
2807/1189/10 map/can/use rule Left 60 (1)
3374/2/0 map/can/use rule Right 120 (1)
3451/3/0 map/can/use rule Left 120 (1)
2972/509/0 map/can/use rule Left Right 120 (1)
108/108/5 map/can/use rule Fill Triangle
18142/9188/26 map/can/use rule Vis A Vis (1)
6112/4248/0 map/can/use rule 2 h Vis A Vis (1)


4999/1/1 map/can/use rule Free Triangle (1)
0/0/0 map/can/use rule Free Triangle (5)
0/0/0 map/can/use rule Free Triangle (10)
0/0/0 map/can/use rule Free Triangle (20)
4417/2057/31 map/can/use rule Right 60 (1)
3783/1880/27 map/can/use rule Left 60 (1)
4257/2/0 map/can/use rule Right 120 (1)
4382/3/0 map/can/use rule Left 120 (1)
3596/619/0 map/can/use rule Left Right 120 (1)
369/369/25 map/can/use rule Fill Triangle
22805/9276/29 map/can/use rule Vis A Vis (1)
8530/4248/0 map/can/use rule 2 h Vis A Vis (1)


999/1/1 map/can/use rule Free Triangle (1)
0/2/2 map/can/use rule Free Triangle (5)
0/0/0 map/can/use rule Free Triangle (10)
0/0/0 map/can/use rule Free Triangle (20)
621/74/4 map/can/use rule Right 60 (1)
332/72/3 map/can/use rule Left 60 (1)
701/4/0 map/can/use rule Right 120 (1)
729/3/0 map/can/use rule Left 120 (1)
612/2/0 map/can/use rule Left Right 120 (1)
16/16/2 map/can/use rule Fill Triangle
3244/2116/5 map/can/use rule Vis A Vis (1)
59/47/0 map/can/use rule 2 h Vis A Vis (1)


1999/1/1 map/can/use rule Free Triangle (1)
0/2/2 map/can/use rule Free Triangle (5)
0/0/0 map/can/use rule Free Triangle (10)
0/0/0 map/can/use rule Free Triangle (20)
1517/147/9 map/can/use rule Right 60 (1)
1122/147/7 map/can/use rule Left 60 (1)
1615/4/0 map/can/use rule Right 120 (1)
1694/3/0 map/can/use rule Left 120 (1)
1476/14/0 map/can/use rule Left Right 120 (1)
84/84/4 map/can/use rule Fill Triangle
9394/5740/5 map/can/use rule Vis A Vis (1)
2154/1970/0 map/can/use rule 2 h Vis A Vis (1)


2999/1/1 map/can/use rule Free Triangle (1)
0/2/2 map/can/use rule Free Triangle (5)
0/0/0 map/can/use rule Free Triangle (10)
0/0/0 map/can/use rule Free Triangle (20)
2338/562/16 map/can/use rule Right 60 (1)
1861/514/10 map/can/use rule Left 60 (1)
2231/4/0 map/can/use rule Right 120 (1)
2558/3/0 map/can/use rule Left 120 (1)
2058/64/0 map/can/use rule Left Right 120 (1)
88/88/5 map/can/use rule Fill Triangle
13939/7904/12 map/can/use rule Vis A Vis (1)
4049/3583/0 map/can/use rule 2 h Vis A Vis (1)


3999/1/1 map/can/use rule Free Triangle (1)
0/2/2 map/can/use rule Free Triangle (5)
0/0/0 map/can/use rule Free Triangle (10)
0/0/0 map/can/use rule Free Triangle (20)
3230/1343/23 map/can/use rule Right 60 (1)
2689/1238/16 map/can/use rule Left 60 (1)
2854/4/0 map/can/use rule Right 120 (1)
3443/3/0 map/can/use rule Left 120 (1)
2608/103/0 map/can/use rule Left Right 120 (1)
89/89/6 map/can/use rule Fill Triangle
17908/8452/22 map/can/use rule Vis A Vis (1)
5366/3954/0 map/can/use rule 2 h Vis A Vis (1)

 Current Process: ..........
999/50/46 map/can/use rule Free Triangle (1)
0/0/0 map/can/use rule Free Triangle (5)
0/0/0 map/can/use rule Free Triangle (10)
0/0/0 map/can/use rule Free Triangle (20)
631/276/58 map/can/use rule Right 60 (1)
565/312/47 map/can/use rule Left 60 (1)
281/17/3 map/can/use rule Right 120 (1)
721/167/147 map/can/use rule Left 120 (1)
190/27/2 map/can/use rule Left Right 120 (1)
114/114/31 map/can/use rule Fill Triangle
3356/341/59 map/can/use rule Vis A Vis (1)
74/1/1 map/can/use rule 2 h Vis A Vis (1)


999/78/71 map/can/use rule Free Triangle (1)
0/0/0 map/can/use rule Free Triangle (5)
0/0/0 map/can/use rule Free Triangle (10)
0/0/0 map/can/use rule Free Triangle (20)
700/453/53 map/can/use rule Right 60 (1)
420/251/55 map/can/use rule Left 60 (1)
472/169/122 map/can/use rule Right 120 (1)
553/20/3 map/can/use rule Left 120 (1)
243/47/3 map/can/use rule Left Right 120 (1)
80/80/14 map/can/use rule Fill Triangle
3348/319/54 map/can/use rule Vis A Vis (1)
64/0/0 map/can/use rule 2 h Vis A Vis (1)


999/118/102 map/can/use rule Free Triangle (1)
0/0/0 map/can/use rule Free Triangle (5)
0/0/0 map/can/use rule Free Triangle (10)
0/0/0 map/can/use rule Free Triangle (20)
508/406/38 map/can/use rule Right 60 (1)
348/239/26 map/can/use rule Left 60 (1)
527/225/156 map/can/use rule Right 120 (1)
477/40/4 map/can/use rule Left 120 (1)
283/25/1 map/can/use rule Left Right 120 (1)
2/2/0 map/can/use rule Fill Triangle
4920/1062/42 map/can/use rule Vis A Vis (1)
277/55/0 map/can/use rule 2 h Vis A Vis (1)


1999/178/146 map/can/use rule Free Triangle (1)
0/4/3 map/can/use rule Free Triangle (5)
0/0/0 map/can/use rule Free Triangle (10)
0/0/0 map/can/use rule Free Triangle (20)
1276/727/93 map/can/use rule Right 60 (1)
960/471/80 map/can/use rule Left 60 (1)
996/282/162 map/can/use rule Right 120 (1)
1003/67/7 map/can/use rule Left 120 (1)
496/45/4 map/can/use rule Left Right 120 (1)
233/233/41 map/can/use rule Fill Triangle
9833/1155/65 map/can/use rule Vis A Vis (1)
1261/55/0 map/can/use rule 2 h Vis A Vis (1)


2999/192/157 map/can/use rule Free Triangle (1)
0/10/9 map/can/use rule Free Triangle (5)
0/0/0 map/can/use rule Free Triangle (10)
0/0/0 map/can/use rule Free Triangle (20)
2045/993/126 map/can/use rule Right 60 (1)
1603/687/100 map/can/use rule Left 60 (1)
1474/303/165 map/can/use rule Right 120 (1)
1482/70/7 map/can/use rule Left 120 (1)
650/52/4 map/can/use rule Left Right 120 (1)
501/501/76 map/can/use rule Fill Triangle
13700/1253/90 map/can/use rule Vis A Vis (1)
2021/55/0 map/can/use rule 2 h Vis A Vis (1)


999/737/736 map/can/use rule Free Triangle (1)
0/0/0 map/can/use rule Free Triangle (5)
0/0/0 map/can/use rule Free Triangle (10)
0/0/0 map/can/use rule Free Triangle (20)
27/16/7 map/can/use rule Right 60 (1)
26/26/8 map/can/use rule Left 60 (1)
717/619/1 map/can/use rule Right 120 (1)
159/86/5 map/can/use rule Left 120 (1)
96/58/0 map/can/use rule Left Right 120 (1)
0/0/0 map/can/use rule Fill Triangle
1137/187/42 map/can/use rule Vis A Vis (1)
0/0/0 map/can/use rule 2 h Vis A Vis (1)


1999/1357/1355 map/can/use rule Free Triangle (1)
0/0/0 map/can/use rule Free Triangle (5)
0/0/0 map/can/use rule Free Triangle (10)
0/0/0 map/can/use rule Free Triangle (20)
217/126/42 map/can/use rule Right 60 (1)
191/150/46 map/can/use rule Left 60 (1)
1464/1133/5 map/can/use rule Right 120 (1)
446/148/7 map/can/use rule Left 120 (1)
275/131/10 map/can/use rule Left Right 120 (1)
10/10/5 map/can/use rule Fill Triangle
3689/463/100 map/can/use rule Vis A Vis (1)
0/0/0 map/can/use rule 2 h Vis A Vis (1)


2999/1372/1370 map/can/use rule Free Triangle (1)
0/0/0 map/can/use rule Free Triangle (5)
0/0/0 map/can/use rule Free Triangle (10)
0/0/0 map/can/use rule Free Triangle (20)
345/226/73 map/can/use rule Right 60 (1)
1060/987/383 map/can/use rule Left 60 (1)
1592/1147/11 map/can/use rule Right 120 (1)
1361/615/300 map/can/use rule Left 120 (1)
358/162/12 map/can/use rule Left Right 120 (1)
16/16/8 map/can/use rule Fill Triangle
5122/632/134 map/can/use rule Vis A Vis (1)
0/0/0 map/can/use rule 2 h Vis A Vis (1)


3999/1380/1378 map/can/use rule Free Triangle (1)
0/0/0 map/can/use rule Free Triangle (5)
0/0/0 map/can/use rule Free Triangle (10)
0/0/0 map/can/use rule Free Triangle (20)
829/614/109 map/can/use rule Right 60 (1)
1631/1476/588 map/can/use rule Left 60 (1)
2006/1395/235 map/can/use rule Right 120 (1)
1916/861/460 map/can/use rule Left 120 (1)
417/182/14 map/can/use rule Left Right 120 (1)
65/65/47 map/can/use rule Fill Triangle
6773/820/160 map/can/use rule Vis A Vis (1)
0/0/0 map/can/use rule 2 h Vis A Vis (1)


4999/1621/1617 map/can/use rule Free Triangle (1)
0/0/0 map/can/use rule Free Triangle (5)
0/0/0 map/can/use rule Free Triangle (10)
0/0/0 map/can/use rule Free Triangle (20)
1447/1053/164 map/can/use rule Right 60 (1)
2089/1798/680 map/can/use rule Left 60 (1)
2580/1617/263 map/can/use rule Right 120 (1)
2367/924/474 map/can/use rule Left 120 (1)
689/313/48 map/can/use rule Left Right 120 (1)
133/133/69 map/can/use rule Fill Triangle
9593/1115/200 map/can/use rule Vis A Vis (1)
562/0/0 map/can/use rule 2 h Vis A Vis (1)


5999/1789/1780 map/can/use rule Free Triangle (1)
0/0/0 map/can/use rule Free Triangle (5)
0/0/0 map/can/use rule Free Triangle (10)
0/0/0 map/can/use rule Free Triangle (20)
2179/1659/343 map/can/use rule Right 60 (1)
2352/1959/744 map/can/use rule Left 60 (1)
3145/1927/279 map/can/use rule Right 120 (1)
2741/953/485 map/can/use rule Left 120 (1)
827/373/55 map/can/use rule Left Right 120 (1)
193/193/85 map/can/use rule Fill Triangle
12674/1656/256 map/can/use rule Vis A Vis (1)
956/4/0 map/can/use rule 2 h Vis A Vis (1)


6999/1848/1837 map/can/use rule Free Triangle (1)
0/0/0 map/can/use rule Free Triangle (5)
0/0/0 map/can/use rule Free Triangle (10)
0/0/0 map/can/use rule Free Triangle (20)
2852/2238/520 map/can/use rule Right 60 (1)
2621/2155/840 map/can/use rule Left 60 (1)
3641/2184/302 map/can/use rule Right 120 (1)
3220/989/487 map/can/use rule Left 120 (1)
966/466/67 map/can/use rule Left Right 120 (1)
223/223/96 map/can/use rule Fill Triangle
15740/2297/312 map/can/use rule Vis A Vis (1)
998/4/0 map/can/use rule 2 h Vis A Vis (1)


7999/1887/1875 map/can/use rule Free Triangle (1)
0/0/0 map/can/use rule Free Triangle (5)
0/0/0 map/can/use rule Free Triangle (10)
0/0/0 map/can/use rule Free Triangle (20)
3488/2689/623 map/can/use rule Right 60 (1)
3071/2454/950 map/can/use rule Left 60 (1)
4111/2331/311 map/can/use rule Right 120 (1)
3781/1031/489 map/can/use rule Left 120 (1)
1155/560/77 map/can/use rule Left Right 120 (1)
318/318/120 map/can/use rule Fill Triangle
19131/2881/378 map/can/use rule Vis A Vis (1)
1295/4/0 map/can/use rule 2 h Vis A Vis (1)


8999/1949/1929 map/can/use rule Free Triangle (1)
0/0/0 map/can/use rule Free Triangle (5)
0/0/0 map/can/use rule Free Triangle (10)
0/0/0 map/can/use rule Free Triangle (20)
4222/3209/764 map/can/use rule Right 60 (1)
3572/2782/1041 map/can/use rule Left 60 (1)
4543/2396/315 map/can/use rule Right 120 (1)
4281/1041/492 map/can/use rule Left 120 (1)
1369/668/99 map/can/use rule Left Right 120 (1)
404/404/140 map/can/use rule Fill Triangle
23527/3471/501 map/can/use rule Vis A Vis (1)
1319/4/0 map/can/use rule 2 h Vis A Vis (1)


9999/2009/1989 map/can/use rule Free Triangle (1)
0/0/0 map/can/use rule Free Triangle (5)
0/0/0 map/can/use rule Free Triangle (10)
0/0/0 map/can/use rule Free Triangle (20)
4973/3692/892 map/can/use rule Right 60 (1)
4151/3127/1158 map/can/use rule Left 60 (1)
4978/2462/322 map/can/use rule Right 120 (1)
4842/1067/494 map/can/use rule Left 120 (1)
1607/780/129 map/can/use rule Left Right 120 (1)
536/536/192 map/can/use rule Fill Triangle
27690/3778/564 map/can/use rule Vis A Vis (1)
1405/4/0 map/can/use rule 2 h Vis A Vis (1)


10999/2041/2019 map/can/use rule Free Triangle (1)
0/0/0 map/can/use rule Free Triangle (5)
0/0/0 map/can/use rule Free Triangle (10)
0/0/0 map/can/use rule Free Triangle (20)
5766/4167/997 map/can/use rule Right 60 (1)
4785/3476/1267 map/can/use rule Left 60 (1)
5383/2516/331 map/can/use rule Right 120 (1)
5428/1086/499 map/can/use rule Left 120 (1)
1833/858/149 map/can/use rule Left Right 120 (1)
716/716/270 map/can/use rule Fill Triangle
31628/4015/610 map/can/use rule Vis A Vis (1)
1757/5/0 map/can/use rule 2 h Vis A Vis (1)


11999/2048/2021 map/can/use rule Free Triangle (1)
0/0/0 map/can/use rule Free Triangle (5)
0/0/0 map/can/use rule Free Triangle (10)
0/0/0 map/can/use rule Free Triangle (20)
6608/4569/1084 map/can/use rule Right 60 (1)
5531/3835/1351 map/can/use rule Left 60 (1)
5771/2529/336 map/can/use rule Right 120 (1)
6007/1089/499 map/can/use rule Left 120 (1)
2015/881/156 map/can/use rule Left Right 120 (1)
967/967/320 map/can/use rule Fill Triangle
35669/4148/625 map/can/use rule Vis A Vis (1)
2387/5/0 map/can/use rule 2 h Vis A Vis (1)


12999/2052/2023 map/can/use rule Free Triangle (1)
0/0/0 map/can/use rule Free Triangle (5)
0/0/0 map/can/use rule Free Triangle (10)
0/0/0 map/can/use rule Free Triangle (20)
7458/4925/1158 map/can/use rule Right 60 (1)
6262/4104/1408 map/can/use rule Left 60 (1)
6157/2546/339 map/can/use rule Right 120 (1)
6658/1097/501 map/can/use rule Left 120 (1)
2185/909/163 map/can/use rule Left Right 120 (1)
1337/1337/396 map/can/use rule Fill Triangle
39244/4328/658 map/can/use rule Vis A Vis (1)
3271/5/0 map/can/use rule 2 h Vis A Vis (1)

 Current Process: ...........
13999/2054/2025 map/can/use rule Free Triangle (1)
0/0/0 map/can/use rule Free Triangle (5)
0/0/0 map/can/use rule Free Triangle (10)
0/0/0 map/can/use rule Free Triangle (20)
8332/5218/1207 map/can/use rule Right 60 (1)
7065/4359/1442 map/can/use rule Left 60 (1)
6642/2548/339 map/can/use rule Right 120 (1)
7346/1097/501 map/can/use rule Left 120 (1)
2387/914/163 map/can/use rule Left Right 120 (1)
1798/1798/503 map/can/use rule Fill Triangle
41959/4388/674 map/can/use rule Vis A Vis (1)
3850/6/0 map/can/use rule 2 h Vis A Vis (1)


999/524/199 map/can/use rule Free Triangle (1)
0/0/0 map/can/use rule Free Triangle (5)
0/0/0 map/can/use rule Free Triangle (10)
0/0/0 map/can/use rule Free Triangle (20)
283/161/26 map/can/use rule Right 60 (1)
246/217/19 map/can/use rule Left 60 (1)
371/78/10 map/can/use rule Right 120 (1)
467/172/50 map/can/use rule Left 120 (1)
239/32/2 map/can/use rule Left Right 120 (1)
10/10/1 map/can/use rule Fill Triangle
1106/75/11 map/can/use rule Vis A Vis (1)
24/0/0 map/can/use rule 2 h Vis A Vis (1)


1999/838/438 map/can/use rule Free Triangle (1)
0/6/0 map/can/use rule Free Triangle (5)
0/0/0 map/can/use rule Free Triangle (10)
0/0/0 map/can/use rule Free Triangle (20)
592/388/76 map/can/use rule Right 60 (1)
553/451/88 map/can/use rule Left 60 (1)
627/172/14 map/can/use rule Right 120 (1)
751/253/74 map/can/use rule Left 120 (1)
329/51/3 map/can/use rule Left Right 120 (1)
38/38/9 map/can/use rule Fill Triangle
2475/201/24 map/can/use rule Vis A Vis (1)
161/1/0 map/can/use rule 2 h Vis A Vis (1)


2999/1054/612 map/can/use rule Free Triangle (1)
0/14/2 map/can/use rule Free Triangle (5)
0/0/0 map/can/use rule Free Triangle (10)
0/0/0 map/can/use rule Free Triangle (20)
1064/678/134 map/can/use rule Right 60 (1)
918/655/156 map/can/use rule Left 60 (1)
998/291/47 map/can/use rule Right 120 (1)
1142/359/103 map/can/use rule Left 120 (1)
462/107/8 map/can/use rule Left Right 120 (1)
134/134/33 map/can/use rule Fill Triangle
4250/341/48 map/can/use rule Vis A Vis (1)
407/2/0 map/can/use rule 2 h Vis A Vis (1)


3999/1269/784 map/can/use rule Free Triangle (1)
0/18/4 map/can/use rule Free Triangle (5)
0/0/0 map/can/use rule Free Triangle (10)
0/0/0 map/can/use rule Free Triangle (20)
1530/964/204 map/can/use rule Right 60 (1)
1298/870/207 map/can/use rule Left 60 (1)
1377/426/71 map/can/use rule Right 120 (1)
1504/445/128 map/can/use rule Left 120 (1)
573/162/15 map/can/use rule Left Right 120 (1)
215/215/51 map/can/use rule Fill Triangle
5879/448/74 map/can/use rule Vis A Vis (1)
677/3/0 map/can/use rule 2 h Vis A Vis (1)


4999/1464/953 map/can/use rule Free Triangle (1)
0/21/5 map/can/use rule Free Triangle (5)
0/0/0 map/can/use rule Free Triangle (10)
0/0/0 map/can/use rule Free Triangle (20)
2026/1279/301 map/can/use rule Right 60 (1)
1677/1117/277 map/can/use rule Left 60 (1)
1771/552/99 map/can/use rule Right 120 (1)
1928/558/155 map/can/use rule Left 120 (1)
692/224/23 map/can/use rule Left Right 120 (1)
293/293/65 map/can/use rule Fill Triangle
7443/537/94 map/can/use rule Vis A Vis (1)
886/3/0 map/can/use rule 2 h Vis A Vis (1)


5999/1634/1094 map/can/use rule Free Triangle (1)
0/21/5 map/can/use rule Free Triangle (5)
0/0/0 map/can/use rule Free Triangle (10)
0/0/0 map/can/use rule Free Triangle (20)
2550/1588/384 map/can/use rule Right 60 (1)
2109/1354/364 map/can/use rule Left 60 (1)
2188/689/133 map/can/use rule Right 120 (1)
2361/663/187 map/can/use rule Left 120 (1)
814/287/34 map/can/use rule Left Right 120 (1)
431/431/93 map/can/use rule Fill Triangle
8994/615/114 map/can/use rule Vis A Vis (1)
1037/3/0 map/can/use rule 2 h Vis A Vis (1)


6999/1850/1249 map/can/use rule Free Triangle (1)
0/21/5 map/can/use rule Free Triangle (5)
0/0/0 map/can/use rule Free Triangle (10)
0/0/0 map/can/use rule Free Triangle (20)
3082/1910/470 map/can/use rule Right 60 (1)
2490/1560/438 map/can/use rule Left 60 (1)
2614/836/195 map/can/use rule Right 120 (1)
2775/764/216 map/can/use rule Left 120 (1)
924/360/46 map/can/use rule Left Right 120 (1)
572/572/124 map/can/use rule Fill Triangle
10320/689/135 map/can/use rule Vis A Vis (1)
1113/3/0 map/can/use rule 2 h Vis A Vis (1)


7999/2115/1454 map/can/use rule Free Triangle (1)
0/21/5 map/can/use rule Free Triangle (5)
0/0/0 map/can/use rule Free Triangle (10)
0/0/0 map/can/use rule Free Triangle (20)
3539/2249/554 map/can/use rule Right 60 (1)
2837/1811/525 map/can/use rule Left 60 (1)
2996/1008/235 map/can/use rule Right 120 (1)
3187/893/252 map/can/use rule Left 120 (1)
1045/443/62 map/can/use rule Left Right 120 (1)
636/635/147 map/can/use rule Fill Triangle
11860/783/158 map/can/use rule Vis A Vis (1)
1238/4/0 map/can/use rule 2 h Vis A Vis (1)


8999/2430/1653 map/can/use rule Free Triangle (1)
0/24/5 map/can/use rule Free Triangle (5)
0/0/0 map/can/use rule Free Triangle (10)
0/0/0 map/can/use rule Free Triangle (20)
3958/2566/638 map/can/use rule Right 60 (1)
3174/2053/599 map/can/use rule Left 60 (1)
3328/1176/280 map/can/use rule Right 120 (1)
3577/1024/284 map/can/use rule Left 120 (1)
1150/520/68 map/can/use rule Left Right 120 (1)
695/693/166 map/can/use rule Fill Triangle
13372/884/171 map/can/use rule Vis A Vis (1)
1420/10/0 map/can/use rule 2 h Vis A Vis (1)


9999/2715/1846 map/can/use rule Free Triangle (1)
0/28/8 map/can/use rule Free Triangle (5)
0/0/0 map/can/use rule Free Triangle (10)
0/0/0 map/can/use rule Free Triangle (20)
4364/2860/690 map/can/use rule Right 60 (1)
3538/2317/676 map/can/use rule Left 60 (1)
3672/1301/300 map/can/use rule Right 120 (1)
3965/1132/299 map/can/use rule Left 120 (1)
1281/599/74 map/can/use rule Left Right 120 (1)
753/746/176 map/can/use rule Fill Triangle
15057/1010/188 map/can/use rule Vis A Vis (1)
1629/14/0 map/can/use rule 2 h Vis A Vis (1)


10999/2920/1996 map/can/use rule Free Triangle (1)
0/32/9 map/can/use rule Free Triangle (5)
0/0/0 map/can/use rule Free Triangle (10)
0/0/0 map/can/use rule Free Triangle (20)
4847/3139/743 map/can/use rule Right 60 (1)
3937/2557/733 map/can/use rule Left 60 (1)
4045/1389/311 map/can/use rule Right 120 (1)
4326/1208/315 map/can/use rule Left 120 (1)
1406/657/78 map/can/use rule Left Right 120 (1)
847/840/194 map/can/use rule Fill Triangle
16985/1163/216 map/can/use rule Vis A Vis (1)
1884/17/0 map/can/use rule 2 h Vis A Vis (1)


11999/3054/2099 map/can/use rule Free Triangle (1)
0/33/9 map/can/use rule Free Triangle (5)
0/0/0 map/can/use rule Free Triangle (10)
0/0/0 map/can/use rule Free Triangle (20)
5380/3443/787 map/can/use rule Right 60 (1)
4406/2835/804 map/can/use rule Left 60 (1)
4463/1456/318 map/can/use rule Right 120 (1)
4738/1260/330 map/can/use rule Left 120 (1)
1566/705/78 map/can/use rule Left Right 120 (1)
950/942/220 map/can/use rule Fill Triangle
19555/1343/248 map/can/use rule Vis A Vis (1)
2315/18/1 map/can/use rule 2 h Vis A Vis (1)


12999/3088/2128 map/can/use rule Free Triangle (1)
0/35/10 map/can/use rule Free Triangle (5)
0/0/0 map/can/use rule Free Triangle (10)
0/0/0 map/can/use rule Free Triangle (20)
6069/3697/846 map/can/use rule Right 60 (1)
5042/3081/851 map/can/use rule Left 60 (1)
4942/1475/325 map/can/use rule Right 120 (1)
5251/1274/331 map/can/use rule Left 120 (1)
1760/740/81 map/can/use rule Left Right 120 (1)
1194/1186/258 map/can/use rule Fill Triangle
22119/1473/274 map/can/use rule Vis A Vis (1)
2843/18/1 map/can/use rule 2 h Vis A Vis (1)


999/682/676 map/can/use rule Free Triangle (1)
0/0/0 map/can/use rule Free Triangle (5)
0/0/0 map/can/use rule Free Triangle (10)
0/0/0 map/can/use rule Free Triangle (20)
26/25/12 map/can/use rule Right 60 (1)
27/27/11 map/can/use rule Left 60 (1)
616/572/14 map/can/use rule Right 120 (1)
119/81/4 map/can/use rule Left 120 (1)
63/61/0 map/can/use rule Left Right 120 (1)
0/0/0 map/can/use rule Fill Triangle
1952/308/49 map/can/use rule Vis A Vis (1)
0/0/0 map/can/use rule 2 h Vis A Vis (1)


1999/1359/1349 map/can/use rule Free Triangle (1)
0/0/0 map/can/use rule Free Triangle (5)
0/0/0 map/can/use rule Free Triangle (10)
0/0/0 map/can/use rule Free Triangle (20)
175/141/51 map/can/use rule Right 60 (1)
149/118/47 map/can/use rule Left 60 (1)
1346/1138/23 map/can/use rule Right 120 (1)
361/152/4 map/can/use rule Left 120 (1)
197/152/9 map/can/use rule Left Right 120 (1)
2/2/2 map/can/use rule Fill Triangle
5892/816/78 map/can/use rule Vis A Vis (1)
0/0/0 map/can/use rule 2 h Vis A Vis (1)


2999/1379/1364 map/can/use rule Free Triangle (1)
0/0/0 map/can/use rule Free Triangle (5)
0/0/0 map/can/use rule Free Triangle (10)
0/0/0 map/can/use rule Free Triangle (20)
379/283/107 map/can/use rule Right 60 (1)
974/889/282 map/can/use rule Left 60 (1)
1492/1155/23 map/can/use rule Right 120 (1)
1185/533/269 map/can/use rule Left 120 (1)
260/181/10 map/can/use rule Left Right 120 (1)
35/35/11 map/can/use rule Fill Triangle
7923/1020/111 map/can/use rule Vis A Vis (1)
0/0/0 map/can/use rule 2 h Vis A Vis (1)


3999/1384/1369 map/can/use rule Free Triangle (1)
0/0/0 map/can/use rule Free Triangle (5)
0/0/0 map/can/use rule Free Triangle (10)
0/0/0 map/can/use rule Free Triangle (20)
781/623/146 map/can/use rule Right 60 (1)
1613/1459/489 map/can/use rule Left 60 (1)
1839/1387/225 map/can/use rule Right 120 (1)
1798/828/460 map/can/use rule Left 120 (1)
309/198/10 map/can/use rule Left Right 120 (1)
67/67/39 map/can/use rule Fill Triangle
9471/1213/137 map/can/use rule Vis A Vis (1)
0/0/0 map/can/use rule 2 h Vis A Vis (1)


4999/1542/1504 map/can/use rule Free Triangle (1)
0/0/0 map/can/use rule Free Triangle (5)
0/0/0 map/can/use rule Free Triangle (10)
0/0/0 map/can/use rule Free Triangle (20)
1273/1015/188 map/can/use rule Right 60 (1)
2002/1767/571 map/can/use rule Left 60 (1)
2347/1607/338 map/can/use rule Right 120 (1)
2190/900/474 map/can/use rule Left 120 (1)
508/304/39 map/can/use rule Left Right 120 (1)
107/107/56 map/can/use rule Fill Triangle
14437/2066/171 map/can/use rule Vis A Vis (1)
2478/130/0 map/can/use rule 2 h Vis A Vis (1)


5999/1749/1692 map/can/use rule Free Triangle (1)
0/0/0 map/can/use rule Free Triangle (5)
0/0/0 map/can/use rule Free Triangle (10)
0/0/0 map/can/use rule Free Triangle (20)
1811/1406/273 map/can/use rule Right 60 (1)
2355/1984/619 map/can/use rule Left 60 (1)
2889/1826/360 map/can/use rule Right 120 (1)
2639/956/488 map/can/use rule Left 120 (1)
739/386/50 map/can/use rule Left Right 120 (1)
150/150/67 map/can/use rule Fill Triangle
21659/3063/228 map/can/use rule Vis A Vis (1)
6195/203/0 map/can/use rule 2 h Vis A Vis (1)


6999/1871/1811 map/can/use rule Free Triangle (1)
0/0/0 map/can/use rule Free Triangle (5)
0/0/0 map/can/use rule Free Triangle (10)
0/0/0 map/can/use rule Free Triangle (20)
2458/1982/439 map/can/use rule Right 60 (1)
2599/2158/705 map/can/use rule Left 60 (1)
3380/2081/382 map/can/use rule Right 120 (1)
3083/982/491 map/can/use rule Left 120 (1)
854/460/59 map/can/use rule Left Right 120 (1)
171/171/72 map/can/use rule Fill Triangle
25068/3725/292 map/can/use rule Vis A Vis (1)
6303/206/0 map/can/use rule 2 h Vis A Vis (1)


7999/1929/1860 map/can/use rule Free Triangle (1)
0/0/0 map/can/use rule Free Triangle (5)
0/0/0 map/can/use rule Free Triangle (10)
0/0/0 map/can/use rule Free Triangle (20)
3050/2488/551 map/can/use rule Right 60 (1)
2921/2404/807 map/can/use rule Left 60 (1)
3830/2278/395 map/can/use rule Right 120 (1)
3626/1015/498 map/can/use rule Left 120 (1)
1016/569/71 map/can/use rule Left Right 120 (1)
204/204/80 map/can/use rule Fill Triangle
28332/4335/322 map/can/use rule Vis A Vis (1)
6468/206/0 map/can/use rule 2 h Vis A Vis (1)

 Current Process: .
8999/1968/1890 map/can/use rule Free Triangle (1)
0/30/0 map/can/use rule Free Triangle (5)
0/0/0 map/can/use rule Free Triangle (10)
0/0/0 map/can/use rule Free Triangle (20)
3690/2879/598 map/can/use rule Right 60 (1)
3440/2673/862 map/can/use rule Left 60 (1)
4350/2355/398 map/can/use rule Right 120 (1)
4161/1026/500 map/can/use rule Left 120 (1)
1276/619/77 map/can/use rule Left Right 120 (1)
293/293/102 map/can/use rule Fill Triangle
38210/5144/386 map/can/use rule Vis A Vis (1)
10880/286/0 map/can/use rule 2 h Vis A Vis (1)


9999/1997/1912 map/can/use rule Free Triangle (1)
0/30/0 map/can/use rule Free Triangle (5)
0/0/0 map/can/use rule Free Triangle (10)
0/0/0 map/can/use rule Free Triangle (20)
4403/3356/725 map/can/use rule Right 60 (1)
3966/3014/970 map/can/use rule Left 60 (1)
4789/2416/403 map/can/use rule Right 120 (1)
4659/1039/506 map/can/use rule Left 120 (1)
1483/712/99 map/can/use rule Left Right 120 (1)
381/381/126 map/can/use rule Fill Triangle
42738/5726/514 map/can/use rule Vis A Vis (1)
11012/286/0 map/can/use rule 2 h Vis A Vis (1)


10999/2037/1947 map/can/use rule Free Triangle (1)
0/30/0 map/can/use rule Free Triangle (5)
0/0/0 map/can/use rule Free Triangle (10)
0/0/0 map/can/use rule Free Triangle (20)
5124/3827/836 map/can/use rule Right 60 (1)
4530/3365/1078 map/can/use rule Left 60 (1)
5200/2462/406 map/can/use rule Right 120 (1)
5234/1046/506 map/can/use rule Left 120 (1)
1710/811/132 map/can/use rule Left Right 120 (1)
492/492/174 map/can/use rule Fill Triangle
47403/6122/589 map/can/use rule Vis A Vis (1)
11390/287/0 map/can/use rule 2 h Vis A Vis (1)


11999/2064/1970 map/can/use rule Free Triangle (1)
0/30/0 map/can/use rule Free Triangle (5)
0/0/0 map/can/use rule Free Triangle (10)
0/0/0 map/can/use rule Free Triangle (20)
5862/4218/906 map/can/use rule Right 60 (1)
5150/3681/1159 map/can/use rule Left 60 (1)
5592/2500/415 map/can/use rule Right 120 (1)
5792/1058/507 map/can/use rule Left 120 (1)
1907/882/145 map/can/use rule Left Right 120 (1)
676/676/239 map/can/use rule Fill Triangle
51997/6349/636 map/can/use rule Vis A Vis (1)
11887/287/0 map/can/use rule 2 h Vis A Vis (1)


12999/2074/1980 map/can/use rule Free Triangle (1)
0/38/4 map/can/use rule Free Triangle (5)
0/0/0 map/can/use rule Free Triangle (10)
0/0/0 map/can/use rule Free Triangle (20)
6647/4640/989 map/can/use rule Right 60 (1)
5792/3977/1218 map/can/use rule Left 60 (1)
6005/2511/417 map/can/use rule Right 120 (1)
6352/1064/507 map/can/use rule Left 120 (1)
2118/905/147 map/can/use rule Left Right 120 (1)
825/825/296 map/can/use rule Fill Triangle
58260/6580/675 map/can/use rule Vis A Vis (1)
13721/289/0 map/can/use rule 2 h Vis A Vis (1)


13999/2089/1991 map/can/use rule Free Triangle (1)
0/40/6 map/can/use rule Free Triangle (5)
0/0/0 map/can/use rule Free Triangle (10)
0/0/0 map/can/use rule Free Triangle (20)
7410/4990/1028 map/can/use rule Right 60 (1)
6432/4277/1282 map/can/use rule Left 60 (1)
6396/2526/417 map/can/use rule Right 120 (1)
6899/1074/509 map/can/use rule Left 120 (1)
2291/921/151 map/can/use rule Left Right 120 (1)
1017/1014/336 map/can/use rule Fill Triangle
62261/6725/700 map/can/use rule Vis A Vis (1)
14505/289/0 map/can/use rule 2 h Vis A Vis (1)


14999/2097/1997 map/can/use rule Free Triangle (1)
0/41/6 map/can/use rule Free Triangle (5)
0/0/0 map/can/use rule Free Triangle (10)
0/0/0 map/can/use rule Free Triangle (20)
8228/5339/1089 map/can/use rule Right 60 (1)
7147/4565/1339 map/can/use rule Left 60 (1)
6794/2531/418 map/can/use rule Right 120 (1)
7494/1079/509 map/can/use rule Left 120 (1)
2464/928/153 map/can/use rule Left Right 120 (1)
1299/1289/388 map/can/use rule Fill Triangle
66380/6838/720 map/can/use rule Vis A Vis (1)
15687/289/0 map/can/use rule 2 h Vis A Vis (1)


15999/2103/2003 map/can/use rule Free Triangle (1)
0/43/7 map/can/use rule Free Triangle (5)
0/0/0 map/can/use rule Free Triangle (10)
0/0/0 map/can/use rule Free Triangle (20)
9075/5616/1138 map/can/use rule Right 60 (1)
7911/4799/1377 map/can/use rule Left 60 (1)
7218/2536/419 map/can/use rule Right 120 (1)
8114/1081/509 map/can/use rule Left 120 (1)
2632/935/154 map/can/use rule Left Right 120 (1)
1664/1654/454 map/can/use rule Fill Triangle
70041/6885/732 map/can/use rule Vis A Vis (1)
16866/289/0 map/can/use rule 2 h Vis A Vis (1)

 Current Process: ..
16999/2103/2003 map/can/use rule Free Triangle (1)
0/44/8 map/can/use rule Free Triangle (5)
0/0/0 map/can/use rule Free Triangle (10)
0/0/0 map/can/use rule Free Triangle (20)
9942/5848/1170 map/can/use rule Right 60 (1)
8686/4989/1403 map/can/use rule Left 60 (1)
7787/2539/419 map/can/use rule Right 120 (1)
8689/1082/509 map/can/use rule Left 120 (1)
2802/941/154 map/can/use rule Left Right 120 (1)
2119/2109/517 map/can/use rule Fill Triangle
72821/6932/736 map/can/use rule Vis A Vis (1)
17697/289/0 map/can/use rule 2 h Vis A Vis (1)


Surface meshing completed:
Mesh overview:
  Vertices: 16920
  Edges:    7019
  Surfaces: 37338
  Volumes:  0

Surface optimization:
  All faces planar: 1
  All edges straight: 1
no success with linesearch
 Current Process: Optimized face 703/1831 Current Process: Optimized face 1494/1831no success with linesearch
no success with linesearch
no success with linesearch
no success with linesearch
no success with linesearch
no success with linesearch
no success with linesearch
no success with linesearch
no success with linesearch
no success with linesearch
no success with linesearch
no success with linesearch
no success with linesearch
no success with linesearch
no success with linesearch
no success with linesearch
no success with linesearch
no success with linesearch
no success with linesearch
no success with linesearch
no success with linesearch
no success with linesearch
no success with linesearch
no success with linesearch
no success with linesearch
no success with linesearch
no success with linesearch
no success with linesearch
no success with linesearch
no success with linesearch
no success with linesearch
no success with linesearch
no success with linesearch
no success with linesearch
no success with linesearch
no success with linesearch
no success with linesearch
no success with linesearch
no success with linesearch
no success with linesearch
no success with linesearch
no success with linesearch
no success with linesearch
no success with linesearch
no success with linesearch
no success with linesearch
no success with linesearch
no success with linesearch
no success with linesearch
no success with linesearch
no success with linesearch
no success with linesearch
no success with linesearch
no success with linesearch
no success with linesearch
no success with linesearch
no success with linesearch
no success with linesearch
no success with linesearch
no success with linesearch
no success with linesearch
no success with linesearch
no success with linesearch
no success with linesearch
no success with linesearch
no success with linesearch
no success with linesearch
no success with linesearch
no success with linesearch
no success with linesearch
no success with linesearch
no success with linesearch
no success with linesearch
no success with linesearch
no success with linesearch
no success with linesearch
no success with linesearch
no success with linesearch
no success with linesearch
no success with linesearch
no success with linesearch
no success with linesearch
no success with linesearch
no success with linesearch
no success with linesearch
no success with linesearch
no success with linesearch
no success with linesearch
no success with linesearch
no success with linesearch
no success with linesearch
no success with linesearch
no success with linesearch
no success with linesearch
no success with linesearch
no success with linesearch
no success with linesearch
no success with linesearch
no success with linesearch
no success with linesearch
no success with linesearch
no success with linesearch
no success with linesearch
no success with linesearch
no success with linesearch
no success with linesearch
no success with linesearch
no success with linesearch
no success with linesearch
no success with linesearch
no success with linesearch
no success with linesearch
no success with linesearch
no success with linesearch
no success with linesearch
no success with linesearch
no success with linesearch
no success with linesearch
no success with linesearch
no success with linesearch
no success with linesearch
no success with linesearch
no success with linesearch
no success with linesearch
no success with linesearch
no success with linesearch
no success with linesearch
no success with linesearch
no success with linesearch
no success with linesearch
no success with linesearch
no success with linesearch
no success with linesearch
no success with linesearch
no success with linesearch
no success with linesearch
no success with linesearch
no success with linesearch
no success with linesearch
no success with linesearch
no success with linesearch
no success with linesearch
no success with linesearch
no success with linesearch
no success with linesearch
no success with linesearch
no success with linesearch
no success with linesearch
no success with linesearch
no success with linesearch
no success with linesearch
no success with linesearch
no success with linesearch
no success with linesearch
no success with linesearch
no success with linesearch
no success with linesearch
no success with linesearch
no success with linesearch
no success with linesearch
no success with linesearch
no success with linesearch
no success with linesearch
no success with linesearch
no success with linesearch
no success with linesearch
no success with linesearch
no success with linesearch
 Current Process: ... Current Process: ....totalActionsTaken = 69858

2D optimization completed:
Mesh overview:
  Vertices: 16920
  Edges:    7019
  Surfaces: 37338
  Volumes:  0

 Optimized Face 1831 / 1831

Surface meshing completed:
Mesh overview:
  Vertices: 15610
  Edges:    7019
  Surfaces: 34718
  Volumes:  0

Starting volume meshing:
Mesh overview:
  Vertices: 15610
  Edges:    7019
  Surfaces: 34718
  Volumes:  0
 Current Process: .....blockfill local h
rel filldist = 0.10000000000000001
.........+......


Points:           16533
Volume Elements:  66930
50 low quality volume elements

Volume elements in qualityclasses:
   0 - 0.05: 8445
0.05 -  0.1: 1901
 0.1 - 0.15: 1657
0.15 -  0.2: 1813
 0.2 - 0.25: 2359
0.25 -  0.3: 2767
 0.3 - 0.35: 3378
0.35 -  0.4: 3072
 0.4 - 0.45: 3064
0.45 -  0.5: 3840
 0.5 - 0.55: 3472
0.55 -  0.6: 3039
 0.6 - 0.65: 3290
0.65 -  0.7: 4593
 0.7 - 0.75: 6507
0.75 -  0.8: 6364
 0.8 - 0.85: 4887
0.85 -  0.9: 1938
 0.9 - 0.95: 479
0.95 -    1: 65
total error: 5e+11
free: 41511, fixed: 25419

Start SwapImprove
free: 20398, fixed: 45443

Start SwapImprove


Points:           16533
Volume Elements:  65746
50 low quality volume elements

Volume elements in qualityclasses:
   0 - 0.05: 8102
0.05 -  0.1: 1558
 0.1 - 0.15: 1516
0.15 -  0.2: 1701
 0.2 - 0.25: 2174
0.25 -  0.3: 2715
 0.3 - 0.35: 3315
0.35 -  0.4: 3181
 0.4 - 0.45: 3022
0.45 -  0.5: 3759
 0.5 - 0.55: 3391
0.55 -  0.6: 3113
 0.6 - 0.65: 3493
0.65 -  0.7: 4669
 0.7 - 0.75: 6529
0.75 -  0.8: 6274
 0.8 - 0.85: 4804
0.85 -  0.9: 1908
 0.9 - 0.95: 464
0.95 -    1: 58
total error: 5e+11
vol = -1e-06 h = 8.5
vol = -2.6e-07 h = 6.8

9999/42/41 map/can/use rule Free Tetrahedron
5468/2702/2291 map/can/use rule Tetrahedron 60
2177/2175/1673 map/can/use rule Tetrahedron 60 with edge(1)
0/0/0 map/can/use rule Tetrahedron Vis a Vis Point (1)
14519/1472/642 map/can/use rule Tetrahedron Vis a Vis Point with edge(1)
7228/3392/634 map/can/use rule Tetrahedron Vis a Vis Point with 2 edges (1)
3746/3707/951 map/can/use rule Tetrahedron Vis a Vis Point with 3 edges (1)
0/0/0 map/can/use rule Tetrahedron Vis a Vis Triangle (1)
0/0/0 map/can/use rule Octaeder 1
0/0/0 map/can/use rule Octaeder 2
0/0/0 map/can/use rule Octaeder 2a
0/0/0 map/can/use rule Pyramid 1
1496/1482/87 map/can/use rule Tetrahedron 2 times 60
676/676/1 map/can/use rule Fill Tetrahedron (1)
3612/1509/994 map/can/use rule Tetrahedron 120 (1)
0/0/0 map/can/use rule Tetrahedron 2 times 120 (1)
0/0/0 map/can/use rule four Tetrahedron non convex (4)
0/0/0 map/can/use rule five Tetrahedron non convex (4)
0/0/0 map/can/use rule four Tetrahedron non convex (6)
0/0/0 map/can/use rule four Tetrahedron non convex (6)
0/0/0 map/can/use rule three Tetrahedron non convex (4)
0/0/0 map/can/use rule three Tetrahedron non convex (6)
0/0/0 map/can/use rule four Tetrahedron non convex (6)
0/0/0 map/can/use rule Tetrahedron 2 in 60 (12)
0/0/0 map/can/use rule Tetrahedron 120: but more than 180 (13)
0/0/0 map/can/use rule Free Tetrahedron (14)
0/0/0 map/can/use rule Free Tetrahedron (15)


19999/60/59 map/can/use rule Free Tetrahedron
12277/4616/4109 map/can/use rule Tetrahedron 60
4530/4353/3605 map/can/use rule Tetrahedron 60 with edge(1)
0/0/0 map/can/use rule Tetrahedron Vis a Vis Point (1)
34486/2294/1083 map/can/use rule Tetrahedron Vis a Vis Point with edge(1)
16281/6178/1540 map/can/use rule Tetrahedron Vis a Vis Point with 2 edges (1)
8489/7748/2244 map/can/use rule Tetrahedron Vis a Vis Point with 3 edges (1)
0/0/0 map/can/use rule Tetrahedron Vis a Vis Triangle (1)
0/0/0 map/can/use rule Octaeder 1
0/0/0 map/can/use rule Octaeder 2
0/0/0 map/can/use rule Octaeder 2a
0/0/0 map/can/use rule Pyramid 1
3374/3105/251 map/can/use rule Tetrahedron 2 times 60
1318/1249/15 map/can/use rule Fill Tetrahedron (1)
6077/1756/1165 map/can/use rule Tetrahedron 120 (1)
0/0/0 map/can/use rule Tetrahedron 2 times 120 (1)
0/0/0 map/can/use rule four Tetrahedron non convex (4)
0/0/0 map/can/use rule five Tetrahedron non convex (4)
0/0/0 map/can/use rule four Tetrahedron non convex (6)
0/0/0 map/can/use rule four Tetrahedron non convex (6)
0/0/0 map/can/use rule three Tetrahedron non convex (4)
0/0/0 map/can/use rule three Tetrahedron non convex (6)
0/0/0 map/can/use rule four Tetrahedron non convex (6)
0/0/0 map/can/use rule Tetrahedron 2 in 60 (12)
0/0/0 map/can/use rule Tetrahedron 120: but more than 180 (13)
0/0/0 map/can/use rule Free Tetrahedron (14)
0/0/0 map/can/use rule Free Tetrahedron (15)


29999/60/59 map/can/use rule Free Tetrahedron
19416/6044/5824 map/can/use rule Tetrahedron 60
6759/6229/5050 map/can/use rule Tetrahedron 60 with edge(1)
0/0/0 map/can/use rule Tetrahedron Vis a Vis Point (1)
50556/3009/1183 map/can/use rule Tetrahedron Vis a Vis Point with edge(1)
24723/8277/2347 map/can/use rule Tetrahedron Vis a Vis Point with 2 edges (1)
13116/11065/3353 map/can/use rule Tetrahedron Vis a Vis Point with 3 edges (1)
0/0/0 map/can/use rule Tetrahedron Vis a Vis Triangle (1)
0/0/0 map/can/use rule Octaeder 1
0/0/0 map/can/use rule Octaeder 2
0/0/0 map/can/use rule Octaeder 2a
0/0/0 map/can/use rule Pyramid 1
5781/4852/493 map/can/use rule Tetrahedron 2 times 60
2659/2226/38 map/can/use rule Fill Tetrahedron (1)
8923/1777/1183 map/can/use rule Tetrahedron 120 (1)
0/0/0 map/can/use rule Tetrahedron 2 times 120 (1)
0/0/0 map/can/use rule four Tetrahedron non convex (4)
0/0/0 map/can/use rule five Tetrahedron non convex (4)
0/0/0 map/can/use rule four Tetrahedron non convex (6)
0/0/0 map/can/use rule four Tetrahedron non convex (6)
0/0/0 map/can/use rule three Tetrahedron non convex (4)
0/0/0 map/can/use rule three Tetrahedron non convex (6)
0/0/0 map/can/use rule four Tetrahedron non convex (6)
0/0/0 map/can/use rule Tetrahedron 2 in 60 (12)
0/0/0 map/can/use rule Tetrahedron 120: but more than 180 (13)
0/0/0 map/can/use rule Free Tetrahedron (14)
0/0/0 map/can/use rule Free Tetrahedron (15)


39999/60/59 map/can/use rule Free Tetrahedron
28147/6326/6184 map/can/use rule Tetrahedron 60
7234/6606/5320 map/can/use rule Tetrahedron 60 with edge(1)
0/0/0 map/can/use rule Tetrahedron Vis a Vis Point (1)
65677/3187/1185 map/can/use rule Tetrahedron Vis a Vis Point with edge(1)
31870/8669/2490 map/can/use rule Tetrahedron Vis a Vis Point with 2 edges (1)
14063/11674/3507 map/can/use rule Tetrahedron Vis a Vis Point with 3 edges (1)
0/0/0 map/can/use rule Tetrahedron Vis a Vis Triangle (1)
0/0/0 map/can/use rule Octaeder 1
0/0/0 map/can/use rule Octaeder 2
0/0/0 map/can/use rule Octaeder 2a
0/0/0 map/can/use rule Pyramid 1
6317/5211/562 map/can/use rule Tetrahedron 2 times 60
2997/2451/49 map/can/use rule Fill Tetrahedron (1)
15771/1777/1183 map/can/use rule Tetrahedron 120 (1)
0/0/0 map/can/use rule Tetrahedron 2 times 120 (1)
1861/170/161 map/can/use rule four Tetrahedron non convex (4)
550/14/35 map/can/use rule five Tetrahedron non convex (4)
158/61/85 map/can/use rule four Tetrahedron non convex (6)
0/0/0 map/can/use rule four Tetrahedron non convex (6)
17/14/0 map/can/use rule three Tetrahedron non convex (4)
0/0/0 map/can/use rule three Tetrahedron non convex (6)
0/0/0 map/can/use rule four Tetrahedron non convex (6)
0/0/0 map/can/use rule Tetrahedron 2 in 60 (12)
0/0/0 map/can/use rule Tetrahedron 120: but more than 180 (13)
0/0/0 map/can/use rule Free Tetrahedron (14)
0/0/0 map/can/use rule Free Tetrahedron (15)


49999/60/59 map/can/use rule Free Tetrahedron
37449/6337/6208 map/can/use rule Tetrahedron 60
7251/6618/5333 map/can/use rule Tetrahedron 60 with edge(1)
0/0/0 map/can/use rule Tetrahedron Vis a Vis Point (1)
81127/3191/1185 map/can/use rule Tetrahedron Vis a Vis Point with edge(1)
38873/8686/2500 map/can/use rule Tetrahedron Vis a Vis Point with 2 edges (1)
14110/11701/3520 map/can/use rule Tetrahedron Vis a Vis Point with 3 edges (1)
0/0/0 map/can/use rule Tetrahedron Vis a Vis Triangle (1)
0/0/0 map/can/use rule Octaeder 1
0/0/0 map/can/use rule Octaeder 2
0/0/0 map/can/use rule Octaeder 2a
0/0/0 map/can/use rule Pyramid 1
6343/5223/566 map/can/use rule Tetrahedron 2 times 60
3012/2457/49 map/can/use rule Fill Tetrahedron (1)
23652/1777/1183 map/can/use rule Tetrahedron 120 (1)
0/0/0 map/can/use rule Tetrahedron 2 times 120 (1)
4902/174/166 map/can/use rule four Tetrahedron non convex (4)
1584/16/36 map/can/use rule five Tetrahedron non convex (4)
777/162/295 map/can/use rule four Tetrahedron non convex (6)
0/0/0 map/can/use rule four Tetrahedron non convex (6)
20/17/0 map/can/use rule three Tetrahedron non convex (4)
0/0/0 map/can/use rule three Tetrahedron non convex (6)
0/0/0 map/can/use rule four Tetrahedron non convex (6)
0/0/0 map/can/use rule Tetrahedron 2 in 60 (12)
0/0/0 map/can/use rule Tetrahedron 120: but more than 180 (13)
0/0/0 map/can/use rule Free Tetrahedron (14)
0/0/0 map/can/use rule Free Tetrahedron (15)

  59 times used rule Free Tetrahedron
6208 times used rule Tetrahedron 60
5333 times used rule Tetrahedron 60 with edge(1)
   0 times used rule Tetrahedron Vis a Vis Point (1)
1185 times used rule Tetrahedron Vis a Vis Point with edge(1)
2500 times used rule Tetrahedron Vis a Vis Point with 2 edges (1)
3520 times used rule Tetrahedron Vis a Vis Point with 3 edges (1)
   0 times used rule Tetrahedron Vis a Vis Triangle (1)
   0 times used rule Octaeder 1
   0 times used rule Octaeder 2
   0 times used rule Octaeder 2a
   0 times used rule Pyramid 1
 566 times used rule Tetrahedron 2 times 60
  49 times used rule Fill Tetrahedron (1)
1183 times used rule Tetrahedron 120 (1)
   0 times used rule Tetrahedron 2 times 120 (1)
 167 times used rule four Tetrahedron non convex (4)
  36 times used rule five Tetrahedron non convex (4)
 379 times used rule four Tetrahedron non convex (6)
   0 times used rule four Tetrahedron non convex (6)
   0 times used rule three Tetrahedron non convex (4)
   0 times used rule three Tetrahedron non convex (6)
   0 times used rule four Tetrahedron non convex (6)
   0 times used rule Tetrahedron 2 in 60 (12)
   0 times used rule Tetrahedron 120: but more than 180 (13)
   0 times used rule Free Tetrahedron (14)
   0 times used rule Free Tetrahedron (15)
free: 1076, fixed: 35633
Improve Mesh
no success with linesearch
no success with linesearch
no success with linesearch
no success with linesearch
no success with linesearch
no success with linesearch
no success with linesearch
no success with linesearch
no success with linesearch
no success with linesearch
no success with linesearch

 Current Process: Optimizing volume, step 18free: 1076, fixed: 35633
Start CombineImprove
illegal tet 28246
low volume of tet 0
low volume of tet 0
low volume of tet 1.1564823e-18
illegal tet 32826
illegal tet 28513
illegal tet 28514
illegal tet 28517
illegal tet 30826
low volume of tet 1.4456029e-19
low volume of tet 0
low volume of tet 0
low volume of tet 0
low volume of tet 0
low volume of tet 0
low volume of tet 0
low volume of tet 0
low volume of tet 0
low volume of tet 0
low volume of tet 0
low volume of tet 0
low volume of tet 0
low volume of tet 0
low volume of tet 0
low volume of tet 0
low volume of tet 0
low volume of tet 0
illegal tet 34942
illegal tet 34943
illegal tet 35216
low volume of tet 0
low volume of tet 0
illegal tet 35219
low volume of tet 0
low volume of tet 0
low volume of tet 0
low volume of tet 0
low volume of tet 0
low volume of tet 0
low volume of tet 0
low volume of tet 0
low volume of tet 0
low volume of tet 0
low volume of tet 0
low volume of tet 0
low volume of tet 0
low volume of tet 0
low volume of tet 0
low volume of tet 0
low volume of tet 0
low volume of tet 0
low volume of tet 0
low volume of tet 0
illegal tet 35256
low volume of tet 0
low volume of tet 0
illegal tet 35259
illegal tet 35264
illegal tet 35265
low volume of tet 0
illegal tet 35267
illegal tet 35668
low volume of tet 0
low volume of tet 0
low volume of tet 0
low volume of tet 0
low volume of tet 0
low volume of tet 0
low volume of tet 0
low volume of tet 0
low volume of tet 0
low volume of tet 0
low volume of tet 0
low volume of tet 0
low volume of tet 0
low volume of tet 0
low volume of tet 0
low volume of tet 0
low volume of tet 0
low volume of tet 0
low volume of tet 0
low volume of tet 0
low volume of tet 0
low volume of tet 0
low volume of tet 0
low volume of tet 0
low volume of tet 0
low volume of tet 0
low volume of tet 0
low volume of tet 0
low volume of tet 0
low volume of tet 0
low volume of tet 0
low volume of tet 0
illegal tet 35555
low volume of tet 0
low volume of tet 0
illegal tet 35558
illegal tet 35563
illegal tet 35564
illegal tet 35565
illegal tet 35566
low volume of tet 0
low volume of tet 0
low volume of tet 0
low volume of tet 0
illegal tet 35579
illegal tet 35580
low volume of tet 0
low volume of tet 0
illegal tet 35583
illegal tet 35584
illegal tet 35585
low volume of tet 0
low volume of tet 0
low volume of tet 0
low volume of tet 0
low volume of tet 0
low volume of tet 0
low volume of tet 0
low volume of tet 0
low volume of tet 0
low volume of tet 0
low volume of tet 0
low volume of tet 0
low volume of tet 0
low volume of tet 0
low volume of tet 0
low volume of tet 0
low volume of tet 0
low volume of tet 0
low volume of tet 0
low volume of tet 0
low volume of tet 0
illegal tet 35631
low volume of tet 0
low volume of tet 0
illegal tet 35634
low volume of tet 0
low volume of tet 0
low volume of tet 0
low volume of tet 0
low volume of tet 0
low volume of tet 0
low volume of tet 0
low volume of tet 0
low volume of tet 0
low volume of tet 0
low volume of tet 0
low volume of tet 0
low volume of tet 0
low volume of tet 0
low volume of tet 0
low volume of tet 0
low volume of tet 0
low volume of tet 0
low volume of tet 0
low volume of tet 0
low volume of tet 0
low volume of tet 0
low volume of tet 0
low volume of tet 0
low volume of tet 0
low volume of tet 0
low volume of tet 0
low volume of tet 0
low volume of tet 0
low volume of tet 0
low volume of tet 0
low volume of tet 0
low volume of tet 0
low volume of tet 0
low volume of tet 0
low volume of tet 0
low volume of tet 0
low volume of tet 0
low volume of tet 0
low volume of tet 0
low volume of tet 0
low volume of tet 0
low volume of tet 0
low volume of tet 0
low volume of tet 0
low volume of tet 0
low volume of tet 0
low volume of tet 0
low volume of tet 0
low volume of tet 0
low volume of tet 0
low volume of tet 0
low volume of tet 0
low volume of tet 0
low volume of tet 0
low volume of tet 0
low volume of tet 0
low volume of tet 0
low volume of tet 0
low volume of tet 0
low volume of tet 0
low volume of tet 0
low volume of tet 0
low volume of tet 0
low volume of tet 0
low volume of tet 0
low volume of tet 0
low volume of tet 0
low volume of tet 0
low volume of tet 0
low volume of tet 0
low volume of tet 0
low volume of tet 0
low volume of tet 0
low volume of tet 0
low volume of tet 0
illegal tet 35860
illegal tet 35861
low volume of tet 0
illegal tet 35863
illegal tet 35864
low volume of tet 0
low volume of tet 0
illegal tet 35867
low volume of tet 0
low volume of tet 0
low volume of tet 0
low volume of tet 0
low volume of tet 0
low volume of tet 0
low volume of tet 0
low volume of tet 0
low volume of tet 0
low volume of tet 0
low volume of tet 0
low volume of tet 0
low volume of tet 0
low volume of tet 0
low volume of tet 0
low volume of tet 0
low volume of tet 0
low volume of tet 0
low volume of tet 0
low volume of tet 0
low volume of tet 0
low volume of tet 0
low volume of tet 0
low volume of tet 0
low volume of tet 0
low volume of tet 0
low volume of tet 0
low volume of tet 0
low volume of tet 0
low volume of tet 0
low volume of tet 0
low volume of tet 0
low volume of tet 0
low volume of tet 0
low volume of tet 0
low volume of tet 0
low volume of tet 0
low volume of tet 0
low volume of tet 0
low volume of tet 0
low volume of tet 0
low volume of tet 0
low volume of tet 0
low volume of tet 0
illegal tet 35968
illegal tet 35969
low volume of tet 0
illegal tet 35971
low volume of tet 0
low volume of tet 0
low volume of tet 0
low volume of tet 0
low volume of tet 0
low volume of tet 0
low volume of tet 0
low volume of tet 0
low volume of tet 0
low volume of tet 0
low volume of tet 0
low volume of tet 0
low volume of tet 0
low volume of tet 0
low volume of tet 0
low volume of tet 0
low volume of tet 0
low volume of tet 0
low volume of tet 0
low volume of tet 0
low volume of tet 0
low volume of tet 0
low volume of tet 0
low volume of tet 0
low volume of tet 0
low volume of tet 0
low volume of tet 0
low volume of tet 0
low volume of tet 0
low volume of tet 0
low volume of tet 0
low volume of tet 0
low volume of tet 0
low volume of tet 0
low volume of tet 0
low volume of tet 0
low volume of tet 0
low volume of tet 0
low volume of tet 0
low volume of tet 0
low volume of tet 0
low volume of tet 0
low volume of tet 0
low volume of tet 0
low volume of tet 0
low volume of tet 0
low volume of tet 0
low volume of tet 0
low volume of tet 0
low volume of tet 0
low volume of tet 0
low volume of tet 0
low volume of tet 0
low volume of tet 0
low volume of tet 0
low volume of tet 0
low volume of tet 0
low volume of tet 0
low volume of tet 0
low volume of tet 0
low volume of tet 0
low volume of tet 0
low volume of tet 0
low volume of tet 0
low volume of tet 0
low volume of tet 0
low volume of tet 0
low volume of tet 0
low volume of tet 0
low volume of tet 0
low volume of tet 0
low volume of tet 0
low volume of tet 0
low volume of tet 0
low volume of tet 0
low volume of tet 0
low volume of tet 0
low volume of tet 0
low volume of tet 0
low volume of tet 0
low volume of tet 0
low volume of tet 0
low volume of tet 0
low volume of tet 0
low volume of tet 2.8912058e-19
low volume of tet 2.8912058e-19
low volume of tet 0
low volume of tet 0
low volume of tet 0
low volume of tet 0
low volume of tet 0
low volume of tet 0
low volume of tet 0
low volume of tet 0
low volume of tet 0
low volume of tet 0
low volume of tet 0
low volume of tet 0
low volume of tet 0
low volume of tet 0
low volume of tet 0
low volume of tet 0
low volume of tet 0
low volume of tet 0
low volume of tet 0
low volume of tet 0
low volume of tet 0
low volume of tet 0
low volume of tet 0
low volume of tet 0
low volume of tet 0
low volume of tet 0
low volume of tet 0
low volume of tet 0
low volume of tet 0
low volume of tet 0
low volume of tet 0
low volume of tet 0
low volume of tet 0
low volume of tet 0
low volume of tet 0
low volume of tet 0
low volume of tet 9.0350181e-21
low volume of tet 2.8234432e-21
low volume of tet 0
low volume of tet 7.2280145e-20
low volume of tet 0
low volume of tet 0
low volume of tet 0
low volume of tet 0
low volume of tet 0
low volume of tet 0
low volume of tet 0
low volume of tet 0
low volume of tet 0
low volume of tet 0
low volume of tet 0
low volume of tet 0
low volume of tet 0
low volume of tet 0
low volume of tet 0
low volume of tet 0
low volume of tet 0
low volume of tet 0
low volume of tet 0
low volume of tet 0
low volume of tet 0
low volume of tet 0
low volume of tet 0
low volume of tet 0
low volume of tet 0
low volume of tet 0
low volume of tet 0
low volume of tet 0
low volume of tet 2.1684043e-19
low volume of tet 7.2280145e-20
low volume of tet 0
low volume of tet 0
low volume of tet 0
low volume of tet 0
low volume of tet 0
low volume of tet 0
low volume of tet 0
low volume of tet 0
low volume of tet 0
low volume of tet 0
low volume of tet 0
low volume of tet 0
low volume of tet 0
low volume of tet 0
low volume of tet 0
low volume of tet 0
low volume of tet 0
low volume of tet 0
low volume of tet 0
low volume of tet 0
low volume of tet 0
low volume of tet 0
low volume of tet 0
low volume of tet 1.1564823e-18
illegal tet 36354
illegal tet 36403
low volume of tet 0
illegal tet 36357
low volume of tet 0
illegal tet 36359
illegal tet 36360
low volume of tet 0
low volume of tet 0
low volume of tet 0
low volume of tet 0
low volume of tet 0
low volume of tet 0
low volume of tet 0
low volume of tet 0
low volume of tet 0
low volume of tet 0
low volume of tet 0
low volume of tet 0
low volume of tet 0
low volume of tet 0
low volume of tet 0
low volume of tet 0
low volume of tet 0
low volume of tet 0
low volume of tet 0
low volume of tet 0
low volume of tet 0
low volume of tet 0
low volume of tet 0
low volume of tet 0
low volume of tet 0
low volume of tet 0
low volume of tet 0
low volume of tet 0
low volume of tet 0
low volume of tet 7.2280145e-20
low volume of tet 0
low volume of tet 0
low volume of tet 0
illegal tet 36402
low volume of tet 7.2280145e-20
low volume of tet 0
low volume of tet 0
low volume of tet 0
low volume of tet 2.8234432e-21
low volume of tet 9.0350181e-21
low volume of tet 0
low volume of tet 0
low volume of tet 0
low volume of tet 0
low volume of tet 0
low volume of tet 0
low volume of tet 0
low volume of tet 0
low volume of tet 0
low volume of tet 0
low volume of tet 0
low volume of tet 0
low volume of tet 0
low volume of tet 0
low volume of tet 0
low volume of tet 0
low volume of tet 0
low volume of tet 0
low volume of tet 0
low volume of tet 0
low volume of tet 0
low volume of tet 0
low volume of tet 0
low volume of tet 0
low volume of tet 0
low volume of tet 0
low volume of tet 0
low volume of tet 0
low volume of tet 0
low volume of tet 0
illegal tet 36470
illegal tet 36471
low volume of tet 0
low volume of tet 0
illegal tet 36478
illegal tet 36479
low volume of tet 0
low volume of tet 0
low volume of tet 0
low volume of tet 0
low volume of tet 0
low volume of tet 0
low volume of tet 0
low volume of tet 0
low volume of tet 0
low volume of tet 0
low volume of tet 0
low volume of tet 0
low volume of tet 0
low volume of tet 0
low volume of tet 0
low volume of tet 0
low volume of tet 0
low volume of tet 0
low volume of tet 0
low volume of tet 0
low volume of tet 0
low volume of tet 0
low volume of tet 0
low volume of tet 0
low volume of tet 0
low volume of tet 0
low volume of tet 0
low volume of tet 0
low volume of tet 0
low volume of tet 2.1684043e-19
low volume of tet 3.6140072e-20
low volume of tet 0
low volume of tet 0
low volume of tet 0
low volume of tet 0
low volume of tet 0
low volume of tet 0
low volume of tet 0
low volume of tet 0
low volume of tet 0
low volume of tet 0
low volume of tet 0
low volume of tet 0
low volume of tet 0
illegal tet 36582
illegal tet 36583
low volume of tet 0
low volume of tet 0
low volume of tet 0
low volume of tet 0
low volume of tet 0
low volume of tet 0
low volume of tet 0
low volume of tet 0
low volume of tet 0
low volume of tet 0
low volume of tet 0
low volume of tet 0
low volume of tet 0
low volume of tet 0
low volume of tet 0
low volume of tet 0
low volume of tet 0
low volume of tet 0
illegal tet 36602
illegal tet 36603
low volume of tet 0
low volume of tet 0
low volume of tet 0
low volume of tet 0
low volume of tet 0
low volume of tet 0
low volume of tet 0
low volume of tet 0
low volume of tet 0
low volume of tet 0
low volume of tet 0
low volume of tet 0
low volume of tet 0
low volume of tet 0
low volume of tet 0
low volume of tet 0
low volume of tet 0
low volume of tet 0
low volume of tet 0
low volume of tet 0
low volume of tet 0
low volume of tet 0
low volume of tet 0
low volume of tet 0
low volume of tet 0
low volume of tet 0
low volume of tet 0
low volume of tet 0
low volume of tet 0
low volume of tet 0
low volume of tet 0
low volume of tet 0
low volume of tet 0
low volume of tet 0
low volume of tet 0
low volume of tet 0
low volume of tet 0
low volume of tet 0
low volume of tet 0
low volume of tet 0
low volume of tet 0
low volume of tet 0
low volume of tet 0
low volume of tet 0
low volume of tet 0
low volume of tet 0
low volume of tet 0
low volume of tet 0
low volume of tet 0
low volume of tet 0
low volume of tet 0
low volume of tet 0
low volume of tet 0
low volume of tet 0
low volume of tet 0
low volume of tet 0
low volume of tet 0
low volume of tet 0
low volume of tet 0
low volume of tet 0
low volume of tet 0
low volume of tet 0
low volume of tet 0
low volume of tet 0
low volume of tet 0
low volume of tet 0
low volume of tet 0
low volume of tet 0
low volume of tet 0
low volume of tet 0
low volume of tet 0
low volume of tet 0
low volume of tet 0
low volume of tet 0
low volume of tet 0
low volume of tet 0
low volume of tet 0
low volume of tet 0
low volume of tet 0
low volume of tet 0
low volume of tet 0
low volume of tet 0
low volume of tet 0
low volume of tet 0
low volume of tet 0
172 elements combined
CombineImprove done
free: 462, fixed: 35564
Improve Mesh

free: 462, fixed: 35564

Start SwapImprove
free: 470, fixed: 35559

Start SwapImprove2
detected illegal tet1: 3664
detected illegal tet1: 5291
detected illegal tet1: 11835
detected illegal tet1: 28517
detected illegal tet1: 28665
detected illegal tet1: 30620
detected illegal tet1: 31768
detected illegal tet1: 35717
Total badness = 132391.16
Total badness = 132544.47
swapimprove2 done
free: 479, fixed: 35558
Improve Mesh

free: 479, fixed: 35558
Start CombineImprove
low volume of tet 0
illegal tet 19571
low volume of tet 0
low volume of tet 0
low volume of tet 0
low volume of tet 0
low volume of tet 0
low volume of tet 0
illegal tet 34107
illegal tet 34113
low volume of tet 0
low volume of tet 0
low volume of tet 0
low volume of tet 0
low volume of tet 0
low volume of tet 0
low volume of tet 0
low volume of tet 0
low volume of tet 0
low volume of tet 0
low volume of tet 0
low volume of tet 0
low volume of tet 0
low volume of tet 0
low volume of tet 1.8070036e-20
low volume of tet 0
low volume of tet 0
low volume of tet 0
low volume of tet 0
low volume of tet 0
illegal tet 36036
low volume of tet 1.1293773e-21
low volume of tet 0
low volume of tet 0
illegal tet 28783
illegal tet 28784
low volume of tet 0
low volume of tet 0
illegal tet 30798
low volume of tet 0
low volume of tet 0
low volume of tet 0
low volume of tet 0
low volume of tet 1.4456029e-19
low volume of tet 0
low volume of tet 0
low volume of tet 0
low volume of tet 5.7824116e-19
low volume of tet 0
low volume of tet 0
low volume of tet 0
illegal tet 30621
illegal tet 35649
illegal tet 35715
illegal tet 30607
illegal tet 30620
illegal tet 35671
illegal tet 35960
low volume of tet 0
low volume of tet 2.3129646e-18
low volume of tet 0
illegal tet 30698
illegal tet 33648
low volume of tet 2.8912058e-19
low volume of tet 0
low volume of tet 0
low volume of tet 0
low volume of tet 0
low volume of tet 0
low volume of tet 0
low volume of tet 0
low volume of tet 0
low volume of tet 0
low volume of tet 0
low volume of tet 0
low volume of tet 0
low volume of tet 0
illegal tet 35559
low volume of tet 0
low volume of tet 0
illegal tet 35809
illegal tet 31513
low volume of tet 0
illegal tet 35963
low volume of tet 0
low volume of tet 0
low volume of tet 0
low volume of tet 0
low volume of tet 0
illegal tet 32323
low volume of tet 0
low volume of tet 0
illegal tet 35965
low volume of tet 4.5175091e-21
low volume of tet 0
low volume of tet 0
low volume of tet 0
low volume of tet 0
low volume of tet 0
low volume of tet 0
low volume of tet 0
low volume of tet 4.5175091e-21
low volume of tet 1.8070036e-20
low volume of tet 0
low volume of tet 1.8070036e-20
low volume of tet 1.4456029e-19
low volume of tet 1.8070036e-20
low volume of tet 5.7824116e-19
low volume of tet 0
low volume of tet 0
low volume of tet 0
low volume of tet 0
low volume of tet 0
low volume of tet 0
low volume of tet 3.6140072e-20
low volume of tet 0
low volume of tet 0
low volume of tet 0
low volume of tet 2.8912058e-19
low volume of tet 1.3552527e-20
low volume of tet 0
low volume of tet 3.6140072e-20
illegal tet 25641
illegal tet 26081
illegal tet 35212
illegal tet 35737
illegal tet 35775
low volume of tet 0
low volume of tet 0
low volume of tet 0
low volume of tet 0
low volume of tet 0
low volume of tet 0
low volume of tet 0
illegal tet 35220
low volume of tet 0
illegal tet 35390
illegal tet 35393
illegal tet 35431
low volume of tet 3.6140072e-20
low volume of tet 0
low volume of tet 0
low volume of tet 0
low volume of tet 0
low volume of tet 0
low volume of tet 0
low volume of tet 0
low volume of tet 1.1564823e-18
low volume of tet 0
low volume of tet 0
low volume of tet 0
low volume of tet 0
low volume of tet 0
low volume of tet 0
low volume of tet 5.7824116e-19
low volume of tet 0
low volume of tet 0
low volume of tet 3.6140072e-20
low volume of tet 1.4456029e-19
low volume of tet 0
low volume of tet 0
low volume of tet 0
low volume of tet 0
low volume of tet 9.0350181e-21
low volume of tet 3.6140072e-20
low volume of tet 0
illegal tet 35655
illegal tet 35873
low volume of tet 0
low volume of tet 0
low volume of tet 0
low volume of tet 2.8912058e-19
low volume of tet 0
low volume of tet 0
low volume of tet 0
low volume of tet 0
low volume of tet 5.7824116e-19
low volume of tet 0
low volume of tet 0
low volume of tet 0
low volume of tet 0
low volume of tet 0
low volume of tet 0
low volume of tet 0
low volume of tet 0
low volume of tet 0
illegal tet 35993
43 elements combined
CombineImprove done
free: 293, fixed: 35558
Improve Mesh

free: 293, fixed: 35558

Start SwapImprove
free: 317, fixed: 35530

Start SwapImprove2
detected illegal tet1: 3664
detected illegal tet1: 11835
detected illegal tet1: 25641
detected illegal tet1: 28665
detected illegal tet1: 35648
Total badness = 102183.77
Total badness = 102374.08
swapimprove2 done
free: 322, fixed: 35530
Improve Mesh

free: 322, fixed: 35530
Start CombineImprove
low volume of tet 0
low volume of tet 1.1564823e-18
low volume of tet 0
low volume of tet 0
low volume of tet 0
illegal tet 27160
low volume of tet 4.6259293e-18
illegal tet 31342
low volume of tet 0
illegal tet 27371
low volume of tet 0
low volume of tet 0
low volume of tet 4.3368087e-19
low volume of tet 0
low volume of tet 0
low volume of tet 0
low volume of tet 0
low volume of tet 0
low volume of tet 0
low volume of tet 0
low volume of tet 0
low volume of tet 0
low volume of tet 0
low volume of tet 0
low volume of tet 0
low volume of tet 0
low volume of tet 0
low volume of tet 0
low volume of tet 0
low volume of tet 0
low volume of tet 0
low volume of tet 5.7824116e-19
low volume of tet 0
low volume of tet 0
low volume of tet 5.8162929e-20
low volume of tet 1.7505348e-19
low volume of tet 8.6736174e-19
low volume of tet 0
low volume of tet 0
low volume of tet 0
low volume of tet 0
low volume of tet 5.7824116e-19
low volume of tet 0
low volume of tet 0
low volume of tet 0
illegal tet 26080
low volume of tet 0
low volume of tet 7.2280145e-20
low volume of tet 0
low volume of tet 1.4456029e-19
low volume of tet 0
low volume of tet 0
low volume of tet 0
illegal tet 26505
low volume of tet 0
low volume of tet 0
low volume of tet 0
low volume of tet 0
low volume of tet 0
low volume of tet 0
low volume of tet 3.6140072e-20
low volume of tet 2.8912058e-19
low volume of tet 0
low volume of tet 0
low volume of tet 0
low volume of tet 0
low volume of tet 0
low volume of tet 9.0350181e-21
low volume of tet 1.8070036e-20
low volume of tet 0
low volume of tet 0
low volume of tet 9.0350181e-21
low volume of tet 0
low volume of tet 0
low volume of tet 0
low volume of tet 0
low volume of tet 0
low volume of tet 0
low volume of tet 1.1564823e-18
low volume of tet 0
low volume of tet 0
low volume of tet 5.7824116e-19
low volume of tet 5.7824116e-19
low volume of tet 2.3129646e-18
low volume of tet 1.1564823e-18
low volume of tet 0
low volume of tet 0
low volume of tet 0
low volume of tet 0
low volume of tet 0
low volume of tet 0
low volume of tet 0
low volume of tet 1.8070036e-20
low volume of tet 0
low volume of tet 0
low volume of tet 0
low volume of tet 1.1293773e-21
low volume of tet 9.0350181e-21
low volume of tet 7.2280145e-20
low volume of tet 0
low volume of tet 0
low volume of tet 0
low volume of tet 0
low volume of tet 0
low volume of tet 0
low volume of tet 0
low volume of tet 0
low volume of tet 0
low volume of tet 2.8912058e-19
low volume of tet 0
low volume of tet 0
low volume of tet 2.8912058e-19
low volume of tet 0
low volume of tet 0
low volume of tet 1.4117216e-22
low volume of tet 0
low volume of tet 0
low volume of tet 0
low volume of tet 0
low volume of tet 0
illegal tet 26196
low volume of tet 0
low volume of tet 0
low volume of tet 7.2280145e-20
25 elements combined
CombineImprove done
free: 240, fixed: 35488
Improve Mesh

free: 240, fixed: 35488

Start SwapImprove
free: 236, fixed: 35481

Start SwapImprove2
detected illegal tet1: 3664
detected illegal tet1: 11835
detected illegal tet1: 25641
detected illegal tet1: 28665
detected illegal tet1: 35648
detected illegal tet1: 35682
Total badness = 95986.062
Total badness = 96048.062
swapimprove2 done
free: 240, fixed: 35481
Improve Mesh

 Current Process: Optimizing volume, step 33free: 240, fixed: 35481
Start CombineImprove
low volume of tet 4.6259293e-18
low volume of tet 0
low volume of tet 0
illegal tet 3241
low volume of tet 0
low volume of tet 0
low volume of tet 0
low volume of tet 0
low volume of tet 0
low volume of tet 0
illegal tet 35654
low volume of tet 0
illegal tet 35719
illegal tet 27097
low volume of tet 0
low volume of tet 0
low volume of tet 0
low volume of tet 0
low volume of tet 0
illegal tet 26510
illegal tet 26513
illegal tet 27787
low volume of tet 0
low volume of tet 0
low volume of tet 0
low volume of tet 0
low volume of tet 0
low volume of tet 0
low volume of tet 0
low volume of tet 0
low volume of tet 8.8232599e-23
low volume of tet 0
low volume of tet 0
low volume of tet 0
low volume of tet 1.1293773e-21
low volume of tet 0
low volume of tet 0
low volume of tet 0
low volume of tet 0
low volume of tet 0
low volume of tet 0
illegal tet 34889
low volume of tet 0
illegal tet 34989
low volume of tet 0
low volume of tet 0
low volume of tet 0
low volume of tet 1.1564823e-18
low volume of tet 3.6140072e-20
low volume of tet 0
low volume of tet 0
10 elements combined
CombineImprove done
free: 196, fixed: 35477
Improve Mesh

 SYSTEM ERROR: more elements on face
more elements on face!!!
el = np = 4 2067 16603 16531 16690
hel = np = 3 2067 16603 16531
face = 2067, 16603, 16531
points = 
p = (44.4243,1.3757,0.8125)
p = (44.372071,1.2758577,0.70715476)
p = (44.428939,1.274587,0.63671607)
 SYSTEM ERROR: more elements on face
more elements on face!!!
el = np = 4 13372 4535 7796 15105
hel = np = 3 4535 13372 15105
face = 4535, 13372, 15105
points = 
p = (44,5.1,0.4125)
p = (44.240257,5.4017218,0.8125)
p = (43.686955,5.5394148,0.8125)
 SYSTEM ERROR: more elements on face
more elements on face!!!
el = np = 4 8625 4535 13372 7796
hel = np = 3 4535 7796 13372
face = 4535, 7796, 13372
points = 
p = (44,5.1,0.4125)
p = (44.503972,5.3752687,0.0125)
p = (44.240257,5.4017218,0.8125)
 SYSTEM ERROR: more elements on face
more elements on face!!!
el = np = 4 16477 16532 16464 16711
hel = np = 3 16464 16477 16532
face = 16464, 16477, 16532
points = 
p = (41.348489,-1.0891385,0.6450564)
p = (41.430255,-1.1177877,0.60783804)
p = (41.429017,-1.1693864,0.55957129)
   9 times used rule Free Tetrahedron
 497 times used rule Tetrahedron 60
 341 times used rule Tetrahedron 60 with edge(1)
   0 times used rule Tetrahedron Vis a Vis Point (1)
 111 times used rule Tetrahedron Vis a Vis Point with edge(1)
 193 times used rule Tetrahedron Vis a Vis Point with 2 edges (1)
 266 times used rule Tetrahedron Vis a Vis Point with 3 edges (1)
   0 times used rule Tetrahedron Vis a Vis Triangle (1)
   0 times used rule Octaeder 1
   0 times used rule Octaeder 2
   0 times used rule Octaeder 2a
   0 times used rule Pyramid 1
  62 times used rule Tetrahedron 2 times 60
   3 times used rule Fill Tetrahedron (1)
  86 times used rule Tetrahedron 120 (1)
   0 times used rule Tetrahedron 2 times 120 (1)
  20 times used rule four Tetrahedron non convex (4)
   2 times used rule five Tetrahedron non convex (4)
 109 times used rule four Tetrahedron non convex (6)
   0 times used rule four Tetrahedron non convex (6)
   0 times used rule three Tetrahedron non convex (4)
   0 times used rule three Tetrahedron non convex (6)
   0 times used rule four Tetrahedron non convex (6)
   0 times used rule Tetrahedron 2 in 60 (12)
   0 times used rule Tetrahedron 120: but more than 180 (13)
   0 times used rule Free Tetrahedron (14)
   0 times used rule Free Tetrahedron (15)
free: 304, fixed: 35976
Improve Mesh
no success with linesearch
no success with linesearch

free: 304, fixed: 35976
Start CombineImprove
low volume of tet 0
low volume of tet 0
low volume of tet 0
low volume of tet 0
low volume of tet 0
low volume of tet 0
low volume of tet 0
low volume of tet 0
low volume of tet 0
low volume of tet 0
low volume of tet 0
low volume of tet 0
low volume of tet 0
low volume of tet 0
low volume of tet 0
low volume of tet 0
low volume of tet 0
low volume of tet 0
low volume of tet 0
low volume of tet 0
low volume of tet 0
low volume of tet 0
low volume of tet 0
low volume of tet 0
low volume of tet 0
low volume of tet 0
low volume of tet 0
low volume of tet 0
low volume of tet 0
low volume of tet 0
low volume of tet 0
low volume of tet 0
low volume of tet 0
low volume of tet 0
low volume of tet 0
low volume of tet 0
low volume of tet 0
low volume of tet 0
low volume of tet 0
low volume of tet 0
low volume of tet 0
low volume of tet 0
low volume of tet 0
low volume of tet 0
low volume of tet 0
low volume of tet 0
low volume of tet 0
low volume of tet 0
low volume of tet 0
low volume of tet 0
low volume of tet 0
low volume of tet 0
low volume of tet 0
low volume of tet 0
low volume of tet 0
low volume of tet 0
low volume of tet 0
low volume of tet 0
low volume of tet 0
low volume of tet 0
low volume of tet 0
low volume of tet 0
low volume of tet 0
low volume of tet 0
low volume of tet 0
low volume of tet 0
low volume of tet 0
low volume of tet 0
low volume of tet 0
low volume of tet 0
low volume of tet 0
low volume of tet 0
low volume of tet 0
low volume of tet 0
low volume of tet 0
low volume of tet 0
low volume of tet 0
low volume of tet 0
low volume of tet 0
low volume of tet 0
low volume of tet 0
low volume of tet 0
low volume of tet 0
low volume of tet 0
low volume of tet 0
low volume of tet 0
low volume of tet 0
low volume of tet 0
low volume of tet 0
low volume of tet 0
low volume of tet 0
low volume of tet 0
low volume of tet 0
low volume of tet 0
low volume of tet 0
low volume of tet 0
low volume of tet 0
low volume of tet 0
low volume of tet 0
low volume of tet 0
low volume of tet 0
low volume of tet 0
low volume of tet 0
low volume of tet 0
low volume of tet 0
low volume of tet 0
low volume of tet 0
low volume of tet 0
low volume of tet 0
low volume of tet 0
low volume of tet 0
low volume of tet 0
low volume of tet 0
low volume of tet 0
low volume of tet 0
low volume of tet 0
low volume of tet 0
low volume of tet 0
low volume of tet 0
low volume of tet 0
low volume of tet 0
low volume of tet 0
low volume of tet 0
low volume of tet 0
low volume of tet 0
low volume of tet 0
low volume of tet 0
low volume of tet 0
low volume of tet 0
low volume of tet 0
low volume of tet 0
low volume of tet 0
low volume of tet 0
low volume of tet 0
low volume of tet 0
low volume of tet 0
low volume of tet 0
low volume of tet 0
low volume of tet 0
low volume of tet 0
low volume of tet 0
low volume of tet 0
low volume of tet 0
low volume of tet 0
low volume of tet 0
low volume of tet 0
low volume of tet 0
low volume of tet 0
low volume of tet 0
low volume of tet 0
low volume of tet 0
low volume of tet 0
low volume of tet 0
low volume of tet 0
low volume of tet 0
low volume of tet 0
low volume of tet 0
low volume of tet 0
low volume of tet 0
low volume of tet 0
low volume of tet 0
low volume of tet 0
low volume of tet 0
low volume of tet 0
low volume of tet 0
low volume of tet 0
low volume of tet 0
low volume of tet 0
low volume of tet 0
low volume of tet 0
low volume of tet 0
low volume of tet 0
low volume of tet 0
low volume of tet 0
low volume of tet 0
low volume of tet 0
low volume of tet 0
low volume of tet 0
low volume of tet 0
low volume of tet 0
low volume of tet 0
low volume of tet 0
low volume of tet 0
low volume of tet 0
low volume of tet 0
low volume of tet 0
low volume of tet 0
low volume of tet 0
low volume of tet 0
low volume of tet 0
low volume of tet 0
low volume of tet 0
low volume of tet 0
low volume of tet 0
low volume of tet 0
low volume of tet 0
low volume of tet 0
low volume of tet 0
low volume of tet 0
low volume of tet 0
low volume of tet 0
low volume of tet 0
low volume of tet 0
low volume of tet 0
low volume of tet 0
low volume of tet 0
low volume of tet 0
low volume of tet 0
low volume of tet 0
low volume of tet 0
low volume of tet 0
low volume of tet 0
low volume of tet 0
low volume of tet 0
low volume of tet 0
low volume of tet 0
low volume of tet 0
low volume of tet 0
low volume of tet 0
low volume of tet 0
low volume of tet 0
low volume of tet 0
low volume of tet 0
low volume of tet 0
low volume of tet 9.0350181e-21
low volume of tet 1.1293773e-21
low volume of tet 0
low volume of tet 0
low volume of tet 1.1293773e-21
low volume of tet 4.5175091e-21
58 elements combined
CombineImprove done
free: 116, fixed: 35934
Improve Mesh

free: 116, fixed: 35934

Start SwapImprove
 Current Process: Optimizing volume, step 39free: 145, fixed: 35911

Start SwapImprove2
Total badness = 100254.56
Total badness = 100212.41
swapimprove2 done
free: 160, fixed: 35901
Improve Mesh

free: 160, fixed: 35901
Start CombineImprove
illegal tet 35097
low volume of tet 0
low volume of tet 0
illegal tet 35818
low volume of tet 0
low volume of tet 0
low volume of tet 0
low volume of tet 0
low volume of tet 0
low volume of tet 0
low volume of tet 0
low volume of tet 0
low volume of tet 0
low volume of tet 0
low volume of tet 0
low volume of tet 0
low volume of tet 0
low volume of tet 0
low volume of tet 0
low volume of tet 0
low volume of tet 5.6468863e-22
low volume of tet 0
low volume of tet 0
low volume of tet 0
low volume of tet 0
low volume of tet 0
low volume of tet 0
low volume of tet 0
low volume of tet 0
low volume of tet 0
low volume of tet 0
low volume of tet 0
low volume of tet 0
low volume of tet 0
low volume of tet 1.4456029e-19
low volume of tet 0
low volume of tet 0
low volume of tet 0
low volume of tet 0
low volume of tet 9.0350181e-21
low volume of tet 0
low volume of tet 0
low volume of tet 0
low volume of tet 5.6468863e-22
low volume of tet 9.0350181e-21
low volume of tet 1.1293773e-21
low volume of tet 2.2587545e-21
low volume of tet 1.1293773e-21
low volume of tet 0
low volume of tet 0
low volume of tet 0
low volume of tet 0
low volume of tet 0
low volume of tet 0
low volume of tet 2.8912058e-19
low volume of tet 0
low volume of tet 0
low volume of tet 0
low volume of tet 0
low volume of tet 8.6736174e-19
low volume of tet 0
low volume of tet 0
low volume of tet 0
low volume of tet 0
low volume of tet 0
low volume of tet 9.0350181e-21
low volume of tet 0
low volume of tet 0
low volume of tet 0
16 elements combined
CombineImprove done
free: 99, fixed: 35893
Improve Mesh

free: 99, fixed: 35893

Start SwapImprove
free: 92, fixed: 35898

Start SwapImprove2
Total badness = 94508.919
Total badness = 94507.489
swapimprove2 done
free: 92, fixed: 35899
Improve Mesh

free: 92, fixed: 35899
Start CombineImprove
low volume of tet 0
low volume of tet 0
low volume of tet 0
low volume of tet 6.4233332e-21
low volume of tet 0
low volume of tet 0
low volume of tet 0
low volume of tet 0
low volume of tet 1.4456029e-19
low volume of tet 0
low volume of tet 0
low volume of tet 0
low volume of tet 0
low volume of tet 1.8070036e-20
low volume of tet 0
low volume of tet 0
low volume of tet 0
low volume of tet 0
low volume of tet 0
low volume of tet 0
low volume of tet 0
low volume of tet 0
low volume of tet 0
low volume of tet 3.6140072e-20
low volume of tet 0
low volume of tet 0
low volume of tet 0
low volume of tet 0
low volume of tet 0
low volume of tet 0
low volume of tet 0
low volume of tet 0
low volume of tet 0
low volume of tet 0
low volume of tet 0
low volume of tet 0
low volume of tet 0
low volume of tet 5.6468863e-22
low volume of tet 1.8070036e-20
low volume of tet 0
low volume of tet 0
9 elements combined
CombineImprove done
free: 0, fixed: 35950
Improve Mesh

free: 0, fixed: 35950

Start SwapImprove
free: 0, fixed: 35950

Start SwapImprove2
Total badness = 93113.011
Total badness = 93113.011
swapimprove2 done
free: 0, fixed: 35950
Improve Mesh

free: 0, fixed: 35950
Start CombineImprove
0 elements combined
CombineImprove done
 Current Process: Optimizing volume, step 52free: 0, fixed: 35950
Improve Mesh

   0 times used rule Free Tetrahedron
   0 times used rule Tetrahedron 60
   0 times used rule Tetrahedron 60 with edge(1)
   0 times used rule Tetrahedron Vis a Vis Point (1)
   0 times used rule Tetrahedron Vis a Vis Point with edge(1)
   0 times used rule Tetrahedron Vis a Vis Point with 2 edges (1)
   0 times used rule Tetrahedron Vis a Vis Point with 3 edges (1)
   0 times used rule Tetrahedron Vis a Vis Triangle (1)
   0 times used rule Octaeder 1
   0 times used rule Octaeder 2
   0 times used rule Octaeder 2a
   0 times used rule Pyramid 1
   0 times used rule Tetrahedron 2 times 60
   0 times used rule Fill Tetrahedron (1)
   0 times used rule Tetrahedron 120 (1)
   0 times used rule Tetrahedron 2 times 120 (1)
   0 times used rule four Tetrahedron non convex (4)
   0 times used rule five Tetrahedron non convex (4)
   0 times used rule four Tetrahedron non convex (6)
   0 times used rule four Tetrahedron non convex (6)
   0 times used rule three Tetrahedron non convex (4)
   0 times used rule three Tetrahedron non convex (6)
   0 times used rule four Tetrahedron non convex (6)
   0 times used rule Tetrahedron 2 in 60 (12)
   0 times used rule Tetrahedron 120: but more than 180 (13)
   0 times used rule Free Tetrahedron (14)
   0 times used rule Free Tetrahedron (15)
blockfill local h
rel filldist = 0.1
.........+........


Points:           18614
Volume Elements:  31459
10 low quality volume elements

Volume elements in qualityclasses:
   0 - 0.05: 1137
0.05 -  0.1: 1802
 0.1 - 0.15: 1950
0.15 -  0.2: 1587
 0.2 - 0.25: 1377
0.25 -  0.3: 1264
 0.3 - 0.35: 1618
0.35 -  0.4: 1949
 0.4 - 0.45: 1987
0.45 -  0.5: 2444
 0.5 - 0.55: 2555
0.55 -  0.6: 2603
 0.6 - 0.65: 1953
0.65 -  0.7: 1675
 0.7 - 0.75: 1686
0.75 -  0.8: 1256
 0.8 - 0.85: 1017
0.85 -  0.9: 926
 0.9 - 0.95: 511
0.95 -    1: 162
total error: 1e+11
free: 6011, fixed: 25448

Start SwapImprove
free: 3267, fixed: 27936

Start SwapImprove


Points:           18614
Volume Elements:  31158
10 low quality volume elements

Volume elements in qualityclasses:
   0 - 0.05: 1289
0.05 -  0.1: 1640
 0.1 - 0.15: 1842
0.15 -  0.2: 1504
 0.2 - 0.25: 1310
0.25 -  0.3: 1208
 0.3 - 0.35: 1605
0.35 -  0.4: 1967
 0.4 - 0.45: 1991
0.45 -  0.5: 2463
 0.5 - 0.55: 2582
0.55 -  0.6: 2609
 0.6 - 0.65: 1952
0.65 -  0.7: 1678
 0.7 - 0.75: 1688
0.75 -  0.8: 1231
 0.8 - 0.85: 1015
0.85 -  0.9: 914
 0.9 - 0.95: 507
0.95 -    1: 163
total error: 1e+11
vol = -2.4e-08 h = 2.1

9999/36/36 map/can/use rule Free Tetrahedron
7877/399/516 map/can/use rule Tetrahedron 60
530/411/293 map/can/use rule Tetrahedron 60 with edge(1)
0/0/0 map/can/use rule Tetrahedron Vis a Vis Point (1)
15040/236/78 map/can/use rule Tetrahedron Vis a Vis Point with edge(1)
6794/524/161 map/can/use rule Tetrahedron Vis a Vis Point with 2 edges (1)
1083/689/266 map/can/use rule Tetrahedron Vis a Vis Point with 3 edges (1)
0/0/0 map/can/use rule Tetrahedron Vis a Vis Triangle (1)
0/0/0 map/can/use rule Octaeder 1
0/0/0 map/can/use rule Octaeder 2
0/0/0 map/can/use rule Octaeder 2a
0/0/0 map/can/use rule Pyramid 1
555/393/82 map/can/use rule Tetrahedron 2 times 60
293/235/16 map/can/use rule Fill Tetrahedron (1)
5873/45/42 map/can/use rule Tetrahedron 120 (1)
0/0/0 map/can/use rule Tetrahedron 2 times 120 (1)
1997/49/49 map/can/use rule four Tetrahedron non convex (4)
309/5/7 map/can/use rule five Tetrahedron non convex (4)
289/27/104 map/can/use rule four Tetrahedron non convex (6)
0/0/0 map/can/use rule four Tetrahedron non convex (6)
14/13/2 map/can/use rule three Tetrahedron non convex (4)
0/0/0 map/can/use rule three Tetrahedron non convex (6)
0/0/0 map/can/use rule four Tetrahedron non convex (6)
0/0/0 map/can/use rule Tetrahedron 2 in 60 (12)
0/0/0 map/can/use rule Tetrahedron 120: but more than 180 (13)
0/0/0 map/can/use rule Free Tetrahedron (14)
0/0/0 map/can/use rule Free Tetrahedron (15)

  36 times used rule Free Tetrahedron
 516 times used rule Tetrahedron 60
 293 times used rule Tetrahedron 60 with edge(1)
   0 times used rule Tetrahedron Vis a Vis Point (1)
  78 times used rule Tetrahedron Vis a Vis Point with edge(1)
 161 times used rule Tetrahedron Vis a Vis Point with 2 edges (1)
 266 times used rule Tetrahedron Vis a Vis Point with 3 edges (1)
   0 times used rule Tetrahedron Vis a Vis Triangle (1)
   0 times used rule Octaeder 1
   0 times used rule Octaeder 2
   0 times used rule Octaeder 2a
   0 times used rule Pyramid 1
  82 times used rule Tetrahedron 2 times 60
  16 times used rule Fill Tetrahedron (1)
  42 times used rule Tetrahedron 120 (1)
   0 times used rule Tetrahedron 2 times 120 (1)
  49 times used rule four Tetrahedron non convex (4)
   7 times used rule five Tetrahedron non convex (4)
 151 times used rule four Tetrahedron non convex (6)
   0 times used rule four Tetrahedron non convex (6)
   2 times used rule three Tetrahedron non convex (4)
   0 times used rule three Tetrahedron non convex (6)
   0 times used rule four Tetrahedron non convex (6)
   0 times used rule Tetrahedron 2 in 60 (12)
   0 times used rule Tetrahedron 120: but more than 180 (13)
   0 times used rule Free Tetrahedron (14)
   0 times used rule Free Tetrahedron (15)
free: 419, fixed: 57123
Improve Mesh
no success with linesearch
no success with linesearch
no success with linesearch
no success with linesearch
no success with linesearch
no success with linesearch

 Current Process: Optimizing volume, step 18free: 419, fixed: 57123
Start CombineImprove
illegal tet 56839
illegal tet 56840
illegal tet 56841
illegal tet 56842
low volume of tet 0
illegal tet 56873
illegal tet 56874
low volume of tet 0
low volume of tet 0
low volume of tet 0
low volume of tet 0
low volume of tet 0
low volume of tet 0
low volume of tet 0
low volume of tet 0
low volume of tet 0
illegal tet 56991
illegal tet 56992
low volume of tet 0
low volume of tet 0
low volume of tet 0
low volume of tet 0
low volume of tet 0
low volume of tet 0
low volume of tet 0
low volume of tet 0
low volume of tet 0
low volume of tet 0
low volume of tet 0
low volume of tet 0
low volume of tet 0
low volume of tet 0
low volume of tet 0
low volume of tet 0
low volume of tet 0
low volume of tet 0
low volume of tet 0
low volume of tet 0
low volume of tet 0
low volume of tet 0
low volume of tet 0
low volume of tet 0
low volume of tet 0
low volume of tet 0
low volume of tet 0
low volume of tet 0
low volume of tet 0
low volume of tet 0
low volume of tet 0
low volume of tet 0
low volume of tet 0
low volume of tet 0
low volume of tet 0
low volume of tet 0
low volume of tet 0
low volume of tet 0
low volume of tet 0
low volume of tet 0
low volume of tet 0
low volume of tet 0
low volume of tet 0
low volume of tet 0
low volume of tet 0
low volume of tet 0
low volume of tet 0
low volume of tet 0
low volume of tet 0
low volume of tet 0
low volume of tet 0
low volume of tet 0
low volume of tet 0
low volume of tet 0
low volume of tet 0
low volume of tet 0
low volume of tet 0
low volume of tet 0
low volume of tet 0
low volume of tet 0
low volume of tet 0
low volume of tet 0
low volume of tet 0
low volume of tet 0
low volume of tet 0
low volume of tet 0
low volume of tet 0
low volume of tet 0
low volume of tet 0
low volume of tet 0
low volume of tet 0
low volume of tet 0
low volume of tet 0
low volume of tet 0
low volume of tet 0
low volume of tet 0
low volume of tet 0
low volume of tet 0
low volume of tet 0
low volume of tet 0
low volume of tet 0
low volume of tet 0
low volume of tet 0
low volume of tet 0
low volume of tet 0
low volume of tet 0
low volume of tet 0
low volume of tet 0
low volume of tet 0
low volume of tet 0
low volume of tet 0
low volume of tet 0
low volume of tet 0
low volume of tet 0
low volume of tet 0
low volume of tet 0
low volume of tet 0
low volume of tet 0
low volume of tet 0
low volume of tet 0
low volume of tet 0
low volume of tet 0
low volume of tet 0
low volume of tet 0
low volume of tet 0
low volume of tet 0
low volume of tet 0
low volume of tet 0
low volume of tet 0
low volume of tet 0
low volume of tet 0
low volume of tet 0
low volume of tet 0
low volume of tet 0
low volume of tet 0
low volume of tet 0
low volume of tet 0
low volume of tet 0
low volume of tet 0
low volume of tet 0
low volume of tet 0
low volume of tet 0
low volume of tet 0
low volume of tet 0
low volume of tet 0
low volume of tet 0
low volume of tet 0
low volume of tet 0
low volume of tet 0
low volume of tet 0
low volume of tet 0
low volume of tet 0
low volume of tet 0
low volume of tet 0
low volume of tet 0
low volume of tet 0
low volume of tet 0
low volume of tet 0
low volume of tet 0
low volume of tet 0
low volume of tet 0
low volume of tet 0
low volume of tet 0
low volume of tet 0
low volume of tet 0
low volume of tet 0
low volume of tet 0
low volume of tet 2.8234432e-22
low volume of tet 0
low volume of tet 0
low volume of tet 0
low volume of tet 0
low volume of tet 0
low volume of tet 0
low volume of tet 0
low volume of tet 0
low volume of tet 0
low volume of tet 0
low volume of tet 0
low volume of tet 0
low volume of tet 0
low volume of tet 0
low volume of tet 0
low volume of tet 0
low volume of tet 0
low volume of tet 0
low volume of tet 0
low volume of tet 0
low volume of tet 0
low volume of tet 0
low volume of tet 0
low volume of tet 0
low volume of tet 0
low volume of tet 0
low volume of tet 0
low volume of tet 0
low volume of tet 0
low volume of tet 0
low volume of tet 0
low volume of tet 0
low volume of tet 0
low volume of tet 0
low volume of tet 0
low volume of tet 0
low volume of tet 0
low volume of tet 0
low volume of tet 0
low volume of tet 0
low volume of tet 0
low volume of tet 0
low volume of tet 0
low volume of tet 0
low volume of tet 0
low volume of tet 0
low volume of tet 0
low volume of tet 0
low volume of tet 0
low volume of tet 0
low volume of tet 0
low volume of tet 0
low volume of tet 0
low volume of tet 0
low volume of tet 0
low volume of tet 0
low volume of tet 0
low volume of tet 0
low volume of tet 0
low volume of tet 0
low volume of tet 0
low volume of tet 0
low volume of tet 0
low volume of tet 0
low volume of tet 0
low volume of tet 0
low volume of tet 0
low volume of tet 0
low volume of tet 0
low volume of tet 0
low volume of tet 0
low volume of tet 0
low volume of tet 0
low volume of tet 0
low volume of tet 0
low volume of tet 0
low volume of tet 0
low volume of tet 0
low volume of tet 0
low volume of tet 0
low volume of tet 0
low volume of tet 0
low volume of tet 0
low volume of tet 0
low volume of tet 0
low volume of tet 0
low volume of tet 0
low volume of tet 0
low volume of tet 0
low volume of tet 0
low volume of tet 0
low volume of tet 0
low volume of tet 0
low volume of tet 0
low volume of tet 0
low volume of tet 0
low volume of tet 0
low volume of tet 0
low volume of tet 0
low volume of tet 0
67 elements combined
CombineImprove done
free: 170, fixed: 57106
Improve Mesh

free: 170, fixed: 57106

Start SwapImprove
free: 166, fixed: 57120

Start SwapImprove2
Total badness = 190287.56
Total badness = 190280.18
swapimprove2 done
free: 167, fixed: 57122
Improve Mesh

free: 167, fixed: 57122
Start CombineImprove
low volume of tet 0
low volume of tet 7.0586079e-22
low volume of tet 4.5175091e-21
low volume of tet 0
low volume of tet 0
low volume of tet 0
low volume of tet 0
low volume of tet 0
low volume of tet 1.8070036e-20
low volume of tet 0
low volume of tet 0
low volume of tet 0
low volume of tet 1.1293773e-21
low volume of tet 2.8234432e-22
low volume of tet 0
low volume of tet 0
low volume of tet 0
low volume of tet 2.8234432e-22
low volume of tet 0
low volume of tet 0
low volume of tet 0
low volume of tet 7.0586079e-22
low volume of tet 3.1410805e-21
low volume of tet 0
low volume of tet 2.8234432e-22
low volume of tet 0
low volume of tet 3.2187252e-20
low volume of tet 0
low volume of tet 0
low volume of tet 0
low volume of tet 0
low volume of tet 0
low volume of tet 0
low volume of tet 5.6468863e-21
low volume of tet 0
low volume of tet 0
low volume of tet 4.5175091e-21
low volume of tet 0
low volume of tet 0
low volume of tet 0
low volume of tet 0
low volume of tet 7.0586079e-23
low volume of tet 7.0586079e-23
low volume of tet 0
low volume of tet 0
low volume of tet 0
low volume of tet 0
low volume of tet 0
low volume of tet 0
low volume of tet 9.0350181e-21
low volume of tet 0
low volume of tet 0
low volume of tet 0
illegal tet 57114
illegal tet 57115
illegal tet 57116
illegal tet 57117
low volume of tet 0
low volume of tet 0
low volume of tet 0
low volume of tet 0
low volume of tet 2.3293406e-21
low volume of tet 0
low volume of tet 0
low volume of tet 9.0350181e-21
low volume of tet 0
low volume of tet 0
low volume of tet 0
low volume of tet 0
low volume of tet 1.464799e-25
low volume of tet 4.4116299e-24
low volume of tet 1.5440705e-23
low volume of tet 0
low volume of tet 0
low volume of tet 0
low volume of tet 0
low volume of tet 0
low volume of tet 0
low volume of tet 1.4117216e-22
low volume of tet 0
low volume of tet 0
low volume of tet 1.764652e-23
low volume of tet 1.0842022e-19
low volume of tet 1.8070036e-20
low volume of tet 0
low volume of tet 0
low volume of tet 0
low volume of tet 0
low volume of tet 0
low volume of tet 0
low volume of tet 0
21 elements combined
CombineImprove done
free: 98, fixed: 57100
Improve Mesh

free: 98, fixed: 57100

Start SwapImprove
free: 93, fixed: 57103

Start SwapImprove2
Total badness = 171135.96
Total badness = 171136.88
swapimprove2 done
free: 93, fixed: 57104
Improve Mesh

 Current Process: Optimizing volume, step 28free: 93, fixed: 57104
Start CombineImprove
low volume of tet 0
low volume of tet 0
low volume of tet 0
low volume of tet 2.2587545e-21
low volume of tet 2.2587545e-21
low volume of tet 9.0350181e-21
low volume of tet 0
low volume of tet 0
low volume of tet 1.1293773e-21
low volume of tet 0
low volume of tet 0
low volume of tet 0
low volume of tet 0
low volume of tet 2.8912058e-19
low volume of tet 3.6140072e-20
low volume of tet 0
low volume of tet 0
low volume of tet 0
low volume of tet 0
low volume of tet 0
low volume of tet 0
low volume of tet 0
low volume of tet 0
low volume of tet 1.4117216e-22
low volume of tet 2.8234432e-22
low volume of tet 0
low volume of tet 0
low volume of tet 0
low volume of tet 0
low volume of tet 0
6 elements combined
CombineImprove done
free: 76, fixed: 57091
Improve Mesh

free: 76, fixed: 57091

Start SwapImprove
free: 74, fixed: 57093

Start SwapImprove2
Total badness = 166526.46
Total badness = 166526.46
swapimprove2 done
free: 74, fixed: 57093
Improve Mesh

free: 74, fixed: 57093
Start CombineImprove
low volume of tet 0
low volume of tet 0
low volume of tet 0
low volume of tet 0
low volume of tet 0
low volume of tet 0
low volume of tet 0
low volume of tet 0
low volume of tet 0
low volume of tet 0
low volume of tet 0
low volume of tet 0
low volume of tet 9.0350181e-21
low volume of tet 0
low volume of tet 0
low volume of tet 0
low volume of tet 0
low volume of tet 0
low volume of tet 0
low volume of tet 0
low volume of tet 4.5175091e-21
low volume of tet 9.0350181e-21
low volume of tet 4.5175091e-21
low volume of tet 0
low volume of tet 0
6 elements combined
CombineImprove done
free: 53, fixed: 57089
Improve Mesh

   0 times used rule Free Tetrahedron
  36 times used rule Tetrahedron 60
  19 times used rule Tetrahedron 60 with edge(1)
   0 times used rule Tetrahedron Vis a Vis Point (1)
   8 times used rule Tetrahedron Vis a Vis Point with edge(1)
  18 times used rule Tetrahedron Vis a Vis Point with 2 edges (1)
  30 times used rule Tetrahedron Vis a Vis Point with 3 edges (1)
   0 times used rule Tetrahedron Vis a Vis Triangle (1)
   0 times used rule Octaeder 1
   0 times used rule Octaeder 2
   0 times used rule Octaeder 2a
   0 times used rule Pyramid 1
   3 times used rule Tetrahedron 2 times 60
   0 times used rule Fill Tetrahedron (1)
   2 times used rule Tetrahedron 120 (1)
   0 times used rule Tetrahedron 2 times 120 (1)
   3 times used rule four Tetrahedron non convex (4)
   0 times used rule five Tetrahedron non convex (4)
  31 times used rule four Tetrahedron non convex (6)
   0 times used rule four Tetrahedron non convex (6)
   0 times used rule three Tetrahedron non convex (4)
   0 times used rule three Tetrahedron non convex (6)
   0 times used rule four Tetrahedron non convex (6)
   0 times used rule Tetrahedron 2 in 60 (12)
   0 times used rule Tetrahedron 120: but more than 180 (13)
   0 times used rule Free Tetrahedron (14)
   0 times used rule Free Tetrahedron (15)
free: 106, fixed: 57119
Improve Mesh
no success with linesearch

 Current Process: Optimizing volume, step 36free: 106, fixed: 57119
Start CombineImprove
low volume of tet 0
low volume of tet 0
low volume of tet 0
low volume of tet 0
low volume of tet 0
low volume of tet 0
low volume of tet 0
low volume of tet 0
low volume of tet 0
low volume of tet 0
low volume of tet 0
low volume of tet 0
low volume of tet 0
low volume of tet 0
low volume of tet 0
low volume of tet 0
low volume of tet 0
low volume of tet 0
low volume of tet 0
low volume of tet 0
low volume of tet 0
low volume of tet 0
low volume of tet 0
low volume of tet 0
low volume of tet 0
low volume of tet 0
low volume of tet 0
low volume of tet 0
low volume of tet 0
low volume of tet 0
low volume of tet 0
low volume of tet 0
low volume of tet 0
low volume of tet 0
low volume of tet 0
low volume of tet 0
low volume of tet 0
low volume of tet 0
low volume of tet 0
low volume of tet 0
low volume of tet 0
low volume of tet 0
low volume of tet 0
low volume of tet 0
low volume of tet 0
low volume of tet 0
low volume of tet 0
low volume of tet 0
low volume of tet 0
low volume of tet 0
low volume of tet 0
low volume of tet 0
low volume of tet 0
low volume of tet 0
low volume of tet 0
low volume of tet 0
low volume of tet 0
low volume of tet 0
low volume of tet 0
low volume of tet 0
low volume of tet 0
low volume of tet 0
low volume of tet 0
low volume of tet 0
low volume of tet 8.8232599e-24
low volume of tet 1.764652e-23
17 elements combined
CombineImprove done
free: 44, fixed: 57115
Improve Mesh

free: 44, fixed: 57115

Start SwapImprove
free: 92, fixed: 57072

Start SwapImprove2
Total badness = 168081.05
Total badness = 168012.99
swapimprove2 done
free: 93, fixed: 57072
Improve Mesh

free: 93, fixed: 57072
Start CombineImprove
low volume of tet 0
low volume of tet 0
low volume of tet 0
low volume of tet 0
low volume of tet 0
low volume of tet 0
low volume of tet 0
low volume of tet 0
low volume of tet 0
low volume of tet 3.5293039e-23
low volume of tet 2.8234432e-22
low volume of tet 0
low volume of tet 0
low volume of tet 0
low volume of tet 0
low volume of tet 0
low volume of tet 0
low volume of tet 0
low volume of tet 0
low volume of tet 0
low volume of tet 0
low volume of tet 0
4 elements combined
CombineImprove done
free: 40, fixed: 57103
Improve Mesh

free: 40, fixed: 57103

Start SwapImprove
free: 32, fixed: 57108

Start SwapImprove2
Total badness = 164344.54
Total badness = 164344.54
swapimprove2 done
free: 32, fixed: 57108
Improve Mesh

free: 32, fixed: 57108
Start CombineImprove
low volume of tet 0
low volume of tet 0
low volume of tet 0
low volume of tet 0
low volume of tet 4.4116299e-24
low volume of tet 0
low volume of tet 0
low volume of tet 0
low volume of tet 3.5293039e-23
2 elements combined
CombineImprove done
 Current Process: Optimizing volume, step 47free: 20, fixed: 57111
Improve Mesh

free: 20, fixed: 57111

Start SwapImprove
free: 25, fixed: 57104

Start SwapImprove2
Total badness = 163414.13
Total badness = 163414.13
swapimprove2 done
free: 25, fixed: 57104
Improve Mesh

free: 25, fixed: 57104
Start CombineImprove
low volume of tet 0
1 elements combined
CombineImprove done
free: 0, fixed: 57128
Improve Mesh
no success with linesearch

   0 times used rule Free Tetrahedron
   4 times used rule Tetrahedron 60
   1 times used rule Tetrahedron 60 with edge(1)
   0 times used rule Tetrahedron Vis a Vis Point (1)
   0 times used rule Tetrahedron Vis a Vis Point with edge(1)
   2 times used rule Tetrahedron Vis a Vis Point with 2 edges (1)
   4 times used rule Tetrahedron Vis a Vis Point with 3 edges (1)
   0 times used rule Tetrahedron Vis a Vis Triangle (1)
   0 times used rule Octaeder 1
   0 times used rule Octaeder 2
   0 times used rule Octaeder 2a
   0 times used rule Pyramid 1
   1 times used rule Tetrahedron 2 times 60
   0 times used rule Fill Tetrahedron (1)
   0 times used rule Tetrahedron 120 (1)
   0 times used rule Tetrahedron 2 times 120 (1)
  17 times used rule four Tetrahedron non convex (4)
   2 times used rule five Tetrahedron non convex (4)
   8 times used rule four Tetrahedron non convex (6)
   0 times used rule four Tetrahedron non convex (6)
   0 times used rule three Tetrahedron non convex (4)
   0 times used rule three Tetrahedron non convex (6)
   0 times used rule four Tetrahedron non convex (6)
   0 times used rule Tetrahedron 2 in 60 (12)
   0 times used rule Tetrahedron 120: but more than 180 (13)
   0 times used rule Free Tetrahedron (14)
   0 times used rule Free Tetrahedron (15)
free: 0, fixed: 57195
Improve Mesh
no success with linesearch
no success with linesearch

free: 0, fixed: 57195
Start CombineImprove
0 elements combined
CombineImprove done
 Current Process: Optimizing volume, step 55free: 0, fixed: 57195
Improve Mesh
no success with linesearch

free: 0, fixed: 57195

Start SwapImprove
free: 0, fixed: 57195

Start SwapImprove2
Total badness = 168165.06
Total badness = 168165.06
swapimprove2 done
free: 0, fixed: 57195
Improve Mesh
no success with linesearch

free: 0, fixed: 57195
Start CombineImprove
0 elements combined
CombineImprove done
free: 0, fixed: 57195
Improve Mesh
no success with linesearch

free: 0, fixed: 57195

Start SwapImprove
free: 0, fixed: 57195

Start SwapImprove2
Total badness = 167161.55
Total badness = 167161.55
swapimprove2 done
free: 0, fixed: 57195
Improve Mesh
no success with linesearch

free: 0, fixed: 57195
Start CombineImprove
0 elements combined
CombineImprove done
free: 0, fixed: 57195
Improve Mesh
no success with linesearch

free: 0, fixed: 57195

Start SwapImprove
free: 0, fixed: 57195

Start SwapImprove2
Total badness = 166779.47
Total badness = 166779.47
swapimprove2 done
free: 0, fixed: 57195
Improve Mesh
no success with linesearch
no success with linesearch

 Current Process: Optimizing volume, step 69free: 0, fixed: 57195
Start CombineImprove
0 elements combined
CombineImprove done
free: 0, fixed: 57195
Improve Mesh
no success with linesearch
no success with linesearch

   0 times used rule Free Tetrahedron
   9 times used rule Tetrahedron 60
   0 times used rule Tetrahedron 60 with edge(1)
   0 times used rule Tetrahedron Vis a Vis Point (1)
   0 times used rule Tetrahedron Vis a Vis Point with edge(1)
   6 times used rule Tetrahedron Vis a Vis Point with 2 edges (1)
  11 times used rule Tetrahedron Vis a Vis Point with 3 edges (1)
   0 times used rule Tetrahedron Vis a Vis Triangle (1)
   0 times used rule Octaeder 1
   0 times used rule Octaeder 2
   0 times used rule Octaeder 2a
   0 times used rule Pyramid 1
   0 times used rule Tetrahedron 2 times 60
   0 times used rule Fill Tetrahedron (1)
   0 times used rule Tetrahedron 120 (1)
   0 times used rule Tetrahedron 2 times 120 (1)
   5 times used rule four Tetrahedron non convex (4)
   0 times used rule five Tetrahedron non convex (4)
   0 times used rule four Tetrahedron non convex (6)
   0 times used rule four Tetrahedron non convex (6)
   0 times used rule three Tetrahedron non convex (4)
   0 times used rule three Tetrahedron non convex (6)
   0 times used rule four Tetrahedron non convex (6)
   0 times used rule Tetrahedron 2 in 60 (12)
   0 times used rule Tetrahedron 120: but more than 180 (13)
   0 times used rule Free Tetrahedron (14)
   0 times used rule Free Tetrahedron (15)
blockfill local h
rel filldist = 0.1
.........+.........


Points:           19725
Volume Elements:  35063
43 low quality volume elements

Volume elements in qualityclasses:
   0 - 0.05: 2971
0.05 -  0.1: 6159
 0.1 - 0.15: 2806
0.15 -  0.2: 2350
 0.2 - 0.25: 1811
0.25 -  0.3: 1713
 0.3 - 0.35: 1716
0.35 -  0.4: 1758
 0.4 - 0.45: 1774
0.45 -  0.5: 1773
 0.5 - 0.55: 1792
0.55 -  0.6: 1637
 0.6 - 0.65: 1630
0.65 -  0.7: 1495
 0.7 - 0.75: 1087
0.75 -  0.8: 1217
 0.8 - 0.85: 740
0.85 -  0.9: 466
 0.9 - 0.95: 145
0.95 -    1: 23
total error: 4.3e+11
free: 11397, fixed: 23666

Start SwapImprove
free: 3829, fixed: 30990

Start SwapImprove


Points:           19725
Volume Elements:  34791
38 low quality volume elements

Volume elements in qualityclasses:
   0 - 0.05: 3237
0.05 -  0.1: 6071
 0.1 - 0.15: 2658
0.15 -  0.2: 2169
 0.2 - 0.25: 1749
0.25 -  0.3: 1689
 0.3 - 0.35: 1676
0.35 -  0.4: 1754
 0.4 - 0.45: 1851
0.45 -  0.5: 1827
 0.5 - 0.55: 1774
0.55 -  0.6: 1643
 0.6 - 0.65: 1615
0.65 -  0.7: 1476
 0.7 - 0.75: 1064
0.75 -  0.8: 1182
 0.8 - 0.85: 748
0.85 -  0.9: 441
 0.9 - 0.95: 144
0.95 -    1: 23
total error: 3.8e+11
vol = -7.7e-07 h = 5.2
vol = -7.7e-07 h = 5.2
vol = -4.8e-08 h = 2.1
vol = -2.9e-07 h = 4.2
vol = -4.8e-08 h = 2.6
vol = -9.6e-08 h = 4.2
vol = -4.8e-08 h = 2.1
vol = -9.6e-08 h = 5.2
vol = -9.6e-08 h = 5.2
vol = -9.6e-08 h = 4.2
vol = -9.6e-08 h = 4.2
vol = -9.6e-08 h = 5.2
vol = -6.7e-07 h = 5.2
vol = -8.7e-07 h = 5.2
vol = -4.8e-08 h = 2.6
vol = -9.6e-08 h = 4.2
vol = -9.6e-08 h = 4.2

9999/267/261 map/can/use rule Free Tetrahedron
5654/1750/1707 map/can/use rule Tetrahedron 60
1143/955/930 map/can/use rule Tetrahedron 60 with edge(1)
0/0/0 map/can/use rule Tetrahedron Vis a Vis Point (1)
17283/822/472 map/can/use rule Tetrahedron Vis a Vis Point with edge(1)
6628/2135/448 map/can/use rule Tetrahedron Vis a Vis Point with 2 edges (1)
2465/1782/698 map/can/use rule Tetrahedron Vis a Vis Point with 3 edges (1)
0/0/0 map/can/use rule Tetrahedron Vis a Vis Triangle (1)
0/0/0 map/can/use rule Octaeder 1
0/0/0 map/can/use rule Octaeder 2
0/0/0 map/can/use rule Octaeder 2a
0/0/0 map/can/use rule Pyramid 1
1098/797/172 map/can/use rule Tetrahedron 2 times 60
399/287/19 map/can/use rule Fill Tetrahedron (1)
2959/666/402 map/can/use rule Tetrahedron 120 (1)
0/0/0 map/can/use rule Tetrahedron 2 times 120 (1)
0/0/0 map/can/use rule four Tetrahedron non convex (4)
0/0/0 map/can/use rule five Tetrahedron non convex (4)
0/0/0 map/can/use rule four Tetrahedron non convex (6)
0/0/0 map/can/use rule four Tetrahedron non convex (6)
0/0/0 map/can/use rule three Tetrahedron non convex (4)
0/0/0 map/can/use rule three Tetrahedron non convex (6)
0/0/0 map/can/use rule four Tetrahedron non convex (6)
0/0/0 map/can/use rule Tetrahedron 2 in 60 (12)
0/0/0 map/can/use rule Tetrahedron 120: but more than 180 (13)
0/0/0 map/can/use rule Free Tetrahedron (14)
0/0/0 map/can/use rule Free Tetrahedron (15)


19999/270/264 map/can/use rule Free Tetrahedron
13577/2189/2242 map/can/use rule Tetrahedron 60
1803/1461/1388 map/can/use rule Tetrahedron 60 with edge(1)
0/0/0 map/can/use rule Tetrahedron Vis a Vis Point (1)
34767/1040/562 map/can/use rule Tetrahedron Vis a Vis Point with edge(1)
13664/2791/731 map/can/use rule Tetrahedron Vis a Vis Point with 2 edges (1)
3901/2753/1102 map/can/use rule Tetrahedron Vis a Vis Point with 3 edges (1)
0/0/0 map/can/use rule Tetrahedron Vis a Vis Triangle (1)
0/0/0 map/can/use rule Octaeder 1
0/0/0 map/can/use rule Octaeder 2
0/0/0 map/can/use rule Octaeder 2a
0/0/0 map/can/use rule Pyramid 1
1801/1242/264 map/can/use rule Tetrahedron 2 times 60
684/487/34 map/can/use rule Fill Tetrahedron (1)
8535/683/417 map/can/use rule Tetrahedron 120 (1)
0/0/0 map/can/use rule Tetrahedron 2 times 120 (1)
1265/129/134 map/can/use rule four Tetrahedron non convex (4)
289/11/18 map/can/use rule five Tetrahedron non convex (4)
107/31/46 map/can/use rule four Tetrahedron non convex (6)
0/0/0 map/can/use rule four Tetrahedron non convex (6)
31/24/2 map/can/use rule three Tetrahedron non convex (4)
0/0/0 map/can/use rule three Tetrahedron non convex (6)
0/0/0 map/can/use rule four Tetrahedron non convex (6)
0/0/0 map/can/use rule Tetrahedron 2 in 60 (12)
0/0/0 map/can/use rule Tetrahedron 120: but more than 180 (13)
0/0/0 map/can/use rule Free Tetrahedron (14)
0/0/0 map/can/use rule Free Tetrahedron (15)


29999/270/264 map/can/use rule Free Tetrahedron
22586/2203/2275 map/can/use rule Tetrahedron 60
1846/1477/1401 map/can/use rule Tetrahedron 60 with edge(1)
0/0/0 map/can/use rule Tetrahedron Vis a Vis Point (1)
51052/1043/562 map/can/use rule Tetrahedron Vis a Vis Point with edge(1)
20272/2811/742 map/can/use rule Tetrahedron Vis a Vis Point with 2 edges (1)
3949/2774/1111 map/can/use rule Tetrahedron Vis a Vis Point with 3 edges (1)
0/0/0 map/can/use rule Tetrahedron Vis a Vis Triangle (1)
0/0/0 map/can/use rule Octaeder 1
0/0/0 map/can/use rule Octaeder 2
0/0/0 map/can/use rule Octaeder 2a
0/0/0 map/can/use rule Pyramid 1
1839/1252/271 map/can/use rule Tetrahedron 2 times 60
695/490/34 map/can/use rule Fill Tetrahedron (1)
16420/683/417 map/can/use rule Tetrahedron 120 (1)
0/0/0 map/can/use rule Tetrahedron 2 times 120 (1)
3815/140/155 map/can/use rule four Tetrahedron non convex (4)
1474/20/33 map/can/use rule five Tetrahedron non convex (4)
664/87/191 map/can/use rule four Tetrahedron non convex (6)
0/0/0 map/can/use rule four Tetrahedron non convex (6)
42/27/2 map/can/use rule three Tetrahedron non convex (4)
0/0/0 map/can/use rule three Tetrahedron non convex (6)
0/0/0 map/can/use rule four Tetrahedron non convex (6)
0/0/0 map/can/use rule Tetrahedron 2 in 60 (12)
0/0/0 map/can/use rule Tetrahedron 120: but more than 180 (13)
0/0/0 map/can/use rule Free Tetrahedron (14)
0/0/0 map/can/use rule Free Tetrahedron (15)

 264 times used rule Free Tetrahedron
2281 times used rule Tetrahedron 60
1403 times used rule Tetrahedron 60 with edge(1)
   0 times used rule Tetrahedron Vis a Vis Point (1)
 562 times used rule Tetrahedron Vis a Vis Point with edge(1)
 743 times used rule Tetrahedron Vis a Vis Point with 2 edges (1)
1111 times used rule Tetrahedron Vis a Vis Point with 3 edges (1)
   0 times used rule Tetrahedron Vis a Vis Triangle (1)
   0 times used rule Octaeder 1
   0 times used rule Octaeder 2
   0 times used rule Octaeder 2a
   0 times used rule Pyramid 1
 272 times used rule Tetrahedron 2 times 60
  34 times used rule Fill Tetrahedron (1)
 417 times used rule Tetrahedron 120 (1)
   0 times used rule Tetrahedron 2 times 120 (1)
 166 times used rule four Tetrahedron non convex (4)
  33 times used rule five Tetrahedron non convex (4)
 261 times used rule four Tetrahedron non convex (6)
   0 times used rule four Tetrahedron non convex (6)
   3 times used rule three Tetrahedron non convex (4)
   0 times used rule three Tetrahedron non convex (6)
   0 times used rule four Tetrahedron non convex (6)
   0 times used rule Tetrahedron 2 in 60 (12)
   0 times used rule Tetrahedron 120: but more than 180 (13)
   0 times used rule Free Tetrahedron (14)
   0 times used rule Free Tetrahedron (15)
free: 977, fixed: 80385
Improve Mesh
no success with linesearch
no success with linesearch
no success with linesearch
no success with linesearch
no success with linesearch
no success with linesearch
no success with linesearch
no success with linesearch
no success with linesearch
no success with linesearch
no success with linesearch
no success with linesearch
no success with linesearch
no success with linesearch
no success with linesearch
no success with linesearch

 Current Process: Optimizing volume, step 18free: 977, fixed: 80385
Start CombineImprove
illegal tet 76158
illegal tet 76159
illegal tet 77635
low volume of tet 0
low volume of tet 0
low volume of tet 0
low volume of tet 1.0408341e-17
low volume of tet 9.2518585e-18
low volume of tet 9.2518585e-18
low volume of tet 0
low volume of tet 0
low volume of tet 1.1564823e-18
low volume of tet 0
low volume of tet 0
illegal tet 76450
illegal tet 76451
illegal tet 76456
low volume of tet 0
low volume of tet 0
illegal tet 76889
illegal tet 76890
low volume of tet 0
illegal tet 77939
low volume of tet 0
low volume of tet 0
low volume of tet 0
low volume of tet 0
illegal tet 76645
illegal tet 76646
illegal tet 77589
illegal tet 77591
low volume of tet 0
illegal tet 76154
illegal tet 76155
low volume of tet 0
illegal tet 77947
illegal tet 78865
low volume of tet 0
low volume of tet 0
low volume of tet 0
low volume of tet 0
low volume of tet 0
low volume of tet 0
illegal tet 76156
illegal tet 76157
illegal tet 77951
low volume of tet 0
low volume of tet 0
low volume of tet 2.3129646e-18
low volume of tet 0
low volume of tet 0
low volume of tet 1.1564823e-18
low volume of tet 0
low volume of tet 1.1564823e-18
low volume of tet 2.7466455e-18
low volume of tet 0
low volume of tet 0
low volume of tet 0
low volume of tet 0
low volume of tet 0
low volume of tet 0
low volume of tet 0
low volume of tet 0
low volume of tet 0
low volume of tet 0
low volume of tet 0
low volume of tet 0
low volume of tet 0
low volume of tet 0
low volume of tet 0
low volume of tet 0
low volume of tet 0
low volume of tet 3.5778672e-18
low volume of tet 2.3129646e-18
low volume of tet 0
low volume of tet 0
low volume of tet 0
low volume of tet 2.3129646e-18
low volume of tet 2.3129646e-18
low volume of tet 0
low volume of tet 0
low volume of tet 0
low volume of tet 0
low volume of tet 0
low volume of tet 0
low volume of tet 0
low volume of tet 0
low volume of tet 0
low volume of tet 0
low volume of tet 0
low volume of tet 0
low volume of tet 0
low volume of tet 0
low volume of tet 0
low volume of tet 0
low volume of tet 0
low volume of tet 0
low volume of tet 0
low volume of tet 0
low volume of tet 0
low volume of tet 0
low volume of tet 0
low volume of tet 0
low volume of tet 0
low volume of tet 0
low volume of tet 0
low volume of tet 0
low volume of tet 0
low volume of tet 0
low volume of tet 0
low volume of tet 0
low volume of tet 0
low volume of tet 0
low volume of tet 0
low volume of tet 0
low volume of tet 0
low volume of tet 0
low volume of tet 0
low volume of tet 0
low volume of tet 0
low volume of tet 0
low volume of tet 0
low volume of tet 0
low volume of tet 0
low volume of tet 0
low volume of tet 0
low volume of tet 0
low volume of tet 0
low volume of tet 0
low volume of tet 0
low volume of tet 0
low volume of tet 0
low volume of tet 0
low volume of tet 0
low volume of tet 0
low volume of tet 0
low volume of tet 0
low volume of tet 0
low volume of tet 0
low volume of tet 0
low volume of tet 0
low volume of tet 0
low volume of tet 0
low volume of tet 0
low volume of tet 0
low volume of tet 0
low volume of tet 0
low volume of tet 0
low volume of tet 0
low volume of tet 0
low volume of tet 0
low volume of tet 0
low volume of tet 0
low volume of tet 0
low volume of tet 0
low volume of tet 0
low volume of tet 0
low volume of tet 0
low volume of tet 0
low volume of tet 0
low volume of tet 0
low volume of tet 0
low volume of tet 0
low volume of tet 0
low volume of tet 0
low volume of tet 0
low volume of tet 0
low volume of tet 0
low volume of tet 0
low volume of tet 0
low volume of tet 0
low volume of tet 0
low volume of tet 0
low volume of tet 0
low volume of tet 0
low volume of tet 0
low volume of tet 0
low volume of tet 0
low volume of tet 0
low volume of tet 0
low volume of tet 0
low volume of tet 0
low volume of tet 0
low volume of tet 0
low volume of tet 0
low volume of tet 0
low volume of tet 0
low volume of tet 0
low volume of tet 0
low volume of tet 0
low volume of tet 0
low volume of tet 0
low volume of tet 0
low volume of tet 0
low volume of tet 0
low volume of tet 0
low volume of tet 0
low volume of tet 0
low volume of tet 0
low volume of tet 0
low volume of tet 0
low volume of tet 0
low volume of tet 0
low volume of tet 0
low volume of tet 0
low volume of tet 0
low volume of tet 0
low volume of tet 0
low volume of tet 0
low volume of tet 0
low volume of tet 0
low volume of tet 0
low volume of tet 0
low volume of tet 0
low volume of tet 0
low volume of tet 0
low volume of tet 0
low volume of tet 0
low volume of tet 0
low volume of tet 0
low volume of tet 0
low volume of tet 0
low volume of tet 0
low volume of tet 0
low volume of tet 0
low volume of tet 0
low volume of tet 0
low volume of tet 0
low volume of tet 0
low volume of tet 0
low volume of tet 0
low volume of tet 0
low volume of tet 0
low volume of tet 0
low volume of tet 0
low volume of tet 0
low volume of tet 0
low volume of tet 0
low volume of tet 0
low volume of tet 0
low volume of tet 0
low volume of tet 0
low volume of tet 0
low volume of tet 0
low volume of tet 0
low volume of tet 0
low volume of tet 0
low volume of tet 0
low volume of tet 0
low volume of tet 0
low volume of tet 0
low volume of tet 0
low volume of tet 0
low volume of tet 0
low volume of tet 0
low volume of tet 0
low volume of tet 0
low volume of tet 0
low volume of tet 0
low volume of tet 0
low volume of tet 0
low volume of tet 0
low volume of tet 0
low volume of tet 0
low volume of tet 0
low volume of tet 0
low volume of tet 0
low volume of tet 0
low volume of tet 0
low volume of tet 0
low volume of tet 0
low volume of tet 0
low volume of tet 0
low volume of tet 0
low volume of tet 0
low volume of tet 0
low volume of tet 0
low volume of tet 0
low volume of tet 0
low volume of tet 0
low volume of tet 0
low volume of tet 0
low volume of tet 0
low volume of tet 0
low volume of tet 0
low volume of tet 0
low volume of tet 0
low volume of tet 0
low volume of tet 0
low volume of tet 0
low volume of tet 0
low volume of tet 0
low volume of tet 0
low volume of tet 0
low volume of tet 0
low volume of tet 0
low volume of tet 0
low volume of tet 0
low volume of tet 0
low volume of tet 0
low volume of tet 0
low volume of tet 0
low volume of tet 0
low volume of tet 0
low volume of tet 0
low volume of tet 0
low volume of tet 0
low volume of tet 0
low volume of tet 0
low volume of tet 0
low volume of tet 0
low volume of tet 0
low volume of tet 0
low volume of tet 0
low volume of tet 0
low volume of tet 0
low volume of tet 0
low volume of tet 0
low volume of tet 0
low volume of tet 0
low volume of tet 0
low volume of tet 0
low volume of tet 0
low volume of tet 0
low volume of tet 0
low volume of tet 0
low volume of tet 0
low volume of tet 0
low volume of tet 0
low volume of tet 0
low volume of tet 0
low volume of tet 0
low volume of tet 0
low volume of tet 0
low volume of tet 0
low volume of tet 0
low volume of tet 0
low volume of tet 0
low volume of tet 0
low volume of tet 0
low volume of tet 0
low volume of tet 0
low volume of tet 0
low volume of tet 0
low volume of tet 0
low volume of tet 0
low volume of tet 0
low volume of tet 0
low volume of tet 0
low volume of tet 0
low volume of tet 0
low volume of tet 0
low volume of tet 0
low volume of tet 0
low volume of tet 0
low volume of tet 0
low volume of tet 0
low volume of tet 0
low volume of tet 0
low volume of tet 0
low volume of tet 0
low volume of tet 0
low volume of tet 0
low volume of tet 0
low volume of tet 0
low volume of tet 0
low volume of tet 0
low volume of tet 0
low volume of tet 0
low volume of tet 0
low volume of tet 0
low volume of tet 0
low volume of tet 0
low volume of tet 3.6140072e-20
low volume of tet 6.9388939e-18
low volume of tet 0
low volume of tet 0
low volume of tet 0
low volume of tet 0
low volume of tet 0
low volume of tet 0
low volume of tet 0
low volume of tet 0
low volume of tet 0
low volume of tet 0
low volume of tet 0
low volume of tet 0
low volume of tet 0
low volume of tet 0
low volume of tet 0
low volume of tet 0
low volume of tet 0
low volume of tet 0
low volume of tet 0
low volume of tet 0
low volume of tet 0
low volume of tet 0
low volume of tet 0
low volume of tet 0
low volume of tet 0
low volume of tet 0
low volume of tet 0
low volume of tet 0
low volume of tet 0
low volume of tet 1.4456029e-19
low volume of tet 0
low volume of tet 0
low volume of tet 0
low volume of tet 0
low volume of tet 0
low volume of tet 0
low volume of tet 0
low volume of tet 0
low volume of tet 0
low volume of tet 0
low volume of tet 0
low volume of tet 0
low volume of tet 0
low volume of tet 0
low volume of tet 0
low volume of tet 0
low volume of tet 0
low volume of tet 0
low volume of tet 0
low volume of tet 0
low volume of tet 0
low volume of tet 0
low volume of tet 7.2280145e-20
low volume of tet 0
low volume of tet 0
low volume of tet 0
low volume of tet 0
low volume of tet 0
low volume of tet 0
low volume of tet 0
low volume of tet 0
low volume of tet 0
low volume of tet 0
low volume of tet 0
low volume of tet 0
low volume of tet 0
low volume of tet 0
low volume of tet 0
low volume of tet 0
low volume of tet 0
low volume of tet 0
low volume of tet 0
low volume of tet 0
low volume of tet 0
low volume of tet 0
low volume of tet 0
low volume of tet 0
low volume of tet 0
low volume of tet 0
low volume of tet 0
low volume of tet 0
low volume of tet 0
low volume of tet 0
low volume of tet 1.4117216e-22
low volume of tet 0
low volume of tet 0
low volume of tet 0
low volume of tet 0
low volume of tet 0
low volume of tet 0
low volume of tet 0
low volume of tet 0
low volume of tet 0
low volume of tet 0
low volume of tet 0
low volume of tet 0
low volume of tet 0
low volume of tet 0
low volume of tet 0
low volume of tet 0
low volume of tet 0
low volume of tet 0
low volume of tet 0
low volume of tet 0
low volume of tet 0
low volume of tet 0
low volume of tet 0
low volume of tet 0
low volume of tet 0
low volume of tet 0
low volume of tet 0
low volume of tet 0
low volume of tet 0
low volume of tet 0
low volume of tet 0
low volume of tet 0
low volume of tet 0
low volume of tet 0
low volume of tet 0
low volume of tet 0
low volume of tet 0
low volume of tet 0
low volume of tet 0
low volume of tet 0
low volume of tet 0
low volume of tet 0
low volume of tet 0
low volume of tet 0
low volume of tet 0
low volume of tet 0
low volume of tet 0
low volume of tet 5.6468863e-22
low volume of tet 0
low volume of tet 0
low volume of tet 0
low volume of tet 0
low volume of tet 0
low volume of tet 0
low volume of tet 0
low volume of tet 0
low volume of tet 0
low volume of tet 0
low volume of tet 1.0842022e-19
low volume of tet 0
low volume of tet 0
low volume of tet 0
low volume of tet 0
low volume of tet 0
low volume of tet 0
low volume of tet 0
low volume of tet 0
low volume of tet 0
low volume of tet 0
low volume of tet 0
low volume of tet 0
low volume of tet 0
low volume of tet 0
low volume of tet 0
low volume of tet 0
low volume of tet 0
low volume of tet 0
low volume of tet 0
low volume of tet 0
low volume of tet 0
low volume of tet 0
low volume of tet 0
low volume of tet 0
low volume of tet 0
low volume of tet 0
low volume of tet 0
low volume of tet 0
low volume of tet 0
low volume of tet 0
low volume of tet 0
low volume of tet 0
low volume of tet 0
low volume of tet 5.7824116e-19
low volume of tet 0
low volume of tet 0
low volume of tet 1.1564823e-18
low volume of tet 1.1564823e-18
low volume of tet 5.7824116e-19
low volume of tet 0
low volume of tet 0
low volume of tet 0
low volume of tet 0
low volume of tet 0
low volume of tet 0
low volume of tet 0
low volume of tet 0
low volume of tet 0
low volume of tet 0
low volume of tet 0
low volume of tet 0
low volume of tet 0
low volume of tet 0
low volume of tet 0
low volume of tet 0
low volume of tet 0
low volume of tet 0
low volume of tet 0
low volume of tet 0
low volume of tet 0
low volume of tet 0
low volume of tet 0
low volume of tet 0
low volume of tet 0
low volume of tet 0
low volume of tet 0
low volume of tet 0
low volume of tet 0
low volume of tet 0
low volume of tet 0
low volume of tet 0
low volume of tet 0
low volume of tet 0
low volume of tet 0
low volume of tet 0
low volume of tet 0
low volume of tet 0
low volume of tet 0
low volume of tet 0
low volume of tet 0
low volume of tet 1.1564823e-18
low volume of tet 0
low volume of tet 7.2280145e-20
low volume of tet 0
low volume of tet 0
low volume of tet 0
low volume of tet 0
low volume of tet 0
low volume of tet 0
low volume of tet 0
low volume of tet 0
low volume of tet 0
low volume of tet 0
low volume of tet 0
low volume of tet 0
low volume of tet 9.0350181e-21
low volume of tet 0
low volume of tet 0
low volume of tet 0
low volume of tet 0
low volume of tet 0
low volume of tet 0
low volume of tet 6.0986372e-20
low volume of tet 7.9056408e-21
low volume of tet 0
low volume of tet 0
low volume of tet 0
low volume of tet 0
low volume of tet 0
low volume of tet 0
low volume of tet 0
low volume of tet 0
low volume of tet 0
low volume of tet 0
low volume of tet 0
low volume of tet 0
low volume of tet 1.1564823e-18
low volume of tet 0
156 elements combined
CombineImprove done
free: 512, fixed: 80214
Improve Mesh
no success with linesearch
no success with linesearch
no success with linesearch

free: 512, fixed: 80214

Start SwapImprove
free: 492, fixed: 80238

Start SwapImprove2
detected illegal tet1: 77001
detected illegal tet1: 79815
Total badness = 296066.7
Total badness = 296079.31
swapimprove2 done
free: 501, fixed: 80241
Improve Mesh
no success with linesearch
no success with linesearch
no success with linesearch

free: 501, fixed: 80241
Start CombineImprove
low volume of tet 0
low volume of tet 0
low volume of tet 2.8912058e-19
low volume of tet 5.7824116e-19
low volume of tet 8.6736174e-19
low volume of tet 0
low volume of tet 2.3129646e-18
low volume of tet 2.3129646e-18
low volume of tet 0
low volume of tet 0
low volume of tet 0
low volume of tet 1.7347235e-18
low volume of tet 3.6140072e-20
low volume of tet 0
low volume of tet 8.1879852e-21
low volume of tet 0
low volume of tet 0
low volume of tet 0
low volume of tet 0
low volume of tet 0
low volume of tet 0
low volume of tet 0
low volume of tet 0
low volume of tet 0
low volume of tet 7.2280145e-20
low volume of tet 0
low volume of tet 0
low volume of tet 0
low volume of tet 0
low volume of tet 0
low volume of tet 0
low volume of tet 0
low volume of tet 0
low volume of tet 0
low volume of tet 0
low volume of tet 0
low volume of tet 0
low volume of tet 0
low volume of tet 0
low volume of tet 0
low volume of tet 0
low volume of tet 4.6259293e-18
low volume of tet 0
low volume of tet 1.1564823e-18
low volume of tet 0
low volume of tet 3.7007434e-17
low volume of tet 0
low volume of tet 5.7824116e-18
low volume of tet 8.0953762e-18
low volume of tet 0
low volume of tet 0
low volume of tet 0
low volume of tet 0
low volume of tet 0
low volume of tet 0
low volume of tet 0
low volume of tet 4.6259293e-18
low volume of tet 1.1564823e-18
low volume of tet 0
low volume of tet 4.6259293e-18
low volume of tet 0
low volume of tet 0
low volume of tet 0
low volume of tet 0
low volume of tet 3.6140072e-20
low volume of tet 0
low volume of tet 2.8912058e-19
low volume of tet 0
low volume of tet 0
low volume of tet 0
low volume of tet 1.1564823e-18
low volume of tet 1.4456029e-19
low volume of tet 0
low volume of tet 0
low volume of tet 0
low volume of tet 0
low volume of tet 0
low volume of tet 6.9388939e-18
low volume of tet 0
low volume of tet 0
low volume of tet 2.2587545e-21
low volume of tet 3.3881318e-21
low volume of tet 2.2587545e-21
low volume of tet 0
low volume of tet 0
low volume of tet 0
low volume of tet 0
low volume of tet 0
low volume of tet 0
low volume of tet 0
low volume of tet 0
low volume of tet 0
low volume of tet 7.2280145e-20
low volume of tet 0
low volume of tet 0
low volume of tet 0
low volume of tet 7.2280145e-20
low volume of tet 0
low volume of tet 0
low volume of tet 3.6140072e-20
low volume of tet 0
low volume of tet 0
low volume of tet 2.8912058e-19
low volume of tet 1.4456029e-19
low volume of tet 0
low volume of tet 0
low volume of tet 0
low volume of tet 0
low volume of tet 0
low volume of tet 0
low volume of tet 0
low volume of tet 0
low volume of tet 5.5511151e-17
low volume of tet 0
low volume of tet 0
low volume of tet 0
low volume of tet 1.1293773e-21
low volume of tet 5.6468863e-22
low volume of tet 1.8503717e-17
low volume of tet 4.6259293e-18
low volume of tet 0
low volume of tet 1.4456029e-19
low volume of tet 1.1564823e-18
low volume of tet 5.7824116e-19
low volume of tet 0
low volume of tet 0
low volume of tet 1.3877788e-17
low volume of tet 3.7007434e-17
low volume of tet 0
low volume of tet 0
low volume of tet 0
low volume of tet 0
low volume of tet 0
low volume of tet 0
low volume of tet 0
low volume of tet 1.8070036e-20
low volume of tet 3.6140072e-20
low volume of tet 5.7824116e-19
low volume of tet 1.1564823e-18
low volume of tet 0
low volume of tet 0
low volume of tet 0
low volume of tet 0
low volume of tet 0
low volume of tet 0
low volume of tet 1.4456029e-19
low volume of tet 1.4456029e-19
low volume of tet 0
low volume of tet 0
low volume of tet 1.4456029e-19
low volume of tet 2.8912058e-19
low volume of tet 0
low volume of tet 0
low volume of tet 0
low volume of tet 0
low volume of tet 0
low volume of tet 0
low volume of tet 1.4456029e-19
low volume of tet 1.4456029e-19
low volume of tet 1.8070036e-20
low volume of tet 0
low volume of tet 7.2280145e-20
low volume of tet 2.8912058e-19
low volume of tet 0
low volume of tet 0
38 elements combined
CombineImprove done
free: 368, fixed: 80209
Improve Mesh
no success with linesearch
no success with linesearch
no success with linesearch

 Current Process: Optimizing volume, step 25free: 368, fixed: 80209

Start SwapImprove
free: 348, fixed: 80224

Start SwapImprove2
detected illegal tet1: 78085
detected illegal tet1: 80237
detected illegal tet1: 80293
Total badness = 283523.37
Total badness = 283533.18
swapimprove2 done
free: 353, fixed: 80223
Improve Mesh
no success with linesearch
no success with linesearch
no success with linesearch

free: 353, fixed: 80223
Start CombineImprove
low volume of tet 0
low volume of tet 0
low volume of tet 0
low volume of tet 0
low volume of tet 0
low volume of tet 0
low volume of tet 0
low volume of tet 0
low volume of tet 0
low volume of tet 0
low volume of tet 0
low volume of tet 0
low volume of tet 0
low volume of tet 0
low volume of tet 0
low volume of tet 0
low volume of tet 0
low volume of tet 1.3733228e-18
low volume of tet 0
low volume of tet 1.1564823e-18
low volume of tet 0
low volume of tet 0
low volume of tet 0
low volume of tet 0
low volume of tet 2.8912058e-19
low volume of tet 0
low volume of tet 0
low volume of tet 0
low volume of tet 3.469447e-18
low volume of tet 0
low volume of tet 2.3129646e-18
low volume of tet 0
low volume of tet 0
low volume of tet 0
low volume of tet 1.1564823e-18
low volume of tet 4.6259293e-18
low volume of tet 0
low volume of tet 4.6259293e-18
low volume of tet 1.8503717e-17
low volume of tet 0
low volume of tet 0
low volume of tet 0
low volume of tet 0
low volume of tet 0
low volume of tet 0
low volume of tet 0
low volume of tet 0
low volume of tet 0
low volume of tet 0
low volume of tet 0
low volume of tet 0
low volume of tet 5.7824116e-19
low volume of tet 0
low volume of tet 1.4456029e-19
12 elements combined
CombineImprove done
free: 315, fixed: 80207
Improve Mesh
no success with linesearch
no success with linesearch
no success with linesearch

free: 315, fixed: 80207

Start SwapImprove
free: 306, fixed: 80212

Start SwapImprove2
detected illegal tet1: 79593
detected illegal tet1: 80237
detected illegal tet1: 80293
Total badness = 280242.62
Total badness = 280260.19
swapimprove2 done
free: 308, fixed: 80212
Improve Mesh
no success with linesearch
no success with linesearch
no success with linesearch

free: 308, fixed: 80212
Start CombineImprove
low volume of tet 0
low volume of tet 0
low volume of tet 0
low volume of tet 0
low volume of tet 0
low volume of tet 0
low volume of tet 0
low volume of tet 0
low volume of tet 0
low volume of tet 0
low volume of tet 2.3129646e-18
low volume of tet 0
low volume of tet 0
low volume of tet 0
low volume of tet 0
low volume of tet 0
low volume of tet 0
low volume of tet 0
4 elements combined
CombineImprove done
 Current Process: Optimizing volume, step 34free: 306, fixed: 80196
Improve Mesh
no success with linesearch
no success with linesearch
no success with linesearch
no success with linesearch

  12 times used rule Free Tetrahedron
 247 times used rule Tetrahedron 60
 165 times used rule Tetrahedron 60 with edge(1)
   0 times used rule Tetrahedron Vis a Vis Point (1)
  68 times used rule Tetrahedron Vis a Vis Point with edge(1)
  93 times used rule Tetrahedron Vis a Vis Point with 2 edges (1)
 147 times used rule Tetrahedron Vis a Vis Point with 3 edges (1)
   0 times used rule Tetrahedron Vis a Vis Triangle (1)
   0 times used rule Octaeder 1
   0 times used rule Octaeder 2
   0 times used rule Octaeder 2a
   0 times used rule Pyramid 1
  28 times used rule Tetrahedron 2 times 60
   3 times used rule Fill Tetrahedron (1)
  25 times used rule Tetrahedron 120 (1)
   0 times used rule Tetrahedron 2 times 120 (1)
  14 times used rule four Tetrahedron non convex (4)
   0 times used rule five Tetrahedron non convex (4)
  89 times used rule four Tetrahedron non convex (6)
   0 times used rule four Tetrahedron non convex (6)
   0 times used rule three Tetrahedron non convex (4)
   0 times used rule three Tetrahedron non convex (6)
   0 times used rule four Tetrahedron non convex (6)
   0 times used rule Tetrahedron 2 in 60 (12)
   0 times used rule Tetrahedron 120: but more than 180 (13)
   0 times used rule Free Tetrahedron (14)
   0 times used rule Free Tetrahedron (15)
free: 347, fixed: 80425
Improve Mesh
no success with linesearch
no success with linesearch
no success with linesearch
no success with linesearch
no success with linesearch
no success with linesearch
no success with linesearch
no success with linesearch
no success with linesearch
no success with linesearch

 Current Process: Optimizing volume, step 36free: 347, fixed: 80425
Start CombineImprove
low volume of tet 0
low volume of tet 0
low volume of tet 0
low volume of tet 0
low volume of tet 0
low volume of tet 0
low volume of tet 0
low volume of tet 0
low volume of tet 0
low volume of tet 0
low volume of tet 0
low volume of tet 0
low volume of tet 0
low volume of tet 0
low volume of tet 0
low volume of tet 0
low volume of tet 0
low volume of tet 0
low volume of tet 0
low volume of tet 0
low volume of tet 0
low volume of tet 0
low volume of tet 0
low volume of tet 0
low volume of tet 0
low volume of tet 0
low volume of tet 0
low volume of tet 0
low volume of tet 0
low volume of tet 0
low volume of tet 0
low volume of tet 0
low volume of tet 0
low volume of tet 0
low volume of tet 0
low volume of tet 0
low volume of tet 0
low volume of tet 0
low volume of tet 0
low volume of tet 0
low volume of tet 0
low volume of tet 0
low volume of tet 0
low volume of tet 0
low volume of tet 0
low volume of tet 0
low volume of tet 0
low volume of tet 0
low volume of tet 0
low volume of tet 0
low volume of tet 0
low volume of tet 0
low volume of tet 0
low volume of tet 0
low volume of tet 0
low volume of tet 0
low volume of tet 0
low volume of tet 0
low volume of tet 0
low volume of tet 0
low volume of tet 0
low volume of tet 0
low volume of tet 0
low volume of tet 0
low volume of tet 0
low volume of tet 0
low volume of tet 0
low volume of tet 0
low volume of tet 0
low volume of tet 0
low volume of tet 0
low volume of tet 0
low volume of tet 0
low volume of tet 0
low volume of tet 0
low volume of tet 0
low volume of tet 0
low volume of tet 0
low volume of tet 0
low volume of tet 0
low volume of tet 0
low volume of tet 0
low volume of tet 0
low volume of tet 0
low volume of tet 0
low volume of tet 0
low volume of tet 0
low volume of tet 0
low volume of tet 0
low volume of tet 0
low volume of tet 0
low volume of tet 0
low volume of tet 0
low volume of tet 0
low volume of tet 0
low volume of tet 0
low volume of tet 0
low volume of tet 0
low volume of tet 0
low volume of tet 0
low volume of tet 0
low volume of tet 0
low volume of tet 0
low volume of tet 0
low volume of tet 0
low volume of tet 0
low volume of tet 0
low volume of tet 0
low volume of tet 0
low volume of tet 0
low volume of tet 0
low volume of tet 0
low volume of tet 0
low volume of tet 0
low volume of tet 0
low volume of tet 0
low volume of tet 0
low volume of tet 0
low volume of tet 0
low volume of tet 0
low volume of tet 0
low volume of tet 0
low volume of tet 0
low volume of tet 0
low volume of tet 0
low volume of tet 0
low volume of tet 0
low volume of tet 0
low volume of tet 0
low volume of tet 0
low volume of tet 0
low volume of tet 0
low volume of tet 0
low volume of tet 0
low volume of tet 0
low volume of tet 0
low volume of tet 0
low volume of tet 0
low volume of tet 0
low volume of tet 0
low volume of tet 0
low volume of tet 0
low volume of tet 0
low volume of tet 0
low volume of tet 0
low volume of tet 0
low volume of tet 0
low volume of tet 0
low volume of tet 0
low volume of tet 0
low volume of tet 0
low volume of tet 0
low volume of tet 0
low volume of tet 0
low volume of tet 0
low volume of tet 0
low volume of tet 0
low volume of tet 0
low volume of tet 0
low volume of tet 0
low volume of tet 0
low volume of tet 0
low volume of tet 0
low volume of tet 0
low volume of tet 0
low volume of tet 0
low volume of tet 0
low volume of tet 0
low volume of tet 0
low volume of tet 0
low volume of tet 0
low volume of tet 0
low volume of tet 0
low volume of tet 0
low volume of tet 0
low volume of tet 0
low volume of tet 0
low volume of tet 0
low volume of tet 0
low volume of tet 0
low volume of tet 0
low volume of tet 0
low volume of tet 0
low volume of tet 0
low volume of tet 0
low volume of tet 0
low volume of tet 0
low volume of tet 0
47 elements combined
CombineImprove done
free: 214, fixed: 80370
Improve Mesh
no success with linesearch
no success with linesearch
no success with linesearch
no success with linesearch

free: 214, fixed: 80370

Start SwapImprove
free: 190, fixed: 80412

Start SwapImprove2
Total badness = 281204.3
Total badness = 281205.25
swapimprove2 done
free: 191, fixed: 80412
Improve Mesh
no success with linesearch
no success with linesearch
no success with linesearch

free: 191, fixed: 80412
Start CombineImprove
low volume of tet 0
low volume of tet 0
low volume of tet 0
low volume of tet 0
low volume of tet 0
low volume of tet 0
low volume of tet 0
low volume of tet 0
low volume of tet 0
low volume of tet 5.7824116e-19
low volume of tet 0
low volume of tet 1.4456029e-19
low volume of tet 0
low volume of tet 0
low volume of tet 0
low volume of tet 2.3129646e-18
low volume of tet 2.8912058e-19
low volume of tet 0
low volume of tet 0
low volume of tet 0
low volume of tet 0
low volume of tet 4.6259293e-18
low volume of tet 0
low volume of tet 0
low volume of tet 0
low volume of tet 4.6259293e-18
low volume of tet 0
low volume of tet 0
low volume of tet 0
low volume of tet 0
low volume of tet 0
low volume of tet 0
low volume of tet 0
low volume of tet 0
low volume of tet 7.2280145e-20
low volume of tet 0
low volume of tet 0
low volume of tet 0
low volume of tet 7.2280145e-20
low volume of tet 1.4456029e-19
low volume of tet 0
low volume of tet 0
low volume of tet 0
low volume of tet 0
low volume of tet 3.7007434e-17
low volume of tet 0
low volume of tet 0
low volume of tet 1.8070036e-20
low volume of tet 4.5175091e-21
low volume of tet 0
low volume of tet 0
low volume of tet 0
low volume of tet 0
low volume of tet 0
low volume of tet 0
low volume of tet 0
low volume of tet 0
low volume of tet 9.2518585e-18
low volume of tet 0
low volume of tet 0
low volume of tet 0
low volume of tet 0
low volume of tet 0
low volume of tet 0
low volume of tet 0
low volume of tet 0
low volume of tet 0
low volume of tet 0
low volume of tet 0
low volume of tet 0
low volume of tet 0
low volume of tet 0
low volume of tet 0
low volume of tet 5.7824116e-19
low volume of tet 0
low volume of tet 0
low volume of tet 0
low volume of tet 0
low volume of tet 0
low volume of tet 0
low volume of tet 0
low volume of tet 4.2916336e-20
19 elements combined
CombineImprove done
free: 139, fixed: 80382
Improve Mesh
no success with linesearch
no success with linesearch
no success with linesearch

free: 139, fixed: 80382

Start SwapImprove
 Current Process: Optimizing volume, step 44free: 152, fixed: 80368

Start SwapImprove2
Total badness = 278458.68
Total badness = 278458.68
swapimprove2 done
free: 152, fixed: 80368
Improve Mesh
no success with linesearch
no success with linesearch
no success with linesearch

free: 152, fixed: 80368
Start CombineImprove
low volume of tet 0
low volume of tet 0
low volume of tet 3.2526065e-19
low volume of tet 0
low volume of tet 0
low volume of tet 0
low volume of tet 0
low volume of tet 0
low volume of tet 0
low volume of tet 1.2649025e-19
low volume of tet 0
low volume of tet 0
low volume of tet 1.4456029e-19
low volume of tet 2.6653303e-19
low volume of tet 0
low volume of tet 0
low volume of tet 0
low volume of tet 0
low volume of tet 0
low volume of tet 0
6 elements combined
CombineImprove done
free: 114, fixed: 80386
Improve Mesh
no success with linesearch
no success with linesearch
no success with linesearch
no success with linesearch

free: 114, fixed: 80386

Start SwapImprove
free: 122, fixed: 80379

Start SwapImprove2
Total badness = 278103.6
Total badness = 278103.6
swapimprove2 done
free: 122, fixed: 80379
Improve Mesh
no success with linesearch
no success with linesearch
no success with linesearch
no success with linesearch

free: 122, fixed: 80379
Start CombineImprove
low volume of tet 1.4456029e-19
low volume of tet 0
low volume of tet 0
low volume of tet 0
low volume of tet 4.6259293e-18
low volume of tet 0
low volume of tet 0
low volume of tet 0
low volume of tet 0
low volume of tet 1.4456029e-19
low volume of tet 0
low volume of tet 0
low volume of tet 0
low volume of tet 0
low volume of tet 0
3 elements combined
CombineImprove done
free: 0, fixed: 80486
Improve Mesh
no success with linesearch
no success with linesearch
no success with linesearch

 Current Process: Optimizing volume, step 53   0 times used rule Free Tetrahedron
   0 times used rule Tetrahedron 60
   0 times used rule Tetrahedron 60 with edge(1)
   0 times used rule Tetrahedron Vis a Vis Point (1)
   0 times used rule Tetrahedron Vis a Vis Point with edge(1)
   0 times used rule Tetrahedron Vis a Vis Point with 2 edges (1)
   0 times used rule Tetrahedron Vis a Vis Point with 3 edges (1)
   0 times used rule Tetrahedron Vis a Vis Triangle (1)
   0 times used rule Octaeder 1
   0 times used rule Octaeder 2
   0 times used rule Octaeder 2a
   0 times used rule Pyramid 1
   0 times used rule Tetrahedron 2 times 60
   0 times used rule Fill Tetrahedron (1)
   0 times used rule Tetrahedron 120 (1)
   0 times used rule Tetrahedron 2 times 120 (1)
   0 times used rule four Tetrahedron non convex (4)
   0 times used rule five Tetrahedron non convex (4)
   0 times used rule four Tetrahedron non convex (6)
   0 times used rule four Tetrahedron non convex (6)
   0 times used rule three Tetrahedron non convex (4)
   0 times used rule three Tetrahedron non convex (6)
   0 times used rule four Tetrahedron non convex (6)
   0 times used rule Tetrahedron 2 in 60 (12)
   0 times used rule Tetrahedron 120: but more than 180 (13)
   0 times used rule Free Tetrahedron (14)
   0 times used rule Free Tetrahedron (15)
Vol Meshing added
  64259 tetrahedra through Delaunay tetrahedralization
  20473 tetrahedra through advancing front tetrahedralization
  10 passes on advancing front tetrahedralization


Points:           19924
Volume Elements:  80486
0 low quality volume elements

Volume elements in qualityclasses:
   0 - 0.05: 1214
0.05 -  0.1: 987
 0.1 - 0.15: 1035
0.15 -  0.2: 1497
 0.2 - 0.25: 2133
0.25 -  0.3: 2731
 0.3 - 0.35: 3304
0.35 -  0.4: 3929
 0.4 - 0.45: 4450
0.45 -  0.5: 4957
 0.5 - 0.55: 5502
0.55 -  0.6: 6159
 0.6 - 0.65: 6348
0.65 -  0.7: 7580
 0.7 - 0.75: 9144
0.75 -  0.8: 8224
 0.8 - 0.85: 6396
0.85 -  0.9: 3114
 0.9 - 0.95: 1432
0.95 -    1: 350
total error: 2.3e+05

Volume meshing completed:
Mesh overview:
  Vertices: 19924
  Edges:    7019
  Surfaces: 34718
  Volumes:  80486
Start CombineImprove
0 elements combined
CombineImprove done
Improve Mesh
Total badness = 2.8e+05
no success with linesearch
no success with linesearch
no success with linesearch

Total badness = 277829.94
start SplitImprove
Total badness = 277829.94
Splitt - Improve done
Total badness = 278737.78
Improve Mesh
Total badness = 278737.78
no success with linesearch
no success with linesearch
no success with linesearch
no success with linesearch

Total badness = 278598.81
Improve Mesh
Total badness = 278598.81
no success with linesearch
no success with linesearch
no success with linesearch

Total badness = 277860.93


Points:           19926
Volume Elements:  80494
0 low quality volume elements

Volume elements in qualityclasses:
   0 - 0.05: 1220
0.05 -  0.1: 980
 0.1 - 0.15: 1024
0.15 -  0.2: 1507
 0.2 - 0.25: 2124
0.25 -  0.3: 2748
 0.3 - 0.35: 3317
0.35 -  0.4: 3927
 0.4 - 0.45: 4452
0.45 -  0.5: 4954
 0.5 - 0.55: 5506
0.55 -  0.6: 6160
 0.6 - 0.65: 6349
0.65 -  0.7: 7578
 0.7 - 0.75: 9136
0.75 -  0.8: 8234
 0.8 - 0.85: 6381
0.85 -  0.9: 3118
 0.9 - 0.95: 1430
0.95 -    1: 349
total error: 2.3e+05
Start CombineImprove
0 elements combined
CombineImprove done
Improve Mesh
Total badness = 2.8e+05
no success with linesearch
no success with linesearch
no success with linesearch
no success with linesearch

Total badness = 277695.51
start SplitImprove
Total badness = 277695.51
Splitt - Improve done
Total badness = 277613.41
Improve Mesh
Total badness = 277613.41
no success with linesearch
no success with linesearch
no success with linesearch

Total badness = 277511.35
Improve Mesh
Total badness = 277511.35
no success with linesearch
no success with linesearch
no success with linesearch

Total badness = 277455.6


Points:           19930
Volume Elements:  80509
0 low quality volume elements

Volume elements in qualityclasses:
   0 - 0.05: 1225
0.05 -  0.1: 978
 0.1 - 0.15: 1039
0.15 -  0.2: 1501
 0.2 - 0.25: 2128
0.25 -  0.3: 2751
 0.3 - 0.35: 3310
0.35 -  0.4: 3929
 0.4 - 0.45: 4453
0.45 -  0.5: 4950
 0.5 - 0.55: 5517
0.55 -  0.6: 6156
 0.6 - 0.65: 6361
0.65 -  0.7: 7568
 0.7 - 0.75: 9133
0.75 -  0.8: 8238
 0.8 - 0.85: 6378
0.85 -  0.9: 3114
 0.9 - 0.95: 1433
0.95 -    1: 347
total error: 2.3e+05
Start CombineImprove
0 elements combined
CombineImprove done
Improve Mesh
Total badness = 2.8e+05
no success with linesearch
no success with linesearch
no success with linesearch

Total badness = 277420.18
start SplitImprove
Total badness = 277420.18
Splitt - Improve done
Total badness = 277420.18
Improve Mesh
Total badness = 277420.18
no success with linesearch
no success with linesearch
no success with linesearch

Total badness = 277378.17
Improve Mesh
Total badness = 277378.17
no success with linesearch
no success with linesearch
no success with linesearch

Total badness = 277320.71


Points:           19930
Volume Elements:  80509
0 low quality volume elements

Volume elements in qualityclasses:
   0 - 0.05: 1226
0.05 -  0.1: 980
 0.1 - 0.15: 1033
0.15 -  0.2: 1503
 0.2 - 0.25: 2124
0.25 -  0.3: 2769
 0.3 - 0.35: 3300
0.35 -  0.4: 3930
 0.4 - 0.45: 4450
0.45 -  0.5: 4955
 0.5 - 0.55: 5512
0.55 -  0.6: 6163
 0.6 - 0.65: 6364
0.65 -  0.7: 7562
 0.7 - 0.75: 9130
0.75 -  0.8: 8241
 0.8 - 0.85: 6371
0.85 -  0.9: 3115
 0.9 - 0.95: 1433
0.95 -    1: 348
total error: 2.3e+05

Volume optimization completed:
Mesh overview:
  Vertices: 19930
  Edges:    7019
  Surfaces: 34718
  Volumes:  80509
 Current Process: ......Generated 80509 Tetrahedra, 173288 Surfaces, 19349 Points
