3.8842543670234844
3.6818688136239581
3.6430325600354667
3.4356041226373084
3.0483433423393107
2.9651260949232832
2.9502469257617139
2.9416222851395761
2.8943969383428172
2.4886726136179074
2.4415275658437245
2.3627024559397136
2.2968569698522496
2.1102099291162908
2.0174410964142631
1.9700614372081358
1.952273927964479
1.9400756956762362
1.9312109461025018
1.9037447137563865
1.9013944260676428
1.865144230934479
1.821349885545237
1.8007438545484278
1.7904219763574754
1.7679690936621206
1.7102345478899486
1.7092507542767696
1.6358756529160852
1.5951262402416246
1.5876415099074805
1.5766561850123311
1.5653325192472933
1.5636285951821696
1.5484407047046065
1.5473134831743804
1.5304269318396999
1.4956529822967193
1.4738311866407372
1.4550349767737982
1.4075470239247423
1.39435698504714
1.3765853307771947
1.3696895934678444
1.357270695228896
1.3485523814677418
1.34586853392282
1.3411179694705657
1.3286089745980127
1.3250478301944375
1.3157012498721539
1.3080345072963162
1.2823528859243574
1.2814869259920767
1.2794224156949332
1.2761910286756575
1.2408887274083482
1.2325235206610654
1.2305607026444545
1.2201791481869086
1.1846911256957118
1.1827300998104664
1.1811727020668763
1.1756304378542353
1.1752587414253874
1.1739706865951902
1.1687063694623261
1.1558796594804108
1.1527906164358594
1.1523631175997249
1.139841265079198
1.1357291200061823
1.1125615787342911
1.0925087562332123
1.0923047680738687
1.0858877661125788
1.0824637251669529
1.0796393742301049
1.0728988353919864
1.0706786764080567
1.0647632351705933
1.0645882464881475
1.0531792812735168
1.0407379880467325
1.033714519580216
1.032589372110013
1.0302695155878858
1.0289878754865074
1.0183298872629345
1.0147731932223214
1.0132875308942197
1.0066255364567023
1.0046090621116326
1.0033180785214002
1.0029608506983134
0.99974075262487205
0.99760060849989252
0.99461008570384579
0.99287689197780238
0.99282900844969446
0.99269941130289385
0.99080585177114433
0.98089538300703172
0.97627477669328888
0.97590624789739866
0.97443692811818616
0.96657618735606543
0.96456031376037277
0.96304049895389243
0.94868563595635957
0.94243742154886923
0.92471223058067564
0.91454427161436946
0.90612778197347998
0.89723170641154659
0.89718906184551506
0.89674562182966666
0.89352381279087378
0.88483729426083568
0.88483475492108998
0.8835872680832273
0.88244192061703197
0.88059140627306443
0.88041330892538172
0.87928407384785168
0.87662724869796727
0.87612487903505221
0.87547264396197277
0.8704482541814319
0.86998678990285638
0.86316912876508567
0.86304281233727598
0.85986669667429472
0.85455141315553962
0.85226964388681337
0.84531577100139943
0.84419481754478831
0.84139841446381136
0.83930351626481847
0.83702974358862259
0.82989929437309318
0.82968031348245075
0.82640684521890784
0.82304268231710309
0.82232707556025408
0.82143923007094488
0.81543434188880637
0.81483727756051594
0.81219007570155011
0.80965054746340626
0.80939750741275251
0.80836909556527758
0.80645900963922734
0.80407569040963978
0.80394386481825653
0.80378385643997385
0.80271672547216411
0.80209766594180343
0.80061807505370131
0.80014148808151597
0.79850089305848171
0.79813053807041223
0.7921410039381801
0.78827782881793584
0.78631117332504896
0.78611223818461051
0.78601206005702318
0.78460377560242089
0.78371730643516213
0.7820400069515463
0.78146873607411982
0.78098680528408759
0.77984771551058907
0.77772982443723537
0.77710780427940307
0.77478203311981364
0.77470759748669005
0.77278006688188516
0.77149008312079814
0.77041928908788249
0.76755566502723149
0.76638282895955334
0.76559043676754901
0.76521290758710503
0.76477519492645585
0.76453001024452849
0.76255143542587467
0.76133898204638906
0.76042969795097481
0.76027833295932623
0.75618853619365212
0.75437867875518572
0.75136221056451846
0.74989959920299487
0.74901117006502782
0.74717903874217229
0.74523777560502502
0.74484758766558812
0.74358466616796492
0.74264265785700756
0.74165832009493793
0.74059272505294083
0.73726169912751127
0.73720647809719975
0.73448009709427342
0.73322911443238625
0.7331112378037028
0.73155263633957435
0.73152419507216992
0.73117147275259342
0.72972256281368986
0.72970227068325255
0.72894514447273573
0.72837485156795612
0.72760841272436572
0.72556863610169087
0.72523265574004925
0.72408821018792502
0.72392514259921692
0.72323253449133318
0.72251488641162431
0.72160423502285487
0.72037801057187967
0.71942596103666079
0.71916786331695326
0.71913500502516681
0.71871670886437555
0.71815753928533232
0.71726063264785433
0.71708577715183519
0.71661826312394683
0.7160513970399609
0.7160103502638332
0.71571064361414083
0.71458025039364814
0.71408629320701889
0.7138850060748656
0.71321319103131231
0.71263337646210845
0.71230990231774083
0.71146614664814023
0.70940525147964639
0.70776998822217418
0.70718292074174982
0.70594905280948894
0.70587184013028281
0.70582798932503865
0.70469145410713874
0.70430705582474884
0.70428429660640413
0.70348836094341649
0.70302924679044432
0.70265720622550276
0.70250182740130551
0.70249515624375281
0.69870184135925106
0.69690393911623871
0.69678495509068206
0.69589596931497011
0.69509576077476554
0.69338140244141555
0.69287986038710381
0.69064104820027317
0.69058795097005332
0.68997407648851872
0.68970941657304108
0.6893102391353263
0.68907209969514149
0.6885455873752252
0.68706424445301961
0.68678127002069533
0.68675560696100624
0.68607006888117072
0.68478569219898267
0.6839215866112196
0.68295458059263092
0.68216619223957864
0.68055380332690651
0.67983396154683629
0.67924369814120267
0.67830252467207452
0.67779556148806586
0.67767600864845268
0.67473785380256768
0.6735622187096092
0.67057930993425685
0.66985919094679769
0.66488080521942594
0.66451661212052382
0.6644591498886423
0.6642832155923728
0.66411042969487666
0.66361697692074062
0.65974729992701764
0.6594765780242976
0.6587128398088099
0.65833540211995423
0.65515341956505402
0.65436448716827489
0.65422803684029551
0.65376268347959465
0.65319218769888387
0.65286746874202595
0.65204573847577463
0.65130187330143829
0.6511882572377925
0.64888977313567209
0.64806606417985924
0.64747947009050766
0.64735034998127527
0.64686491384645084
0.64611784887249479
0.64593657344530586
0.64561446838932646
0.64359931863535991
0.6432693622602822
0.64206636781740956
0.63955842617876979
0.6394107226469754
0.63850119178514486
0.63829928850826867
0.63704882465318058
0.63675371097652722
0.63660994358223966
0.6364647390310223
0.63615353517728013
0.63599022518909265
0.63550882930832153
0.63517921439523817
0.63464222934488534
0.63343830191433248
0.63342827929055645
0.63315490544924036
0.62814183773536281
0.62738707727839638
0.62706487953053702
0.62704998814041157
0.62693838440042116
0.62656124300843552
0.62519409079379862
0.62421363648787209
0.62406542811592303
0.62317186898607968
0.62172854776466602
0.62171400746423855
0.62117080909522548
0.62110197923516852
0.62006947567800519
0.6193716820870534
0.61933305535980421
0.61881040964830392
0.61795838125974056
0.61746702825292088
0.61660023711125367
0.61633664106026231
0.61623990957984165
0.61606601426618313
0.61387290359852431
0.61273413237221197
0.61266430844946906
0.61254662222297174
0.61166510224940995
0.60767249858156402
0.60729702288991305
0.60705851184798021
0.60636633007277962
0.60623595246481177
0.60541153280699
0.60480380655935906
0.60463181871697813
0.60418642898497232
0.60403683859104074
0.60254384033454922
0.60226147544679542
0.60222649249387561
0.6022194062256403
0.60216477201734064
0.60208171504367292
0.59993831636822814
0.59773841317583143
0.59742974034125396
0.5973640296365883
0.59696334905639392
0.59658836466682996
0.59651242986158315
0.59639193764783682
0.59601609668959643
0.59583352983827875
0.59552481109737099
0.59511866369038047
0.59459049783175244
0.59423527595417858
0.59417896881129706
0.59344568807955156
0.59285053642126695
0.59275151531625414
0.59262465746884496
0.59159519734639776
0.59117769873835702
0.59113382739183995
0.59081732458093683
0.58945977822453011
0.58920116082051721
0.58752950221854516
0.58742661995114487
0.58722680274534989
0.58649698281320872
0.58578769090903215
0.5857014617798747
0.58528343054013698
0.58476455756171541
0.58465315793839345
0.584274041261588
0.58382057765063378
0.5830995661427546
0.58192674837577874
0.58109679858096219
0.58060670430467376
0.58006227554484191
0.57826651820737252
0.577755779921727
0.57707366379844627
0.57695528379511163
0.57675135089940399
0.57558765748110552
0.57476382878105858
0.57424250207179917
0.57376952450542762
0.57372285036750303
0.57361532821532057
0.57291754915589477
0.57186370109329121
0.57154971925212239
0.57135544289383944
0.5686563699225553
0.56861218672710057
0.56846480395575938
0.56733112819551645
0.56575406780929716
0.56567106267839717
0.56554156955123991
0.56547264352327409
0.56526778659426469
0.56512294277005082
0.56498850479652019
0.56445852388121032
0.56378045710009872
0.56251875641519866
0.56146305211232961
0.561105105574916
0.56095163390329406
0.56031059047532839
0.5597360844600362
0.5595006858986582
0.55892683254440079
0.55877644767902401
0.55873526844585386
0.55858683494985162
0.55817118763272899
0.55609349311227096
0.55559768418823885
0.55345411568356062
0.55226913383587828
0.55224072133201574
0.55101167771323423
0.55097480034115887
0.55087741290631176
0.55075841429058192
0.55069302473605075
0.54982408623860968
0.54896965806006681
0.5488481662424286
0.54708520783197778
0.54698769000968406
0.54694512822759755
0.54661793359322841
0.54611005308258209
0.54603446632758856
0.54497482556445731
0.54487442053874424
0.54472316730507275
0.54468527970259717
0.54436674395049134
0.54334749903464397
0.54302550990834342
0.54279039420112696
0.54252819499431015
0.54185389285834329
0.54110050526360642
0.54084696538804933
0.54039124940427796
0.53974452939951079
0.53960601045253997
0.53934392838451717
0.53923598969112019
0.5392235174502904
0.53897998086089205
0.53882166927197028
0.53877502449546577
0.53741490588241492
0.53714482177631295
0.53686916291162501
0.53674737235288317
0.5365117188269205
0.53544768570539125
0.53498633096352899
0.53478575530430661
0.53461402775564204
0.53461214363979115
0.53417336526729176
0.53354325979387041
0.53347567205615143
0.5331099183256337
0.53281271950662068
0.53244843787610052
0.5320456558273714
0.53195865488351324
0.53103389107320598
0.53092418519918638
0.53072884583100111
0.5306070931621788
0.53047162952173676
0.52947246284616234
0.52924922568319932
0.52809478356620376
0.52755430046928442
0.52718387536590516
0.52674666579888119
0.52672565625780066
0.52670948647744931
0.52644784300994274
0.52612299055883616
0.52582084513046712
0.52528886902657423
0.52435448907555759
0.52394651785550861
0.52363544432924669
0.52328187359830447
0.52306888417437192
0.52239111816576334
0.5223514030120564
0.52226804227823598
0.52155271039307749
0.5214556740423697
0.52143812530683054
0.52103957181408966
0.52101171242808952
0.52089905578700657
0.52062893528048793
0.51982103728155238
0.51969635324616181
0.51915942603751786
0.51868179627482047
0.51868077911267707
0.51810158596385891
0.51806807052690895
0.51705008247413775
0.51699352241629737
0.5167757690107263
0.51669825313812989
0.51613440517593223
0.51580674311997132
0.51563192214225251
0.51556951460181089
0.51539741369382042
0.51527817797309328
0.51497871466875333
0.51445430579804452
0.51432064523978249
0.513899385586155
0.51360855982613962
0.51355545283376969
0.51328444987494704
0.51315215023582172
0.51304865507035857
0.51237674175625614
0.51217173819681849
0.51068453926636392
0.50939125177660516
0.50864267874072611
0.50855617559180666
0.50855062482512059
0.50592551667139607
0.50534441554060372
0.50503159271853526
0.50497334116246095
0.50428503636226885
0.50425147832988693
0.50351408545183673
0.50307267701612257
0.50288946519757527
0.5024773733959228
0.50238324588318373
0.50228081955091408
0.50197024119437927
0.50160915052832156
0.5010938325443951
0.50100007869369589
0.5009750652641155
0.50045499737582655
0.50040618637820644
0.50029767726671881
0.49983639165185223
0.49943042094927942
0.49816500770412531
0.49812564176231078
0.49801837126125159
0.49727078437153033
0.49709446356895692
0.49672943208759529
0.49641908115968736
0.49627507063915233
0.49531489143745794
0.49527624628392219
0.49520461610308286
0.49514334993495185
0.49485241545006808
0.49385223221401237
0.49362925102279404
0.49327927291349594
0.49298029735288562
0.4927454495089737
0.49140262352986552
0.49099042597244152
0.49093381230093486
0.49058939716740574
0.4900675082288925
0.48995677968207246
0.48981263382521451
0.48961714310246685
0.4892967466780187
0.4887443946824313
0.48842194922308868
0.48841786260444098
0.48830848053350689
0.48749416976442717
0.48747932478451467
0.48731613322713319
0.48721539724083757
0.4865173637245444
0.48606184279043207
0.48538082768139235
0.48516127948597348
0.48443458906793874
0.48421321458725397
0.48397554577187624
0.48392851128324371
0.48209832658920315
0.48153475642532872
0.48147356528771729
0.48104192659899797
0.48070143541785371
0.48057509287503364
0.48025022746953872
0.48022253087882616
0.47878098175944916
0.47867560355140865
0.47865026430142654
0.47858370677708373
0.47830208100540506
0.47827794644042682
0.47822593731551688
0.47818312100448329
0.47807172752841248
0.47735531110861218
0.47692104162742749
0.47668738064029981
0.47664176823981014
0.4760128177483946
0.475580731011363
0.47557170643762131
0.47526238104190804
0.47481745451076601
0.47441690352408611
0.47436156417308889
0.47430148356084034
0.47393941907110881
0.47362860454568634
0.47362824567136663
0.4736223616998938
0.47345039062145666
0.4729765924324239
0.47153286319620163
0.47128133609146483
0.47077911352072765
0.47069661497467336
0.47067239467629118
0.47051110420390513
0.47034217546736884
0.46873743453099148
0.46863201313060704
0.46798706914267274
0.46796677625370187
0.46790549658808195
0.46768331699355065
0.46712865540248411
0.46679983188060142
0.46661319320593936
0.46547897897046098
0.46463600275508082
0.46434531844295107
0.46398872423976933
0.46292162968436223
0.46228976295324009
0.46217367629976586
0.46184535606193544
0.4617305507967619
0.46144993083794683
0.4613512974256756
0.46108169268816024
0.46073557196081744
0.46059121571431666
0.46057785645278676
0.4603580213015841
0.46020102255792589
0.460085818441762
0.46003955755396131
0.4599301174500578
0.45992356941441226
0.45973040925570446
0.45961920762071212
0.45908967490578267
0.4589517846453457
0.45884329765510873
0.4587667910895139
0.45858017393137662
0.45826709983936864
0.45808224532836617
0.457923036600766
0.45783143456551967
0.45715533944693904
0.45685901060501022
0.4564672770800331
0.45640861409972183
0.45600839941559013
0.45593080961750054
0.45552710861817886
0.45550666780175558
0.45528710283781271
0.45510446239295055
0.45506260371936358
0.45491813339828963
0.45485993405419423
0.45430061244197667
0.45414620253583216
0.45411460571470019
0.45392349203392512
0.45332091017999798
0.45244329666050931
0.45232435097433316
0.45198624300764206
0.45147185996603434
0.45130505605638932
0.45112116842181227
0.45023499248509991
0.4497304661032791
0.44916995416698013
0.44902467152736902
0.44839250861169794
0.44817356458870278
0.44789212155999292
0.44759326158153712
0.44756522076755134
0.44747543888006308
0.44718482857545105
0.44690605680098472
0.44668637673004707
0.44632132649863632
0.44599950471084931
0.44563323111089181
0.44550966130241432
0.44408613413954029
0.44403367409470318
0.44316135412800495
0.44308646115676387
0.44294521252357422
0.44201105634927845
0.44074415316600896
0.44031706976116547
0.44008717491921306
0.43990275033088005
0.43985479188826854
0.439487721435881
0.4392207488349098
0.43891236311617216
0.43865580280751337
0.43843782548195964
0.43834450224078847
0.43805838744748782
0.43773342857749387
0.4376669499638513
0.43741410470924713
0.43738734655289657
0.43685434084724417
0.43648990521838815
0.43639957844517369
0.43624798493491773
0.43597690623206098
0.43591189991617141
0.4359040047007342
0.43544162571911815
0.43515619102096903
0.43514822992278696
0.4351272296722723
0.43511049291494863
0.43504218777399284
0.43486260944799221
0.43484526817047398
0.4345445626521533
0.43414506449757023
0.43360414297922883
0.43356128667977734
0.43314646044053451
0.43312754641371604
0.43290208014596721
0.43264034250497174
0.4324004682078651
0.43203315761010347
0.43119602248527761
0.43098290072759948
0.4295684517861133
0.42936680091537133
0.42933653821411666
0.42922866090584405
0.42917430186627148
0.42907206215728222
0.42860390370921542
0.42850587019512903
0.4284538683614868
0.42815979639761043
0.42813979176965178
0.4273934700560954
0.42713643766748
0.4270197129327768
0.42682493514857039
0.42673226138463777
0.42669922811118438
0.42664597553917338
0.42656490937182889
0.42647821824717397
0.4258681106124711
0.42545857454607844
0.42540067222901295
0.42537500345380169
0.42517404293089456
0.42515473075396476
0.42497106785429928
0.42443570726472502
0.42398953663355748
0.423863432921806
0.42377529603075736
0.4234272800123397
0.42336197539982823
0.42330718332116579
0.4228173255138864
0.42266558777433871
0.42262316054881099
0.42247179693520198
0.42231332736729432
0.42215763181994614
0.42107691220098581
0.4203255329016175
0.42001930624132994
0.41999533010547624
0.41908751529546434
0.41711774854157585
0.4169506349420144
0.41651253692572932
0.41587125399297398
0.41555043673640479
0.41541730933365589
0.41513562842213148
0.41494254431479821
0.41459893420241251
0.41458661619647552
0.41434760637080142
0.4140608258881594
0.41367471783240212
0.41358005544654097
0.41342028291033822
0.41339560371860223
0.41305844131249825
0.41290680711383443
0.41282340134238432
0.41251991541964739
0.41226018061306868
0.4119240141276474
0.41190131608812741
0.41188789137222193
0.41183609327793003
0.41158704112580463
0.4114944147254066
0.41147901803288106
0.410892735932469
0.41071416454867804
0.41039156133772919
0.41032579474542041
0.4100757416664757
0.41001537919878078
0.40989364225971897
0.4092765586684976
0.40918690592367191
0.40902016274617181
0.40858791124583188
0.40843833265979812
0.4081684917295208
0.40782751814216694
0.40707495027066748
0.40686600622399421
0.40669829153153036
0.40653815598416415
0.4054465069759165
0.40535488353247678
0.40530015958520815
0.40506902792709049
0.40464109276591875
0.40428728518017615
0.40354974303910179
0.40351598523473126
0.40327736154999394
0.40327406312852448
0.40276956619581894
0.40276596702699768
0.40272708267120161
0.40270196627847782
0.4026472034486302
0.40223790351239375
0.40194840643334639
0.40169840880954577
0.40168191308095641
0.40157234326141461
0.40126266321134085
0.40089581932053181
0.40056521414281471
0.4005071484433374
0.40049755064433545
0.40009250358007431
0.39999264132509921
0.39936624108448099
0.39895940929764312
0.39884552116908062
0.39860084027326609
0.39821096884167878
0.39820299688878147
0.39818031634174356
0.39809320853763075
0.39763490162131526
0.39734823784705608
0.39700078605527039
0.39692510404940673
0.39663067264939089
0.395987970136571
0.39597140836758093
0.39590111985876131
0.39545470038266262
0.39533735063555581
0.3950971473077477
0.39477977333414938
0.3946995206254531
0.39414791764958751
0.39379860187485183
0.39324788286273477
0.39282539555830981
0.39238991575591703
0.3919759408613645
0.39193838760502486
0.39130257603584157
0.39108367289182483
0.3910471502963741
0.39089628665915693
0.39082184532751979
0.3905892150342527
0.39023012041382249
0.38982470071768627
0.38952479627765596
0.38940709172833859
0.38939408591285596
0.38922946762500388
0.38873841087673727
0.38865674113536153
0.38857300198457273
0.38820349599037574
0.38779713627951751
0.38777954873313758
0.38706273634666033
0.38699241602514844
0.38643114367664588
0.3863873219132361
0.38624911417984109
0.38596589905617129
0.38596308708596061
0.38589091346399318
0.38544147524636779
0.38531527820165251
0.38525306253081576
0.3848454551942383
0.38478090617750549
0.38459879878164982
0.38434181628469999
0.3842277154967369
0.38411431739175117
0.38410804154885769
0.38390002496263131
0.38381562832421395
0.38371809049684297
0.383580880230251
0.38338055902424634
0.38319286048626028
0.38298163143152336
0.38298095720486641
0.38229458647406578
0.38189581138294354
0.38145076373466935
0.38135940625337822
0.3812329913902977
0.3803828022989883
0.38008361379859507
0.37981293967841107
0.37964587825787377
0.3789535984793968
0.37861761315838571
0.37831850891402286
0.37831564630581865
0.37828393009289774
0.37816197317995159
0.37715128518413893
0.37715014166527261
0.37701022175695725
0.37699985737205888
0.37665568984397296
0.37661704021594367
0.37658301514514542
0.37651462927331508
0.37580770319855533
0.375039483102312
0.37498490742128437
0.37493650563760245
0.37473481857977975
0.3743139244201702
0.37429176837316463
0.37413850825710782
0.37411538791719101
0.37353905360031636
0.37335808919597574
0.37275950829861099
0.37263859431480512
0.37241719188912492
0.37220006733949157
0.37214940557278359
0.37171474117793962
0.37167700271031978
0.37165503051631854
0.37117900392394787
0.3711425209182127
0.37100421184768256
0.37089397699172116
0.37061242142566814
0.37046711066004695
0.37019918992497697
0.36992487214425368
0.36981922760865449
0.36976342242068599
0.36971776711706805
0.3694163343383044
0.36929774465741222
0.36922146291058255
0.36920034501700372
0.36914237207191536
0.36784410206977658
0.36779832982337529
0.36767757574457466
0.36751165621603293
0.36733313634953763
0.36724184156013667
0.36701414814897659
0.36688283717862485
0.36682230159364648
0.36675301741244531
0.36643377955037548
0.36605687556497757
0.36601067515209301
0.36554486909536871
0.36509977506872787
0.36504099087941061
0.36498594735321804
0.36479002128099819
0.36404153326167621
0.3640272237425578
0.36396998896681093
0.36389919103322721
0.36371574750581026
0.36365115294628203
0.36242596298346474
0.36229900455018205
0.36206923810628094
0.36201240024624881
0.36179052238392528
0.36175066990433186
0.36161571885313221
0.36140467680756921
0.36105363716884392
0.36103540464308059
0.36100475655412079
0.36068299627312578
0.36067661126707801
0.36018774477856075
0.36014185406122801
0.35984785865205332
0.35965547184346719
0.3595052890412998
0.35932036964478792
0.35918197606565633
0.35884892387177009
0.35868922904852868
0.35861851187397786
0.35857309321061126
0.35844206169784093
0.35797698568657549
0.35795066458032448
0.35758754686514183
0.35713279586215285
0.35703575545695171
0.35701124068114953
0.35688675042459678
0.35645818648539146
0.35585011766329561
0.3558274621740381
0.35561793972117839
0.35554943986367377
0.35521441526422654
0.35506550083441268
0.35504517006059361
0.35365795800624128
0.35346195642174949
0.35339718979152346
0.35333552092834258
0.35313883775787464
0.3530964141927419
0.35288631807802895
0.35275380701757836
0.35270067129996885
0.35262385283929149
0.35257507090356305
0.35240699833025579
0.35239304627923462
0.35235275465411731
0.3522829123662039
0.35222613360910499
0.35219243804784139
0.35175086296725677
0.35131686870759993
0.35127465046885642
0.35099503316366476
0.35098879128862587
0.35088290897639157
0.35079567519351751
0.3501714745830587
0.34982047123588939
0.3497652921117051
0.34962337052210435
0.34936777156455634
0.34920594769669544
0.34919337620484131
0.34901958590835319
0.34878601097637529
0.34860743166617264
0.34854663325229135
0.34849057709201781
0.34822480754281299
0.34821281597650083
0.34805519410187719
0.34761850610817169
0.34745070354084229
0.34712524295459113
0.34706068598138834
0.34703590380914667
0.34700679434179754
0.34692228344170584
0.34662906141627647
0.34611929146792181
0.34603570002009892
0.34565712339217608
0.34553396023671984
0.34552100213818476
0.34547246738857157
0.34502304151492041
0.3448633285874072
0.34483669336306688
0.34480114904457382
0.34469317499249363
0.34465304129864766
0.34463461193921041
0.34445416524741657
0.34416664613530168
0.34400012627301463
0.34379154812661661
0.34375098095093648
0.3435954988783122
0.34349732148247764
0.34336350320084513
0.34329836850079037
0.34309655025708585
0.34243039032196465
0.3423936550936279
0.34234062224522455
0.3418134388366611
0.34159079969751122
0.34149040773253103
0.34132361244537529
0.34117262342906018
0.34112253427575179
0.34081702886992316
0.34068676930265718
0.34049823788840783
0.33988704683174054
0.33975584189261959
0.33967302303441865
0.33961879484778285
0.33957014350558595
0.33943424975235809
0.33942692665190372
0.33914833164801389
0.33911642531061442
0.33909829269227204
0.33906654628102745
0.33902314095944763
0.33887943795648567
0.33865509864776766
0.33823289981914667
0.33813966147384228
0.33811236628624625
0.33807782325600749
0.33795903315214926
0.33760329174917431
0.33747664230444985
0.33737508431940677
0.33731979542928403
0.33721624040857001
0.33708867109073848
0.33708308887874916
0.33691238788925182
0.33666713949648763
0.33647638715701816
0.33644081863792408
0.33640206333352646
0.3363228488950829
0.33623819681016082
0.33621854810469326
0.33621420320332762
0.33616582764177078
0.33596020848579783
0.33591257545139114
0.33575444599321064
0.33570007981213501
0.33548623426189828
0.33533978081107602
0.33497480684534647
0.3343428571562494
0.33421764379772501
0.33401857062843227
0.33387794525534276
0.33376712690843396
0.33375221637075025
0.33333210463561225
0.33302369348615196
0.33300764153022611
0.33290846604471741
0.33272212239175936
0.33270804886384853
0.33248927731876099
0.33243020061810236
0.33235929401573333
0.33168633181311935
0.33165265618546264
0.33162852523566982
0.33155932526408394
0.33139945384429559
0.33135403718480483
0.33126364426302152
0.33115303535317503
0.33113379154141692
0.33112586382848413
0.33109754720856716
0.3309640075229367
0.33089150923734634
0.33069097841123074
0.33054902898322203
0.33026113939577245
0.32986357645977349
0.32919249220270624
0.32914897446762437
0.32904791891322277
0.32845595398026661
0.32841943759272257
0.32822839472911824
0.32787807361286647
0.32763257131309148
0.32708437713044253
0.32704781363479274
0.32662331344790696
0.32661778161795801
0.3264500498172247
0.32641604155655807
0.32618896413871679
0.32613494312890956
0.32603016419663133
0.32582040106971405
0.32571212705135377
0.32570080033546345
0.32565940932687648
0.3255614843669013
0.32547351606172426
0.3254586565220105
0.32545196781827634
0.32525165564287761
0.3249674260664
0.32486222974766438
0.32479864053852397
0.32460673724551059
0.32452972786094614
0.32449247750450327
0.32436872947705242
0.32430875935380654
0.32423807007575167
0.32423085287020065
0.32419531913307276
0.32417848612969913
0.32403715845264874
0.32373074264693086
0.3236752526285997
0.32363972356195786
0.32356399940175878
0.32340163486973617
0.32330719721385104
0.32321458281428816
0.32307637486883672
0.32303576018065444
0.32297723771574882
0.32288050852229
0.3228227827166712
0.32251880022164547
0.32215437945529279
0.32212758169475825
0.32194012682071854
0.32102207577720299
0.32038979792028377
0.32030659309635351
0.32017965605352006
0.32002619426126505
0.31990074557315967
0.31965337137679956
0.31923256789967069
0.31922057916745927
0.31902400160189598
0.31901605780585074
0.31895772373770076
0.3182914422299285
0.31825949727710201
0.31825483357568712
0.31817759891125075
0.31816399352375802
0.31812077510891273
0.31810031120745547
0.31797709454813883
0.31766439622049697
0.31766024381999258
0.31744788364164173
0.31729242109888534
0.31686724509852709
0.31681733768487802
0.31674532602702066
0.31670610062815846
0.31641052766039612
0.31596712727254561
0.31572812055612126
0.31546941040196985
0.3154034642580128
0.3153503736566331
0.31528561176611247
0.31524597383196007
0.31450352220895561
0.31421293467842237
0.31406480259575542
0.31389404565187695
0.313751317872145
0.31349103601838663
0.31340408558802219
0.31336743378342885
0.31325662068739757
0.31314531200194656
0.31293158724943593
0.31287914847231313
0.31284471313629181
0.31273748635185006
0.31273285649043447
0.31267180142903167
0.31259445230854566
0.31255684193540456
0.3121135235119758
0.31166643486533874
0.31164540579063998
0.31161477686857703
0.31157911303299007
0.31151702279906263
0.31130697311979844
0.31111317897257501
0.31107306242649496
0.31089426586653879
0.3108631786961305
0.31044614381755015
0.31025976551715589
0.31009603461838392
0.31005911160852678
0.31004275364958445
0.309989383695989
0.30984771110264964
0.30973410833650933
0.30959716740363169
0.30948211858776431
0.30943391113745305
0.30927388123265809
0.3091810254017639
0.3090418335983483
0.30903955762501767
0.30887271302146929
0.30880985039018904
0.30843205033709131
0.30823671834086869
0.30799357452228016
0.30763120774152586
0.30759265863040619
0.30745796191875641
0.30739193303550777
0.30737277094397414
0.30733009473910916
0.30732967718597592
0.30706417748137893
0.30650519105522539
0.30627387077829438
0.30624063994867018
0.30619736838373068
0.30609238267323102
0.30608808684475447
0.30598592775803352
0.30583567564470382
0.3054847202392319
0.30534561185898978
0.30523711901780776
0.30511718866371906
0.30510393518894513
0.30483720591777841
0.30477906714107478
0.30475034601100504
0.30469328683415703
0.30460749037113555
0.3043774128329147
0.30423249419489906
0.30415246452331252
0.30392810376253193
0.30362392922926484
0.3034748649325833
0.30332139410708481
0.30274336095022741
0.3027064992033211
0.30266354342764529
0.30238997896322739
0.302294861485712
0.30221949869852094
0.30217561114198382
0.30209221923770802
0.30199563550313085
0.30174233111923943
0.30129455436878094
0.30117460898035497
0.30104404005663765
0.3006723503990883
0.30021618199274647
0.30015351101089199
0.3000994264544774
0.30005862548324358
0.2999785220873884
0.29969342429563706
0.29949155808717171
0.2992357968539705
0.29904199888729222
0.29899032535341513
0.29872684687592399
0.29806142168604033
0.29794903826046509
0.29777668644230387
0.29772195937751689
0.29753142218651818
0.29739455694887584
0.29734924757191344
0.29733000690680195
0.29717861175718824
0.29716800963264089
0.29700192931025388
0.29694640314309273
0.29676439544874689
0.29653551052676375
0.29646148273900846
0.29637220951673288
0.2963480856288207
0.29615280636483093
0.29612687738541321
0.29603494278399145
0.29589178264062416
0.2958527021467211
0.29583824746550469
0.29569437768597423
0.29541077739480248
0.29524981475562334
0.29519287816577822
0.29518170013549633
0.29516028203846018
0.29508732628448608
0.29501546331750494
0.29487011960386711
0.29469401717334492
0.29454879747925067
0.29421473181370389
0.29397931759449258
0.29382117195105423
0.29344230219359202
0.29310426043537813
0.2931000308078639
0.29283544767661912
0.29250654412423993
0.29213010646811377
0.29187632931381441
0.29175920564829677
0.29169976142265963
0.29164329029188518
0.29148051409736453
0.29133891394325634
0.29132234861510381
0.29130823197659844
0.29119197810982184
0.29117686248188424
0.29112896914917469
0.2911033929882042
0.29091954000848813
0.29087836667792005
0.29078497362679256
0.2907669279254062
0.29074755030693433
0.29065783074524731
0.29060281286629364
0.29025959324657929
0.29016431815750338
0.29015516606073766
0.29003181302550035
0.28996666657579639
0.2898284336374668
0.28977447305874809
0.28942099821226858
0.28907849254844575
0.28906712944415036
0.28887888497491138
0.28864184479672156
0.28845858207642944
0.28822557297771345
0.28818695167934277
0.28817074025911849
0.28814509731721583
0.28812945615391378
0.28784162892758003
0.28726103836741196
0.28722953634636927
0.28722451924708498
0.28711503357779827
0.28696804793458497
0.28684918183647784
0.28659779822112968
0.28654512717369468
0.2865349399486169
0.28653478538697913
0.28651343408180946
0.28647582416847139
0.28634135402234234
0.28632334222546035
0.28625454667477718
0.28537408318796326
0.28537012102068759
0.28510349861146667
0.28509827775223351
0.28474884379042897
0.28463998655125783
0.28460768370565581
0.28459478846059172
0.28452882837681426
0.28448644986477856
0.28428973451064943
0.28416395455568816
0.28414367990208578
0.28403036533957915
0.28393973310579868
0.28389712081110158
0.28385969250022253
0.28364336702609205
0.28358556394628665
0.28304376846084439
0.28300661409975258
0.28284923317468985
0.28275686113942555
0.2826659918656062
0.28261980256796726
0.28239374378772147
0.28229626398878094
0.28224555977044052
0.28215613698248337
0.28202859958625193
0.28201028095823361
0.28196564232735943
0.28173272756344997
0.28166845557170689
0.2816373933337627
0.28158498079556138
0.28142175453244256
0.28138115938789138
0.28120688222933915
0.28116635758647029
0.28096314868388095
0.28094749665471708
0.28072853348562715
0.28034863722105607
0.2803463762439431
0.28022766892384943
0.27999263919082484
0.27990564992620093
0.27990448915080679
0.2798200948082018
0.27970309649942443
0.27963128435274687
0.27958756967858439
0.27956140665631318
0.27910382425562574
0.27894063967343946
0.27877118254176259
0.27869626616130977
0.27863385302647015
0.27853685294419134
0.27813315592276117
0.27813236071378511
0.27791136584732512
0.2778151102792894
0.27743988646983847
0.27725106287606016
0.27693066760069701
0.27679256644664091
0.27651462631132495
0.27642733330514868
0.27620858005915161
0.27610144913688928
0.27577518749937507
0.27563025022384519
0.27538944904339441
0.27529615071107638
0.275003104693268
0.27483965301807806
0.27464304613751767
0.27459177770247967
0.27458801353796874
0.27451707527163438
0.27445087904020599
0.2744316494884253
0.27440034552312315
0.2742339079735181
0.27382702592393099
0.27375510086673316
0.27333102424711742
0.27308434965475226
0.27308126270576283
0.27295509819157743
0.27281942379432667
0.27266496081996494
0.27255283272639536
0.27233197439501028
0.27227233260870165
0.27200832525390189
0.27174476194370595
0.27173630767568013
0.27158030937434385
0.27153268507280998
0.27104418552301124
0.27103418465678586
0.27100568249676277
0.27090086082718035
0.27077541378893472
0.27077257910103963
0.27075615125682206
0.27065107628758545
0.27032680914179785
0.27031408728760337
0.27027307225316938
0.27019267981128503
0.27018989060591825
0.27018141172124055
0.26993607576440981
0.2698862050381749
0.26984535511250157
0.26943069699595562
0.26920475501538604
0.26905899036872599
0.26898172244982099
0.26849481738338432
0.26828378346643755
0.26826709725804021
0.26816525214187886
0.26752645002946329
0.26738228635476763
0.26729619354032219
0.26729256988268624
0.26719483879293243
0.26703158481497219
0.26692031518840403
0.26690827727797362
0.26682425189784814
0.26660267048696229
0.26647699536230512
0.26646072364031159
0.26638852816277631
0.26629513269444388
0.26628549930266843
0.26623471373992913
0.26618099955603497
0.26608751440398498
0.26598239629073117
0.26577238935708641
0.26569926046415437
0.26560736589561107
0.2655492726346449
0.26553505576580255
0.26550375991405473
0.26549839736144626
0.26543226976877532
0.26529114341550852
0.2652151017007856
0.26515106601036187
0.26513742894686815
0.26492130167519462
0.26487207877552527
0.26479926397206899
0.26467869790399146
0.2645098514260078
0.26450360742138318
0.26448885554025697
0.26433679334803656
0.26416932174061891
0.26406321435644381
0.26405692125834873
0.26395753744271228
0.26390109913106485
0.26384044754799546
0.2635887789672034
0.26355842173699578
0.26355837007622274
0.26340468893668723
0.26338141728714365
0.26314058420617237
0.26305984431070806
0.26293069583368917
0.26289954032573248
0.26285255201421814
0.2628302712916043
0.26276447853543528
0.26272276312902892
0.26270392945482079
0.26262803768017223
0.26250639031864498
0.2624452294389702
0.26237319337206766
0.26218278210673157
0.26217166192770375
0.2621372757394389
0.26210679027991335
0.26205476439785097
0.26201865494385751
0.26196491445424042
0.26177329587408449
0.26166196398800229
0.26166063216631213
0.26156778790536789
0.26141299759497971
0.26127506131497957
0.26126559477981959
0.26118604817535629
0.26116258127463032
0.26114095367951212
0.2611323598014943
0.26111412892130348
0.2611107814753087
0.2610479998938699
0.26103055989525598
0.26090320947805351
0.26089219516391393
0.26061884716979405
0.26051219719844176
0.26044997296941608
0.26033314713641131
0.26020774776636335
0.26013518490171217
0.26010416303376221
0.25979271788601582
0.25977178047312932
0.25966795735568987
0.25958491734134481
0.2594502024103687
0.25933924217084342
0.25916908941403261
0.25907206062387206
0.25898099946245579
0.25889064434485332
0.25884444789607297
0.25879102219913325
0.25826885216365097
0.25823345320080893
0.25810494347085133
0.2579928063816484
0.25797968548685085
0.25787015648905526
0.25784541429169816
0.25772711710193041
0.25770648103717181
0.25765104238124759
0.25734649068368587
0.25732520971585848
0.25727989332327633
0.25720855326885422
0.25710340999710291
0.25698749148047983
0.25696714862238013
0.2568926813468167
0.25681520959246057
0.2563698267187775
0.25635708603221896
0.25631561363012395
0.25630597737293853
0.25609940692530853
0.255959092088483
0.25592878218426413
0.25589541689008022
0.25577329576451568
0.25576679661879387
0.25574653788295748
0.25568903658725844
0.25568124186520313
0.25566781569736241
0.25566389626274455
0.25560673083283297
0.25560005111521023
0.25550803173434933
0.25543864116736092
0.2554054812626021
0.25538840477374297
0.25535700885770329
0.25526250522676608
0.25518939918593664
0.25510027530393875
0.25508577738523752
0.25504765436072513
0.2547752887921661
0.25472505942186363
0.25466358037825909
0.25450562150338113
0.25432148088761714
0.25417971688996854
0.25402444290352205
0.25383311794941177
0.25367757504255067
0.25367425803357763
0.25349289753533999
0.25336872963736956
0.25330989232133888
0.25322669218066007
0.25310867723886082
0.2530910092085219
0.2530081239221012
0.25294533276416259
0.25276961721954511
0.2526181446619693
0.25245035798556953
0.25239150463320476
0.25236449981110304
0.2523202657008301
0.25228061312876537
0.25217063854563315
0.2520953861188388
0.25201441069254715
0.25200569288953034
0.25187414413883746
0.2516099069229456
0.25155575165364952
0.25149073654721976
0.25146912253846682
0.25129448028249951
0.25121388975764081
0.25118915487665017
0.2508990123573509
0.25083548853057169
0.25079318589286925
0.25058187427237455
0.25055032497999635
0.25053037981778759
0.25040270850125995
0.25036079296311092
0.25022912035484529
0.25015987018736724
0.25006068870734788
0.25000626806111154
0.2497387406764513
0.24971704539461678
0.24948063768952328
0.2494615368445737
0.24918732870919572
0.24917448419990351
0.24915556162365834
0.24914570550693918
0.24889338147102275
0.24877122103719879
0.24856840908260233
0.24849279129355523
0.24848632331967274
0.24845213967330299
0.24829864562919349
0.24825107194541132
0.24822831376498511
0.24794702360288604
0.247938570222791
0.24792662575812913
0.24791735213806126
0.24787235223717216
0.24769465238229268
0.24764467425131256
0.24753072693065414
0.24752511210114791
0.24747494929878255
0.24736815875468224
0.24724125012474787
0.24707762920601439
0.24695347718686983
0.24688110953627079
0.24678026629164357
0.24675092657755879
0.24674297493370126
0.24662464250168531
0.24652489291151375
0.24645765374148579
0.24629051116645365
0.24628490486284266
0.24626457543685623
0.24623875755902513
0.2460579212994326
0.24605136017991155
0.24599750825244818
0.24593025127832713
0.24568467603952682
0.24549952238032083
0.24536367206301957
0.24520879348154417
0.24517281875294494
0.24506587413565808
0.24503867133922935
0.24503213009832142
0.24498674881569804
0.24492838309963794
0.24476306578861187
0.24468042918664668
0.24466715293292299
0.24464176696919707
0.24463663847580991
0.24459582735391555
0.24443402827411534
0.24427911867426039
0.24426429452714693
0.24408580632852675
0.24405054124158582
0.24392001283394293
0.24372685104495237
0.24372017807419444
0.24365802096940387
0.24363635740544251
0.24349184580997674
0.24341519108890228
0.24333981129926119
0.243301620425698
0.24321395699411838
0.24315360090004443
0.24313456795815078
0.24303596838311722
0.24288026424397438
0.24280364521958431
0.24269012219335903
0.24241777746944973
0.24234856818008194
0.24226184822726915
0.24192787159828297
0.24165151740428886
0.24155859038942903
0.24147329899782544
0.24145462399509562
0.24136387379871274
0.24125420519380797
0.24124394837152932
0.24122860932085349
0.24121719229407715
0.24106800835473294
0.24102390413073355
0.24091695749321404
0.24074334583714041
0.240668596691858
0.24065694428415663
0.24049945026206324
0.24046696353512431
0.24036780293123769
0.24016175313821744
0.24015731987169114
0.24010420947765945
0.2399813871354351
0.23964711771578884
0.23961426925920493
0.23955569315638914
0.23952751191508259
0.23949042192667491
0.23920225258392663
0.23914754328335752
0.23908801016932799
0.23903176845736271
0.23898930505514887
0.2388793867176715
0.2388677407756864
0.23876232374413994
0.23870972009205857
0.2386005730949867
0.23842848197067387
0.23838746619578599
0.23826773547830277
0.23821664682572324
0.23818897343470927
0.23817639746581507
0.237908502662532
0.23783950545295937
0.23766499211377737
0.2376231265918794
0.23761391663094664
0.23760392582937842
0.23751255361288626
0.23747071728443295
0.23739707254438341
0.23722037483038469
0.23712703118252881
0.23709002675598309
0.23707999919719722
0.23694997760462413
0.23689973016933696
0.23665309520895556
0.2365310626982037
0.23634679157418581
0.23630686466253831
0.23629455611439912
0.23617437134964883
0.23597503298369316
0.23582781508648221
0.23580101972912862
0.23574052896234596
0.23568430374972971
0.23566539848128876
0.23561273433343816
0.23556281186321457
0.23556218215111727
0.23552940596128064
0.23545856224110565
0.23541575311935731
0.23529637458942815
0.23521747940194598
0.23518942102388915
0.2351721793946803
0.23507235257292333
0.23503081436529757
0.23489355039123169
0.23484024113556673
0.23482635682358122
0.2347111896304466
0.23470569680364275
0.23455655350899934
0.23451443186616558
0.23428990658832036
0.23425991696561238
0.23423890328311134
0.23422908773848186
0.23417630382573562
0.23407679366945602
0.23397779171352784
0.23387269152034917
0.23378661095593159
0.23364228933137191
0.2336312509675034
0.23355529111528189
0.23352837470657253
0.23335687132153415
0.23332352130190662
0.23322749651544439
0.23321028766804602
0.23309304407116269
0.23307141475071402
0.23302307229436153
0.23290553170343775
0.23288549743223502
0.23285182836163004
0.23284686299850549
0.23283010668857185
0.23278740321681674
0.23277105140942961
0.23251960138036798
0.23235935069073183
0.2323488736554743
0.23229749193413041
0.23226996470516936
0.23217702934823559
0.23207161862781445
0.23206060572416765
0.23179453270653502
0.23178980726063403
0.23173065720107738
0.23168645615725356
0.2316685462215253
0.23165022120750803
0.23154164125117002
0.23153245630131838
0.23152689399792042
0.23148987358581152
0.23143996535554409
0.23139904666775937
0.23134645616574195
0.23087447829144103
0.23069934835819106
0.23068077086422512
0.23068022657546089
0.23044709702345906
0.23034798898025824
0.23028672825754334
0.23028447325395621
0.22991288050048309
0.22983862652982739
0.22980554230821751
0.2297871667453035
0.22960000806097614
0.2295736549794582
0.22955548290377542
0.22946240209231644
0.22939330809428549
0.22906935868772757
0.22879545399413481
0.22874310987306945
0.22873176360625602
0.22862073741752387
0.22860100299159275
0.22853757237560415
0.22846378637194115
0.22844696365627476
0.2283782483970859
0.22832187999029413
0.22814921369183372
0.22813954669660252
0.2281129851265799
0.22804104420723326
0.22797577280412748
0.22796795965484712
0.22796679325874938
0.22793004007912537
0.22775071280950063
0.22757505011272297
0.2275722990485248
0.22747184038706117
0.22740973288107014
0.22731163575110447
0.22713088622613709
0.22706161212813117
0.22704851062200651
0.22685680413881926
0.22683000962597416
0.22677500759299751
0.22645688391806376
0.2264518084052109
0.22620867558128291
0.22603023448135501
0.2258717868760243
0.22582976375451097
0.22578027364871001
0.22558739508033115
0.22556861829284827
0.22537686998849635
0.22528319642765976
0.22525648745939195
0.22507248539744223
0.22484122249693625
0.22478466238702122
0.22474690623125618
0.22469954033696449
0.22465037266028443
0.22453385987475188
0.22447347413879348
0.22426132559255374
0.22389131974454132
0.22384252821378353
0.22380409692368858
0.22380091871229554
0.22375346421948739
0.22364733175593801
0.22362301184751804
0.22359585586804784
0.22352786320362489
0.22339114720092676
0.22325239346839054
0.22315009381068179
0.22302819073766936
0.22301755468985415
0.22270595289510534
0.22257571878891616
0.22253880600912559
0.22245879900328605
0.22237830814708276
0.22234658275532879
0.22225377021782139
0.22220036242675406
0.222162887672291
0.22214461483585332
0.22209061262138735
0.22208017581656087
0.22192761478962864
0.22191672855131983
0.22186777713908493
0.22181828936010947
0.22180258542356529
0.22158283578376228
0.22156022275761103
0.22150532362677405
0.22150216126124297
0.22144336620310723
0.22131733174520379
0.22128199108892843
0.22126913290443742
0.22096205431960447
0.22081201689786414
0.22074726459647051
0.22074371711155272
0.2206876729628425
0.22065484792450757
0.22059825188868387
0.22059655975897838
0.22059525461726823
0.22054665336518486
0.22051933967079812
0.22051587900593211
0.22035510668656519
0.22029101105049304
0.22019158585795987
0.22002305657521443
0.21999661223930606
0.21995047320113409
0.21988878356206809
0.21988850702455645
0.21981771326767027
0.21969754341178271
0.21965256800864752
0.21931676973240324
0.21927900186913765
0.21922967215926772
0.21907117860664568
0.2190616449636672
0.21901612265014755
0.21900792852452308
0.21899734711360358
0.21894085518288608
0.21889303911536218
0.21882423636669329
0.2183611496832904
0.21829313866142938
0.21802978305011431
0.21801052672088062
0.21800658744475229
0.21798920714729891
0.21797937574287807
0.21778575795353936
0.2177113053194997
0.21765045647589548
0.21760599005691478
0.2174799738827973
0.21747789907014309
0.21738999621447308
0.2171447177805369
0.21713399481164794
0.21710453076118377
0.21702113892261704
0.21683763969603181
0.21682692030249048
0.21678062531611786
0.21676660593209734
0.21666734500379756
0.21643575594845915
0.2163662592263986
0.21606704516014366
0.2158025054680375
0.21578451272212881
0.21568898767810585
0.21562719320333537
0.21556509981171515
0.2155088251731406
0.21532322300824427
0.21512056880844047
0.2151025360425666
0.21501291293582409
0.21491405983655798
0.21489701928351015
0.2147812313583615
0.21477628060456488
0.21477512833694934
0.21462660258851771
0.21457708594560768
0.21455877038071289
0.21451240153254289
0.21444748318132301
0.21443039666177544
0.21424872951601312
0.2141547518682837
0.21411958934067923
0.2140893963530521
0.21404483290589083
0.21401648113972116
0.21382582303404205
0.2137819114572917
0.21373842277075772
0.21367229511224167
0.21365447410500296
0.21358594827761934
0.21353292794188219
0.213509664991757
0.21345607547252834
0.21311075148936237
0.21308190940558069
0.21301549451968876
0.21297058934973706
0.21293247538094484
0.21268294087247544
0.21253987541033936
0.21250917447905174
0.21222692443522076
0.21214018452616296
0.21210179853582167
0.21207490099258164
0.21190039010969627
0.21187765879425771
0.2118364198496008
0.21182295788464905
0.21175724500594362
0.21172621616854029
0.21172145717943641
0.21168076103029318
0.21141008952023618
0.21140752853639044
0.21131317251856005
0.21124283726839793
0.21116315241037914
0.21114037436974148
0.21111229365662448
0.21110929598336042
0.21109489847016422
0.21089126999492508
0.2107589518854758
0.21066232894780917
0.21065850726113661
0.21064287459891703
0.21043445630390792
0.21040232416646162
0.21040083940996865
0.21031482441255619
0.21030441094553023
0.21030047434515242
0.21021416880357024
0.2101039353819186
0.21004215965468254
0.20987127603090552
0.20986354190188367
0.20983325377850073
0.20982905696507756
0.20971295685016511
0.20964376882746036
0.20962217361244451
0.20962156973887108
0.2096156256676793
0.20960636360269969
0.20959498617010452
0.20959058128088237
0.20953344929763873
0.20913434349639426
0.20906905405615467
0.20896853286802974
0.2089116409713021
0.2088868202667947
0.208821575358724
0.20875563446490636
0.20873361127953363
0.2086989733370104
0.20864987720845507
0.20864562726290972
0.20863192520231449
0.20861018410666274
0.20855826836849797
0.20855336803709856
0.20808835250638263
0.20805636045114848
0.20793182845486974
0.20788143051839769
0.20782941339183092
0.20773058198512337
0.20768116209178528
0.20763780679982094
0.20741587223938085
0.2073294897485945
0.20731115358092353
0.20713201001239734
0.20711633914780903
0.20707500877511434
0.2068924930988775
0.20682739469384701
0.20680594095618346
0.20679784848145435
0.2067946332666957
0.20670344266614699
0.20667317850522657
0.20663538311594928
0.20661685813721412
0.20634113703065057
0.20628013693256045
0.20623689344300022
0.20623126963858723
0.20618856227383006
0.20599433159621861
0.20598777815045249
0.20593604357822959
0.20577464658765113
0.2054771780422284
0.20545640634560194
0.20545479814765116
0.20545302218465478
0.20534481259206319
0.2051043701322636
0.20508311568549442
0.20496088303119966
0.20473908778159702
0.20469581295484829
0.20464266578042814
0.20452075707517595
0.20444856027703076
0.20432465241203451
0.20420409579644014
0.20417348849959727
0.20406553926645388
0.20406145925398111
0.20392665199876872
0.20388256058237469
0.20387703172319238
0.203772558004262
0.20369777749566273
0.20367575095501525
0.2036078579602387
0.2035950433105464
0.20328565368964041
0.20319198078738618
0.2031300004891064
0.2031230555226535
0.20311649142997365
0.20301542218950308
0.20286300113978964
0.20286016086018413
0.2028498207539095
0.20284657481605131
0.20280368215615843
0.20275385816480038
0.20272450291687732
0.20262312794544227
0.20258990394614446
0.20253823402340279
0.20238370786051613
0.20229108462206227
0.20222488920209436
0.20215207856861975
0.20211756186418964
0.20204423510546388
0.20192332564733284
0.20192142172509051
0.20187850079640807
0.20182435009815547
0.20179253484265414
0.20177219502546551
0.20175438638105073
0.20175302902760966
0.20172789062860311
0.20171807897301619
0.20167948391155835
0.20163585760652944
0.20159190127598911
0.20156456712715481
0.20153418604215867
0.2014587064200222
0.20144766018410223
0.20127702896978591
0.20121921699150003
0.2011283527347727
0.20098298316560592
0.20086479079317038
0.20074502376843029
0.2005890058622882
0.20042220734576316
0.20041131907533097
0.20039253235962023
0.20021988038543911
0.20018640706198992
0.20012948177541584
0.20004954113495327
0.20004320184301988
0.1997735691310919
0.19975387855215482
0.19957994313475894
0.19935162080499311
0.19915471725073633
0.19912893650172547
0.19909538404653385
0.19901315887697396
0.19895719907345882
0.19893787958960596
0.19891820481879868
0.19888437726734828
0.19885345033684884
0.19876410547862369
0.19873370177789679
0.19863182175769253
0.19862169497722146
0.19845107020339567
0.19842354806080806
0.19841184833175765
0.19837308512003646
0.19836952565501995
0.1981864695866361
0.19818102460167886
0.19810154035410138
0.19803475780872445
0.19801614751091118
0.19798620571883321
0.19795203146311088
0.19770876548750646
0.1976426891877045
0.19757823701796218
0.1975284047963306
0.19727530304445876
0.19718550863256423
0.19712943210835288
0.19704121208090977
0.19689062637697211
0.19676420494449753
0.19671608861712375
0.19668939874563063
0.19656862816091594
0.19649433162931298
0.19632089257570215
0.19630659173077883
0.19627141642774823
0.19626984118206073
0.19625359950010243
0.19623242308360295
0.19616639338724104
0.19615134665536435
0.19612593471114512
0.19611945598919139
0.19610538293504426
0.19591054960134807
0.19587876535170909
0.1957822436337904
0.19565885009343847
0.19564701540029314
0.19556863200462116
0.19548256527635513
0.19539607466221409
0.1953167788576633
0.19526575306423236
0.19526227014475769
0.19518948612049319
0.19517580854782693
0.19505172746161614
0.19504853027908803
0.19504533532085436
0.19502101856251977
0.19492658781894945
0.19473698917160701
0.19473585851615438
0.19447920625362661
0.19444910175081589
0.19439166977053451
0.19422707507629719
0.1941610665176122
0.19409564033371285
0.19404805660308752
0.19393243810512653
0.1938156934979702
0.19379073654212911
0.19374491212072778
0.19360268954228843
0.19357334452675856
0.19355035561219466
0.19342410638744056
0.19342371051430005
0.1933117974137194
0.19330004328867059
0.19327588018492284
0.19313168601923347
0.1931113124966192
0.19310472465326975
0.19301425964698968
0.19300169619028698
0.19271547400423172
0.19263373373764045
0.19256215237114335
0.19249055841489815
0.19245473249272815
0.1924505941322654
0.19244347759378008
0.1923539392731822
0.19231662931811588
0.19224075836673946
0.1922107273476531
0.19213572244126206
0.19208401966533017
0.19207373294925478
0.19204810417523338
0.19196866124917206
0.19191245132069534
0.19188236068651729
0.19180892387494219
0.19177289470590819
0.19153288639588439
0.1915308307751892
0.19149912894185875
0.19147335973868726
0.19145178085943465
0.19144789614906482
0.19144223100372432
0.19136165863445495
0.19134998192588282
0.19119061268013546
0.19101125219182899
0.19085125559629201
0.19083415616316338
0.19080369971469965
0.19080276872395069
0.1907658106981984
0.19070881259288791
0.19070714401602223
0.19064037615130525
0.19059872123758678
0.19051731975749636
0.19051669055530476
0.19048447557575016
0.19047302620045622
0.19043400388699194
0.19039193407248273
0.19027006685677411
0.19020380477138138
0.19003085063245942
0.19003063604544737
0.18992427971936102
0.18981935180447809
0.18973333781742036
0.18973152183336797
0.18967853670514559
0.1896709641682183
0.18953717233576264
0.18949240456859007
0.18942403424117435
0.1893895051770326
0.18923670660335615
0.1891472674561803
0.18891929572612989
0.18888515873149947
0.1888403264293694
0.18877800697834907
0.18872164579617373
0.18868257319072332
0.18863523078396602
0.18850076452983841
0.18842392719478723
0.18840926321357607
0.18823982161285449
0.1881253237790477
0.18811822374670137
0.18799619533990505
0.18796901735073065
0.1879643883251951
0.18793417319650563
0.18793222177234251
0.1879198158875558
0.18789960167654218
0.1878031287063999
0.1877518593878279
0.18768998802951337
0.18765999137199127
0.18762658517564468
0.18747492632220902
0.18740614803605485
0.18725567711599037
0.18717291441059064
0.18697579000305264
0.18688811619940532
0.18687240752426962
0.18660472987501447
0.18656796811108925
0.18654256011696926
0.18651567029355801
0.18650830442156774
0.18647565286563603
0.18641313518639871
0.18615546349219358
0.18586475330299351
0.18579985128737506
0.18573938886720331
0.18572832059895983
0.18572040721551042
0.18571488344813505
0.18571431608859321
0.18569972580554656
0.18569963807263859
0.18557763731734769
0.18555560836119261
0.18550903764626003
0.18545116590985047
0.18530965586173051
0.18519765910197364
0.18518915467463434
0.18517680888047486
0.18516725655377875
0.18513164367118282
0.18512774632068499
0.18511824876786101
0.18510833885792013
0.18505332457202697
0.18503435429701809
0.18499319450283128
0.18499059609429114
0.18497284580076309
0.18490954288465178
0.18480710696470651
0.1847615994958435
0.1847034468118342
0.18466772326651515
0.18462018375653333
0.18455664919876988
0.18453935862190307
0.1844310737996179
0.18428177983362976
0.18423054422437504
0.18421636913619355
0.18419696994964191
0.18416910132857636
0.18403006493501242
0.18400824964102278
0.18396590304777519
0.18387694910630803
0.18385190718293853
0.18374247323523688
0.18366065113380081
0.18360075063226508
0.1835621541963251
0.18355327429537802
0.18350143138102906
0.18345990904186482
0.18333059877455665
0.1832352303842692
0.18312573727662088
0.1830397458424052
0.18301085280762405
0.1829717015413127
0.18293695383727374
0.18281063642080578
0.18280286442314486
0.1825492527016204
0.18252663056689594
0.18250621720424018
0.1824948179102612
0.18246009044895048
0.18239254803698426
0.1823506288722731
0.18226423190361754
0.18222617154255394
0.18221315772895297
0.18203993040855537
0.18202559966190249
0.18197256125351025
0.18193025389518908
0.18189671945337257
0.18189604690395808
0.1818609301448513
0.18184091984512935
0.18180504132683961
0.18170081259937493
0.18134704629634849
0.18129321770681869
0.18124041291880405
0.18122458864657043
0.18112189946493634
0.18107684351148481
0.18101202213821668
0.1809819459638739
0.18096164054935279
0.18084360519765022
0.18079208127914209
0.1807199966275925
0.18068711918249708
0.18057296507264892
0.18054177079793843
0.18053300609819078
0.18042497496396015
0.18041020389045723
0.1803687669566944
0.18033570475187782
0.18029848903966147
0.18029505406252636
0.18020053001363889
0.18015510517839486
0.17999261267821109
0.17991576766909537
0.17988253397341039
0.17984040056422437
0.1798390899600735
0.17979797433000244
0.1797905576582807
0.1797231562078182
0.17972256087729069
0.17970593230879506
0.17963475428049391
0.17959518297193391
0.17956774850943902
0.17942656588330164
0.17939269288530599
0.17938129340790598
0.17934701523790192
0.17932850272513445
0.17928559624276905
0.1792581760418665
0.17923813652666962
0.17922995448215806
0.17914739334713251
0.17909499611031665
0.17903852543661353
0.1790093059293654
0.17888657527919746
0.17879953710644064
0.17866832432294483
0.17866546952378579
0.17863565458356884
0.17850670632939228
0.17837464116452728
0.17831891060211005
0.17827728457455694
0.1782554273186763
0.17817329769058807
0.17815009948703975
0.1781298306396622
0.17808701429380314
0.17790004936698603
0.17786166377621057
0.17774899505799033
0.17774176479793208
0.1776252266668957
0.17759364778019024
0.17756744051482026
0.17746741547824291
0.17743838744354481
0.17743596349888976
0.1774215526539894
0.17731228557415363
0.17728293361105107
0.17720409304602489
0.17718654919604571
0.17717133547027528
0.17710621417935479
0.17707013001212593
0.17701252249649529
0.17696024617838102
0.17694992382769298
0.1766794139429225
0.17665025423009256
0.17664933852839518
0.1766345930123164
0.17663227442528559
0.17660590426644321
0.17658295471608368
0.17654936123997098
0.17635515149780129
0.17630901408252098
0.17630432290927239
0.17630086685895272
0.17629586725541144
0.17625844222723869
0.17625151373740028
0.17624802959314936
0.17621277819618969
0.1761821351005344
0.17609262021797953
0.17606810536594028
0.17602433627591593
0.17600649163461177
0.1759102240670333
0.17590740137771824
0.17585196107292123
0.17580962165761815
0.17579520874326679
0.17578889149370466
0.17577878985629364
0.17570384994069807
0.17557652824177691
0.1755420699950648
0.1754754966501684
0.17547512399911075
0.17532203578689198
0.17527277429599933
0.17514948607241956
0.17506813124432113
0.17505142145723587
0.17504702022458365
0.17504564382505641
0.17504158296792544
0.1750369919913517
0.17483810318869947
0.17481679714652146
0.17480471448099011
0.17479466088778284
0.17471077736675489
0.17469477032293579
0.17464720302708076
0.1745707154067381
0.17455344217871072
0.17454679823410638
0.17450777338286444
0.17446350669880753
0.17442043956661402
0.17441210002962587
0.17437476832600401
0.17424703602630492
0.17422921069014097
0.17407965964952474
0.17402027710247903
0.17393995739211687
0.17388144197805078
0.17379718765503108
0.1737614876609915
0.17374821312345537
0.17372641012158191
0.1733702875024038
0.17335791440165368
0.17332624235723748
0.17323484481311532
0.17322494719248488
0.17311587125977199
0.17304050493752671
0.17296648197103534
0.17289490466405524
0.17287141140509971
0.17284664448022707
0.17282061679846311
0.17280632224807232
0.1727628783028215
0.17276100383502593
0.17275760982394969
0.17274387308191286
0.17272178315638878
0.17266844283574348
0.17262024620223568
0.17258227277756927
0.17240053286913248
0.1722394168450036
0.1722373082981451
0.17219413314624124
0.17215082875349438
0.17212556037813356
0.17208268056719489
0.17204956145802536
0.17202694631951634
0.17202041800724999
0.17195315138806011
0.17194152108566074
0.17192929113048308
0.17190982111783859
0.17185975764655442
0.17182839312974718
0.17182378282223079
0.17181307694292292
0.1717448823402658
0.17163456507897698
0.171610531104193
0.17159907449541562
0.17154573087686675
0.171537819175796
0.17149430685203837
0.1714847633606246
0.17147280762634315
0.1714508904502958
0.1713837109623445
0.17133928274405438
0.17133610415247544
0.17126631812064896
0.17124076848585418
0.17121794369417848
0.17110888616993103
0.17102143972642869
0.17096605173103077
0.1709246015564663
0.17087569505838265
0.17077713831061717
0.17075375933169579
0.17066458859530342
0.17063383398961307
0.17055225298918011
0.17054631261330971
0.17053258558504453
0.1705056828189743
0.17049660818615389
0.1704824836003716
0.17043542228714595
0.17040684076944182
0.17040313898897022
0.17038421463591902
0.17035328507414679
0.17029246743967782
0.17016269081806445
0.17016081593171298
0.17009212830209403
0.17002057059194189
0.17002007107759773
0.17000560236866535
0.16978723451218244
0.16971273425840269
0.16959084914813963
0.16952999904268803
0.16945237942940508
0.16945097263593448
0.16941031246345345
0.16933169282012181
0.16930006023085795
0.16915525623501512
0.16914565619929975
0.16909088521339968
0.16900686995918562
0.16896525821181757
0.16893447774572376
0.16887241329264566
0.16883946827408206
0.16882310726150349
0.1687932520518988
0.16870825005887025
0.16866757554472619
0.16864944073280125
0.16858921776255875
0.16841951102479008
0.16840777262700302
0.16836138665751837
0.16835868311079979
0.16830726682227684
0.16830399006878219
0.16824815258749415
0.16808609891723333
0.16806217757832273
0.16803367864963448
0.16794037246383334
0.16784737465160307
0.16784543590477238
0.16782581928631443
0.16782109803472575
0.16781855462903131
0.16776757827571262
0.16758749103521547
0.1675154262172687
0.1674833041837499
0.16748193584180063
0.1674788959009324
0.1674537787275692
0.1674414656674513
0.16742057977181746
0.16727403855807346
0.16711110869092069
0.16708938728845862
0.1670863011947879
0.16703616473835639
0.16703411684303152
0.1669296365623725
0.16690830932879241
0.16690205945589753
0.16679848474430869
0.16669883883843051
0.16668330831594524
0.16653844039087243
0.16647923594205644
0.16641665549500548
0.16630704944277344
0.16628041147618922
0.16621747610886978
0.16617493712243303
0.16616926274947358
0.16616747460016798
0.16613781862682206
0.16606893016266289
0.16605579689487943
0.16600123756428128
0.16598891928988529
0.16598201618100258
0.16595936829373167
0.16594158217149849
0.16586859586691638
0.16584225653075441
0.16584142628776494
0.1658335324126462
0.16583341654092168
0.16581932340225941
0.16573562668921907
0.16570273729899596
0.16568312950567535
0.16566362414585967
0.16562777093454017
0.16562065702770223
0.16559833029921936
0.16557981650926834
0.16557921452996355
0.16547576716140958
0.16533392289717033
0.16531475852867078
0.16528266036544595
0.16523997722584838
0.16519312655785726
0.16517348804322843
0.16517001536171985
0.16515398660241543
0.16505622483422144
0.16491672442297092
0.16491604264638712
0.16485841414703109
0.16484382543390477
0.16484113946824017
0.16482987200437635
0.16482038111115455
0.16480634921491333
0.16464253236096082
0.1644753910737658
0.1643412069047277
0.16433922373513662
0.1643315657695936
0.16431092740189077
0.16410981572009326
0.16406021914591093
0.1640588787642536
0.16404374093507187
0.16398546805738087
0.16397148841639855
0.1639023866466415
0.16387228906241263
0.16383770291088037
0.16372045810110977
0.16363712156037649
0.16360990196928543
0.16360430450931354
0.16356896710640367
0.16349405664175565
0.16342308990923088
0.16341808186097279
0.16339560544195089
0.1633725219146413
0.16330574906069234
0.16319583144933344
0.1631382698197632
0.16310327519641912
0.1630996737960142
0.16305868587226077
0.16299307152439019
0.16296478220082941
0.16293694651927162
0.16293668316504009
0.16286638626626715
0.16283483848183997
0.16282610303097991
0.1628051540150551
0.16273357140027742
0.16272736934533977
0.16270145612081199
0.16263097665584211
0.16261835418409537
0.16261689431701262
0.16254839964305934
0.16254137715710743
0.16253498772967354
0.16251040560997332
0.16238693298489107
0.16236184851760319
0.16235420065993655
0.16228286306773365
0.16227677885618222
0.16227343143992587
0.16224547825126101
0.16216835799449109
0.16208916463626594
0.16206322881588778
0.16205243972758723
0.16204926387538088
0.16199760130568558
0.16194117691162044
0.16186885718082619
0.16184651697967445
0.16183389125916464
0.16178600581344549
0.16178413885447232
0.16173475775453264
0.16173018722642771
0.16164281867018424
0.16163868397679149
0.16159485742648563
0.16156831921894174
0.1615562517423674
0.16147568452518979
0.16145777739130363
0.16142605708075464
0.16140707402309495
0.16139989608451855
0.1613714864291885
0.16135938846872661
0.16134959699755314
0.16124384184096319
0.16115856931213904
0.1611291848942866
0.16110261918724103
0.16108721956330482
0.16103855139298504
0.160997683518665
0.16098832426404369
0.16096612763269372
0.16088338410121739
0.16083898688928686
0.16080747765428072
0.16080036998744598
0.16075310643471805
0.16054478574159964
0.1605438032814171
0.16053897309928589
0.16050295031233575
0.16046608718511782
0.16046286607385524
0.16042077571716645
0.16041621112055074
0.16038809701673795
0.16038025324879587
0.16037256540089548
0.16031385181992655
0.16023134192786195
0.16023111849651087
0.16018468808197367
0.16015133189441191
0.16008646032830137
0.16006472919076617
0.16004177461256675
0.1600248551839468
0.16001526680739364
0.15997937514716778
0.1599679872385272
0.1599668766004142
0.15995643946043642
0.15987228347538338
0.15985626149864829
0.15985393120979127
0.15981120129797294
0.15958785630106781
0.15954857271749298
0.15949491193400198
0.15944234493980139
0.15942184582757793
0.15941036687918425
0.15936456125321058
0.1592944834746057
0.15926532183743586
0.15913845726674419
0.1590878285924919
0.1590702567622006
0.15892428303525843
0.15889457389633163
0.15880831500937098
0.15878725029547677
0.15870605699770879
0.15862189998189763
0.15862038177238058
0.15858483415719826
0.15855316438659925
0.15853786367430706
0.15849626609456521
0.15848293703616384
0.15838000070424552
0.15832893504164175
0.15831952550202003
0.1583186850218746
0.15822416220990934
0.15820923514918933
0.15812386555547042
0.15811745072796091
0.15808725830301376
0.15804379417779071
0.1580185832481556
0.15799470354802214
0.15796270912779845
0.15794673613642238
0.15784131137395427
0.15783156336109805
0.15780645565400106
0.15775710602636472
0.15771640136428969
0.15764899482604008
0.15762150643339357
0.15760991867848098
0.15755638582807577
0.15752513176360938
0.15751384930824974
0.1574099902916149
0.15734130253280315
0.15732166344425497
0.15731302893359528
0.15729321995401482
0.15722362119611943
0.15720729165319641
0.15717207985337511
0.15715902606679535
0.15711508819879463
0.15703913405841219
0.15699417893977272
0.15698159055250338
0.15695460580190335
0.15692970094287256
0.15683277898891296
0.15679569846330946
0.1567721213268575
0.15670549451648469
0.15669519271737439
0.15669450422690281
0.15662847413389611
0.1566135470959564
0.1566102976847657
0.15652813487435677
0.15650641714770983
0.15647053907499106
0.15642348962130642
0.15639860039048872
0.15639341487664737
0.15636111986717394
0.15635968924905311
0.15631400949761581
0.15630146360491357
0.15629575409799693
0.1562139093268923
0.15620993064830199
0.15619057239021258
0.15617124433272098
0.15613976807731106
0.15608303347747149
0.15607627451906966
0.15606138805618933
0.15599497805146686
0.15592592856995474
0.15589716286598373
0.15588086148457092
0.15578595426799233
0.15574496249957936
0.1557283201547113
0.15572225157441555
0.15570286416047502
0.15566467004258949
0.15549807476731112
0.15546664307711644
0.15543665799775558
0.15534472361986798
0.15528271392282361
0.15517296591729299
0.15499000240011807
0.154987089143027
0.15497524422063602
0.15495577686422893
0.15492493470601884
0.15491948465018049
0.15489795228933234
0.1548042088398969
0.15468931876427075
0.15464068898235769
0.15463422116899603
0.15462955563781569
0.15459630042752656
0.15457614497808375
0.15453091325501409
0.15452258745084063
0.15448270172211317
0.15438276775317999
0.15431236206805857
0.1542881412237494
0.15428054782147999
0.15427490796988591
0.15426952985537501
0.15426057204294069
0.15424291064041973
0.1542251161480637
0.15420059130618549
0.15411748418092008
0.15409401326351069
0.15406195513430826
0.15383300793999807
0.15374157089414286
0.15369140747704255
0.1536800665318967
0.15367186345257988
0.15366505897946148
0.15362461417820264
0.15362210265200293
0.15359885587293998
0.15358942699023384
0.15346004993908144
0.15335533409738153
0.15322452734972888
0.15321981341236277
0.15320298786791364
0.1531693981925161
0.15312390020811731
0.15312245248256703
0.15309357282966807
0.15305522954722245
0.15302706926588622
0.15300632514941592
0.15286978616567565
0.1528644697706617
0.15285128789517663
0.15267852600746978
0.15263626029473387
0.15262544791087634
0.15261345184172828
0.15256682836154714
0.15254103828499069
0.15253562356909808
0.15247675170752317
0.15244601710783237
0.15244519416211835
0.15240271979025699
0.15239710542555424
0.15234286777745867
0.15232049217845803
0.15230740621319852
0.15230520364898403
0.15223910321131404
0.15222838153405693
0.1522148523582203
0.15220060726641099
0.15219864123038429
0.15218634749611903
0.15215559143066307
0.15209320763126538
0.15209087496477616
0.15205465937415227
0.15202856403652368
0.15202180151554498
0.15200557444706486
0.15199200002864469
0.15195636621727188
0.15195516346039267
0.1519161238448484
0.15191093047341073
0.15188698299061276
0.15188117634100587
0.15180087453693461
0.15174696500786827
0.1516974220800178
0.15162425835990148
0.15161225794477523
0.15150651141948362
0.15140674363120382
0.15135657974962305
0.15135303234864564
0.15133228444807834
0.15128456641495208
0.15123789486139633
0.15113280119872446
0.15104521638630328
0.15103392637784549
0.1510101391075111
0.15086957596700223
0.15082396366494016
0.15076259987399818
0.15071544527077435
0.15062736516895914
0.15060689317506268
0.15060020960723491
0.15042319989498645
0.15038811380593764
0.15037727044240107
0.15037129191484697
0.15030137529843907
0.15028560054978035
0.15027798190155042
0.15027510098114968
0.15026517779916693
0.15025924638133514
0.15022298790853586
0.15014980092344429
0.15013809552562266
0.1501052413624199
0.15007568520749293
0.15002610999844326
0.14995764449743518
0.14994515682609871
0.14985324057001662
0.14984968042098543
0.14977733321018757
0.14970136284163368
0.1496814761071841
0.14954514989888212
0.14951672813805078
0.14950949611674336
0.14939504379012353
0.14939354764667059
0.14937734974643221
0.14935930553960747
0.14934260163071028
0.14930943270029545
0.14927851952479743
0.14927302027226397
0.14911766768271914
0.14903872326040812
0.1490130189601914
0.14888611122417239
0.14879193418427977
0.14877317178239685
0.14868779184458017
0.14866902550022945
0.14863180758212022
0.14862480838070927
0.14861297144087851
0.14860941835087677
0.14857678481379827
0.14855848436412922
0.1485278771375847
0.14850856413030203
0.14845860152861792
0.14843341184285641
0.14842924810326358
0.14841729759420072
0.1484136007129141
0.14829598826524068
0.14827644272315094
0.14821439557121985
0.14819578721095206
0.14813535816595225
0.14803462113046573
0.14799108739421638
0.14796226937968388
0.14794662208747436
0.14774040298487848
0.14764175099274582
0.14760739161685171
0.14758743342987171
0.1475164995646249
0.14742366470857146
0.14739471948146227
0.1473833113561199
0.14730711459508625
0.1472893238457173
0.1472488644920997
0.14721762573213262
0.147198812776313
0.147153451547157
0.1471448900444392
0.14714341398772701
0.14711968666392344
0.14708740285880784
0.14706303983429073
0.14706263239046344
0.14697602845323154
0.14696991366972886
0.14693854029699593
0.14691150502750744
0.14689976144628653
0.14687189003674209
0.14674515666126331
0.14673299852418226
0.14668664874299128
0.14668018252483789
0.14660060070610945
0.14658149169681006
0.14647786924296827
0.146472824044734
0.14643172311065422
0.14638487364328559
0.1463482300546689
0.1463460191895847
0.14628597813466923
0.14628282139333354
0.14627521631538251
0.14621158899557923
0.14618121218260161
0.14616836999598329
0.14609452202541801
0.14600041173174994
0.14598929225391002
0.14592850886275788
0.14590305971940731
0.14588934885984148
0.14586590392197651
0.14584457309159587
0.14580660351682168
0.14579461057278004
0.14574990742641938
0.14573269415180837
0.14562472245978436
0.14561380688392897
0.1456049402362222
0.14559615508840437
0.14557852082426948
0.14557272003563018
0.1455350360873055
0.14548967860138901
0.14546119740451738
0.14518410681296126
0.14511703017403052
0.14501233419494339
0.14498333418547196
0.14497871542570157
0.14493026982946211
0.14483841013806892
0.1448035051474903
0.14478474285912032
0.14476563979977405
0.14475620279343507
0.14470196290697354
0.14467048385465098
0.14465658339354992
0.14464372162460781
0.14463077157170745
0.14462657806747342
0.14462263911020934
0.14448718407900343
0.14446650755856441
0.14441662182988926
0.14437532810384521
0.14435119752140022
0.14433540860348634
0.14431762609938215
0.14427430875519573
0.1442612044981135
0.14425373640280501
0.14424947405669641
0.14423558573165501
0.14421007742825706
0.14417911839779987
0.14414053662984727
0.14412852039361751
0.14410696228881709
0.14403708260021675
0.14401551694194908
0.14398582077397076
0.14398356392456949
0.14397925208975215
0.14392974875954201
0.14391051743672792
0.14380971471860926
0.14380443202558854
0.14363394888311656
0.14360344255289792
0.14357323566681338
0.14357093798707238
0.14352508480605555
0.143520886821972
0.14351344729819973
0.14350280123877171
0.14348209822419342
0.14328712697866075
0.14322185775146873
0.14320968911056783
0.14316777218180743
0.14305973818143972
0.14305482411928774
0.1430174842343874
0.14300250330512454
0.14296403508179559
0.14293857046361247
0.14293274478554674
0.14287305923258864
0.1428681119647176
0.14286611386023013
0.1428650814880818
0.14284828706555702
0.14283836250509477
0.14279880195603881
0.14279568547658833
0.14278150965927797
0.142750782419858
0.14268605320620903
0.14264584910165445
0.14261809670784101
0.14261715569389299
0.14255010379140298
0.14254062440810641
0.14252082521067042
0.14247352531861521
0.14242425005272186
0.14238628580318688
0.14230281109615595
0.14225957414622309
0.14215101155951956
0.14210066207560088
0.14207123157782722
0.14205533272617715
0.14196680307295476
0.14194570524492356
0.14192900564265254
0.14188503187543205
0.14186620808396272
0.14182566597388069
0.14179636934463716
0.14178364636350499
0.14172489166700902
0.14171171318191939
0.14167169564662233
0.14166549331105449
0.14162459222214441
0.14161151989357024
0.14157681718039583
0.14156686651555092
0.14143677115627298
0.14143493337273072
0.14138394730732787
0.141352666078876
0.14131154343293817
0.14130276441173645
0.14122620191606483
0.14117654318119111
0.14116993248325593
0.14115291528887172
0.14115204884191931
0.14113970930717198
0.14109835562381653
0.14104670009835588
0.14103653245975864
0.1410027191966523
0.14099850229004876
0.14095693201181345
0.14088935629812949
0.14084670157317319
0.14082608703729488
0.14078085673982912
0.14077536323308154
0.14075624561859781
0.14072175923491512
0.1405722496063456
0.14052649448686749
0.14052448033388773
0.14049792870853178
0.14046407993227811
0.14046210337904605
0.14039086993824917
0.14035248762651159
0.14034076489063416
0.14029961690389928
0.14024424198493504
0.14024145075257627
0.14020850443383889
0.14019700338509136
0.14009938505858952
0.14009232158230844
0.14008916612621519
0.14005910703925764
0.14004844212445589
0.14000603677599649
0.13988220861637385
0.13987612283320039
0.13986743039599819
0.13984637280907469
0.13983565431156625
0.1397764999767509
0.13973019954961027
0.1397235026910939
0.13971980093208383
0.13970372123635183
0.13969211350257862
0.13968306223827145
0.13959980676379535
0.13955589501947713
0.13954454109724249
0.13954104719589161
0.1395025916201667
0.13948773044582718
0.13944221519447994
0.13943866010233225
0.13942923538150323
0.13938801647697577
0.13938107637590333
0.1393762653804646
0.13930687896560479
0.13930025496141518
0.13922471529725533
0.13921252081650531
0.13915958829961497
0.13914814752503177
0.13913676768395053
0.13912047614835715
0.13911805762488155
0.13910494629888362
0.13906347650891776
0.13900366154455046
0.13899244963619567
0.13890239082437136
0.13886394932605856
0.13883625497365065
0.13882776801758107
0.13880448899986295
0.13877613476113171
0.13876273673735168
0.1387235102690568
0.13867805675778755
0.13866609394682272
0.13866243916397467
0.13861440388380286
0.13858540315093545
0.13857419226306616
0.13856166701700556
0.13855101640606723
0.13848196747725228
0.13842203102331183
0.138354684926736
0.13831186644855217
0.13829081715718194
0.13825212273156243
0.13821515026612488
0.13821176348297509
0.13817850054186204
0.13814596792383635
0.13812982889814782
0.13812655113172723
0.13810670096896113
0.13805912681544524
0.13799146433063542
0.13798793039090071
0.13797544654461
0.1379080422902034
0.13785034335854313
0.13779251775200343
0.13776155108261443
0.13775936437395866
0.13774635972252725
0.137737633804728
0.13772668839809996
0.13772357014629602
0.1377175093923306
0.13760457313472466
0.13753047839756569
0.13746955996039159
0.13744662913268485
0.13743202206531346
0.13741724673037464
0.13740347160205707
0.13739526980630123
0.13738863923759373
0.13728984122717422
0.13723906781981676
0.13718355883528291
0.13717338986533456
0.13708550416605383
0.13707505368164577
0.13707020467734488
0.13697592758318128
0.13689982633987766
0.13683791826646052
0.13681243612173855
0.13677723116391607
0.1367302950273252
0.13671671633646362
0.13669079877033016
0.13667969164382887
0.1366454595641185
0.13663677635705829
0.13653297694087699
0.13650642047405162
0.13649478736210818
0.13648804549766363
0.13640325579187221
0.13638940436295338
0.13638165533578359
0.13637820158102512
0.13636430042511588
0.13635549146103132
0.13633959112333854
0.13631361757537255
0.13630634444952539
0.13628325350732887
0.13624653494244759
0.13618909094042839
0.13610107366657173
0.13607254776253477
0.13605603739898645
0.13596483125580716
0.13591285956008789
0.13590819096339884
0.13587256916435234
0.13576747174507711
0.13569594484677353
0.13568825152482172
0.1356780114076766
0.13563431157842787
0.13563071859112993
0.13555196736412581
0.13549536635725901
0.13548106110205191
0.13540479894089374
0.13536980605948531
0.13530942499225906
0.13528984858165896
0.13518277093512138
0.13514873098639393
0.13512497778108892
0.13508754010991933
0.13508384504267423
0.13508334166157004
0.1350819749787843
0.13507785746500067
0.13500082810975741
0.13498608843473636
0.13496874296369329
0.1349381327567476
0.13490482021402705
0.13481785394081042
0.13481281763442518
0.13480559447199938
0.13480029299831803
0.13477290776595813
0.13474113746910046
0.13472049190107271
0.13470596573991628
0.13463568034500997
0.13460153104550296
0.13457901124011773
0.134578147043345
0.13455193325287132
0.13454814952425029
0.13452834247243922
0.13451333621440284
0.13450714984600462
0.13450448888955274
0.13450152849076702
0.13449521695282521
0.13446791349759765
0.13439405914120583
0.13439315652551884
0.13431730675781489
0.13430805431438186
0.13425793629003072
0.13424270428837415
0.13422144639515607
0.13420675750332098
0.13411127823301267
0.13398013841014969
0.13396828204597114
0.13396674769337424
0.13395954331554216
0.13394715007192645
0.13393834196829668
0.13393691770379151
0.13393116536295732
0.13378481611858661
0.13372658421655981
0.13369878452882333
0.13368671880258218
0.13362874321712878
0.13361294067449889
0.1335813251405428
0.13357010370661748
0.13346299436267037
0.13343937800384548
0.13339049672784423
0.13337492433967524
0.13333161719542178
0.13321164708380739
0.13320073086395598
0.13319950528060565
0.13315273898966096
0.13307762588595567
0.13305347273598631
0.13304338791847653
0.13304097478482349
0.13294632382759122
0.13293161101964543
0.13290620951924889
0.13285358429518687
0.13279854262278479
0.13278592479287807
0.13276146942609915
0.1327222012747179
0.13267207924346328
0.13266754881946841
0.13266130293409334
0.13255266846085251
0.13250097311821743
0.13249860728309915
0.13249763230198686
0.1324792362790071
0.13247849075915896
0.13245600422174597
0.1324116203117085
0.13235510873188214
0.13233303322949755
0.13227992648925532
0.13226005972516247
0.13225285408423038
0.13224970015847015
0.13224937336633433
0.13223265448940322
0.13222718878772971
0.13222338957798099
0.13221315776547632
0.13220254097566472
0.13212256732917027
0.13211982725455026
0.13211260984353229
0.13202994638368973
0.13202492901088236
0.13202390037868539
0.13202229058368686
0.13201560945440666
0.13201206239366761
0.13194915817062511
0.13193218522334529
0.13189972199305453
0.13187937382740728
0.1318608574166393
0.13182920484671962
0.13181201972884093
0.13179639986862898
0.1317931713276545
0.131792856050649
0.13178905538723362
0.13178876313181723
0.13171313210167135
0.13168964854799345
0.13156859248656719
0.13147336535249576
0.13146268664918989
0.13144714444378239
0.13140997630906207
0.13135724292213841
0.13134008542478115
0.13132655046297351
0.13131402921339538
0.1312795492283953
0.13105642560225517
0.13103818203281731
0.13101376431500342
0.1310003644349659
0.13098569013901987
0.13097472349954131
0.13087294242106043
0.13082963748579451
0.13081624873824907
0.13080651356368048
0.13073309000176103
0.13072319948863087
0.13069532833934489
0.13068788433580325
0.13061768190983378
0.13061089478638496
0.13054851443817417
0.13051152771945357
0.13049750440631572
0.13046322220611739
0.13036982800639213
0.13032311454491494
0.1302865322553666
0.13026320417480472
0.13022531324709211
0.1302088110782737
0.13020633689134067
0.13015228077333343
0.13014991123392436
0.13013503652215569
0.13011785902262535
0.13006059298737763
0.13005482222961237
0.13004332220391093
0.13001957049542914
0.129869290609749
0.12982880693534471
0.12980811524061731
0.12977345044624963
0.12974964686395937
0.12971992343739092
0.12971018310729338
0.12968276126914294
0.129667656474207
0.12966004646832816
0.12964004132069032
0.12961402558722329
0.12960265169184196
0.12956807338720852
0.12949101064938667
0.12948255942497164
0.12943033252168087
0.12942454364901385
0.1293960806549671
0.12938517430062363
0.12934900059024115
0.12926776291085146
0.12919790977659268
0.12917060997988236
0.12914461326684645
0.12912848618271955
0.12912585517137001
0.12909663594245874
0.12894541077857474
0.12891687070469013
0.12890559117253866
0.12884679054212481
0.12883121096540759
0.12882989939948142
0.128799375385062
0.1287678251072164
0.12875509349348993
0.12875205547175142
0.12874399342135484
0.12874277194590597
0.12870856516157805
0.12869132808692321
0.12868842509243794
0.12864942228679033
0.12863199606172984
0.12862973622799817
0.1285676143615061
0.12854131943240313
0.12850208627038109
0.12847237181022114
0.12844229276159075
0.12841744413946574
0.12839933531764144
0.12837462149725831
0.12829771862311318
0.12825037213734675
0.12822744163181873
0.12822221796047584
0.12818088736254171
0.12814871139341044
0.12814091191804938
0.12811947047114017
0.12809504316135148
0.12809005947062263
0.12803271966109639
0.12802196221016121
0.12799947308600387
0.12794753614406701
0.12793360879385102
0.12792216817414337
0.12787126214831679
0.12786069557717489
0.1278239514927681
0.12781067811431973
0.12779832985322537
0.12778273650934469
0.12771774890659587
0.12770703730871111
0.12769539072148445
0.12760891266936017
0.12755616811487364
0.12755304463088946
0.12751955928102285
0.12749606896996171
0.12749109513713805
0.12748873058807059
0.12745452478034494
0.12743241255930532
0.12742197249164935
0.12741810454305499
0.12741175940168981
0.12738792324708006
0.12736476129142293
0.12735849440472097
0.12735136798518745
0.12733718190296259
0.12728768110273739
0.12728587721182644
0.12728042226060457
0.12727174902611141
0.12726140112787579
0.12718760223481754
0.1271541344408347
0.12711732956989857
0.12711551455578335
0.12709506588874092
0.12700831249847733
0.12692992155851945
0.12692843134535259
0.1269092825398653
0.12689774720798178
0.12687370259218483
0.12685482399477144
0.12683291092461227
0.12681736785729883
0.12680636512649185
0.12680051668683481
0.12679475306471158
0.12677785848227191
0.12676351164120006
0.12669472115883357
0.12668517663500264
0.12667366639053093
0.1266728535457558
0.12662529336701142
0.12662317671489917
0.12659534111025969
0.12658559042080336
0.12655958731184988
0.12654586235640494
0.1265432837535844
0.1265154841010778
0.12648596271362816
0.12648151353542045
0.1264338300636666
0.12643083150538845
0.12639889835016183
0.12639872363930718
0.12638572944749238
0.12635012962917402
0.1263418270613153
0.12633118524687101
0.12630702811896469
0.1262928591823026
0.1262843405080338
0.1262771894853531
0.1262757882761654
0.12622341725705336
0.12615851502644546
0.12615705557053819
0.12611353687141041
0.12610210306613748
0.12607412904568815
0.12607169243672189
0.12605138682603909
0.12601208619537116
0.12598630510792608
0.12597725428301165
0.1259066869940795
0.12590253755425906
0.12585031161415391
0.12584626127706489
0.12584149702474973
0.12579835386794117
0.1257868310677116
0.12575941163253396
0.12574046354799434
0.12571293312312773
0.12569602300882748
0.12568360774418733
0.12564456952467387
0.12562496821256311
0.12561109781683419
0.12560701961401341
0.12559432682552074
0.12556995292928411
0.1255435712140506
0.12551820693281121
0.12549966815645791
0.12549329599472839
0.12548121370319129
0.12547514072362592
0.12542898540174754
0.12542363933178732
0.12541359901550159
0.1254063895659365
0.1253671379407606
0.12536677525258166
0.12533989107508187
0.12532476484116592
0.12532343558885323
0.12531911561471318
0.12523770878384272
0.12522815930478173
0.12518642179113934
0.12510606487745674
0.1250759070868169
0.12504087168863628
0.12503642078958604
0.12502604949527316
0.12502304333110098
0.12499716146192441
0.12498657545596559
0.12493115025683822
0.12491442027963123
0.12489639259709381
0.12489128695432507
0.12485705735821225
0.12485177780413187
0.12482852071502365
0.12481417084378359
0.12474762011049
0.12466494190450128
0.12459818586216805
0.12458616734746447
0.1245663684201872
0.12451583817954773
0.12449229194862477
0.12448218058462653
0.12445999201138411
0.12441995837425628
0.12441613198967193
0.12440318380025803
0.1243584007158812
0.12435241004598116
0.12434682586547437
0.12434543525283784
0.12434402655023165
0.12433538950874262
0.1243318246796617
0.12432508376385284
0.12428938525667325
0.12428701451971746
0.12426380371202132
0.12423132834069572
0.1242183271556638
0.12419120217298407
0.12418925395076558
0.12414871703442126
0.12413331328297249
0.12410257938393589
0.12406198287825207
0.12404946893680323
0.12395979836833608
0.12395629345945333
0.12388815258745677
0.12386002304162197
0.12385994775865156
0.12381327420915891
0.12380761487248729
0.12379916508093369
0.12375975622878269
0.12375027806484294
0.12374653396735641
0.12370118770079142
0.12368564353015357
0.12365719703212343
0.12364045628030736
0.1236015981428772
0.12358299564579869
0.12350784776820696
0.12349356092601657
0.12346338688024004
0.12341856112285243
0.12341044703501537
0.12340907625736627
0.12339541925095349
0.12337948183217497
0.12337516123023143
0.12330310856239286
0.12329653718138543
0.12325823965734352
0.12324550965461108
0.1231703637147821
0.12312269255420315
0.12310581112372913
0.12306438775407987
0.12299766865540958
0.12297435310206052
0.1229612055439771
0.1229557435758961
0.12292122509697277
0.12281766155864007
0.12279620552399119
0.12267510187414647
0.12267296846315751
0.12265438135612962
0.12264147311915585
0.1225896073946893
0.12258590172998796
0.12257453184809745
0.12250388877182135
0.12248266438635561
0.12243110452941852
0.12242877596183999
0.12241656565308069
0.12240398668715928
0.12240001291093558
0.1223939814679407
0.12238471151842814
0.122382595491127
0.12235387077860917
0.12232258434784068
0.12229815650551892
0.12227419863630536
0.12227279400097414
0.12226083379271267
0.12225980041762088
0.1222571566440858
0.1222558246668736
0.12224734407927278
0.1222152255748383
0.12221298890741426
0.12221182006544176
0.12214520994121014
0.12214205619966323
0.12212147001516009
0.12209552414542267
0.12209409137730004
0.12209408285749332
0.12204973816089877
0.1219881602198236
0.12194540846060849
0.12193721307126006
0.12188588210688178
0.12184487308044749
0.12178723821333383
0.12177820935638825
0.1217270659723764
0.12168448529860361
0.12165622509896555
0.12148852124561202
0.1214754364996611
0.12145944836453713
0.12145601136624973
0.12140304575628261
0.12138607045760628
0.12136818838610428
0.12135968864025141
0.12135043056282584
0.12132765609665823
0.12127241103200795
0.12126378320347467
0.12121054784716348
0.12119237315289079
0.12116232038158414
0.12115367620421041
0.12115056425619007
0.12113415003716502
0.12102576117168264
0.12097963179857096
0.12095207885239308
0.12090994218736445
0.12086768125860096
0.12085926573306686
0.12077711438308737
0.12076076998143938
0.12074799795176776
0.12069968732782886
0.12067472314920669
0.12064024982765993
0.12063974060269686
0.12063774970675707
0.12059527838623676
0.1204877203372809
0.12048666713514652
0.12043733876401846
0.12040234260394604
0.1203490938391905
0.1203244683132087
0.12031717047204286
0.12021819224831291
0.12015313974667505
0.12015130563834495
0.12011804770321675
0.1201054684994667
0.12008505790082286
0.12001839822927737
0.12001387536504157
0.12001338532231265
0.11999155975882282
0.11996513844647649
0.11991691320707135
0.11990769600529615
0.11990020450789464
0.11987648562162942
0.1198743633234533
0.1198398483111548
0.11982670502340205
0.11980658032124188
0.11980379356083037
0.1197884562378404
0.11975311571413276
0.1197245030566436
0.11962837607165192
0.11959057235690888
0.11958097744866657
0.11957914916203025
0.11956390843870608
0.11953808842938278
0.11953180404215161
0.1195283123150796
0.1194760134105107
0.11946702914086933
0.11932453965421158
0.11932110828138248
0.11929589297712524
0.1192951906494035
0.11923267656589738
0.11921033887459481
0.11918162641270748
0.11915299430483479
0.11913656402453651
0.11911864085027325
0.11909723202245155
0.11906043138388343
0.11903573506253447
0.11901583897536616
0.11900588830432465
0.11895380326813657
0.11895266417291898
0.11894877553749325
0.11894564404262378
0.11894024279735688
0.11890781904218747
0.11890600820708622
0.11890269781739964
0.11888034834607848
0.11887158793564757
0.11883548259073526
0.11877277309555975
0.11874752830711705
0.11873906672980961
0.11871062675385088
0.11871021956244038
0.11870763197278308
0.11868033564167745
0.11867228837333423
0.1186690913246016
0.11863245471734182
0.11862141781520193
0.11858110266036423
0.11857728829834122
0.11856869516345274
0.11855708070796787
0.11855452035805934
0.11852666632009065
0.11852546304720796
0.11851864196863143
0.11850161272670078
0.11847681140436371
0.11846057974780641
0.11845324990531927
0.1184024020628846
0.11838073764252958
0.11837408657298661
0.11835582884779082
0.11827959947293294
0.11826195914820732
0.11823281515281588
0.11823280874631634
0.11821991853973451
0.11818606288003244
0.11817508347652167
0.11812954521581034
0.11808902442448001
0.11806547379908464
0.11804217184545461
0.11798189591306164
0.1179649495668761
0.11792461726838008
0.11791976660058665
0.11790955757908819
0.11785956578646917
0.11784433617165005
0.1178350629156503
0.11782292127338835
0.11781341196647667
0.11775727084735736
0.11774193655240919
0.11773979939159911
0.11773737047368719
0.11772030475954823
0.11769064901851406
0.11766111065750846
0.11763531473838561
0.1176303779365848
0.11762180750629424
0.11760734343655713
0.11759689134216979
0.11754792762315482
0.11752014729665955
0.11751017153830692
0.11747026671637989
0.11744291729421963
0.11741378938894585
0.11741030084115128
0.11740713820023482
0.11739949200647166
0.11739120023747271
0.11738044330605184
0.11737676722250003
0.11735870922064816
0.11734927398785601
0.11732219394297348
0.1172877351231733
0.11726960171271464
0.11723012664016912
0.11722696563925104
0.11718831835277202
0.1171655154504239
0.11715239130384625
0.1171224545386573
0.11707774097469482
0.11707566232189982
0.11699254768468019
0.11693801672732007
0.11688198976196464
0.11682955671631162
0.116812127549153
0.11678830417711256
0.11677434362646497
0.11676935499743279
0.11674405110002488
0.11673852021579832
0.11672254364850328
0.11669981491291544
0.11667576399980835
0.116647362844692
0.11662185004192624
0.11661727784130906
0.11649472006622208
0.11646423899904124
0.1164624696723482
0.11639467702450776
0.11626147182322821
0.11626026412674452
0.116259114513214
0.11621019319834841
0.11620912126641511
0.11619682597706366
0.11614825866415006
0.11614630634927486
0.1161154247377174
0.11611287399238406
0.11611064646513641
0.11610688447545833
0.11609327393295713
0.1160541300971183
0.11599110471249517
0.11598705318390862
0.11598525169326702
0.11594881184515299
0.11594190842511225
0.11594033593643228
0.11590863260232867
0.11587277701589578
0.1158352293832122
0.11582237763528279
0.11579342920482516
0.1157886763822432
0.11571674338327165
0.11567898512973246
0.11562714555074909
0.11562306459887327
0.11559563427750645
0.11556897554581781
0.11555665691983509
0.11555176220670733
0.11554970918338808
0.11552818088275088
0.11551655020076405
0.11550590151570274
0.11548786004736354
0.11548719635975302
0.11547623422770216
0.11546960183029231
0.11545271150649196
0.1154467527834714
0.11544664293694126
0.11544051558092069
0.11544008177517617
0.11543729359701042
0.11540233449405057
0.1153458783967828
0.11534172392970977
0.11534076383955548
0.11530196277123639
0.11528779876657842
0.11528193895828828
0.11523915400397548
0.11520206929774064
0.11519607120665933
0.11518735858377895
0.11517435767613465
0.11515175856194046
0.11510616288031283
0.11507166608408524
0.11506664426301989
0.11503754430962068
0.11503356380169691
0.11497893474772485
0.11494503321398689
0.11489462330703958
0.11488998485478875
0.11486121373910244
0.11481478289357822
0.11480942959010954
0.11480911609169277
0.11479579367057903
0.11478179346323154
0.11476658752992559
0.11476436156428352
0.11476318519054235
0.11472643731698781
0.11470997687462268
0.11470762320324968
0.11466675492082451
0.11465616338903353
0.1146300543141696
0.11462299747678917
0.11452454271773271
0.11447904127917165
0.11447595047801404
0.11447177162753505
0.11445883858450999
0.11443269651428085
0.11441493100834582
0.11439696164039281
0.11433096512518762
0.11430650938144522
0.11428989695224859
0.11425553584592071
0.11425092798676063
0.11425091036985016
0.11421863681803084
0.11415082672511909
0.11414423821398706
0.11404326696679504
0.11403865720863883
0.11402668872202973
0.11401835845369156
0.11401246258071711
0.11398002565435315
0.11395565354215022
0.11386964737834557
0.11383217898827329
0.11381367313515155
0.11379593940774002
0.11377521876876354
0.11377407727190028
0.1137546606496299
0.11373516226934777
0.11366916141144279
0.11365908451711722
0.11365702192431079
0.11352856184960981
0.11347473878811602
0.1134555203681379
0.11345371377433158
0.11342335852670904
0.11341239197290587
0.11340603264556737
0.11339662127176038
0.11335778380710085
0.11333787674054215
0.1133334158125107
0.11330135368175148
0.11326703644302306
0.11326421323979402
0.11324466725023415
0.11323756861691694
0.11323591492956821
0.1132147445112745
0.1132025515400424
0.11317308605233856
0.11312194597649615
0.11311164869309007
0.11307886783055399
0.11304891038267793
0.11303292600648843
0.11302458104515835
0.11302178392982556
0.11302170629370756
0.11296549950389466
0.11292444619419367
0.11289071890072558
0.11288431369870841
0.11283301681323735
0.11282514348884039
0.11282139887185358
0.11280211685747259
0.11278248562767264
0.11278164285036202
0.11276043492304996
0.11276041858665201
0.11275539565032418
0.11262417461282484
0.11262263053467803
0.11261969972441577
0.11260345433292807
0.11257155803924186
0.11257026718249022
0.11256839316358361
0.11253293436069682
0.11251499178583642
0.11249925158676971
0.11247904238638247
0.11245526188895907
0.11241214576633463
0.11236996545560041
0.11234900547548185
0.11234634586518602
0.11234558523758566
0.11233917712849278
0.11230746641416788
0.11228820207375992
0.11228765370956444
0.11220065581242651
0.11219385725830848
0.11214915301175284
0.11214062517970139
0.11211037177967945
0.11204459311199362
0.11203714374957188
0.1119507203535466
0.11194019659896683
0.11191217088943847
0.11190745502930857
0.11190221316484687
0.11183460839442934
0.11181515239060165
0.11171797425109996
0.11170646934036058
0.11168160744043135
0.11167887994623252
0.11167237804783532
0.11164616003437849
0.11164154588169799
0.11162784227268679
0.11162632008332085
0.11161448878794782
0.11160209193670723
0.11156082409351988
0.1115352963323297
0.11152220741609309
0.11150349181787156
0.11147549898225505
0.11143350379034618
0.11141844159247224
0.11141200637877681
0.11140845153612443
0.11140711162074009
0.11137158622089058
0.11136258640624572
0.11134532489432956
0.11133158936601592
0.11126458305020689
0.1112594324215891
0.11124538365091646
0.11124514803249048
0.11123258362003245
0.1112096119991169
0.11112500289972745
0.11112206054000509
0.11111239329041295
0.11111188654350616
0.11106167701083577
0.11098076251012809
0.11095700215545314
0.11095155778101885
0.11092249983179969
0.1108712719839882
0.11086003909799984
0.11084807973857409
0.11084335433949465
0.11083725877307739
0.11083101529179835
0.1107604960171589
0.11073582620314697
0.11073242808380446
0.11071069856223976
0.11071066752998872
0.11062667527633038
0.1106128558986406
0.11051190019671595
0.11048941713610201
0.11048925574443666
0.11048212324306887
0.11048099900042592
0.11047346991884398
0.11045834608812004
0.11045813083320492
0.1104580410147516
0.11043246303914939
0.11042996046700085
0.11041973835562149
0.11038901438294452
0.11033127536531645
0.1103253992917986
0.1102976550185374
0.11026450749833845
0.11020089717077203
0.11019499873508369
0.11017616891626103
0.11014387263586545
0.1101061918663777
0.11008530575377047
0.1100671540394812
0.11006489420613708
0.11003811343299461
0.11002517273949682
0.11002497678693353
0.10999945952938052
0.10997542937145992
0.10997336391834053
0.10997044163984616
0.1099608917665668
0.10993433728083679
0.10992648647802365
0.10992068393918314
0.10991731739631988
0.10989287181684111
0.10984717896524933
0.10984665909843117
0.10984155454138937
0.10983537905356015
0.10982293289198154
0.10981978353499953
0.10980414068945551
0.10976366925711165
0.10972384156096751
0.10970901403495094
0.10970182961039067
0.10970150280305824
0.10968008207837879
0.10966508503618666
0.10965467955231108
0.10961918674409023
0.10959543501249502
0.1095947959140991
0.10958890617179312
0.10958787267405937
0.10957713066665026
0.10957552637642196
0.10957127047026674
0.10956304168661568
0.10955602639352979
0.10955287831495129
0.10952241477447394
0.10950251991281458
0.10950205605149055
0.109498999241382
0.1094823772789707
0.10947925383292287
0.10945476371545104
0.1093824798907365
0.10930751661046895
0.10930568378195409
0.10930274183954389
0.10928608026396491
0.10922317684478761
0.10918100281755123
0.10917751930051153
0.10917019174928808
0.10915916238630441
0.10912831382765549
0.10912080883076199
0.10910107540864319
0.10909773912718852
0.109093115321944
0.10908891417252692
0.10907151815723397
0.10906621205707637
0.10906026951239733
0.10903422034959652
0.10901476910885632
0.10901320922244072
0.10899760676992341
0.10898728381432977
0.10894608122205354
0.10893523698426512
0.10893343278784975
0.10893134189128945
0.10893088215402374
0.10892964998523534
0.10892950608202884
0.10883889311222121
0.10879340149839156
0.10877829238410899
0.10875349147494487
0.1087397829674822
0.10867462186489936
0.10862419121874585
0.10862399219297129
0.10858165222189911
0.10855816938676015
0.10844916258260495
0.10842850756600723
0.10842789048272732
0.10841910963250879
0.10841256228490631
0.10839072379617631
0.10836492985753568
0.10836404882320608
0.10835643626310892
0.10834794168976998
0.10833770666550471
0.10832732482483788
0.10830461010577264
0.10827893976334467
0.10824229306279458
0.10821948034175176
0.10821358220370471
0.10820102369093204
0.10819925287698044
0.10819198898137429
0.10813334645332488
0.10805712971369408
0.10802941114479764
0.10800509668059402
0.10798572904415696
0.10797472857870075
0.10797055120417384
0.10795529497015098
0.10791509346279014
0.1078448738533539
0.10784165913127575
0.10770781386710017
0.10760107784385363
0.10759469477493219
0.10756415281365711
0.10753698606789361
0.10753403556387996
0.10752790062981391
0.10751516199989193
0.10751334006511128
0.10749962140821064
0.10749700731750043
0.10749019236370516
0.10747681445278608
0.10741709448801644
0.10740292433592497
0.10736801398424005
0.10736489092679283
0.10736287717727601
0.10735498219136366
0.10735185833745367
0.10734116354542833
0.10730193716976671
0.10726106736286244
0.10725812202310224
0.10724481479807663
0.107241920021902
0.10722511513138451
0.10720833170231922
0.10719606674536535
0.10718468586945654
0.1071604510020554
0.10713992024293545
0.10713444360046252
0.10711956231997678
0.10708103789325034
0.10703361495058575
0.10703266972523194
0.10701386021741666
0.10699096612112492
0.10697529605459322
0.10695616725150006
0.1069171840311101
0.10691642054070787
0.10688306158791049
0.10688033897108717
0.10687633028375408
0.10685744991439593
0.10684598985991131
0.10679676377456823
0.10679410365566029
0.10677637422254797
0.10677406136951433
0.10676893995010139
0.10676317931184491
0.10673362703411683
0.10671179075363799
0.10667507979078605
0.10667468958546068
0.10661121572625433
0.10659959354492608
0.10659954682217711
0.10657443619778222
0.10655172072373649
0.10654636568415468
0.10653139859449655
0.10651527597216251
0.10649009025968313
0.1064781422894362
0.10647314445151017
0.10645104261221852
0.10644994754435129
0.10644738941666741
0.10643917069298009
0.10643346871772399
0.10641993543473026
0.10641968532006055
0.10640772175505481
0.10640012132792293
0.10634906634905894
0.10634747633075115
0.10634097385460134
0.10633695741726612
0.10631562766457489
0.10631030347018054
0.10630603490271621
0.1062668932569389
0.10624646860371012
0.10620349800013469
0.10616046834720554
0.10613419009938035
0.10612824552613351
0.10610914374999089
0.10610892233535076
0.1061041805157743
0.10607160482253118
0.10605854083726604
0.10605263534227763
0.10602354857257715
0.10598805173734231
0.105986172581605
0.10594295705055205
0.10594195076609278
0.10593426894870044
0.10592234863879234
0.10591413043040815
0.10589821457493057
0.10589552920603795
0.10586806245312405
0.10584079738481358
0.10579189709339352
0.10574907175703332
0.1057489194960971
0.10573853029654459
0.10572356379881852
0.10569010299351055
0.10568614784800727
0.10564087298456654
0.10555993399963967
0.10554812447215882
0.10554464419582163
0.10547352054819786
0.10539942358413699
0.10537191876612642
0.10536762062623753
0.10535205863866584
0.10532826852995283
0.10532392578581831
0.10532239183329696
0.10528333215731712
0.10527991946193839
0.10521606177556132
0.10520301122904747
0.10518738132544846
0.10513184332113495
0.10513168152729939
0.10512372950747485
0.10511180147485989
0.10509126334867275
0.10508806893157634
0.10504749661386678
0.10501010326265399
0.10494930370784809
0.10492749193279452
0.10484434665528448
0.10484375510933659
0.10481959859958778
0.10479491102824044
0.10473386002405025
0.10472946377687892
0.10472184284973661
0.10470334963227558
0.10470100980078528
0.10465936047062556
0.10464958585274856
0.10459391234601539
0.10458067494511934
0.10457177476243631
0.1045448728300544
0.10450025595363954
0.10441136955713939
0.10440488573628562
0.10437287674458016
0.10430172504354446
0.10428966714228971
0.10428948622119076
0.10428237810601114
0.10427989350236225
0.1042400790102033
0.1042390376123709
0.10422878940681958
0.10422365767138958
0.10421135386956934
0.10419714917023755
0.10418721873184651
0.1041648790770506
0.10416212886413315
0.10415927313862823
0.10415689653741277
0.10414789916154842
0.10414329307562188
0.10411499943417031
0.10409756623592026
0.10408725015361038
0.10407585703746722
0.10407510571885495
0.10402771857748538
0.10399261336099219
0.10397628478014112
0.1039318837222087
0.10392266593247468
0.10388411599063176
0.10387766154525425
0.10384374191513716
0.10383548295566583
0.10381361330493172
0.10380890680537358
0.10378820673795686
0.10378301718618987
0.10375583570997463
0.1037287798737148
0.10370203755200677
0.10368946547169222
0.10368595737081603
0.10367930073905839
0.10366613777992092
0.10365360412554971
0.10364701808355241
0.10361074051216282
0.10357294738492587
0.10354865705458914
0.10346838146439791
0.10345397796399471
0.10345295601155866
0.10342915009564292
0.1033658752129018
0.10334902413088601
0.1033376693422149
0.10322889549323533
0.10321128934932544
0.10320926975012459
0.10319948621951761
0.10318779079535891
0.10318717094741915
0.10317355148341938
0.10316790084695965
0.10316384860252603
0.10316244290068634
0.10313689728993376
0.1031281067747214
0.10308135894670736
0.10306613588909
0.1030222370097052
0.10301494491529464
0.10300860469220148
0.10300802144225044
0.1030025293540076
0.1029985790030184
0.10299608532462282
0.10299422889975571
0.10298216895077382
0.10296926926144227
0.1029497651907775
0.10294132950740285
0.1029357756950055
0.1029253076295949
0.10290237927603446
0.10285148217526432
0.10283841863650198
0.10283025953823839
0.10281735215048955
0.10277231052199988
0.10276339466939748
0.1027580224821454
0.10273387484944944
0.10269011904555768
0.10268170445688986
0.10262737436993871
0.10261688415284947
0.10261642665502171
0.10260861011919648
0.10249661989701557
0.1024938452996275
0.10243627657991683
0.10240713771469656
0.10240098815459822
0.10239363454557064
0.10238583321474952
0.10238371826607839
0.10235923792015086
0.10229760354848927
0.10229038944255811
0.10226041687934777
0.10222555703791236
0.10217174481552087
0.10211014136278618
0.1021065310437773
0.10209722636048464
0.10208453309982964
0.10208255057834595
0.10206947328372269
0.10202883473747346
0.10199902585566087
0.10197273803005659
0.10194753880122197
0.10194059006729202
0.10190550920358067
0.10189058857800136
0.10188030264807345
0.10187119882884454
0.10185108033059331
0.10184732327187036
0.10183155521462951
0.10183016330917057
0.10182501810372104
0.10181724667869786
0.1017956852633415
0.10178010885832985
0.10175126838786862
0.1017388153775063
0.10171567467858651
0.10169865432035369
0.10169679937476285
0.10168781497730627
0.10167193775144755
0.10166399456121973
0.10164075287719689
0.10156976446577339
0.10155538950857916
0.10155403594144914
0.10151814379066589
0.10146331935823082
0.1014555646070487
0.10144883818963803
0.10142862263224768
0.10141496952286722
0.10140267102953984
0.10139580002510976
0.10138200015446698
0.10137685253325479
0.10134919284627437
0.10133434898686933
0.10127974640745137
0.10127815106691301
0.10127380235174921
0.10124886488609021
0.10119893605769416
0.10115960421791813
0.10113085578930023
0.10109920764220072
0.10108898334712112
0.10106563011331722
0.10104917520855093
0.10103930332002459
0.10097262649924915
0.1009713868137275
0.10095920880668695
0.10089808439536484
0.10086586373045246
0.10086455043544044
0.1008554815887316
0.10084512792383021
0.10084109410152943
0.10084104359773523
0.10083426269835227
0.100829028133612
0.10082566508943754
0.1008124340727215
0.10078429757362155
0.10077740234234514
0.10075927803635519
0.10074420726729114
0.10070510005925871
0.10067981836140559
0.1006784501740263
0.10065941431612412
0.10065851063107206
0.1006530756684202
0.10065256968963128
0.10063650137722503
0.10061819205820144
0.1006080163757611
0.10060103144364285
0.10059634977779183
0.10058094775654837
0.10057356571438278
0.10054558418836815
0.10052825450754653
0.10051818726975982
0.1005030295256075
0.10046803161399114
0.10046759524447751
0.10044513373578801
0.10042263004266862
0.10042049852139652
0.10042010822557225
0.10041868991838386
0.10040880286538675
0.10039700071971168
0.10034094986342354
0.1003320006815528
0.10032629875777721
0.10028140279676001
0.10025746806775687
0.10022680894668656
0.10017541935108523
0.10015408865089276
0.10012778971461316
0.10010205635858185
0.1000960353072305
0.10004870309618473
0.10000377634345704
0.099986528442234199
0.099986222943605291
0.099983562009296284
0.099960875883496239
0.099960418111755406
0.099943601871021984
0.099932564537305271
0.099914733125087973
0.099897213263916596
0.099862157324827658
0.099861516531480066
0.099825753563807518
0.099824159456502845
0.099763260483882066
0.099711578345687682
0.099696718007296403
0.099676295629995998
0.099632063421868353
0.099584583739478927
0.099560256077299236
0.099547364395545748
0.099513155817517587
0.099512361741675354
0.099510921822229523
0.099510017019249261
0.099493765634417961
0.099488392038095924
0.099477417813187419
0.09947459342867325
0.09945945169355995
0.0994186692656744
0.099418085326940242
0.099375654184131995
0.099356038284642983
0.099336476964961298
0.099296698662762112
0.099292209148939839
0.099291098746391776
0.099263460595545014
0.09925584168126847
0.099228104958867872
0.099176642423320097
0.099171108870655403
0.099135137136203824
0.099122385428797505
0.099097204122403193
0.099085560047820126
0.099077834736964548
0.099046621333627724
0.099000401671130042
0.098980931898933117
0.098980870679884495
0.098965194443355567
0.098939255054027064
0.098934176288473438
0.098890792560509352
0.098873463860047042
0.098844256959341514
0.098824857846500302
0.098796315147640035
0.098737741021828737
0.09873687909837621
0.098698697181151734
0.098695704950693394
0.098653211377765032
0.098647095694843104
0.09864574375123622
0.098632725297563506
0.098623994806480667
0.09860763970661314
0.098604173356383426
0.09856625945606079
0.098565960129308003
0.098558558961716516
0.09854648472653034
0.09854606002756712
0.098542048597529214
0.098518219670291951
0.098492001639119683
0.098485284679355967
0.098478543170628693
0.098472695798355298
0.098438847499154866
0.098428968755286839
0.098422248982621419
0.098362728239561451
0.098359158433451055
0.098293433075434269
0.098288946053869689
0.098262117249220335
0.098217507635905088
0.098216568401155391
0.098182752059391198
0.098173911970000347
0.098089839920499453
0.098085533564192418
0.098079546590257388
0.098058096579461212
0.098052024024841866
0.098050939018589411
0.098050406380275859
0.098049603179696188
0.098046907277014053
0.098046380519110257
0.097989535928491064
0.097961055435410227
0.097953628144587759
0.097952876411737805
0.097945298607002254
0.097935683498412723
0.097925698292533281
0.097922330721553708
0.097919701605484341
0.097915360163610854
0.09790665469629814
0.097882802860876514
0.097865919819927663
0.097864717346069233
0.097838254499138008
0.097815205598628885
0.097808758056674411
0.097786870661891276
0.097772029490210938
0.097770393014646254
0.097761161065441554
0.097756848447204711
0.097720559963113171
0.097714887958977092
0.097713869342764839
0.097705096434496777
0.097691952377209623
0.09769026520858988
0.097683492145268863
0.097641055784507838
0.097634500929232745
0.097597885795761341
0.097587510599990435
0.097574776404021402
0.097557812224465842
0.09748218843556429
0.097473459149517674
0.097464739558920002
0.097420699116604129
0.097418316773141334
0.097397528413148277
0.097392992017347677
0.097372784930132572
0.097303054767904282
0.097271359856656914
0.097264378863474707
0.097256564502522749
0.097252613634102383
0.097239605330233791
0.097227152221023128
0.09722079757921856
0.097216841175777211
0.097216819444280275
0.097205227383928658
0.097204755339638835
0.097204146629501567
0.097199058711959871
0.097185269706799554
0.097180458145207496
0.097145593109814909
0.097137717233286611
0.097109756355766574
0.097081830814848988
0.097081003461860119
0.097072143509469383
0.09707205851387174
0.097057476379763655
0.097056976545693702
0.097052063572087413
0.097049061931165886
0.097007789020391158
0.09699414754426243
0.096984302246959267
0.096981094601262474
0.096978584731600592
0.096968676586014033
0.096939813821476747
0.096937498232606181
0.096935644460054732
0.096930736014030794
0.096921680387533363
0.09689274739921637
0.096867678816675795
0.096864249263449206
0.096861745811624128
0.096808680605294156
0.096808545124308476
0.096789983204000743
0.09678608471913544
0.096777384522247642
0.096769536779759524
0.096749488001913644
0.096737797461253244
0.096733039458842499
0.09673264781857438
0.096728267149068348
0.096720103869565408
0.096714549595089433
0.096701244604053133
0.096697883163170142
0.096681081925515319
0.09668059043854825
0.096678887147869944
0.096675286460227092
0.096624776267341256
0.096596418442982168
0.096593547717252634
0.096575180044355155
0.096566471884714206
0.096550934084030093
0.096546883985871815
0.096545285035764206
0.096482316604549478
0.096474958547877507
0.096418910036872793
0.096386041468445774
0.096373878012595032
0.096359857017439682
0.096351746280345818
0.096344752960528246
0.09634074499264389
0.096332262797304544
0.096298875924477487
0.096283240897173536
0.096281674102097078
0.096265971169625278
0.096250366078656682
0.096234238195727476
0.096232818260114192
0.096220363219227445
0.096199101840152845
0.096195352122704525
0.096194538490574535
0.09618198787294302
0.096157996971666826
0.096151480842015594
0.096147499436670766
0.096141180575981325
0.096141061395993224
0.096125394182160956
0.096123733900079486
0.096097658380372208
0.096019782393675729
0.09601968267154784
0.095948289714031548
0.095935756777057971
0.095934334490725748
0.095919548221162526
0.095908395067003799
0.095871167619418288
0.095864119824861926
0.095820804026605325
0.095786449789541914
0.095756599487250738
0.095742173334608285
0.09571217700201741
0.095677379059786238
0.095644348995391287
0.095631885978886361
0.095615184790876787
0.095613327333173168
0.095583410244195102
0.095562572215087863
0.095561296093520806
0.095558988811977039
0.095523422686380116
0.095496400343789728
0.095494692211409299
0.09547820283558163
0.095456214029721431
0.095454455851243777
0.095440523539482416
0.095430655429408345
0.095416318872881684
0.095395129652644919
0.095383031901729323
0.095379650543046299
0.095370343934507412
0.095354170613905553
0.095329165673692012
0.095318064531101379
0.095306159139976546
0.095272818456873104
0.095229203172401009
0.095226763218910021
0.095202770670696615
0.095199060848550607
0.095194289846676952
0.095182167297087186
0.095177330023340251
0.095167936017002977
0.095154459065387151
0.095152074160065103
0.095137504511114759
0.095094261086774989
0.095070803570120335
0.095058495493555287
0.0950491071249525
0.094975998708335757
0.094970094230285587
0.094968062561506014
0.094945144878625334
0.094941322312403043
0.094893407097131607
0.094872111199792816
0.094866811785043401
0.094855834985791129
0.0948416166407898
0.094841320611296173
0.094840526998238583
0.094836285878224125
0.094826222201226468
0.094824640314213976
0.094799877236154975
0.094791904611693956
0.094788071442014454
0.094767194173041705
0.09475449162181801
0.094712304561866453
0.09470836074435135
0.0946975888468847
0.094693494699839773
0.094668377528714001
0.094661724158440763
0.094661549872892728
0.094656842109860931
0.094642832846889124
0.094641311241928941
0.094629816042305234
0.094612382273034437
0.094600621581798564
0.094568310524913768
0.094566567782376154
0.094564235180506856
0.094555793003592584
0.094550570882346641
0.09452115334328251
0.094520837324197499
0.094507595257065799
0.094497504246723749
0.094492870288910152
0.094479204412681594
0.094454257230166871
0.094449327732713306
0.094440268564207119
0.094435036047536391
0.09435990813261079
0.094353827916036873
0.094347536259987139
0.094326065106278931
0.09431875558440854
0.094306288808368138
0.09430157285911081
0.094298230364679728
0.094289036277499905
0.094273657572415848
0.094270226165921317
0.094268164010621866
0.094222111449117005
0.094207133690904804
0.094188993989876374
0.09415512790082109
0.094152744703591654
0.09414428692204839
0.094144207218105458
0.094107615166691722
0.094103502878529852
0.094093295805456528
0.094074942080709795
0.094057247268014815
0.094039822629143663
0.094017641736599253
0.094008808000633201
0.094006974123417783
0.093996301917583736
0.093974460578077471
0.093952186503555316
0.093945502084294544
0.093939058216334526
0.093908733175498513
0.093902640928350045
0.093890949205240729
0.093872264400091873
0.093837594832376345
0.093793475981811647
0.093783283153615143
0.093765858701459981
0.093763678066555584
0.093756422122738464
0.093748537668278981
0.093746494437855307
0.093734036278191227
0.093722925637246754
0.093708973190812048
0.093704660085250788
0.093692852046458233
0.09367585013327967
0.093637641481665798
0.09362314960620835
0.093602657908438927
0.093596889146449938
0.09359533575454114
0.093586884784299856
0.093576846359395782
0.093540092837263666
0.093524336319332033
0.093501685290734965
0.093467084708052803
0.093457773253441165
0.093446997120243222
0.093446810261306357
0.093405437546259087
0.09339621457696802
0.093395455196455812
0.093383165325270925
0.093376267038543223
0.093370791832961542
0.093340343919514568
0.093337257946816146
0.093320304513504662
0.093285787337193615
0.093285109787800108
0.093280189639911429
0.093275159276284991
0.093274746033811612
0.093274356974929168
0.093268564213115621
0.093258529070286325
0.093242819674096908
0.093237956745785791
0.09323346752753503
0.093223781234495914
0.093206291552796222
0.093205200596507345
0.093187092871723859
0.093180551916195883
0.093166329046124499
0.093161448021836207
0.093115017170105771
0.093094201705668442
0.093092009206523121
0.09303926945316883
0.09300333992306771
0.093002466474009712
0.09299390129934737
0.092983019441063949
0.092969459965195234
0.092962211186313093
0.092944731368768574
0.092937026649308169
0.092931046111643975
0.092912919486899143
0.092907048096208658
0.09288604052221347
0.092885762459704493
0.09286729756621237
0.092817699234517909
0.092811085283799943
0.092806391881665229
0.092791502036102647
0.092784773345642724
0.092776090911220924
0.092769152322621395
0.092760879988604675
0.092744210435555127
0.092740418710833716
0.092735008529708868
0.092724764605590315
0.092696240118532225
0.092694683273718714
0.092674179538621101
0.092673637584856763
0.092671527382243046
0.092652994107200931
0.09264959380713228
0.092648038061064003
0.092639009580725615
0.092580692817538821
0.092563907476644267
0.092554337792547597
0.092544858649334996
0.092538040372291477
0.092501418041544783
0.09249568543965582
0.092492861374137522
0.092462353833763139
0.09245913843870765
0.092435693057476079
0.092433484125823265
0.092418459498552555
0.092405450042941789
0.092388277179200326
0.092345297115941027
0.092338580898340794
0.092223574990707671
0.092205270173651183
0.092200758456709803
0.092181500540587977
0.092174186431525723
0.092140195588089502
0.092124279648883575
0.092081405181418607
0.09207794550959135
0.092072601974456617
0.092064535943023565
0.09205945190669565
0.092056580461498283
0.092045535607545623
0.092043877626121567
0.092008155281296564
0.092008001183285462
0.092007419556416462
0.091998484568885985
0.091996042498083214
0.091979484868548317
0.091965972091137979
0.091962049093711876
0.091945479867196381
0.091908381656247165
0.091869572041627129
0.091838665177570916
0.091832502026850588
0.091771732299467168
0.091760720659493838
0.091756015152521422
0.091742948006262162
0.09173087155551593
0.091728774762924459
0.091727130821763439
0.091713569286218016
0.091691533385027821
0.091676889598552053
0.091657659037286884
0.091654618551349251
0.091653695569094182
0.091638219053453152
0.091602132718103427
0.091598148170366933
0.091558406156090677
0.091554812917254522
0.091522939680154569
0.091480557181451316
0.091459196586668429
0.091446597494834206
0.0914017446971188
0.091385161729534245
0.091378084343330293
0.091361629858163734
0.091357690807907677
0.09133957856508014
0.091331180623225261
0.091302267584464608
0.091301673033311187
0.091281216642832869
0.091234441564376267
0.091232370452853512
0.091227460821729861
0.091226011347787753
0.091191942531754056
0.091145728382011029
0.091125310696803463
0.09112400929264608
0.091123306066488816
0.091104869553037759
0.091065152248408707
0.091050607976257636
0.091034078614506853
0.091020032200652107
0.090997949502596376
0.090986444892907276
0.090977532511477083
0.090960009006732442
0.090948977083944546
0.090947418271367944
0.09090009497507838
0.090897603468850369
0.090885340521713362
0.090873759928064513
0.090860487647848556
0.090842547922449002
0.090817304688734307
0.090794655877139682
0.090780185426135696
0.090771190926808937
0.090766781983985342
0.090751152205890043
0.090743328991020417
0.090730712812266204
0.090686801796138874
0.090669769764000943
0.090655692692000509
0.090648773154137705
0.090645419064975821
0.090624105702129296
0.090621360960768796
0.090615536187432275
0.090603493245859673
0.090570899885379377
0.090495778423483428
0.090491426273930795
0.090469194718052093
0.090462456426853702
0.090458072835227041
0.090453124981616576
0.09044785250804134
0.090444366117667443
0.090417688715510286
0.090372576728076859
0.090363154080909891
0.090321143065204973
0.090318807422259451
0.090299337478651404
0.090262132109716287
0.0902366071528138
0.090233718962978535
0.090223701636249903
0.090216038571351756
0.090166521064088082
0.090146300761735368
0.090128319851559779
0.09011378141148832
0.090112355484874521
0.090107528866752815
0.090078369934998889
0.09007437779650361
0.090065586545712922
0.090063652320437962
0.090023510156360093
0.089993138639112305
0.08996570214532168
0.089946706005417085
0.089934144794322962
0.089920620623678837
0.089916759854019201
0.089869965005316937
0.089860390377060825
0.089843114864717757
0.089807615164924914
0.089802387031948552
0.089794363426534393
0.089761525164004832
0.089753119509907622
0.089751300211975985
0.08974274274445522
0.08972512870256559
0.089713860466466747
0.089711809038218709
0.089708246932099583
0.089698388020382797
0.089675552536827061
0.089673661164401938
0.089653451450034838
0.089646614115307305
0.089646176449629397
0.089645798402142235
0.089621632240055968
0.089602601988807706
0.089582542612330465
0.08953652615123163
0.08952063736214648
0.089500147153568507
0.089499756612250125
0.08949289726400271
0.089464898123775685
0.089464747413107865
0.08945964477794259
0.089456378118133326
0.089446582818853232
0.0894170318503935
0.089414122068354487
0.089405413242028747
0.089385935528658145
0.089378241126582589
0.089367484697068025
0.089354315256891262
0.08934555618570969
0.089342194792798979
0.089318315690551445
0.089317939807655775
0.089317218460119641
0.089312121370545464
0.089295347995761623
0.089287881821096482
0.089275696269558419
0.08925166243315677
0.08922509840384997
0.089203891091128154
0.089202364516567434
0.089196082951617114
0.089193116901642722
0.08918652617144418
0.089179629617564538
0.089174902964188674
0.089162206397198907
0.089135399328955325
0.089118850198936464
0.089118468776576268
0.089111166924295673
0.08910689322968661
0.089101537240780709
0.089091221672791571
0.089081696980413516
0.089036811612470748
0.089027444992245963
0.089008916546189337
0.088930222015205701
0.088920198640511122
0.08890564736394585
0.088865687409349262
0.088825160049470109
0.088791400632728751
0.088780564907459975
0.088777614095830515
0.088740356360097528
0.088698587571685264
0.08868995804817352
0.088650281124666816
0.088648537412191392
0.088647704891298765
0.088642746601807335
0.088636503984574219
0.088629363659410015
0.088616960200891146
0.088611387564518307
0.088583335910277297
0.088559136059824184
0.088532686578954647
0.088525218420683172
0.088524008904218215
0.088514680282556935
0.08850479174662701
0.088504121664182714
0.088495075380149057
0.088464806808044957
0.088463694788224231
0.088451170229195075
0.088439786838363024
0.088432449548460357
0.088398337553471179
0.088372679664097828
0.088369659859792837
0.088365733405731284
0.088334150768422506
0.088310004591518304
0.08830156072921469
0.088251227804496526
0.08819479652849295
0.088177632351528798
0.088152112445596495
0.088130962752234435
0.088130815620952416
0.088129680642041353
0.088120126806474144
0.088098693487967145
0.088090586605099233
0.088081393646476644
0.088062723979949742
0.088056819752446155
0.088045687611793044
0.088042294339540708
0.088022967105840816
0.087998703275648765
0.08798765063889423
0.087987579995758514
0.087963751113513053
0.087944958907971188
0.087943053005558228
0.087943045269199008
0.087922792497041977
0.087901654734299645
0.087896036246437312
0.087881238138330001
0.087859887136216688
0.087857274713528125
0.087837393555465521
0.087820206108417231
0.087813687732521142
0.087796092939058198
0.087787321488249734
0.087785348409384303
0.087782953320907756
0.087776967370535905
0.087769987217848067
0.087740541624253654
0.087738592165993917
0.08772411409381102
0.087721989218479263
0.087714753626034203
0.08768951544817466
0.087688680026239488
0.087660308366065115
0.08764894219925512
0.087631016428245459
0.087628839391990149
0.087617002210047673
0.08760953193652915
0.087608076137584937
0.08757440971311431
0.087573104500220642
0.087560202928142705
0.087541142695060331
0.087534445248322282
0.087489377615927399
0.087480468140141029
0.087451074154851122
0.087429009380446523
0.087428159836801231
0.087411075161405935
0.087395360865158561
0.087384245055262835
0.087358199545314819
0.087357011025986572
0.087344018929070635
0.087336025295735545
0.087281879306120039
0.087274118928543892
0.087264596249080145
0.087258156287909075
0.087251465954519589
0.087239146358706138
0.087227681625454301
0.087212197470070474
0.087210549122178238
0.087203488981342767
0.087195869481632535
0.087190040585200121
0.087177462623730551
0.087175916359111566
0.087172938895005464
0.087138952828850536
0.087119645682905783
0.087119240626641531
0.087097602986282746
0.087094199068160946
0.087092957721053729
0.087082238575066723
0.087080175133512766
0.087079327984155797
0.087074794871639966
0.087066644888163597
0.087029219177166023
0.087006249196968338
0.08696669576855838
0.086940136719606598
0.086939828982568398
0.086921876529940614
0.086919307723914901
0.086915019835897098
0.086907372617579831
0.086894777079110599
0.086883533883061886
0.08686636752438541
0.086835496794382905
0.086830782393816669
0.086805129422955235
0.086802477436623976
0.086794928976098085
0.086793669610078464
0.086784145158918066
0.086750314953683585
0.086747335637200357
0.086729887431788666
0.08670300830891968
0.086695326684123844
0.086681774882065424
0.086634085006918229
0.086593183724034004
0.086591260960762487
0.086580178360570872
0.086574212130368658
0.086570132863281551
0.086543859949057667
0.0865356785789968
0.086521574644938926
0.086471759056820668
0.086465239962033466
0.086443720729281928
0.086430420287795323
0.086415124060753482
0.086413648474818791
0.086386667152843086
0.086380776405460297
0.086379358598964354
0.086340835487532089
0.086335408606065978
0.086324089844690116
0.086286987145515789
0.086284696296885732
0.086272519937602987
0.086258120661860921
0.086246354256005478
0.086223606886097426
0.086220989914658902
0.086210517722725935
0.086123293183070687
0.086112038148662695
0.086106283780879797
0.086105050846688971
0.086092669881868616
0.08608700087039528
0.086060972160049307
0.086058272639129421
0.086039408834543959
0.086036490255391312
0.086031198410847734
0.086001277136613194
0.085995613730375037
0.085962259448669004
0.085920227780062017
0.085890526782860285
0.08588272616788635
0.085868008274321103
0.085850740091073713
0.085843921688216487
0.085815335352179528
0.085812082977532039
0.085803510548373735
0.085803043396964068
0.085798011981392766
0.085796382219506112
0.085795689064017688
0.085794125138944091
0.085789108360805805
0.08576595629739206
0.085760514470077015
0.085752606354563984
0.085744217747332388
0.085740678517746485
0.085738622370936352
0.085732812687688176
0.085721621090496317
0.085714495815843506
0.085713303502631968
0.085711503083093915
0.085689839818788791
0.085658033605869002
0.085650936793557869
0.085643601858378549
0.085635124130520809
0.085623915947999854
0.085607893083926787
0.085601342849554549
0.085589810823301804
0.085577787155027812
0.085565108721766925
0.085549528613922468
0.085537760916129246
0.085531025681220174
0.085530962282706804
0.08552587501395012
0.085490179346778383
0.085478873189471588
0.08547817560365277
0.08546363362186303
0.085448094506685307
0.085419622826225644
0.085419101261153027
0.085409100437903909
0.085406334525497563
0.085399221175865042
0.085399172395318093
0.085393116998150886
0.085391230910767585
0.085363799252617778
0.085355591437479908
0.085332004609269735
0.085314250945822082
0.085260594974540665
0.085246447518211241
0.085241225776261476
0.08523617389809221
0.08521130177223013
0.08519640193668776
0.085175117327875943
0.085142007942694165
0.085130488551878769
0.085122009915356053
0.085113614665046938
0.085110985525455235
0.085106107361974506
0.085087505285521933
0.085086645293584867
0.085072217983761814
0.085070742103966535
0.085065444512143068
0.085052566857126102
0.085037506339481428
0.085036572719799502
0.084989899026787663
0.084981955027010184
0.084980407444836148
0.084978288655287365
0.084973320682189338
0.084973119083905979
0.084954858447455733
0.08494151322758868
0.084933366155961601
0.084910437869053043
0.084908028105763145
0.084894102028958973
0.084890733599161008
0.084874951906448434
0.084865062177961081
0.084862905832160204
0.084837954365474644
0.084834117891993438
0.084826382616100648
0.084823077048050449
0.084813506197906022
0.084799145851791963
0.084791416169401154
0.084782370761635015
0.084771235159914804
0.084767170331650946
0.084741645386201922
0.084739124603881263
0.084722932777269652
0.084722881389208013
0.084683155314738079
0.084670671464548319
0.084669604208054264
0.084648308856363985
0.084625111603006342
0.084614410476403279
0.084609939279322102
0.084540062415826178
0.084532665705595422
0.084523075499797234
0.084519269653851967
0.084482696070265706
0.08443817554641686
0.08443715910949609
0.084432982507867307
0.084426600749180916
0.084379565992945299
0.084362996825794401
0.08430733989481129
0.08430268294301442
0.084301269227034709
0.084300787739870431
0.084295644659520663
0.084266643924303025
0.084261125730216463
0.084251780587311059
0.084250756477212557
0.084247351216969996
0.084237367705374835
0.084224861628531614
0.084221177581460999
0.084220843788271396
0.084198604297468019
0.084175030554712385
0.084174502454720773
0.084155980858459684
0.08414907238134299
0.084136392608822899
0.084134164731297034
0.084121894255898569
0.084116669391294419
0.084089900809906123
0.084068965352148528
0.084068655608699597
0.08405522627087883
0.084054467377982875
0.084046381319659719
0.084043254937628722
0.084032684519765588
0.084016496839113317
0.084011915514571378
0.084009756287148199
0.084005538596040139
0.08400248453958592
0.08399609044601547
0.083963963125978272
0.083951660330248021
0.083948999598395427
0.083944826217241753
0.083943099040111879
0.083916517447845354
0.08387794472123658
0.083855945086919487
0.08383941032013971
0.083832537288107731
0.083822566784358274
0.083800061529949024
0.083797078288897167
0.083776866455917379
0.083775629200626145
0.083773546125629886
0.083768640952669726
0.08376244743820932
0.083762262878932472
0.083760201990670941
0.083747964140455697
0.083733770230617011
0.083710038033509598
0.083701879688857145
0.083678061948864499
0.083669786247920291
0.083666781485850591
0.083630029197448663
0.08360934335214136
0.083577005486117947
0.083562805244417365
0.083559109567025502
0.083548188375891411
0.083523138633493046
0.083513584148765113
0.083512948999386397
0.083510210141882632
0.0834975355134467
0.083480061508643955
0.083475122316288133
0.083467095526801274
0.083455308815822998
0.083452471415520188
0.083429005965749189
0.083414930162814913
0.083374996740130158
0.083374533362947228
0.08336594851904211
0.083355257155687867
0.083334899639739862
0.083317845416277334
0.083250677476684437
0.083246971119956964
0.083242115748365361
0.083239450192069464
0.083215193702070159
0.083205876562689615
0.08319764731471159
0.083180420197122448
0.083179758648867896
0.083173418448477102
0.083157092644663352
0.083147096219850419
0.083131185215650619
0.08313076986790377
0.083073429541579175
0.083071107803329422
0.083058311329101492
0.083054124040801924
0.083025567370699035
0.083021463553245231
0.08301226908998742
0.083011304563207849
0.082970622880012737
0.082954022155651244
0.082943129817111536
0.082942151567901107
0.082933397303398021
0.082930076371286368
0.082918538608085568
0.082909508188362319
0.082896142402071132
0.082890841874819376
0.082855320525301646
0.082846330049688083
0.082812101541214253
0.082774605252488226
0.082767644397810827
0.082756971710843008
0.082753184664820303
0.082750886777716776
0.082718687813510092
0.082715034267800927
0.082714897062930282
0.082678624351834373
0.082676813510645736
0.08266922321687406
0.082653335979870346
0.082622091713714957
0.082561632962595735
0.082559945613232433
0.082534408815099047
0.082531355996344632
0.082526126997364183
0.082517222881074187
0.082516849514244567
0.082498948530518409
0.082493058947129438
0.082483921064821136
0.082481250097590955
0.082474952225082082
0.082473406393859028
0.082468594514278709
0.082416491336924469
0.082415345220995154
0.082411349125762701
0.082378943933361259
0.082360924304058114
0.082344822155671918
0.082344411885493227
0.082343751004706686
0.082304626027047162
0.082266128312422943
0.082247412095486333
0.082245230279454434
0.08224254279544882
0.0822397641175623
0.082177512147573045
0.08217294720502602
0.082170451886155058
0.082156816723974235
0.082155453569443551
0.082154650810689511
0.082147974013332417
0.082144397669525165
0.082143066326696768
0.082138347322667629
0.082136571205673956
0.082125543280840263
0.082111274665760042
0.082108610887697997
0.082085140038168747
0.082059204191663529
0.082046108620439359
0.082044008516499498
0.082041081909791688
0.082033960413178925
0.082026937891078247
0.082019467188645237
0.082004615874255504
0.081999066777661972
0.081995517642485402
0.081988185130589947
0.081963755940037991
0.08194898630418504
0.081944001227310423
0.081940865585482262
0.08193448642581827
0.081927455674108349
0.081925179060633319
0.081872858067055812
0.081848551559586785
0.08182287198264182
0.081819224801930587
0.081815465254559072
0.081805460694752558
0.081778737614697394
0.081758691246066634
0.081747456638866373
0.081714389845914892
0.081706479381506075
0.08167930587495717
0.08164409581570943
0.081643767896924097
0.081640356550486043
0.081631864146697181
0.081627870842511177
0.081627497833249796
0.081625607262277772
0.08162295421095804
0.08159296072377667
0.08159024976646008
0.081553143869281988
0.081552798024420475
0.081527763347113119
0.081525214861051243
0.081510156042178136
0.08149823532422111
0.081494249680431327
0.081489681393513994
0.081488277250218663
0.08148220753730652
0.081475842241084978
0.081471288369659833
0.081433342960392424
0.081423914452603247
0.081423427662013992
0.081407898786760094
0.081406766355790861
0.081390446139074424
0.08136309879485798
0.08135481629572229
0.081342841210735942
0.081338896956983001
0.08132833638407945
0.081298928272137291
0.081298665446966831
0.08129632733829481
0.081293457548272663
0.081287678411185088
0.081256159329166175
0.081250762087689318
0.081225564913420104
0.081217100897479702
0.081153102658770807
0.081146034048417692
0.081132264038153504
0.08112940268958227
0.081117311364789543
0.081115944869669901
0.081112155176620973
0.081107405552432302
0.081094865178871572
0.081093271180495571
0.081091587930495382
0.08109079440109862
0.081084752562801399
0.081070119305845234
0.081063331657319937
0.081052274789104095
0.081022051172138385
0.081021509528012306
0.081005853417180848
0.080995480946035675
0.080986958114553836
0.080978031148914789
0.08096797671885575
0.080960524395590525
0.080933526227263269
0.080930532571254959
0.080925402757408199
0.080910894727760599
0.08089272297767118
0.080878354351527945
0.080868629891815688
0.080858815678145637
0.080823678003658042
0.080815213837374458
0.080811344023257833
0.080810830676518577
0.080789524640687921
0.080773806198469786
0.080763335171797651
0.080758637667587022
0.08075602914612634
0.080728208670839019
0.080707492533319367
0.080672536586236909
0.080671529350711604
0.080639731101145612
0.080633612377205899
0.080618273908379223
0.080610972897436461
0.080606845927422774
0.080602139361681924
0.08057950523664241
0.08055144280601817
0.080551196004569309
0.080489401332494909
0.080484710227654299
0.080482424466775587
0.080473779616804547
0.080472042212708941
0.080430626693876697
0.080425673419073626
0.080410149007288337
0.080395550829313975
0.080378674136181619
0.080374256750890244
0.080366058509431029
0.08035283079699615
0.080344807976503146
0.080317206597890919
0.080295936380449962
0.080280571906120216
0.080250100059105461
0.080215108473764354
0.080191153537221949
0.08018407479392492
0.080174378679806452
0.080162318519163167
0.080120253965198798
0.080118255186003365
0.08010970392967362
0.080105018688695406
0.080095951615022379
0.080088551013498627
0.080068276370363164
0.080064914634324455
0.080056043860796053
0.08005381832334045
0.080044152857672121
0.080036462705707925
0.080032522780722551
0.080022601478632396
0.079987120101058781
0.079980434381726737
0.079971587337375263
0.079957448593684977
0.079955133945169635
0.079954986343034495
0.079922384680337868
0.079892524491636502
0.079888329338945296
0.079863454068681047
0.079845752648253748
0.07984323255843305
0.079831466520983607
0.079794346203317906
0.079744529732859559
0.079691245772360905
0.079683837782696415
0.079677768348190278
0.079668138075851519
0.079659267756134008
0.079657305019015509
0.07963072723688859
0.079629827709332315
0.079605701645205473
0.079589277062592334
0.079577917527146214
0.079568716908579362
0.079556580642151015
0.079549812588324206
0.079544725029498511
0.079536901758952769
0.079527840597953814
0.079512615053953059
0.079476762151682992
0.079474148343115891
0.079456579551864706
0.079452340799092705
0.079404084322733548
0.079393788946515498
0.079361595923503003
0.07935720680278105
0.079346143087036539
0.07933112230380239
0.079326735910382321
0.079321199037544587
0.079309107221173708
0.079302089776538728
0.079283033223019272
0.079279263699265828
0.079277992609801742
0.079274389074887389
0.0792608900658993
0.079252314867008539
0.079252280995437976
0.079242750037388329
0.079205315610175742
0.079201024558488278
0.079196118699922879
0.079192589642948633
0.079190752701758085
0.079189870381613514
0.079189476591863817
0.079187495577159858
0.07916693505992789
0.079158220724868833
0.079137951846119062
0.079128231809344932
0.079120428482123847
0.079107524792732573
0.079083251263145193
0.07906875743564068
0.079060271674468913
0.079044474285305824
0.07900891806438784
0.078999892674972358
0.078999169436715602
0.07898011312162867
0.078970266555879867
0.07895600653633901
0.078946438734762384
0.078925843333818302
0.078914195379563512
0.07889488036712608
0.078893216707992389
0.078867487908574507
0.078856917590373263
0.078843413601414281
0.078801091816587274
0.07879716963699912
0.07877515786761502
0.078740368883131309
0.078738907060105987
0.078722652160041595
0.078720094988279712
0.078713622803241692
0.078705250486717421
0.078658058334675304
0.078652752444351284
0.078648104897877838
0.078636935372619232
0.078631517301412643
0.078615608634569401
0.078613980997516417
0.078595037064741469
0.078583333222582263
0.078576774034406549
0.078575290687267679
0.078545191250621441
0.078536350866616228
0.078535845644536917
0.078528508996556265
0.07852656153351803
0.078521070551589314
0.078516816370534148
0.07851178999936137
0.078510100916407824
0.078504686992568629
0.078486012981793196
0.078485774312421513
0.078485647096454544
0.078485317287792497
0.078485123523240941
0.078479138312890037
0.07845529662774875
0.078426779040759939
0.078424023089469677
0.078414221400839049
0.078411193539851959
0.07838783205668029
0.078363270795389142
0.078351909114806356
0.078339712929592381
0.078336581986955645
0.078330832332475203
0.078329035711203573
0.078328166325004445
0.078322140611323907
0.078317636579255348
0.078315191552189287
0.07830164167530064
0.078300390261845224
0.078284826278076314
0.078280965494291588
0.078265334876644707
0.078264421075682822
0.078252235875144668
0.07823138870604196
0.078186913892526175
0.078176087381156611
0.078152748799777169
0.078133123893651901
0.07812209660394076
0.078112459100530454
0.078108791709819603
0.078085842834139954
0.078083782907359831
0.078082113497948719
0.078081854286653429
0.078077166291407207
0.078068662960732615
0.078059327972588521
0.078056149050086829
0.078054793195430919
0.078040340596486665
0.078039984314260402
0.078001509328089288
0.077995189299808129
0.077994701509595379
0.077987239166987646
0.077980549632191656
0.077971443491763964
0.077921180267792753
0.077892163707789952
0.077891803498332857
0.07787823642860385
0.077837269132128392
0.077829846849834766
0.077827751472363024
0.077826677014614293
0.077823128335133315
0.077813378574483422
0.077804161744659636
0.077787571014970303
0.077779381288802157
0.077776798400356575
0.077745434917911069
0.077744301605043309
0.077738248066782659
0.077736819181469033
0.077731264736086131
0.077724271243206314
0.077720479264276637
0.07771637812021244
0.077707076415143364
0.077677769180679174
0.077667218929551959
0.077654834014491816
0.077654615457540904
0.077622453989889054
0.077617081546113895
0.077596162993269699
0.077593297682724133
0.077583730998395661
0.077576422998680908
0.077570204923178399
0.077557862564716598
0.077553777258654616
0.077550209907518472
0.077550068097531691
0.077545370477569292
0.077543157612686292
0.077537172910275287
0.077525074126718732
0.077518134233857353
0.077502671391288303
0.077502633268631396
0.077501463764111225
0.077494487115373503
0.077469941566212439
0.077465115128412559
0.077460235946462008
0.077458807760017886
0.077444687507242413
0.077438604375918318
0.077437925178155134
0.077434933023398045
0.077432739197643208
0.077432229496587221
0.077426769230793765
0.077422471993505715
0.077419733058188778
0.077414701872042121
0.077411750603623056
0.077408112490977093
0.077372720047044166
0.077357640235197658
0.077352706884030287
0.077349801886897024
0.077338636796864868
0.077336438138353822
0.077333733482109646
0.077328174046268544
0.077313555057639705
0.077298961526030163
0.07727423155403132
0.077272457606093831
0.077260574594207432
0.077249925783282228
0.077230416949652075
0.077222015997454971
0.077216219508738693
0.077211691729372811
0.077202407028970216
0.077176879211699995
0.077173425142464933
0.077163715984541761
0.077159594038598914
0.077158856696682529
0.077154710968938056
0.077146942433480553
0.077144734246108737
0.077117809918247654
0.077110774773038543
0.077106267450615315
0.07710545863845672
0.077089913903756344
0.077087169504181249
0.077075027858092893
0.077056514084521369
0.077049574793719891
0.077015584811724477
0.077013476731857489
0.076979044707413916
0.076966424992290686
0.076954830048481859
0.07695046224913929
0.07692626628323794
0.076880560629380867
0.076879163242375412
0.076856720237102549
0.076848385471233377
0.076834432989326587
0.076828027252685949
0.076827073703460966
0.076816899539181957
0.076795573551720175
0.07677855254984603
0.076756232754530113
0.076741318222757149
0.07673020986021023
0.07672562692918708
0.076712396361561394
0.076696909502262114
0.076687238267952151
0.076680866687584143
0.076664887214868763
0.076659068648951792
0.076652452533586324
0.076644929487965405
0.076644345626135271
0.076634341997715474
0.076598100953092718
0.076594557667302707
0.076588851130525173
0.076585310214960761
0.0765584133519433
0.076552796258870279
0.076529773841728405
0.076517717455377665
0.076506353316248749
0.076502444673120257
0.076501186302517579
0.076496530996368911
0.076485798674487168
0.0764841008028595
0.076482751841516761
0.076473577467314466
0.076473567869524917
0.076448425711362469
0.076445607471684066
0.076445268568530872
0.07644148569513326
0.076435636401820828
0.076421242845147397
0.07640300871512791
0.076395391359527026
0.076388240138961214
0.076380409096920371
0.076333010863500667
0.076328915008930992
0.076304155476719149
0.076300320077042211
0.076297494381960942
0.076297262508897831
0.076270551839812475
0.076265870553986481
0.076260247459700711
0.076257460486697931
0.07623837962530533
0.076226482129817683
0.076223225004496201
0.076222679850536657
0.076186451223812166
0.076181403175291387
0.076181100320905845
0.076174352502375905
0.076167383899080218
0.076165127985049194
0.076128584735628821
0.076107465305384037
0.076067957058973526
0.076067654890269787
0.076065940613588082
0.076061182341111866
0.07605443590632828
0.076046313064250359
0.076037962912672508
0.076036113122578089
0.076026650821584968
0.076017479397746737
0.076006878664266683
0.075993948311782744
0.075993642568437728
0.075987982349202191
0.075969819808726705
0.075962526057151328
0.075954266092879599
0.075953922056020709
0.075926198863562833
0.075896479416118129
0.075872815338827171
0.075853074511968252
0.075851973802527159
0.075849389901801317
0.075842654899464138
0.075838087163641515
0.075813218229555085
0.075811522140499701
0.07580743694557493
0.075789011550081206
0.07578118829826358
0.075779156005385553
0.07577672006011564
0.075736637779288588
0.075736006102938097
0.075733690095089318
0.075715510059695332
0.075714816765681273
0.075648746173913331
0.075644432053551869
0.075636602013207946
0.075634481488541239
0.075629465845937535
0.075612953173613884
0.075599441918474244
0.075583624673211766
0.075580396508865416
0.075562802185868652
0.075545883398677738
0.075541524765854101
0.075526797411779908
0.075524755687524273
0.075519047408469056
0.075518321378372943
0.075514063667787595
0.075510408850930646
0.075488666735932394
0.075484620453083073
0.075472727358709205
0.075471099365242642
0.075468922383238143
0.075468250444916798
0.075466758811481113
0.075432432246029676
0.075423305741165236
0.075416585236238051
0.075409658953680667
0.075377337498666569
0.075371904245882804
0.075363100793186935
0.07536180943404501
0.075361756971596763
0.075360519591880559
0.075353824529425739
0.075332494397463978
0.075277110877517484
0.075260556354553726
0.07525606003433355
0.075255597282290046
0.075236950616758946
0.075233433257587981
0.075226116541605215
0.075215123876401613
0.075189039828626167
0.075185626121782798
0.075183838013823515
0.075157116364704485
0.075141594082229507
0.07513438094341586
0.075112232963401054
0.075090238131433854
0.075072029535903126
0.075065933978087501
0.075047487392604459
0.075026339818156595
0.075021194235213293
0.074987904567619126
0.074972695833529113
0.074954741874411687
0.074952582397604897
0.074926362592429172
0.074916916027722824
0.074914931980868307
0.074900200130382621
0.074899748761964244
0.074881877442662378
0.07486062432716338
0.074857523797552158
0.074856700469752319
0.074846189388956791
0.074842228519508933
0.07483600421186766
0.074828773811460414
0.074804775099851881
0.074791344401278839
0.074773410827789211
0.074762558550498404
0.074757776104458842
0.074746594400192531
0.074746394304497588
0.074742061308329166
0.074726395502762041
0.074702473311749604
0.07469462721543986
0.074688380366104382
0.074685519981422699
0.074679198786353193
0.074676268391885431
0.074672866613483255
0.074661885803569958
0.074660897576782806
0.074655721705379222
0.074655687788806921
0.0746504001715705
0.074649414680205126
0.074637891794861411
0.074635336324126597
0.074631310595453568
0.074627256041151196
0.074621945494909289
0.074614404899775832
0.074592402412667527
0.074569951472127152
0.074561265238602764
0.074557901263823723
0.07455537242163518
0.074550081159333315
0.074546882898491956
0.074509604033072566
0.074494955704840743
0.074490889491268558
0.074489118735854842
0.074471473358480422
0.074469672435760956
0.074465975503813481
0.074459718650488449
0.074427575499106918
0.074417140958462094
0.074409043988986026
0.074382714915904882
0.074350078132635208
0.074338372055971921
0.074337218756085496
0.074312120865545922
0.07430740361297937
0.074295064071695796
0.074282969692434711
0.074278576432617899
0.074275272263397918
0.07426010619186485
0.074256861454303547
0.074253579592236676
0.074219261321000263
0.074198258461562389
0.074165055906039418
0.074146639227680791
0.074125869623915513
0.074105377268334424
0.074086636857070357
0.074082446693529272
0.07408229075725635
0.074082166006341432
0.074060208231695401
0.074033943792892881
0.07400223695686492
0.073995082745107618
0.073980174211868283
0.073973001715204961
0.073964091307016491
0.073958471567548478
0.073954110123801903
0.073953623131038274
0.073940666241131006
0.073925201096446111
0.073918506605824788
0.073885183366153045
0.073849581371956782
0.073834737345311957
0.073831967868397422
0.073816485015811853
0.073801811387435731
0.073799739552918811
0.073794827233387358
0.07379307162132355
0.073784705937263287
0.073784224100629486
0.073782963752681813
0.073755139964337316
0.073721742245980909
0.073693678071977881
0.073691065561398386
0.073684796114782958
0.073670419243816371
0.073668701466101938
0.07366858689992116
0.073660894493694409
0.073657686647445375
0.073640638075495785
0.073629619729042417
0.073615255121910764
0.073599027350137861
0.073557004802245515
0.073525341641732342
0.073503238392226972
0.073498386992960435
0.07349453170793907
0.073487786864547461
0.073475375197649767
0.073468772963390633
0.073466057608099128
0.073459530687129737
0.073448329980596194
0.073414156550413945
0.073408682845557058
0.073404291454095702
0.073402514073613756
0.073388689089944087
0.073380499632102136
0.073355230349206921
0.073350283555539728
0.073329561956625905
0.073324483427499351
0.073309245744215906
0.073284976737647667
0.073279791516538184
0.073277541943959024
0.073274051721475428
0.073268450170087013
0.073266023765185193
0.073241777753593085
0.073230552959252529
0.073223407009612107
0.073216932589864933
0.073204737023612534
0.073177157715029292
0.073153906808493013
0.073149520144805413
0.073148337671233507
0.073143979352635599
0.073140070429032145
0.073137622295572302
0.073129006370912061
0.073115812163824082
0.073107981747589063
0.073106184648326369
0.07309931287118096
0.07309747757992191
0.07309690871212926
0.073079247680623641
0.073068824449042669
0.073064941570175318
0.073057584719211213
0.073054390856956752
0.073037520804651576
0.073026724950253391
0.073016906425821898
0.073016171453926179
0.0729907096637116
0.072956339329912634
0.072952979251227221
0.072945620065111738
0.072940501080518708
0.072931592929666444
0.072929466893160211
0.072928462278287795
0.072910961379690387
0.072906845431408795
0.072896391159166643
0.072884675549630851
0.07287003149413547
0.072864873294374827
0.072860880285522137
0.072840587966386039
0.072835269554152329
0.072830942327675646
0.072795533993681993
0.072762818558771675
0.072762541847897252
0.072762518764600187
0.072747426457759348
0.0727356034041024
0.072724954139636658
0.07270179879573252
0.072663793294897541
0.072658503962189397
0.072644695893556238
0.072642506647734861
0.072635346540364798
0.072632311053368676
0.072629084410686037
0.072625346064668056
0.072621102387213962
0.072618423040364477
0.072615369592779769
0.072605081291318291
0.072603695433741469
0.072596127380106443
0.072590029174378762
0.072582010988786166
0.072578035049424339
0.072576668511238451
0.072573025437392136
0.072571257964940211
0.072563090789333179
0.072556656499363131
0.07255002596948501
0.072537677733902309
0.07253275443648137
0.072532393006053617
0.0725078762091457
0.072505141921339375
0.072470940007500442
0.072469684986128116
0.072466040828799497
0.072458690400165338
0.072455620976085322
0.072449590210212286
0.072447445913727496
0.072440526569004529
0.07243379712567663
0.072406619763418667
0.072403667366379237
0.072402593419924416
0.072388359532757476
0.072384377240172049
0.072384327266714898
0.072364166594008045
0.072356469007273258
0.072351806863153803
0.072338196332365226
0.072324021865251276
0.072312892678642243
0.072299456989457236
0.072287504354440521
0.072264120026322543
0.07225903102583929
0.072254286349876948
0.072233135272872756
0.072230652911542167
0.072223873507259312
0.072208792873071512
0.072200129645962299
0.072197166205484734
0.072191962854980807
0.072181648777730978
0.072177787557701614
0.072173113264310487
0.072171660481736552
0.072152337566057809
0.072141953806349593
0.072122635933278723
0.072119576705079236
0.072113401747391115
0.07210527813331459
0.072105191865595109
0.072104478072870182
0.07209299643139698
0.072069617342936612
0.072045922164405043
0.072044259469934605
0.072043943621344475
0.072035921808114856
0.072025543494498703
0.072025432158859828
0.072018365116022207
0.072012584525530443
0.072000518528443691
0.071996053976663268
0.071995401822756072
0.071966640323522346
0.071964524138515812
0.071955658897116345
0.071949250937276887
0.071948568260169612
0.07193341028896566
0.07192826097783421
0.071922998766323257
0.071922196281992645
0.071887394113720471
0.071886518385460188
0.071875177281423341
0.07185132287667241
0.071849986961184914
0.071845500501129603
0.071834632107087931
0.071827692807598889
0.071823942104025262
0.071821013512122944
0.071815993406765311
0.071806117479449552
0.071805325549673088
0.071801634727615332
0.071764979383416236
0.071760599594125909
0.071754562017448856
0.071742975735815506
0.071737941578447886
0.07173420461864688
0.071731078695038572
0.071721072534266878
0.071719014976656822
0.07171545981391915
0.071702114832558034
0.071685299378295472
0.071682303860019919
0.07166898155718078
0.07166611314141591
0.071665711279942451
0.071658046197080535
0.071655798064990575
0.071655020670207153
0.071622353498451141
0.071621306565404969
0.071616172947908188
0.071562784536703353
0.071549178516023909
0.071535441986837658
0.071533304711693779
0.07152788164034779
0.071516615608356315
0.071515422819481977
0.071511307091980614
0.071504590508957508
0.071469751538613749
0.071446380172015406
0.071437062610247917
0.071433583696966479
0.071428337438876541
0.071409966263738189
0.07140583312113781
0.071396961999195777
0.071373014150649602
0.071347794619921953
0.071342477316278727
0.07133890802371104
0.071312759415789018
0.071284898590811149
0.071278791146217019
0.071272941125744324
0.071241120745429029
0.071237589668885853
0.071220792602442184
0.071204959134229251
0.071203474026910463
0.071183774458356025
0.071181958409792107
0.071166188980206921
0.071162311613825024
0.071158947601776434
0.07113571829669274
0.071123342096307551
0.071113322725756892
0.071103040092824754
0.071083138102573606
0.071050425200336678
0.071042880897133107
0.071039867061719858
0.071039636383500512
0.071017541847029242
0.071005012617948476
0.071000239610430671
0.070998926303938267
0.070991033367262035
0.070980222328976009
0.070968008827020562
0.070954797989729007
0.07091913105655602
0.070917232475267392
0.070908894130816427
0.070908274891166564
0.070902777496443081
0.070854953348193542
0.070852130909428615
0.070847972589411112
0.070839697651808226
0.070832976832786609
0.070828000309150291
0.070823443121644375
0.070822728456746795
0.070814941839616924
0.070802740573604708
0.070802142712892133
0.070797131438756739
0.070794422410496702
0.070786889360864552
0.070785671693964589
0.070781279344009879
0.070780461518716059
0.070774632411600938
0.070768197832918808
0.070762570509831785
0.07076102822915542
0.070738384462900525
0.070735471863110203
0.070717733314265799
0.07071272965453633
0.070694694800167379
0.070693929467300326
0.070692147090413229
0.070687249363176191
0.070675562518224599
0.07065954831685213
0.070650519048027979
0.070642767568610793
0.070626765922788867
0.070607386084224996
0.070598950025701768
0.070592565103032662
0.070566899727308341
0.070565718368862079
0.070551968192307954
0.07054599174109269
0.070544266007611281
0.070539971459189624
0.070521711549555707
0.070516367734123203
0.070514113914961485
0.070513796448732846
0.070506281551684286
0.070476048581015763
0.070461752331664754
0.070459754118218143
0.070457531222701236
0.070453524881068791
0.070420017959800796
0.070414880557180259
0.070407255290578216
0.070382316764902877
0.070367935787774005
0.070365518916089984
0.070343544648360387
0.070339423062977538
0.070339004519164278
0.070335514755579948
0.070334667470123471
0.070312806174167852
0.070299788305210914
0.07029418217073316
0.070293371641026489
0.070259822067075872
0.070256944090788476
0.070254813051099887
0.070250167252464066
0.070247067357625148
0.070233998298063385
0.070231962155934191
0.070227939827380723
0.070227569895684155
0.070227427621225219
0.070216470355052185
0.070207347242089491
0.070201874614156334
0.070190660430709234
0.070185299168549889
0.070184801932638999
0.070183428690964944
0.070150901833559889
0.070147618801050374
0.070137563657347676
0.070136623243536228
0.070134020020550109
0.07013059274792928
0.070116475108313162
0.07011591290354674
0.070108920184180037
0.07006563416042158
0.070056574335017344
0.070028395023870038
0.070027559094325342
0.070023089211461054
0.070015413177029223
0.0699838859421478
0.069982346956889485
0.069975129426452745
0.069971631023633254
0.069968054824982209
0.069961935591157778
0.069921822907668463
0.069909955058880993
0.069904979685233085
0.069883889833799992
0.069878256810933917
0.069872238472816706
0.069870112514886354
0.069867284201909421
0.069863632853613897
0.069863041381130087
0.069862212384656938
0.069858570543576914
0.069856844868653026
0.06984262086994851
0.069832798232596804
0.069827807189461424
0.069816916691244804
0.069810664581089241
0.069808905205845706
0.069806790779068248
0.069804538751151321
0.06978736208685242
0.069785233138948827
0.069753537990406858
0.069733018767382346
0.06973250640356142
0.069726253133643362
0.069710488824828359
0.069710318119220155
0.06970865962762253
0.069707461328905998
0.069706913298950915
0.069651950742386462
0.069638898824830472
0.069638017908614139
0.069637962795091712
0.069636944258121336
0.06963560171990188
0.069621781148383424
0.06961282026087473
0.06959816770772273
0.069579142808147046
0.069571269455384152
0.069565570571144666
0.069561219068680583
0.069560547374286644
0.069548196512431867
0.069538240110769783
0.069531481701525052
0.069516705365929257
0.069509585849545127
0.069500210608117313
0.069489258009244687
0.069487913222880573
0.06948322559308355
0.069482608345946828
0.069465433427987305
0.069452399883853211
0.069447346149558206
0.069444124273058239
0.069443149418517439
0.069436046763045142
0.069412685093516224
0.069408419294969603
0.0693950067000908
0.069379791790177101
0.069377094058177505
0.069364076507210826
0.069345740526675553
0.069337043842801607
0.069314194028671533
0.069298422533502463
0.069292006458906708
0.069285837870148248
0.069278039512620987
0.069277443047603984
0.069275894662253312
0.069268774335480343
0.069266289653107244
0.069261070496732899
0.069233832302304857
0.069222259356362933
0.069220734401246889
0.069217372498502974
0.069204597570633852
0.069195429660248095
0.069184916760038906
0.069179417423523931
0.069178106949066925
0.069144839976557043
0.069144059598128041
0.069137792272044252
0.069136134553875461
0.06911878283220188
0.069115854228921497
0.069106140215116407
0.069105938107825823
0.069103782603647718
0.069101363851458542
0.069089753074824151
0.069060346642141862
0.069031700022939652
0.069021097525773942
0.06900345511404718
0.069002787864226339
0.069002759176044676
0.068983431916043281
0.068968352154708479
0.068943896990925319
0.068943820332501585
0.06889588399236575
0.068883434876148425
0.06886999068883988
0.068869287651022223
0.068868558217524786
0.068845832037068233
0.068843325776860892
0.068827834605278221
0.068824595127357696
0.068823188388930104
0.068820701318186572
0.068820531089174325
0.068802219204028417
0.068786512494042704
0.068771823313072064
0.068771338723498401
0.068765216220587677
0.068764405381277427
0.06876151508314618
0.068758077594508527
0.068734399678924377
0.068729350698019095
0.068710575162790236
0.068703316339290763
0.068700209734421203
0.068697619636874541
0.068679657276758468
0.068675942520965733
0.068664994061188811
0.068654263875016427
0.068647639337014454
0.068634441705804641
0.068615601998876799
0.068576747456950318
0.068563487470135062
0.068560311221519843
0.068550976007940981
0.068541348854805076
0.068534264317504145
0.06853323590032645
0.068526346903091798
0.068519994012041605
0.068515393488085219
0.068512732367227699
0.068501245045868811
0.068500717642277748
0.068475723156154356
0.068473343628344063
0.068469983403268347
0.068468536098471089
0.068458098314597232
0.068437260642392139
0.068428168409947671
0.068401997030893988
0.068399282466885036
0.068396533621299896
0.068377448560011295
0.068377031633693741
0.068373365483805709
0.068373260328646782
0.068359509706674385
0.068344648748184161
0.068327578958705143
0.068313796064546614
0.068282539600341502
0.068282100633793752
0.068269499124036501
0.068230586226764894
0.068217924487543033
0.068205700478935219
0.068205278714951981
0.068187397936546185
0.068182184407120011
0.068170500917738602
0.068155009423791171
0.068152198697141564
0.068146894756005189
0.068139844962012086
0.068118839045537963
0.068100030567861014
0.068099308422994706
0.068093395908308166
0.068092706168517592
0.068085424444234752
0.068083232512816227
0.068081936967579387
0.068079852509963915
0.068068991004300375
0.068041602551935032
0.068029248674302711
0.068018078766374043
0.068012315491750533
0.068007128091253088
0.068004150554101084
0.068000377132683393
0.067991937579305523
0.067984572135025997
0.067978353358384591
0.067975023968295245
0.067972937151424301
0.067963468226797025
0.067962317302696279
0.067961167110684367
0.067953050247915828
0.067948900956423669
0.067943030263656334
0.067932463609626223
0.067929009753319822
0.067928069783323733
0.067924749878753243
0.067920381229610027
0.067916348686103328
0.067901864125688965
0.067894270388904401
0.067886498214596233
0.067865341300400284
0.067862705502346632
0.067857105834023851
0.067855353247389019
0.067853275314824948
0.067817413322505141
0.067776709441955962
0.067757979036834948
0.067751780302433562
0.067750798686706457
0.067740290235261708
0.067729573311047994
0.067725700874655043
0.06770703575794898
0.067705781150713851
0.067702256224029103
0.067694934707514032
0.067687063241739731
0.067665447273901003
0.067633587137591225
0.067628109031929715
0.067608906649250997
0.067607103591019943
0.067599543399990858
0.067597306254511158
0.067587213694654022
0.067584144973361571
0.067560464729056982
0.067560036400669113
0.067559250692004955
0.067559077462436515
0.067556893005320556
0.06754675491375299
0.067544142333631943
0.067542617438992342
0.067529176397370105
0.067517637147158291
0.067515622076867537
0.067511564713414324
0.067510304084046568
0.067507520622173342
0.067501593266461823
0.067498235225768338
0.067489058977886249
0.067473856786952474
0.067471980758955261
0.067451626263184072
0.067440542016675098
0.067440063233081091
0.067401501625511256
0.067395609569108228
0.067377460407531356
0.067372809583282803
0.067365340792800668
0.067356166640514414
0.067353237825711107
0.067353091378910171
0.067336152549045597
0.067299921676220661
0.0672804181121473
0.067276447315239574
0.067260151240116736
0.067259950372221489
0.067259825608518911
0.067258178469903201
0.067253568879586834
0.067249105221917641
0.067236101936553425
0.067222481461593389
0.067217931153084873
0.067214153128613174
0.067206472794366034
0.067201517331218041
0.067198607462663124
0.067190334167243779
0.067189083877972539
0.06718171072404179
0.06716473483849858
0.067158629358558208
0.067140328258608897
0.067131582609462573
0.067122012431555939
0.067120283193552496
0.067112786781924033
0.067108196752745708
0.067091126152364358
0.067082306551603715
0.067081620109245052
0.067073106863539622
0.06705413475408839
0.067040646453897138
0.067032530040186972
0.06702734013768373
0.067015141547408369
0.067013959062710488
0.066995771334612556
0.066991704219447348
0.066987717171882497
0.066982151916212443
0.066972927344631714
0.066970498071848211
0.066965784676151649
0.066952014588883946
0.066950640974946463
0.066944270905111528
0.066921278270195603
0.066905411491593514
0.066903530309463902
0.066898154098487081
0.066895431099291705
0.066884183175235007
0.066878419901049216
0.066875488599907149
0.06687527139298749
0.066857254674996355
0.066843335236237672
0.066828766840114046
0.066801549096685175
0.066798329651512112
0.066791472351901054
0.066787940628496051
0.066767147874594673
0.066761434312578166
0.066752326387737551
0.066750990586233946
0.066730443280210328
0.066723761152442954
0.066718203716827462
0.066704921910920381
0.066691233689143301
0.06668929106255006
0.066689170113967328
0.0666828991128076
0.066676240977978876
0.066653873130231509
0.066640179883717343
0.066626231902075908
0.066621912258509178
0.066619765100604217
0.066618878985600524
0.066614304540082908
0.066600643425785963
0.066596786646440961
0.066595938608380312
0.066576939547311989
0.066576889745007306
0.066568566859172326
0.066568107285424213
0.066566057984517438
0.066560278300843115
0.066558823200396328
0.06655354278917211
0.066540563472626948
0.066537493324825822
0.066521060918907068
0.066513392958625503
0.0665110107657301
0.066506167497262597
0.066497740573156272
0.066497129261389093
0.066494972137321751
0.066494107852835133
0.066491736392209816
0.066481393799511693
0.066477284371349019
0.06647573887472312
0.066472263232468923
0.066468608171236884
0.066466021409243722
0.066449790031778158
0.066442626545789391
0.066437663561150301
0.066435249254400974
0.066428268169928556
0.066427364176921966
0.066420225223471269
0.066409096048147737
0.066408302639743746
0.06637791459170421
0.06636991307540803
0.06636705399151116
0.066364554038287657
0.066344074551776808
0.066343220648281048
0.066338453584659993
0.06633244923379851
0.066324893451442754
0.066297461397609711
0.066294947181654823
0.066261245903936727
0.066254523404743818
0.066251856262481312
0.066247834001309763
0.066246423987230851
0.066234081315592011
0.066208688600034371
0.066174394131517683
0.066173161753047161
0.066167072358158996
0.066139714410689485
0.066138264377135048
0.066134497290026864
0.066123200703856647
0.066114828806787734
0.066112486213515301
0.066112351236954317
0.066107990232017341
0.066103755506626533
0.066099718213788683
0.066097271201966609
0.066096808767435317
0.066091524788498821
0.066082978695021513
0.066075838314501797
0.066075660178382775
0.066073018810125894
0.066064815551222053
0.066060268709963857
0.066056601630795353
0.066035549387406328
0.066012764122404866
0.065976549861018419
0.065975945092848806
0.065973188986337472
0.065956085278330356
0.065933985066085748
0.06593391278878484
0.065919180058798973
0.065903944198963227
0.065891016490662618
0.065890216097612642
0.06588165630321613
0.065875869195719985
0.065843369017878073
0.065832198635650957
0.065831110388896469
0.065828272382666184
0.065826851915908202
0.065820006672689876
0.065799463433713096
0.065790819840733844
0.065790603497270297
0.065779735608736747
0.065774335320107347
0.065765705047511461
0.065753206097025507
0.06575191721475282
0.065751047540471938
0.065743716898818902
0.065728032228068042
0.065720344615263368
0.065717023424671214
0.065706186470343639
0.065704875732642026
0.065703186765645682
0.065700296777582864
0.065692415593289907
0.065680474532659461
0.065674880312024522
0.065662085133238637
0.065640890357679824
0.065635121790908718
0.065623077064034571
0.06562171383329278
0.065597366860402823
0.065586671031546612
0.065569367857362171
0.065556143993033167
0.065553698858028198
0.065552854058761795
0.065547259301991789
0.065521436246076675
0.065515674959603892
0.065512105381677094
0.065501720486662723
0.065497348917886389
0.065484035316887068
0.065478862206408667
0.065477287940931245
0.065474067778243716
0.065468782073744056
0.065467630115653527
0.065456284618486904
0.06543227362428676
0.065425436621413785
0.06542388098618758
0.065421628484351124
0.065418700760604506
0.065408528427679288
0.065399651224961469
0.065399589833488286
0.065386075480075675
0.065385541090115296
0.065382042813626889
0.065376490045694652
0.065375510873853404
0.06536076641616316
0.065352158020225953
0.065339428143067979
0.065320403272263475
0.065311757247216329
0.06531123669407872
0.065309753132568871
0.065304071398792643
0.065276624003345649
0.065252164696139758
0.065241407134837573
0.065231922024550068
0.06521977705279193
0.065206309776376786
0.065198763191258391
0.065135239673820927
0.065134391015031864
0.065128273227540126
0.065099988827343788
0.065099784180298284
0.065088980575832178
0.065071102704191128
0.065060457746541969
0.065033569407499103
0.065026638916232671
0.065026447522458258
0.065017761696089804
0.065009604625381828
0.065008893232549533
0.065002008034071176
0.064992633967582841
0.064974045727746843
0.064973748193099395
0.064973741089193321
0.064972838858089119
0.064962568714227509
0.064944008855338839
0.064940824080884946
0.064939376479549157
0.064937168929475125
0.064922145615935095
0.064909760455125698
0.064903361386609251
0.064893746907078553
0.064886877255971101
0.064867668659991079
0.064867396535150737
0.064849551304608941
0.064834698144570158
0.064814987163684043
0.064805776867998682
0.064800034335488324
0.064791051738836009
0.064784384295422173
0.064772819937352066
0.064771325769575519
0.064751256040778291
0.064747324434024048
0.06473731644840533
0.064730838004958602
0.06473014066387342
0.06472898943567626
0.064728857371781912
0.064724033138864545
0.064717643376142442
0.064706321631578884
0.064701444340937234
0.064680910198739727
0.064672160024258032
0.064670810716668997
0.064670780033685371
0.064668635970990929
0.064657356015219769
0.064652782072695911
0.064647119058238917
0.064639875913247533
0.064631432830308838
0.06462603720009362
0.064623972870676616
0.06460939731812626
0.064608760915316588
0.064603197360636036
0.06460295690901148
0.064599922100056273
0.064599032010772481
0.064596987381702095
0.064594788187624694
0.064594142728078729
0.064587583918941552
0.06455990609815479
0.064558177564841321
0.064542588160185516
0.064542312325328727
0.064541519462381056
0.064541229229998845
0.064523536807525178
0.064515920142885264
0.064513525547082201
0.064511558741530681
0.064499728285259267
0.064485734569721009
0.064482974745607116
0.0644374922348145
0.064435933921190042
0.064414413324005798
0.064411363468239113
0.064409808360841092
0.064408446864826538
0.064405869782253489
0.064392619848273602
0.064392154088294212
0.064376424149706402
0.064373769472624534
0.064370979509712795
0.064369152074971986
0.064362499427048914
0.064356532064866204
0.064339509101346129
0.064325425824969251
0.064323113456990488
0.064302831075414055
0.064286514386845184
0.064280979403472743
0.064277359467124914
0.064275503553407207
0.064267601854331072
0.064266142369054743
0.064263853978182836
0.06426066002736705
0.064259456164491496
0.064255741621636442
0.064254375614377995
0.064252678362820767
0.064249312328336902
0.064189868631529992
0.064189012965383499
0.064186340456531252
0.064180868550844622
0.064171851631385696
0.064166049974677467
0.064151732227231251
0.064150591708850041
0.064146845458066676
0.064144631629478116
0.064142160175739329
0.064118899187654288
0.064100961817815438
0.064079950713926692
0.06407896343315482
0.064067397119066533
0.064059567123023575
0.064056387658717739
0.064023743804267494
0.064020817363995106
0.064018044158035595
0.064014912919036673
0.063996231577246973
0.0639843857527614
0.063982112891854362
0.063978889144677697
0.063975086579926427
0.063965597710379657
0.063958615505461697
0.0639387374255274
0.063931592184035255
0.063907057711886872
0.06390246840959049
0.063893709107229926
0.063893408188027939
0.063877239154494975
0.063865216714830059
0.063864132155806358
0.063860618698448765
0.063850741447957826
0.063846785768792491
0.063826439593847109
0.063817641792779489
0.063815356832202769
0.063810168016056434
0.063796407804914024
0.063780191287266974
0.063778036960536841
0.063764001651705496
0.063763457746712521
0.063758499520949724
0.063742023176395962
0.063733687639257228
0.063731298205854006
0.063720755674012614
0.063719602520214233
0.063707113858889858
0.06370135025375058
0.063689179382016195
0.063688480495190422
0.063677186401205149
0.063676424227364525
0.063671121948172843
0.063643031451752166
0.063632790073674492
0.06360850860388062
0.063607841275597224
0.063606502982880425
0.06359916153178273
0.063577231433133222
0.063575854610795735
0.063575485998988449
0.063572399935169263
0.063561361235110664
0.063548534561060785
0.063547511892627181
0.063529196315146974
0.063525670945517768
0.063521353254227877
0.063519084318223701
0.063516547678638707
0.063502871436066546
0.0635007935926718
0.063497953982300626
0.063463011492694107
0.063461619417196857
0.063454593176898597
0.063450965599567422
0.06344865047020018
0.06344426054146593
0.063438416561978531
0.063433504205333127
0.063424022829327992
0.063416872572335262
0.063389245806056829
0.063367828174406282
0.063361009856369041
0.063357079290804821
0.06335218463410662
0.06334038160703219
0.063338471452646025
0.063327620198492307
0.063322841711457023
0.063320880453125089
0.063304242710337258
0.063303615725559925
0.063281758885082598
0.063261853105458468
0.063259338922587879
0.063248044726929395
0.063232219539667789
0.063228594186778883
0.063207715076989385
0.063183945883178064
0.063177746843566945
0.06316998328782801
0.063161243059397701
0.063155338730471119
0.063140327926807155
0.063138775445334042
0.063137290062577886
0.06313195156907847
0.063125442453386291
0.06312543492791782
0.063112698974254158
0.063099599826706057
0.063088753880267828
0.063086266331354252
0.063082421315645565
0.063069101192499311
0.063054593814613091
0.063052551727014516
0.063049286959394241
0.063020174411595284
0.063012032421238803
0.062989138502106606
0.062987808094668363
0.062982836016579863
0.062978329961713111
0.062959319220165538
0.062959001257929206
0.062957406609540745
0.062944373369547418
0.062940380527782808
0.062928104290232795
0.062917355159808924
0.062905131203093267
0.06289853023665859
0.06286807234100264
0.06285866940025972
0.062856171611939307
0.062841536858781091
0.062841512964554952
0.062839272519979894
0.062804721584759596
0.062798800848030648
0.062793699328539135
0.062793587412501517
0.062777507362231755
0.062766249560001069
0.06276457243033233
0.062735197779577853
0.062727660518856018
0.062717068824647684
0.062697605475022858
0.062696865236264568
0.062680315004085579
0.062679686107660462
0.062674331611656628
0.062663587796761747
0.062662254951235424
0.062658268250604138
0.062656644153623278
0.062647986768326586
0.062642911769032986
0.062642354614330736
0.062637927419828765
0.06263581726915507
0.062626743698766238
0.06261295031327091
0.062599059269674337
0.062586722578965956
0.0625776714165589
0.062560484489497539
0.062547335609641042
0.062544039397831874
0.062539393056329745
0.062536579133074116
0.062522462312112753
0.062517455326784058
0.062514200739026651
0.06250530005832218
0.062504796020518047
0.062496745536854061
0.062493048273780806
0.062490713091030561
0.062477545489175598
0.062471004742818553
0.062457744078802974
0.062457587870699195
0.062452433466897918
0.062452172883538673
0.062445919838026276
0.062442030451891388
0.062435042765639479
0.06243453122771795
0.062425647405162224
0.062412121903014428
0.062411260907424791
0.062410437718984808
0.062400113202668979
0.062399600552492843
0.062398315826603462
0.06239405128261713
0.062364326437826433
0.062355590853850382
0.062355288998544749
0.06235129951775454
0.06234706247168164
0.062343445305983305
0.062339820621938755
0.062335511613997509
0.062321696098284099
0.062311279157936425
0.062309436224671895
0.062292609519594859
0.062280671996258481
0.062278214295116714
0.062272699008576245
0.062269631536382791
0.062255728022600633
0.062255162038507714
0.06224618175031385
0.06223527123150753
0.062227835994858649
0.062223789989650932
0.062213333098409471
0.062194310164580359
0.062190072101806375
0.062178879379150724
0.062174321722227505
0.06213560884149761
0.062133366258332108
0.06213237914287071
0.062128837238778101
0.062127753451466386
0.06211015690630857
0.062110105348319816
0.062106731456660319
0.062100692541962654
0.062096493311289441
0.062077611201769273
0.06207591475367976
0.062067113420343788
0.062058266361040934
0.062051618172085626
0.06204627558103358
0.062046150348298683
0.062044599130546399
0.062028056628418531
0.06202372657740475
0.062013267515457014
0.062012889501242625
0.062007495812063489
0.062001779147174349
0.061991814705227459
0.061990961787755761
0.061990346997009373
0.061989896856768936
0.061986262545410994
0.061976352737447261
0.06197006188946079
0.061958126994679459
0.061924331816604131
0.061918114778164127
0.061918001779856964
0.061914621708376978
0.061913135238764003
0.061900264791832506
0.061890781156225844
0.06188891924611422
0.061887588927501735
0.061861162347036647
0.061860631403253062
0.061859066885536426
0.061841776436204754
0.061840301785277128
0.061836038494327755
0.06182835348601818
0.061811346906070645
0.061793394835195407
0.061773250583367002
0.06176934258054903
0.061741773561596068
0.061739053315909447
0.061730161857266888
0.06172862464754212
0.06172481897615379
0.06171601270778751
0.061709161729398131
0.061706278592560872
0.061700026233562438
0.061671393359474615
0.061671234750021758
0.061668252814034423
0.061645121043331842
0.061634614811117011
0.061634473019701978
0.061629621809510135
0.061621561404405618
0.061616528579279073
0.06161186606457441
0.061605319589523193
0.06160191524188486
0.061592089906864697
0.061581758937760328
0.061580200081899628
0.061576659706713228
0.061566980605705451
0.061566533114785292
0.061564744352827883
0.061537355893098625
0.061530632759890812
0.061529430402249959
0.06151645599707143
0.06149609967694146
0.061492187680512345
0.061485415026372309
0.06148339718882722
0.061482832320217042
0.061472925903503929
0.061471541055630081
0.061470344706064078
0.061461832183321116
0.061455911148149758
0.061451648823667382
0.061451621703309443
0.061434280679268538
0.061415446104504286
0.061408272645893248
0.061405199175548673
0.061386760380574966
0.061378348079800228
0.061376528300833504
0.061375815604645056
0.06136965154199215
0.061368235530695731
0.061367852681077896
0.061352163893123035
0.061348062992700576
0.061344414118700404
0.061340249770985192
0.061334155542949714
0.061324354018291928
0.061316406164454398
0.061311611256525754
0.061307401836683741
0.061307367216082695
0.06130095013485138
0.061294493491561831
0.061291143288579403
0.061276840729871704
0.061270927197444085
0.061266646155288589
0.061229228730342554
0.061223866269948211
0.061207997373822667
0.061207476272398115
0.061204184457631428
0.061197531909492953
0.061183510946242053
0.061177397517692966
0.061172980834590683
0.061170046947327729
0.061169941586753263
0.061144155781955728
0.061141929656943345
0.061140679232807305
0.061136381005510505
0.061124116032552238
0.061110473660183913
0.061102826303942037
0.061089273096820829
0.061081149780363005
0.061074785358225754
0.061071099128340404
0.061060968763314398
0.061053499115157034
0.061045312251940174
0.06103794570138206
0.061037875166341099
0.061037408766908399
0.06103686261768658
0.061029732252135108
0.061026270396438237
0.061013870194781154
0.061005975235715063
0.060986851475984843
0.060983750236736592
0.060973057012165183
0.06097050328346159
0.060968264071097462
0.060966516970406483
0.060958477063794259
0.060935686419099869
0.060926885222927343
0.060924210119917929
0.060922722978936444
0.060914813870994636
0.060897177944267328
0.060896076610473311
0.060891978256927798
0.060889521012269784
0.060884283158309051
0.060866321821811488
0.060862698590130555
0.060854004275529783
0.060850429118798226
0.060849233180078274
0.060839623037542333
0.060839508760897019
0.060830203316006665
0.060829470538748681
0.060823042488546246
0.060817760803579583
0.060816082571912441
0.060811284037391555
0.0608046114292152
0.06079389782972195
0.060789382200473294
0.060787702812516352
0.060781637239446677
0.060780787388714987
0.060780514174581607
0.060779064028729311
0.060777835671366798
0.060773675983877853
0.060763918223364223
0.060762391363293193
0.060742808985893945
0.060735175215817887
0.060734849347234346
0.060730739772704927
0.060712374031598987
0.060685552674922393
0.060682589316606458
0.060662310046505942
0.060652261469006333
0.060640560417800034
0.060629764597307276
0.060615518188661871
0.060608968661801745
0.060607409255768019
0.060604080368977284
0.060603101847106662
0.060593674645641811
0.060588994996424742
0.060579073616666583
0.060578475266242209
0.060554619199332874
0.06055177487758337
0.060546978200690521
0.06054410127744974
0.060543755684088457
0.060542801486151321
0.060541435832466788
0.060540351152429152
0.060503951482024913
0.060488231312856092
0.060484885758074772
0.060481955717097247
0.060477212474434751
0.060475211618074579
0.060471667015752746
0.060456822770490498
0.06044819417251536
0.060436630412645326
0.060423597782227868
0.060422762983549795
0.060409070913836314
0.060382048023568557
0.060368894143678978
0.060360492484067399
0.060353715429106003
0.060351704186389105
0.060340614842420592
0.06034044395613259
0.060339109643490652
0.060335245884857912
0.060332380501476747
0.060330595900947075
0.06032238994514804
0.06031108920652984
0.060309040375957579
0.060305476636900279
0.060304912565644422
0.06030020067028944
0.060296117613575749
0.060295469266694046
0.060292134792514517
0.060280106166596417
0.06027180919282716
0.060257021774546456
0.060251073142165483
0.060248191396063973
0.060246870551071363
0.060243137917629502
0.060231710546660107
0.060225785639608773
0.06021027846710824
0.060202207066523142
0.060201132789856414
0.060197326502925259
0.06019251095126639
0.060184607126320976
0.06018268288612659
0.060179312189638998
0.060171102725912931
0.060164090369124866
0.060152835782155634
0.060143599163485224
0.060133544455113146
0.060120047538592812
0.060116962025012516
0.060116562476714146
0.060102535040768172
0.060094782763857081
0.060094147430242571
0.060093891635223814
0.060084013111388286
0.060077665024267431
0.060075935953363697
0.060065825234515917
0.060060832249360652
0.060051401076397289
0.060046994958425921
0.060042049321548836
0.06003198888000754
0.06003150933406478
0.060028639846803962
0.060023657378706088
0.060012624892919066
0.060010590085382176
0.059999048055080363
0.059997117782397434
0.059989831764871146
0.059987617711143443
0.059965757304435811
0.059952735957448107
0.059940255407085828
0.059937227213409917
0.059936854630295258
0.059934247563269233
0.05991024362895904
0.059905552169542423
0.059901499711729804
0.059901455507693269
0.059895228099189131
0.059871310524908218
0.059863325051325342
0.059848517306421142
0.059847747662263688
0.059830717630903557
0.059817981022284999
0.059813017760951555
0.059789210761805524
0.05978266890288926
0.059763791953055825
0.059762281549968592
0.059749415353979991
0.059748863135210141
0.059738423552291364
0.059737884648706122
0.059733629348334691
0.059701108518977662
0.059696773785089745
0.059658998107920663
0.059631635448067329
0.059613689309232394
0.059606233532757673
0.059603741798281651
0.059592692871246168
0.059592421540607753
0.05959120371729458
0.059578882675709759
0.059578084817728062
0.059554027158332974
0.059553102233768217
0.059538721431414622
0.059513091972405258
0.05949255108120028
0.059492220166616087
0.059482192366952097
0.05948152293085706
0.059474459727349507
0.059473679365726076
0.059471426303608084
0.059443397716755858
0.059440866166149596
0.059404639172575303
0.059397690050230802
0.059397068102225677
0.059389038282682466
0.059388417493006412
0.059386892038932611
0.059382771427566185
0.059373486082778773
0.059367923263687138
0.05936447048749656
0.059363896882117781
0.059351603544378267
0.059345591348680539
0.059330534104206904
0.059328952307337389
0.059325921872546247
0.059319969388319314
0.059306800143243722
0.059294889980148618
0.059289312064615948
0.059263402033545853
0.059255172024538352
0.059254741489694653
0.059253016747157182
0.059241813113053168
0.059236329570106779
0.059223165799162279
0.059214405571810243
0.059211836540426326
0.059210834881444893
0.059200961170216192
0.059198715893871469
0.059197442279813842
0.05919513221237864
0.059191047964203061
0.059186447954974915
0.059186123200391148
0.059168775806998142
0.05916781287455268
0.059162800591659008
0.059160565173874954
0.059157766980551751
0.05914722620458232
0.05913257215101584
0.059112527754841541
0.059096175365132501
0.059093902834212945
0.059089489275209399
0.05907830508367596
0.059075730650004141
0.059075557375881077
0.059073131225212287
0.059068888018991454
0.059056575953544389
0.059053983308936041
0.059052469528546217
0.059047590675305919
0.059045018741415892
0.0590411599227426
0.059028811342439091
0.059019635542005414
0.059018012393824912
0.059015922713905905
0.058985264359076868
0.058974508522506026
0.058970454380071778
0.058958239819348703
0.058947542420125724
0.058945787159658522
0.058933557936213327
0.058913469632338365
0.058911445883514338
0.058911284185453335
0.058907214398378809
0.058904914617659829
0.0588971246705184
0.05888790026108183
0.05888776605573557
0.058878564173804902
0.058872714517115808
0.05886214231097097
0.058849917552119532
0.058848794431518123
0.058846184763016743
0.058838212241396043
0.058829066589657607
0.058802095588924498
0.058795545661051926
0.058786210866896768
0.058779741618857684
0.058770252927624
0.058758132072140389
0.058745014248609256
0.058736955286326137
0.058716913603477451
0.058674069476419961
0.058671474500324554
0.058662794196328201
0.058644689877072019
0.058640116705626633
0.058634465919566441
0.058633921509066642
0.058629665327458308
0.058629395379497448
0.058627647627757906
0.058624970077992229
0.058621536033018472
0.058616070630509581
0.058614337154649185
0.058604878918700427
0.058599259664496646
0.058594375841576576
0.058591081176986338
0.058584153175078334
0.058568133896133849
0.058554048262553685
0.058541175741134086
0.05852735732490888
0.058520144777405608
0.05851011490165671
0.058506445618180865
0.058506066533148736
0.058505291241308939
0.058497644104999511
0.058494268253873369
0.05848761990455343
0.058473957533277984
0.058465846249656069
0.058451295244742699
0.058447196339632281
0.058440025764126803
0.058437911787671097
0.058437718400700042
0.058427118575396078
0.058403428382447255
0.058394959911332332
0.058391386698008273
0.058387698611313099
0.058382317745252009
0.058362141294866179
0.05835875173877466
0.058351868949662621
0.058350695263474354
0.058347630049796449
0.058345240667732022
0.058324381992756594
0.058319113194785832
0.058314373844500562
0.058313020282512271
0.058311220918814639
0.058303841153297342
0.058302902029392749
0.058278151152686149
0.058273671053854177
0.05827177117251172
0.058269965879618663
0.05824947189974751
0.05822591915301701
0.058218795141436429
0.058208807164178575
0.058206826474084594
0.058200998825984021
0.058198807559146824
0.058190469138302031
0.058177488286344559
0.058171940428770288
0.058167436403676866
0.058161196391132666
0.058159175630484679
0.058157728912512537
0.05815525449124842
0.058152081499334499
0.058148270216288142
0.058141292085392808
0.058138281590332588
0.058133400203145592
0.058129314138549916
0.058116951998885683
0.05811421936326891
0.058092838613091571
0.058089028351210069
0.058087962612410178
0.05808561356326758
0.058080507434301834
0.058078681869486483
0.058073937626331305
0.058061813868915874
0.058053528426629523
0.058053483317333995
0.058035893577419027
0.058032121101715906
0.058025273574771857
0.058020500486939325
0.058008455536848247
0.057991780879324897
0.057984509570282936
0.057964262709377441
0.057950241486949709
0.057948441429977071
0.05793292933856773
0.057930112943353318
0.057922635387518552
0.057922117587984434
0.057919247818618846
0.057919245717292955
0.057904560385718673
0.057902240464777953
0.057897026764368455
0.057893530007031603
0.057884845987211331
0.057870772208617055
0.057869370413993967
0.057862893986528122
0.057849025028205346
0.057848676197093642
0.057830507383682644
0.057826654571538849
0.057826527022580128
0.057825789445574968
0.057813287418986746
0.057810131003042622
0.057800609363413198
0.057791066792813234
0.057781618495294083
0.05777930147796214
0.057773889983794464
0.057767159068294022
0.057764728190912905
0.057753123256399141
0.057747362736386448
0.057744619753196842
0.057719801079858281
0.057708438319056879
0.057705234885708147
0.057680206123038057
0.057668550596077714
0.057664867812031055
0.057664079375427238
0.057648208825039092
0.057638482749778869
0.057636400220456574
0.057628700117938407
0.057622049925664914
0.057616329893024461
0.057612133306354771
0.057608852135955173
0.057593388008934362
0.05758989372975469
0.057589721321136003
0.05758857511715295
0.057586391608725966
0.057582330642875282
0.057579338344065673
0.057565956517338389
0.057556480792460896
0.057555131630110577
0.057553902361172297
0.057553768110402491
0.057552799076880712
0.057550216554087312
0.057542587814149518
0.057534323478322408
0.057532491762926394
0.05753200783298143
0.057531975514159367
0.057487771582584446
0.057477265046627049
0.057465401422911511
0.057463499341494237
0.057451728366271639
0.057446774953846855
0.05744172839796155
0.057438374783614743
0.057436750256538147
0.057433918368459215
0.057429010588994703
0.057423500279588535
0.057399027006651344
0.057387193764339928
0.057377804626661304
0.057376100350821399
0.057369524014271353
0.057369137742885573
0.057328863935434654
0.057314940834188005
0.057308455361101636
0.057291064265315057
0.057285073589923075
0.057274540907856102
0.057270100960056851
0.057262872915894554
0.057260037077058422
0.057254858109573752
0.057252827603205977
0.057252183797665078
0.057237050600754798
0.057230757879104706
0.057227217672132007
0.057222452406080725
0.057215505045854154
0.057210303436881764
0.057199778830502195
0.057188604593026389
0.057188072316075082
0.057185259845712128
0.057177225552413745
0.057167264607040781
0.057159206181222222
0.057158118305342363
0.05715483147544357
0.057152007028010703
0.057139553489291547
0.057134589980755005
0.057104143427805773
0.057101478545766998
0.057094699306967693
0.057087180254854028
0.057072362851442814
0.057067879119087325
0.057057558654319523
0.05704613653617456
0.057030391029811771
0.057027967540987927
0.057023567454809396
0.057017440881200497
0.057011921980004876
0.056994229270654742
0.056991526547025828
0.056984977478987515
0.05697998831194627
0.056973954906076894
0.056971947266602277
0.056970044600639834
0.0569635518243145
0.056954727208540563
0.056951648106464837
0.056949013634458659
0.05693132388394305
0.056912475847630165
0.056904580987613945
0.056902196116880861
0.056901320168037436
0.056899605126653346
0.056892157485149114
0.056891369099137661
0.056885206062513356
0.056879701565226412
0.056869525945017325
0.056857186434309287
0.056830385946218205
0.056827902082561561
0.056801778836488889
0.056796673297445234
0.056792858910628741
0.056788897455153621
0.056777152725163947
0.056769811812948087
0.05676428710199756
0.056754761314707393
0.05675467801821505
0.056742009452750243
0.056741938368879599
0.056739649820111072
0.056731768498531801
0.056729785082092185
0.056723490033706032
0.056722542820100461
0.056714832204148323
0.056691868622902757
0.056688196258568177
0.056687509468885275
0.056685541158166874
0.056676946640892081
0.05667510181249532
0.056668726897035553
0.056655924294293079
0.056650282580751971
0.056649717049930742
0.056642043774465155
0.056636333032366856
0.056634748367852546
0.056630083971349672
0.056606393927490201
0.056605857197196893
0.056603795525865093
0.056584982077472055
0.056580661939925572
0.056573393146489757
0.056571717175758901
0.056567590259442309
0.056557342893660198
0.056546098835651246
0.056545813702108698
0.056544495296727254
0.056542442972989174
0.056518632930053929
0.056511744373349056
0.056508181059823477
0.056508094591794969
0.0565019584348571
0.056500980178394833
0.05649293571286422
0.056486851924453137
0.056474090498938402
0.056473015533708731
0.056469526311443891
0.056461225865294937
0.056456486695808099
0.056450400107843808
0.056447408811495459
0.056440236499837676
0.056427387789577184
0.056416627474673298
0.05641274944061167
0.05641225324254602
0.056410081119080462
0.056402291324929854
0.056401449818770155
0.056396452879757336
0.056395136677617717
0.056389834501126668
0.056386099585866531
0.056382584219089371
0.056381346844993019
0.056379755620021656
0.056370205034058603
0.056365330371327856
0.056349343460202254
0.056348326054496294
0.056347482345770777
0.056337312590357173
0.05633522073341457
0.056329460801658099
0.056328344903342667
0.056325163174928292
0.056321707155387271
0.056305416811621906
0.056268617791846963
0.056264694974131155
0.056263051246543502
0.056259660774530269
0.056258480028615596
0.056254794541595265
0.056245765390739173
0.056243250077233277
0.056241041754640744
0.056219272336313984
0.056218610087998624
0.05621066400620222
0.056205179354154346
0.056200776608989561
0.056198365012040473
0.056195714525816898
0.056188409234239567
0.056187452720355781
0.056163811355162997
0.056163575353381678
0.056161440249761468
0.056156738291464302
0.056156530700715794
0.056153385087870641
0.056152579942865058
0.056141007964104518
0.056131349595440486
0.056131294075543632
0.056109727446181923
0.056103712367374894
0.056088842816486975
0.056086353995584315
0.056085088058979125
0.056081600378238824
0.056080083077409096
0.056079473297973789
0.056074636565323153
0.056074023092320298
0.056066828553688934
0.056061929105916487
0.056059262373624533
0.056057916324171869
0.056038629022336042
0.056035136807614051
0.056028172098451033
0.056024861547567979
0.056019863720075641
0.056014372817298
0.056010983191938632
0.056010787968600033
0.056007318591406195
0.055995590394152313
0.055979169396919971
0.055969860378237694
0.055964535286157593
0.055938117252276945
0.055926616948667573
0.055922801018051811
0.055920414409669161
0.055919308959281017
0.055917330904046589
0.055906596227452726
0.055897969117510944
0.055895367986844247
0.055887853844013465
0.055883960953802964
0.055871475400544136
0.055871426236212204
0.055860632153598856
0.055860398385555045
0.055859965847364683
0.05585955773815194
0.055855733361752785
0.05585176839649808
0.055843392165753514
0.055842917896816918
0.055833384562799716
0.055831387886924454
0.055822195737627839
0.055817451445532913
0.055812646192851985
0.055806101191294893
0.055792283058438759
0.055784857170263845
0.055783016765714996
0.055778505068434729
0.055778471633694919
0.05577766022794263
0.055768145160432207
0.055766314612680966
0.055749235091067433
0.05573412749167761
0.055732559595741769
0.055731251251441676
0.055729861262932667
0.055727725458692715
0.055726305146994656
0.055722455906624481
0.055718549160049091
0.055713271992153264
0.055709572771230058
0.05570617644391921
0.055704442019389969
0.055658709979094882
0.055658285448754119
0.055654160254381281
0.055653311716929797
0.055641451018569626
0.055636349046999649
0.055635493178724231
0.055634495863293706
0.055616933212243015
0.055612554366497778
0.055608806152187842
0.05560827755460989
0.055591116948450439
0.055585140401707478
0.05556969678793023
0.055567961518987172
0.055564551470525948
0.055564259174341699
0.055555730117658964
0.055553708647334228
0.055540518745330975
0.055538124668838812
0.055536205656592341
0.055529500569902822
0.055528441009053936
0.055524373848840444
0.055521305080148561
0.055518969798378559
0.05550894267908367
0.055506778045856082
0.055503645709383674
0.055500448424318234
0.05549672089658475
0.055491687727365679
0.055477682414001597
0.05547488434512881
0.055473411090653707
0.055473186633861929
0.05547166768819653
0.055465951273952638
0.055464991153579314
0.055464619433168529
0.055462405893871497
0.055459120858948024
0.05545888803910895
0.05544488867607264
0.055441146568355616
0.055429302814661428
0.055419826713274625
0.055404195818576731
0.055395332281065066
0.0553852339993232
0.055379154477798634
0.055362809458251151
0.055360731194964853
0.05535774166197948
0.055351778351568286
0.055344331315032406
0.055341267698183358
0.05533788125333837
0.055332284489691089
0.055324160509582374
0.055322192439835639
0.055320723179396653
0.055315337462517995
0.055313188394392303
0.055312250818475177
0.055307402041775387
0.055302497523574252
0.055286549127833588
0.055270929398890563
0.055266131251059378
0.05526483922166902
0.055257319997437271
0.055257076898272008
0.055256542271949614
0.055249000699858199
0.05524531895778604
0.055244648028167045
0.05524436663538837
0.055239053710657071
0.055238445293773322
0.055238158551289794
0.05523555222002817
0.055214747302086191
0.055210588175102174
0.055207298556182831
0.055193598792259581
0.055180388348877618
0.055177204474849674
0.055170565341861981
0.05516084787100263
0.055160573230696022
0.055159235831516835
0.055158777598605421
0.055155861416922303
0.055155362089551185
0.055150387942033433
0.055142784219576892
0.055142424446846548
0.055138049240142338
0.055133588999312207
0.055129218579790119
0.055128079218242615
0.055128044513476249
0.055120770598641802
0.055119962664657171
0.05511026381153282
0.055100367788452599
0.055095189510640435
0.055089755050717608
0.055089629877336517
0.055089048041195035
0.055080293081294973
0.055077534596359272
0.05507701093699853
0.055073493264905821
0.055069514295583433
0.055057821053869214
0.05504424208801411
0.055036889210671208
0.055026287592740995
0.055010483887087291
0.055004529498434013
0.054999131685761517
0.054993999371233379
0.054986884057297486
0.054980235471476138
0.054979155757746333
0.054971296223878773
0.054968606006594596
0.054959276509408038
0.054952316195209516
0.054948818811940282
0.054947363175815847
0.054945785602650489
0.054944147398584539
0.054938828864363222
0.054931968834334516
0.054923995166258059
0.054923767023290514
0.054913292806625109
0.054895316941117919
0.054881533132062663
0.054858713534106526
0.054849829647724363
0.054848692997057795
0.054848309840741488
0.054830896631065475
0.054827922743930155
0.054825753185445629
0.054824671954932409
0.054820735814094593
0.054819898915128687
0.054817512600974345
0.054815122482129004
0.054810290876295353
0.054800490126538426
0.054792346660517473
0.054773061598296494
0.054763333372916986
0.05475921586359165
0.054754173342952357
0.054754015257201978
0.054739602256272675
0.054739497018773821
0.054733987036320438
0.05471364437543369
0.054710526513456766
0.054707701360069326
0.054696116571221573
0.054689378068324648
0.05467014523581399
0.054645502071952713
0.054638543045725491
0.054633550849151308
0.054625377342427062
0.054619866187827638
0.054617812269251602
0.054615287551300407
0.054610822134084185
0.054597026017552959
0.054596382576561367
0.054594947054980837
0.054591709163837696
0.054587695731000196
0.054583540702451493
0.054578677018467074
0.054562098425456333
0.054561721214753195
0.054541916116329775
0.054534039627568587
0.05453250875296229
0.054527654258269498
0.054525105850549892
0.054521125848448634
0.054520788383226257
0.054519230599277081
0.054512555008824744
0.05451028685266622
0.054502651520619963
0.05450194673329406
0.054498984688182782
0.054473796511614381
0.054470911028865039
0.054464916787084504
0.054464291932294302
0.054462573370991675
0.054460743552598931
0.05445673812381481
0.054452056104686251
0.054450794843993428
0.054450501394132017
0.054416517783951041
0.054415446885786325
0.054408047385638168
0.054402705330806593
0.054390976921772222
0.054387321303855665
0.054382846619268295
0.054380610611904641
0.054376043482588683
0.054370794477305029
0.054368679173313797
0.054368102580880616
0.054367637448480721
0.054366599484120648
0.054360735092292001
0.054352907408630316
0.054339986621371766
0.054331862508336014
0.054326990969904662
0.05432452834795317
0.054321754785945447
0.054313534463045397
0.054305526517003308
0.054302231739778328
0.054301242469120568
0.054297420531454796
0.054296859765984973
0.054286849115858328
0.054283945642725408
0.054276778754501272
0.054272593362881746
0.054267903469648021
0.054264516063630294
0.054258179154962158
0.054252265515434862
0.054249852476719866
0.054248313860001424
0.054243204479932645
0.05423914380024298
0.054231440854026418
0.054228642906018677
0.054228316531182992
0.054224528494544427
0.054217198856288992
0.054204203620440664
0.054193743941520323
0.054190829020302485
0.054185416748504321
0.054183217296105167
0.054180715317484411
0.054180072268204704
0.054176876282450381
0.05417609736023371
0.054172692956332494
0.054171806833738935
0.054171349478369601
0.054166445339989246
0.054166236785994318
0.054165057635619344
0.054162933572135467
0.054162276327803752
0.054146082380120093
0.054128309588511191
0.054122081269456161
0.054117192303837783
0.054112642376459644
0.054106527307165093
0.054105610431917021
0.054097026857585939
0.054087501470089887
0.054077790140704997
0.054066244295090805
0.054054002196119243
0.054052365165553423
0.054051650406000594
0.054051439248493489
0.054039879738137356
0.0540338089727989
0.054027905089813838
0.054026845145387539
0.054023192925071191
0.054022127062310847
0.054021634682757537
0.054019332583173971
0.054018868140934331
0.054015199159924032
0.054011369885166069
0.05400546832350573
0.054001172556450809
0.0540011145151875
0.053991854313355181
0.053985361196930662
0.053983300157702641
0.053980039367628456
0.053974175699571317
0.053970461312665939
0.053968855049730417
0.053965463288927609
0.053953906738701644
0.053950651238764247
0.053950018599060491
0.053942787893391797
0.053941021487536225
0.053939505377329937
0.05393591900018109
0.053932386039908721
0.053930782296144154
0.053907472091788172
0.053896980731969357
0.053893547689325159
0.053893182638731073
0.05389021652821091
0.053890106716312523
0.053889979452698841
0.053885783301706486
0.053877241446461076
0.053875831838971065
0.053872110470316988
0.05385996549673569
0.05385953658813445
0.053854016832477633
0.053843654075401474
0.05383940162215764
0.053838676959294146
0.053828511546812577
0.05382156576680517
0.053808317493403549
0.053807659177698808
0.053805382780166541
0.053800482778273789
0.053786581881906853
0.053784729542983252
0.053783173856731842
0.053778250712672476
0.053774601278541112
0.053763672665847043
0.053763488455405455
0.053746720814903289
0.053737752787973124
0.053730464331486573
0.053722150874534989
0.053720533944751833
0.053717999931130529
0.053710107168463729
0.0537042520304589
0.053703824894536824
0.05370192183643125
0.053682336438475545
0.053676117050005127
0.053667560040501494
0.053666751422082992
0.053665459197619246
0.053662544204578645
0.053661416159258513
0.053657844625095506
0.053637615957730173
0.053636975804567645
0.053619975975320464
0.053619488094569526
0.053617754193051412
0.053608689359349579
0.053606494137829482
0.053604075778553681
0.053597212266739976
0.053594868200868111
0.05359416748400981
0.053588897174793121
0.053579132997296955
0.053578046624302877
0.053574495719821397
0.053569494237333773
0.053560520922256695
0.053556659493855338
0.053555423650935997
0.053552822644959974
0.053516689052356799
0.053506348815270381
0.053499834442082332
0.053494763275247208
0.053489681911238381
0.053486593500089746
0.053479215770141447
0.053463297619736241
0.053452536554650994
0.053450023744008125
0.053446003497019813
0.053437120169316038
0.053433241351180424
0.053430772662580311
0.053427722625904242
0.053424472478580738
0.053419410300228204
0.053412601283525034
0.053409150834983238
0.053408067976004073
0.053404045983207568
0.053401718474895103
0.053398122442235248
0.053397579889515816
0.053390160888682467
0.053382567068254581
0.053379234912135441
0.0533789885225181
0.053377620116223198
0.053373515811476278
0.053373432220626786
0.053371666721577046
0.053368805010251187
0.053368235272106435
0.053364196963689076
0.05335889950781042
0.053350492909199985
0.053342712616314847
0.053342591922673308
0.053325768550113409
0.05332233037052949
0.053320020874397418
0.053318723153665253
0.053307376725266017
0.053305469136620001
0.053296955663737405
0.053285120629024706
0.053271938125910495
0.053261972845927888
0.053261870499883561
0.053260209142289211
0.053250492418617415
0.053248355752762946
0.053246245798409836
0.053244300443794086
0.053227248599447406
0.053225294603314335
0.053216620712262436
0.053207887709000236
0.053197809074081455
0.053185292343373165
0.053183437175321743
0.053182826464174167
0.053174753266710444
0.053171708444251876
0.053171272689691192
0.053170085554991114
0.053163684928354216
0.053159283025179173
0.05315452177612108
0.053154397930966775
0.053153155338099445
0.053147733694753486
0.053146115658510372
0.053143640458415034
0.05314239921819968
0.053138460129905384
0.053138108856500443
0.053136534985543424
0.053135351724027682
0.053134848942324266
0.053134173083407815
0.053132954858355799
0.053112408553261596
0.053108328420025969
0.053107037100497065
0.053106838527577457
0.053106371015038081
0.053097855566063397
0.053093418566951406
0.053085092460959438
0.05308316029207024
0.053082557376360813
0.053081480458429683
0.053079268367547804
0.053074286876308441
0.053073539886408748
0.053069489304498098
0.053068671776279622
0.053065998458725581
0.053045815551123782
0.053041173841942763
0.053039331351865733
0.053022969792490826
0.053016732515514191
0.053011220722359344
0.052995556206022303
0.05299228033322527
0.052990398423976841
0.052952525185672644
0.052947789132828278
0.052943033923130295
0.052934594095582752
0.052932551306245273
0.052929825405818309
0.052926695753928707
0.052918988513984244
0.05291512369876742
0.05291117918682952
0.052903328512949627
0.052889008530238327
0.05288822599939131
0.052885992911967702
0.052875563907711316
0.052874121763227533
0.052872719193146948
0.052872627799053495
0.052872503185236466
0.052868748377216335
0.052867093664844607
0.052863781423916699
0.052858840659277713
0.052852416360054173
0.052848502019478001
0.052848426501804574
0.052846038196604078
0.052836016796267551
0.052832916963424008
0.052824116572232294
0.052823945818835559
0.052820084666543615
0.052816119271910829
0.05280635279386281
0.052793639222968404
0.052785850783401193
0.052779915630827123
0.052778710132662832
0.052764423114862062
0.052763513499058175
0.052757790485847618
0.052754183907987945
0.052746287037049748
0.05273718433667246
0.05273376114814092
0.052725031099234848
0.052717062414502143
0.052712358511260729
0.052711403398734188
0.052711309424262054
0.052710057393530803
0.052709142126526866
0.052690474939974696
0.052685875912558376
0.052683284434470991
0.052677821505513062
0.052649539293016155
0.052647210482011507
0.052633942893820562
0.052632114791300061
0.052626139962017246
0.052619668561138068
0.052613256129373863
0.052612639016409828
0.05261106705525876
0.052608614540968539
0.052597800895012516
0.05259421019718049
0.052593310029318052
0.052587432292632977
0.052586203497382529
0.052558003483985226
0.052554595825330237
0.052551548597242086
0.052550058386993351
0.052547758032907302
0.052544957822115906
0.052543152709022427
0.052538172770731167
0.05252168559677152
0.052511852152607182
0.052506797448127078
0.052504872358905975
0.052483794000241224
0.052477148936992124
0.052476764279593024
0.052473739987257649
0.052472977051681323
0.052470672263989354
0.052465654069101204
0.052464285446281303
0.052455943003525206
0.052450553255584384
0.052448016835396044
0.052446821397873496
0.052446437092842933
0.052445903632664236
0.052438482161014731
0.052435646010900172
0.05243304716757375
0.052432390397976932
0.052422379693554851
0.052420086470162761
0.052416059041690742
0.052405356548111008
0.052393524615916974
0.052390278933627923
0.052385343762624124
0.052380014459273948
0.052379171789643991
0.052369912690709584
0.052365350727122166
0.052357389209720918
0.052356992734389422
0.052353133980095411
0.0523435362272918
0.05233680540024517
0.052331613973758316
0.052320170228893299
0.05231952452246455
0.052309459444622015
0.052299352597196987
0.052296305128847878
0.052294817538944841
0.052280687273541369
0.05227311305746625
0.052272938883091695
0.052270419418905693
0.052264971021313111
0.052259290262383039
0.052258082015255995
0.052225983460641424
0.052222874591678202
0.052222516791286942
0.05221482671956941
0.05220587051695106
0.052205730445766561
0.052187424181993604
0.052185240769836078
0.052171020931899056
0.052163128867324951
0.052155975800474971
0.052155670071908293
0.052150050884564092
0.052134228006094248
0.05213352792539766
0.052131077124849871
0.052117955979431224
0.052117639887589225
0.052106922182652934
0.052103393135956501
0.052095061769244333
0.052093845343028994
0.052089720876366055
0.052087236028889497
0.052083010013554074
0.052081248153005133
0.052079427528626959
0.052075837758213783
0.052069663508044428
0.052065180018260042
0.052063817091030619
0.052056780558217525
0.052054207452845842
0.052048821449600366
0.052045942000561903
0.052036726741449671
0.052025130840556578
0.052024135390479634
0.052014453250579615
0.05200625025688186
0.052002122757542749
0.051998071990314733
0.051971554283789634
0.051970254369262836
0.05196736432111073
0.051967279457509806
0.051959656407671702
0.051953539434513724
0.051952469096972854
0.051945317282527034
0.05194202957667482
0.051931488292366192
0.051928874337682396
0.051924663340176612
0.051915456366031301
0.051913215754012684
0.051902915567544242
0.051890487080202247
0.051888897095992342
0.051887502833795993
0.051886763416137398
0.051886728513947537
0.051880692056296175
0.051878275416871671
0.051870284713169561
0.051866692228008701
0.051848590870699346
0.051848261360105494
0.051839598830453949
0.051837025989291866
0.051836043829714261
0.05183124233026494
0.051830039008004168
0.051821219468354884
0.051815792371945793
0.051814702025856987
0.051813813199999947
0.051806057918622958
0.051798945775140812
0.051790281746347332
0.051773751255933559
0.051763318049514666
0.051760825549007052
0.051758944429177535
0.051758757212562186
0.051756649413069046
0.051752874870032349
0.05175071064076113
0.051749113778057521
0.051740330783423605
0.051739469302603584
0.051738305858955898
0.051738271685287433
0.051734693117509931
0.051725029083098471
0.051724788650536535
0.051723637113318822
0.051719908439813334
0.051717638173233126
0.051716638503116023
0.051711320095884646
0.051702116046611818
0.051699615954352671
0.051683176248972756
0.05168288353788425
0.051681340440246824
0.051660509369863043
0.051646078952758391
0.051645408169681897
0.051631830153160176
0.051626910822472304
0.05162586927988011
0.051623065156444228
0.051616780875154963
0.051615752867838247
0.051615308233004281
0.0516138849571827
0.051609502157457222
0.051605762612170383
0.051603454726475637
0.051598145609653284
0.051595910352248732
0.051588857089501353
0.051577928078734923
0.05156536029184982
0.051558009189714135
0.051555387903366903
0.051552336865085265
0.051549247352069172
0.051526360176977253
0.051520477364452241
0.051512904436122775
0.051512005694659295
0.051510592750232904
0.05150919743682849
0.051497563764179827
0.051490405500566709
0.051482709676651479
0.051481130058674301
0.05147416269070252
0.051473656179203672
0.051472807235904361
0.051469658813211562
0.051468718657468153
0.051465590924089935
0.05146347099167823
0.051454011687572909
0.05144524277661728
0.051440746024339165
0.051435303089383135
0.051423603915136416
0.051417443184321059
0.051414625797102091
0.051390322550098365
0.051384031318792336
0.051382536567161151
0.051379001615931057
0.051375585895044699
0.051362531761451259
0.051361640439810084
0.051349555893008041
0.051344499327111812
0.051337792166610517
0.051330184435573072
0.051326301253848371
0.051322093514244882
0.051319379882197258
0.051312575263905445
0.051304740341399792
0.051296353611766966
0.051291988614459522
0.05127549179595655
0.051269075165187444
0.051259240275572382
0.051258457557085697
0.051256138757105031
0.051254714231112115
0.051247087642961868
0.051238342508865935
0.051236648548121287
0.051230961109351859
0.051224617850226535
0.051219152659214229
0.051209865303575075
0.051204421746872522
0.051196600129325684
0.051195340283998664
0.051193349207706372
0.051193074323245574
0.05116273006289887
0.051141942218189684
0.051140699242983895
0.051139337028840701
0.051138619687623885
0.051136245367110263
0.051122604010211278
0.051096004941855122
0.051092213084875375
0.051088812286045393
0.05107585644458356
0.051063247488339375
0.051060334653971917
0.051051249259151242
0.0510477893252443
0.051046749752548422
0.051043693780504461
0.051041391544766106
0.05104077311578973
0.051036621299459656
0.051029438542102207
0.051019564872956037
0.051014615476651232
0.051012361270387302
0.051006136481216907
0.051003827519375461
0.0510003280861153
0.050998519057630115
0.050996750011044326
0.050995351823234475
0.050981051873137333
0.050980456650505074
0.050963732424395621
0.0509596094697072
0.050958709624405414
0.050956956730111448
0.050945746998626688
0.050937949233742855
0.050934812075015115
0.050932640406866514
0.05092876902203565
0.05092719538482799
0.050927126252334518
0.050912168015768554
0.050900228940200958
0.05088909183023417
0.050888180036512548
0.050886505355144655
0.050883954325988849
0.050874242190497992
0.050868648756004609
0.050859038649467496
0.050853110876478515
0.050829942739899721
0.05082777038174971
0.050825124936105769
0.050823470049622614
0.050822359722731691
0.050814816829459701
0.050804662675957943
0.05080269190409839
0.050800297929173864
0.050798786752611375
0.050790862859652078
0.050788641179285603
0.050771926253104026
0.050766128026244424
0.050759626273549879
0.050754466393236074
0.050753275412993556
0.050747591654872561
0.050740557008473901
0.050736445362647299
0.050729357759193697
0.050727247041381984
0.050723362317578707
0.050723156106748032
0.050719476376621449
0.050719228820277878
0.050718924029048471
0.050693271221282143
0.050693083115587782
0.050672227894829357
0.050670732111889397
0.050669518670700006
0.05065967986682357
0.050658700030219411
0.050657305402702101
0.050650468431126805
0.050646685060675989
0.050646044681220075
0.050644287305434854
0.050642390393059865
0.050638561389298113
0.050637043340193921
0.050630449474650778
0.050622710367290893
0.050619012001845778
0.05061829157095149
0.050607073934146186
0.050602849393232174
0.050595197810505269
0.050592413016484088
0.050591410665962497
0.050591153559370515
0.05058830119619602
0.050585453640463768
0.050581250551154554
0.05058081829543478
0.050572127440939821
0.050541435129029963
0.050539531904650596
0.050533197396170952
0.050530638835540841
0.050514397900334441
0.050511653935863265
0.050505892701281252
0.050505433097261063
0.050502179618936036
0.050492780717095648
0.050487460953465513
0.05048671322397328
0.050483698882172467
0.050479920659817684
0.050478828927662089
0.050477729102326868
0.050474521938259839
0.050454666196001099
0.050431779191363969
0.050423728986955303
0.050419175786525175
0.050410694377489899
0.050407657603696525
0.050406089949510062
0.050404189945141335
0.050400055023057534
0.050380434369497511
0.050379828229787357
0.050378573576310079
0.05037802088165183
0.050369861020522141
0.050356904665411449
0.0503525714393298
0.050352221624914414
0.050350121760045753
0.050345017885993826
0.050340067037953344
0.050339184803704473
0.050332548753541713
0.050331715280733325
0.050330867623577392
0.050328839408041934
0.050327582846188837
0.050318105208473345
0.050312446946762179
0.050312010981496479
0.050297835244899045
0.050294876163317931
0.050293696704877107
0.050290050957024934
0.050287711421862426
0.050287319649027905
0.050285862964729859
0.050283796452300938
0.050277296529607621
0.050269880569878016
0.050269284507310379
0.050267919486257258
0.050267754166167494
0.050264128318766164
0.050261701243242737
0.050252821576454838
0.05025117892638406
0.050231226126402635
0.050228422332376343
0.050220722859489149
0.050215326023423948
0.050213947822275617
0.05021372565771675
0.050211764472369073
0.050209217953652248
0.05020748121147426
0.050196062395089405
0.050194520421889578
0.0501880642270425
0.050177103404744766
0.050175241087006668
0.050160383645235035
0.050160167188032755
0.050159029255481546
0.050156517714538128
0.050150910417928532
0.05014912391652683
0.050145457489505607
0.050141593937123266
0.05013589704966704
0.050135479295494591
0.050114622954686446
0.050107305523733062
0.050098149455921982
0.050089920167011449
0.050089464475147033
0.050086638322730401
0.050080710077277941
0.050050525937161194
0.050044188831695292
0.050042578165697967
0.050041374280379171
0.050040670871839006
0.050037915007013378
0.050031062952722125
0.05002556624443049
0.050003648117263148
0.049995058538711355
0.049994380732967338
0.049979938868002401
0.049976398430455718
0.04997040443265597
0.049969530838053285
0.049968397231721369
0.049967379930821468
0.04996557972915374
0.049961946045973211
0.049954094381757415
0.049941998900130839
0.049935091014835065
0.049916449839407302
0.049915505402677321
0.049905782170244807
0.049895573492445035
0.049895516734585664
0.049891788787807451
0.049889904078920369
0.049888006545816099
0.049884578793285152
0.049880907066032716
0.049871485988176943
0.049870121278446533
0.04986042928719548
0.049858626114536141
0.049854688669605456
0.049846056147119067
0.049837672893121646
0.049820044920208917
0.049816492876527306
0.049815997815489899
0.049813713072594377
0.049800467731366975
0.049793477081146065
0.049787324906671371
0.049783787194454643
0.049780545294969059
0.049773314447706815
0.049770038878187171
0.04976994361934816
0.049769565735637171
0.049769322263368762
0.049761327438028635
0.049760095211171293
0.04975417712290197
0.049752601467217841
0.049750647266719468
0.049746836101428465
0.049736823345052153
0.049727570442051582
0.049726492710505298
0.049717179120499021
0.049713896617178836
0.049710705980117759
0.049696864303367408
0.049691762432700549
0.049689920629075714
0.049685836408103201
0.049683614932892285
0.049662158550344671
0.049662061400968009
0.049656658651963323
0.049642419839895917
0.049629444179372123
0.04962840978201466
0.049628034346835603
0.049620118773717824
0.04961996407777558
0.049616951394848022
0.049611060812530271
0.049606125053470035
0.049595594744779724
0.049589652797712352
0.049585163772489518
0.04957317216600797
0.049566912378126556
0.049566211764206246
0.049563989655286148
0.049562988906210775
0.049557586985337375
0.049555546077763135
0.049554647324916837
0.049548933607900351
0.049545104013854369
0.049538325949740572
0.049538151378753288
0.049531386164374983
0.049519847719345228
0.049512033085517729
0.049503115205445453
0.049498833259413379
0.049496775509885425
0.049489138171119412
0.049486491214037254
0.049477388183148445
0.049473130323995994
0.049472776233282251
0.049470807459683255
0.04946379222320231
0.049444745110101287
0.049437467958499348
0.049425700869468098
0.049425122433915059
0.049421923442962312
0.049398893691571091
0.049391820376572027
0.049369905675385337
0.049368675466094206
0.04936481010635755
0.049364672047540692
0.049363581886201657
0.049345516168309941
0.049339176466410957
0.04933661252296051
0.049328625482612749
0.04932690494253849
0.049316089484146938
0.049313150138973832
0.049310239790913014
0.049305150291876737
0.049300470096294624
0.049293485670631458
0.049287114727934969
0.049278090143901068
0.049272757936397106
0.049270104100315112
0.04926893987284621
0.049266596395498449
0.049265926988370186
0.049256452520971945
0.049253644578312696
0.049251703429119019
0.049247444445879612
0.049241862427638776
0.049236615587557639
0.049233740731748014
0.049231854367264218
0.049220485538907448
0.049217241237942223
0.049211857772896925
0.049211554930165401
0.049205500432082404
0.049203891853074985
0.049200523329908728
0.049195066494296974
0.049193448219163077
0.049184444197025716
0.049183655584305833
0.049183609062167788
0.049171239379314328
0.049170150940400899
0.049166385522790276
0.04915305628563283
0.049133733386503037
0.049132247195776843
0.049128826335427915
0.049125881749882812
0.049124560147931699
0.049122982993610211
0.049112808332780665
0.049108818111869235
0.049106079990029576
0.049102081463664952
0.049098651586723288
0.049092122503359176
0.049086799219571438
0.049086552730320664
0.04907649552002865
0.049075956217025658
0.049073214484841365
0.049072849244921446
0.049061927138815922
0.049060105852980249
0.049056442326012854
0.049050353081498729
0.049046962867473683
0.049042682359419235
0.049036479953066162
0.049035313830687689
0.049032227617571679
0.049021572357664196
0.04901631763844181
0.04900584469943884
0.048994005792691316
0.048991127368014614
0.048984691360788223
0.048976604055309694
0.04897550526539949
0.048963370599941831
0.048959482639154825
0.048958009938797988
0.048957924673585985
0.048956141770173489
0.048955081976009202
0.048948667987959667
0.048948322667978175
0.048941631404107629
0.048924047184091955
0.048909167156628575
0.04890147551047791
0.048900339206735928
0.048898826821310339
0.048893114365034213
0.048892248564852844
0.048890107161263283
0.048888397893298359
0.048888005505862635
0.048887702051328037
0.048884178104783294
0.048882101388930524
0.048877336605293628
0.048866358490421487
0.048864430186798855
0.048855939218590202
0.04885485083397232
0.048849223677385305
0.048848696415924424
0.048845425257741597
0.048841127795969712
0.048839847886158104
0.048836620412913874
0.048834611662231547
0.04882730085466034
0.048826139814040721
0.048818565690674394
0.048811802017177525
0.048795511478703021
0.048795123085360569
0.048764517968055324
0.048762890267763752
0.048757954820221709
0.04875565158271903
0.04874939990038557
0.048748601142520102
0.048747697522539366
0.048745608806964748
0.048743632587054379
0.048738798754353704
0.048735794919710328
0.048734905636316994
0.048734647503515457
0.04873464608863818
0.04873435696753161
0.048733882905675457
0.048732116372272594
0.048727942884578296
0.0487213628772818
0.048718604604257691
0.048717113275109851
0.048688761141950657
0.048688158576396967
0.048686583844478284
0.04868355046673873
0.048673404836717782
0.048671976206176921
0.048670033244196519
0.048669580036970708
0.048667354663987444
0.048658641789222905
0.048651905077841999
0.048649919304185989
0.048648971620679229
0.048637466655364218
0.048637146897624585
0.04863472651424678
0.048633802950773415
0.048633775779410575
0.048631525177296311
0.048626240850830525
0.048624826426239692
0.048617378666087611
0.048612920327449509
0.048608693330227833
0.048607879302740707
0.048603787550969557
0.048601554048198388
0.048601219829721778
0.048587306739487912
0.048586654130198435
0.04856478881842765
0.048562936384308718
0.048530927792547869
0.048524674091072979
0.048511825300420378
0.048505592568222546
0.048504660906284282
0.04849339189992094
0.048491948029378874
0.048490826576946158
0.04848438350810836
0.048484331844505554
0.048475403165929909
0.048471553155417672
0.048468306946984521
0.048464115582553646
0.048456043917107089
0.048447304078954367
0.048433823270355732
0.048423885726591946
0.048423053743148523
0.04842150524051974
0.048420183679275454
0.048418552708857074
0.048402985956943631
0.048397431197486629
0.048394837770636759
0.048392622103505381
0.04838202671837636
0.048366982384194512
0.04835831548721102
0.048351528025175498
0.048341621879575282
0.048340548269621815
0.04833070892825251
0.048325403630899079
0.048302002881755374
0.048301805541810766
0.048299482646130293
0.048298459619013759
0.048297521715053145
0.048297445258625914
0.04829403448122431
0.048293412562058928
0.048292821678086059
0.048289492833314351
0.048286806070368372
0.048286238905840995
0.048284091345721078
0.048279522116437677
0.048278206610871233
0.04827702568824363
0.048256192424903713
0.048254981986595891
0.048253384241324748
0.048252854512596199
0.048250320724738394
0.04824560919766685
0.048235831306850975
0.048226528942345775
0.048219144173684433
0.04820739203351268
0.048197539622119097
0.04819203184667932
0.048191674470212956
0.048191229923019718
0.048187499252675653
0.048184218420326282
0.04818119733468143
0.048179316812880096
0.048178272202197524
0.048177552468883139
0.048171084910688222
0.048168396231155208
0.048165305180807007
0.048164835308889813
0.048164776465177986
0.048158671514064201
0.048157661934659833
0.048143480534714345
0.048142545211604257
0.048142277611695795
0.048141737501395838
0.048140956096209296
0.048139988078002703
0.048137622192513059
0.048134108282471208
0.048132531621288915
0.048113857828846918
0.048105606732190956
0.048102079079836213
0.048098056950572822
0.048097672937432043
0.048087943517281274
0.048082416767520238
0.048060322147601996
0.048058237055655824
0.048054540175812725
0.0480482336312886
0.048045256570583242
0.048042782836284312
0.048041203447357329
0.048038960386550353
0.048035408687017438
0.04803305530589156
0.048023967426060049
0.048022948430609197
0.048021987172218276
0.048019542281737361
0.048018377092237517
0.048014956974311344
0.048013240293610697
0.048010045993850184
0.048009855918029955
0.048005827468465496
0.047993961674104663
0.047993506804477323
0.0479921243444957
0.047990758644566242
0.047987888373912602
0.047981393690503769
0.047981321160437469
0.047978671461586964
0.04797843523347789
0.047970562028279935
0.047969545781692151
0.047959308747112003
0.047958483192165911
0.047957637043319123
0.0479534094722434
0.047953214536721932
0.047946730619067679
0.047945282830030578
0.047940493858826504
0.047929799172820489
0.047927124314391382
0.047925588595202795
0.04792408494054954
0.047921873688298533
0.047918712141812141
0.04791314764548129
0.047912552566869653
0.047900673418606141
0.047896274123719468
0.047884709295677216
0.0478606876313813
0.047849464050394079
0.047846562739936913
0.047838945800481369
0.047837980649926677
0.047834191401996747
0.047833438723590034
0.047829302449180211
0.04782693613053602
0.047826623143954063
0.047821822036840995
0.047817190387530503
0.047816397218747649
0.047805664261153014
0.047803147861366288
0.047796382049851351
0.047789332477336952
0.047788616728173645
0.04778480413977762
0.047784440370764319
0.047778595163576326
0.047773296221255118
0.04776735977696836
0.047766862691030587
0.04776619194422374
0.047758708492534038
0.04775669427015005
0.047753703082871551
0.047749961872320279
0.047747363008365018
0.047745838125093941
0.047744381923949732
0.047741871340738276
0.047741812020477926
0.047736614221022003
0.047736032247849849
0.047731993663059816
0.047726576263926485
0.04772449429908493
0.04772282774216665
0.047722285548216281
0.047720046924949654
0.047718979942502689
0.047709159895060665
0.047708996198677085
0.047707040341918104
0.047705620051727786
0.047686229106584828
0.047682237970421336
0.047679506420247521
0.047675490710867255
0.047662236044556522
0.047659825798836583
0.04765308569831668
0.047650679934900513
0.047636003890152649
0.047621219111514929
0.047615588558014378
0.047603604267134121
0.047603036960123503
0.047595384615230836
0.047595024015811428
0.047591807078147585
0.047584020900078919
0.047582434966228895
0.047577352212300972
0.047576941345844941
0.047575590828475872
0.047571514430918622
0.047571460615144785
0.047570771750187819
0.047570699772116129
0.047565632872426863
0.047562827988116847
0.047558168767570623
0.047552450313666346
0.047551041394734692
0.047550936229331472
0.047540163451938705
0.047538935028554323
0.047530938143631477
0.04752929581785538
0.047526297412719451
0.047521982107164032
0.047520689382317398
0.047513668992286519
0.047498387020332371
0.047486639322857009
0.047478542210125964
0.047474669035230385
0.047462933644420106
0.047461818301499509
0.047458254413059016
0.047455054095436905
0.04744855689052755
0.047447821248666339
0.047447032133578489
0.047443561413572186
0.047441195328749519
0.047436039293729845
0.047434564997273623
0.047426995634587674
0.047401658837593626
0.047401471476902164
0.047400807396745022
0.047394682882406676
0.047383331501609408
0.04738145903159386
0.047377760554292485
0.047376239592426567
0.047376209086476564
0.047374931973812824
0.047368303076826775
0.047363817219700163
0.04736133159767425
0.047356260508365861
0.047348249880857181
0.04734283168337635
0.047341600887685492
0.047340259373344226
0.047337851080877694
0.047326801289605765
0.047322782147714029
0.047291819734038142
0.047289348839627043
0.047282710734252879
0.047279065527329724
0.04726216871434364
0.047257715802487998
0.047253058842604265
0.047241248310719401
0.047234928305363737
0.047224939796650503
0.047215669265670786
0.047215354470513338
0.047214009986027004
0.047207463264004483
0.047205912925376611
0.047196319965317417
0.047195340232852954
0.047191401678851386
0.047189498525621688
0.047175305077346658
0.047175131388813026
0.047167098241767208
0.047164964775779417
0.04716448840024573
0.047160110221049628
0.04715894931557834
0.047157402689574857
0.047155548777431028
0.047143782203288818
0.047141750303976986
0.047140730473186787
0.047139061705402711
0.047138019803879772
0.047122114460440123
0.047106937583691388
0.047101970978863698
0.047101950611883721
0.047100392433464318
0.047098161107322137
0.047097883470942695
0.047091475840043036
0.047090662929323714
0.047071018446342566
0.047066532519632075
0.04706190148825163
0.047058798235371638
0.04705655357067258
0.047054937719209301
0.047053208952058938
0.047051301554517262
0.047043337377667464
0.047042246691298889
0.047040361946241525
0.047035349910115314
0.047034662697661093
0.047029260087902279
0.047026717800945396
0.047019058489136491
0.047015776779131671
0.047010251020778701
0.047007798867727171
0.046995291428699397
0.046994951492596054
0.046994542351697706
0.046989690853238064
0.046984687410669669
0.04697180716157022
0.046967786772979227
0.046953554121330357
0.046949047784852031
0.046948619700791241
0.046948459000565282
0.046947854310060017
0.046944074750495446
0.046942951821113077
0.046941864530259586
0.046941763109587947
0.046941218827727706
0.046939981359857358
0.046939616909915917
0.046936801196935947
0.046933133283051771
0.046932963525513995
0.046927823218373188
0.046904749571913276
0.046902163135680151
0.046892788591995097
0.046891930755675278
0.046887985624695067
0.046878597481507113
0.046872051396182085
0.046868252526278208
0.046867906808676661
0.046860288563814884
0.046858970130145006
0.046852663696489334
0.046848479016644261
0.046840913544911551
0.046835746567233695
0.046825263092251157
0.046824538313947353
0.046823025204973161
0.0468198712793403
0.04681855068595768
0.046818376782775638
0.046816434461459354
0.046815390393061498
0.046814780264986575
0.046808417839173805
0.046805182165013871
0.046800355992241374
0.046783042397619691
0.046770940362429493
0.046761725620799652
0.046761536378888108
0.046754135778399673
0.046739442561825557
0.046738385469233805
0.046738370394922277
0.046721979651486584
0.046699873005247347
0.046696255370413504
0.046695978587888945
0.046689044884198873
0.046685665658411556
0.046682654494373955
0.046680120412541638
0.046667562797245841
0.046662835981682874
0.046661265313654617
0.046644897537515821
0.046644655415143212
0.046640130716820771
0.046635931842251607
0.046628169221983269
0.046626701497646202
0.0466255785966651
0.046621986250561222
0.046620161657774876
0.046616439840000932
0.046605382537195761
0.046598093181996349
0.046575953548845007
0.046570910973942475
0.046570120116500399
0.046562017628187784
0.04655652393310359
0.046555169623041473
0.046555051908505042
0.046554398198681124
0.046554248462520695
0.04655336384057062
0.046551521079707392
0.046547423401765764
0.04654201295702081
0.046541434097442311
0.046536232933316032
0.046535559400427307
0.046529580439929961
0.046528794345271914
0.046527273273328125
0.046526153242640228
0.046521773720599777
0.046517444885771218
0.046511175631247015
0.046506444973159339
0.046505463020974393
0.046492521171395511
0.04647896693553194
0.046478447450272256
0.04647369165064881
0.046465620404527799
0.046461522887603988
0.046449069255824961
0.046446423351452437
0.046445474296235328
0.046442705491154757
0.046438183870274839
0.046424115700446841
0.04642205034873842
0.046419893971668645
0.046399261864208029
0.046397056064654274
0.046396374549473179
0.046395473726817169
0.046376998383434273
0.04637404646914528
0.046372100985193419
0.046370789583980047
0.046367034737952936
0.046365141548689377
0.046364307351008667
0.046361439432773419
0.046352942829176395
0.046348170126400745
0.046346368342593029
0.046339776095204753
0.046338088233702425
0.04633762604078677
0.046335553354951146
0.046335181957583564
0.046313525885132385
0.046313498857566797
0.046301773477139367
0.046299704203397449
0.046296262208499556
0.046290800999878284
0.046289146547829549
0.046285852961377133
0.046280192119124951
0.046279733886339644
0.046277819049638735
0.046268096691628208
0.046264257191533049
0.0462614300652072
0.046257338378938688
0.046253817987827968
0.046253725146747138
0.046244532196947886
0.046241305095033429
0.046237477527342488
0.046233874606003866
0.046229840661715489
0.046219369359058675
0.04621095082500374
0.046208548668737345
0.046205743860038929
0.046199516399511711
0.046198378214940987
0.04619162492992604
0.046191174587756005
0.04618772052932836
0.046187549765241108
0.046187012495275459
0.046176452404277819
0.046171191141834968
0.046164369730257747
0.04616049747308977
0.046158091984979457
0.046157560238472783
0.046149508193003834
0.046144450958995276
0.046143824300726832
0.046142641024728391
0.046138620462814507
0.046137617821254751
0.046136249170360653
0.046135087584796695
0.046125631235741905
0.04612493886637959
0.046120057065235739
0.046118621811951033
0.046112464132510869
0.046110733520472506
0.046107415382224654
0.046103174189667487
0.046099414675741662
0.046093448578717576
0.046088564178238617
0.046080481428317485
0.046076453111777931
0.046064421105788664
0.046060546970231597
0.046047068801408159
0.046032965025839277
0.046030376319025561
0.046022819145272842
0.046014890396231412
0.046014278366967247
0.04600409081379133
0.04599031670328188
0.045990060431296088
0.045984458787925918
0.045983326516212147
0.045982702030210897
0.045978601062980871
0.045973991606964172
0.045973849310760026
0.045967294168264942
0.045963744410515435
0.045954489860778658
0.045945961866303425
0.045939011644341499
0.045934124497361652
0.045926140069953499
0.045922168961922749
0.045922074914632537
0.045920213598247724
0.045920211615427357
0.045909691033672456
0.045908319649611215
0.045906096130253871
0.04590276863338414
0.045901302581934512
0.045900092269184976
0.045898813271669565
0.045888695188733251
0.045888532524805917
0.045888013685064108
0.045884614402756735
0.045879700762827789
0.045871608590905805
0.04586234370949252
0.045861859025533143
0.045861462716965257
0.045856011515624191
0.04585120558566131
0.045834976582018537
0.045831155715189836
0.045827637287620467
0.045827057571262243
0.045824792340589962
0.045818836076701661
0.045806488413680249
0.045799147911049956
0.0457979400810044
0.045793870593425233
0.045760611636644348
0.045755600016632321
0.045753243012262981
0.045742918625033928
0.045742667737873791
0.045742101136064611
0.045740946692477753
0.045739511473808593
0.045732186110267116
0.045730325806113373
0.045730136114350062
0.04572865910904441
0.045718002896776778
0.0457135164364963
0.045702148537480551
0.04570156174190778
0.045701006738524425
0.045697237782153829
0.045696033652087499
0.045690674830213322
0.045690028600729356
0.045683193423595288
0.045680413630212281
0.045679283104702102
0.045668931611942319
0.04564596498923848
0.04564364343516876
0.045642032999234035
0.045637684539884198
0.045634671572083972
0.045632855513640408
0.045632668843195952
0.04562977731121648
0.045622022997347765
0.045621671585549764
0.045621541445058013
0.045620022898702921
0.045617608248654407
0.045616241174831165
0.045609373454797875
0.045609122147766148
0.045607601675797971
0.045602096806403862
0.045589912497804704
0.045588272403945848
0.045582613437210179
0.045582018449406209
0.045581762552516919
0.045581500636047059
0.045571350066896506
0.045567553819895794
0.045559845607925781
0.045559816171372558
0.045557206120707121
0.045553540430632547
0.045552634170407169
0.045548997398840857
0.045539247087486807
0.045536372004773451
0.045536099746670333
0.045531285916354504
0.045527325513180471
0.045518716512580083
0.045512451260478926
0.045504030456673887
0.045499011401772031
0.045498058018022022
0.045495369511676639
0.045492323113366005
0.045483433180361674
0.045482440947733994
0.045478643590323956
0.045478230275944179
0.0454732826407237
0.045468992813309961
0.045465629769856582
0.045462460603705346
0.045459583119073922
0.045455453102695588
0.045446149007340925
0.045445139519993433
0.045439971509655348
0.04543907898803682
0.045438495966341315
0.045438193341983596
0.04543221928519639
0.045424695415039719
0.045406961607627201
0.045406529302878626
0.045406442214258692
0.04540197706431106
0.045394585133026064
0.045388655258056146
0.045379259714881652
0.045377911678835765
0.045373953679121309
0.045372977425302705
0.045371780483052918
0.045368512782727889
0.045367987957450173
0.045367559501660007
0.045355278179301982
0.045348749475685221
0.0453315166019762
0.045331264979222574
0.045323243639276374
0.045321851736066725
0.045319664712928941
0.045315657051792149
0.045313533814081992
0.045313020222840977
0.045305440444285271
0.04530247094402317
0.045302080240151428
0.045296061651422088
0.045295701310656328
0.045288603717960008
0.045285765866502403
0.045283788166118326
0.04528357824543236
0.045282440008155594
0.045282255653902634
0.045281234610361258
0.04527465143381363
0.045273497723298924
0.045265878584535145
0.045255881905836466
0.045251586473910907
0.045250763919260577
0.045248043886405
0.04523375640766477
0.045232580268376801
0.045232426086072496
0.045230536386973524
0.045225499501917461
0.045216324252933961
0.045211312710409318
0.045208582684601741
0.045207259241143702
0.045194449067746945
0.045191621680527302
0.045185340570210071
0.045180449089962049
0.045179881787988076
0.045175623025964437
0.045169845288744022
0.045165619876119452
0.04516511110642784
0.045164738154138039
0.045164266679351812
0.045155201589953647
0.045151499427861112
0.045150107319042426
0.045146124853028206
0.04514555203135473
0.045144981288220871
0.04513680701257429
0.045132245546808197
0.045116642614368006
0.045114772147796002
0.045104636978204882
0.045103895210147446
0.045101193969747114
0.045084890972974072
0.045078092735376371
0.045077415053372129
0.045070235669319343
0.045069052533204423
0.045068823362165084
0.045056866854263071
0.045056475143377094
0.045053026661062222
0.045045052412946561
0.045044654286886532
0.045043959454735084
0.045042612439363812
0.045039433158286089
0.045019345447601194
0.045018318493947738
0.045015287414578546
0.045012327195608888
0.045011016900333961
0.04500823193839313
0.045006384356221056
0.044999274231100735
0.044996103925807621
0.044985431201000126
0.044982349250556261
0.044976705376026084
0.044973462048853372
0.044958211576626737
0.04495767018822211
0.044950620957981316
0.044945197637713534
0.044944169763215039
0.044939044669895019
0.04493652440868845
0.044926001147685857
0.044918591299336064
0.044917751801408314
0.044917007221712144
0.044912797735364246
0.044909496051539467
0.044897032800540491
0.044893896941937267
0.044887477380607881
0.044885471536805603
0.044885020582346384
0.044872178365539805
0.044870763911919249
0.044868303391167916
0.044867525852147573
0.044860063676107738
0.044857667058108605
0.044853639883338181
0.044852546039837501
0.044836660630220695
0.04483095868213402
0.044830015024642324
0.044817480831053899
0.044814765559641846
0.044808752272866792
0.04480000471823721
0.044798804428767887
0.044797716942056129
0.044790947427762212
0.044782262872792959
0.044780225563526635
0.044778177821654913
0.044763363993559818
0.044757828329959913
0.044754510979899631
0.044751136469647117
0.044749952682398605
0.044748984821770463
0.044746029544202551
0.044743351626954538
0.044741994482153012
0.044741302659134008
0.044737934300076054
0.044729079220819389
0.044728752115985135
0.044723072271201689
0.044722118667331424
0.04472057166800697
0.044711657417184525
0.044711185944600343
0.044710387751890804
0.044710163397154272
0.044707969163351555
0.044705737717104718
0.044703182561483513
0.04470274294722501
0.044691811228993121
0.04468182311414251
0.044681745200471572
0.044678968957964825
0.044676746698483767
0.044664385405693986
0.044664171503547442
0.044660023546589246
0.04465528834179245
0.044647384426582927
0.044644105493866569
0.044644057823648456
0.044640633566415136
0.044632687080963615
0.044617306892232547
0.044612346374695279
0.044607869941961663
0.044607187018462273
0.044603177057525464
0.044594908777588711
0.044590005320120078
0.044588264516507166
0.044588120629177372
0.044573784057072595
0.044572926864760491
0.044563271813696438
0.044561917789834378
0.044561758535820624
0.044561746246350099
0.044556651528149589
0.044554472039947016
0.044553974959718474
0.04455289440340205
0.044537986337273107
0.044531961588144514
0.044506051779002971
0.044505431267908922
0.044492596196263549
0.044488862430627038
0.044485893802993087
0.044485306868988495
0.044483692130145205
0.044479545081542962
0.044476788775160356
0.044475614272486044
0.044456263957371941
0.044455004091462705
0.044453676812676195
0.044453285014791732
0.044437517689871878
0.04443709122137679
0.044431410029408543
0.044427093992627106
0.044412211573802318
0.044409422888137769
0.044408593495763177
0.044405935721591731
0.0444022837546168
0.044396948777179424
0.044394255069516865
0.044393707329399075
0.0443784331755121
0.044376759773840979
0.044373246152628783
0.044368710985722384
0.044366295246171146
0.04436313176760831
0.044362359859410186
0.044361700193509448
0.044361039116833138
0.044350815297999807
0.044346584305311743
0.04434454249310301
0.044331926143270625
0.044330001653003569
0.044326432051020603
0.044325156542727895
0.044324745434386068
0.044318390852784155
0.044316760925760729
0.04431355383005213
0.044311514687746266
0.044291272430221032
0.044285349805130422
0.044276546346093584
0.044272157452498032
0.044269334461381198
0.044266669123557451
0.044261689805866769
0.044255980373401047
0.044251407405265696
0.044247726414014893
0.044237823134159603
0.044226279754195984
0.044225055852666506
0.044222807346938564
0.044219205569086893
0.044217389067348067
0.044214014327915135
0.044210298475740539
0.044207047163772197
0.044206844329851634
0.044189601159791848
0.044188197460191168
0.044179578197676761
0.044176963553456593
0.04417631117461613
0.044168287479995717
0.044168228119856705
0.04416182157752363
0.044159708172483721
0.044153936460726941
0.044152438011662791
0.044142178512891088
0.04413930163882495
0.044135926762226864
0.044125668103817392
0.044115074443380434
0.044109929704633566
0.04410778013073989
0.044107209785188957
0.044101179448404894
0.044094975441288993
0.044088577072804967
0.044070162363763377
0.044066444397985495
0.044065042025798973
0.044062510544094935
0.044061945819567613
0.044057999817586638
0.044054119823896676
0.044046804286917277
0.044044669831645337
0.044038480137370682
0.044035916661285972
0.044033524995247396
0.044028959737953177
0.044024210856425605
0.044023914495791905
0.044023670103216186
0.044023104704780991
0.044021577906627932
0.044012331214830738
0.044007538052539083
0.044006601705228243
0.044003778497066152
0.044003088797252281
0.043998975704833528
0.043994549797008169
0.043987948729315329
0.043981345419273496
0.043969961109030321
0.043966050276347743
0.043957672272237229
0.043957334543895318
0.043955863978510479
0.04394887940552298
0.043940149379999245
0.043935950097930977
0.043928368243173178
0.043912105441815827
0.043910586681014961
0.043908397067676366
0.043907780450658296
0.043904246404601797
0.043903068755618412
0.043892127072762015
0.043892102024771271
0.043891208891059443
0.043878829386049228
0.04387394720511878
0.043868500005996888
0.043863543171758057
0.043853605182489722
0.04384940364004114
0.043846164759693815
0.043842529925573588
0.043837445852194783
0.043836541011822459
0.043835988572459926
0.043834341911998816
0.043828244051949829
0.043817941095120688
0.043817783656319505
0.043815234539432452
0.043810915749415667
0.0438062133215028
0.04380534429932724
0.043804950949896913
0.043803020114670889
0.04380250522017759
0.043793857373305801
0.043788029257374711
0.043786599962952089
0.043776986891940144
0.043776136249582924
0.043772397448814608
0.043760812771491769
0.043760138476721562
0.043747958341060926
0.043742937208285385
0.043742710070141362
0.04374014141546103
0.043739760192317519
0.043736036156897279
0.043734848237655118
0.04373325549546471
0.043730298485388473
0.043723786491492646
0.043721737878852765
0.043716507361611444
0.043716326810911151
0.043707004118748782
0.043695432581573504
0.043692495161967805
0.043687292872260149
0.043682061703587786
0.043674610034383381
0.04367131573724637
0.043670310274585886
0.043665798355078625
0.043662341838103906
0.043658894733262073
0.043658891672242135
0.043658703469812321
0.04365468439840825
0.043651764663969334
0.043643374126131097
0.043631341844428587
0.043630472154465673
0.043629554157289682
0.043628516512987048
0.043625023710723222
0.043615186935716872
0.043609294024574606
0.04360481144511219
0.043603721122403807
0.043597830526162958
0.043590411424973642
0.043589790546916501
0.043586296675561825
0.043586152430798615
0.043582095729475398
0.043577244482745976
0.043570526260526453
0.043561740855611958
0.043559313343680281
0.043556099903780558
0.043553448548861291
0.043550426436944241
0.043540801542706065
0.043540401670825409
0.043527610342506955
0.043522707562001821
0.043520890037881566
0.043520433048893886
0.043511471117026815
0.04349923221344161
0.04349058055494847
0.043489929338010554
0.043489454663064496
0.043483853677183541
0.043481764012531246
0.043481314491797984
0.043480782566098053
0.043479057918528095
0.043477956657396927
0.043468949285572218
0.043466844099955521
0.043465445925985627
0.043464013868395164
0.043455221031363435
0.043455048152501334
0.043429995553505879
0.043419469110857957
0.043412968740453299
0.043408972630112466
0.04340769587223909
0.043406904064426557
0.043401082944989969
0.043397513861234242
0.043394018977276246
0.043388771900370694
0.043385182709594329
0.043383401292656443
0.04337169719801328
0.043370192250084205
0.043369519903299181
0.043367219467039683
0.043362985870057526
0.043352913822143291
0.043352669870504096
0.043348352822168951
0.043346717878330873
0.043337750426345287
0.043334232778989498
0.043333311156266062
0.043332036005691618
0.043326177812775188
0.043324552918317001
0.043319961819238625
0.043319790823495657
0.04331090311220917
0.043310689340689476
0.043306500299628785
0.043305567841813344
0.043298000819641053
0.043297158083112124
0.043295102774454815
0.043290499397366206
0.043286745996278533
0.04328556395223155
0.043283943852732702
0.043276307447329222
0.043275776138691338
0.04326983212517161
0.043268583317773814
0.043261449226370728
0.043260243184271824
0.043259160316294343
0.043256738511624621
0.04324273182087697
0.043231949414210089
0.04322829406139625
0.043218532596843634
0.04321680598134011
0.043215505899772841
0.043203930307123016
0.043199435725439134
0.043196319341697903
0.043188749607805846
0.043186369653565232
0.043180846812406797
0.043179657482715836
0.043174087494469021
0.043171468539418043
0.043163222840306249
0.043162553208398881
0.043158471088728466
0.043150768626943378
0.043150612078316324
0.043148285697703619
0.043142734358001561
0.043124919966885146
0.04312337332965565
0.043120444956280417
0.043104723675776689
0.043104433828764804
0.04310426141007432
0.043102998210334781
0.043096508513946183
0.043093822400389378
0.043088872671895796
0.043088854787090243
0.043083760247339321
0.043076000985989904
0.043073121517489946
0.043071698812934829
0.043066853802749661
0.043063628587034691
0.043057949668755729
0.043050388146729769
0.043048525945410115
0.04304547552126281
0.043044723508394188
0.043043048285814241
0.04304103088193497
0.043037976586247369
0.043032401096057625
0.04303196271506457
0.043030847171602056
0.043027695715728342
0.04301747057434014
0.043017192535119847
0.04301379611938573
0.043009365635477297
0.043006252708885438
0.042999291027069467
0.04299826671023247
0.042993059595205406
0.042992799310859406
0.042990957014667611
0.042977654899941042
0.042972511129647423
0.042969749883689783
0.042965254281127248
0.042965088672032255
0.04296106355150258
0.042956800952692262
0.042954365641023826
0.042952691260556862
0.042947858691620662
0.042939600578318221
0.042937160159376798
0.042935744948989413
0.042935228096994134
0.042923597250610374
0.042922044245542954
0.042917908378488953
0.042913797455366644
0.042912621370751768
0.042903437149720149
0.042897395773708651
0.042893326578014722
0.04289237586064705
0.042888040378721966
0.042881086906296356
0.042879388735246431
0.042875782414573287
0.042867827214880645
0.042853226154466635
0.042850193545794127
0.042847672026437723
0.042841426545624603
0.04282827260909685
0.042821195492895751
0.042816962032210061
0.042816194825788134
0.04281302055765554
0.042812826006322302
0.042811587897446372
0.042799446440079145
0.04279444190073016
0.042789231686826718
0.042786592005396716
0.042786534090531937
0.04278316982150647
0.042779826808187087
0.042779636945598665
0.042773284651389062
0.04276838463331422
0.042766129150087505
0.042765768831697408
0.042762835873356581
0.04275750933614781
0.042753677091089716
0.042744920520934225
0.042731014717343245
0.042718682613490391
0.04271492803549181
0.042712125022172816
0.042706428043149496
0.042705467547100813
0.042698032971302521
0.042690204552871695
0.042675169160550308
0.042675018859625574
0.042673667690523227
0.042673254639492272
0.042666405002492087
0.042662314259973022
0.042659196877323273
0.042658798033591121
0.042656448336003128
0.04265422804844822
0.042640625396475652
0.042631064504293867
0.042630431166404123
0.042629656993530857
0.042626591297956054
0.042622350987055281
0.042620902263853774
0.042613012673356807
0.042612844039919058
0.042605270291893309
0.042602979316165766
0.042601743513575707
0.042599364012980062
0.042597630928375506
0.042594382727122126
0.042584659632156734
0.04257898709681858
0.042577647518788557
0.042576473901056837
0.042571982820975594
0.042569254380794876
0.042568378212109952
0.04256401904677664
0.042562836817280826
0.042547753641080578
0.042539585612723758
0.042534195133123419
0.042524488692908924
0.042523615782245602
0.04252328190040152
0.042522141639822895
0.04251829143904691
0.042517036190259622
0.042516513397730021
0.042510829139555693
0.042504571411102796
0.042486798333966909
0.042486630221770974
0.042485283903989764
0.042483839148705259
0.042482316209127104
0.042478975911512049
0.042475885897940942
0.042470014480426088
0.042468895278652517
0.042467518218216468
0.0424652378576462
0.042464744447800885
0.042463702235347331
0.0424594263396776
0.042454650482568523
0.042446215087840126
0.04244451468682317
0.042438688515491645
0.04243863232608204
0.042437280997271787
0.042432469442446379
0.042428776825698657
0.042425850939943097
0.042425441760936426
0.042418197412510614
0.042417842502140507
0.042406968837233931
0.042394508677300449
0.042388166963899757
0.042380776155116297
0.042377427754542771
0.042374726318614546
0.042373551923477921
0.042373431227356886
0.042373133974957324
0.042366892190629155
0.04236096063460202
0.042351279262332522
0.042351085062066522
0.042349902347569551
0.042348125451789356
0.042344941380999167
0.042344643758861357
0.042336716785560891
0.042322195146645203
0.042314031464089359
0.04231383395313848
0.042313806252029254
0.042309831089879228
0.042306983901077261
0.042305296791628415
0.042299263956937387
0.042297515978820366
0.04228828757805176
0.04228255835566827
0.042281500511918146
0.042278584852928659
0.042273789697522962
0.042262522686183232
0.042258013292414548
0.042254570355351413
0.042254541015608355
0.042253556911179303
0.042251138210717888
0.042250771305992134
0.042247969037296343
0.04224613421933824
0.04224411526129479
0.042243399352049862
0.042237229832288559
0.042237090147727863
0.042229219800684455
0.042219142058250322
0.042213201420937735
0.04221250652768159
0.042205249302581425
0.042197662493648744
0.042196640139542371
0.042194170631765254
0.042192048221293126
0.042189242211657776
0.042188710408865418
0.042186834123019462
0.042185047179004564
0.042183676153929046
0.042164135932327297
0.042151478435776171
0.042150300610156795
0.042149638352063798
0.042144497422641189
0.042142859067507178
0.042141346848509176
0.042129971199271719
0.042126145319671265
0.042120458383407479
0.042114166982283541
0.042112956102244602
0.04210184748808625
0.042100976391294231
0.04209883714154148
0.042085981014729865
0.04208346571938576
0.042080093677172088
0.042079637638809071
0.042076988272851321
0.042076459870440626
0.042068899591000311
0.042062786109379545
0.042062490984911285
0.042062279781375077
0.042061954329221933
0.042056205353248159
0.04205455940191874
0.042047428064194946
0.042046518534003104
0.042046105206264527
0.042045651174505747
0.042039425804344339
0.042038397717786849
0.042025814177991366
0.042021605706085437
0.042014084315257542
0.042007242722418542
0.042006988804150908
0.042003908067997822
0.0419990099370312
0.041996733952243029
0.041981228165767957
0.041978480863743735
0.041973231117972847
0.041973068308618453
0.041972806655642063
0.041962838409570442
0.041958190634306079
0.04195748310777242
0.041947249864320378
0.041946148720007938
0.041946062522144535
0.041944833588748294
0.041940739174404995
0.041937294675242293
0.041932143954689069
0.041916617868820588
0.041916518940637575
0.041903852850018561
0.041901134923047249
0.041897384067964311
0.04189419302162338
0.041893968863572266
0.041892960844213838
0.04189252754809742
0.04189046909886248
0.041889903808041778
0.041889319791478405
0.041884070040861851
0.041882151013098244
0.0418810697063128
0.041870286278691868
0.041854307473050557
0.041853810691462046
0.04185315632263728
0.041850921499837677
0.041848784420374971
0.041847466308305215
0.04184213287953531
0.041836571831750137
0.041835881531048814
0.041827668786588869
0.041822988433936344
0.041818713503794576
0.041817728489321353
0.0418143067527562
0.041809303946708259
0.041799508874164573
0.041795674388080614
0.041780629289705572
0.041770167111738719
0.041761253943788608
0.041753985470216692
0.041753530951232284
0.04174914746473294
0.041745996254052009
0.041745356712638397
0.041739324472411396
0.041735646516242682
0.041723885932998687
0.041721901823938555
0.041715849040450607
0.041713067858910137
0.041709232526096332
0.041707072280867528
0.041697437182081069
0.041693011829249858
0.041690788836328492
0.041688555724025994
0.041687516855617487
0.041687176054983011
0.041685718849823451
0.041684030816747784
0.041679733144819563
0.041679073207053739
0.041676430803454623
0.041676424442674623
0.041676293710046414
0.041675628778223672
0.041660705787921422
0.041660442911027613
0.041652908823951687
0.041648266945134099
0.041640455110268065
0.041636646226151694
0.041636201327954363
0.041633677599571366
0.041629886882826761
0.04162572265158275
0.041610833162376883
0.041604533966837429
0.041603522355261956
0.041590460602667384
0.041584664295068512
0.041580026842628966
0.041576198359548053
0.041572868037689496
0.041568494278830012
0.041567633771720271
0.041565856065321385
0.041563132772549111
0.041557760511398839
0.041557006424325992
0.041556270542288165
0.041555880615858277
0.041555551089586938
0.041554600763327308
0.041550271844702641
0.041539996368334414
0.041534510834698113
0.041532205769130297
0.041530866859728253
0.041525463617550155
0.041523139466806351
0.041516116340794849
0.041510817158886965
0.041508620974532374
0.041507067376572643
0.041505446065492398
0.041501054928472593
0.041499034580781552
0.041498870413420659
0.041497363711347941
0.041495907264067683
0.041488652608938345
0.041486836580304255
0.041480350245689177
0.041480260140266428
0.041474509916024915
0.041473999686678698
0.041461641457972445
0.041461468078188825
0.041444648622635499
0.041444253362757637
0.04144371607175832
0.041430633929366627
0.041424113003099602
0.041423016042810838
0.041419365905087352
0.041414948422370895
0.041412167013716965
0.04141006213639651
0.041400307998444408
0.041400288039986702
0.04139517463769226
0.041390056834387248
0.041384782970629502
0.041382708414992475
0.041380954267811187
0.041378112204859145
0.041375179181993543
0.041372534021861224
0.041367855491295201
0.041366891382628015
0.041366686619012653
0.041366682283566852
0.041356975899932182
0.041355316474041275
0.041349654649695811
0.041349595520057271
0.041335133922254144
0.041330221540525985
0.041328400765509442
0.041323308915069745
0.041313546962520459
0.04130662054439644
0.041305870695776958
0.04130528648219832
0.041303482119621461
0.041297153946925472
0.041289987252520498
0.041286434569794722
0.04128381327080765
0.041281744708734608
0.041278319448911964
0.041275080918961878
0.041265583625783885
0.041262917827505852
0.041261144154234923
0.041257952004696036
0.041254803387481616
0.041249971182972717
0.041243406396555542
0.041242815422209145
0.041232265153706336
0.04122104215843185
0.041217101825617407
0.041213828299138847
0.041210942371945163
0.04120775416816258
0.041200781137035118
0.041200460656972498
0.041198657071576633
0.041168955870483852
0.041167608059395122
0.041166030717918529
0.041164889960541379
0.041162878054676173
0.041161649896698203
0.041158317839584853
0.041158097029242592
0.041145684532659398
0.041141758328632455
0.041140400848933847
0.041137038664582577
0.041134102622099336
0.041132959417470062
0.041131439279142257
0.041130797307709889
0.04112808353108445
0.041121489255592711
0.041118531454415512
0.04111798745553092
0.041113312634207699
0.041109713096365151
0.041107367300322092
0.041104787377037176
0.041103980472286437
0.04110193428684733
0.041101404946918468
0.04110033369954131
0.041099982382401347
0.041098422274541711
0.041098057302015462
0.041095955834998574
0.04109267672851117
0.041089544155379285
0.041082444394355509
0.041076045112476478
0.041073937814906529
0.0410726616349643
0.041071500687189642
0.041068843022575498
0.04106864592660818
0.041067342840263407
0.041067137059587394
0.041066030425720115
0.041061764255972098
0.041060695787028173
0.041059289819762687
0.041058517511256054
0.041048710267189925
0.041044996504801763
0.041039618718281545
0.041038317416501033
0.041034113733154534
0.041030885904429486
0.04102939662638351
0.041028146207924547
0.041022172189856994
0.041020106863833922
0.041010336571582137
0.041006216567801436
0.041002338322474012
0.0410008946537124
0.041000112768303162
0.040997823303030007
0.040993114165352625
0.040992668473724389
0.040991861863281132
0.040983057995281701
0.040981437494260496
0.040981278521952845
0.040978568455473395
0.040973911976878247
0.040969169833612179
0.040954766350827412
0.040949492147708051
0.040939402914418374
0.040926823949120401
0.040916637477725254
0.04090977259072795
0.040901378453733643
0.040898798132661902
0.040897404807258536
0.04089489596189818
0.040893428711712199
0.040891837254930126
0.040889687989407814
0.04088601112564566
0.040885550690963092
0.040882429536787904
0.040880009520879952
0.040877809519976847
0.040858004737445788
0.04085230529319079
0.040849717642876752
0.04084823156712554
0.040847645488826016
0.040846000615962948
0.040845529949782598
0.040845321619453125
0.040839684235021566
0.040835854254418574
0.040831774259359341
0.040826742111374666
0.040826199659444527
0.040824370243313396
0.040817641384744217
0.040816079337331092
0.040816045841618458
0.040810892712724881
0.040810665540337215
0.040805512457622282
0.040805399813278437
0.040803683404084821
0.040798887250304693
0.040798221907153528
0.040790210192473073
0.040785338775283737
0.040780963149044239
0.040777887795680638
0.040767582441065674
0.040767040925715745
0.04076641646773007
0.040762903909936463
0.040761332815216683
0.040756587341190489
0.040752917431561439
0.04073769362115455
0.040735673045970699
0.040735148324703728
0.040730945914267493
0.04073093498837696
0.040725489503347811
0.040724489843494097
0.040721499565327182
0.040720203070598149
0.040719288536772563
0.040712198908033272
0.04070934479526335
0.040707376521239375
0.040706742840985029
0.04070593318511595
0.040696043416922505
0.04069577762853429
0.040689054259447563
0.040689027187195748
0.040687147904680442
0.040686574797647514
0.040683361251215411
0.040680242286742982
0.040656741550691523
0.040654167536153391
0.040648497604385207
0.040646133389720882
0.040645803175961948
0.040644860306936891
0.040644151848090899
0.040643893261961224
0.040643699844388932
0.04064270640266518
0.040642419075819135
0.040636813197579245
0.040628879237223185
0.040628352403697408
0.040623937548015139
0.040619249664097766
0.040613306959645955
0.040611846771696949
0.040607798942999311
0.040591175157758466
0.040587537793593483
0.040585389119377618
0.040581205381219267
0.040576182701239895
0.040570911256394677
0.040569643268150046
0.040569234653854487
0.040566777603603985
0.040561014142747993
0.04055882217958455
0.040553375256641787
0.04054387464403527
0.040543817626717861
0.040542481947203154
0.040542106846126608
0.040540012162751091
0.040537030765302413
0.040533828452327642
0.040533041209635023
0.040528116233145894
0.040527849276352126
0.040527519515895852
0.040523286483321569
0.04052139325211631
0.040511004851304391
0.040504755336007399
0.040502191234426631
0.040502072109604922
0.040493268401209183
0.040488830580077413
0.040487574380814934
0.040481511536186905
0.040477218416147785
0.040472271090375204
0.040465024686887965
0.040463752723380958
0.040460735805337024
0.040460170674787022
0.040459084022196959
0.040454631670684832
0.040452117510370068
0.040450956098976948
0.040444575349322068
0.040440320598973858
0.040439186762524677
0.040436236151615852
0.040410246492508052
0.040406495919291366
0.040402926382505928
0.040400069651966714
0.040393031883835522
0.040392950229090847
0.040387558768771099
0.040380426213876268
0.040379321457791814
0.040377470615304591
0.040376258268947383
0.04037487728824049
0.040370045533362459
0.040369515637281174
0.040364589796023191
0.040363260033913988
0.040344519169870523
0.040343202542925005
0.040342927985279005
0.040340433651993461
0.040337329360573111
0.040331291352606428
0.040325668375943473
0.04032320412343552
0.040322698767200925
0.040319323223802161
0.0403158571124392
0.04031385691077715
0.040308911525485838
0.040308322423262079
0.040303026615966166
0.040299746882148477
0.0402865006645571
0.040283990405266479
0.040283865465254601
0.040282947494139146
0.040277820193584182
0.040270264718573028
0.040267158899812201
0.040262158748615572
0.04026196910596265
0.040258633827674119
0.040252858509535715
0.04024773275118277
0.040242731551004968
0.040229953277477602
0.040225746823275739
0.040220542910296017
0.040217834451086912
0.040216443556221344
0.040215020660853813
0.040204541952513155
0.040196408155516686
0.040186524957351547
0.0401838177579594
0.040183512853451057
0.040171894292868493
0.04016497685254123
0.040164702603996898
0.040154312254609907
0.04015402479223016
0.04014805669332188
0.040146008667194512
0.040144195296063133
0.040132238169984992
0.040126456352004486
0.040111497835869078
0.040097919806985981
0.04009101125423057
0.040081718968120829
0.040079101419949623
0.040074695253421125
0.040074315874945053
0.040073690322479663
0.040073214840727261
0.040072825407968429
0.04006373543432297
0.040057119245229728
0.040048932923601198
0.040036440328155398
0.040033862573167746
0.040032053257415032
0.040031052197480023
0.040030416213585419
0.040027623734780006
0.040026759106391176
0.040026476327332222
0.04002396674128663
0.04001910630154417
0.04001374390736967
0.040012075046019321
0.040011350753618481
0.040006882198950204
0.040000114879553503
0.03999949693656752
0.039999084515236559
0.039998654099312858
0.039992330064077826
0.039990888260588948
0.039983377075338625
0.039979012090506402
0.039976371754570479
0.039974457607269483
0.039971785344308404
0.039968367406669217
0.039962507560643422
0.039958125828485069
0.039957418550201441
0.039955665428544514
0.039952201838927275
0.039952085328669396
0.039939550226925191
0.03992987943592672
0.039928631867087797
0.039928422994961181
0.039925418445462824
0.039921148747282954
0.039918918118167147
0.039912327052283265
0.039908273401580444
0.039907329532386696
0.039906425597631599
0.039901128335770308
0.039900805349112757
0.039896422018532024
0.03989132909499539
0.039891287607797289
0.039877948976589549
0.039871949076278931
0.039868643492866201
0.039864795176262874
0.039862638216352102
0.039860238296026786
0.039859146735836903
0.039851853587484255
0.039850301180952133
0.039849300777553387
0.039841940185279277
0.039833705711913824
0.039828295433095628
0.039825483581489053
0.039820496289119704
0.039814283460307749
0.039799707607041969
0.039798624325264202
0.039791493752978073
0.039782994490292996
0.039771959658437613
0.039770143043114457
0.039766756611641314
0.039761857315454487
0.039759347487582579
0.039758946205106026
0.039758233696515752
0.039753277822098247
0.039751487285937533
0.039750160813585185
0.03974589670057864
0.039743293665350225
0.039740070089894851
0.039734949932106925
0.039730338843883224
0.039724767930752442
0.039722500819462964
0.03972211180067442
0.039719358288763773
0.039718195040412588
0.039714841510462451
0.03971391535515844
0.03971200769797651
0.039711016672294305
0.039708414516707778
0.039706448716472519
0.039705418672551042
0.039701811308527381
0.039696392874238554
0.039695904541201248
0.039695882566700133
0.039691424367587491
0.039689599147468058
0.039689428704477545
0.039688474515087176
0.039688214802907455
0.039685761939118679
0.039681195938640418
0.039680791454149017
0.039673991555777673
0.039670848107893668
0.039668240570323032
0.03966234509986187
0.0396531348012851
0.039648268974925419
0.039623103373643942
0.039618922911166282
0.039600441883319494
0.039597471185392016
0.039594145826744843
0.039586360502774552
0.039585952805069206
0.039578923078656687
0.039574330838306977
0.039574175900050711
0.039568977625782313
0.03956014152195074
0.039557023582088714
0.039553116210559888
0.039542403149528102
0.03953414152485106
0.039529195729474033
0.039528446017369531
0.039526571276016734
0.039522546345946249
0.039503310086317509
0.039501967768190982
0.03949877470940974
0.039482852164884126
0.039479343193706669
0.039477692105519921
0.039467452100781369
0.039463220120551035
0.039446199147417906
0.039445074918907891
0.039444796461501327
0.03944158484058418
0.039441551219714113
0.039436298096201576
0.03943606630053522
0.039433173796072744
0.039431656539157874
0.039430741898169128
0.039428878561053336
0.039422774527044881
0.039420425349327541
0.039418455071125354
0.039413216970915696
0.039410932392074299
0.039407164278197224
0.039403997733148205
0.039403260236556034
0.0394013443650231
0.03939371128473737
0.039387509603347935
0.039373033781638429
0.039368957224823461
0.039366863190731391
0.039364449804038658
0.039357938729849079
0.039352096404910011
0.039351640826996041
0.039349443279734136
0.039339025970203952
0.039334894564768678
0.03933377638432433
0.039332446483584915
0.039328816493661448
0.039319915445140859
0.039315619976281045
0.039313480400252544
0.039308953847665987
0.03930334961873428
0.039300110863044996
0.039298552033235339
0.039289441269346762
0.039280713783169531
0.039277676836031915
0.039276103054014459
0.039274945827104377
0.039269216753216568
0.039263974999300108
0.03926246921678711
0.039261224806949602
0.039251464021384123
0.039251356766953342
0.039243654465154425
0.03924301238993691
0.039242344454751804
0.03923673359815015
0.039235265988680268
0.039234689568486851
0.039233547093321657
0.039229281130329328
0.039228616592555665
0.039224252384415223
0.039221023002749308
0.03921856482334541
0.039209461601693793
0.03920305637863087
0.039199106371023897
0.039197238406354751
0.039195086709485856
0.039191382937656762
0.039171299650916432
0.039168994719121185
0.039166775425649857
0.039160425775433029
0.039157744278910077
0.039154297193746142
0.039151958388417965
0.039146017076532848
0.039137169349746967
0.039125439665981157
0.039122812765250321
0.039121637452997696
0.039120022508017854
0.039116613217641323
0.039116160384607496
0.039115625535084977
0.039111913749053963
0.039111423628623541
0.039108231075138535
0.039106717393987238
0.039098365152904768
0.039096506573162541
0.039096338389370516
0.039092469861507426
0.039087928313584389
0.039079546943852531
0.039067621486876133
0.039066291002022427
0.039063577795113907
0.039048105331454294
0.039042741875699311
0.039041311564377776
0.039035173230641609
0.039030381031998483
0.039029433896287574
0.039028717478980915
0.039020228524948498
0.039018695395616927
0.039017655362792343
0.039013808529171461
0.039011947350780035
0.039009554717193501
0.039005973411198498
0.039005891955167231
0.038999031911069633
0.03899696041293034
0.038987997226542614
0.038985153403599086
0.038981801475171177
0.038980159897463361
0.038975738414635017
0.038974495102566994
0.038969805853857842
0.038965752590366068
0.038950543270334773
0.038949233707046671
0.038948290423213738
0.038948150117769219
0.038947345687603822
0.038946396908027946
0.038945047369851465
0.038935069062886692
0.038918178746242101
0.038910767763130238
0.038905115732177045
0.038904492719484741
0.038900723582743539
0.038879121384568852
0.038877816457743457
0.038876945057876401
0.038874251227755813
0.038872219790805511
0.038861125379416404
0.03885792402053239
0.038857302723916333
0.038856540802513287
0.038855797575846424
0.038853587879418658
0.038849844561311436
0.038842909287083505
0.038839459971964828
0.038837919742057053
0.038836869660863076
0.038836812399212522
0.038836579339958016
0.038828342213273803
0.038821286589253379
0.038818826745660673
0.038805565196593693
0.038801027034881586
0.038797577894601108
0.038794259542702235
0.038789837775987032
0.038775244255564278
0.03877408715906102
0.038773420850624761
0.038773067819471221
0.038768307165780988
0.038763144633500397
0.03876200398730429
0.038759067876763059
0.038756588177638725
0.038756098212109326
0.038755918834126775
0.038750861056205683
0.038750571125273865
0.038749673182712489
0.038743418225338319
0.038733896201884076
0.038732987380071221
0.038732354546669824
0.038730494663726509
0.038729734969632022
0.038728109875127772
0.038727496256731324
0.038716100188014142
0.038715393547212186
0.038714370661634641
0.038705965154686543
0.038703493463494734
0.038702803016912986
0.038701084647618039
0.038700043124209722
0.038694116331897684
0.038692882607913766
0.038692791980860987
0.038690729320900834
0.038690334358231597
0.038681453904882486
0.038678960759328883
0.038666568965252383
0.038665766487624681
0.038651767755580643
0.038648077266020632
0.038645827441582854
0.038637986884931801
0.038635661070071749
0.038622893510928069
0.038610264902781646
0.038604984501217805
0.038602713842587559
0.038600881478698952
0.038598815615283194
0.038592342208769573
0.038589026847794215
0.038583076427622806
0.038582804527641144
0.03857847083306875
0.03857004103112633
0.038567111113072247
0.038565894629179989
0.038563869940681658
0.038562381359317027
0.03856177776162268
0.03856023487931394
0.03855821147105995
0.038557632747646342
0.03855615571206561
0.038555265117368905
0.038541077275778705
0.038539234300240525
0.038534318357086671
0.038532332494369423
0.038528499864505475
0.038527705025538442
0.038525478726342446
0.038519862977920302
0.038516839848573882
0.038515910040706362
0.038513648149268977
0.038511249902187406
0.038510486958299429
0.038503447262763404
0.038501789431450391
0.038500904155590848
0.038500088192309677
0.038497617793172345
0.038485885073878588
0.038482571532143989
0.038480524812577306
0.038479583481902738
0.038477423294128676
0.038476154390078503
0.038472040750231883
0.038469930854835445
0.038463008916342439
0.038456770268527805
0.038452511366754365
0.038450123456176342
0.038445972566676014
0.038438094314651304
0.038435290605829404
0.038430072753422702
0.038414565686674076
0.038408992292810258
0.038408390394681427
0.038400433717933731
0.038398658323380769
0.038398257680981825
0.038395442810695936
0.038388567441332247
0.038384247735023268
0.038383755629776209
0.038381028325547031
0.038379734040128351
0.038378501921146134
0.03837564932241852
0.038374038502522217
0.038373048438568653
0.038367249293214181
0.038359554223421639
0.038351510208167773
0.038350366929212669
0.038347776384912449
0.038343928776401512
0.03832431989148876
0.038319262175345946
0.038318438219691532
0.03831457166329668
0.038314369276669404
0.038314199210591086
0.038313576440909741
0.03830761363849846
0.038304839859061211
0.03830407797898288
0.03830252991111497
0.038297976699157688
0.038297398164748954
0.038295243181978605
0.038282132334498849
0.038280470508075086
0.038271056404003349
0.038270207037597252
0.038270173901319191
0.03826669139200288
0.038265554298458272
0.038264389175410425
0.038261088622342357
0.038259239779099126
0.038259206715286528
0.038257490128110826
0.038253708668414571
0.038249572877036821
0.038241818866699522
0.038239266930975985
0.038238641309809876
0.038233047254159512
0.038231991750078638
0.038231656187298943
0.038229115209882016
0.038223802330811761
0.038221636219212471
0.038219772478452776
0.0382166647957667
0.038216656961023783
0.038215791141448532
0.038214371252370635
0.038204235854821397
0.038189520319501742
0.038188113882101207
0.03818393801869556
0.03818370036588916
0.038183140533173426
0.038181194232266812
0.038180256037310921
0.038177133201677399
0.038172498038963526
0.038166204046548316
0.03816431119653621
0.038158457524658317
0.038155666093621851
0.03815294335333675
0.038152784128613955
0.038150553617428841
0.038143060871310523
0.038142922688014121
0.03814192121928426
0.038141070735441908
0.038140948871301344
0.038132595036539187
0.038131717629235735
0.038128902130210668
0.038127332417761721
0.038125970590463854
0.038122612251022155
0.038121213992552312
0.038116950609169739
0.038112760398188297
0.038111737183300541
0.03811114854520619
0.038104721327460851
0.038095805039784859
0.038091592696957929
0.038087239846934622
0.038081988130506138
0.038078531192390339
0.038078109808066113
0.038076840253589782
0.038073031056983155
0.038067063695531499
0.038066259548303144
0.03806161217047288
0.038060778609001242
0.038056294038079273
0.038056115454768696
0.038050531634249131
0.038044530080695423
0.038039814009998021
0.038030695145452001
0.038029082419820275
0.038028800973159832
0.038028435839606155
0.0380265781820842
0.038025367843307491
0.038022449923236577
0.03801418704869397
0.038013023944069656
0.038009175751482632
0.038008479108513439
0.038007717238470497
0.038007478978192302
0.037995669638434079
0.037994559298696905
0.037988440336034941
0.037981882302110935
0.037980619492027905
0.037979645539755622
0.037977546397717096
0.037968767121508963
0.037967968082608328
0.0379644934894156
0.03796445167146744
0.037959130067857616
0.037957710841074972
0.03795614925637416
0.037953390547956413
0.037951129737536594
0.03794823452413356
0.037947180430167968
0.037946091104006159
0.037943633450715865
0.037936754174497815
0.03793320993135417
0.037930109378887571
0.03792760237864623
0.037918151411934824
0.037915126416871225
0.037908245433241616
0.037905623468757421
0.03789634240718423
0.037886042919334978
0.037886021323983159
0.037882762707000535
0.037876485711550174
0.037869627513695769
0.037865322776478048
0.037864617705596612
0.03786314331404373
0.037861289775144143
0.037860768537781413
0.037859086126098715
0.037858881120981937
0.037854869144924606
0.037844663710385133
0.037841251120262889
0.037839652039452984
0.03783230658562154
0.037830308290096884
0.037826695009924943
0.037825272313390883
0.037823856020327146
0.037816207032645544
0.037816026465085806
0.037804411879830059
0.037803770575946354
0.037798981796089974
0.037795135382608556
0.037794236087963451
0.037788665460903779
0.037788503818825883
0.037783315444750241
0.037780406117085504
0.037774359383382868
0.037773519390754559
0.037771862367359618
0.037768782604409662
0.037767797072256068
0.037767784200953017
0.037754681630452674
0.037753582482593147
0.037746722553916701
0.037741030106842439
0.037733909434193552
0.037732012200232604
0.037721214991112709
0.037719195604975754
0.037713120858331443
0.037710100331676752
0.037708131915470303
0.037705115578060083
0.037704615317155778
0.037702799490995587
0.037699828892010054
0.037691020661766418
0.037684042806202113
0.037682004053122553
0.037680827482740827
0.037679819842929667
0.037678844413515884
0.037677690673782807
0.037674602592350614
0.037670664549127097
0.037670534743740249
0.037665815125086703
0.037658459658346327
0.037653173378809232
0.037651462168492932
0.037646999341765006
0.037644417157826793
0.037640335827024737
0.037639363542073055
0.037633235883872532
0.037632430364731899
0.037631330726176089
0.037628904183692052
0.037621783912564627
0.037616729766779579
0.037614340598821169
0.037606615606940487
0.037605620396787109
0.037600453200557264
0.037600385071603321
0.037599756520967365
0.037599544337522002
0.037597112687096423
0.037592980363766612
0.037586012306877102
0.037584990795068204
0.037580109988129627
0.037565642627394098
0.037563030289070862
0.037558799537324605
0.037557910884596389
0.037546524907529709
0.037545746869325734
0.037540047535012042
0.03753987644436068
0.037538342628484725
0.037533064971093912
0.037529776237366468
0.03752288061287367
0.037519956027481954
0.037515582015850014
0.03751496025051497
0.037514806536951571
0.037512826287274072
0.037510649225700139
0.03750932925556183
0.037499418866068931
0.037490138971609979
0.037489800107061613
0.037485775549126452
0.037479685569552272
0.037474121193198956
0.03747329753543021
0.037472850684952992
0.03747130048138126
0.037470340942999156
0.037467761784001442
0.037461980939892794
0.037459296841576811
0.037456652809885353
0.037446465953287399
0.037444380977700982
0.037438607024380822
0.037438173273954045
0.037436998215750042
0.037435378072680277
0.037434382143413568
0.037431814865069406
0.037428452633160081
0.037416031345436286
0.037405784549772253
0.037405046715339535
0.037404510585024364
0.037403129164293683
0.037400610625929635
0.037398753685618173
0.037393448211432555
0.037391139302734702
0.037390566011159587
0.037380950080883275
0.037374241391152863
0.037366388465539885
0.037365526450795945
0.037363100447223907
0.03736299675133526
0.037361334699660902
0.037355560550124116
0.037352548046256262
0.037347792953853848
0.037343341653859913
0.0373414455625211
0.037341354071129304
0.037338225115460595
0.037334799231061713
0.037327232762540304
0.037321721332719326
0.037319630730532891
0.037313043248266939
0.037312564450703349
0.037303997109376659
0.037300201885309421
0.037295635743941555
0.03729113117311441
0.037289077616137707
0.037283156031620079
0.037281822491396575
0.037280207623578282
0.037277332511840885
0.037275105498986896
0.037273183901466472
0.037267883912143418
0.037265476318432605
0.037263962556738243
0.037261067238048499
0.037260290079107222
0.037259317080500863
0.037258080664867264
0.037257926494684665
0.037254912062281625
0.037254084189520829
0.037252756344204878
0.037245412643936431
0.037245170047933283
0.037245153136166213
0.037241800363395659
0.037235935203177306
0.037234680377158658
0.037233554488227745
0.037229931604907111
0.037224523627114717
0.037218567346650779
0.037214550222426625
0.037212615164587258
0.03721248543722204
0.037211623724918944
0.037210763658775986
0.03720997282538626
0.037207134984016142
0.037203712651155671
0.037196622326841594
0.037186106039506117
0.037180009136388158
0.037177814981120876
0.037174305124390197
0.037173797245952121
0.037169940097049506
0.037166610016420153
0.03714335623284791
0.037142507879132626
0.037138633017167431
0.037137097550589679
0.037136248699446033
0.037134141022212144
0.037133997524676506
0.03712944588491425
0.037128244870431926
0.037121068018950015
0.03711621495896715
0.03711616724111487
0.037114127177489561
0.037110840512892942
0.037110460580018045
0.03710763601563162
0.037103886816177982
0.037101074554790864
0.037095548595144578
0.037093525564384174
0.0370924438656473
0.03708629244373355
0.037080252675306027
0.037077748390496275
0.037074541263289101
0.037068119323742134
0.037066013862617639
0.037062138100222124
0.037060309035560929
0.037060258051725165
0.03705984816339996
0.037059254850332589
0.037053668668208792
0.037052103279200145
0.037050121219666055
0.037048156376179413
0.037044583440068418
0.03703927523081689
0.037038602936737372
0.037034799631392265
0.037033771012660012
0.037031951078670147
0.037029790508061718
0.037029227712773151
0.037026505936126441
0.037026344179602197
0.037013479687994517
0.037011844621544401
0.037007060461891436
0.037006149451305891
0.036999244908665289
0.036994506995488036
0.036994237119162519
0.036974757031001171
0.036969592931953045
0.036968135310157059
0.036967328357330319
0.036964514383101672
0.036959554778352319
0.036954773614459271
0.036952853432335543
0.036943813162599363
0.036941976721620029
0.036937495380442775
0.036934485623237423
0.036933081507885927
0.036929425598570341
0.036924533304108838
0.036921090124576374
0.036914427403071576
0.036907964770300006
0.036906668585071037
0.036906457331990064
0.03690512780709003
0.036904150204858578
0.036903055175639507
0.036902459370372419
0.036892558106439981
0.03689093525327343
0.036889582299022075
0.036889474703026004
0.036885875531796924
0.036884597972378454
0.036873167671744637
0.036869930281880653
0.03686248464535951
0.036859063628842934
0.036856834664386884
0.036853937130477389
0.036850229630044834
0.036849189515982581
0.036848748086224244
0.036844720206298233
0.036844395140935023
0.03684188880916902
0.036840892438060893
0.036839705654100122
0.036834674913367893
0.036831249511176639
0.036827642490204704
0.036820740177531043
0.036818150569965659
0.036812644660661954
0.03681254711355942
0.036809954846618941
0.036805149362318337
0.036803027873238463
0.036797538715573341
0.036796682141155369
0.036795912697235672
0.036790444514520682
0.036786331235283715
0.036779505313569584
0.036775300667523346
0.036772141584473707
0.036766470225523255
0.036759271113518635
0.036757963020151774
0.036755546824948533
0.036752258857431983
0.03674242199516331
0.036740382789635748
0.036740258752227063
0.036738196247436627
0.036733118627953816
0.036729449172826355
0.036727811340951717
0.036724432197539174
0.03672304620936926
0.036717973970582858
0.036717114880517099
0.036715940269115357
0.036713583137968492
0.036710767286197106
0.036701682245768877
0.036693571939537248
0.036691447287139127
0.036685062598231497
0.036683939846970673
0.036682229111002045
0.03667479480518699
0.036673494770650378
0.036671503041542111
0.036669642675887903
0.036667183901488536
0.036657945101991392
0.036644793488374669
0.036640445202987759
0.036637175524217268
0.036633727738167081
0.036632283743434538
0.036630298289462147
0.03662493593056354
0.036623822363980985
0.036621443877674305
0.036619885543527492
0.036619757514339879
0.036602735685131338
0.036596719383983414
0.036588780324627687
0.036577866722134887
0.036573063471232459
0.036565493985810972
0.036565092206028257
0.036558433392529288
0.036557159123838716
0.036556735014311746
0.036552331988661681
0.036541853125512523
0.036540456523731286
0.036539603243639251
0.036537564052371789
0.036527899318552846
0.03652137430611737
0.036516438438051371
0.03651245925549116
0.036511675398721133
0.036507222146617432
0.036498489147589137
0.036493846653283264
0.036493237159398395
0.036492904509393971
0.03649221351475368
0.036489509633925631
0.036488439383144299
0.036486393580598367
0.036485458906773169
0.036467519392681801
0.036464974514786724
0.036463446033590433
0.036461618761428297
0.036459787388562793
0.036455784229851212
0.036455717807873156
0.036449525640314916
0.03643810479457487
0.036434140303538698
0.03643252493659406
0.036428789910145969
0.036421342109632465
0.036419671299907495
0.036419302063936197
0.03641675276069907
0.036402042553808321
0.036397388159993695
0.036397193564523166
0.036387338637442
0.036385698735813501
0.036385540345308692
0.03638499750925215
0.036383451327313326
0.036382494463497075
0.036379971089553667
0.036379504257675353
0.036375366705516991
0.036370711148637873
0.036368548349394444
0.036365717265310973
0.03636497365659988
0.036364873048679823
0.036361807101789032
0.036348715649274548
0.03633865391925812
0.036337270415764726
0.036336867717093338
0.036332552923949775
0.036332373470423743
0.036314000705912154
0.036296555615772663
0.036293819398620628
0.036287106393076141
0.036286645887419075
0.036281999835990758
0.036280433167041812
0.036272729823135917
0.036266142654300379
0.03626068779300199
0.036256287322941616
0.036249857256379574
0.036246183065128994
0.036244370860289317
0.036237006212592814
0.036233783248125762
0.036218988244177582
0.036212788267022976
0.036211441526748198
0.03620812627778857
0.036208032643164467
0.036205579591738118
0.036204201088830198
0.03620417499509461
0.036200395465640807
0.036196095696961188
0.036195908808549886
0.036194532673468893
0.036188435524516747
0.036188032776793076
0.036183799673963686
0.03617943381110228
0.036177741493107193
0.036165587716083442
0.036164084731812811
0.036158617514621766
0.036150473694621217
0.036148934537692627
0.036146454280309805
0.036146442366036771
0.036145949237690579
0.036141281689183756
0.036140170100435229
0.036134250217634646
0.036133482281957015
0.036133396744909091
0.036131547230341822
0.036131455915762077
0.03613133130735928
0.03612714904311249
0.036122503329830954
0.03612240337877512
0.036121288098406514
0.036110601635959798
0.036107448943367745
0.036097899350176599
0.036096584972813602
0.036096181565084311
0.03609308575555488
0.036084772049299149
0.036083456077993722
0.036080631615426059
0.036079484568832337
0.036078181464298968
0.03607402685143684
0.036066965897901641
0.036065046434957775
0.036054324928030373
0.036041890463457286
0.036040358451739703
0.036040027434651553
0.036039450180137191
0.036036706164979622
0.036036624487514213
0.03603660777032508
0.036034318329533008
0.036027749228822972
0.036027386977440089
0.036025846333731751
0.036019743241220488
0.036013850099747807
0.036012970974378916
0.03600885646297193
0.036008093838367054
0.036006642662836374
0.036004140106891701
0.036000231723047428
0.035993058160809589
0.035990809228682592
0.035989760767009389
0.035985274514687166
0.035980212519497311
0.035979360188598312
0.035978468023768521
0.035974286095305653
0.035967411505641873
0.035964853284854638
0.035955406722983169
0.035954662968851941
0.035954660686379279
0.035952515205116477
0.03595085509267764
0.035948509032823754
0.035948352445851706
0.035945519657284694
0.035942828728644426
0.035940988354037195
0.03593953258545006
0.035928999643719026
0.03592658139015574
0.035923370623515749
0.035923071300856466
0.035921833667321275
0.03592012776216677
0.03592005996950115
0.035919649575467727
0.035914356638608619
0.035914257299688147
0.035912451688617508
0.035909141235074035
0.035905596016935146
0.035892286130435873
0.03588683996585755
0.035886735716469886
0.035882666507712935
0.035877741233206945
0.035877408959387368
0.035875542400837825
0.035872367611427654
0.035871763091159456
0.035871440965269494
0.03586816098111667
0.035865699393805593
0.035862732166892772
0.035858922895117655
0.035855428065857231
0.035852184723921383
0.035849237777914343
0.035848687146428221
0.035843597007416288
0.035841290032291834
0.035839317866152333
0.035837094362388681
0.035836961244614475
0.035828166861220943
0.035825245352489897
0.035823935175815697
0.03582272814117219
0.035818881715676973
0.035816641161234501
0.035814915668358586
0.035814672001734701
0.035812139082340266
0.035811248323749038
0.035806585299696284
0.035800582545293787
0.035797284699107548
0.035796186362990361
0.035785460349569684
0.035779623259345042
0.035777537275741976
0.035776194722889468
0.035774335643126778
0.035770121378813961
0.035755269258458414
0.03575497581205566
0.035750587428173178
0.035744690289616105
0.035744394656551701
0.035741755347721116
0.035735115272695454
0.035734034494712408
0.035731184225548676
0.035727914066031492
0.035726770138539025
0.03572523831085693
0.035723216546002336
0.035714083100821643
0.035706537662466224
0.035701997378638189
0.035691066002440479
0.035684076090811492
0.035683281221644415
0.03568040231198441
0.035679350846345867
0.035677499932392505
0.035676300813934282
0.035675985403698554
0.03567271458554367
0.035671439978470505
0.035665717446343524
0.035664567450313871
0.035652037493759024
0.035649980392460361
0.035649755145481125
0.035648829912829048
0.03564544253100884
0.035645375225962131
0.035641306863563788
0.035640962475385965
0.035640706184419647
0.035640407874517964
0.035629500320408937
0.035624168657730326
0.0356218368938723
0.035621040754655713
0.035620582362006326
0.035620169349665762
0.03561437615727648
0.035609900481736054
0.035607601549068786
0.035602799117092444
0.035601378886357726
0.035598454755939285
0.035595416657963605
0.035587380711042234
0.035587184528269457
0.035579302362376254
0.035577399591811498
0.035571847772265137
0.035568100729974732
0.035562014231578891
0.035559339684095158
0.035551679461304365
0.035549470560896843
0.035548780983605394
0.035539439039800912
0.035530421830280469
0.035520617729833323
0.035511382356725685
0.035501715826268807
0.035501027236817966
0.035498330772635214
0.035494350854464743
0.035492326279156314
0.035490183280289238
0.035489956588200089
0.035485181942218891
0.035482462831732967
0.035481434549227732
0.03547678553009484
0.035474442618753294
0.035469434204744896
0.035466964408851241
0.035449761735592965
0.03544541872234408
0.035444673214724658
0.035443155299200516
0.035442505578699879
0.035437540954984685
0.035435790400472893
0.03542990637573374
0.035429229422864847
0.03542645305293405
0.035424308777443236
0.035421200043612232
0.035420279511198333
0.035409776458697889
0.035409363965854611
0.035408707060803346
0.03540460739375819
0.035404373238212446
0.035398527810258394
0.035394568696682061
0.035381455416973219
0.035379287052092603
0.035375494435740631
0.035375039881514338
0.03536863608181743
0.035362214527215052
0.035359588732366914
0.035345190332628874
0.035339732720313231
0.035339215006788625
0.035338982349364584
0.035335179966743312
0.035329767938649781
0.035327690480990721
0.035326762487401561
0.035323832172385314
0.035323691854885049
0.035320695931663447
0.035320591785791423
0.035319329412541296
0.035315197811305453
0.035312761735213249
0.035306060645297191
0.035305860264039243
0.035305201919046403
0.035300051622710084
0.035295259893490055
0.03529210733635646
0.035288946806472217
0.035288840016564217
0.035288291532093785
0.035280206656117988
0.03527423397010148
0.035273759558803776
0.035272908682915591
0.035260912860950615
0.035257612988445167
0.035256587596849465
0.035254793054328236
0.035254202459916992
0.035248076836603658
0.035247460656572395
0.035245502580216741
0.035244722777933862
0.035237520727831671
0.035236845580819388
0.035226965412874095
0.035224500364855978
0.035222839058117517
0.03520838728392843
0.035207433401569732
0.035192079542811235
0.035190335769577308
0.035187385712653223
0.035186056127710405
0.035183963460106632
0.0351798839742931
0.035173542351761081
0.035169097541306593
0.035167340941648417
0.035166635638332923
0.035162615785741549
0.035160140046604081
0.03515370256932572
0.035152230506046364
0.035149911876504507
0.035149182318382745
0.035148443652518235
0.03514616777606442
0.035144557788275431
0.035140773453050146
0.035138643579827523
0.035132524409227692
0.035123053488872048
0.035114068634237855
0.035113157348111011
0.035108402080810404
0.035107875597605649
0.035100846584081608
0.035094626336094906
0.035093790129464765
0.035092632156856665
0.035085711587212215
0.03508535059462
0.03508157807419434
0.035079352246213301
0.035074779429895397
0.035072498524088433
0.035071716838808151
0.035071491120741545
0.035066118419976075
0.035059400145938939
0.035052468642978035
0.035047565437985255
0.035044650426720565
0.035044349315134463
0.035042282999195956
0.035039122564699515
0.035024489317283657
0.035023395119894093
0.035016295708106784
0.035015314519223233
0.035015182336857034
0.035014380735261821
0.035013833165245103
0.035011752769652502
0.03501167958524002
0.035008802228290226
0.035006746998860042
0.035001848527379767
0.034998839282753769
0.034989847595341649
0.034989088305267667
0.034988004752141734
0.034986402071711498
0.034982985591654379
0.034982878055905837
0.034982493440181422
0.034981648791293736
0.034981510484953356
0.034978580252746042
0.034968382644869199
0.034958639789486989
0.034958236812754361
0.034955601758298704
0.03495513285898575
0.034949987471060172
0.034947527094990917
0.03494198410194263
0.034939172587966347
0.034937453898239414
0.034935753432321283
0.034934112863244646
0.03493367911506922
0.034932932059025715
0.034930973582705728
0.034929987907128625
0.034919917422111216
0.034916718308826269
0.034907732369391348
0.034901327411975436
0.034901198711386971
0.034901106525197054
0.034898456748214908
0.034896195920657985
0.034886044308947137
0.034881834706025412
0.03488150986924983
0.034872182064529446
0.034867329594149912
0.034862697302193095
0.034861755531559277
0.034859555946971668
0.034855199039768914
0.034853500749675997
0.034849206303263047
0.034847243543023411
0.034836402404725429
0.034835711006544944
0.034833627842885691
0.034833116343380419
0.034832442263024933
0.034829960892896403
0.034829682594384889
0.034828369653334128
0.034826360071340205
0.034822679518391852
0.034820162052178236
0.034819788515904219
0.034818045645813603
0.034810680520425741
0.034806800599480554
0.034802440408651714
0.034800139478269362
0.03479749807287149
0.034797039051993175
0.03479591519646609
0.034795771099222175
0.034788956640575679
0.034787783977609725
0.034787459821007054
0.034786810275444155
0.034773721839300005
0.034772468906678643
0.034759072467564989
0.034758829684722603
0.034758736352735825
0.034753165674064147
0.034747418397131462
0.034746327652565884
0.034740432346027472
0.034737909873246361
0.034737711801008181
0.034736082929121108
0.034731924296836553
0.034731701443859925
0.034731170163562732
0.034730746055720477
0.034729941454467686
0.034729361021497693
0.034727285657202511
0.03472696560829739
0.034724375485626187
0.034722418552227415
0.03471083559499185
0.034708210434758732
0.034707966044690154
0.034706595463044901
0.034706446890059188
0.03470217435022651
0.034697992032094789
0.034695374289549955
0.034695234624946739
0.034694557264681243
0.034693290110516133
0.03469247308093594
0.034691233394030706
0.034690492749277796
0.034686059744191922
0.034684054201717621
0.034681217711269627
0.034680993205256958
0.034680946819302401
0.034680503976666083
0.03467706065255869
0.034675186402097109
0.034672132144242751
0.034671312895675446
0.034667812005212309
0.034667234313369585
0.034664867316860665
0.03466362049871715
0.034656808961762021
0.034653808473909656
0.034653403244041335
0.034653198985083733
0.034646246223682745
0.034632297449640283
0.034630979940436971
0.034630206260769264
0.034628103481216012
0.034620553708497794
0.034618922049354718
0.034616765898559422
0.034616682902287157
0.034612773156803792
0.03461029755968862
0.034607455828952194
0.034605825836856709
0.034600596538752748
0.034600329546343886
0.03459982939234197
0.034596855403097149
0.034591804158067924
0.034590672733071412
0.034590088596208032
0.034588371509857538
0.034587604738268447
0.034584252000646985
0.034578805796321554
0.034578774775334865
0.034576745556888493
0.034576464554445852
0.034575566150334754
0.034568972495105231
0.03456872847694991
0.034567010890540192
0.034563790969256478
0.034562666241795756
0.034561625075491223
0.034559870361098755
0.034558982145582701
0.034558755544361573
0.034557792079711436
0.034554259605528652
0.034553575271315889
0.034546488378467494
0.034541484885696389
0.034540246384615815
0.034536510126214733
0.034532327883653346
0.034526216198506807
0.034517104345402914
0.034510427595904128
0.034504986434278281
0.034501736923073553
0.034501340451872989
0.034495373182998258
0.034493026790926848
0.03449232847386155
0.034492182523022136
0.034484535887029474
0.034480504361508096
0.034477948414645028
0.034474702678984635
0.034473759353485692
0.034473466884778002
0.034471493848459232
0.034469464889831665
0.034466388139956762
0.034466015610642421
0.034464469749807575
0.03445768549963598
0.034453081392221689
0.034450916529082123
0.034446750991487585
0.034443977595530882
0.034443353381669886
0.034438603169587759
0.034431233778745629
0.034418801433266269
0.034418356636670075
0.034416163459233248
0.034415258214677114
0.034414785855005202
0.034412760602833652
0.034411796332888676
0.034407937323252237
0.034407302244831996
0.034406465031990047
0.034406262991453058
0.034401521203342507
0.034400421972507776
0.034399660982391486
0.034396476897912323
0.034396159686931195
0.034393009582042146
0.034391609852872256
0.034389426466111289
0.034383396433482226
0.034376787733408402
0.034372722264704572
0.034372524911921498
0.034360441483416188
0.034360438000788252
0.034357312336934495
0.03435232892689985
0.034351136227510577
0.034349214607633641
0.034347269848590462
0.034345489378844893
0.034344950099564862
0.034338099118458358
0.034333747595591969
0.034331857117857856
0.034328972428812492
0.034327368970475038
0.034324952616449307
0.034321719612099462
0.034318027033283162
0.034317039306679946
0.034313344844356407
0.034309176040182979
0.034308011929104876
0.034305394762356618
0.034305046158537009
0.034304220228278851
0.034303117723538043
0.034302866208407203
0.034301840025112211
0.034301428349019315
0.034298642847809722
0.034293143326581184
0.034291120276582925
0.034290944806490628
0.034287081186194439
0.03428656424955133
0.034285729913862716
0.034282162182509339
0.034280300760869346
0.034270865277896877
0.034264688330362676
0.034263081134379196
0.034262731264745126
0.034260642133493301
0.034259188231054463
0.034241578544906753
0.03423723747159637
0.034236192143169787
0.034234421669085947
0.034231308869241632
0.034229944688076643
0.034228983605360419
0.034227478878087185
0.034227051836114193
0.034225564309219185
0.034225319118518699
0.034223825263600537
0.034220781516456099
0.034216828213001885
0.034216431572376534
0.034209753020567196
0.03419997524645535
0.034196546721049659
0.034196525458714114
0.034196135693757193
0.03419571907666636
0.034192419897513655
0.034191402888460586
0.034188678283064433
0.03418114412681067
0.034174538548571623
0.034173880781469372
0.034162513601646453
0.034159855734068045
0.034158223555147693
0.034154406746471397
0.034152683587658259
0.034147889810319555
0.034147360157863106
0.03414375614699381
0.034142746067785085
0.034142518061032467
0.03413695659413854
0.03413279890952968
0.034129847527628716
0.034127498674114465
0.034121657807337495
0.034120625147815949
0.034120183832328628
0.034119677322643011
0.034118022119456547
0.034109038116364655
0.034107520542301081
0.034102891561556194
0.034100468638763787
0.034098251243024645
0.03409036328973121
0.034088086880646469
0.034087060853363167
0.03408356427351724
0.034079255778990424
0.034075096870462951
0.034074797577827928
0.034069868011406199
0.03405386115756677
0.03404927697555727
0.034048056617600818
0.034046836883547399
0.034045319155854147
0.034043223229253385
0.034038616029525778
0.034038223670208666
0.034033193160556099
0.034032142403679848
0.034032092985435421
0.034030448444845041
0.034027996523722993
0.034026522515986972
0.034024954143936699
0.034021714946908282
0.034020282060413451
0.034016689844416761
0.034016493115920851
0.034015138848145623
0.034014250622347378
0.03401110859398656
0.03400949181969902
0.034005921998109215
0.034004279105045394
0.034002630708191241
0.034002492902600906
0.033996433284552457
0.033996096400682921
0.033994993691988398
0.03399296435588451
0.03398725167060198
0.033986957538681369
0.033978167129991202
0.0339776581479641
0.033976551990719757
0.033976244722457742
0.033974024590054129
0.033973418311887292
0.033961801344807842
0.033960454724509835
0.033958760266762832
0.033958200977931903
0.033954448683518941
0.03395350868799768
0.033951191011018476
0.033950124715956612
0.033946120304394589
0.033944956402426417
0.033943926166514926
0.033943629444940282
0.033942549547789351
0.033931453882338404
0.033928253951636171
0.033926501113873006
0.033926460996688508
0.033921509615865514
0.033918100876156064
0.033917653422736074
0.033914224796922632
0.033902939881952351
0.033900268413027471
0.033897289369836346
0.03389659435322185
0.033892303203243615
0.033888064388731189
0.033887141933247558
0.033884149888417855
0.03388352571004577
0.033881468382255905
0.0338810137303312
0.033879589854694685
0.033875061814254356
0.033871929521107132
0.033869048302913846
0.033868969859385679
0.033864272221236696
0.033861641686601766
0.03385967159818587
0.033859260898936608
0.033857232197962842
0.033857197847116952
0.033855950601458476
0.033851875083695707
0.033851196875848193
0.033849375519691298
0.03384664659628165
0.033845852920955849
0.033843478067121846
0.033842319840578242
0.033841896017368735
0.03384017838257012
0.033837762583585416
0.033834511019803309
0.033833256982148327
0.033831195030499646
0.033826031515748436
0.033817874901050107
0.033810590199477443
0.03381033227687643
0.033808622653062052
0.033789110656570809
0.033785455873336423
0.033779267096559012
0.033778902058801033
0.033777968847109596
0.033777171992222209
0.033777134804263788
0.033775721719066794
0.033771665921897356
0.033768753405572359
0.033765368427177644
0.033762522510038522
0.033759957805431035
0.03375763444998623
0.033748761624571806
0.033747414468233296
0.033745547653841239
0.033731988661500109
0.033728272432950936
0.033722273687200294
0.033718502078885729
0.03371586973002226
0.033715593217430846
0.033711959829555251
0.033710727601312017
0.033707949462700927
0.033702418376867646
0.033701435811033062
0.033699475865951165
0.033686864646777427
0.033685006719936163
0.033682515485086044
0.033679747742683258
0.03367555455976718
0.033671388412959913
0.033664416921130216
0.033660308418674484
0.033658431506856656
0.033658354757181527
0.033654877709772289
0.033654582664039291
0.033653521294283936
0.03364794462360747
0.033644153434485888
0.033643641024474223
0.033641758375596742
0.033639018751868081
0.033638238440892733
0.033636242443635792
0.03363533976431865
0.033634421544598683
0.033624476596867306
0.033617348378146179
0.033612043041107723
0.033611438187363361
0.033605123707567838
0.033595766990206062
0.033589912826415422
0.03358802960357235
0.033577505809869436
0.033572593669481114
0.033568879483417705
0.033568673696191417
0.033565630372860908
0.033559970541801626
0.033559586461587652
0.033556508323481463
0.033549658172519564
0.033547975688829078
0.033542332554378468
0.033541512554672755
0.033537986767972844
0.033529248688052252
0.033527912350600084
0.033524706689175197
0.033522875593306946
0.033520512964659785
0.033518116451336975
0.03351794297587829
0.033514005651313794
0.033510556201711943
0.033506705073195704
0.033506187414834278
0.033502223058393614
0.033499408604486455
0.033494983985536325
0.033493470685875777
0.033488770284136715
0.03348746287000489
0.03348623475925102
0.033482711737773299
0.03348230290820349
0.033480087791878263
0.033479333189342826
0.033478087481928626
0.033466984791671463
0.033466643507802096
0.033463860950652374
0.033460167159454046
0.033455744142687642
0.033453493485911867
0.033453065199838129
0.033451681424114504
0.033443026904867064
0.03343906188113397
0.033438370462704356
0.033433678870382309
0.033431991321835414
0.033426542451688121
0.033426186021474416
0.033416711181768997
0.033414059309511676
0.033413289473665161
0.033411621810174902
0.033400637660895335
0.033397719530313126
0.033395699236754249
0.033390871620018685
0.033387576562883631
0.033385093195084238
0.033381941920290051
0.033376143146360483
0.033374389647215716
0.033373401470020679
0.033369684756646666
0.033368416504127169
0.033360986995038706
0.033354779397420868
0.03334739248870789
0.033344482889181175
0.033341418601039514
0.033340617641778147
0.033338044311354238
0.033335698726065309
0.03333338414901333
0.033332611713752285
0.033330158570897696
0.03333001455514021
0.033329036903746521
0.033323649460658022
0.033320731670491363
0.0333194608792131
0.033317880910287041
0.033316478485852001
0.033313141417185534
0.033310682262549442
0.03330917552647894
0.033306074829298517
0.033304058283260878
0.03330327212683127
0.033298792859669649
0.033295779819125876
0.033294425863202755
0.033293697141525518
0.033292005185962502
0.033289604441721021
0.033288510924785172
0.033281926923075508
0.033275398867406908
0.033275065049082682
0.033266859715081157
0.033258427490657543
0.033255978846871544
0.033246251533623275
0.033246013706072934
0.033243457081946884
0.033241239010333552
0.033232667679686405
0.033232264326057241
0.033230892020968891
0.033228534597907901
0.033227116865047923
0.033223049901469251
0.033222376667553087
0.033220768721581223
0.033220682169174509
0.033218743419891693
0.033212443165832287
0.033211433565158398
0.033210960344819122
0.033209938653631713
0.033203037917227438
0.033202908795885042
0.033201087200840286
0.033192488868856625
0.033188375832984264
0.033187155539181522
0.033179925512135854
0.033178406930156563
0.033174721962588631
0.033171565811378888
0.033170960541509129
0.033170115110546558
0.033165914109349076
0.033164998649696804
0.033159877139568077
0.03315919023283221
0.033157002053067236
0.033152003511083689
0.033145843550677713
0.033144334335043088
0.033142724323531776
0.03313874311119587
0.033136822477425186
0.033136271723525089
0.03313232206201689
0.033129940178527065
0.033129019911325608
0.033126623964284854
0.03312406345487582
0.033116133908387926
0.033114864649804475
0.033114681413702274
0.033112162460773684
0.033106010231811304
0.033094040395239548
0.033089331511956172
0.03308726490891465
0.033086705417600948
0.033086351218119453
0.033085351925952571
0.033084955896758188
0.033083135943716147
0.033081988281908101
0.033081100455154
0.033080530038587214
0.033079557096267719
0.033077187188253344
0.033076392417847683
0.033076242391741575
0.03307383808823048
0.033072453566708793
0.033071337449223512
0.033070643727861712
0.033070256506828953
0.033069649226698618
0.033061452963348767
0.033060431935299305
0.033060218997119015
0.033056566749091167
0.033049591659452524
0.033049220031640521
0.033044739900672068
0.03304388634501574
0.033040332453511401
0.033030660341351228
0.033030221710939681
0.033027203332686689
0.033022643728438043
0.033022429121021928
0.033018449671509763
0.033014886147448727
0.033014774094646412
0.033011167784799136
0.033003384880383992
0.032999656951082507
0.032998501838752227
0.032997279903720755
0.032993572563909251
0.032991986324939257
0.032991626829661717
0.032987358061564893
0.032984160933086606
0.032984072472454343
0.032978924131976978
0.032973170643390171
0.032969341025522826
0.032969311574830927
0.032964838418075515
0.032964776410306679
0.032962553362139865
0.032959576621712429
0.0329589040780323
0.032957808955307338
0.032956797204695396
0.03295022046538864
0.032950200168526421
0.032943209236220676
0.032939440056933021
0.032938881969044861
0.032937703210895723
0.032936097527399198
0.032932381881940538
0.032925930397228215
0.03292573140741327
0.03292445026802393
0.032921497061989859
0.032916581251410941
0.032916352456971644
0.032915652322991241
0.032914191633212492
0.032906486726184264
0.032905184274453256
0.032898380290834577
0.032897895140193048
0.032897610823263514
0.032895703842048221
0.032895434623998493
0.032892032752800192
0.032886694955840755
0.032880487695088896
0.032874515852045594
0.032873934900462996
0.032868832374964574
0.032868655695971485
0.032861514172693569
0.032861268399065224
0.032859198328053139
0.032859025106268119
0.032858951197757537
0.032858006060761537
0.032853691953476136
0.032853303776697235
0.032851048124403759
0.032850059456327026
0.032847836131867141
0.032843768703628796
0.032835534416709063
0.032832812273379697
0.032830126313140674
0.032828586722194103
0.03282722679125525
0.032824737520201389
0.032821553762295459
0.032820710349388389
0.032819250892179519
0.032817231127400918
0.032816125933129374
0.032814853382150407
0.032809613007676909
0.032809458222448525
0.032807418576194382
0.032806341887070434
0.032805618861540708
0.032801661144412318
0.032798750967076053
0.032794783325070839
0.032794593937730751
0.032793788367266971
0.032791617275821493
0.032790494464115527
0.032785669356064327
0.032783000903040982
0.032782627710956004
0.03277935233268691
0.03277015904178103
0.03276714326715368
0.032766291714581723
0.03276518798524123
0.032762005007208557
0.032759325900385813
0.032759267060424903
0.032755316371764862
0.032755169763858692
0.032753818492880622
0.032743376209520267
0.032740180554097109
0.032737714877966624
0.032734389737094159
0.032732487324570674
0.03273077506418582
0.032726911545344739
0.03272168614868922
0.032719306062081358
0.032714095057943676
0.032713673898176435
0.032711634205214342
0.032710844428375657
0.032709883633147092
0.03270846791405202
0.032708149398121084
0.032706918975711499
0.032706156919812435
0.03270230189535752
0.032701380038712133
0.032700526752568689
0.032700111617354539
0.03269749758709492
0.032696835239245228
0.032695039791790489
0.032693661898202352
0.032684604502225802
0.032683077121150532
0.032679336891723199
0.032675431316806856
0.032675140939941283
0.032674336252293171
0.032673808737315652
0.032669562845900578
0.032666983596808523
0.032662379218627365
0.032656499139383198
0.0326541839632579
0.032653327660400459
0.032651022500430858
0.032648370440112644
0.03264472403200077
0.032644097537251657
0.032639899790672972
0.032639724370183282
0.032638262018651013
0.032638198938699944
0.032635217847183644
0.032633999369016883
0.032628028854130471
0.032626405979856402
0.032623009669975139
0.032619486026058263
0.032617638769803239
0.032617064383191223
0.032615572429548163
0.032611910128493356
0.032610459344478988
0.032609090474567462
0.032606461783657593
0.032605265108164999
0.032602599768825076
0.032599165017154104
0.032591490347691869
0.03258944844465033
0.03258107160735485
0.032574287769794243
0.032574219296095823
0.032570894106518325
0.032567677272295995
0.032567525943697329
0.032565239687908261
0.032557827021976384
0.032557738863849987
0.032556167777728802
0.032554238712233244
0.032553817589633105
0.032551263894854125
0.032536040046876893
0.032533855905699169
0.032533387446963713
0.032532534402550287
0.032529210882185876
0.032528273367174482
0.032527940660372769
0.032527139805682989
0.032523678627256983
0.032523468976797212
0.03252271507607097
0.032522379213272237
0.032521350099506491
0.032519410255361723
0.032518844288170978
0.032518677673512651
0.032516846576607
0.032514987161952932
0.032511507323894927
0.032510752330324161
0.032508846416427151
0.032504149501182869
0.032503900380064732
0.032502381882636239
0.03249109260104887
0.032489304376365179
0.032487600203908402
0.032484901408727271
0.032483806009649382
0.032482534622321979
0.032482345844480287
0.032480676286310753
0.032465428240128894
0.032458090572996347
0.032457758619762585
0.03245569350574945
0.032447666969170071
0.032439817708473151
0.032437034615693028
0.032434848878059787
0.032432419543362533
0.032430016433093713
0.03241972780847089
0.032415954863585929
0.032410931263563772
0.032409044672011278
0.032404618437600931
0.032404151656192849
0.03239794756731422
0.032397558175643867
0.032396331549126946
0.032392868432000524
0.032388064687429031
0.032386896981353976
0.032384903297132291
0.032380682601173279
0.032378498265820302
0.032375961296342903
0.032371948340553215
0.032368556559457702
0.032367770493349449
0.032363455821654702
0.032361812120619476
0.032361018811618729
0.032359652521493962
0.032359540673059121
0.032358383957404251
0.032356418933933345
0.032355483298908957
0.032350604232619221
0.032347793592024443
0.032347723752008881
0.032347358758962191
0.032346758896269555
0.032345884194925664
0.032334948878219541
0.032329383618288923
0.032320845933589873
0.032318724135780311
0.032318096833506581
0.032311620602721275
0.032310177736912651
0.032309468793417624
0.032308804275188938
0.032305600581079771
0.032305348271171652
0.032301966024809455
0.032293584911369695
0.032292123623214576
0.032284823501859197
0.032282410933705104
0.032280696170481377
0.032280445836758917
0.032279803505050282
0.032278936059425833
0.032278106127646221
0.032275286085882982
0.032275228756385992
0.032273812134493908
0.032271602556618463
0.032261394551744878
0.032259306454828475
0.0322509605095056
0.03225072554555148
0.03224924214193145
0.032248081677479896
0.03224609815854762
0.03223582136296433
0.032234395001385474
0.032234340835201665
0.032231760300037424
0.032231416423626681
0.032228102317588214
0.03222773967212627
0.032222436830291426
0.032222341199175726
0.032219750489668582
0.032217027951815642
0.032216053280781635
0.03221404392090526
0.032211490262787863
0.032199261004038186
0.032196879886829538
0.032195536826426341
0.032194059492156042
0.032186656460700368
0.032182008290306721
0.032180999030013098
0.032180025210291174
0.032175815127130261
0.032172782163217957
0.032172168769283714
0.032169870336035043
0.032168235481490191
0.03216611994436358
0.032162402665492473
0.032157746920714464
0.032150164397687857
0.03214898340601488
0.032147198271997565
0.032146334847030493
0.032144294840954719
0.032142611881750709
0.032138938723205279
0.032138578258540107
0.032137553365129898
0.03213576539394529
0.032129690365151509
0.032125939784944255
0.032123912390437971
0.032117437900640776
0.032116383625349916
0.032116143511150164
0.032112075967316814
0.032111096057227242
0.032109361434879885
0.032109203583441021
0.03210784018679911
0.03210532087092792
0.032101276245750078
0.032099068178462996
0.032091180431129372
0.032090960141495671
0.03208469826505278
0.032083509820003173
0.032081542278830574
0.032080444768777243
0.032075329558521777
0.032075298111194264
0.032068368075220392
0.032065834928873722
0.03206334817561806
0.03206023602327894
0.032056187440214053
0.032051456705622088
0.032045577946679359
0.032042353140689386
0.032035636563988917
0.032035441563677165
0.032029111262937976
0.032019455031857401
0.032010850523615859
0.032007460319852923
0.032005818090248668
0.032003887616666241
0.03199674072717059
0.03199651895361854
0.031993910588819563
0.031989116996272972
0.031988428048399721
0.031985561388834086
0.031985073760248783
0.031982608293239463
0.031974983704031484
0.031972009022469848
0.031971845279099347
0.031967286950786981
0.031965583296196878
0.031959947916946903
0.031954095764102304
0.031952229869591363
0.031949622323604321
0.031948891322870758
0.031943932009354949
0.03193382440486444
0.031928122197533569
0.03192636031245763
0.031923525875833407
0.031923494286571735
0.031921986391813616
0.031921676596766313
0.031921083572596209
0.0319210425495026
0.031917927818590382
0.031914887366126375
0.031914848099193233
0.031911275094670441
0.031909438223635692
0.031908844619662272
0.031904904856109632
0.031902119844991146
0.031901689448694578
0.031899203196489499
0.03189905132951551
0.031896799952679682
0.03189554775562832
0.031892429127942726
0.031891754204849292
0.03188593831670497
0.031883825249614993
0.03188196912651823
0.031881250449972531
0.031880276100734094
0.031879786407301006
0.031877759966785608
0.031875772634185104
0.031874882868297795
0.031871547986165122
0.031867383741939474
0.031867305317772369
0.031860862835712607
0.031860793416770943
0.03185864485975938
0.031857785676873945
0.03184827725015503
0.031843670267565433
0.031843442000239315
0.0318415515498012
0.031841450276596329
0.031836899766704826
0.031832292547864474
0.031830798275168028
0.031829955165461908
0.031824978822131769
0.031817509153685142
0.031816447066721307
0.031814577002138723
0.031814224670396109
0.031805901693697236
0.031801208639681874
0.031794780883749298
0.031793583387289
0.031793236668976009
0.031787454254019833
0.031786272555107568
0.031778150117543813
0.031777548336305778
0.031773087786987356
0.031766296957831078
0.031765359164981175
0.031762259883355848
0.031761230185548911
0.031759740988548099
0.031759324224726
0.031757186371278869
0.031756411011359301
0.031753592683961544
0.031753507747712059
0.031752041829470591
0.031750382900365824
0.031742718960744994
0.031740170686005459
0.03173790955025424
0.031734425981581903
0.03173373812760813
0.031730616401807452
0.031729919213122564
0.031724707727515455
0.031723873928892463
0.031717668163567317
0.031717271599700551
0.031714612179422362
0.031712869840700257
0.03171002459974033
0.03170612513535033
0.031705670538969263
0.031705473409894609
0.03170546298435515
0.031705336247874381
0.031699890544796258
0.031696110188163582
0.031694895204791629
0.031694236703086062
0.031690437824986241
0.031687380134255073
0.031684951673079005
0.031683280728772023
0.031682431779711903
0.03168148910155167
0.031672231229389045
0.03167176612328769
0.031663598181744669
0.031661810837848615
0.031660925074401783
0.031659977211581633
0.031659372507971538
0.031659222997949654
0.031656342142044255
0.031650844748277784
0.031647241013195576
0.031646027307277579
0.031644426434914101
0.031643093801842125
0.031642089909211552
0.031635110722223997
0.031634339628433331
0.031630541920513011
0.031627481274870618
0.031626864756408017
0.031625581123874383
0.031624072357700254
0.031621142364542658
0.031619522059883047
0.031619054917514433
0.031618762439337825
0.03161657399173394
0.031614091547210614
0.031611219651035291
0.031608356658960453
0.031607138653052563
0.031606072731994929
0.031602145844359116
0.031597815112624036
0.031597141530855431
0.031596035884968184
0.031594309852182173
0.031593481571270954
0.031592473954715136
0.03159217283989714
0.03158931528913074
0.031585060519615765
0.031584793847508223
0.031582688616602933
0.031580440542086051
0.031578650263127145
0.031574983986573997
0.031573620073746742
0.03156584308935316
0.031561765545698582
0.031561614296415116
0.031560051186305435
0.031550591676114043
0.031548286271090409
0.031545864271555125
0.031545862413294219
0.031543381900427089
0.031542572057785809
0.031541342196803435
0.031540931739950262
0.031539464266358418
0.031538308512267604
0.031536886827310782
0.031533421326867109
0.031532907737078841
0.031531647774254025
0.031530701422792781
0.031529712879028664
0.031525051788028745
0.03152265475744593
0.03151361498060716
0.031513248629049653
0.031511797511229699
0.031505606631728855
0.031503964952221485
0.031501476676141192
0.031500948727478974
0.031499838575607862
0.031488530065404405
0.031487361046108879
0.03148719792017924
0.031473757495476845
0.031472340668368674
0.031470783275823824
0.031469633113033149
0.03145509512977316
0.031454989669189901
0.031445712323177798
0.031445121781411983
0.031433378524021616
0.031432501533712728
0.031428461572388343
0.031426835540784542
0.031424689581108146
0.031423633579702487
0.031420815879571545
0.031420652290763074
0.031410237012712457
0.031408063016940262
0.031407924988497836
0.0314054774627084
0.031397254741066964
0.031396210793274995
0.031390463745366096
0.031386778880538473
0.031378959578365409
0.031375507765267159
0.031372296531655589
0.031371062735847201
0.031367873597623053
0.031367334857515729
0.031366019005934095
0.031365126742084685
0.031363196755598434
0.03136061516290671
0.031359116167897744
0.031355166013616091
0.031353914982109259
0.031348337778453701
0.031347765367298996
0.031346588019982087
0.031346379119808941
0.031335427679976588
0.031335376704220569
0.03133196074848893
0.031329568897681161
0.031328591701960597
0.031324593243073684
0.03130951709253034
0.031308082624993017
0.031306519060808655
0.031305322120620802
0.031304948375764585
0.031302625952158783
0.031296421140088675
0.031295452951782689
0.031291819540311183
0.031291610232952689
0.03128704141212621
0.03127377562448555
0.031264608441040183
0.031261058651668054
0.031260846498199893
0.031257223905238787
0.031255174964053695
0.03125414989395689
0.031252549045269098
0.031249589164185756
0.031248171362323163
0.031247298825865848
0.031247036705362923
0.03124596793661286
0.031242208019422808
0.031240027586115604
0.031239105860450811
0.031237995909275954
0.031237561682072798
0.03123654471152127
0.03122899539210839
0.03122828901726428
0.031226400111612644
0.031225692120813154
0.031222397116690163
0.031220846558045436
0.031207775027506521
0.031207348182797301
0.031199366181636295
0.031190334566614412
0.031190001745773521
0.031189327929393558
0.031186770603780799
0.031185486184884949
0.031179293130623922
0.0311757693831398
0.031172256781445643
0.031171749003901791
0.031170268410602341
0.031164333045801147
0.031161154124316713
0.031159925477560888
0.031158085505283661
0.031157073642594273
0.031156048692394397
0.03115505059117139
0.031154542176059209
0.031153478931799799
0.031152048411389119
0.031151503839870073
0.031150798081917067
0.031150760526074878
0.031149853639223977
0.03114729055003914
0.03114709396884021
0.031145416058085608
0.031144802709235832
0.031143042847266132
0.03114162023576849
0.031139426553556875
0.031135433752111075
0.031134700237798383
0.031133957317737819
0.031132631560725495
0.031131794935428073
0.031129525714251767
0.031128738370585086
0.031126637203153219
0.031123907039135153
0.031116667470125144
0.0311165813647067
0.03111484870053648
0.031110948216026606
0.031110838124643613
0.031103698175649813
0.031100256040452318
0.031089559103846365
0.031083729580428442
0.0310816780126487
0.03107997292631156
0.031075121223339115
0.031071145661786134
0.031071138247163486
0.031069444224992086
0.031069210373864932
0.031068701948842019
0.031061968445547452
0.031057199511168209
0.031052774226972703
0.031048050664933394
0.031046905173754264
0.031042379183327019
0.03104187700926463
0.031040544342691091
0.031038628505671316
0.031033905586377822
0.03103385607526871
0.031032215405287521
0.031029857873739308
0.031021337798275123
0.031019030761037691
0.031017443729362437
0.0310174157244105
0.031016260922848791
0.031013968815866915
0.03101203805465947
0.031007196699533227
0.031006041191458646
0.031002284752808803
0.031001789973302617
0.030994219957817683
0.030990524899211454
0.030987521209750103
0.030984833964293017
0.030984728064095739
0.030981772601809586
0.030981544494542271
0.03097388344221556
0.030973791581372225
0.030965058609646906
0.030964469038700222
0.030960972463532316
0.030959361320526357
0.030957205246077608
0.030956897814605248
0.030954458655601005
0.030945290037380765
0.030942645854880081
0.030941304955380545
0.03093632384906075
0.030934052310312952
0.030930734919209495
0.03092551645724936
0.030923241011934763
0.030919845080820376
0.030919108442197547
0.03091865343356941
0.030916301608752791
0.030914800775134029
0.030913829256558722
0.030913827770385042
0.030909586043971791
0.030907677729263623
0.03090732826677748
0.030895376824878702
0.030893590219557992
0.030885881407181914
0.030882182579767145
0.030881267005205798
0.03088065506871825
0.030876734798703589
0.03087627260943222
0.030873206026425574
0.030872867766394259
0.03087110538837461
0.03086749908982369
0.030863372581132816
0.030862367223149539
0.030862198835481636
0.030860882302954709
0.030858889846411271
0.030856436638096861
0.030849361874701844
0.030841947832829144
0.030841580172757177
0.030837463065389873
0.030836980290232678
0.030836954503909244
0.030833249291514344
0.030832561196322387
0.030832108486450197
0.030831021185315135
0.030827630137748217
0.030826793739405396
0.030821076623007058
0.030815870702739893
0.030815090462688474
0.030810936581803203
0.030810342080826246
0.030807971307156901
0.030804460226879757
0.030804164435554011
0.030801733787505076
0.030797788299286255
0.030788052576015551
0.0307784828363451
0.030777112425099996
0.03077451583105157
0.030771875498283637
0.030770328811042476
0.030765899082651343
0.030764727516627684
0.030762786657112341
0.030761164904793407
0.030760602941836863
0.030760505097453296
0.030757761678889075
0.030752297919105769
0.030750191494802175
0.030746600441661703
0.030740983205770706
0.030738360260346348
0.030737841060808256
0.030737756503000507
0.030733975623540567
0.03073222591263353
0.030730349505139309
0.030728588205392249
0.030725155483069047
0.030718601530902345
0.030718516884042937
0.030717467115253781
0.030715154124733801
0.030714911273573633
0.030714180683445658
0.030707486040638759
0.030706614019794201
0.030704933449636096
0.030698518126503947
0.030694153256489332
0.03069150482451008
0.030691446271026407
0.030688801403085154
0.030684063791334436
0.030681806981651238
0.030679916512055965
0.03067789643697055
0.03067364806513135
0.030672218599685389
0.030661821442934178
0.030660960094625295
0.03065933833512946
0.030654972035874781
0.03065448076404614
0.03065403735605678
0.030652622837800004
0.030650447635462673
0.030650380574413064
0.030649736238410538
0.030649386502524013
0.030645986897149424
0.03064457492834672
0.030644364006112996
0.030640235488208753
0.030635400225631916
0.030631698189407277
0.030628004231616806
0.030619900554683686
0.030612596667669894
0.030610914157970723
0.030609154427673622
0.03060714993552369
0.030603701077645328
0.030601386415987298
0.03059997177699578
0.030599860694399537
0.030598470686758524
0.03059842012860433
0.030597932231729665
0.030596929041289567
0.030595368137531959
0.030593921225536239
0.030593846940489011
0.030593181412637026
0.030591599560533075
0.030589642415333632
0.030582204855870695
0.030580865066680365
0.030571827956526448
0.030571480717503572
0.030569539074869652
0.030568589897258334
0.030568275705131698
0.030565017835474655
0.030558619681849312
0.030557858381794121
0.030557011440255168
0.030554396793985736
0.030549277145985949
0.0305426219313054
0.030541413819721537
0.030540930326829537
0.03053552991169595
0.030531504255950855
0.030528210599865255
0.0305271515863948
0.030523788983114308
0.030518640950674601
0.030514942085784553
0.030514876818843104
0.030512903757402357
0.030511147257578412
0.030510490629511566
0.030507948315025395
0.030507427683272206
0.030505981844154442
0.030501826421692323
0.030497932374022596
0.030494556611499878
0.030493488817285704
0.030490312350534812
0.03048915978670955
0.030486578344533697
0.030485259079221557
0.030484558593229832
0.030482842518066013
0.030482811877373527
0.030474013610629454
0.030472116942597448
0.030467746109135978
0.030466964034890711
0.030466636681844128
0.030464346603276224
0.030461756267823829
0.030454945066275638
0.030450578575365372
0.03044982092818661
0.030448455397417199
0.030446704724012549
0.030445065965896117
0.030444896197321519
0.030444795729703145
0.030442883356087715
0.030431419683735562
0.030429429193903238
0.030427612841972602
0.030425277478904621
0.030419694670937802
0.030418027124232815
0.030417709880924623
0.030417197551395193
0.030415034919280489
0.030414864827128376
0.03040737290358116
0.030404258879619259
0.030403025770271964
0.030400536560436314
0.030394783101859588
0.030390968336944248
0.030389113974998352
0.030385233003827082
0.030384764526156075
0.030383727417901758
0.030379368981472841
0.030377273555734191
0.030377094884343578
0.030368804219635163
0.030366807785475226
0.030360839347265446
0.030355419419623091
0.030354265587737142
0.030347068678149885
0.030346159367485012
0.030343864647251684
0.030341432095422432
0.030341176404856451
0.030340291358193196
0.030338529310892096
0.03033587691394575
0.030335478076780321
0.030335031538397839
0.030333602759123893
0.030331225821128422
0.030328585220185215
0.03032789376677231
0.030327126525648333
0.030322168777619399
0.030321858162585959
0.030315869211549728
0.030302401272547713
0.030302252208991125
0.030301239613202035
0.030299330949046053
0.030298360393281498
0.030296040927619436
0.03028501816909409
0.030282839282466729
0.03027902235277825
0.030278737105490422
0.030277527740528175
0.030276180219783164
0.030266934709049152
0.030265361625902223
0.030265199597399917
0.030264261493150483
0.030263425342260147
0.030258369602670195
0.030253036319307463
0.030250331644253031
0.03024555246024787
0.03023736013132269
0.030236782934030107
0.030234893294983203
0.030234430290578013
0.030229323801419666
0.030228608561695895
0.030226906860605657
0.030226607690264216
0.030223179006648459
0.030218861583053671
0.030215837614960755
0.030213722266011545
0.030212896987925675
0.030212446161134648
0.030204740033446167
0.030202484630967627
0.030201455200184215
0.030192816046126676
0.030191056281317515
0.030190642361636627
0.030190543402062949
0.03018832847413036
0.030188110226953009
0.030187445518407189
0.030184610218259203
0.030183443416082621
0.030181973907302026
0.03017803688236996
0.030176373948318496
0.030175692597501393
0.030172488726370482
0.030172221873615845
0.030166907404719976
0.030163372572249294
0.030157449224464936
0.030157304571366738
0.030154884499011572
0.030151610489206403
0.030151200921639806
0.030147177969214019
0.030145712653041525
0.030144689186650524
0.030144517592912128
0.030143885084556406
0.030138236543222487
0.030134498430958018
0.030127553378624196
0.030125171905311367
0.030122898728304495
0.030116287229885966
0.030113893796564019
0.030111883795579605
0.030107684117262768
0.030103678726868706
0.030097293159723475
0.030096302101470955
0.030093684930959565
0.030093011616721038
0.030087771878024371
0.030086722996279867
0.03008441702977855
0.03008348278435672
0.030080061589053096
0.030078643903959121
0.030078297602662257
0.030077943366226344
0.030077786531950392
0.030076573472005669
0.03007603820633099
0.03007359934836816
0.030069450133447872
0.030068246392728645
0.030063330123155138
0.030058240065379799
0.030056609164215039
0.030052871853152849
0.030052459975329935
0.030050579352736344
0.030047590456076526
0.030046651559248527
0.030043026679211261
0.03004258585734023
0.030042250105011548
0.030038943395259025
0.030037829964984122
0.030037006668536429
0.030027771924579161
0.030027315511559696
0.03002242708007476
0.030021763113893801
0.030021372652229969
0.030020209813466335
0.030018205669892849
0.030017883832746031
0.030015300742632683
0.030015005837470181
0.030006268281370294
0.030003137273440689
0.030001598233673685
0.029995991101538187
0.029994180526901761
0.029992012076349044
0.029989115825565738
0.029988849101805257
0.02998774764397432
0.029983157020372395
0.029982995335190742
0.029977838765125612
0.029972845688320676
0.029959030858688018
0.029957236362495261
0.029956479077126019
0.029956264856691905
0.029955389101058553
0.029955142657459289
0.029955034310814883
0.029955001173029561
0.029954399920002116
0.029953947495647764
0.029942221686129932
0.029940992803268278
0.029939252484875882
0.029938012637645443
0.029937884041640793
0.02993224560130666
0.029931433003852592
0.029930971144326819
0.029930642925500413
0.02992993843120521
0.029925495878681405
0.029924178157706701
0.029920204852413666
0.029918323725806474
0.029916292061949734
0.029915010332399058
0.029913045796176166
0.029910419247307026
0.029904077696343071
0.029901298534375623
0.029900280318172486
0.029895733430408494
0.029892294522805344
0.029886410428874965
0.029882641735737844
0.029882328317014692
0.029881191335846186
0.029879558973533286
0.02987827714983729
0.029877972661948353
0.029876019695605018
0.029875170993681147
0.029873492879688306
0.029867406556899723
0.029866677145970709
0.02986061694898396
0.029858966260837141
0.029858377522853426
0.029857666180546766
0.029857483981439021
0.029857262120565591
0.029853823666991016
0.029851903922512368
0.029846489006508506
0.029843737666622204
0.02984332640437172
0.029839513511142245
0.029839364079938029
0.029835180559434848
0.029833554740326843
0.029831653986758556
0.029829537705505116
0.029827412319028392
0.029827211421838355
0.029826180954431625
0.029822785592632912
0.029822169883302274
0.029817696716065226
0.029814796999311527
0.029813004763836474
0.029812671789051535
0.029811858914218316
0.029807477029683199
0.029803063602760901
0.029803007350253558
0.02980112348311155
0.029800586833299652
0.029794774172606651
0.029794382441468415
0.029794164862192031
0.029793481643299188
0.029781704454759413
0.029780464161179881
0.029780208370520079
0.029779746316057013
0.029779108968330914
0.029773127273644031
0.029772052228368623
0.029766388070589154
0.029765846784559395
0.029763929759020532
0.02976036062132846
0.029759070454835449
0.029758364994371234
0.029757082572085508
0.029756162257387194
0.02975575136188335
0.029754094350667219
0.029751673572368759
0.029748937817752924
0.029745834462166443
0.029745780830858572
0.029744605555144955
0.029743723383679324
0.029742429492129876
0.029741668165768589
0.029729769003601792
0.029728636704357443
0.029725447190090071
0.029725332772682939
0.029719610481902043
0.02971944699896803
0.029716126268377177
0.029714669689696698
0.029712928253083287
0.029709883238322403
0.029709204494672726
0.029704642376871062
0.029703958505540994
0.029698584200823653
0.029695553199646129
0.029692594546504945
0.029688394969211249
0.029686758935213806
0.029675374290501183
0.029674785386354527
0.029674426001811024
0.029665039678897345
0.029664591955687471
0.029664219451288724
0.029663749476613061
0.029658242667851824
0.029651171019019856
0.029646287164850581
0.029640553132927988
0.029637673418909355
0.029636965798435572
0.029636610392818969
0.029636557006801376
0.029636041778959586
0.029635653395779293
0.02963497712880225
0.02963270758589507
0.029632017405453126
0.02962641268393831
0.029625233017145196
0.029625101354852225
0.029624895210614427
0.029619104078496477
0.029616921588668636
0.029615788710778263
0.029606580945008395
0.029601376391649569
0.029600286157236755
0.029599675975040325
0.029599225426072937
0.029595147116204021
0.029588237926814556
0.029586256038134851
0.029585480591705078
0.029583469581531633
0.029582893615342897
0.029582877852314716
0.029580426176845864
0.029579593626702712
0.02957953056886797
0.029578030317062548
0.029577207808400629
0.029572391051303663
0.029568832213408825
0.0295594259495617
0.029559069271020887
0.029556784882786381
0.0295514302675783
0.029549657155466334
0.029549214527465534
0.029547021401954567
0.029545668886122096
0.029543279848715614
0.029541948209682357
0.029539950737600084
0.029539426592926403
0.029539382884226344
0.029535855516327456
0.029534117412732996
0.029532930964611976
0.029531981047789722
0.029530196993606924
0.029529199973686068
0.029527526587508787
0.029520211495903077
0.029519865005857425
0.029518857022477314
0.029513809041108521
0.029510549102670085
0.029509590806382512
0.029507888621070458
0.029507134102238777
0.029506961026693656
0.02950160734507264
0.029501552181067928
0.029500993861479679
0.029494808465156935
0.029493353403452188
0.029489008225013966
0.029487303768166103
0.029485407211522575
0.029481669941924214
0.029478813721782463
0.029477121316062109
0.029475440731865039
0.029471575103719123
0.029470309358183261
0.029467947748530874
0.029467162617452611
0.029463825192717938
0.029463459127254187
0.029460817353141842
0.029460733920095541
0.029457586405482537
0.029457023403087815
0.029456599981868087
0.029456589877278814
0.029456274242982614
0.029454147848820372
0.029453378185836241
0.029449952568961772
0.029444297904474139
0.029441650705583081
0.029430145519760576
0.029429626987699617
0.029427059000002424
0.029424603929440872
0.029424357914971597
0.029419842014652805
0.029419557465223244
0.029407210776274537
0.029406330335485557
0.029405777878076956
0.029405274388364096
0.029403490550220356
0.029401352802171286
0.029398104888735156
0.029397118452802025
0.02939550635668034
0.029392313712658331
0.029392312805646695
0.02938469428394877
0.029382017398379173
0.029379578526680956
0.029378913282563916
0.029374934122793048
0.029372584327530201
0.029368925485791283
0.029365163134401163
0.029362090069008796
0.029362035196082891
0.029360571752818688
0.029357332831455561
0.029353858359991443
0.029349365306678542
0.029347483509140446
0.029342910206668044
0.02934229155812831
0.029337320880696491
0.029335355049026523
0.029331509016925078
0.029329747943288333
0.029329329134457661
0.029327718049536801
0.029326650738123492
0.029323541325475953
0.029321907948245664
0.029319271150607194
0.029317579818747649
0.029316133140410112
0.029314697699989824
0.029312262675563413
0.029309650995205334
0.029307959269284631
0.029303292769527207
0.029301841443888428
0.029301652042333044
0.029301299681709709
0.029298488800044025
0.029295134823838526
0.029292385938475794
0.029292230517975911
0.029291905433603209
0.029291721259960119
0.029290274064607158
0.029282640189672412
0.029278213239511155
0.029277981858022405
0.02927701613406471
0.029276598425766579
0.029276300748945619
0.029273994729792519
0.029272909058789234
0.029272269350578972
0.029272253301319471
0.029269960294252443
0.029267932843830412
0.029267658844821746
0.029265636867828928
0.029265524779319818
0.0292610061719457
0.029258658273726604
0.029257610650564231
0.029255649721314052
0.029252872672521794
0.029245301906207236
0.029242686431717499
0.02923880393442805
0.029236684987857069
0.029232883338488353
0.029227703372952461
0.029227592615246059
0.029227532950279512
0.029227523493155196
0.029226903684363433
0.02922667388176934
0.029226243884690549
0.029225762684780065
0.029219327179167857
0.029218569723608045
0.029216926441094006
0.029216034423873372
0.029215210409895026
0.029213380874304699
0.029212994811546215
0.029210024579440528
0.02920795464450146
0.029205068248314692
0.0292023702400207
0.029202067152988592
0.029198032897091802
0.029197451013540564
0.029194271692217607
0.029193864554410604
0.029191754109025123
0.029185283823657787
0.029184715156961603
0.029177267488550512
0.029176379216655963
0.029174145963038113
0.029168450951583751
0.029163397659481182
0.029162115392452014
0.029155787039240863
0.029154938950187319
0.029150550570319685
0.029148526725088719
0.029135676439634568
0.029132864791735512
0.029130137002568602
0.029129878481628475
0.029129158847435731
0.029127233033832196
0.029123493898464449
0.029121103113495694
0.029117588243916737
0.029116787714767254
0.029115452389910337
0.029112582851354204
0.029111339733263641
0.029109639454799181
0.02910824775097131
0.029097823898994464
0.029095368788913348
0.02909492810927837
0.029094436426164345
0.029093665113995356
0.029088395340717856
0.029086524650071166
0.02908579169229741
0.029084472277164208
0.02908391972041649
0.029073788529026718
0.029073538111013666
0.029066658373359158
0.029061785797490934
0.029061395623066717
0.029061183469933239
0.029060267159354416
0.029057639424347258
0.029056894800202921
0.029056606389250311
0.029055770517787131
0.029051238854152589
0.029051078264349127
0.029049796155843383
0.029045709988895198
0.029042343021595151
0.029041333568194855
0.029041048815836416
0.029038687588865034
0.02903865707084247
0.029037094448522368
0.029032987395491698
0.029031678788971858
0.029030735882103961
0.029022021160491233
0.029017040931934485
0.029016780012097312
0.029014847627096232
0.02901247261613912
0.029012442614613897
0.029010768937654977
0.029010726506162165
0.029008758331406093
0.029006872718378558
0.029002300957462361
0.029001745885465651
0.029001655279018646
0.028998125598870383
0.028997999963054674
0.028997161951213116
0.02899630892365257
0.02899532463553145
0.028993856005906312
0.028992702888190384
0.028989783393867943
0.02898920619433502
0.028988503247235672
0.028988190294207648
0.02898690674271772
0.02898584178510025
0.028982932948537175
0.028982811826787414
0.028981979295593263
0.028981879552063571
0.028978832182279545
0.028977203129585443
0.02897499863985056
0.028974872456704083
0.028974527996237755
0.028973903052888373
0.028969014095800282
0.028963578684642284
0.028963127928455391
0.028962925855668162
0.028962223098878286
0.028960580746831791
0.028956871696833045
0.028955670226355021
0.028954979114307128
0.028943566082890192
0.028943164347239914
0.028941930517928205
0.028940199339377866
0.028936798904244266
0.028931299894732518
0.0289312204471158
0.028929309472485804
0.028928989097837567
0.028926748358370048
0.028926194374609127
0.028923266065190009
0.028922716930012443
0.028920816412782185
0.028914570207222982
0.028902472594010024
0.028901200280328932
0.028898020945448685
0.02889800828842257
0.02889767800453959
0.028894889423775404
0.028887148216268491
0.028885223462784514
0.028884842244262788
0.02888287291660286
0.028879997968298356
0.028878762829857883
0.028878062960002483
0.028876917410330823
0.028876888470451646
0.028875841924143872
0.028875356986177162
0.028873168041616021
0.028871964281310308
0.028869941081043727
0.028868172304578485
0.028860789228223466
0.028857823927527913
0.028854035103846109
0.028852930931868529
0.028852415585723094
0.028851888356476355
0.02884825494014865
0.028847654997748877
0.028846093722975828
0.02884383434816596
0.028838376976934206
0.028825526129643033
0.028824864303456935
0.028822874757872333
0.028821512772525357
0.028818313575779769
0.028815588202321503
0.028813749437387168
0.028813584954769999
0.028812638853553903
0.028812279913144018
0.028810811642886732
0.028808310423277261
0.028799552055205922
0.028799463026991941
0.028799109513337379
0.028797967521090709
0.028796048800188181
0.028795476249139137
0.028795223111323764
0.028789753471324314
0.028789223730011852
0.028785503597336098
0.028784905690788884
0.028781876908733274
0.028781213901990073
0.028774727603247428
0.028774533474119349
0.028772400557303141
0.028770118280886454
0.028765753326855114
0.028765645573337689
0.028765308622625527
0.028765167746690284
0.028764519753325054
0.028764187705084078
0.028761437267127009
0.028758565533904348
0.028752649393326703
0.028752253520040461
0.028748813982642275
0.028748779277341392
0.02874810810850701
0.028748013382647493
0.028746026619877119
0.028745975747410956
0.028745874640995935
0.028741792087956481
0.028739726039853714
0.028737183982636007
0.028731950043895914
0.028731826171470867
0.028730012031982801
0.028728644151161747
0.028725383840407168
0.028722872352652206
0.028721268174512208
0.028720979441124811
0.028719996225074901
0.028718313129619807
0.028712905984286483
0.028711788802743207
0.028710003099489109
0.028708991211665664
0.028707854945337723
0.028704658244433075
0.028703068997764775
0.028697914998444905
0.028695223873030945
0.02869515188607203
0.028694325235353847
0.028694195140778575
0.028689363324271921
0.028689054775380821
0.02868804594180295
0.028686515123526605
0.028684714892839715
0.028683873967535103
0.028683370597938587
0.028680345633051954
0.028678519231399049
0.028677068246556213
0.028672874307749258
0.028669494336684934
0.02866389125359985
0.028662799509290477
0.028661558261056964
0.02866026975811482
0.028659916575559771
0.028655257819449574
0.028654996786226586
0.028654902642330629
0.028648954898406343
0.028648887158157815
0.028645958535968984
0.028645812720720445
0.028644854939731349
0.028644539120642833
0.028638714364654462
0.028637796858123829
0.028635352617201029
0.028630734770439953
0.028628854679143587
0.028619894975354724
0.028619014017012535
0.028612001319113387
0.028611375318407579
0.028606832130633607
0.028605145012046501
0.028604690948473444
0.028603169679919417
0.028603056326211469
0.028602028752314958
0.02860131485873689
0.028598083695689756
0.028593618062036776
0.028593578785180481
0.028584533693817631
0.028583920668251266
0.028577931906514999
0.028566781147256609
0.028566381973010636
0.028563828296879021
0.028563605812964594
0.028562038308100144
0.028558939849840811
0.028558819080078571
0.02855773557043103
0.028556595160620424
0.02855641760867712
0.028553977070636352
0.028551984963255582
0.028549745750390213
0.028544307966927307
0.028543026026323533
0.028539778343774507
0.028538055484333733
0.02853686259566891
0.028530459427602295
0.02852743806721518
0.028522594792422019
0.028521476566975353
0.028519047081882229
0.028516766914521357
0.028512951378787836
0.02851015885923663
0.028507648734856221
0.028507472848177354
0.028504616108667998
0.028502569593794953
0.028496276912093121
0.028494330531430745
0.028493382118880462
0.028488815547803054
0.02848635762470559
0.028481939088386931
0.028481493697291933
0.028476626235985732
0.028475176924610622
0.028472385398978457
0.0284699150134461
0.02846349498366034
0.028458018674577312
0.028455738878880976
0.028455413649528954
0.028448991612278658
0.028444949116205119
0.028438633018187831
0.028438437312064573
0.028436401668504543
0.028435930920619197
0.028433468616907626
0.028429849327881743
0.028428762175127308
0.028426586136229264
0.028424242610423058
0.028421650396885784
0.028418923215526755
0.028417908967747024
0.02841503228566658
0.02841174018215769
0.028404245293383073
0.028403110749394663
0.028402452602610387
0.028398604456861491
0.028398072739713651
0.028396283347582433
0.028395828526438238
0.028391761686315024
0.028390581651548123
0.028390314081162448
0.028381907434067866
0.028376959251528038
0.028374582977847129
0.028373512072682933
0.028372244755897211
0.028365220926711787
0.028359379444404875
0.028358445499827602
0.028344973993194977
0.028340598581783127
0.028337327368876685
0.028331032628137624
0.028330401711618568
0.028325751642157289
0.028325219511013307
0.02832244818795419
0.028322128947866461
0.028321254411592077
0.028320248309891237
0.028319738037078792
0.028319365462279523
0.028319093652434058
0.02831745457368114
0.028317177385607777
0.028313728677423902
0.028311885699973255
0.028309078720729353
0.028307680835508289
0.028306570442208825
0.028306212059599906
0.028294007159128037
0.028292470348482091
0.028289674979769776
0.028289341204213392
0.028288150193242097
0.028285791045920515
0.028283921446124176
0.028276679723652508
0.028274234629421583
0.028273357028204358
0.028272915060022729
0.028270513689328262
0.028270099491846876
0.02826827609452948
0.028263970571903146
0.02826289524585061
0.028261979331368196
0.028258489343189384
0.028255417380566451
0.028250644855952786
0.028249457846907657
0.028249072042212699
0.028246750106936065
0.028238158545029767
0.028236452969935582
0.028231242578009585
0.02822928633264539
0.028225664167474018
0.028224384000948007
0.028219989281467402
0.028216318643381179
0.028215745965093828
0.028211780694289985
0.028206365669132649
0.028204743316486893
0.028202333394678012
0.028202326703533044
0.028198680319301669
0.028196697211295491
0.028196592722711383
0.028195355528232841
0.028186482789857359
0.028185552359557119
0.028183881572589217
0.028178393159563612
0.028176464655100937
0.028174710946785541
0.028173064177232351
0.028171660138597968
0.028169320475571216
0.028167686617341748
0.028166847495264904
0.028166731462328339
0.028161736982988638
0.028159932997500834
0.028153325812450208
0.028153206091778928
0.028152558144649259
0.028151278757756304
0.028148692549372595
0.028148419004475476
0.028147032669567709
0.028145087727876422
0.02813981850996226
0.028139514624886369
0.028137458489839201
0.028136959564825662
0.028135049292341906
0.028127756758647773
0.02812399181154273
0.028123068076707562
0.02812258998589362
0.028115764518451082
0.028115404831960202
0.028114815133081724
0.028111174325240875
0.028111016890776618
0.028108285951840103
0.02810742905400607
0.028106339202668314
0.028105915467226385
0.028099023361773393
0.028097923503366231
0.028097881779076458
0.02809785014824091
0.028096615244407437
0.028095892283131734
0.028091338280155111
0.028087106901820723
0.028086085599374238
0.028081833440564072
0.028081128196338005
0.028078020384201915
0.028076341800445104
0.028068721249079019
0.028068226250160033
0.028067792495230007
0.028066968771047911
0.028066830784546731
0.028063692315053419
0.028063537771684553
0.028057999699183208
0.02805747589528506
0.028057344768914423
0.028057242779097557
0.028054781712169227
0.028049142111160934
0.028048596038861076
0.028041846358052559
0.028039834206807366
0.028035350358845666
0.028027203243075675
0.028020448851427009
0.028019924642022034
0.028007863039271427
0.028002927087126768
0.027999667590287651
0.027999547383447922
0.027995152619159518
0.027993816113502084
0.027992113894131882
0.02798644092364691
0.027982103908374405
0.027979872166219773
0.027979863950663632
0.027975467133780341
0.027970861003479765
0.027970522931801876
0.027969553669860564
0.027967991803529116
0.027963027287761965
0.027962412673650544
0.02795936386659182
0.027955585332935542
0.027953254907067144
0.027952053903819864
0.027951457592638819
0.027951069141465796
0.027949569639285063
0.027949064621938274
0.027944446823263649
0.027942443591448814
0.027939038050938492
0.027930002921419485
0.027928186476592197
0.027927851859294486
0.027918385044993919
0.027915627653038576
0.027913972073893102
0.027913957647991604
0.027913938330562393
0.027913200396885926
0.02791139016216073
0.027911191518449081
0.027910878201344358
0.027909484197000008
0.027907799086804672
0.027906955954467728
0.027903592497158805
0.027901273633471734
0.027900561360706514
0.027899860605914789
0.027895039060196518
0.027893436118186697
0.027892470662825776
0.027891201029870038
0.027890722329230892
0.02788971349325696
0.027889422056030944
0.027889275530619689
0.027887403438127352
0.0278867221885645
0.027886157950404035
0.02788016539938383
0.027878799302409871
0.027874171438458297
0.027872971406641755
0.027871724442611472
0.027867674136179733
0.027864029603312593
0.027855953841361289
0.02785584445286669
0.027854785203329999
0.027851668241892884
0.027851055662134937
0.027850026234543052
0.027846204124293041
0.027840462403208015
0.027838126976724907
0.027837234868792745
0.027837200279005644
0.027830144608874421
0.027828935208297319
0.027828923074045435
0.027828359704477206
0.027822640007098522
0.027822137275474362
0.027818623017516943
0.027818127354512938
0.027817200513742146
0.027816142145020626
0.027814934456055578
0.027814774679131748
0.027810276217449557
0.027809830099019835
0.027805095246348176
0.027804206016416446
0.027798562257275974
0.027796961848394565
0.027796744757611312
0.027796406202918521
0.027795034800968923
0.02778747542632205
0.027787385814768431
0.027786862817418118
0.027783592368662291
0.027782489325109141
0.027782382836689698
0.027778412568420025
0.027778357676830033
0.027778080433413437
0.027777332957419888
0.02777382791058032
0.02777310485210148
0.02776955538395507
0.027769309623427569
0.027767190403629578
0.027765906431067182
0.027765372748363087
0.027764045077252501
0.027763273850135127
0.027759750250423789
0.027759583618239481
0.027757680984631855
0.027756890622062054
0.02775674609383803
0.027754258312314432
0.027753159556497063
0.027748960569200495
0.027743116984202804
0.027742170937450114
0.027739521489302827
0.027739413940144435
0.02773762413732838
0.027737455751546809
0.027735579464875187
0.0277334658784874
0.027732880134543392
0.027726282136509937
0.027726143823887373
0.027722895779185679
0.027722063856550398
0.027717087184303615
0.027716144772114922
0.027715773505504401
0.027715759279197824
0.027713752687647943
0.02771245376449057
0.027707915025555013
0.027707711327088679
0.027707534490157001
0.027706516957529601
0.027699450554100464
0.027698859604959072
0.027698327290772307
0.027698150830847004
0.027696392652901084
0.027694335608433186
0.027694210554360763
0.027692317668507799
0.02768862961663798
0.027687092041122442
0.027683738870197372
0.027679996688227022
0.027677411522572155
0.027676665767181603
0.02767266491804073
0.027672216110268651
0.027670788291641994
0.02767054341221244
0.027668555643128971
0.027667517539909699
0.027664310118380653
0.027662382741523276
0.027662234949826992
0.027661137278620442
0.027657985693262575
0.02765483257190152
0.027650490047560834
0.027649767998154249
0.027643977587796791
0.027641149587015162
0.027637294700007278
0.027636634694034073
0.027632904275657049
0.02763190253314966
0.027631191674242508
0.027630714476746119
0.027628228861566271
0.02762644358233185
0.027622787462333761
0.027622777000899462
0.027621350430024973
0.02762109150970812
0.027619743664192432
0.027619611046390585
0.027617319007878095
0.027616348289083881
0.027613548404272596
0.02760915421803117
0.027606010944832293
0.027605934669176505
0.027602940560098745
0.0275963205066657
0.027595750782016912
0.027595626124580847
0.027590279965977335
0.027588784416245023
0.027588533341842848
0.027582718699061565
0.027580988235211139
0.027579886368075138
0.027579190068534806
0.027571691224944017
0.027570793168626533
0.027568990266745273
0.027568424037804434
0.02756840986829551
0.027567130719238733
0.027565470979400503
0.027563991388352593
0.027563644346575801
0.027561477199117581
0.027560666470115656
0.027558932003247397
0.027553112062678277
0.027553084289971119
0.027552555958959939
0.027548300171803757
0.027548230894964928
0.027545641252528303
0.027544892831198226
0.027538365800680226
0.027535772375117042
0.027526989627225974
0.027525298331560977
0.027525098728558968
0.027524372314072409
0.027523139189509969
0.027520826228385191
0.027519280368260512
0.027519221523121723
0.02751907312369594
0.027517266800795217
0.027516078776261142
0.027512638853140887
0.027511456274454692
0.027507570597133921
0.027506934170380897
0.027495644439074901
0.027495353777198854
0.027494692358965026
0.027482021879140592
0.027469197799814694
0.027468796565943449
0.027466971561122898
0.027466878012854724
0.027466760167324803
0.027462516088593139
0.027460222011345205
0.027459929286527393
0.02745979792684854
0.027456307893604814
0.027456184344049787
0.02745406782728102
0.027451683672072714
0.027450473739600755
0.027449738935800858
0.027449696016637212
0.027448764515176104
0.027447225991936743
0.027447163177377523
0.027446812074993693
0.027441216063850006
0.027436535086396052
0.02743343651651611
0.027427414790716018
0.027426808085428207
0.027419184876014864
0.027418652779366347
0.027417360131463425
0.027417019054895828
0.027415738453816865
0.027415093104607314
0.027414240695629095
0.027413883464612161
0.027413581157695491
0.027413126078820418
0.027410571284168218
0.027409594046238085
0.027408143688749862
0.02740656412705916
0.027403667214842272
0.027403593815146458
0.027402365254834003
0.027398532507448184
0.02739681602750909
0.027388084699728414
0.02738655325357716
0.027385449880642624
0.027381682712424072
0.027376810494539227
0.027375866697292799
0.0273701812411483
0.027369608231470815
0.02736006109916498
0.02735745683958123
0.027356679218675302
0.027354421396844766
0.027348018216369632
0.027345631599635968
0.027344834272888828
0.027342470538524552
0.027342234248441375
0.027338669473687193
0.027334471558582117
0.027334257289844972
0.027330897239294164
0.027330547170750414
0.027329294593684838
0.027325430571621963
0.027325065168853288
0.027324987997834352
0.027319523554766224
0.027319021091212238
0.027316455432313615
0.027315412573173863
0.027313944178319435
0.027313929916941388
0.0273135429604414
0.027309737257856622
0.027308557393439532
0.027306981432147544
0.027303640456403492
0.027303639521697114
0.027303467178313234
0.027303285390500552
0.027302961567918515
0.027302938086297555
0.027302782327694581
0.027302427708527338
0.027295786940884102
0.027292643654163617
0.027282548776505079
0.027275647391236262
0.027272975610018645
0.027271395907039597
0.027270513450074616
0.027270311843923367
0.027268364401152635
0.027266865199193191
0.027262956618224286
0.027261610727429379
0.027252678403856742
0.027251752344961938
0.027245423913467084
0.027244707373636986
0.027242967327994472
0.027242252386535232
0.0272418084061622
0.027240570058442243
0.027238974823006839
0.027237601646375231
0.027230843430050614
0.027230537704660995
0.027226817131721009
0.027221390003506651
0.027216251907226457
0.027214762195088095
0.027213913774648341
0.027213860322381826
0.02720946970900142
0.027206867086072114
0.027203454182529691
0.027201056766568317
0.027200183683210848
0.027195580683615252
0.027192091723052914
0.027189299522428413
0.027185299887916316
0.027185075540421128
0.027180866978120076
0.027169273931969204
0.027161402593170434
0.027159156193339255
0.027158428122530755
0.027157429999234161
0.027157129704896917
0.027157069952306174
0.027155700337831549
0.027154039462989089
0.027153257156798734
0.027149681850179692
0.027147486456431114
0.027145257636681366
0.027141096860138821
0.027137266630544412
0.027135610943376777
0.027130753588329372
0.027127111656917349
0.027126817349482593
0.027126642891933526
0.02712516320412834
0.027120379860706187
0.027120373635103986
0.027118973757509084
0.027117978667059024
0.027116556949891645
0.027111714355855056
0.027111419708706612
0.027109690448812701
0.027105006886236373
0.027104909673761109
0.027103900336692438
0.027103539610483882
0.027098234189261262
0.027092477829526441
0.027091272656567064
0.027087237456982965
0.02708699385257857
0.027086992489683718
0.02708581587473459
0.027083985785749925
0.027083566452635197
0.027083200594928719
0.027080734625784881
0.027079488347511924
0.027074337822040499
0.027074264071352844
0.027073653101551545
0.027072108504534776
0.027071790060787183
0.027071479332443294
0.027070931639434467
0.027070587698180049
0.027069528578584749
0.027064717942947774
0.027057447609203273
0.027055657839528614
0.027045966415315426
0.027039235561064068
0.027038134201397959
0.027031165133590357
0.027029188711534726
0.027024921211831279
0.027021827740770384
0.027017179912640181
0.027014540916828068
0.027012528561013674
0.027012110453720289
0.027010058275914232
0.027009614175966035
0.027003357332902392
0.027001277266772945
0.026998561317502806
0.026997688387207494
0.026996240345111847
0.026995918082876581
0.026987092185620249
0.026985759886121737
0.02698569342237744
0.026983820573406557
0.026980303137772371
0.026979252155546477
0.026978605270852923
0.02697714635835078
0.026976958551929855
0.026973692679163361
0.02697192897524868
0.026970887996515966
0.026967590565783146
0.02696313709073914
0.026961021071589732
0.026959658121475872
0.026958883610924772
0.026957040352377542
0.026950244535549676
0.026944558756458556
0.026938743266785557
0.026929770987527857
0.026929118000811804
0.026926375242180122
0.026924816455287846
0.026919116541024614
0.026914630124031946
0.026914320598129045
0.026913502674787031
0.02691206039066097
0.026911661626665626
0.026907975236756563
0.026907202306089287
0.026906993777095552
0.026904092080880376
0.026894386331989008
0.026893328024795833
0.026890393072971194
0.026890148614557369
0.02688857170991785
0.026883264569947388
0.026883075626683097
0.026882589100078756
0.026882403462092395
0.026882001901760308
0.026880400153245634
0.026878809971524878
0.026878309563803399
0.026878199260311167
0.026877406638180449
0.026876718208328203
0.026876590983080938
0.026872100505842655
0.026871479148862641
0.026870045429929511
0.026866708501834279
0.026864261220051391
0.026861000941328587
0.026856789093502913
0.026856342889595798
0.02685585266899413
0.026855068228704621
0.026854721930377065
0.026854655036432886
0.026854591793462921
0.026852829764558449
0.026851220634929045
0.026848334864104883
0.026847695502778324
0.02684531477560104
0.026842768226538187
0.026842283187284953
0.026839309361426606
0.026837275842488524
0.026836383367996743
0.026819147121434669
0.026817733791992836
0.026815851534541985
0.026815142337032746
0.026813840365110655
0.026812954343580411
0.026810925174654034
0.026808630326614086
0.026807763264134796
0.026806941074439383
0.026802033285259361
0.026801712223474959
0.02679961347042685
0.0267949175731023
0.02679475883607078
0.026792580161498068
0.026791772872114566
0.026791667494947154
0.026791632861370741
0.026787221585613578
0.026785215961164021
0.026784184784415896
0.026783322905343951
0.026782623538923266
0.026780551997247513
0.026778072833781658
0.02677746854953799
0.026775950422443812
0.026774949500468125
0.026772291094220347
0.02677004327521449
0.026764794229671963
0.026759847664874641
0.026750194944422184
0.026744310409987201
0.026741464888043912
0.026739086011119736
0.026736389543068513
0.026734788363851823
0.026734010461666485
0.026724732615419654
0.02671994465193353
0.026717628533037698
0.026715926160093582
0.026715295910486929
0.026712642215135654
0.026712151913831739
0.026709361833086784
0.026704736853051001
0.026702059710918043
0.026701951279214691
0.026695492940247579
0.026694552777249813
0.026690398586511656
0.026689850221042252
0.026689849551400541
0.026683308746049923
0.026678861275388474
0.026677881312604377
0.026677105403381817
0.026675710502386551
0.026673241900045594
0.026671874166039739
0.026670445013209136
0.026660471176689089
0.026660407131316771
0.026658395163625368
0.026655892497075524
0.026654477819759468
0.026653475181496637
0.026652640424296329
0.026647680695439224
0.026645101142681735
0.026644278485038073
0.026642201594453855
0.026640562034036318
0.026640099041314161
0.026639274298026656
0.026639077377173508
0.026629937273999371
0.026629834050997475
0.026624594051905644
0.026624223454936084
0.026623626144465059
0.026620594116475417
0.026618513929533294
0.026617415121657006
0.0266142855893346
0.026612446886824858
0.026611893550099346
0.026610353309375365
0.02660623139900075
0.026603621428314371
0.026599235263142233
0.026596916767881312
0.026595871557261435
0.026586112133757878
0.026584651829189072
0.026584319743866339
0.026583313842945138
0.026576894901314499
0.026575654533412204
0.026575553477453884
0.026575289830056546
0.026574874339631228
0.026569123330361363
0.026567758950429555
0.026564135073426746
0.026563774819164769
0.026561028910051767
0.026559083911119906
0.026558915388405262
0.026554671176093208
0.026551857224746584
0.02655125179491076
0.026550760131779531
0.026550264761894326
0.026547846086224781
0.026547494060033944
0.026545971496675969
0.026545029906681238
0.02654175734075849
0.026539155773270769
0.026537962062423103
0.0265372050990712
0.026536561765555949
0.026526472072322362
0.026525957053259323
0.026519732786071653
0.026515725280970574
0.026514475442925248
0.026513953592711633
0.026513400316274208
0.026512846188494629
0.026512834267776338
0.026512180565176204
0.026510111623654437
0.026509778791842572
0.026508507799035855
0.026506042268021789
0.026505307248685585
0.026502954967788601
0.026502107329409802
0.026499000378680908
0.026497380002950141
0.026491803280656614
0.026491414909129679
0.026489712188113742
0.026489294419272103
0.026487754993535617
0.02648408337195831
0.026482818056063707
0.02648193497125587
0.026478615564353027
0.026477507146186855
0.026476147646778331
0.026475704706121889
0.026472964095906434
0.026466201760913105
0.02646405581146398
0.026463261311066393
0.026456529114665426
0.026452551467202011
0.026450042844060946
0.026449223298251116
0.026449217262757851
0.026446343651527631
0.026445092716018442
0.026443814861584921
0.026437674306355144
0.026437162139827681
0.026434873035449644
0.026433498068431718
0.026430439274868527
0.026428782894513128
0.026420495380174953
0.026418675315261913
0.026412985511199121
0.026410014997960751
0.026405078448489074
0.026404945834960492
0.026400108373155238
0.02639931194141782
0.026398130827409678
0.026392440574031749
0.026390954962495588
0.026390107435605339
0.026389781532534254
0.026385234712070053
0.026383073795374731
0.026381955186820748
0.026381733302810337
0.026380878690894234
0.026378173753395233
0.026375991939325778
0.02637560068700787
0.026374645982360976
0.02637325224213271
0.026373170391433814
0.026370733003135
0.026368403795446877
0.026367071120453729
0.026367063319815004
0.026366252979469269
0.026365838899797038
0.026358824232865865
0.02635714102167435
0.026355465326891848
0.026353258000245211
0.026349729352989706
0.026333558896177906
0.026332807442025926
0.02633036508246326
0.026329078803954142
0.026328732544824714
0.026326277976551432
0.026321630274686071
0.026320517859187313
0.026319715202749096
0.026318880327173479
0.026318257976614544
0.026317604050410323
0.026312832025065933
0.026310851576231743
0.026309879698982859
0.026309070769748488
0.02630900191241339
0.026308656851535855
0.026308531893599652
0.026307940606608071
0.026307837822729836
0.026306472114291383
0.026306347163174898
0.026298145560118988
0.026297043804635378
0.026296916029510151
0.026292989837428685
0.026291493830665456
0.026289278731767712
0.026283528355184851
0.026280079873904273
0.026277500640878561
0.026275438849033494
0.026274266990250515
0.026274019523430409
0.026272751819353447
0.026271299693766455
0.026269741007618343
0.026269323208976694
0.026269153776203358
0.026268213961534781
0.026266956273163226
0.026265469814814642
0.02626133990544496
0.026260539064759766
0.026258040420928538
0.026256163174040992
0.026254429223802719
0.02625339877637093
0.026252364052143748
0.026250079807362447
0.026247043702424169
0.026244439375941779
0.026244436753376978
0.026242724179200864
0.026241700196775204
0.026240941962862457
0.026239620104708466
0.026238904515017793
0.026234991145765212
0.026231671410627152
0.026229016034218046
0.026214779002507616
0.026206684406270699
0.026206107947159944
0.026206052992021934
0.026205809014554222
0.026201353410362595
0.026196159767413688
0.026194985951801749
0.026194310831460836
0.026191818893867298
0.026184222617027356
0.026180008134777534
0.02617814698492418
0.026176327970181372
0.02617390594886396
0.026172293008790655
0.026170172702622743
0.026167655464200194
0.026167515203987624
0.026164990568732185
0.02616386647692618
0.026163192819937606
0.026158983666616405
0.026154836200072036
0.026154676647285671
0.026149284151455596
0.026144352368929858
0.026140928981778548
0.026139858348700508
0.026135862997417783
0.026135386187070689
0.026135020766185811
0.026134750033137748
0.026133645278143856
0.026126971663103234
0.026123355573762455
0.026120119483373661
0.026118604188227056
0.026118063915346955
0.026116561505437869
0.026114910922416537
0.026112868417707474
0.026112217687178713
0.026110878245743412
0.026108289312256488
0.026107785832783371
0.026103241860176398
0.026102240721317695
0.026099039643879593
0.026098563471474052
0.026097674234788471
0.026097529247994519
0.026097128136542674
0.026092377912352478
0.026089133110719673
0.026088437517783121
0.02608828354090547
0.026087924890093459
0.026086106226433217
0.026083904098008114
0.026080294481824098
0.026076281115737295
0.026073035791330145
0.02607292659020783
0.026066160664672475
0.026064277831113977
0.026063543281796494
0.026055853422814503
0.026055347063209885
0.026055221381039283
0.026055063145051051
0.026054715498846661
0.026054240727083934
0.026051825593426406
0.026049331974675159
0.026047413810548363
0.026045563926984389
0.026034056903714863
0.02602867680380469
0.026027124298229624
0.026020232376554629
0.026019293245955945
0.026017224088727944
0.026014938601925365
0.026014249076862138
0.02601424745867657
0.026006890734282011
0.02600427429035982
0.026003354439394197
0.026002388561763703
0.025998136542140587
0.02599650955350339
0.025994881009124522
0.025991933456974765
0.025991110292713088
0.025990673524199492
0.025985977266913412
0.025984860356412141
0.025984199383705664
0.025982086093300404
0.025979778256280315
0.025978390874744847
0.025977732154222024
0.025973147564374129
0.02597281872398486
0.025972253001274322
0.025972163371241502
0.025970581085896009
0.025970154737771749
0.025970066865465716
0.025968807143622
0.025962710943549402
0.025962681010665838
0.025961537801991973
0.025958417959294534
0.025958413074064667
0.025955905996101761
0.025952869993735129
0.025952343037806448
0.025951509180974313
0.025949896455514581
0.025948830429262552
0.025947598465301296
0.025940155058464993
0.025939053973768323
0.025938794133088156
0.025937308656494254
0.02593395126726394
0.025927805291767938
0.025926591192086929
0.025916895231981454
0.025913197964204753
0.02590613067455284
0.025906026423565352
0.025904909646721291
0.025903543987154633
0.025902026624478731
0.025899125978353109
0.025898264705052548
0.025896138681259086
0.02589462271906599
0.02589427061644578
0.025892409356667836
0.0258874974504886
0.025887266280274882
0.025886775350738009
0.025885820521117563
0.025885295231445924
0.025884135477746303
0.025882781661141635
0.025881540190894625
0.025877448834362788
0.025869251425350355
0.025867328872512717
0.025864249609996205
0.025859898448409968
0.025859254734748354
0.025858010252180499
0.025857033480681153
0.025854489149218823
0.025852890410463125
0.025850752361587803
0.025848846356679264
0.025848737525103197
0.025848452782857752
0.025847665458442845
0.025844840283610247
0.025843750257305505
0.025842342082095189
0.025837842781564552
0.025837381187502149
0.025836865749777359
0.02583434730002751
0.025832787241663838
0.025832036211944062
0.025831973069173869
0.025831653774751377
0.025821922611881674
0.025820437769249444
0.025820388739352666
0.025818509904311046
0.02580734922859735
0.025804379330767142
0.025803405157343685
0.025800064619385464
0.025799468210163708
0.025799197351614608
0.025796193319202399
0.025795902506696795
0.025794857566548535
0.02578947635076443
0.025788959610431927
0.025788933620432858
0.025788373799537315
0.025787688218758899
0.025786238443121997
0.025783429248812828
0.025783328591246924
0.02578292349572197
0.025780770741444092
0.025780273952880864
0.025779635688202022
0.025778240875649196
0.025777062006334155
0.025774518701626968
0.025772168360689109
0.025771135901466846
0.025771015785200128
0.02576902744301985
0.025768316661368255
0.025763977878188481
0.025763232727944327
0.025762438645922731
0.02575832381546617
0.025755656641836305
0.025755375386508145
0.025754020149377867
0.025753271161006269
0.025751628459793181
0.025750381221873914
0.025748895659358659
0.025748803117086286
0.025747181064749648
0.025741783740445796
0.025737795450676844
0.025737484372765101
0.025733736988815384
0.02572662731596187
0.025725293721887536
0.025724193599066563
0.025719894884240157
0.025718694804865255
0.025713597116038916
0.02571280371429871
0.025712023228841568
0.025709897104256252
0.025707519153431887
0.025707311644076879
0.025706596918877837
0.025706270217909964
0.025705856792865443
0.025704280039825337
0.025702980032451188
0.025702898689137395
0.025701339921663745
0.025701223825003779
0.025693472546094644
0.025692675412748042
0.025690525056875094
0.025680832641414124
0.025680305536391102
0.025679754357460859
0.025679420600795515
0.025678844659255733
0.025678750967132333
0.025677229827376278
0.025676345368945815
0.025674882733335423
0.025671174345766778
0.025666577438508264
0.025665869689594178
0.025664004586639762
0.025663608579182325
0.025660474588274983
0.025658057001557627
0.025657833025980618
0.025656986967837386
0.025656030051606018
0.025655597237679892
0.025654873673047827
0.025653275788602589
0.025651878685639479
0.025651455710787249
0.025649945658027213
0.025647476584039985
0.025642966893670106
0.025640958727316698
0.025635156968578991
0.025632872302513671
0.025632081589036668
0.025631484770962387
0.025630556172442625
0.025626329450330144
0.025620794294544599
0.025617947447133162
0.025616225270197697
0.025615281619093995
0.025614214592725577
0.025609356393887801
0.025607165870537688
0.025604789906282524
0.025604261520100369
0.025601029371712804
0.025598054329245678
0.025597563922829244
0.025596736671950591
0.025595970432387975
0.025592295259454497
0.025591472542013324
0.025587113301318021
0.025585087158858866
0.025584045205933006
0.025583115378311965
0.025580640793456771
0.025576868227426712
0.025576396923612611
0.02557620110447914
0.025575775917933644
0.025569773620730447
0.025569118423282203
0.02556354284886023
0.025559378961559943
0.025555820304504682
0.025554832745553129
0.025553987856752166
0.025552369379971001
0.025550276434539256
0.02554702781733293
0.025541585826526641
0.025541166067996543
0.025541085637136307
0.025537407714815961
0.02553717440882658
0.025535858961216143
0.025534787509755848
0.025534371479460589
0.025533660595014281
0.025532503084256489
0.025531359409917274
0.025530182028904433
0.025528856161173251
0.025526542204370836
0.025525270985853728
0.025521240562620045
0.02552099744248346
0.025517410778167961
0.02551641914170617
0.025516191658955651
0.025516071904268647
0.025515758309559752
0.025509689484235293
0.025505235447967969
0.025500695965363515
0.025500217178501886
0.025498940705798615
0.025498370572174835
0.025497925064746851
0.02549735910767786
0.025495323371917018
0.025492520359021286
0.025492418136994162
0.025489836561405934
0.025487206339528747
0.025485537113116474
0.02548467328074612
0.025483876357236535
0.025481242902981857
0.025473012036813552
0.025471498168859491
0.025470070534885252
0.02546888168536968
0.025468638075909
0.025463549377326825
0.025461056744621915
0.0254605467955989
0.025459659579386291
0.025459408104011871
0.025457419073713128
0.025454098058022654
0.025453837053644329
0.025451007483890453
0.025448664166291563
0.025442201791952661
0.025441931627801988
0.025441815026589897
0.02544179594239037
0.025440332331511901
0.025437771238093147
0.025437087543029945
0.025435063749959796
0.025434871159995216
0.02543331064184215
0.025431781617728948
0.025429458081455966
0.025428606322998953
0.025425249078051181
0.025423519014430154
0.025422046885412119
0.025421918339034642
0.025421832085373894
0.025421646698503355
0.025420246476410502
0.025416369842103066
0.025415035681222994
0.025413043805608739
0.025411997121970894
0.025409774505100954
0.025406280399140044
0.025405026176814335
0.025404732406764705
0.025402916775390624
0.025400898912111693
0.025399265987153363
0.025397230604719476
0.025396747298597901
0.025396448851159319
0.025395719976941691
0.025393424307762737
0.025392179030493102
0.025389728786918891
0.025386556617533411
0.025382359782803288
0.025379857588074994
0.025378624324993354
0.025378286612575764
0.025378060533637677
0.025376517566796639
0.025376018256907284
0.025375330825476817
0.025372076876971336
0.025370473016054568
0.025367138955869735
0.025366991669043479
0.025365880081640684
0.025365214104237015
0.02536486231426589
0.025360173026749335
0.025359027017915977
0.025358149037355313
0.025356631012385476
0.025355579097635181
0.025353530501880682
0.025352118625643596
0.025350942477666418
0.025349515800427859
0.025348166662756182
0.025347094095213477
0.025343795454822626
0.025340273584212602
0.025338937838293243
0.025332876542996204
0.025332440972128337
0.025331805214267783
0.025330594307216552
0.025328166134305188
0.02532356912357411
0.025323447344758217
0.025322577614677034
0.025322292973813835
0.025321661967540897
0.025320716608652486
0.025318635727385148
0.025316056077513183
0.025314053768006332
0.025310194889775275
0.025309744673809632
0.02530475289527942
0.025303201498080682
0.025298388219132762
0.025297749555288539
0.02529714381812706
0.025297035958385224
0.025296097042561319
0.025295506062131667
0.025294754041541051
0.025291155497109256
0.025286674994690894
0.02528618271019038
0.025284699652997102
0.025283623684916986
0.025281712152987277
0.025281260326029217
0.025280025797151526
0.025275052493765542
0.025274849722542712
0.025273013454441495
0.025272212978189677
0.025270619269955961
0.025261846457812386
0.025260926464312543
0.025255405427291704
0.02525514723309483
0.025254049904450578
0.025253906240087522
0.025253844449087681
0.025251608357500628
0.025250339643513975
0.025246094506934446
0.025242341211258811
0.025236408336316775
0.025235605170834712
0.025234421389109214
0.025232847828805621
0.025232345636657699
0.025232175779734436
0.025230669156367552
0.025228043919238954
0.025226172944469761
0.025225153452410966
0.025224700900444423
0.02522079068550729
0.025220735957543462
0.025219964006328661
0.025216747261932793
0.025216693365417094
0.025213917493271974
0.025213445289140889
0.02521205655872371
0.025210072513727498
0.025207293891630005
0.025206589844492148
0.025205769197343023
0.025205187429495166
0.025201508881832941
0.025201068897938245
0.025197982899970633
0.025194194139846061
0.025192727930278516
0.025192256676319202
0.025189922502524626
0.025188755320063608
0.025188132200732606
0.025186705130718329
0.025185846206128421
0.025183629406064525
0.025181887660896844
0.025174600558160221
0.025172419399022015
0.025169969440953809
0.025166165050211884
0.025166063364486905
0.0251654024936354
0.025161901288776354
0.025158106331059575
0.025157652226481138
0.025156087856668313
0.025155490157464849
0.025153546524483192
0.025150971838874749
0.025150859967026405
0.02515000650927679
0.025148756151451214
0.025148598951227355
0.025148518612758877
0.025145754976959929
0.025141216886411605
0.025140462993428422
0.025140419857472136
0.025138445833828398
0.025136493181808592
0.025134694880288626
0.025134021100324512
0.025133378103643661
0.025132091415109747
0.025125531449894788
0.025124066074268044
0.025123545724854285
0.02512037064961312
0.025117792724179699
0.025117217870752457
0.025115500100132113
0.025115198229798824
0.025114037594357642
0.02511372595422625
0.02511304064752164
0.02511247642551306
0.025111743398944498
0.025111468231469772
0.025109093546915408
0.025108094936813111
0.02510615647517694
0.02509715262751391
0.025094175730985629
0.025092963116185116
0.025092113033501354
0.025090097249196256
0.025086997214279941
0.025081371858950173
0.025080384624784176
0.025079886872221912
0.025078665899800831
0.025077455820144291
0.025076685504868117
0.02507660353879038
0.025075869676962598
0.025073798194281502
0.025072965725674964
0.025072845478924351
0.025070177379010034
0.025068501982205716
0.025068325874815021
0.025068211760461936
0.025066231404617396
0.025066162365115399
0.025064602198842233
0.025061780121608951
0.02506157311105376
0.025061404615736128
0.025060014666316896
0.02505972482638652
0.025059547410321108
0.025058956136144724
0.025058430324572979
0.025052948280799691
0.025050837134748399
0.02505004121379829
0.025048790304129112
0.025048237090122539
0.025043365760632503
0.025039747771398349
0.025038984688582823
0.025038221228101974
0.025037045250828463
0.025036753768243502
0.025034040262816786
0.025032742425884744
0.025031906596306306
0.025028421864232403
0.025024812842596417
0.025021298144646206
0.025021273261993354
0.025016327167716231
0.025015002029526837
0.025014880552980807
0.025014322260319476
0.025013249075109399
0.02501230652533188
0.025006028907659565
0.025003132620626443
0.025002266865488704
0.025001639854400595
0.025000908986513054
0.025000322065564358
0.024999657034088161
0.024996661961425012
0.024991788131690517
0.024991626888526831
0.024989975270702729
0.024988109056996333
0.024988000695938841
0.024985813672278014
0.024985058723394387
0.024978159134391251
0.024974997361088731
0.024973572032794024
0.02497295770621219
0.024972207649961536
0.024971392407949038
0.024970063889865609
0.02496996159236247
0.024967901071245573
0.024967385096613524
0.024965178913835168
0.024964832296025561
0.024962646731902946
0.024960651854487658
0.024958939721925293
0.024958203907881307
0.024956687139321442
0.024956087828392912
0.024953103501254521
0.024952994784433656
0.024951502765360893
0.0249512684628941
0.024948623370045952
0.02494736962222099
0.024946048681568848
0.024944141010929285
0.024943433115364205
0.024943074265964357
0.024942117171993038
0.024941433651807187
0.024937508485017745
0.024933688295933766
0.024933351476013381
0.024930847999511365
0.024930649730099605
0.024928023814532414
0.024926671096889404
0.024926639518564931
0.024926346027229256
0.024922720228835335
0.024922091930663956
0.024921987059690731
0.024919619530834988
0.024919529509345745
0.024915150680522795
0.024914084079595878
0.024914021623476446
0.024912742583269133
0.024912243497608969
0.024911452045157073
0.024909849324846235
0.024909638679482413
0.024908931184327385
0.024908287203642021
0.024900419535435786
0.024898761504304309
0.02489698511821645
0.024896533233771181
0.024893264933387567
0.024893064998086776
0.024888722432541345
0.024888456485852587
0.024883202494206207
0.024877234854942462
0.024875422855720513
0.024875268890907746
0.024875208664866678
0.02487268833838872
0.024870745526661433
0.024870172443595337
0.024869983246281993
0.024868155976977422
0.024868108390544881
0.024867436572322217
0.024858276640093751
0.024856354077498272
0.024855776257273275
0.024855397426357579
0.024854567992143074
0.024854371878489531
0.024852643951118074
0.024852144134426928
0.024847675943732973
0.024841477011607143
0.024841394724755866
0.024841171695753891
0.024836204960842097
0.02483588826974794
0.024827147826710409
0.024820431821813267
0.024818745294253403
0.024817373840505821
0.024816417002810814
0.024810059072969411
0.024807305419390347
0.024805066690188563
0.024803944179688429
0.024800379133287687
0.024799877886254252
0.02479972074746423
0.024797858253945752
0.024792248373964144
0.024790563448814761
0.024789494468997902
0.024786214344552894
0.024782692685952085
0.024777377616791774
0.024774400904011742
0.024772601278811802
0.02477230123346982
0.024771230747359679
0.024769134723714128
0.024768056255240655
0.02476752001289614
0.024765903245026383
0.024763771789720022
0.024763406740764382
0.024761144745637193
0.024760772570863301
0.024758448115476304
0.024757817426604926
0.02475718569495108
0.024756968569482628
0.024748496038305649
0.024742497345423654
0.024741608909764623
0.024739017031306692
0.024737992269435675
0.024737384537017564
0.024735271285538617
0.024734334867546861
0.024732534550555001
0.024732463771938627
0.024729595847362958
0.024727164968781242
0.024726212022852048
0.024711464028793702
0.02471129467150324
0.024710485084687744
0.0247037559968377
0.024701924564441771
0.024693602821908994
0.024692399795963018
0.024689693482038116
0.024688950090880003
0.024688414785525796
0.024688372725407467
0.024687929229991551
0.024687381923264241
0.024686877876288031
0.024685571439094212
0.024684488128914502
0.024682862117493692
0.024682666380786304
0.024681302741400801
0.024680895000151103
0.024680203749338225
0.024678242242425978
0.024676917016097304
0.024676324231431238
0.024675885550902044
0.024675206296174909
0.024674029670415969
0.024671732178972269
0.024671187090394179
0.024665915516045692
0.024656246410537947
0.024656145159895372
0.024656050159595495
0.024655329716765918
0.024654902569662605
0.024654287413855464
0.024653196245735091
0.024651090317394382
0.02464939372319442
0.024647817825538498
0.024642459844654779
0.024639841700377783
0.024639715832897681
0.024637870305208649
0.024637210728668296
0.024636679528658122
0.024635408044880732
0.02463453236076894
0.02463440567644546
0.024634123568997329
0.024632179846219834
0.024629147833919954
0.024627504030384672
0.024626609962064741
0.024620120541041221
0.024619920826176166
0.024619688974043489
0.024619289660589343
0.0246171994354684
0.024615431012859509
0.024614217239881615
0.024613263257859484
0.024611379408198294
0.024611253954686021
0.024609301883164299
0.024604714931045803
0.024604310344129951
0.024602882119188242
0.024601280183839017
0.024599407306159216
0.024598650068579309
0.024598408424533025
0.024597097268096061
0.024595089789970093
0.024594604473337639
0.024592375981447267
0.024591066363916472
0.024588671655687979
0.024588461261142898
0.02458738651019407
0.024587287940107217
0.024586468449657273
0.024581687259055102
0.024581187385461768
0.024579663074726549
0.024579344003343842
0.024578900290269393
0.024577577788437544
0.024576938549840638
0.024571902020613743
0.024570324287336236
0.024568563069291727
0.024567862549094835
0.024567452709256591
0.024567032362444851
0.02456651649618696
0.024563292729413877
0.024563239974075935
0.024563233106562676
0.024561428008357578
0.024560881030147374
0.024553135683869628
0.024550576742006634
0.02455015592480218
0.024549132382437677
0.024549080980853535
0.024546235422643458
0.024544844213199059
0.024544750336679983
0.024542256677372486
0.024542085537833571
0.024537712841471156
0.02453292268046027
0.024532589408046583
0.024526771420662175
0.024526253147161878
0.024524086022456655
0.024523278717386084
0.024523214532700982
0.024521020219815164
0.024518532226077909
0.024507622030016704
0.02450716716709711
0.024506084924668391
0.024503096889185467
0.024501909845909803
0.024497998182483587
0.024497115252271644
0.024493451428710775
0.024493128644514979
0.024490477694430059
0.024490388577702308
0.024488098919885758
0.024487384869514395
0.024486786780814288
0.02448543270016321
0.024484843157647686
0.02448365641917119
0.024481441786830881
0.024478829152239444
0.024475772664040715
0.024473643749856205
0.02447134036120846
0.024467322509838012
0.024463298258258312
0.024462132025804422
0.024460113101608942
0.024459531310491951
0.024459366666096393
0.024458593243954038
0.024457425176651542
0.02445724907502296
0.024455066453746437
0.024453690727818563
0.024453321149825069
0.024452945235443748
0.024452809041209011
0.024451572189220349
0.024449876241627883
0.024444989430668727
0.024444020540098161
0.024440720245643841
0.024439401159164598
0.024437609891434807
0.024436371315511799
0.024434566092727032
0.024430943851945681
0.024428332612327446
0.024427076889168283
0.024427033160293442
0.024426046133480338
0.02442494432233526
0.024424330569026015
0.024424069218672014
0.024422521865168658
0.024420958637144885
0.024418037867115383
0.02441600819321893
0.024415413425945109
0.024411907027944272
0.024411471882955636
0.024408766581788498
0.024406252164024422
0.024403931632755997
0.024398041476819125
0.024396911384428798
0.024395116188105973
0.02439335154556789
0.024392549757060025
0.024387164211955348
0.024386010772591161
0.024383754928577184
0.024383370477011963
0.024382542734777097
0.024382503010607504
0.0243769175766754
0.024376103985464793
0.024376063897120336
0.024373814441552708
0.024370880113143065
0.024367775378134768
0.024367047051146225
0.024367016882953056
0.024366029986287487
0.024361160636219317
0.024360991519755921
0.024360338672652956
0.024358988538534437
0.024357102067021207
0.024356280344657547
0.024351631316565876
0.024345226987684009
0.024343238047990302
0.024341037557061112
0.024337536528961465
0.02433599160096258
0.024335681596858696
0.024335337656814102
0.024330308038870294
0.024325134313373395
0.024324851004413641
0.024321868880790916
0.02432087509434774
0.024320439516956203
0.02431808892029088
0.024317612392812479
0.024317456370936352
0.024315607941323807
0.024315224358256421
0.024314493744015744
0.024313522101245273
0.024312431723016337
0.024311901973980445
0.024309726123923538
0.02430945101559133
0.024304759548231972
0.024304274021557059
0.024303794354848071
0.024302014624838397
0.024300688983434977
0.02429391817679068
0.024290874678411831
0.024286837752491457
0.024286355924780935
0.024285294127308246
0.024284186587154779
0.024284163567721888
0.024284053070948563
0.02428347599882728
0.02428334781167317
0.024280096253533945
0.02427914622987792
0.024278516033522594
0.024278255733888626
0.024275180564622852
0.02427226184604675
0.024271480283950618
0.024268804164630772
0.024268451890725115
0.02426492098044139
0.024263531260360321
0.024261611737961035
0.024259864624504912
0.024258305776513573
0.024252659399778147
0.024247643570423132
0.024246534719386887
0.024246357392719711
0.024246118459971745
0.024245542469892092
0.024241429244004121
0.02424049183420433
0.024240076934920536
0.024239196456661092
0.024238639991344197
0.024237361228501061
0.024233058299193054
0.02423297221160144
0.024232725098243278
0.024231887798091697
0.024231533440216411
0.024231514621880449
0.024230412255648877
0.024230254648667817
0.02423015286298652
0.024227099946318411
0.024226156981253921
0.024225494023462631
0.024224390156374516
0.024224282941889497
0.024224238417846957
0.024223974182725597
0.024221053013652405
0.02421908602998506
0.024216640904221872
0.024214464268523184
0.024212837493637535
0.024212443287292523
0.024211038039052744
0.024210875527013148
0.024207898980135627
0.024206964161094646
0.024205515656349045
0.024204439511678551
0.024203453181010425
0.024203130494872556
0.024199271657879357
0.024195283486731219
0.024194973599390487
0.024194771982598819
0.024192145334992525
0.024190975483495022
0.024190112189601865
0.024189298698642857
0.024189164233445293
0.024187442208975968
0.024186055125558995
0.024184321619084903
0.024183782700431998
0.024182627368518197
0.024181253653337721
0.024180401791615274
0.024176779271055972
0.024176029804483846
0.024174897229221809
0.024170628673059656
0.024170430195731275
0.02416669476547946
0.024166450654922501
0.024165558436973194
0.024164097982303252
0.024163031149425775
0.024162785795965126
0.024160968909180708
0.024160962265468905
0.024160171495859029
0.024158283214732078
0.024157816316704078
0.024156059421733624
0.024151049610948272
0.024146460654971454
0.02414544747282393
0.02414497440401444
0.024144473717739461
0.024143714045293557
0.024143118884777298
0.024136376207421543
0.024133139866539484
0.024132557786420969
0.024131540821015669
0.024131351381703321
0.024129514431370389
0.02412786422977985
0.024126592545147173
0.024124615897492565
0.024123471523644788
0.024122969226339063
0.02412278373805651
0.024122008395094607
0.024116418151278983
0.024116328724201812
0.024114071728327378
0.024109075850794234
0.024105065845018123
0.024103726981805389
0.02410273741235255
0.024102680547489663
0.024099090879356088
0.024097892272390536
0.024095427556206094
0.024087791642291648
0.024086978092801616
0.024085956578950605
0.02408463998222015
0.024082866373547538
0.024082858109342877
0.024074453508329516
0.02406600301623987
0.024065562406233379
0.024064719821751422
0.024063852141772035
0.02406361607109743
0.024060275360838039
0.024056026802599884
0.024055639047923922
0.02405516980933552
0.024051231778899337
0.024049619957542748
0.024048559115834801
0.024046227138016324
0.024042598419250008
0.02404006227534989
0.024039194657284983
0.024035417112166429
0.024033795244422215
0.024031985766106816
0.024027229122075788
0.024026598935710786
0.024025245308278088
0.024024393803033936
0.024023732944925647
0.024021399062702668
0.024021038539128965
0.024020482337272192
0.024018927445799358
0.024016433022347846
0.024015297896950064
0.024015012907015909
0.024011556982096529
0.024009021620585918
0.024007697739206649
0.024006837352622018
0.024005486566988334
0.024002031639581849
0.023998917002667236
0.023998334298521277
0.023998100900799159
0.023996835723967689
0.023995745434891601
0.023990246178399021
0.023989625685253816
0.023987782150837762
0.023987570643972861
0.02398611299598899
0.023986017077486838
0.023985467732489572
0.023977208012615669
0.023974177724616647
0.023972796522261964
0.023971535860244624
0.023968664409299768
0.023966050566737698
0.023964788513326497
0.023961105958158563
0.023960012313447222
0.023959096862102482
0.023958703778831414
0.023954461773893182
0.023954053288598044
0.023952291074503685
0.023950797199269031
0.02394877302651216
0.02394861386122767
0.023947217953373543
0.023944359813972627
0.023936826201668197
0.023936625472835225
0.023935466754444978
0.023934178612988237
0.023933347887434692
0.023928341171749402
0.023928028765902085
0.023928004615273519
0.023924169349250516
0.023914517062520221
0.023913669351000547
0.023911889638936989
0.023911074809851222
0.023910826144014314
0.023910575024048943
0.023910400212240189
0.023909777349669585
0.023908087503190806
0.023905107486043055
0.023903866551735924
0.023902186214106436
0.023897355583195883
0.023897330297407801
0.023896825638877066
0.023894175321568113
0.023893820235016468
0.023887272587994925
0.023886870722943616
0.023885027630104388
0.023884619489512364
0.023883884341697619
0.023883245224077147
0.023878958121749592
0.023877833213996315
0.023876077236636449
0.023874727233898028
0.02387307024623387
0.023872616729515368
0.02387237598928264
0.023871192125933135
0.023870238935653102
0.023869259586582474
0.02386794721622271
0.023865837989554321
0.023863998806917797
0.023861347062462252
0.023859174241388004
0.023858641184878165
0.023858339289012865
0.023856694391663009
0.023854288572961835
0.023853914413079148
0.023851318185026834
0.023848828807740537
0.023848652812247715
0.023847386325736727
0.023841954433074453
0.023839043045459394
0.023837357410324837
0.023836477295160353
0.02383569538188577
0.023835504055909864
0.023833723606361722
0.023831892594502722
0.023831312007732589
0.023829602393364433
0.023826627663623229
0.023822943800602871
0.023818288245959454
0.023812303825368482
0.023811469156446195
0.023811459140204064
0.02380992648127803
0.023807166328291201
0.023807023330957199
0.023803964996963713
0.023803159452834489
0.023801542779122949
0.02380149742928148
0.023800021371901462
0.023799037347848138
0.023798874831296453
0.023798840101824911
0.023798698041290988
0.023798192045763743
0.023796554219981062
0.023783115370917499
0.023782122164824608
0.023776454000095953
0.023775917968643957
0.023769465073373703
0.023769384757724832
0.023768713715374427
0.023767234330254183
0.023766839217478259
0.023766821921417578
0.023763314972632558
0.023762792978911706
0.023762550020811415
0.023761856726173421
0.023759638927556146
0.023758501420108925
0.0237584470633922
0.023757086301568271
0.023755075451099641
0.02375437292993084
0.023753876522154153
0.023752336342912822
0.023752331029050954
0.023751735229406663
0.023750261153439371
0.023743300334464614
0.023735306534537336
0.023734103525321966
0.023732723893984585
0.023727980381884787
0.023727277157559019
0.023726752007313421
0.023726172988949173
0.023725188207723492
0.023725026543823517
0.023709826725405742
0.023704015530879328
0.023703053826914892
0.023701591591628129
0.02369438902870313
0.023693989139597603
0.023691918282079668
0.023691283477178984
0.023689869959352374
0.023688579842592691
0.023683072496053181
0.02368126483930463
0.02368025426874993
0.023678600083379412
0.023678279489880428
0.023677754001105025
0.023676568809660688
0.023674485675814681
0.023673215781676211
0.023670208546422915
0.02366815858156739
0.023667362796506466
0.023666953263482119
0.023665061289458125
0.023658964710722735
0.023657068737742978
0.023654985962302883
0.02365355560539931
0.023652629950099029
0.023651607440732206
0.023648928088087325
0.02364674009594997
0.023646665713951104
0.023645642892065236
0.023645410695892797
0.023644942229623257
0.023643850027794979
0.023643019012008427
0.023642652598122149
0.023642450751488981
0.023641619229588819
0.023639873680110866
0.023638471452522219
0.023638245344728435
0.023636045410317701
0.023633236354834032
0.023632891698255779
0.02363231830184696
0.023632126487768444
0.023629933693393657
0.023628078113592566
0.023627807201827371
0.023627690412960395
0.023625362139432685
0.023624259783860173
0.02362386726147888
0.023620828039428967
0.023619706483622188
0.023617951145939776
0.023615958619885288
0.023614556669503062
0.023613093096863186
0.023612011999907066
0.023611829741318219
0.023610686585205244
0.023610137507100341
0.023609850219642296
0.023600346000928685
0.023599960568044011
0.023599225968154069
0.023597329753474304
0.023593638689923122
0.023592159515175341
0.02358976014543343
0.023587570772757988
0.023585664197975878
0.023585646468411218
0.023584480830232332
0.023582481621992051
0.023581868986268628
0.023581768026313094
0.023581512704470928
0.023578444480876062
0.023575023846154754
0.023574092303575506
0.023571151261763033
0.023570232399502334
0.023569819229923801
0.023567553012789611
0.023561343299856354
0.023558346308257001
0.02355532180310467
0.023553174429472978
0.023551586090463046
0.023549185262408602
0.023548319057203417
0.023548254961420316
0.023548072880456218
0.023546031304032183
0.023540092754611903
0.023536941297641546
0.023535861342160919
0.023535250886313811
0.023532548932435629
0.023530678637081977
0.023523650772327577
0.023523133059783877
0.023521347477783609
0.023520879524238814
0.023517662017113923
0.023516211629579915
0.023515615697089584
0.023513694883660403
0.02351080357929819
0.023510558846403472
0.023510041894486019
0.023509807645638221
0.023509038225814554
0.023505869144401632
0.023503532043070527
0.023501957916337503
0.023500892177763889
0.023500603905852575
0.023497532190405498
0.023495919691102065
0.023494722855820969
0.023494484338579511
0.023492939340812254
0.023492301253606636
0.023489681336134521
0.023484402705819505
0.023483510163617043
0.02348324220374258
0.023483114275204761
0.023479526992637813
0.023476661185699462
0.023475548463620315
0.02347529514435898
0.023469701662681343
0.023468930118006496
0.023465445316841183
0.02346377988131889
0.023460639889433216
0.023459110038288891
0.023457555731129537
0.023456775683406931
0.023455236859595201
0.023454892463112057
0.02345065071007886
0.023449016280553354
0.023442048790260357
0.023439719994367336
0.023430236996469785
0.023428613176058918
0.023427859532428052
0.0234258612999481
0.023425199119691861
0.023422931915088992
0.023422803100847794
0.023421919959160657
0.023420053139466383
0.023420047721620277
0.023416160908638746
0.023414687235843914
0.023414256606319898
0.023413734812056514
0.023413420583139857
0.02341218451873775
0.023408674187380882
0.023407537085129309
0.023406463018793226
0.023405471063084469
0.02340511598839486
0.023403949635222718
0.023403590946507343
0.023401684786939474
0.023400952950665774
0.023399213898955554
0.023395772378479597
0.023395679283957027
0.023395435737020482
0.02339367810755915
0.023393623731762785
0.023388261118554309
0.023387272602223466
0.023382268408916516
0.023379932144218761
0.023375709149766114
0.023375053386732823
0.023372630119137799
0.023370345125092198
0.023369920376597169
0.023369242965862482
0.023366934635506761
0.023366142394889468
0.023365220545133084
0.023362811210352594
0.023360972300508979
0.023360873567289792
0.023358631966856572
0.023354355469871562
0.023352090628374934
0.023349907364663094
0.023348911185007756
0.023347204683707316
0.023344407294742554
0.023344229662709774
0.023343788763360903
0.023343607340288827
0.02334153412236948
0.023336886523373436
0.023333156559571792
0.023326509877443755
0.023325818165465459
0.023325599525368699
0.023325387842283472
0.023322506244887856
0.023318724431377606
0.02331832662519551
0.023316421071436302
0.02331499623629233
0.023314721869494931
0.023314030975099202
0.02331321840666627
0.023310844912977618
0.023301921755925097
0.023300259485034176
0.023295698785232456
0.023295394980012527
0.023295380934288765
0.023293067346353846
0.023289831688907206
0.023287262569917297
0.023286487505990643
0.023285292309998765
0.023282275788755597
0.023282244582667484
0.023281829316522784
0.023279250451609248
0.023278931521483276
0.023277051021009798
0.02327251553792099
0.023269791470950436
0.023265489524888879
0.023265149547152031
0.02326427064062396
0.023264225059426512
0.023263866477216431
0.023263060161320546
0.023259367743268852
0.023256918744837089
0.02325678569611354
0.023255671502261974
0.023254762366734329
0.023254189483540976
0.023252705127090555
0.023252018870410809
0.023251426160979579
0.023250907755387004
0.023249802369413378
0.023247973356067441
0.023243044051473073
0.023241875137385983
0.023240218666628353
0.023239361113429953
0.023237323703623976
0.02323625198348174
0.023234299061836401
0.02323394293928752
0.0232335006252509
0.023232998597680701
0.023232758296433512
0.023231484452360271
0.023230865840745379
0.023230809482847715
0.023230356689913138
0.023229592118552668
0.023228528026049834
0.023226496643559098
0.023225827577409229
0.02322241579895979
0.02321884276504076
0.02321684867706585
0.023216482811961456
0.023214704234011226
0.023213235173001182
0.023211558785173107
0.023210336298336492
0.023204862961711446
0.023204148657241387
0.023202398806969751
0.023202113667030483
0.023201998390545611
0.023198411651574026
0.023198042414443763
0.023197976049091497
0.023189569883512496
0.023187938147028415
0.023185490504113098
0.023184247203219394
0.023184035593127501
0.023183981973399
0.023179536372040857
0.023177121663545814
0.023171831929745198
0.023166593840075578
0.023166214249120413
0.023165958550356303
0.023157048272129745
0.023154929209830765
0.023153831677638799
0.023152336011908661
0.023150650528870644
0.023149432407005031
0.023148698176478601
0.023144299140688645
0.023142450623671793
0.023139809820287335
0.02313903315431013
0.023138694622917271
0.023138449891820262
0.023138394044109858
0.023138384752992749
0.023138173257391034
0.023136106543713512
0.023134380798150316
0.023132838683343905
0.023132775740980042
0.023130454102744263
0.023128047281297592
0.02312732348698485
0.023126895865513437
0.023126808927232359
0.023123203638936541
0.023123071529619746
0.023123060813012943
0.023121122267929759
0.023120848211447848
0.023120429930751109
0.023119287911986284
0.023117550109036343
0.023112946374885094
0.023112550648485962
0.02310766686682509
0.023107540892305364
0.023105669043632451
0.023104886616226551
0.023100864634490532
0.023099070251897617
0.023098507585901793
0.023098335533349109
0.023095629650482626
0.02309543044833046
0.023094052606725177
0.023093468938717433
0.023093394261583182
0.023091099110987695
0.023088181764219746
0.023084801670828464
0.023083402562971485
0.023082184902898727
0.023080936958418976
0.023078424281934698
0.023078179961114161
0.023074729630838769
0.023073501635397568
0.023071668998312079
0.023070897805909821
0.023070225269302833
0.023069719710778272
0.023068590351461995
0.023068084166033544
0.023067931943579138
0.023067119515127632
0.023066401612176494
0.023066128882958267
0.023066092968469169
0.023065331835966409
0.023059567639262247
0.023058669238063444
0.023058241083741847
0.023055598097220235
0.023054329067866912
0.023053995838628449
0.02305351111331114
0.023047912386152558
0.02304751578951118
0.023047406219048047
0.023046589997451416
0.023046130812757085
0.023045203963028064
0.023045050909568758
0.023044787461784712
0.0230438678009511
0.023041350841597044
0.023040390961819469
0.023039782426219665
0.023036908053174248
0.023036364397130377
0.023036043613322843
0.023031586419466656
0.023031429939132153
0.023030691203641585
0.023030110513903138
0.023029693631079668
0.023028626754248004
0.023027127668262024
0.023025153814645288
0.023025047915585947
0.02302411891535152
0.02302339442690951
0.023021238363239691
0.023018713829907934
0.023018422542453901
0.023017078114558318
0.023016516886442191
0.023015827966902731
0.023015142860603684
0.023013935283130643
0.023011894261018202
0.023011290871371177
0.023011184759302972
0.023008370638300541
0.023008067588482218
0.023005706715647122
0.023003652638245383
0.023003590866141978
0.023003089347439692
0.023001388829355283
0.02299963859281778
0.022999590172747088
0.0229979546252542
0.022997245723592526
0.022996867770852789
0.022995879978153666
0.022988803092909908
0.02298759891183931
0.022987045673433921
0.022986901690401098
