1.6259159044367992
1.4600402908067753
1.2757483458446799
1.2674597282725104
1.1612585935590041
1.0637013768287953
0.96458336775432962
0.94881425646149864
0.93711038388134282
0.91124595499232441
0.90358495817626205
0.82887180131762073
0.82778206539388599
0.81211729681600597
0.78353916177930116
0.71993013967047725
0.7080573839287978
0.68705812141885281
0.68302093943779074
0.63938924315808188
0.63812376240659352
0.62857828733765009
0.62777882114209915
0.62635121511596059
0.61973997351844445
0.61590267985370428
0.59943680402168875
0.59256890251831973
0.5914701512490248
0.59041048742086011
0.584988753105111
0.58283259220937478
0.5798625224275753
0.57879981221702248
0.57583708614450424
0.57049179960571283
0.5691504649320609
0.56622894441840355
0.56372359475281142
0.5631140745923594
0.56252427663279159
0.56104854306080332
0.56063350427850567
0.55796638891178785
0.55745763630628986
0.55677215147113202
0.55568545002560255
0.55306883400514495
0.55300663168928632
0.54978647008593884
0.54761210687016082
0.53981989665389818
0.53956985950315883
0.53908482156692517
0.53904504859300173
0.53825079795644581
0.5381090987566306
0.53517782248392309
0.53418203367327521
0.5303593408737487
0.52907999964280483
0.52787548923907568
0.52638063488831044
0.52273820689403716
0.52209324152071079
0.52151527880899406
0.51898446656738384
0.51631368229627794
0.51628903363910894
0.5138758975786446
0.51325814757645227
0.51291590632367301
0.51291350128296842
0.51134924868161213
0.50951507591651657
0.50782839082189091
0.50754269709663691
0.50625733599982103
0.50615009325600702
0.50550411459590572
0.50488081081125391
0.50404542103761685
0.5012859518905306
0.49797582270049767
0.4956290615390434
0.49544166114389321
0.4929262569993883
0.49245773998499104
0.48949073745844718
0.48816558782028646
0.48679277254598946
0.48573956427088394
0.48515383296590237
0.48397685616338665
0.48295592062259096
0.48236413320543176
0.48099145276997213
0.4806489751160648
0.47981103710045964
0.47783903021138874
0.47718478715385754
0.47642666108279641
0.47508673046632788
0.47383263837608408
0.47376450911366652
0.47277284740862208
0.47243327623696391
0.47233709877638219
0.47186717789568516
0.4714119537164842
0.4707768467484868
0.47002140784917312
0.46978145378751324
0.46930499245955498
0.46915499811805705
0.46911692311896425
0.46841471379610572
0.46744310804976269
0.46657841988447779
0.46639767996227627
0.46503470386540274
0.46395992796854918
0.46375444133453686
0.46354749929659766
0.46353178908250686
0.46307018148717144
0.46282900831998031
0.46280344721066247
0.46229001716282542
0.46159086102301355
0.46123811507495904
0.46080092577816362
0.46037742264380144
0.45890544624212976
0.45736561867418452
0.45715380265766159
0.45703545861748179
0.45641827989913597
0.45605696538241669
0.45605391679260177
0.45495780702695704
0.45377442125837109
0.45300265375336946
0.45143479371053546
0.45094159331229966
0.45074275745870312
0.44976695582259024
0.44790102384941111
0.44772910463244597
0.44616688077516697
0.44429628138996802
0.44416780597171734
0.44356967586664009
0.44253594064829427
0.44216879925520569
0.44145391098211351
0.44116870101035177
0.44070660932106331
0.44051596823805123
0.44043608067928303
0.43971144842658583
0.43966063519000553
0.43958680833715519
0.43929484164535998
0.43780731910636211
0.43677501778452416
0.43677030360702035
0.43654379598171411
0.43646462176557621
0.43606298966961216
0.43596189131303453
0.43581985991117478
0.43559409914326974
0.43540903461071762
0.43448037850383142
0.43413995116881104
0.43322669933586833
0.4319799649181032
0.43146014541559974
0.43132122722416333
0.43062009284259894
0.42951112189494384
0.42758578680380116
0.42741027679848675
0.42678009375467657
0.42632811237502477
0.42583396901370441
0.42489087587255941
0.42346381741200317
0.42325269352779632
0.42008943874342186
0.41953814995353805
0.41919478057205839
0.41913611822291824
0.41912649770807553
0.41887080313949843
0.41873630824031122
0.41859764922568304
0.41767782658387476
0.41687430664081371
0.41400288280278719
0.41367394956122022
0.41359699042067538
0.41122390631013561
0.41067024670082392
0.40865439442044421
0.40831802950006246
0.40817018834163932
0.40770811919288769
0.4075298116842998
0.40750702113732717
0.40470376589357676
0.40450718189736556
0.4033274067200498
0.403270146585061
0.4030439880600743
0.40228760844589206
0.4022775213008597
0.40210137420156739
0.4017263812659414
0.40155523354015721
0.40154055654947152
0.40106185891670282
0.39964092334989365
0.39934452595734976
0.3993438188137165
0.39866744992515768
0.39837312912165757
0.39835158006147536
0.39710496646155785
0.39640266103602195
0.3962816479947196
0.39579389407133259
0.3954089662278924
0.39501833476017956
0.39467414105191917
0.3944683245062664
0.39444379726015227
0.39430896781361596
0.39340331402638928
0.39302109804641311
0.39205154373577428
0.39059872395598655
0.39017450608305421
0.3887147930265441
0.38860231502905124
0.38822873132233399
0.38797000291614403
0.38713200786922464
0.38713155311284697
0.38663257897696379
0.38577057756319183
0.38500048495729633
0.38472039056251217
0.38424037952267492
0.38419698484877629
0.38411869934410164
0.3840585490982541
0.38402223360802212
0.38391179311836382
0.38370459727491829
0.38285688159258957
0.38272788078469644
0.38243722042759021
0.38208817421392915
0.38160420765684083
0.38120868742200031
0.38050111410814763
0.38031410163890661
0.38010482301910536
0.37999620872344381
0.37988590421969287
0.37933134358357234
0.37912620215137277
0.37910285746337452
0.37845313938394931
0.37812002684772794
0.37802119708281845
0.37788794361477412
0.37758124764565915
0.3758048714646694
0.37578622897614267
0.37523927950418562
0.37508511251111337
0.37465129162606692
0.37464873968536261
0.37463351063782857
0.37374302851359142
0.37300569603178557
0.37296748661969437
0.37246936701440164
0.37239949711353248
0.37186944262653948
0.37091104661276575
0.37090072032952837
0.37052116609818658
0.37017573916298746
0.3698836612126904
0.36976888650889123
0.3697208358511086
0.36941039544719645
0.36940731268273513
0.36790084555703256
0.36780509275658302
0.36741585556846795
0.36709866536808022
0.36704522250658284
0.36644975328715723
0.36585236619194095
0.36563780753248964
0.36560496233899376
0.36526244064921187
0.36509129231596554
0.36477656061877733
0.3642690287927246
0.3641725356252265
0.36337683311868219
0.36231742571024295
0.36228583223845767
0.36162252593532818
0.36098176999584031
0.36055546170657859
0.36048969638392886
0.36042891094302054
0.3601901308504471
0.36013037291252031
0.36003240918424501
0.35918425726067216
0.35749550358975357
0.35691122366766626
0.356652776261428
0.35620734491770994
0.35473250989750027
0.35459332724988279
0.35426274284428144
0.35401831264206368
0.35374967834798188
0.35311675755540217
0.35298795008716244
0.35277536101580526
0.35270307293467235
0.35237846355669367
0.35232612641635908
0.3510224040364523
0.35054196871041171
0.35045081973343728
0.35043698641563154
0.35011093674623189
0.34990177374270098
0.34974240769343595
0.3495044187593459
0.34938121705934966
0.34788984694532066
0.34727714995302039
0.34716204033632753
0.34702887471905763
0.34693770696072318
0.34679810233733038
0.34628004306991494
0.34605404988314775
0.34515033507334325
0.34458063550912404
0.34453007766914157
0.34408289345781556
0.3440722102874611
0.3437193454735688
0.34367212810241088
0.34338675130250984
0.34321398533554759
0.34316930878780372
0.34275231784976401
0.34179002897380673
0.3414162119795322
0.34134390804926612
0.34133027334079585
0.34119140078714078
0.34094356773405493
0.34008098875504761
0.33979189186662345
0.33968568180867359
0.33948564788635022
0.33936975398647551
0.33930969991607163
0.33923418426544089
0.33857109902568439
0.33830636652198409
0.33825343789416246
0.33815368544960767
0.33782238986638768
0.33774237955044412
0.33754120127202464
0.33739363055507926
0.33654689732162979
0.33591385063959589
0.33550069823693146
0.33540156147292094
0.33538800383378314
0.33511501294427104
0.33448438844144052
0.33438305879816066
0.33402135178119974
0.33381548766867802
0.3336085957203257
0.33309179301507064
0.33305406342420613
0.33277650723187319
0.33260862021347304
0.33243249717421858
0.33196077944130631
0.33158194887814829
0.33132605651277197
0.33114608317303779
0.33090413687621922
0.3306851871601158
0.33065944678134795
0.33016358468459028
0.33010825916575137
0.32990539136487251
0.32921515274862267
0.32918220395288317
0.32910339787178927
0.3289928477922579
0.3284467881623559
0.32810932429493495
0.3280326002345717
0.3280209655977912
0.32798320857451435
0.3278320749556185
0.32701534449457464
0.32660730826533607
0.32639739430751596
0.32609688241563378
0.32584009846634171
0.32577044585685178
0.32526644767055451
0.32505470299680661
0.32496537733112146
0.32488740409866668
0.32473008836567818
0.32445550088980429
0.32438631164426379
0.32428094534512814
0.32384416055316173
0.32373873710709511
0.32346706023471922
0.32338107789288278
0.32241025018316277
0.32218435100436288
0.32213609023686146
0.32208820133696414
0.32183265718968196
0.32179734872879429
0.32132847470634429
0.32012682913147
0.31987937484875423
0.319491761423917
0.31924517833557298
0.3191626015170051
0.31914894574066865
0.31913565773269292
0.31909088101480221
0.31908928274670728
0.31879192913808346
0.31840119690469798
0.31828830934204039
0.31825490257366784
0.31777410294105668
0.31698741341615655
0.31665913074253005
0.31646227669744115
0.31625068942643392
0.31621815737054965
0.31555610463541373
0.31503369809246212
0.31487955552495556
0.31469995206456858
0.31453894666398285
0.31452501648297487
0.31432369423367429
0.31425313422359819
0.31419677743415708
0.31374456846624454
0.31370360838551348
0.31351297573240239
0.31344381093056839
0.3134269975934213
0.31319362139672963
0.31299074248222458
0.3124909998745275
0.31202142529902027
0.31200874709102372
0.31102464789581397
0.31064852504351836
0.30928058066087172
0.30900235004043469
0.30881732209490853
0.30873849480135757
0.30862688874045197
0.30847734178383668
0.30815303560100682
0.30801824854230292
0.30796917141992619
0.30769334693596423
0.30759315575932106
0.30756075857102849
0.30755650367106735
0.30714133250504527
0.30704183089805676
0.30697742829573865
0.30614783938854512
0.30595610458605016
0.30566215775749456
0.30557474546774976
0.30540169788233318
0.30532323706391618
0.30520448038665127
0.30489541595581487
0.3046952782902082
0.30464424659076356
0.30455271998399031
0.30422060677649876
0.3041547275259685
0.30390114718993977
0.30381741847153559
0.30342177902156764
0.30300007627888664
0.30283441484400642
0.30275812266797564
0.30254679868516809
0.30155766801333761
0.30147143147429939
0.30143246611549157
0.30137833535115954
0.30104880498738373
0.30083353265221946
0.30073342678217274
0.30067102868914514
0.30059118589733541
0.30043521147701291
0.30042422897921717
0.30038762972903682
0.30032014337166435
0.30025099083170437
0.30023310813129628
0.3000734203705453
0.29970032332695101
0.29932652206750715
0.29900759553614631
0.29850267483512172
0.29849381235241207
0.29843217717654608
0.29828008571125314
0.29802745499827671
0.29790233127347443
0.29709912407992728
0.29600698983212831
0.29575898972754983
0.29568854892542168
0.29536783643680553
0.29512202034949553
0.29478608023331748
0.29472644071198434
0.29469808959547528
0.29462166834337428
0.29444354996741745
0.29422499801910657
0.29415380210400099
0.2932511703551326
0.29308502031895989
0.29282512490444268
0.29220023169173731
0.29200060878610229
0.29142684775584332
0.29108990250296357
0.29097404818162137
0.29086633576366622
0.29081877192657818
0.29079908908621854
0.29066731517402067
0.29051448304047706
0.29027583589483891
0.29000420488479389
0.28977421563977018
0.28972764438507764
0.28972415165565124
0.28928191496725109
0.28927047179443688
0.28919568056899242
0.28905780689799176
0.28876541444805742
0.28871870529485555
0.28870382601047823
0.28865829549465077
0.28849618680061834
0.28836875719853616
0.28825715094166598
0.28809644531775064
0.28768681751852099
0.28750595902880577
0.28735189326051275
0.28708208302065119
0.28700946588791265
0.28661212009587606
0.28659468679162414
0.28649165357707168
0.28613586738064206
0.2860928173192932
0.28545743387505906
0.28519520250846336
0.28505307065215041
0.28502109361672945
0.28483145912715657
0.28437493005832737
0.28435528213695671
0.28433715737676579
0.2843179542284871
0.28412846588411417
0.28396485529548815
0.28386394616090477
0.2837372019069796
0.28355860600046751
0.28343176711986451
0.28311062969141276
0.28291088507831813
0.28247190058327037
0.28231998736042979
0.28230351870188347
0.28223779389323828
0.28218947095107905
0.28151237897040837
0.28140135494791102
0.28127152966121738
0.2812708078401851
0.28091518005690364
0.28087536617313763
0.28065917607487345
0.28009069273003284
0.27985484199185007
0.27956205707574139
0.27928756276597788
0.27912192918459605
0.27884607539675593
0.27873768109168617
0.2785244067107302
0.2784577777843088
0.27844352061035821
0.27836115586671067
0.27810105594633372
0.27750913389341392
0.27727651934736403
0.27709287027332219
0.27702883607886697
0.27662601033941536
0.27562753157917563
0.27562512478874707
0.27560075208422541
0.27525815318022467
0.27506330562738507
0.27486080633847426
0.27482386344826848
0.27432223114808574
0.27426107564040081
0.2734213300084205
0.27341612852144609
0.272991810635687
0.27296261366936003
0.27284435295099985
0.2725483651651977
0.2723653491407288
0.27222354396337706
0.27211464988809991
0.27205954929130505
0.27172947183184964
0.2716950511750158
0.27154277248099656
0.27152220164778507
0.27145746839488361
0.2714080520521352
0.27131829371688215
0.27131026854488438
0.27127066504796515
0.27125850195440504
0.27087813538089078
0.27071988954296539
0.27067689197508493
0.27059918569394792
0.2705982229262523
0.27056735768756823
0.27037775553044996
0.27009949498898361
0.27003518512904195
0.26986749214078404
0.26964060808752072
0.26945432547506754
0.26909116082274892
0.26894595419335865
0.26870702214213571
0.26870640900638826
0.26864112294402692
0.26838978490140458
0.26824432163111561
0.26814737033074987
0.26813503570603997
0.26789444534435586
0.26783323756216626
0.26752047706551263
0.26718409804219095
0.26704421899678049
0.26701948938595782
0.26694862533868791
0.26681383401447878
0.26642549140416366
0.26602423744044307
0.26589557892797572
0.26576486461439713
0.26570551832341127
0.26541939968392025
0.26532478239110446
0.2653191965331429
0.26479834190382628
0.26466457609609439
0.26453154437208221
0.26415807845754685
0.26365096914718872
0.26364323440192577
0.26361958375369371
0.2634400845221781
0.26338834429799846
0.26316855107140225
0.26315737741893686
0.26302371624721732
0.26283663573490584
0.26273348576630273
0.26231247876230734
0.26230786354526703
0.26221991875728562
0.26188264085467727
0.26174385352902396
0.26169068408642721
0.2616838601413321
0.26154891303913036
0.26149063695888569
0.26147113401495153
0.26144530043650649
0.26121644151506845
0.26088869591492997
0.26087015135398872
0.26066435761948914
0.26059540903388972
0.26051735305860302
0.26048139234895473
0.26039943339550586
0.26034972222135966
0.26016393061594034
0.26001456017664015
0.25985063420321342
0.2597290605818115
0.25960147981194065
0.25920466449377672
0.25901014513060511
0.2588199611666937
0.25878407771462336
0.25876912317397383
0.25876087225115701
0.25872588614135789
0.25819931589803979
0.25795283701647731
0.25793295860310872
0.2577560374242352
0.25774857514727045
0.25773926965232735
0.25770755268829937
0.25754760038195268
0.25727855483717815
0.25699467154232442
0.25661923024604033
0.25646277128277578
0.25644198409233809
0.2564048762425129
0.256249980488928
0.2562192155547634
0.25621868796380554
0.25617934043082413
0.25607631688589355
0.25605773087969264
0.25588683145865332
0.25571782912950419
0.25562334348772903
0.25559908152820537
0.25533790261107747
0.25520456653415186
0.25514083667562787
0.25496381988910477
0.25488415115259344
0.2547019304466927
0.25454431388269744
0.25449089557810017
0.25388710030963896
0.25380446763479131
0.25379654994047113
0.25356989955760545
0.25351570278908797
0.2534026337259272
0.25328689068404908
0.25327585143216075
0.25311756312679001
0.25261119729084414
0.2522467805079181
0.25202838804011379
0.25201129267213013
0.25167514532412039
0.25159112500741881
0.25139016785721879
0.25129736625846177
0.25109231008953603
0.25104684481362299
0.25101461911463535
0.25101200117672801
0.25096807469917704
0.25073573842691499
0.25038390334167837
0.25028613941147493
0.25028182669548632
0.25026192509843448
0.2502001358860409
0.25005955539442881
0.24994009325426061
0.24979677830817829
0.24973883389993226
0.24942730133948138
0.24936166469806884
0.24931280321149388
0.24921040822057713
0.24898584076183886
0.2488866319081271
0.24883161688122055
0.24874828063230894
0.24845825224018953
0.24843280525286945
0.24827372636201692
0.24816878655340369
0.24799800553005438
0.24785023552121491
0.24773686404128922
0.2475503522291724
0.24744310679790946
0.24741045062696565
0.24721441003911263
0.2470080053590675
0.24678839460615165
0.24677056907137304
0.24664019797784539
0.24644692638510934
0.24635014626246912
0.24634103639829924
0.24618584890826478
0.24586984358766731
0.24573786879068824
0.24524535244261708
0.24518218404924319
0.24517895179300547
0.24510958541934533
0.24465937102867191
0.24453530734067247
0.24453384148218527
0.24449019345391773
0.24440728837196801
0.24418825327834379
0.24412570902660657
0.24411853595062599
0.24403406285426923
0.24397212032274268
0.24382709306438607
0.24358512191167331
0.24348362810522717
0.24344427553391004
0.24326960481875354
0.24319160959252376
0.24278695096360686
0.24259173601490319
0.24234100256406019
0.24234071785344596
0.24211180805778218
0.24183126539058955
0.2417881423131103
0.24165270011176423
0.24161780609069167
0.24156459959704646
0.24147405273637657
0.2414678265385872
0.2414139370694684
0.24137451540367402
0.24090111671878642
0.24067953831533526
0.24021961470008768
0.23998040769089651
0.23965485244907098
0.23957463466042075
0.23942936883500684
0.23913995787553299
0.23910401980932905
0.23895797983888845
0.23892423128262896
0.23879108893022633
0.2376892015113275
0.23756525429521605
0.23709305870750652
0.23673115997900426
0.23652594256614243
0.23634769327016369
0.23627561503998529
0.23617204255385857
0.23562776394582616
0.23560065254248799
0.23546414679539251
0.23517358510098865
0.23512346142094706
0.23502218394037241
0.23479289423818969
0.23479067502866494
0.23454931188699171
0.23431104320092838
0.23399215985360125
0.23360574881544227
0.23328933376229416
0.23292804603211689
0.23289229625367294
0.23276691001492794
0.23260281257259921
0.23255215601870632
0.23242367753768681
0.23223286918038785
0.23193264619650819
0.23189112557032734
0.23187241899118136
0.23176411226748267
0.23163633151595858
0.23163532536298223
0.23160781820975879
0.23109130584662615
0.23107122072619024
0.23104597549480277
0.23098538290142773
0.23093248768049376
0.23079315215492505
0.23065137957484819
0.23061479681868974
0.23057773294529621
0.23041081412446343
0.23013892105456807
0.22982986598869296
0.22949656671840166
0.22940281798529991
0.2293967360312375
0.2292939317675107
0.22924919640239388
0.22922688287808299
0.22870668530796823
0.22813312279465256
0.22808894811137137
0.22805960066456996
0.22791367344206417
0.22782262300343351
0.22765720028488778
0.22749062922270499
0.22748644025975376
0.22744730037746339
0.22729627476352207
0.22728126592662465
0.22727143408783801
0.22724839743419722
0.22722285724783106
0.22720020420038642
0.22713507620025747
0.227041986592599
0.22698612064052701
0.22630530972301205
0.22629696754070031
0.22610739757419848
0.22603495030514262
0.22582771821558947
0.2257214872234527
0.22562528689328254
0.22561733775802831
0.22558225959338252
0.22554431262188762
0.22544194560729003
0.22538967102349616
0.2251732214339478
0.22513262257701397
0.22508849553088864
0.22502378685023355
0.22500734478436588
0.22498061929709165
0.22497366968726717
0.22493299469357056
0.22473041232666402
0.22468332803575328
0.2245443296844743
0.22418593522026231
0.22409520421888771
0.22391367494617492
0.2238840848688923
0.22354896301879076
0.22349807287635068
0.22299945722539782
0.22294718587308551
0.22289013023187712
0.22283922339783499
0.22280914721138662
0.22273325033053845
0.22270804172020603
0.22256758132255325
0.22238325928459485
0.2223683924682994
0.22224995243367557
0.22205337556580931
0.22199169448178441
0.22198174065678092
0.22176179265586854
0.22172102855739592
0.22166092835223555
0.22157921534192129
0.22152389022325938
0.22121850362794013
0.22103614729890764
0.22096043445587829
0.22083657374393065
0.22083240230625392
0.22082501862429205
0.22081457095475218
0.22077385954874473
0.22069225848273427
0.22069152178934134
0.22060404737369613
0.22010428737639931
0.22006317437987954
0.21996879205041844
0.21982255318574898
0.21951644404377382
0.21949844313044176
0.21948679799958212
0.21948253165544515
0.21935918589430728
0.21925195274110537
0.21920016496939748
0.21888629736250065
0.21886696699016503
0.21866232726122548
0.21864388563639903
0.21863408348331761
0.21849350068423509
0.21836834860947388
0.21828465838412855
0.21823114405044911
0.21808712667562333
0.21785142572124477
0.21774212695120529
0.2176229694220847
0.21759583867081345
0.21755259083965015
0.21752594846067588
0.2172283030847974
0.21705538381658648
0.21676419945314448
0.21660032907170335
0.21648417784256735
0.216439930509916
0.21632496730117234
0.21613486366554438
0.21613482162796718
0.21605000895322643
0.21560833647580643
0.21551839694416822
0.21523254700658495
0.21503839010300521
0.21497144305286203
0.21496631835285182
0.2147167737423154
0.21470010826892116
0.21458410301984923
0.21447694460797301
0.21440441592306808
0.2139995725983051
0.21360732752311357
0.21356641586653335
0.21315756428171387
0.213152365985953
0.2131130402906701
0.21296114235215757
0.21284083597919337
0.21283591355612888
0.21281929717640022
0.21268000126661252
0.21248480264425734
0.21244614236247045
0.21238103278976694
0.21210803192887803
0.21178089127170352
0.21169088260835894
0.21140290906709466
0.21114333687274564
0.21082773197776875
0.21081182633474227
0.2106460144927757
0.21059725702410864
0.21056094331208783
0.21044334545042778
0.21038584621211165
0.21008449248223415
0.21002334468318951
0.20998670390102905
0.20990160342177039
0.2096509795958757
0.20949221753149824
0.20938989202526029
0.20933926655594073
0.20932356334507232
0.20926259020193091
0.20916900493259272
0.20875778756444077
0.2085001896487628
0.20846095102582538
0.20825705528063634
0.2080746605432274
0.2080553120735941
0.20712740881999031
0.20708994910147024
0.20704825615442857
0.20700410750168002
0.20698989443726676
0.20695711977043899
0.20670176851726108
0.20664861693660219
0.20663612471371984
0.20636327434308865
0.20621951219564019
0.20606786799446772
0.20604141084312838
0.20593517587492285
0.20588118969479949
0.20578241830443267
0.20575986802649121
0.20565614963445486
0.20551575825476279
0.20544017669237427
0.20539052305573244
0.20530228273206722
0.20529257895653366
0.20493771982230566
0.20489580345822736
0.20488011518655172
0.20486735385998847
0.204832975557036
0.20481062685185128
0.20425423887702052
0.2040323408523502
0.20394965240076096
0.20389854468232732
0.20388201500609779
0.20380173570306345
0.20376709218931913
0.20358817844366209
0.20344327086899588
0.20331562621978239
0.20321698709897495
0.20312380018081294
0.20305760477852883
0.20300679086699863
0.20288782721139137
0.20273980398284236
0.2026440144416935
0.20259705718364104
0.20243875117599844
0.2023835090517572
0.20220294912314835
0.20181749010654906
0.20181270103774199
0.20162638494384094
0.20140746320872394
0.20137114844933701
0.20119610029808238
0.20110355901056901
0.20106442395467142
0.20106245108360238
0.20102454894666849
0.20094851246505788
0.20090762677544147
0.2008555778456976
0.2007614554820237
0.20049606252519389
0.20043119616841981
0.20026452459016789
0.20021220776710344
0.19980429205225886
0.19969156388373602
0.19950406527780679
0.19949722905291206
0.19932396270889652
0.19929077839180953
0.19923875092661775
0.19916119459784443
0.19878981188142564
0.19871534048333658
0.19870754848101219
0.19865957281526506
0.1982231967565341
0.19813499903474738
0.19813005338384132
0.19805409154916889
0.19799082301036572
0.19781900191148122
0.19779761683888339
0.19778043278374338
0.1977522910476805
0.19762835305799004
0.19761976018187274
0.19743774110649023
0.19736778432187349
0.19730230234369805
0.19714997911878115
0.19705664559652569
0.19693314611158866
0.1968786592169077
0.19682758271518161
0.19673981223627079
0.19644444443719386
0.19636007379225484
0.19625944614493102
0.1961979534950081
0.19598302604103859
0.19598277289053151
0.19597844852345486
0.19576290197752724
0.19550443437610485
0.19516433771293268
0.19512086893535754
0.19501198293677496
0.19499731440898671
0.19480436225609049
0.19467381718335125
0.19454953500946076
0.19451191349221672
0.19436782561415228
0.19432812233549934
0.19432075342714933
0.19416414352010478
0.19413622024000932
0.19401324141403331
0.19360247994026744
0.19352483036616214
0.19329096244669552
0.19314761791911655
0.19295148722944774
0.19288620242840226
0.19269891600128641
0.19262628934950449
0.19247690986914118
0.19244003123106837
0.19242762064424504
0.19242133483874768
0.19228218301051397
0.19221944348814352
0.19217743810157356
0.19216294358859348
0.19209429798362962
0.19207128901503515
0.1919944048373291
0.19189094773476789
0.1917560343006838
0.19165955030997628
0.19153884316514466
0.19106986465803583
0.19087501867989182
0.19084358109679186
0.19064315253689978
0.19050161924059458
0.19049181362556142
0.19033177020686656
0.19032725608889314
0.19031612400020975
0.19003093372683275
0.18989080579800102
0.18978175438626016
0.1897072350067659
0.18958389523025188
0.18941639653258358
0.18925428446101081
0.18924603274042601
0.1891914646537462
0.18912584777395194
0.18908355242187294
0.18899547176091278
0.18897790524739769
0.18884911252594597
0.18884236307385358
0.18882014341931228
0.18880648578251163
0.18850682557508691
0.18844515315562954
0.18842912843628559
0.1883339396817956
0.18818953524046331
0.18794880185256874
0.1878471992985864
0.18781641832511725
0.18772249761224433
0.18772163713158657
0.18770686089709734
0.18766525389680772
0.18762298976225242
0.18753596786823637
0.18750939203644551
0.18738577102990753
0.18691872806970061
0.18685503718312579
0.18678581989563553
0.18664701198472625
0.18652942226795058
0.18634780013732899
0.18613115831355206
0.18605542256995564
0.18597285826654961
0.18595586619158394
0.18593795198971952
0.18577380791933157
0.18563661452607066
0.18560422428272785
0.18554645612527457
0.18553466206579708
0.18551719491581795
0.18544949018393178
0.18538897008697197
0.18537623746685744
0.18526557778088704
0.1852406063560893
0.18522941111184163
0.18506985041168592
0.18486659334963074
0.18480420557197347
0.18479515669560911
0.18473538495293382
0.18467812004960346
0.18466010223284729
0.1845870885631356
0.18453420736307874
0.18448564021060607
0.18446753336140762
0.18440069197720263
0.18436117346322856
0.18427274935378635
0.18405480861586448
0.18380554596012655
0.18371420794635718
0.1836880327073549
0.18367350517788625
0.18365301147088792
0.18350574087579175
0.1834787629914274
0.18336176025299747
0.18320667236985755
0.18313920036297182
0.18303638153148988
0.18303006420416484
0.18299170801795422
0.18296223261581085
0.18283905193883176
0.18272359494333801
0.18259348051340565
0.18259228991102056
0.18244864772868663
0.18242195091982202
0.18231433207927167
0.18217224693031595
0.18215624250422915
0.18187609927210349
0.18178136195222019
0.18177148542603855
0.18168525531028687
0.18167011452462595
0.18165660786463558
0.18152448185815825
0.18147719806629947
0.18146473186049322
0.18141866670803414
0.181397686517656
0.18124684173509858
0.18124011729806455
0.18108286174804233
0.18098359166997857
0.18094109617641885
0.18090085586199162
0.18087884563328416
0.18076729843175549
0.18072263064757135
0.180614862388809
0.18060051565929924
0.18006910760914466
0.17997130283865392
0.17994272575276138
0.1799146668229476
0.17958623200458548
0.17956645218870196
0.17954764726712488
0.17939800948469009
0.17927449029703937
0.17927352299364416
0.17926859486445232
0.17906254394012749
0.17905016887639166
0.1787879443660797
0.17855410841419628
0.17842266354563385
0.17839924762195772
0.17828041047402307
0.17827926641702385
0.17825972445143759
0.17818741173914518
0.17809615761568975
0.17793791644519524
0.17793692566743483
0.17792149208641597
0.17787404352519015
0.17777199127268717
0.17761939906712554
0.17757996950115709
0.1774915319266604
0.17732412121424485
0.17729260023460294
0.17723318315311151
0.17719618872873147
0.17717775848640421
0.17716017443177121
0.17712729799520571
0.1771212364474819
0.1770959396161047
0.17701633591145491
0.17692168332670483
0.17674834841745618
0.1766293392134608
0.17648121058166108
0.17644247342920569
0.17643797043281789
0.17637846249330869
0.1763440519357258
0.17628649568182095
0.17614851397236284
0.1760658584370188
0.17605082020934584
0.17585056773551222
0.17560283263084642
0.17553220260922706
0.17546920696687976
0.17542750954280673
0.17532538582433174
0.17527024982431394
0.17524844891740973
0.17524368701169882
0.17508399652345322
0.17503984568486913
0.17460873745798278
0.17457322452324578
0.17434346909666798
0.17426257821485525
0.17416414881385237
0.17411638101636107
0.17396529267952729
0.17393078152248084
0.17380681475513063
0.17364248823667139
0.17356184620023893
0.17351068648742665
0.17324213905061184
0.1729857952821359
0.17280851575807943
0.17258566539623227
0.17256686273727143
0.17225657957118123
0.17212689348034699
0.17212534226629589
0.17189912953828235
0.17185075749454198
0.17155933190035785
0.171533174833535
0.17150346880191861
0.17141127846033635
0.17139506756406497
0.17127346651271891
0.17113871988403939
0.17091543118601962
0.17072088609846711
0.17048730798115011
0.17036684859639575
0.17029458132114383
0.17002307400511324
0.16994503742942588
0.16988706180193194
0.16986496789894823
0.16984676341770102
0.16974704257732834
0.16968419252377753
0.16964333623572775
0.16925571682455112
0.16895941813172813
0.16894305586984831
0.16893782922941078
0.16889508924816773
0.168863161908784
0.16878411027594686
0.1686885722149131
0.16866187174375483
0.16858587965293065
0.16854507733567817
0.16848379411150222
0.16817649195752662
0.16813123184237347
0.16811280794414496
0.16798289195430172
0.16772329541082404
0.16770551095318517
0.16768097371699076
0.16761246642286801
0.16752271458472101
0.16741490476586351
0.16734682380672294
0.16730714272072139
0.16727861646666897
0.16724890714414045
0.16716214970212051
0.16703731924701046
0.16703525190089175
0.16687191989399777
0.16675710661496335
0.16660321300027661
0.16651201020705486
0.16642861426967226
0.16637008836179834
0.16620204326909035
0.16605416719925625
0.1659135421046134
0.16583691056374728
0.16580510340576615
0.16578855076505541
0.16555193339609658
0.16539946680836473
0.16520516610053995
0.16514509577588124
0.16514460789310001
0.16511361317350648
0.16500045542127109
0.16491039883906911
0.16490595915222869
0.1648904504113404
0.16485236672274517
0.16476239938016629
0.16474758494642935
0.16470169680056226
0.16467293817193693
0.16448340286215138
0.16447301671091394
0.16437859405815572
0.16436612540747275
0.1643410852476109
0.16429632492167198
0.16424887156561049
0.16421924934849172
0.16418427241466318
0.16408502997507626
0.16403099344476368
0.16387557270124498
0.16383679242789922
0.16379121205547553
0.16379054873342452
0.16370637441265654
0.16363452037681231
0.16361430831156407
0.16355981290199367
0.16354442258914009
0.16340504798640618
0.16338503938636809
0.16333286356881907
0.16330133080958334
0.16329770476171981
0.16297514074294375
0.1629322907409283
0.16280735956999631
0.16267638510584495
0.16261999314232675
0.16259451043132345
0.16252697200956534
0.16241138024747243
0.1622360520164968
0.16222086195351618
0.16220961422620364
0.16218475717505748
0.16216072067753376
0.16209552161928709
0.16175551440519412
0.16174773532295683
0.16151700863836044
0.16142627069489815
0.16140923231024962
0.16135692634711776
0.16134867032535302
0.16117639557453622
0.16111584927189848
0.16095132177242255
0.16093638858555542
0.16091343541480962
0.16083447415288235
0.16080812474993586
0.1607938998636447
0.16074780015962825
0.16058420316063582
0.16052148868191934
0.16026081782753179
0.16022970610265796
0.16010114880762039
0.15991174258654711
0.15979489365887414
0.15965988982103044
0.15954077544912879
0.15949000964832946
0.15943438101869664
0.15943304780118078
0.1593157551720826
0.15927364033894903
0.15921585181320189
0.15911734108946662
0.15906122113916904
0.15881157518814834
0.15864565530893734
0.15859687439100811
0.15853225603945342
0.15848489824456799
0.15805984722402502
0.15800892407033562
0.15794467266965548
0.15787751443947681
0.15785589519595269
0.15762539321760546
0.15752982187829284
0.15749655892324183
0.15744637171867007
0.15731859311554003
0.15718871206584709
0.15694422159516436
0.15694038870111757
0.15671520717921572
0.15668932188918658
0.15661654492839622
0.15655359513210462
0.15649804146340815
0.15613005363701649
0.15610553035518399
0.15598899438699712
0.15595596704327352
0.15593510989883771
0.15588011297451704
0.15587463604554638
0.15577155331257223
0.15572200144999493
0.15566277537970438
0.15562094449479541
0.15561288764308787
0.15541990663113514
0.1553760598714142
0.15531956060835972
0.15530453987278189
0.15519028718895111
0.15513061036523904
0.15503201329202732
0.15499859973585658
0.15495963513290609
0.15484941521085482
0.15484665099129377
0.1548299327484656
0.15482365854219141
0.15480496194626964
0.15475795351255914
0.15473870164600503
0.15472304095760561
0.15470145718660142
0.15465581102864984
0.15454288222703225
0.15450409456225625
0.15438919828463377
0.15427841693774258
0.15425117775682021
0.15419369843583067
0.15414253839846787
0.15407930168814851
0.1539489070861963
0.15389543003394682
0.15389314913343435
0.15382797005913537
0.15368313314878854
0.15354072628272472
0.15347119682233537
0.15344175778321889
0.15342791899722116
0.15333228974530924
0.1532001421812961
0.15316432962790053
0.15314995038515375
0.15303298966028014
0.15302304903590139
0.15297838390365037
0.15293024268122926
0.15284732495257522
0.15275887580215119
0.15271949148817418
0.15271870469519197
0.1524214358381332
0.15239404125976377
0.15237767810981662
0.15234149454647786
0.15228973049016531
0.15222214771397785
0.15217463685150706
0.15211793175223984
0.15210056308397635
0.15206125987784155
0.1519764096429122
0.151935350821707
0.15189160758014711
0.15186763743930137
0.15184350853515741
0.15183352627506319
0.15173232129002268
0.15149340008437351
0.15130260307354904
0.15125196239187116
0.15123638150344076
0.1511607021545319
0.15113603955532148
0.1511015256072139
0.15103312802497304
0.15100205993759516
0.15096711873573676
0.15094491219325878
0.15088239456238073
0.15081872964728257
0.15079842818330114
0.15071556180318937
0.15066820593305608
0.15064216874509898
0.15058588494646225
0.15054188343408814
0.15044437752309092
0.15043203571915356
0.15033583675625953
0.15025760228805599
0.15023700967456871
0.15022508336145371
0.15016332253235343
0.14999150899772767
0.1498860336010901
0.14980698162136327
0.14969705523130689
0.14963412238264315
0.14961443049932577
0.14961102845061683
0.14959632566885675
0.14941050321119434
0.14940562732758619
0.14931061286519884
0.14930123776798362
0.14921648974079713
0.14895155627137527
0.14889037291374452
0.14883949275374672
0.14882090306065837
0.14881261349154243
0.14868958540136132
0.14867889619573421
0.14864331823337773
0.1485951959828147
0.14850716954374238
0.14848003646242525
0.14838610231881547
0.14811420985702273
0.14803887255596607
0.14794332910317623
0.14770977355505097
0.14767764690156376
0.14757973750591974
0.14757411272832949
0.14754640844272596
0.14753789804823589
0.14746019119314568
0.14735272932137286
0.14727557770479971
0.14725844320732703
0.14725528285983383
0.14725365453112882
0.14719437134961483
0.14708619594162325
0.1470855674325032
0.14695099008662721
0.14692543485593706
0.14691695786616582
0.14686649252295608
0.14685064633969003
0.14682259489479244
0.14681220295251354
0.14678654759251464
0.14658213071987311
0.14652111316614286
0.14649198444129605
0.14645928766118854
0.14644759853582015
0.14640761099620714
0.14640440652700928
0.14638952535714744
0.14636556537757167
0.14635340456839091
0.14626157263441933
0.14615409250399125
0.14605895678788772
0.14594165802234943
0.14581173649690204
0.1458057472973483
0.14579122031697225
0.14579017135709721
0.14574371533251576
0.14574130623136847
0.14570160386009015
0.14566362860744889
0.14557811138223692
0.14534356450378083
0.14531439606836904
0.1452875396597364
0.14516020116989917
0.14514883568472484
0.14512777230834614
0.14494517845777916
0.1449382787617283
0.14490977728561227
0.14473146058218253
0.14453162207496242
0.14444183351401402
0.14435465585501828
0.14430957293295171
0.1442335690174518
0.14409388502944162
0.14383931758242502
0.1436854069439859
0.143644666039664
0.143601745042684
0.14354209632407658
0.14353255906386217
0.14339713568595797
0.14333561476051015
0.14320358061787644
0.14320000210944034
0.14312858844218676
0.14310663098174192
0.14299549508732101
0.1425474405992864
0.14247068170978783
0.14244103647576864
0.14243175027263846
0.14242394276963422
0.14236554252485656
0.14235451707775487
0.14232788419749129
0.14227788757467452
0.1422454504515849
0.14219531007593081
0.14215231544801538
0.14213401400281928
0.14209326173586689
0.14193697615320433
0.14185756171938935
0.14177443624060401
0.14175783273060863
0.1417383283912893
0.14167169069846178
0.14154121375654863
0.14152007567386599
0.14149914109305475
0.14147057224179296
0.14137831116656199
0.14132428945070696
0.14113019806477692
0.14110072766400267
0.14105460418571433
0.14100694971128505
0.14099232082985055
0.14092049855914315
0.14091188402527807
0.14086109551004403
0.14084384984799792
0.14077307824478136
0.14076595594660465
0.14073493545544347
0.14055038003830422
0.14027883638633681
0.14022672978327375
0.14016970965320844
0.14012347799004507
0.14011266690720042
0.14005375193635308
0.14004609731518114
0.13995255370698415
0.13975567714662954
0.13975077821451432
0.13973561997294701
0.13971264481404888
0.13969842667973018
0.13969414510383965
0.13965119114661223
0.13953665684347033
0.13953561102786133
0.13949267379483982
0.13944320020868178
0.13937395456592405
0.13936807967890538
0.13930662870277605
0.13917399500256591
0.1391536300066972
0.13907736854697245
0.13894694676898853
0.1388899727867644
0.13888671148663517
0.13884754358079751
0.13880440125726665
0.1387205274097133
0.13869857007444417
0.13867450693696318
0.13860143137127126
0.1385938148391162
0.13858901927727815
0.13850735218016033
0.13839755929285366
0.13832123038528812
0.13827087103730556
0.13822470917640689
0.13803617276355859
0.1380343614380391
0.13790057594363986
0.1378507617904689
0.13780793159672511
0.13761182644913209
0.13757758998433389
0.13756565237466373
0.13755818215735302
0.13731855378677041
0.13718643506376205
0.13702651941036137
0.13694497794121305
0.13682618523666226
0.13679493157161379
0.13679147869936634
0.13657828820421483
0.1365697346238352
0.1365689787972777
0.1364436209828849
0.13643950188751772
0.13638617052642255
0.13635806065761141
0.13634547219286555
0.13633955888760438
0.13624481098709584
0.13601962262775824
0.13599818932285579
0.13588336672315579
0.13582185942571837
0.13568331905328698
0.13556855900020201
0.13544490545229146
0.13542831979333456
0.13534487126516634
0.13534413834938866
0.13532147988241178
0.13526534668329709
0.13520492415724833
0.13518867835251785
0.13474224401487292
0.13466922319096503
0.13448359805548138
0.13446823420225829
0.13438379644214057
0.13431958430545157
0.13424058018902116
0.13422482435632396
0.1340899321497967
0.13407539326159854
0.13401242382550566
0.13394272132781809
0.13389754459318107
0.13387974772042741
0.13377682658586867
0.13374635769163418
0.13367979157116217
0.13355438745798845
0.13340571137659682
0.1333980709250869
0.1333720982244854
0.13324010423196223
0.13303346065782493
0.13299446272440782
0.13297048480055312
0.13291679453311528
0.13281406087506156
0.13274556654494293
0.13270619126594066
0.13270436987017539
0.13255638931359973
0.13255212120641788
0.13253457394009566
0.13251726761282501
0.13249427760009241
0.13232579169822969
0.13231574794478226
0.13226088916734235
0.1321591867886153
0.13214727532520248
0.13213451129596368
0.13204395219119897
0.13196788418312846
0.13189971012551369
0.13180332518723514
0.13177489195282963
0.13165712125152226
0.13148318140429929
0.13138681743175842
0.13130215400067863
0.13120704542995137
0.13111956416281786
0.13102727064605649
0.13100540993274265
0.13096549325545398
0.13091413287453826
0.13088057498299949
0.1308308831001197
0.13076621114326173
0.13069276486013107
0.13050025199454704
0.13049969711459947
0.1304665851000105
0.13040384483593853
0.13038463649725698
0.13028508452965756
0.13012875884562253
0.13010733398176211
0.13007492145571758
0.13002480288757495
0.12970941847154377
0.12966353991678037
0.12965747725817262
0.12960926554004218
0.12959046032532912
0.12956647677825667
0.12952318073274677
0.12950319797988666
0.1293726750746817
0.12937159026778886
0.12920976287428049
0.12914296792700675
0.12909863124367696
0.12900847639675925
0.12886573007026894
0.12873106895807182
0.12869833047708054
0.12864348883186258
0.12862383061217841
0.12858619595213994
0.12853560249108939
0.12849628145365932
0.12834975718010597
0.12832048702808471
0.12825640716358083
0.12823331376634339
0.12818320816485873
0.12809268614140679
0.12799746958536568
0.12796819738770529
0.12796317299699306
0.12791073264360295
0.12789566699929378
0.12778898486742821
0.12773645010490453
0.12773169229750886
0.1276917812425272
0.12767090086652563
0.12764528955774404
0.12763916426172456
0.12759068666916124
0.12741796905555627
0.12725569248103444
0.12714198744198971
0.12713812019194543
0.12697602605781041
0.12692585382828003
0.12686457276179011
0.12663779636475112
0.12660149462188316
0.12658462508360738
0.12656926837117366
0.12650081476479014
0.12650029505386129
0.12649077267747827
0.12644326411267565
0.12643799754654192
0.12616792343768171
0.1260222413027515
0.1258935556392419
0.12584956358528204
0.12566973686452435
0.12565165578510637
0.12563423061489373
0.12562108544858486
0.12555594088092525
0.12554301401647
0.12545104433180745
0.12537745783633961
0.12532131624191845
0.12532112536380871
0.1253117242222439
0.12519258996116728
0.1251360706329446
0.12507259578372515
0.12506367593629006
0.12499972636416327
0.12475930870581388
0.12474066986326762
0.12474034749802876
0.12464872058605257
0.12464831917534754
0.12463719790203653
0.1246282362073356
0.12460514359349242
0.12441229519611413
0.12440191178646302
0.12434167659966062
0.12426495451616083
0.12425873807509273
0.12425386311791169
0.12424688282825265
0.12418716655051101
0.1240328965870164
0.12396154655937849
0.12393314304772858
0.12385642336573745
0.12384758821841801
0.12375311477220242
0.12374955439606491
0.12365970889099757
0.12364322799695313
0.12350859987449056
0.12336061745339123
0.12334309232115456
0.12333658621931659
0.12327835468297604
0.1231825966152033
0.12317891580015876
0.12313796978514965
0.12307101849051745
0.12304880160870325
0.12302762207484649
0.12302119215573555
0.12300213592166524
0.12278244389144728
0.12276996052158305
0.12266241941512453
0.12262584756490146
0.12226259744756715
0.12224181227998489
0.1221295444730961
0.12209887032779766
0.12207807471171185
0.1220704368236253
0.12191598676314312
0.12191586729447453
0.12161046363455259
0.12158123033943895
0.12157496889326938
0.12152168591378386
0.12145280102203422
0.12144706299456187
0.12138074741910305
0.12137311606546572
0.12131602398961776
0.12123084272003849
0.12120033645586749
0.12103325621027797
0.12102969449852413
0.12091493910420292
0.12091072105542396
0.12090387790407038
0.12088456228420617
0.12088219648850919
0.12083799899262739
0.12078364531121287
0.12070341219757545
0.12069699264877523
0.12068215004744814
0.12065566868954983
0.12053299904127789
0.12052745622025009
0.12034176529761884
0.12015768628405324
0.12014829516704402
0.12009848594536741
0.12004624812818095
0.11995237034066752
0.11993722739992464
0.11991937159790005
0.11981459336320451
0.11978560762868376
0.11972009292558777
0.11966440517961233
0.11957545854273573
0.11952228811325351
0.11950707713630607
0.119308259510243
0.11922025384881353
0.11914461655888479
0.11893558175541209
0.11890938312465801
0.11886497913420437
0.11875255797984764
0.11874344155767388
0.11858984361274257
0.11853218366129227
0.11851785886272036
0.11851672112103122
0.1184989533483487
0.11847059555776375
0.11844734619870782
0.11844716168295874
0.11838927840030325
0.11821631025446096
0.11820665541361433
0.11817081718606087
0.1181387604117152
0.11810309350487545
0.11800471786804603
0.11788074986828735
0.1178400953096226
0.11778984879922728
0.11778564282597023
0.11771685424241259
0.11770212650482234
0.11766651429606353
0.11765485616507233
0.11754833100276731
0.11750208398718201
0.11738187920439165
0.11733131877933374
0.11731944930350666
0.11727885353083174
0.11721623527928061
0.11719972035885104
0.11715996183890345
0.11713027558859691
0.11712705590053031
0.11706208691241486
0.11705731976673552
0.11700371527952098
0.11691906649314043
0.11691459019646329
0.11681449432884511
0.11677899959086731
0.1167538105976797
0.11669587112834499
0.11668404297371467
0.11655647844432493
0.116362600856442
0.11632192036268907
0.11631673994477169
0.1162102849682823
0.11617524699431155
0.1161732465879418
0.11614366506417988
0.11600219638107923
0.11595025806198886
0.11588113619179308
0.11566843362209264
0.11530071031517382
0.1151501525365466
0.11504826547297073
0.11498509277306175
0.11485577166302606
0.11481917099727995
0.11469867461767876
0.11467115308682468
0.11463435083205174
0.11462655059913152
0.11460093570977353
0.11458494223961749
0.11457343414701655
0.11456327494017865
0.11446366862992206
0.11445487553291983
0.11441219700621827
0.11439285249424791
0.11438275272269659
0.11419806703612964
0.11409322066774878
0.1140528713101629
0.11395578558155618
0.11384484629603163
0.11376497467251435
0.11364652809001015
0.11351734737399899
0.11340672608129462
0.11339825417707712
0.11333694535195041
0.11319694218542761
0.11318527535835135
0.11317927861594421
0.11314474081011135
0.11313044996479119
0.11305668530895917
0.11288546116584321
0.11274777202910094
0.1127411473929055
0.11272000531494558
0.11271137567085351
0.11264015263320486
0.11260322498923389
0.11257308821735661
0.11256558948040862
0.11255704517116395
0.11251310905421917
0.1124888470698857
0.11241095862854836
0.11238752087586026
0.11230815521776208
0.1123024344425876
0.11229851259739708
0.11229753041470324
0.11221956824696648
0.1122011309084652
0.11209816295852172
0.11207937267369361
0.11205839653872179
0.11193732950921033
0.11192354821513419
0.11182647709205082
0.11181016402443386
0.11176732064753617
0.11161179420627888
0.11157912980073557
0.11154386957617436
0.11146824401115751
0.11145022648644667
0.11141803427528811
0.11134715574820347
0.11131423428353217
0.11121500696162849
0.11120243293252992
0.11111202427592155
0.11108687736734731
0.11108633364485797
0.11107179647603026
0.11106937117754299
0.11104847020997752
0.11089634524513102
0.11087552631928539
0.11086254173685792
0.11084976953907008
0.11082354100641519
0.11081648865656946
0.11077357851324221
0.11067090492642957
0.11066029798537204
0.11060347104578848
0.11057011994752051
0.11049272897912255
0.11047875186646736
0.11046996592657601
0.11044678775515612
0.11039419448800032
0.1103608694311059
0.1102281986676919
0.11014193495147649
0.10991591576580088
0.1097707591014879
0.10977046642179841
0.10969577480377968
0.1096954138527218
0.10953830769436883
0.10951209586878
0.10945831444852422
0.1094456544780726
0.10934422492628887
0.10931385749634705
0.10929066618408297
0.10923110115056126
0.10921620591547462
0.1091404404480366
0.1091150168130086
0.10897835549765597
0.10892187102645212
0.10886375521145293
0.10882503931318249
0.10876828599818682
0.10876781592998275
0.10865730421131552
0.10860464515165412
0.10857623765049253
0.10851103103005959
0.10850750726907962
0.10837522678241511
0.10825976570231297
0.10822539508433983
0.10820941621374637
0.10808937437486149
0.10802337203571447
0.10800957285491385
0.10794582116022564
0.10789165717671433
0.10788899455990257
0.10783438288725494
0.10780898582040169
0.10778742385496945
0.107759783330847
0.1076669418512135
0.10765027247439501
0.10764376887093065
0.1075882445593743
0.10756749773998593
0.10743239519207019
0.10743225364467181
0.10734211758346092
0.10732353785043627
0.10732022287117773
0.107308935547676
0.107214310038361
0.10718340469414062
0.10712766426943179
0.10706502739616786
0.10703374449471816
0.10701729716938525
0.10700284591394156
0.10697817496160233
0.10686688113673141
0.1067519557778749
0.10673845500540373
0.10668038385968771
0.10664536658210172
0.106627008889264
0.10657301244361432
0.10649555141478363
0.10639055538655993
0.10632708253312416
0.10628008039533851
0.10626544080998526
0.10623410880353217
0.10616791167975263
0.10615354160994842
0.10613552220580928
0.10595634329205565
0.10592673144658044
0.10589952615854548
0.10589778705923193
0.10588247240462129
0.10587861391794746
0.1058701025625341
0.10566765516600907
0.10561324808266842
0.10561220473723021
0.10560459896789688
0.10555538496570895
0.10553851207716089
0.10544950762135656
0.10542388125105202
0.10539434948782651
0.10531584839378727
0.10530770713083612
0.1052839004633731
0.10526743917329703
0.10508671295899671
0.10500202443227553
0.10498234064328572
0.10496734431088799
0.10485627719439317
0.10483297623783254
0.10479898567408742
0.10477780305533373
0.10473795565066478
0.1047362650527241
0.10470450504762416
0.10469794665056925
0.10460979065340599
0.10458593793489195
0.10444284284196981
0.10443301238411963
0.1043459351633326
0.10434497233806073
0.10429932130668382
0.10424151014847596
0.10420765582069577
0.10410065313615935
0.1040572913046966
0.10402752806993927
0.10397528712091991
0.10389459764483841
0.10384892275763614
0.10381472375418954
0.10377508293597194
0.10368451955924832
0.1036409412553613
0.10357818644563122
0.10351280689017169
0.10346271801043617
0.10344517907817924
0.10336588008843205
0.10326241482076506
0.10322969535846452
0.10311278505949002
0.10308011303581144
0.10301739339122604
0.10301694457091014
0.10299895730633468
0.10296592104529195
0.10295340935855035
0.10288915680886131
0.10278808716243074
0.10274109640530749
0.10270663561317969
0.10263307645431764
0.10257480828468017
0.10253203778331789
0.10249018612688925
0.10244184634162551
0.10241981993764644
0.10235887298697229
0.10233413323925759
0.10232439321617585
0.10231709315630379
0.10222442172494829
0.10216933732583117
0.1021672383596046
0.10196257819495766
0.10194955305466523
0.10191081811518461
0.10188594909020991
0.10183929603548637
0.10176481080423648
0.10175891574702706
0.10172457403831298
0.1017136055938347
0.10167568694119529
0.1016513758799779
0.10158336283531887
0.101518718517686
0.10149732883835133
0.10141602158881417
0.10137165798659607
0.10134591624318399
0.10129584211493178
0.10128255858114346
0.10127683771746041
0.10117499874350977
0.10113686211108308
0.10106283863268764
0.10101733558366575
0.10100831143946812
0.10095889634228472
0.1009359488186265
0.10088829589653457
0.1008482319373238
0.1008437429691505
0.10080110624917887
0.10073424580575273
0.10062139311379821
0.10061072706454366
0.1005720368394115
0.10051436921313552
0.10051178164854642
0.100436746767207
0.10033501342181973
0.10028975470857356
0.10028790100697629
0.10015145702614003
0.099974658518103832
0.099927400576059977
0.099835876565833412
0.09981951295654426
0.099796659819719233
0.099618373857653333
0.099527191548680879
0.09947467809877393
0.099449658630686638
0.099421330384322895
0.099303288715676202
0.099265884947119978
0.099231360364654408
0.099214250890945876
0.099187760714644191
0.099185744872928458
0.099169257752535642
0.099105952781147894
0.099043038523634441
0.099041481940548903
0.099024423481044122
0.098962093273202059
0.098922826317326032
0.098888017495207287
0.098730274663792403
0.098711516352946227
0.09866016065818993
0.098631829854551711
0.098530230798071647
0.098522250083734622
0.098487667289204231
0.09848132286839463
0.098280938893540865
0.098261511642339899
0.098181416118129097
0.098073842959260402
0.097970398155769259
0.097792205823969885
0.097780283615417227
0.09777412758540413
0.097755685467579095
0.097672014088024048
0.097637669151047421
0.097599371168348215
0.097533085347890403
0.097419800457208452
0.097339313692839782
0.097302927918782534
0.097269266723016168
0.09717675423008558
0.097176377910256281
0.097162082985198864
0.097150139713386804
0.097051807026901984
0.097038680211402592
0.097013537932832905
0.097002653351227763
0.096887183409322564
0.096854664551368638
0.096819341892666916
0.096810004034470334
0.096743380594217165
0.096688017780539412
0.096676980705891091
0.096594242899605331
0.096574905902199942
0.09653316353966003
0.096480677732839373
0.096480209128675651
0.096475682020166098
0.09647504737569107
0.09645915532333578
0.096453999837594812
0.096391760251113054
0.096355996116606529
0.096339942128103456
0.096283782373147733
0.096160363720958736
0.096148515224757689
0.096133818301273877
0.096080660688384903
0.095963874347167605
0.095818559888190935
0.095747939485737343
0.095680160033212738
0.095599937133625551
0.095564923791189291
0.095533583902270791
0.095503828304364782
0.095500577351886357
0.095374740678152423
0.095274203021218168
0.095256196320930756
0.095246767016756897
0.095125815300199881
0.09507252367621459
0.095047268319058797
0.095036786036846801
0.095028017637678902
0.095016629542769321
0.095003523906567203
0.094958728631414663
0.094954071075922519
0.094935388522903438
0.094931543037865912
0.09492843638115174
0.094901312891864112
0.094881150039229104
0.094837545387205277
0.094807071685355349
0.094769658541136448
0.094767871598679138
0.094765561436384649
0.094745375562135928
0.094714094571353519
0.094658298540262031
0.094555329124829474
0.094549335810971372
0.094511547527067738
0.09448180609050745
0.094467769663472381
0.094333714284947467
0.094327400581353332
0.094281467731982954
0.094279928829258786
0.094257585004401942
0.094231338750861107
0.094200436283766995
0.094145133241946538
0.093901378712852257
0.09389278340027675
0.093884735234901859
0.093869962027789591
0.093841028330037379
0.093831893188726423
0.093775771811960534
0.09355746633225881
0.093538082508314524
0.093461739054816306
0.093340706355196382
0.093249093762702559
0.093195656278069666
0.093129452588434775
0.093113534397151004
0.09305312649324253
0.093045062996312988
0.093039667811702212
0.092939154178270811
0.092938662396540514
0.092910657469805702
0.092885941791808882
0.092876606146005319
0.09286401153732117
0.092779166679041111
0.092775877007645155
0.092749970343478982
0.09269184858816501
0.092595044830673767
0.092494045840962491
0.092472655738481152
0.092470923930761964
0.092461543603115579
0.092346302632441771
0.092304560745032155
0.092297421358390433
0.092291630169417424
0.092250392878123588
0.09223302616112268
0.092205887634796313
0.092185181364007121
0.092175654575396074
0.092175095236428473
0.092172155761478566
0.092098220605230638
0.092096772263574017
0.092079076155838893
0.092062015759941121
0.092061692474631932
0.092045653669541011
0.092018777149613512
0.091894643398268736
0.091865876495000789
0.091824690167039355
0.091807256955599464
0.091805062126765855
0.091753016545145963
0.09174667966405102
0.091740496827935808
0.091687083867939972
0.091681947392924609
0.091515914224643086
0.091486275666519803
0.091450594239742958
0.091450227644108525
0.091427775223229854
0.0913621265758984
0.091350085757970947
0.091325014406296479
0.091299535554563091
0.091285675991794157
0.091267675274112017
0.091239802572134474
0.091237026146787928
0.091211432880992371
0.091191047489249846
0.091086012367956409
0.091048629302463407
0.091028739349079721
0.091019275953347245
0.091013836211111004
0.091012832269919283
0.090999580310112529
0.090991959413119633
0.090930514415563921
0.090857755799850032
0.090856704693650869
0.090842841539206035
0.090698618066895623
0.09060369723070244
0.09055077366708153
0.09053635098539406
0.090518334220480431
0.09049683115952159
0.090494500263285191
0.090413200156476192
0.090392562093966206
0.090363614694161626
0.090321769693928008
0.090310991628207424
0.090254157501822849
0.090201379479196972
0.090062985546723831
0.090013527965872545
0.089937524396171531
0.089911546072699022
0.089891860612080057
0.089818974680046265
0.089795619097812168
0.089791593331282046
0.089712989882305028
0.089663483597789917
0.089624568153659559
0.089586595019567547
0.089569196598659473
0.089566191822957386
0.08955507772864485
0.089520405501914438
0.089461834758228428
0.089453163746248426
0.08942553543635734
0.089381706500005834
0.089377312709708057
0.089337218427312209
0.089326859075743406
0.089309315777738707
0.089287391867865815
0.089195040537751513
0.089166445476742628
0.089142784411360559
0.089130410708601615
0.089130053120980185
0.089115320903587966
0.08911320572246445
0.089041867841508887
0.089019597431156422
0.08899227448763819
0.088940649399840602
0.088938257170894208
0.088929259345684436
0.08888591530309288
0.088867752068440595
0.088857339107488692
0.088656433624468442
0.088633921485039777
0.088607683362838072
0.088562863758336469
0.088554531281198362
0.088497119373651789
0.088480257926455183
0.088464416868062806
0.088402280574697858
0.088331091695393701
0.088277255220895384
0.088213776495808666
0.08820404074343767
0.088177726613806268
0.088118262397901104
0.088111078401496998
0.088079544829426024
0.088035931666802111
0.088024488296541969
0.087988544307305808
0.087984722350456582
0.087970990207130645
0.087959971372313761
0.087929886877940358
0.087907787101211984
0.087905252241353926
0.087892774555162159
0.087838781009686465
0.087837822627366779
0.087777776830571183
0.087774068416694634
0.087648875745429039
0.08764147044485561
0.087596577714329008
0.087562070396455638
0.087527366192622011
0.087417271465539459
0.087371108229947023
0.087304693688486576
0.087234253428924047
0.08712887082562476
0.087100762816648442
0.087050065058864964
0.086987566941600411
0.08691649547039941
0.08684209027617619
0.08679312935459485
0.08679062138791159
0.086751351555680215
0.086750463110083567
0.086702467161162464
0.086656534868333926
0.086573504115664501
0.086553716978382086
0.086524818160345976
0.086521253060303963
0.086504165244435091
0.086497828695145149
0.086484436502834591
0.086392939954220468
0.086389897814392158
0.086356227047729592
0.086217581455754491
0.086182813400675934
0.086172592705843085
0.086153578059758137
0.08610565521083112
0.086091618350632948
0.086060291294761643
0.086038036721171926
0.086019017615594703
0.085990025071776
0.085978537186006274
0.085920788484202967
0.085880475672454132
0.085787923140005856
0.085784714987754446
0.085784136337619832
0.085621430202718535
0.085588722071051462
0.085557652639001142
0.085540627686742893
0.085535456619440259
0.085484000151806377
0.085472701740207324
0.085417456861675109
0.085397785569000739
0.085384726894603177
0.085274923620370341
0.085230378139981244
0.085142321743881214
0.085126276425026626
0.085074951775860511
0.085073269029255952
0.085046789317077487
0.085037872277973436
0.084990123939736859
0.084969476254903281
0.084958234538580465
0.084947153854895013
0.084901784067796846
0.084900858792922432
0.084865551096628009
0.084862962301129191
0.084802290880978251
0.084710454443043301
0.084706876102493361
0.084564866329383939
0.084530601455470117
0.084504739688056524
0.084449893995953318
0.08443915883900957
0.084438428719204053
0.084432901594927348
0.084429646728801336
0.084394024087498673
0.084305611732095637
0.084213788448278815
0.084183992978695318
0.084073791070662776
0.084030776715580985
0.083998136056501596
0.083977496416150613
0.083960544764824022
0.083952307444270985
0.08394281824548791
0.083885533227682704
0.08383027711191865
0.083824798274207316
0.083739570831348753
0.083662369388793983
0.083652986118428946
0.083642896126811458
0.083536285975232563
0.083518252619606631
0.083505437782945044
0.083388836260474539
0.083354603223613696
0.083248345868492266
0.083186022555302053
0.083153310028597036
0.083114496933563195
0.083026821860065561
0.083001259120686385
0.082974593931339671
0.082895860913012154
0.082834298224424299
0.082762434822152675
0.082742282427812383
0.082713723116379423
0.082623746813198382
0.082593971885055878
0.08259381299898251
0.082554329458247325
0.082551135704350839
0.082514771230615472
0.082513164819545196
0.082511154527993957
0.082496766889247425
0.082473283734987149
0.082472122247517932
0.082422044596336896
0.082403280030443268
0.082356594962466778
0.082181516475422559
0.082144815924080364
0.082142802972579296
0.082095136017197937
0.082019185651704726
0.082009100198259452
0.081982640766300005
0.081976336424469193
0.081965928036641808
0.081958815553557857
0.081958040649320468
0.081955403365442325
0.081940760060439127
0.081935672338114565
0.081883335974883592
0.081841157614846671
0.081765958331646016
0.08171488318565498
0.081507115112980019
0.08149335451944742
0.081491382027003914
0.081487006563087383
0.081413740400045953
0.081323986958277833
0.081302537406288095
0.081262370585025695
0.081250310077151458
0.081243809593181837
0.081214598612821473
0.081209411472220411
0.081154961262239769
0.081126794267142394
0.081101005374999105
0.080947683682045649
0.080943975282371614
0.08091348911125297
0.080891757699601718
0.080883856476535287
0.080855041492798777
0.080831980850015084
0.080828897803857741
0.080819834563376713
0.080764579713040241
0.080760761027530784
0.080751357005198351
0.080595763114621632
0.080570764233305586
0.080539521840521322
0.080432002173689121
0.080412475405888764
0.080291831509530037
0.080272693861345237
0.080257193102699964
0.080233025098756489
0.080203687950345798
0.080140722346846091
0.080111323382085181
0.080096821868147539
0.080078736127508598
0.080048432162268743
0.079943224938638188
0.079889503564826839
0.079877712805547244
0.079801876454884388
0.079793626814008839
0.079765630968181303
0.079748189799700858
0.079714786411683849
0.079713200587568561
0.079640564606984543
0.079588018814252037
0.079569133122038685
0.079545016974081492
0.079511889553286211
0.079458848102131316
0.0793817366194563
0.079377456551968234
0.079351898604558282
0.079341652165386717
0.079275629036937315
0.079266588893404016
0.079241189733666464
0.079146163596368932
0.079093776508478195
0.079078666100333594
0.079054559943457725
0.078988667404533044
0.078977428299680866
0.078967173822420314
0.078873545902951051
0.078853942363003623
0.078851427721897183
0.078798758447784112
0.078798302117412733
0.078796077726382197
0.078763419850076177
0.078721189658182839
0.078697453232490708
0.078655279126637959
0.078605573067885473
0.078596760500258253
0.07853866971206
0.07849445190416926
0.078385784681082107
0.078374722551352083
0.078280654377692674
0.078142028377365738
0.078096724460368611
0.078076167665900253
0.078066354460425716
0.0780538124454178
0.077996155129577527
0.077981728744777074
0.077887616258228307
0.077851268828662973
0.0778095829604981
0.077798467689774081
0.077776480956028418
0.077766653037884825
0.077712195120033176
0.077710205912249239
0.077695657400405641
0.077682942592187082
0.077651224083790549
0.077622874412462739
0.077572723229111934
0.077562258447730348
0.077548453656662492
0.077507638595927922
0.077479316395890147
0.07742825573325629
0.077372262429190222
0.077343314067625735
0.077224372643214412
0.077193348921458099
0.077036838236899788
0.077022678452296031
0.077009318607630634
0.076978852001479331
0.076957610565777268
0.076953085956798631
0.07694633231786957
0.076928854847222283
0.07690533046024095
0.076904325648723987
0.076892983096494991
0.07684551509552523
0.076731700885488169
0.076722787778853885
0.076719877520923394
0.076713990762443354
0.076700537612481329
0.076699891529853043
0.076696556968467638
0.076643249390378199
0.076642957349708843
0.076611410293609031
0.07660113214133045
0.076538613477730111
0.076472236534807531
0.076456587447339838
0.076443856345183719
0.076386747514396142
0.07633424763454183
0.076290610721071253
0.076267458993634712
0.076254979537301204
0.076242932828411963
0.076180427010834328
0.076180291422185506
0.076126067758274851
0.076120840876690493
0.076012206891350548
0.075998065156258343
0.075978364019290076
0.075957808012257669
0.075951349202233093
0.0759277931738188
0.075862879603049507
0.075841807876876985
0.075840520477681958
0.075788131953786503
0.075640080002581239
0.075598826172876527
0.075585235903640122
0.075528489870902341
0.07552257804444569
0.075507234269020493
0.07547176928035286
0.075449192405174836
0.075448110935026139
0.075353266722462744
0.075260490464982843
0.075239264728658301
0.075238302659928383
0.075134234883400569
0.075130109690718108
0.075117260794164503
0.075082466178023707
0.075056748953547692
0.075055118380540048
0.075006565142596432
0.074999942498960956
0.074979563743450245
0.074937855565792216
0.074798495825912845
0.074665109399000021
0.074643174623390346
0.074634081031693209
0.074600228610013572
0.074559478299671661
0.074495945527748214
0.074459294609704671
0.074450503983665775
0.074449165017568139
0.07442652594623772
0.074411580963502727
0.074297549120088902
0.074225857079575283
0.074216323048239205
0.074173779357517636
0.074134632130390052
0.074035070633334699
0.073944795203470054
0.073941992385589975
0.073912799984694535
0.073857765518080376
0.073836995152025048
0.073830427392716211
0.073708082618179002
0.07367292643342109
0.073552065619156559
0.073548116233053434
0.073518295194094072
0.073495490632882229
0.073487253342517739
0.073404766380388953
0.073381503000685119
0.073361176685273005
0.073306741563981578
0.073266394849381009
0.073232225166071488
0.073217456730986591
0.073198710700259031
0.073158270347123786
0.073151582344477828
0.073139300074303568
0.073127117180003268
0.073117882510196672
0.073107508216977535
0.073053716507240074
0.073001152943305031
0.072962902772003416
0.072961492407381701
0.072956161147612469
0.072937174362107976
0.072926329682218002
0.072914674576991773
0.072841421305626208
0.072838567334461188
0.072806545156546387
0.072772422204491705
0.072749709546764255
0.072688125856373492
0.072675693686813023
0.072641931551813629
0.072627241804488318
0.07262331273367742
0.072616227377252957
0.072589279283477331
0.072552369746705772
0.07254825876038086
0.07242871195051151
0.07241598320431554
0.07240048956535064
0.072357335396116912
0.072350576152780732
0.07226602957678431
0.07222245831857256
0.072210298265482184
0.072186492132217422
0.072116604709866305
0.072068226687606374
0.071942200827199376
0.071937200160541878
0.071935487397793402
0.071862420728549134
0.071835173633926705
0.071816397483878164
0.071803718342409881
0.071803548528590611
0.071784694697813872
0.071755801356364848
0.071673878561379231
0.071641939576232522
0.071624966948656596
0.071620965350571969
0.071600942961357272
0.071528309959807038
0.071471855878596113
0.071452381687921798
0.071431321875496459
0.071394353766314644
0.071112628557205196
0.071103378842206369
0.071035732387376649
0.07095251677778032
0.07093666249395951
0.070900978135945328
0.070825623802746512
0.070825214621371049
0.070686398300930542
0.070681209624044811
0.070520892090873241
0.070459501666663385
0.070450304269690942
0.070440152581626198
0.070297036364500923
0.070278761278960239
0.070253188177068854
0.070221227959565702
0.070092314788189197
0.070043058519349333
0.070041750351847037
0.070032678553491767
0.069980055090613877
0.069968650467059232
0.069923406835789167
0.069911050954860887
0.069877631204669985
0.069658822272486876
0.069651956548529348
0.069611800709778932
0.069546177032876438
0.069539738547686275
0.069519167794414263
0.069503593625394142
0.06949408516747646
0.06949046476978836
0.069469848014600918
0.069398888723119126
0.069314041249169858
0.069309598273606263
0.069267648077792954
0.069265019155519233
0.069262864288852227
0.069252627521691895
0.069245597548110147
0.069233234138922142
0.069189037902176162
0.069184366508926648
0.069162301166443063
0.069100067491331754
0.069059790482135716
0.069022363550320903
0.068972352700345921
0.068970864352229072
0.068966391791513385
0.068957559759801806
0.06895417321315965
0.068948606239402563
0.068946859835394961
0.068933821382502383
0.068929420547084855
0.068918937530572308
0.068898775762560219
0.06885320666859128
0.06878510545565826
0.068734267204049224
0.068728727057123684
0.068711850778922987
0.06868808887264824
0.068672046696877334
0.068657812291316525
0.068628098259790354
0.068622711103642819
0.068609104527596707
0.068495630534974164
0.068402994038603823
0.068345092301443644
0.068345085938011349
0.068277599098266709
0.06826857061352766
0.068257922843452418
0.06822844300223195
0.068212722466067383
0.06820908714351398
0.068182789255215828
0.068143153860098185
0.068140455728273541
0.068082307524149371
0.068042638852941373
0.067968591908014159
0.067968275845127477
0.06794357899345059
0.067878965422847853
0.067849794547369099
0.06783530880933622
0.067710935013785639
0.06761860316691351
0.06760219696608194
0.067594369369690391
0.067541950852680901
0.067525810099573383
0.067520758219964463
0.067472087431572347
0.067443911644801832
0.067417284229075627
0.067388963772803248
0.067371293243547167
0.067352769793939421
0.06727776475946759
0.06726998495165408
0.067220100542769279
0.067207656489449791
0.067191536872453828
0.067131869437901157
0.067124695842245799
0.067107316964181887
0.067101261976450985
0.067100846793569077
0.067096099565361236
0.067011430491287466
0.066973961056998474
0.066944309832882964
0.066943100641203346
0.066795552505373099
0.066726219020376926
0.066720468502145261
0.066711742672988142
0.066681782045627386
0.066681516859579223
0.066666782118593962
0.066659418235872708
0.066634290768376694
0.066514776847931986
0.066497931135491739
0.066455858894922934
0.066414961841315553
0.066401322173596483
0.066298475934004036
0.066244596900045083
0.06620520648486429
0.066156197779736775
0.066005109342055904
0.066003497281401646
0.065943813387988742
0.065939345418437462
0.06593248808302507
0.065927761360889278
0.065916141845324502
0.065909215441430219
0.065874028979058211
0.065872362252807543
0.065868339962907932
0.06586742747139232
0.065841881656002979
0.065786332433948269
0.065775403051602052
0.065740570576230409
0.065739060877520974
0.065732278079694229
0.065697093473135265
0.065657332194482262
0.065656529765909508
0.065641527079955589
0.065640115463976675
0.065636885013197629
0.065496712078851244
0.065436484024771008
0.065428368932536382
0.065391227045544953
0.065336307309645861
0.065326615981041766
0.065325687204531482
0.065315057337706608
0.065260802557925282
0.065228135246445107
0.065209152462533101
0.065130706335670099
0.065113849806849908
0.065110348352546546
0.065097028420997752
0.065089508605401095
0.065043603327020041
0.065022635613987481
0.065004911293060824
0.06496024565469076
0.064946374589162123
0.064931972380910585
0.06492523503332652
0.064907771741010034
0.064883739248566635
0.064855076490793542
0.064815967480648634
0.064801456973503757
0.06480137890655048
0.064791219672148459
0.064778792574100005
0.064775359141576186
0.064708567199732531
0.06468641872560163
0.064676200854976967
0.064647080515908062
0.064633291101748813
0.064629265604409625
0.064602242531889079
0.064562093457457601
0.064452384761985587
0.064411829194836651
0.064403351749734022
0.064257916807339943
0.064228224355441552
0.064182600987495189
0.064179420332881071
0.064145171364566794
0.064025751152423982
0.06400603542165885
0.063998611549637055
0.063995379622109605
0.063977841586427567
0.063976965307886935
0.06393926623518327
0.063930966156145366
0.063896063135547729
0.063885339842769812
0.063881762011387608
0.063871738723536783
0.063860678210349048
0.063840175122606271
0.063788333704256267
0.063728843020458226
0.063727169862549379
0.063723871593971401
0.06370674414482505
0.063680683700077623
0.063631874440605682
0.063631049389847913
0.063621302642901376
0.063541356138351865
0.063525564242462723
0.063520245597772251
0.063513667455550218
0.063491314342134966
0.063488847369917029
0.063480879853750963
0.063375549083156124
0.063346467298473652
0.063297401436172018
0.063204365634499798
0.06318398323567509
0.063154289220528015
0.063080692070477506
0.062999735130631992
0.062862746545575304
0.062818342097924487
0.062716595480415388
0.06265167200495031
0.062641355747237171
0.062540654697580966
0.062500725817524083
0.062496160879049502
0.062492971877073235
0.06249151368916582
0.062488887455029681
0.062439188611170385
0.062421922149697259
0.062370303671395684
0.062370277950480564
0.062329630656151692
0.062316702646746436
0.062312365265776874
0.062174563947764279
0.062153397907063715
0.062116824544231959
0.062092429129469238
0.062074638925018619
0.062035880438221495
0.062019832554219494
0.061993123126524004
0.061957960360631247
0.061949159294202485
0.061870405731537098
0.061851607242401428
0.061843068154488347
0.061816011936030583
0.061810020104804089
0.06179241477004517
0.061740072716548557
0.061659092242954024
0.061646660847966446
0.061644858085624685
0.061644326892862332
0.061612183124616748
0.061471040440997493
0.06144350791991289
0.061438890622649324
0.061423293228854245
0.061351838277511075
0.061348492335915196
0.061302155047977307
0.061275582415135865
0.061274208610616866
0.061211474037322161
0.061177859305462212
0.061174859911209731
0.06117467385944949
0.061166595647721991
0.061104765613367661
0.061102231093752103
0.061089276254176407
0.061085252237851481
0.061052352426558015
0.061021826870712774
0.061001157131492713
0.060998154103658608
0.060992726113029007
0.060979977926220473
0.060978321704797236
0.060974878848000923
0.060968854377885025
0.060907388520865406
0.060905552755231525
0.060891049999612638
0.060867679103478498
0.060865246815714931
0.060856322946539976
0.060817696131864593
0.060800248750515588
0.060791152482680973
0.060787366090126513
0.060759388552316919
0.060756226205813169
0.060729784953665183
0.060726897963154301
0.060724540628335044
0.060710963189393688
0.060698389952273495
0.060695843900543257
0.060688877756531937
0.060650391705760108
0.060648211334228555
0.060611980197902988
0.060611773005616598
0.060594101137880142
0.060581906386103078
0.060539971692779769
0.060535325591728729
0.060501348486072859
0.060472276202824221
0.060458983324572009
0.060418184020496861
0.060400951414407669
0.060389943983254223
0.060372161275326588
0.060327809073842109
0.060290425247998672
0.060137842907923449
0.060133816422112789
0.060108324350908404
0.060107675188946399
0.060099472117056303
0.060093543415450361
0.060029181801731828
0.060021558253667028
0.059999692026252188
0.05998712058102372
0.059978668308070388
0.059896779571959366
0.059886717153002429
0.059826442736044851
0.059773766052361725
0.059760882534385676
0.059704820595200651
0.059652889281983257
0.05960413899801275
0.0596025210747234
0.059595116197609641
0.059580047461181743
0.059563912119472283
0.059538651398182305
0.05950460707536747
0.059481162790291031
0.059411140903851599
0.05940287180935299
0.059388110335995933
0.059360804725026688
0.059330412384012356
0.059287342434720731
0.059275472469356674
0.059214877471951484
0.059191532750786452
0.059133001045956222
0.05909511603664027
0.059092855642568998
0.059038873976279806
0.059036961181551807
0.059003035664661453
0.058986355450885153
0.05893895566891081
0.058869409830788769
0.058853991012502944
0.058835929269163485
0.058815783961715176
0.058788836691001718
0.058752820240883318
0.058727723455378356
0.058700082572755316
0.058682509442681365
0.058668706935737502
0.058644137583791368
0.05859414414709533
0.058593093039790503
0.058514937461720547
0.058483852872283977
0.058433798335191051
0.058401307875504814
0.058328606021170064
0.058291987392582872
0.058260883938389151
0.058250074246251622
0.058213360148863892
0.058177576077330519
0.058156738877252652
0.058155361635730062
0.058136932229857226
0.058133430308912645
0.058117995699678189
0.058105793835064319
0.058104205476771573
0.05808315229046225
0.058029697522254314
0.057984110815890395
0.057970211779644856
0.057942009042637958
0.057897281185126076
0.057890173032781204
0.057838660877754085
0.057803874917708734
0.057787940072932906
0.057779753002961884
0.05773979878210956
0.057674673797678523
0.057670835483923849
0.057657570246066193
0.057655849416656905
0.057652083953365359
0.057649542628129755
0.057631098350731935
0.057628984753318013
0.057621734696480978
0.057605859806743195
0.057603816792441649
0.05758468984011883
0.057492182034645553
0.057492162097614305
0.057483040868978291
0.057481250760842921
0.057477458076084766
0.057417010762288528
0.057352199396870973
0.057345056116129341
0.057315163948074434
0.057267300410212649
0.05724212265756512
0.057207494238528535
0.057207255184170816
0.057199707381644163
0.057196126824995086
0.057188577908302785
0.057186094597719048
0.057178120111096915
0.057176991526391885
0.057172737824441627
0.057170711476315736
0.057168358529201532
0.057156678792200134
0.057146188316595702
0.057036194935932323
0.057009274202924877
0.056984934822908347
0.056960516246638761
0.056941855857675867
0.056940177327321248
0.056924198919522544
0.056902300502123963
0.05686583631336619
0.056858388032127949
0.056849817285028893
0.056840002822462911
0.056839642794303119
0.056827399696287896
0.056818550048255409
0.056815439257907961
0.056792046623000789
0.056788096155727559
0.056751892972340443
0.056723224753305677
0.056719237802449876
0.056678465740836792
0.05666246842077332
0.05665452034169411
0.056642701952697834
0.056635818055434169
0.056621127598651504
0.056607486528324043
0.056509889436410304
0.056508491078989462
0.056420862499509526
0.056398644732165111
0.056387130658044009
0.056346735096174383
0.056319653671104246
0.056319326432592194
0.056313439677273674
0.056299517689233233
0.056287163678764088
0.056283051155252145
0.056245649901769772
0.056233326779531551
0.056220962458779791
0.056209280109962664
0.056186582756726292
0.056182885185260878
0.056149390468296582
0.056125571279573148
0.056113674016041309
0.05608558681947489
0.056047900463418489
0.056024786705741958
0.056008252474851743
0.05591720194264127
0.055888811493698967
0.055782627969294292
0.055759112302294751
0.055725624779776203
0.055723577206154125
0.055713224947637287
0.055668126071802632
0.055664945074345114
0.05565868144984306
0.055641827097568895
0.055641337492177756
0.055639458574851045
0.055583123464406407
0.05555784469540135
0.055555780517656007
0.05554398952799483
0.055539190475224418
0.055400287424354884
0.055350684292061837
0.055349991102154987
0.055335370091746432
0.055309421836421201
0.05528197771533136
0.055254086854966938
0.055246592266343014
0.055238321004952129
0.055216244502663242
0.055175586606004814
0.055167543792525774
0.055132233406162426
0.055100923676537426
0.055098482750057694
0.055057726002200984
0.05503617216863739
0.055028008528509871
0.054997686039592888
0.054994099018703287
0.054970057569227258
0.054967302533583437
0.054947795826330574
0.05491881194315331
0.054917770238478776
0.05489417511534013
0.054877692008624225
0.054874861329686449
0.054868799268879019
0.054865395033320906
0.054865140231059518
0.054861346295233052
0.054829779685908471
0.054820870930878229
0.054817679554490038
0.054764127512548909
0.054760655951044686
0.054683290391871947
0.054681701257467172
0.054595066240666894
0.054551414664100253
0.054550841861301866
0.054531208515173103
0.054506837263581978
0.054490452548476238
0.054472503027206562
0.054465507638682423
0.05440209366932805
0.054386261802771993
0.054378356150199897
0.054368033128485121
0.054361745800897608
0.054299641382696676
0.054234755754843093
0.054212293868079388
0.054173030772380823
0.054162355957871174
0.054158301108807524
0.054085161811370075
0.054067764347907721
0.054057296786284695
0.054055885080703407
0.054041029935676006
0.054034885052461228
0.05403145440155184
0.053997761566087966
0.05399353581946241
0.053957760508459615
0.053950611076834069
0.053935312635718782
0.053929138480804328
0.053903369366932033
0.053901939912991664
0.053899940845606349
0.053890679265425415
0.053860110368433842
0.053858550683806752
0.053836784100324268
0.053741567511081112
0.05373333760782549
0.053711546103250102
0.053690116017302468
0.053676549500546081
0.053612348914094353
0.053611559129020971
0.053576966952539433
0.05356906447655238
0.053567462445327584
0.053567433823724607
0.053561743107691268
0.053536314579321578
0.05353621949155165
0.053518636767217603
0.053508132673278801
0.053404683334460683
0.053397838422774728
0.0533620387003855
0.053358718671599338
0.053299813011362558
0.053288417184797626
0.053288051449157312
0.053285483102126642
0.053284605712871427
0.053265983570998925
0.053259736560683127
0.053245871568307984
0.053243349351654048
0.053229806694508428
0.053212665152551859
0.053182548024302681
0.053167350388023935
0.053163493732897908
0.053153171554846383
0.053150591304857331
0.053144941304750372
0.053117858001805386
0.053114605366949737
0.05311353729357373
0.053088409468907687
0.053088192538785273
0.053069076677468054
0.053056317784708436
0.053041416257599089
0.053020954724512188
0.053019167092262239
0.053009589570310302
0.05296440315541355
0.05295984029143834
0.05295978866515489
0.052951546129698615
0.052932900357573046
0.052899496298444287
0.052869364129417402
0.052774322025914658
0.052729687200239884
0.052705156443998223
0.052690350520164284
0.052647919947329438
0.05264576113899902
0.05262530844898685
0.052624160655284233
0.052574733564804924
0.052567660787565716
0.05255536967166629
0.052532156589421834
0.052529157894387432
0.052493632964267414
0.052489532675960023
0.052484334292934219
0.052483898833991176
0.052466888182301823
0.052436967165999201
0.052422294499888708
0.052419619773787701
0.052407259322169074
0.052388429495468979
0.052384883825208638
0.052358244763028035
0.052333908042866875
0.052295591247614147
0.052283702338884373
0.052238531340546623
0.052238207460223084
0.052227114884911316
0.052222201653036662
0.052211781552765367
0.0521691894300697
0.052166889795988519
0.05214162550903207
0.052113515899971673
0.052088690301112156
0.052085457410609305
0.052060390904264099
0.052055525814588825
0.052035437050110038
0.052023489423761816
0.052018054739329307
0.051939157986578832
0.051844919326068689
0.05181708595353899
0.051795787677461527
0.051775109316016213
0.051752256718835953
0.051737636476844401
0.051710974634791754
0.051649392704205863
0.051647040403591783
0.051624337536764486
0.051619777660734348
0.051609709887722545
0.051563179028552918
0.051544944213191633
0.051537824202435543
0.051481793772821985
0.051460923944603061
0.051455775964766887
0.051434769742461167
0.051419388246518899
0.051414393292308916
0.051398965254538374
0.051368444864424996
0.051330442916045715
0.051300019898548592
0.051299980618367803
0.05125804381193446
0.051255319224006494
0.051245631828761455
0.051230316163672074
0.051224047094358592
0.051180879451308489
0.051171115427573688
0.051151811389816337
0.051131364895378326
0.051094072386704888
0.051091460808806277
0.051087449820417657
0.051086258768850167
0.05108177495720731
0.051080330011236644
0.051065230998469914
0.051041592178013143
0.05095766742430477
0.050893789630647786
0.050892003313959773
0.050881051898436482
0.050859758395475858
0.050856803239391547
0.05081141969737072
0.050778190487866776
0.050772264841525735
0.050767207662970104
0.050763579638781864
0.050731495941222497
0.050708263496779725
0.050693273279932595
0.050665635474628455
0.050639442742982328
0.050591757056199622
0.050568750323132843
0.050505440859836499
0.050469386154937866
0.050461813774283659
0.050437422796686997
0.050409993556457415
0.050389104246998551
0.05038115280320022
0.050375878247213894
0.050344585585706744
0.050340784685814897
0.050278417733963264
0.050193233920962428
0.050176382549155629
0.050114603635799372
0.050077370065964515
0.050074428490821721
0.050063362199749085
0.049992304234063971
0.049958573914463462
0.049880088076234459
0.049869203475362917
0.049858789694382101
0.049806049574364006
0.049790579310453303
0.049787324302223886
0.049773610799511661
0.049761414123538177
0.049757823976272694
0.0497516527312067
0.049749889871855649
0.049689240386319909
0.04966460820188956
0.049661374189196549
0.049654944550371484
0.049630262879493327
0.049629464286514893
0.049615480276426767
0.049588917104576129
0.049579171095162022
0.049558153531299269
0.049552269314934894
0.049514460874394671
0.049487944879496412
0.04946289194009533
0.049426927468888743
0.049358318057092003
0.04935827947564532
0.049345109580869857
0.049319665283510908
0.049315517627375398
0.049313493471518727
0.049269595766173194
0.049215112846022563
0.049203729391659942
0.049181441517679489
0.049157597326362615
0.049152232713903968
0.049150284740563543
0.049121014515116468
0.049117238228200501
0.049108496329013471
0.049027354771144498
0.049008471693341521
0.048979537260092403
0.048975908658507254
0.048974541666746731
0.048970394729222995
0.048915236501624063
0.048893542296274191
0.048856055710969785
0.048832477161756774
0.048811913501480238
0.048800692284378534
0.048798856477426142
0.048792569199481224
0.048785732015193151
0.048781550466440539
0.048775191248169467
0.048753533804295472
0.048748700381378539
0.048676687568005889
0.048671582058507176
0.048657116509530668
0.048608941120666938
0.048594422280597196
0.048592534712680734
0.04859073888826676
0.048571808927382186
0.048538845148381971
0.04852038324681851
0.048518195628742482
0.048465819457043646
0.048460449874902015
0.048436196939983155
0.048425985310213325
0.048388109462654517
0.048386802487767062
0.048367802728363156
0.048359599863282338
0.048353626758875688
0.048348208081780919
0.048317709237501186
0.048251211102885182
0.048240098334129795
0.048212174941331822
0.048205485350789258
0.04820037921287755
0.048199178115751633
0.048193153390276557
0.048172207108441528
0.048171699471826805
0.048141816806814626
0.048136216398023166
0.048129394986689659
0.048124758369697568
0.048109693045839952
0.048088043172001507
0.048073869721916775
0.048064036703061461
0.04802382315833708
0.047998505723514169
0.047974843146006266
0.047909985863885576
0.047909357044805388
0.047890024784874086
0.047832985642762144
0.047825887080625448
0.047815666254760171
0.047761770583308182
0.047756970877679716
0.04774878434541581
0.047708072227363528
0.047704491679269809
0.047704241864511603
0.047703967553688151
0.047682999417779107
0.047667983866062157
0.04766153655774881
0.047601019541770311
0.04757144094617833
0.047563591253370743
0.047541604878766235
0.047540896197992573
0.047539322176479451
0.047492005184020233
0.047488172145843305
0.047453594650111716
0.047425703479820225
0.0474148774228502
0.047407428333068206
0.04738875944694021
0.047386960787625131
0.047361892160130835
0.047355504173232102
0.04731127622803441
0.04730582975293153
0.047298990356131818
0.047274823557315208
0.047273535450223107
0.047261770016603748
0.0472544544474474
0.047208466248020206
0.047207389872271181
0.04720249209546349
0.04719458575193948
0.047184738098875495
0.04716942920286981
0.047162703980770319
0.047162220921379831
0.047140496308035337
0.047128581122249248
0.047119132033427304
0.047112260009312554
0.047110192395545383
0.047108004550235186
0.047100076886855011
0.047081191223294218
0.047063364503946291
0.047062281702363755
0.047046466558692879
0.047034545168544287
0.047026375194363659
0.047018838270118359
0.047004931266489823
0.046992601894145641
0.046982917862841145
0.046937870613055099
0.046858661345009621
0.046808582951743519
0.04680359636931386
0.04674228613450436
0.046729541501908778
0.046694822957640762
0.046667783582022608
0.046660453369928932
0.046654842927052818
0.046649982545899013
0.046624737626920119
0.046623186037362145
0.046621649183844913
0.046601825521156631
0.0465924349886307
0.046582684382610935
0.046554365724842534
0.046554016912931394
0.04651323571419709
0.04650052721558829
0.046494081738586081
0.046490412531802
0.046489069869251026
0.046470774270505659
0.046461187983293767
0.046431231679811669
0.046408156741149717
0.04640332228209125
0.046357755984296235
0.046326701807674196
0.046324945893828295
0.046303534121441489
0.046289832279728993
0.046287647342752702
0.046278810556503028
0.046261992789776801
0.046261401341748387
0.046224306467400889
0.046185078821812844
0.046167508502714713
0.046164878695886778
0.046132275919792402
0.046124063838343242
0.046102646319775446
0.046091901687616128
0.046082755802708979
0.046070534289455435
0.046024786667152463
0.046008635525404351
0.045992945995632181
0.045984435260517216
0.045983159920277912
0.045981091554967088
0.045961920960675334
0.045945379568230568
0.045862573115015841
0.045854898352807004
0.045852828422847394
0.045807413453811847
0.045765496914049776
0.04565716774781689
0.045651589679881116
0.045624685118160646
0.045619363551624985
0.045577267287470746
0.045566260607761151
0.045555043822967892
0.045523430936884608
0.045520168699015109
0.04549029663053452
0.045466575837766539
0.045461363218593079
0.045452768406388816
0.045422539226893634
0.04538033234032153
0.045317324067447123
0.045298547370832658
0.045291697031332449
0.045236004283438713
0.045218377673845775
0.045166319799109331
0.045131877565430099
0.04513002914974374
0.045108224894882094
0.045096955865737573
0.045060419695015057
0.045047922046112111
0.045019226726953444
0.044984013094130366
0.044922990320695737
0.04489283852833266
0.044879003030268046
0.044858645758009436
0.044833371427793041
0.044746429701950065
0.044744284017815661
0.044740877004223363
0.044727276242306407
0.04469063193989125
0.044690095917155073
0.044652046246697275
0.044643420025326855
0.044642969591382232
0.044632287604778074
0.044621727324752065
0.044579981474188825
0.044569027400866601
0.044525752027595122
0.044497852001950097
0.044491476741153169
0.044480664661403498
0.044476956241194153
0.04444244672791562
0.044410624981862865
0.044359804000909601
0.04434287031036295
0.044328059140396614
0.044321693577927652
0.044321165973124077
0.044310795440383459
0.044308716553135848
0.044308100067224014
0.044307485880644454
0.044275162123714122
0.044232152300426285
0.044227506851559073
0.044216822057101826
0.044200176169305438
0.044171921622681437
0.044155119375538135
0.044144096570224826
0.044059298432219209
0.044024485110818586
0.044023006284403955
0.043990090753307995
0.043947123123157954
0.043926432229855157
0.043862429077908438
0.043819472201088512
0.043819383359505831
0.043802765066510575
0.043799963251528948
0.043783421614511445
0.043777049667112759
0.043775941271381971
0.043760970878685329
0.043731657559958677
0.043721633239389143
0.04371705309214545
0.043665018102703838
0.043640957756415862
0.043586723637678883
0.043531954590037239
0.043523746605315668
0.043504710161354758
0.043483678808184337
0.043478664665358172
0.043473960792630724
0.043450570849409675
0.043437692588422804
0.043424401436600854
0.043382991727127077
0.043382295142998621
0.043353667940987411
0.043347366367049785
0.043328820086069239
0.04332284714671028
0.043316298517580169
0.043308346786216319
0.04328326309321312
0.043262504429158279
0.04325676995116276
0.043198762613756651
0.043188850238829769
0.043171899462723366
0.04314463737009628
0.04307815020029853
0.04307784921862931
0.043050204604843351
0.043000854829612738
0.042987154784662251
0.042974797056759662
0.04294113369017561
0.042929825566364557
0.042927337703971308
0.04292119001163297
0.04288858215747763
0.042868260682055521
0.042854762111451582
0.042851409050044816
0.042850887242040357
0.042813092727905927
0.042805861047858156
0.042795051676042244
0.042742008269962377
0.042734984690143307
0.042714009374768748
0.042648482126408038
0.042642151501831649
0.042636792833140619
0.042535884127877892
0.042526385407830027
0.042512884604587388
0.042474172618830797
0.042465617789014622
0.042463808555992515
0.04243715533704423
0.042418461956084841
0.04239625932289029
0.042318936791408794
0.042316108390081188
0.042302299237606693
0.04228987434497037
0.042286614112877395
0.042266160323809705
0.042254818131023372
0.042228336486979046
0.042198219811220281
0.042176112541564108
0.042171635023732112
0.042136753591011322
0.042133221241919018
0.042120469667644565
0.042107830385032408
0.04209568712961842
0.042068657897113428
0.04205125162910469
0.042049293715709847
0.042039537763634324
0.041975221358653711
0.04196357128169103
0.041954723338093872
0.041938091518753509
0.041930660185569894
0.041922651706436706
0.041916461840903592
0.041903008251916368
0.041900510353607555
0.041892111149884288
0.041891678443687359
0.041881856021516888
0.041870676716031063
0.041849673754194024
0.041846950016582868
0.041840554045046649
0.041785136971162477
0.041782888907650195
0.041755068024426321
0.04172732348050362
0.041712507778086966
0.041711468516706492
0.041705589812769527
0.041703131590245995
0.041659578838619912
0.041646579309816772
0.041634931566067568
0.041633354588794948
0.041561482390162968
0.04155838616757683
0.041470137667425196
0.041467684672678314
0.041458218725485982
0.041429714121003283
0.041365744344858471
0.041341638357337181
0.04131887840103985
0.041311203255985716
0.041288309352097645
0.041283089255654687
0.041255666759454253
0.04125515214275309
0.041250569207341645
0.041225923029639698
0.041218492608992026
0.041204351739346098
0.041172404608213441
0.041166609315707287
0.041123053547925774
0.041111445676271154
0.04109376416543107
0.041081500878407541
0.041060660751963719
0.041045841702311479
0.041027108444296918
0.041012635464357496
0.041001217835601386
0.040975326615104113
0.040962809020438945
0.040955543042069387
0.040947008294368807
0.040915277044770999
0.040910096611060077
0.04089402934366413
0.040870860333817399
0.040827698434166254
0.040804760929476894
0.040744515861099548
0.040732705560247245
0.040706872812192103
0.040690727467449485
0.040684511052501537
0.040680033460036402
0.040668592399747128
0.040664109626241111
0.040660606769789782
0.040619617559630845
0.04061567182676791
0.040614765361857069
0.040610788533299011
0.040601288842733722
0.040579220353237522
0.040571303966638168
0.04049413063164211
0.04048687929125247
0.040475231277559545
0.040469855260890329
0.040435688794139765
0.040395326076692106
0.040374961843038071
0.040371431404465183
0.040354815640763167
0.040332897930625111
0.040330671574431459
0.04032649073728492
0.040304585233642956
0.04029604066903858
0.040285679752113293
0.040278010956827363
0.040277495360055586
0.040271063250887286
0.040261294336950977
0.040243320068877222
0.040233762706697741
0.040218787259268148
0.040194611142397543
0.040185256392398568
0.040175430265145064
0.040109437098187428
0.040107128958593058
0.040102730015927811
0.040062049187310739
0.040058519827580651
0.040011567608415149
0.039977843765955784
0.039976263106714739
0.03994258325533466
0.039932512822920173
0.039908708614994834
0.039876751120614763
0.039859759749594437
0.039840819654613426
0.039833730413314394
0.039813687614626725
0.039805757458777562
0.039800087435828815
0.039787050885779517
0.03976761123128595
0.039767141945844887
0.039747609704553148
0.039740377945260072
0.039718855336407295
0.039655358157131664
0.039643702201720234
0.039641823770453208
0.039592982030298415
0.039586998963648333
0.039582050534216838
0.039573550560934916
0.03953933478585734
0.039534710724311917
0.039534193073857332
0.039505604637459467
0.039503541912659132
0.039497332679784308
0.039491158540522514
0.039442002186204743
0.039435650784059688
0.039395451243804627
0.0393947258005303
0.03939317386611605
0.039392818999062787
0.039346845825318659
0.039307429662723659
0.039265604390694993
0.0392431412431129
0.039202009066043729
0.039186497276621685
0.039185202852425029
0.039171778084130776
0.039145920841295916
0.039143356282548711
0.03910347427661947
0.039064799871611884
0.03903554922895279
0.039012528153482877
0.03900066045812095
0.038997218661773178
0.038992052290923326
0.038985511541908477
0.038984954540941405
0.038977995549862671
0.038977657410595064
0.03897297409013032
0.038962479779190658
0.038924490449302636
0.038920921992150907
0.03891055007283345
0.038837009884347559
0.038813838538244133
0.038782731761226645
0.038778910491841387
0.038769573903204693
0.038749334010396368
0.038740832398648894
0.038732418741979899
0.038714749145622847
0.038697653393279852
0.038659646027046739
0.038655867764699717
0.038652451162085183
0.038640716581015117
0.038640382979142851
0.03862802321892423
0.038578519845138555
0.038546188603899356
0.038539708763528864
0.038516872035865762
0.038499901245179463
0.038498833676591793
0.038472322383414539
0.038469457034500637
0.038467169205850679
0.0384423540630199
0.038421227683127085
0.038383759689999956
0.03836418067718065
0.03836293911874597
0.038362143906191422
0.038357099482359838
0.038351887556302283
0.038341188266844205
0.038336285565705661
0.038308487676193721
0.038277953659651476
0.038259019181410989
0.038258347726035244
0.038258145671494083
0.038256953135629199
0.038253449726236247
0.038235950469534395
0.038230872459348156
0.038230103292632531
0.038212130742688553
0.038207125220491557
0.038174990319650035
0.038158878447260375
0.038141530240922338
0.038131992242807854
0.038109214612844028
0.038107907757219651
0.03799521399562384
0.037973714131581758
0.037970739577490337
0.037963197773648434
0.037928478618195996
0.0378465126965822
0.037832915087939734
0.037831674922365069
0.037809217636532187
0.03780560169942801
0.03778041506957016
0.037778145417052433
0.037770288603229084
0.037756372999080294
0.037727690199353424
0.037716824545113971
0.037713242613338867
0.037694957289039911
0.037680083231361412
0.03767310662119909
0.037615259300876849
0.037604940463754621
0.037601934300236395
0.037587053069773481
0.037586617398449859
0.037576710806116007
0.037564943030351294
0.037548225212892805
0.037546813358155677
0.037525452568573703
0.037516197341301218
0.037505504640829267
0.037466799217326367
0.03744891269029961
0.037446305739005571
0.037428382108949922
0.037411043848930604
0.037369357495313567
0.037355470372895813
0.037329372547649294
0.037320724747906583
0.037319237637399756
0.037304117450288519
0.037299315097901783
0.037258412496802479
0.037238264113773345
0.037234861561931558
0.037227653578507124
0.037224695545925897
0.037220047723153071
0.037194195386363642
0.037180234225217206
0.037170826779471332
0.037156487961732355
0.037134740658975075
0.037082051181569257
0.037059146636846577
0.037048128458158323
0.037038000139207078
0.03698373628746357
0.036951906218829079
0.036948753611805947
0.036934906476061527
0.036918898717416007
0.036865593572482237
0.036862387234558681
0.036833243915921549
0.036830865525166089
0.03682956395322793
0.036821730337208362
0.036819671392452569
0.036816693225476989
0.036815109645322926
0.03681462673928116
0.036801545186715877
0.036786214227672025
0.03675805126884963
0.036748785668635486
0.036735529570940832
0.036703719191268733
0.036673846132571582
0.036668833360749983
0.03666269804469427
0.036647009688342468
0.036635754905565879
0.036613183920135794
0.036609522485953241
0.036599381857791727
0.03659435317786041
0.036592614640497546
0.036500210924695624
0.036480041446728409
0.036477785037106206
0.036474769707156136
0.036462141982182845
0.036430091963762838
0.036417191703935502
0.036405649842617196
0.036384014094490755
0.036373581660975533
0.036372786052912873
0.036318980078416559
0.036305754067781054
0.03629713473938824
0.036278977894571698
0.036253874585239758
0.03623815179511676
0.036230694751659756
0.036214029155490483
0.036211162526483272
0.036193910949248842
0.036077878137126554
0.036077091421890237
0.036076013681917977
0.036050969146229288
0.036047960889505598
0.036038239061129962
0.036037069597025372
0.036028216382252724
0.035987786911803488
0.035959223190660465
0.035952359530879732
0.03594691151134894
0.035944907637098365
0.035940564233164558
0.035937478657834199
0.035929733584412191
0.03591704237631433
0.035909526424349893
0.035897125739543116
0.035894926588661252
0.035893165188625349
0.035875446592230277
0.035866391194629019
0.035862071458984374
0.035860042562311616
0.035851736367590703
0.035815932144360532
0.035814093703666061
0.035811572729228809
0.035798888069913534
0.035794079028359523
0.035757586831564922
0.035751905090466621
0.035735900347830321
0.035720680370839003
0.035711568529097133
0.035685201049253601
0.03567474720089104
0.035632200405759033
0.03562175838076484
0.035606736278110167
0.035594750264254391
0.035586397608436848
0.035559952420908945
0.035557904009458401
0.035517335235074415
0.035488864223707367
0.03547347041351178
0.035468363788932811
0.035456880504521254
0.035440305138207097
0.035437681495228711
0.035434822458720379
0.035417031865716181
0.035416582087838371
0.035329703773539181
0.035320467480234825
0.035287579274495974
0.035273240302586696
0.035268279799954533
0.035255617766182579
0.035235890409009471
0.035221417882083744
0.03521361116381231
0.035199257930958641
0.03519356836405918
0.035188958627318606
0.035173533468462984
0.035165608975636739
0.035162541056166813
0.035146031644495715
0.035140989657102592
0.035133929421948581
0.035131177525419881
0.035123635515822219
0.035096478865113634
0.035084312663305077
0.035059720270292832
0.035052174292099406
0.035050308610346775
0.035008369903123684
0.035002676531700597
0.034991098922921099
0.034990634869653113
0.034979584321958523
0.034957354517147397
0.034956837801185754
0.034946747594904411
0.034942380149108859
0.034917878991609259
0.034887767274096308
0.03488206514148301
0.034860355316992553
0.034849081634130571
0.034848363115650101
0.034841108820974305
0.03483351385301401
0.034825802770798164
0.034793679596239115
0.034783673935250795
0.034776967397414073
0.034776247093413842
0.034746839311752611
0.034746145700079965
0.034745876058263993
0.034733522954415577
0.034724614459746929
0.034694719106700647
0.034694365357654751
0.034691087709792054
0.034682819160000822
0.034653709742209805
0.034637012822851684
0.034634697739378759
0.034590542290074133
0.034579099018220087
0.034569719234521151
0.034559071591719087
0.034544312726497377
0.034526781700648088
0.034495535343190761
0.034484151676656895
0.034470164476320897
0.034467282425162213
0.034454738897193436
0.034448125837657002
0.034435826287461932
0.034423961136249535
0.034389224429370487
0.03438692790431009
0.034385581425664648
0.034374830566842804
0.034373502530335026
0.034364479725428873
0.034362158137680107
0.034348042943400027
0.034346819704272044
0.034324040623068597
0.034317955826104758
0.03429686261805813
0.03426938652603552
0.034243312979882583
0.034242495779639698
0.034222716542106145
0.034218950557772229
0.034184739625890651
0.034168851485731386
0.034156837723186464
0.034111101041048975
0.034105507481864493
0.034088781245549413
0.034075581425723783
0.034072498346560877
0.034060213309006403
0.034055118413153777
0.034054513070554744
0.034054092390894533
0.034046236723839829
0.034042351779856789
0.034036900220801768
0.034030028111643289
0.034024644759546953
0.034007112261399616
0.034006863138781686
0.033989110906819421
0.033965647450349745
0.033964721588111667
0.033946834425686259
0.033925756075709732
0.033925039487270853
0.033907551838029452
0.033861837630576271
0.033841712394449421
0.033820614598841135
0.033819125256421424
0.033789140796055314
0.033781048222413498
0.033779657058659401
0.033757179295610992
0.033749816212135346
0.033749252194609683
0.033731393496408656
0.03370527474350829
0.033701905911550936
0.033701479884298606
0.033673448348868831
0.033662542434287721
0.033661243416956033
0.033625130098718529
0.033623757660429007
0.033617989883413697
0.033611332832962706
0.033609305774017516
0.033590392045190071
0.03357340265529446
0.033549083292786393
0.033517010332755039
0.033496026624777547
0.03349474192432908
0.033493425902123369
0.033491648753709399
0.033453110520216017
0.033397334504368839
0.033384879778342431
0.033369922541195265
0.033359889700197466
0.033339609664929992
0.03333405369519437
0.033303742469952831
0.033290068967530166
0.033285529994485655
0.033268270174637703
0.033247299826627295
0.033242004569829314
0.033228050112667953
0.03319240623606709
0.03316852616734859
0.033149413921781758
0.033132863413385442
0.033129979941746379
0.033126728701729329
0.033104617760968499
0.033085607993935874
0.033078733610596128
0.033070449492686831
0.033063196410801646
0.033060226054389873
0.033059830154246322
0.033059475679702521
0.033057767390687401
0.033045512000823694
0.033038399059449532
0.033012868468343559
0.033002800956730367
0.032988491865535374
0.032962486704130926
0.032955681803677354
0.032955484077978943
0.032947557686360825
0.03294540083333912
0.032929620048689608
0.032915807965344213
0.032908721248775481
0.032908082265360093
0.032901473889925675
0.032900338042659578
0.032855951413810487
0.032841850173586901
0.032838981427418791
0.032828396526964239
0.032808675547299215
0.032781299598530683
0.032764409480821412
0.032755413048977319
0.032741181992291923
0.032704075910688142
0.03269126646798895
0.032661607950776328
0.032651214831107125
0.032645650233098567
0.032639291449256029
0.032608421621669006
0.032605161863708557
0.0325928513325726
0.032584990270500269
0.03255940908006489
0.032500505679252611
0.032497133886459251
0.032485826702269301
0.032481875861231468
0.032452394475026507
0.032436906739228208
0.032432283238091948
0.032388090764013777
0.032382047165730413
0.032372843465530148
0.032360094054859248
0.032347862660992786
0.032343545867819921
0.03231514222930134
0.032305327064032691
0.032292126624358437
0.032269234881576923
0.032266556371313447
0.032255878282306805
0.032252996907648539
0.032219344241664678
0.032206716920400176
0.032196315076534733
0.032191617270099934
0.032168557768331524
0.032150815508959575
0.032137590536733221
0.032100293041665465
0.032093701498341974
0.032071308278602849
0.032063664024459641
0.032062595318237283
0.032043102202285123
0.032032410400611076
0.032030802436558405
0.032030193493388294
0.032018526729621015
0.032015120371589254
0.032014628676416849
0.031966709351393195
0.031961720138724344
0.031942847506471417
0.031937152626286609
0.03192861877503185
0.031904378386042404
0.031901104642554003
0.031894180544324989
0.031858035896513717
0.03185152464566255
0.031848534667156876
0.031843906957894887
0.031826826638146802
0.031826636754126551
0.031811090742389789
0.031801371727188492
0.031776476424877423
0.031721767855577419
0.031720164856004422
0.031686740943085892
0.031686548640749657
0.031669851966238435
0.031659678220969462
0.031654563119099616
0.031648259088005615
0.031641136021937306
0.031640038566436601
0.031616807392460304
0.031614062767743256
0.031604209813842321
0.031581461578839225
0.031577961669053869
0.031575365748284151
0.031568990433431206
0.031557795833368443
0.031498494887318457
0.031497004484620013
0.031489234920026435
0.031454558048160719
0.031428034304720361
0.031421502093286813
0.031409292133256862
0.031408367324224036
0.031390940103182711
0.031385598355621831
0.031384804012526885
0.031383583298796085
0.031380788692370078
0.031375652513251584
0.031354676028974238
0.031348504118157511
0.031346378895382845
0.031343342955447322
0.031325871840205355
0.031303943907707063
0.031298088914885232
0.03128841681709358
0.031280161911760709
0.031260309953810898
0.031253861329821095
0.031247134568259883
0.031233554404019485
0.031223225391635495
0.031202117009326145
0.03119908135297652
0.031167120291056564
0.031090555885056482
0.031075779369229565
0.031074078704836177
0.031070552160130244
0.03105043598491436
0.031035546655748703
0.031030936833262933
0.031030099587042826
0.031026466346712901
0.031014094032196706
0.031010908337411876
0.03100472944421237
0.03098815527896932
0.030987878377017865
0.030984953001895969
0.030951093040995987
0.030923009926461634
0.030897745688323711
0.03088985120213494
0.030876432653727238
0.030873760302926174
0.030872064202270132
0.030871742102494014
0.030857247587047575
0.030847417764219023
0.030847149938026588
0.030837132849047676
0.030836472189206383
0.030824634284729844
0.030812881399921766
0.03080085151327689
0.03078843247658019
0.030748023879588835
0.030745102796965833
0.03073389061681138
0.030717319546389944
0.030709401370109409
0.030705449828041152
0.030698653418349601
0.030692753443458575
0.030665198402294917
0.030640472824449906
0.030639717068441139
0.03062151881087993
0.030616336690240147
0.030610137683327855
0.030607235181399843
0.030606841131909753
0.030554381718868599
0.030550079134018564
0.030547265830949577
0.030527633742951289
0.030526037342731897
0.030517103272617419
0.030511987275513942
0.030502922301969021
0.03049157360094653
0.030486973844727708
0.030472905208614707
0.030457793804781787
0.030454279920043324
0.030451071718192904
0.03044129411941824
0.030439000980377454
0.030416639812380575
0.030404032402962095
0.030378226965270431
0.030366875058562694
0.03035110084930966
0.03033057048462846
0.030328589714314569
0.030318148858327589
0.030317542062640274
0.030299245148853876
0.030281667537555994
0.030260048002983882
0.030250904975593539
0.030247789140216943
0.030209432570715129
0.030207089065211978
0.030192099029253957
0.030191535065439472
0.03017334610635336
0.030161224753918702
0.030145049536116748
0.030135998372657756
0.030131767305281675
0.030070733566139533
0.030060950102012735
0.03003984999439107
0.029994765564233888
0.029975611702701483
0.029955367889507183
0.029946533252174293
0.029942405616086829
0.029933463284971189
0.029926968847576445
0.029923951029882934
0.029907097186483957
0.029899656496771412
0.029896298516825782
0.029894672924855113
0.029875452135208019
0.029870872999005624
0.029848931733848089
0.02984460022739829
0.029835900080429429
0.029820883134899959
0.029819692685094826
0.029819341551504085
0.029807709665161896
0.029803974289783465
0.029786377895440749
0.029785536276543494
0.029768281953060957
0.029756305076624027
0.029739958243419542
0.029738225061754928
0.029735472690641723
0.029715881263460971
0.029700390373409432
0.029657100265642257
0.029643021884274479
0.029634920797733874
0.029620503162014158
0.029618495611487401
0.029574218714089492
0.029571476982634813
0.029563270178510143
0.029549230350117035
0.029535599941585826
0.029534444879096622
0.029528607871936521
0.029524741741901409
0.02949132470202671
0.029490580966993068
0.029486629825947359
0.029484486361781075
0.029483737228316646
0.029481675487215784
0.029468789830818038
0.029457260496507414
0.029423702126590307
0.029396363745072252
0.029391885907449213
0.029389383598722646
0.02938837207821321
0.029375073295974715
0.029370066678334139
0.029369937248862117
0.029367440879137178
0.029357071077923142
0.029345676120983176
0.029328829554001647
0.029302683651668604
0.029297751579216706
0.029290320365005118
0.029289359083883682
0.029284122087232297
0.029273600402704023
0.029272682152557631
0.029259000102440712
0.029258680501004768
0.029258267172587896
0.029250364713919126
0.029243711269941283
0.029238524153088887
0.029236778003968341
0.029228921491287387
0.029220298031404277
0.029217493564403667
0.029216759033520959
0.029193968602061308
0.029190626691311145
0.02917388737655946
0.029164672739310251
0.029161953948110338
0.029137356293419774
0.029108887332428966
0.029099694137153336
0.029096616733067036
0.029095092133579772
0.029052212932524166
0.029048307100275339
0.029047319730146747
0.029039763670337788
0.029037621534330555
0.029032918220610961
0.029032533340484765
0.029008323754592492
0.029002223214189906
0.028998346018711874
0.028996001906366298
0.028985829124805251
0.028985334839833735
0.0289660165499501
0.028958677552304839
0.028949278879513592
0.028896455338239011
0.028894760381389169
0.028886401691595294
0.028866977494468971
0.02885760982609838
0.028847678664810718
0.028844715030225166
0.028838045854476257
0.028830049903575097
0.028808501983098006
0.028807245067854859
0.02878959371715302
0.028788143350520594
0.028780712538598791
0.028770087642760192
0.028759427163290822
0.028741972884711565
0.028736859296416995
0.028734561130744185
0.02872048439219466
0.028710142658399784
0.028702409145078368
0.028698872479232911
0.028690844215116557
0.028649558264920105
0.028647960893899028
0.028646442495123776
0.028630862501900833
0.028610069117283903
0.028596979410992551
0.028593326256999604
0.028583189931512733
0.02857787183504986
0.028549633633557031
0.028548658880374816
0.028537987886975154
0.028534910563501395
0.028480468517685566
0.028475444555966099
0.028469453542162172
0.028462758566302072
0.028441790033908614
0.028419891035684389
0.028404404113681392
0.028403607479012161
0.028395097803205177
0.028394129977858784
0.028386569421659579
0.028381568732686394
0.028376678724187112
0.028374567869587541
0.028374290712340086
0.028366293082441048
0.028359367194625774
0.028358022688649582
0.028345249136407968
0.028335983502090961
0.028330960404387089
0.028328030995036189
0.028323457011104478
0.028317105869037924
0.028313938279536058
0.028312201209450927
0.028311186712479841
0.028303159312083399
0.028294410611698555
0.028289269363320629
0.028288241957749861
0.028286386914923117
0.028280700236369565
0.028262005084126428
0.028237828253533388
0.028237541326875396
0.028234678878499588
0.028223126694760892
0.028193316693552881
0.028172602055884503
0.028171839051883807
0.02816303292498833
0.028158293762265887
0.028151828967140836
0.028149719889586308
0.028144287879228094
0.028140338280120778
0.028127677864107383
0.028081742680621712
0.028069739194781469
0.028058300950719376
0.028043370968145975
0.02803227943665032
0.028000075303519108
0.027988800921392561
0.027987794528218223
0.027980853333534311
0.027980474169165031
0.027952441966074718
0.027903711025565128
0.027885405213214216
0.027880957088534886
0.027879505300778953
0.027816574914545325
0.027814810524153008
0.02780463872939494
0.027804304298108828
0.027777917257270135
0.027774408209650714
0.027755128202377018
0.027753907814686139
0.027751916259713506
0.027748444755191132
0.027739093554662229
0.027736059308451782
0.027728151791620626
0.027722751600226248
0.02772069491186023
0.027717168152398081
0.027699942445078361
0.027686192270942826
0.027682818334382086
0.027681263027559813
0.027670306252111802
0.027670240208609101
0.027645112618718416
0.027625562235948514
0.027619782898956668
0.027609335204703381
0.027598103302240291
0.027586608480486607
0.027565067089026531
0.027539698180007992
0.027524138090809419
0.027503385550562795
0.027502324344740731
0.027493216906437724
0.027470149183706469
0.02745419097713013
0.027440371639259942
0.027437643385843206
0.027437620018406252
0.027419629671462917
0.02741034750060713
0.02739989871199177
0.027397314911445019
0.027396374572505121
0.027393981645828288
0.027392763588149415
