BEGIN TIMEDATA
% time voltage
0.000000000000e+00	0.00096780
3.255208333333e-08	0.00096783
6.510416666667e-08	0.00838390
9.765625000000e-08	0.01467465
1.302083333333e-07	0.00003625
1.627604166667e-07	-0.01930682
1.953125000000e-07	-0.01625833
2.278645833333e-07	-0.00198470
2.604166666667e-07	0.00004821
2.929687500000e-07	-0.00834227
3.255208333333e-07	-0.01688703
3.580729166667e-07	-0.02233762
3.906250000000e-07	-0.02218963
4.231770833333e-07	-0.01939494
4.557291666667e-07	-0.01758914
4.882812500000e-07	-0.00848966
5.208333333333e-07	0.00638631
5.533854166667e-07	0.00571953
5.859375000000e-07	-0.00798095
6.184895833333e-07	-0.00501879
6.510416666667e-07	0.00977328
6.835937500000e-07	0.00360630
7.161458333333e-07	-0.01292118
7.486979166667e-07	-0.00508714
7.812500000000e-07	0.01192467
8.138020833333e-07	0.00145577
8.463541666667e-07	-0.02470300
8.789062500000e-07	-0.03298084
9.114583333333e-07	-0.02227775
9.440104166667e-07	-0.00849320
9.765625000000e-07	0.00130811
1.009114583333e-06	0.00455715
1.041666666667e-06	0.00715887
1.074218750000e-06	0.01809258
1.106770833333e-06	0.02422366
1.139322916667e-06	0.00928613
1.171875000000e-06	-0.00624988
1.204427083333e-06	0.00228855
1.236979166667e-06	0.01563563
1.269531250000e-06	0.01079061
1.302083333333e-06	0.00593987
1.334635416667e-06	0.01504889
1.367187500000e-06	0.01548420
1.399739583333e-06	0.00045269
1.432291666667e-06	-0.00205017
1.464843750000e-06	0.01126197
1.497395833333e-06	0.00904062
1.529947916667e-06	-0.01146054
1.562500000000e-06	-0.01804002
1.595052083333e-06	-0.00470805
1.627604166667e-06	0.00250455
1.660156250000e-06	-0.00197770
1.692708333333e-06	-0.00014425
1.725260416667e-06	0.00859605
1.757812500000e-06	0.01035875
1.790364583333e-06	0.00621517
1.822916666667e-06	0.00167914
1.855468750000e-06	-0.00869373
1.888020833333e-06	-0.01966877
1.920572916667e-06	-0.01541067
1.953125000000e-06	-0.00594477
1.985677083333e-06	-0.01392179
2.018229166667e-06	-0.02568866
2.050781250000e-06	-0.01630376
2.083333333333e-06	-0.00371232
2.115885416667e-06	-0.01018004
2.148437500000e-06	-0.01058864
2.180989583333e-06	0.01225001
2.213541666667e-06	0.02272851
2.246093750000e-06	0.00476774
2.278645833333e-06	-0.00092435
2.311197916667e-06	0.01954875
2.343750000000e-06	0.02416969
2.376302083333e-06	0.00142388
2.408854166667e-06	-0.00834763
2.441406250000e-06	0.00650742
2.473958333333e-06	0.01223992
2.506510416667e-06	-0.00471135
2.539062500000e-06	-0.02131303
2.571614583333e-06	-0.01989953
2.604166666667e-06	-0.00685887
2.636718750000e-06	0.00000482
2.669270833333e-06	-0.00871393
2.701822916667e-06	-0.01814239
2.734375000000e-06	-0.00740937
2.766927083333e-06	0.01205767
2.799479166667e-06	0.01015707
2.832031250000e-06	-0.00960415
2.864583333333e-06	-0.01430659
2.897135416667e-06	0.00339472
2.929687500000e-06	0.01717354
2.962239583333e-06	0.01302583
2.994791666667e-06	0.00599459
3.027343750000e-06	0.00755569
3.059895833333e-06	0.00681691
3.092447916667e-06	-0.00524163
3.125000000000e-06	-0.01708056
3.157552083333e-06	-0.01736939
3.190104166667e-06	-0.01138403
3.222656250000e-06	-0.00277627
3.255208333333e-06	0.01072136
3.287760416667e-06	0.01546292
3.320312500000e-06	-0.00239217
3.352864583333e-06	-0.02223980
3.385416666667e-06	-0.02058184
3.417968750000e-06	-0.01566463
3.450520833333e-06	-0.02583806
3.483072916667e-06	-0.02745262
3.515625000000e-06	-0.00724922
3.548177083333e-06	0.00585187
3.580729166667e-06	0.00109845
3.613281250000e-06	0.00322488
3.645833333333e-06	0.01200145
3.678385416667e-06	0.00344941
3.710937500000e-06	-0.01387537
3.743489583333e-06	-0.01363847
3.776041666667e-06	0.00063675
3.808593750000e-06	0.00984672
3.841145833333e-06	0.00849041
3.873697916667e-06	0.00182213
3.906250000000e-06	0.00095689
3.938802083333e-06	0.00902891
3.971354166667e-06	0.00829187
4.003906250000e-06	-0.00315863
4.036458333333e-06	0.00560009
4.069010416667e-06	0.03101226
4.101562500000e-06	0.02504702
4.134114583333e-06	-0.00630400
4.166666666667e-06	-0.00648380
4.199218750000e-06	0.01513468
4.231770833333e-06	0.00832470
4.264322916667e-06	-0.00425012
4.296875000000e-06	0.01495564
4.329427083333e-06	0.02232213
4.361979166667e-06	-0.01238208
4.394531250000e-06	-0.03340227
4.427083333333e-06	-0.01530321
4.459635416667e-06	-0.00502468
4.492187500000e-06	-0.00973677
4.524739583333e-06	0.00064279
4.557291666667e-06	0.00360856
4.589843750000e-06	-0.01965722
4.622395833333e-06	-0.01989298
4.654947916667e-06	0.01966331
4.687500000000e-06	0.04038408
4.720052083333e-06	0.02417694
4.752604166667e-06	0.01376283
4.785156250000e-06	0.01510593
4.817708333333e-06	0.00844126
4.850260416667e-06	0.00838097
4.882812500000e-06	0.01864960
4.915364583333e-06	0.01211096
4.947916666667e-06	-0.00084931
4.980468750000e-06	0.01105208
5.013020833333e-06	0.02525284
5.045572916667e-06	0.01040707
5.078125000000e-06	-0.00737525
5.110677083333e-06	-0.00288216
5.143229166667e-06	0.00442655
5.175781250000e-06	0.00581421
5.208333333333e-06	0.01267715
5.240885416667e-06	0.01239295
5.273437500000e-06	-0.00466351
5.305989583333e-06	-0.01207471
5.338541666667e-06	0.00148370
5.371093750000e-06	0.00909744
5.403645833333e-06	0.00093071
5.436197916667e-06	-0.00355104
5.468750000000e-06	0.00223380
5.501302083333e-06	0.01043983
5.533854166667e-06	0.01616573
5.566406250000e-06	0.00969014
5.598958333333e-06	-0.01133705
5.631510416667e-06	-0.02385800
5.664062500000e-06	-0.01327871
5.696614583333e-06	0.00022416
5.729166666667e-06	-0.00014903
5.761718750000e-06	-0.00432113
5.794270833333e-06	-0.00510895
5.826822916667e-06	-0.00617302
5.859375000000e-06	-0.00239669
5.891927083333e-06	0.00757109
5.924479166667e-06	0.00737115
5.957031250000e-06	-0.00705466
5.989583333333e-06	-0.01273716
6.022135416667e-06	-0.00018544
6.054687500000e-06	0.00500424
6.087239583333e-06	-0.01278669
6.119791666667e-06	-0.02441034
6.152343750000e-06	-0.00207771
6.184895833333e-06	0.02568200
6.217447916667e-06	0.01608638
6.250000000000e-06	-0.01191640
6.282552083333e-06	-0.01066495
6.315104166667e-06	0.00919932
6.347656250000e-06	0.00495566
6.380208333333e-06	-0.01387146
6.412760416667e-06	-0.01210694
6.445312500000e-06	0.00097688
6.477864583333e-06	0.00385823
6.510416666667e-06	0.00835501
6.542968750000e-06	0.01783666
6.575520833333e-06	0.01072833
6.608072916667e-06	-0.00661269
6.640625000000e-06	-0.00567160
6.673177083333e-06	0.00936101
6.705729166667e-06	0.01772144
6.738281250000e-06	0.01861707
6.770833333333e-06	0.01020730
6.803385416667e-06	-0.00968700
6.835937500000e-06	-0.01508679
6.868489583333e-06	0.00588952
6.901041666667e-06	0.01450704
6.933593750000e-06	-0.00442948
6.966145833333e-06	-0.00668761
6.998697916667e-06	0.01731852
7.031250000000e-06	0.01825919
7.063802083333e-06	-0.00788870
7.096354166667e-06	-0.01168060
7.128906250000e-06	0.00767453
7.161458333333e-06	0.01064459
7.194010416667e-06	0.00330040
7.226562500000e-06	0.01071016
7.259114583333e-06	0.01490937
7.291666666667e-06	-0.00001109
7.324218750000e-06	-0.00871329
7.356770833333e-06	-0.00201631
7.389322916667e-06	-0.00601377
7.421875000000e-06	-0.01967673
7.454427083333e-06	-0.01309381
7.486979166667e-06	0.00787323
7.519531250000e-06	0.00924313
7.552083333333e-06	-0.00775283
7.584635416667e-06	-0.01355114
7.617187500000e-06	-0.00273476
7.649739583333e-06	0.00953856
7.682291666667e-06	0.01882262
7.714843750000e-06	0.02250952
7.747395833333e-06	0.01127150
7.779947916667e-06	-0.00610306
7.812500000000e-06	-0.00860482
7.845052083333e-06	-0.00347966
7.877604166667e-06	-0.01017195
7.910156250000e-06	-0.01186008
7.942708333333e-06	0.01151354
7.975260416667e-06	0.02805932
8.007812500000e-06	0.00840688
8.040364583333e-06	-0.01129356
8.072916666667e-06	-0.00016739
8.105468750000e-06	0.00409491
8.138020833333e-06	-0.02272599
8.170572916667e-06	-0.03726849
8.203125000000e-06	-0.01661405
8.235677083333e-06	0.00166109
8.268229166667e-06	0.00037503
8.300781250000e-06	0.00096684
8.333333333333e-06	0.00280982
8.365885416667e-06	-0.00408134
8.398437500000e-06	-0.00215658
8.430989583333e-06	0.01141886
8.463541666667e-06	0.01071248
8.496093750000e-06	-0.00122708
8.528645833333e-06	-0.00286567
8.561197916667e-06	-0.00827991
8.593750000000e-06	-0.02594298
8.626302083333e-06	-0.02132691
8.658854166667e-06	0.00707027
8.691406250000e-06	0.00881412
8.723958333333e-06	-0.01497736
8.756510416667e-06	-0.00901290
8.789062500000e-06	0.02064144
8.821614583333e-06	0.01768075
8.854166666667e-06	-0.01237773
8.886718750000e-06	-0.02002625
8.919270833333e-06	-0.00363281
8.951822916667e-06	0.00763856
8.984375000000e-06	0.00971829
9.016927083333e-06	0.00857486
9.049479166667e-06	0.00531805
9.082031250000e-06	0.00929874
9.114583333333e-06	0.01815758
9.147135416667e-06	0.01004847
9.179687500000e-06	-0.01114708
9.212239583333e-06	-0.01577386
9.244791666667e-06	-0.00682499
9.277343750000e-06	-0.01093377
9.309895833333e-06	-0.01939115
9.342447916667e-06	-0.00849123
9.375000000000e-06	0.00837804
9.407552083333e-06	0.01149126
9.440104166667e-06	0.01542231
9.472656250000e-06	0.02981189
9.505208333333e-06	0.03125137
9.537760416667e-06	0.00966769
9.570312500000e-06	-0.00981408
9.602864583333e-06	-0.01112300
9.635416666667e-06	-0.00465479
9.667968750000e-06	0.00354571
9.700520833333e-06	0.01559872
9.733072916667e-06	0.02179549
9.765625000000e-06	0.01383403
9.798177083333e-06	0.00304994
9.830729166667e-06	-0.00021655
9.863281250000e-06	-0.00153394
9.895833333333e-06	-0.00306559
9.928385416667e-06	-0.00158882
9.960937500000e-06	-0.00668417
9.993489583333e-06	-0.02259052
1.002604166667e-05	-0.02564313
1.005859375000e-05	-0.00238411
1.009114583333e-05	0.01769797
1.012369791667e-05	0.01017983
1.015625000000e-05	-0.00344535
1.018880208333e-05	-0.00014472
1.022135416667e-05	0.00722954
1.025390625000e-05	0.00388949
1.028645833333e-05	-0.00315178
1.031901041667e-05	-0.00644968
1.035156250000e-05	-0.00453759
1.038411458333e-05	0.00371741
1.041666666667e-05	0.00736265
1.044921875000e-05	-0.00475500
1.048177083333e-05	-0.01511569
1.051432291667e-05	-0.00428007
1.054687500000e-05	0.00800223
1.057942708333e-05	-0.00150988
1.061197916667e-05	-0.01429257
1.064453125000e-05	-0.00791658
1.067708333333e-05	0.00301927
1.070963541667e-05	0.00132361
1.074218750000e-05	-0.00168500
1.077473958333e-05	0.00526008
1.080729166667e-05	0.00982982
1.083984375000e-05	-0.00305516
1.087239583333e-05	-0.02422662
1.090494791667e-05	-0.02541491
1.093750000000e-05	0.00192766
1.097005208333e-05	0.02617925
1.100260416667e-05	0.02111012
1.103515625000e-05	0.00691802
1.106770833333e-05	0.00682527
1.110026041667e-05	0.00836351
1.113281250000e-05	0.00739782
1.116536458333e-05	0.02169149
1.119791666667e-05	0.03456116
1.123046875000e-05	0.01420448
1.126302083333e-05	-0.01159998
1.129557291667e-05	-0.00148947
1.132812500000e-05	0.01478956
1.136067708333e-05	-0.00002893
1.139322916667e-05	-0.01305144
1.142578125000e-05	0.00316479
1.145833333333e-05	0.01357075
1.149088541667e-05	0.00195273
1.152343750000e-05	-0.00001184
1.155598958333e-05	0.00864078
1.158854166667e-05	-0.00023518
1.162109375000e-05	-0.01359960
1.165364583333e-05	-0.00448260
1.168619791667e-05	0.00822001
1.171875000000e-05	-0.00027466
1.175130208333e-05	-0.01226741
1.178385416667e-05	-0.00445371
1.181640625000e-05	0.01406519
1.184895833333e-05	0.02018700
1.188151041667e-05	0.00589770
1.191406250000e-05	-0.01127970
1.194661458333e-05	-0.00834406
1.197916666667e-05	0.00459033
1.201171875000e-05	-0.00260284
1.204427083333e-05	-0.02291330
1.207682291667e-05	-0.02260573
1.210937500000e-05	-0.00313071
1.214192708333e-05	0.00913684
1.217447916667e-05	0.01106331
1.220703125000e-05	0.00684413
1.223958333333e-05	-0.01170096
1.227213541667e-05	-0.03268374
1.230468750000e-05	-0.02905214
1.233723958333e-05	-0.00827692
1.236979166667e-05	0.00078939
1.240234375000e-05	-0.00200579
1.243489583333e-05	-0.00033606
1.246744791667e-05	0.00523044
1.250000000000e-05	0.00698033
1.253255208333e-05	0.00174667
1.256510416667e-05	-0.01177587
1.259765625000e-05	-0.02275186
1.263020833333e-05	-0.01504112
1.266276041667e-05	0.00334376
1.269531250000e-05	0.00983327
1.272786458333e-05	0.00229946
1.276041666667e-05	-0.00605280
1.279296875000e-05	-0.00770383
1.282552083333e-05	0.00019428
1.285807291667e-05	0.01249442
1.289062500000e-05	0.01676900
1.292317708333e-05	0.01610540
1.295572916667e-05	0.02089275
1.298828125000e-05	0.01681423
1.302083333333e-05	-0.00768113
1.305338541667e-05	-0.02354949
1.308593750000e-05	-0.00909549
1.311848958333e-05	0.00845472
1.315104166667e-05	0.00632202
1.318359375000e-05	-0.00098781
1.321614583333e-05	-0.00386606
1.324869791667e-05	-0.00548684
1.328125000000e-05	0.00090549
1.331380208333e-05	0.00943402
1.334635416667e-05	0.00276190
1.337890625000e-05	-0.00304834
1.341145833333e-05	0.01073981
1.344401041667e-05	0.01328511
1.347656250000e-05	-0.00986206
1.350911458333e-05	-0.01014667
1.354166666667e-05	0.02343388
1.357421875000e-05	0.03066859
1.360677083333e-05	0.00226593
1.363932291667e-05	-0.00489213
1.367187500000e-05	0.01056496
1.370442708333e-05	0.00487268
1.373697916667e-05	-0.00882141
1.376953125000e-05	0.00043305
1.380208333333e-05	0.00985619
1.383463541667e-05	0.00367067
1.386718750000e-05	0.00800465
1.389973958333e-05	0.02081923
1.393229166667e-05	0.01364555
1.396484375000e-05	-0.00142794
1.399739583333e-05	-0.00071887
1.402994791667e-05	0.00117129
1.406250000000e-05	-0.00512634
1.409505208333e-05	-0.00219312
1.412760416667e-05	0.00672789
1.416015625000e-05	0.00559283
1.419270833333e-05	0.00531248
1.422526041667e-05	0.01200312
1.425781250000e-05	0.00582905
1.429036458333e-05	-0.00903193
1.432291666667e-05	-0.00377715
1.435546875000e-05	0.01473780
1.438802083333e-05	0.01581749
1.442057291667e-05	0.00140452
1.445312500000e-05	-0.00910506
1.448567708333e-05	-0.01535103
1.451822916667e-05	-0.01812730
1.455078125000e-05	-0.00924664
1.458333333333e-05	0.00189836
1.461588541667e-05	-0.00539882
1.464843750000e-05	-0.02447020
1.468098958333e-05	-0.02395519
1.471354166667e-05	0.00489697
1.474609375000e-05	0.02772626
1.477864583333e-05	0.01248782
1.481119791667e-05	-0.01846270
1.484375000000e-05	-0.01913802
1.487630208333e-05	0.00684413
1.490885416667e-05	0.01877259
1.494140625000e-05	0.01066553
1.497395833333e-05	0.00649425
1.500651041667e-05	0.00863298
1.503906250000e-05	0.00918675
1.507161458333e-05	0.01291849
1.510416666667e-05	0.01360185
1.513671875000e-05	0.00149908
1.516927083333e-05	-0.00526005
1.520182291667e-05	0.00340158
1.523437500000e-05	0.00222678
1.526692708333e-05	-0.00945888
1.529947916667e-05	0.00141718
1.533203125000e-05	0.02319605
1.536458333333e-05	0.01613499
1.539713541667e-05	-0.00166996
1.542968750000e-05	0.00254725
1.546223958333e-05	0.00182591
1.549479166667e-05	-0.01915016
1.552734375000e-05	-0.01577253
1.555989583333e-05	0.01732011
1.559244791667e-05	0.02464308
1.562500000000e-05	0.00162149
1.565755208333e-05	-0.00748664
1.569010416667e-05	-0.00738381
1.572265625000e-05	-0.02055017
1.575520833333e-05	-0.02040812
1.578776041667e-05	0.00360512
1.582031250000e-05	0.00907697
1.585286458333e-05	-0.01116546
1.588541666667e-05	-0.01570105
1.591796875000e-05	-0.00398318
1.595052083333e-05	-0.00687470
1.598307291667e-05	-0.01216815
1.601562500000e-05	0.00346950
1.604817708333e-05	0.01756250
1.608072916667e-05	0.00628490
1.611328125000e-05	-0.01199972
1.614583333333e-05	-0.01399749
1.617838541667e-05	-0.00096607
1.621093750000e-05	0.01497163
1.624348958333e-05	0.01999928
1.627604166667e-05	0.00883761
1.630859375000e-05	-0.00373689
1.634114583333e-05	-0.00478400
1.637369791667e-05	-0.00317673
1.640625000000e-05	-0.00653900
1.643880208333e-05	-0.00860981
1.647135416667e-05	-0.00990468
1.650390625000e-05	-0.01393858
1.653645833333e-05	-0.00998983
1.656901041667e-05	0.00436738
1.660156250000e-05	0.00838346
1.663411458333e-05	-0.00399480
1.666666666667e-05	-0.00812119
1.669921875000e-05	0.00757010
1.673177083333e-05	0.02194506
1.676432291667e-05	0.01830360
1.679687500000e-05	0.00512107
1.682942708333e-05	-0.00485370
1.686197916667e-05	-0.00750116
1.689453125000e-05	-0.00087987
1.692708333333e-05	0.01162791
1.695963541667e-05	0.01580721
1.699218750000e-05	0.00336698
1.702473958333e-05	-0.01093280
1.705729166667e-05	-0.00927199
1.708984375000e-05	-0.00107801
1.712239583333e-05	-0.00638321
1.715494791667e-05	-0.01772907
1.718750000000e-05	-0.01440685
1.722005208333e-05	-0.00362118
1.725260416667e-05	-0.00593916
1.728515625000e-05	-0.01463492
1.731770833333e-05	-0.01158808
1.735026041667e-05	-0.00401844
1.738281250000e-05	-0.00806551
1.741536458333e-05	-0.01786191
1.744791666667e-05	-0.01828844
1.748046875000e-05	-0.00854242
1.751302083333e-05	0.00043209
1.754557291667e-05	-0.00159702
1.757812500000e-05	-0.01370603
1.761067708333e-05	-0.02149074
1.764322916667e-05	-0.01499553
1.767578125000e-05	-0.00276652
1.770833333333e-05	0.00343873
1.774088541667e-05	0.00247940
1.777343750000e-05	-0.00312139
1.780598958333e-05	-0.00806545
1.783854166667e-05	-0.00418682
1.787109375000e-05	0.00434105
1.790364583333e-05	0.00531850
1.793619791667e-05	0.00156152
1.796875000000e-05	-0.00107373
1.800130208333e-05	-0.01146685
1.803385416667e-05	-0.02348273
1.806640625000e-05	-0.01088218
1.809895833333e-05	0.01596243
1.813151041667e-05	0.01414873
1.816406250000e-05	-0.01236558
1.819661458333e-05	-0.02060076
1.822916666667e-05	-0.01262315
1.826171875000e-05	-0.01920812
1.829427083333e-05	-0.02518678
1.832682291667e-05	-0.00234185
1.835937500000e-05	0.02455282
1.839192708333e-05	0.02038906
1.842447916667e-05	-0.00050988
1.845703125000e-05	-0.00791227
1.848958333333e-05	-0.00164197
1.852213541667e-05	0.00132741
1.855468750000e-05	-0.00688654
1.858723958333e-05	-0.01604194
1.861979166667e-05	-0.00848572
1.865234375000e-05	0.01040796
1.868489583333e-05	0.01470316
1.871744791667e-05	0.00520422
1.875000000000e-05	0.00673416
1.878255208333e-05	0.01242296
1.881510416667e-05	-0.00283537
1.884765625000e-05	-0.02228841
1.888020833333e-05	-0.01360511
1.891276041667e-05	0.00912098
1.894531250000e-05	0.01381685
1.897786458333e-05	0.00429380
1.901041666667e-05	0.00066170
1.904296875000e-05	0.00462430
1.907552083333e-05	0.00492290
1.910807291667e-05	-0.00792705
1.914062500000e-05	-0.02560193
1.917317708333e-05	-0.02050181
1.920572916667e-05	0.00897075
1.923828125000e-05	0.02103508
1.927083333333e-05	0.00052822
1.930338541667e-05	-0.01205189
1.933593750000e-05	0.00148231
1.936848958333e-05	0.01119799
1.940104166667e-05	0.00804057
1.943359375000e-05	0.00766205
1.946614583333e-05	0.00169949
1.949869791667e-05	-0.00975334
1.953125000000e-05	0.00482325
1.956380208333e-05	0.03283843
1.959635416667e-05	0.01874010
1.962890625000e-05	-0.02105445
1.966145833333e-05	-0.01554995
1.969401041667e-05	0.02309051
1.972656250000e-05	0.02606922
1.975911458333e-05	0.00388017
1.979166666667e-05	0.00990236
1.982421875000e-05	0.02547166
1.985677083333e-05	0.01063285
1.988932291667e-05	-0.00795591
1.992187500000e-05	-0.00006183
1.995442708333e-05	0.00686706
1.998697916667e-05	-0.00486746
2.001953125000e-05	-0.00824811
2.005208333333e-05	0.00295775
2.008463541667e-05	0.00348251
2.011718750000e-05	-0.00336474
2.014973958333e-05	0.00421445
2.018229166667e-05	0.01251848
2.021484375000e-05	-0.00029832
2.024739583333e-05	-0.01334341
2.027994791667e-05	-0.00226472
2.031250000000e-05	0.00998630
2.034505208333e-05	-0.00127635
2.037760416667e-05	-0.01115375
2.041015625000e-05	0.00600741
2.044270833333e-05	0.02383124
2.047526041667e-05	0.01229674
2.050781250000e-05	-0.00853681
2.054036458333e-05	-0.00968477
2.057291666667e-05	-0.00070268
2.060546875000e-05	0.00014191
2.063802083333e-05	-0.00413634
2.067057291667e-05	-0.01051816
2.070312500000e-05	-0.02091732
2.073567708333e-05	-0.02203213
2.076822916667e-05	-0.00473558
2.080078125000e-05	0.00900500
2.083333333333e-05	-0.00093780
2.086588541667e-05	-0.01686252
2.089843750000e-05	-0.01325231
2.093098958333e-05	0.00496464
2.096354166667e-05	0.01668980
2.099609375000e-05	0.01324402
2.102864583333e-05	0.00207303
2.106119791667e-05	-0.00419242
2.109375000000e-05	-0.00199082
2.112630208333e-05	0.00025165
2.115885416667e-05	-0.00011309
2.119140625000e-05	0.00538231
2.122395833333e-05	0.01503838
2.125651041667e-05	0.01609377
2.128906250000e-05	0.00922235
2.132161458333e-05	0.00335034
2.135416666667e-05	-0.00617816
2.138671875000e-05	-0.02139461
2.141927083333e-05	-0.02423052
2.145182291667e-05	-0.00745354
2.148437500000e-05	0.00531444
2.151692708333e-05	-0.00282380
2.154947916667e-05	-0.01521799
2.158203125000e-05	-0.01122461
2.161458333333e-05	0.00388187
2.164713541667e-05	0.00960284
2.167968750000e-05	-0.00371661
2.171223958333e-05	-0.02218307
2.174479166667e-05	-0.02299125
2.177734375000e-05	-0.00748549
2.180989583333e-05	-0.00271053
2.184244791667e-05	-0.01618861
2.187500000000e-05	-0.01852893
2.190755208333e-05	0.00554155
2.194010416667e-05	0.02334733
2.197265625000e-05	0.00536758
2.200520833333e-05	-0.02087902
2.203776041667e-05	-0.01211749
2.207031250000e-05	0.01773418
2.210286458333e-05	0.02015783
2.213541666667e-05	-0.00419332
2.216796875000e-05	-0.00900098
2.220052083333e-05	0.01329512
2.223307291667e-05	0.02408174
2.226562500000e-05	0.01596724
2.229817708333e-05	0.01781694
2.233072916667e-05	0.02631393
2.236328125000e-05	0.01501024
2.239583333333e-05	-0.00296846
2.242838541667e-05	-0.00085875
2.246093750000e-05	0.00429199
2.249348958333e-05	-0.00827587
2.252604166667e-05	-0.01458400
2.255859375000e-05	0.00249465
2.259114583333e-05	0.01530145
2.262369791667e-05	0.00808286
2.265625000000e-05	0.00294993
2.268880208333e-05	0.00669382
2.272135416667e-05	0.00128487
2.275390625000e-05	-0.00862716
2.278645833333e-05	-0.00215421
2.281901041667e-05	0.01392393
2.285156250000e-05	0.01765437
2.288411458333e-05	0.00872653
2.291666666667e-05	-0.00073325
2.294921875000e-05	-0.00772411
2.298177083333e-05	-0.01147989
2.301432291667e-05	-0.00811683
2.304687500000e-05	-0.00104436
2.307942708333e-05	0.00004017
2.311197916667e-05	-0.00660986
2.314453125000e-05	-0.01093540
2.317708333333e-05	-0.00462200
2.320963541667e-05	0.00366442
2.324218750000e-05	-0.00367036
2.327473958333e-05	-0.02396474
2.330729166667e-05	-0.03083444
2.333984375000e-05	-0.01311321
2.337239583333e-05	0.00523259
2.340494791667e-05	0.00093043
2.343750000000e-05	-0.01614248
2.347005208333e-05	-0.02236682
2.350260416667e-05	-0.01214643
2.353515625000e-05	0.00127626
2.356770833333e-05	0.00323087
2.360026041667e-05	-0.00779899
2.363281250000e-05	-0.01707568
2.366536458333e-05	-0.01128895
2.369791666667e-05	0.00151179
2.373046875000e-05	0.00607942
2.376302083333e-05	0.00749858
2.379557291667e-05	0.01709603
2.382812500000e-05	0.02098756
2.386067708333e-05	0.00197497
2.389322916667e-05	-0.01784303
2.392578125000e-05	-0.00597209
2.395833333333e-05	0.01950936
2.399088541667e-05	0.01568169
2.402343750000e-05	-0.01025501
2.405598958333e-05	-0.01557763
2.408854166667e-05	0.00259986
2.412109375000e-05	0.01200116
2.415364583333e-05	0.00689365
2.418619791667e-05	0.00456049
2.421875000000e-05	0.00470718
2.425130208333e-05	0.00158490
2.428385416667e-05	0.00470653
2.431640625000e-05	0.01437814
2.434895833333e-05	0.01378625
2.438151041667e-05	0.00006022
2.441406250000e-05	-0.01300789
2.444661458333e-05	-0.01801201
2.447916666667e-05	-0.01234666
2.451171875000e-05	0.00215360
2.454427083333e-05	0.00638192
2.457682291667e-05	-0.01048597
2.460937500000e-05	-0.02193426
2.464192708333e-05	-0.00691651
2.467447916667e-05	0.01008226
2.470703125000e-05	0.00740245
2.473958333333e-05	0.00370981
2.477213541667e-05	0.01100457
2.480468750000e-05	0.01247107
2.483723958333e-05	0.00604183
2.486979166667e-05	0.00647527
2.490234375000e-05	0.00813822
2.493489583333e-05	0.00130142
2.496744791667e-05	-0.00181117
2.500000000000e-05	0.00311987
2.503255208333e-05	0.00184638
2.506510416667e-05	-0.00198626
2.509765625000e-05	0.00540571
2.513020833333e-05	0.01124779
2.516276041667e-05	0.00231959
2.519531250000e-05	-0.00258277
2.522786458333e-05	0.00754132
2.526041666667e-05	0.01156124
2.529296875000e-05	0.00290217
2.532552083333e-05	0.00298975
2.535807291667e-05	0.01402243
2.539062500000e-05	0.01641852
2.542317708333e-05	0.01125734
2.545572916667e-05	0.01393863
2.548828125000e-05	0.01920527
2.552083333333e-05	0.01259341
2.555338541667e-05	-0.00085536
2.558593750000e-05	-0.00568668
2.561848958333e-05	0.00076209
2.565104166667e-05	0.00786088
2.568359375000e-05	0.00803689
2.571614583333e-05	0.00764508
2.574869791667e-05	0.01465557
2.578125000000e-05	0.01878310
2.581380208333e-05	0.00641129
2.584635416667e-05	-0.00823909
2.587890625000e-05	-0.00236478
2.591145833333e-05	0.01246776
2.594401041667e-05	0.01043766
2.597656250000e-05	-0.00020521
2.600911458333e-05	0.00309590
2.604166666667e-05	0.01198591
2.607421875000e-05	0.00874724
2.610677083333e-05	0.00166954
2.613932291667e-05	-0.00187972
2.617187500000e-05	-0.01527935
2.620442708333e-05	-0.03229283
2.623697916667e-05	-0.02176664
2.626953125000e-05	0.00986437
2.630208333333e-05	0.01578540
2.633463541667e-05	-0.00970370
2.636718750000e-05	-0.01917089
2.639973958333e-05	0.00272853
2.643229166667e-05	0.01773008
2.646484375000e-05	0.00739493
2.649739583333e-05	-0.00401780
2.652994791667e-05	-0.00180259
2.656250000000e-05	0.00432742
2.659505208333e-05	0.00769268
2.662760416667e-05	0.00506040
2.666015625000e-05	-0.00674341
2.669270833333e-05	-0.01490420
2.672526041667e-05	-0.00665888
2.675781250000e-05	0.00257977
2.679036458333e-05	-0.00236177
2.682291666667e-05	-0.00662088
2.685546875000e-05	-0.00051502
2.688802083333e-05	0.00083595
2.692057291667e-05	-0.00430891
2.695312500000e-05	-0.00238651
2.698567708333e-05	0.00019210
2.701822916667e-05	-0.00434806
2.705078125000e-05	-0.00174417
2.708333333333e-05	0.00507265
2.711588541667e-05	-0.00634536
2.714843750000e-05	-0.01981682
2.718098958333e-05	-0.00388469
2.721354166667e-05	0.01660889
2.724609375000e-05	0.00718065
2.727864583333e-05	-0.00381475
2.731119791667e-05	0.00994944
2.734375000000e-05	0.01565099
2.737630208333e-05	0.00034666
2.740885416667e-05	0.00091281
2.744140625000e-05	0.01634093
2.747395833333e-05	0.00872604
2.750651041667e-05	-0.01023121
2.753906250000e-05	-0.00807363
2.757161458333e-05	-0.00198814
2.760416666667e-05	-0.00654321
2.763671875000e-05	0.00537573
2.766927083333e-05	0.02720680
2.770182291667e-05	0.01527950
2.773437500000e-05	-0.01399725
2.776692708333e-05	-0.00624652
2.779947916667e-05	0.02265154
2.783203125000e-05	0.02014258
2.786458333333e-05	-0.00038939
2.789713541667e-05	0.00472177
2.792968750000e-05	0.02367817
2.796223958333e-05	0.01944738
2.799479166667e-05	-0.00421988
2.802734375000e-05	-0.01777035
2.805989583333e-05	-0.01072470
2.809244791667e-05	0.00191247
2.812500000000e-05	0.00146759
2.815755208333e-05	-0.01169789
2.819010416667e-05	-0.02116340
2.822265625000e-05	-0.02075486
2.825520833333e-05	-0.01768980
2.828776041667e-05	-0.01348174
2.832031250000e-05	-0.00895855
2.835286458333e-05	-0.01127500
2.838541666667e-05	-0.01313592
2.841796875000e-05	-0.00006197
2.845052083333e-05	0.01265057
2.848307291667e-05	0.00238586
2.851562500000e-05	-0.01162384
2.854817708333e-05	-0.00340912
2.858072916667e-05	0.00756231
2.861328125000e-05	0.00109891
2.864583333333e-05	0.00000746
2.867838541667e-05	0.01564398
2.871093750000e-05	0.01821118
2.874348958333e-05	0.00020445
2.877604166667e-05	-0.00580006
2.880859375000e-05	0.00665812
2.884114583333e-05	0.00811976
2.887369791667e-05	-0.00626061
2.890625000000e-05	-0.01165270
2.893880208333e-05	-0.00216646
2.897135416667e-05	0.00511656
2.900390625000e-05	0.00282971
2.903645833333e-05	-0.00039088
2.906901041667e-05	0.00499651
2.910156250000e-05	0.01819382
2.913411458333e-05	0.02427453
2.916666666667e-05	0.00999980
2.919921875000e-05	-0.01234275
2.923177083333e-05	-0.01785428
2.926432291667e-05	-0.00613611
2.929687500000e-05	0.00228278
2.932942708333e-05	0.00162893
2.936197916667e-05	0.00072077
2.939453125000e-05	-0.00274486
2.942708333333e-05	-0.01249546
2.945963541667e-05	-0.01347362
2.949218750000e-05	0.00217055
2.952473958333e-05	0.01142175
2.955729166667e-05	0.00002471
2.958984375000e-05	-0.00732690
2.962239583333e-05	0.00476799
2.965494791667e-05	0.00892904
2.968750000000e-05	-0.01012869
2.972005208333e-05	-0.02187380
2.975260416667e-05	-0.00867403
2.978515625000e-05	0.00281771
2.981770833333e-05	-0.00193505
2.985026041667e-05	-0.00219507
2.988281250000e-05	0.00748750
2.991536458333e-05	0.00675388
2.994791666667e-05	-0.00534756
2.998046875000e-05	-0.00914556
3.001302083333e-05	-0.00251919
3.004557291667e-05	-0.00001292
3.007812500000e-05	-0.00604183
3.011067708333e-05	-0.01230646
3.014322916667e-05	-0.01157489
3.017578125000e-05	-0.00779165
3.020833333333e-05	-0.01157833
3.024088541667e-05	-0.01796737
3.027343750000e-05	-0.00896992
3.030598958333e-05	0.00611739
3.033854166667e-05	-0.00250126
3.037109375000e-05	-0.02297504
3.040364583333e-05	-0.01473945
3.043619791667e-05	0.01095730
3.046875000000e-05	0.01033929
3.050130208333e-05	-0.00501870
3.053385416667e-05	0.00361616
3.056640625000e-05	0.01880368
3.059895833333e-05	0.00696646
3.063151041667e-05	-0.01006284
3.066406250000e-05	-0.00407845
3.069661458333e-05	0.00482860
3.072916666667e-05	-0.00170303
3.076171875000e-05	-0.00757618
3.079427083333e-05	-0.00507408
3.082682291667e-05	-0.00299704
3.085937500000e-05	0.00227822
3.089192708333e-05	0.00989805
3.092447916667e-05	0.00179329
3.095703125000e-05	-0.01766277
3.098958333333e-05	-0.01988245
3.102213541667e-05	-0.00423237
3.105468750000e-05	0.00455984
3.108723958333e-05	0.00395537
3.111979166667e-05	0.00502375
3.115234375000e-05	0.00063499
3.118489583333e-05	-0.01323748
3.121744791667e-05	-0.01770378
3.125000000000e-05	-0.00378911
3.128255208333e-05	0.00919519
3.131510416667e-05	0.00479387
3.134765625000e-05	-0.01066276
3.138020833333e-05	-0.02300910
3.141276041667e-05	-0.02371600
3.144531250000e-05	-0.01433014
3.147786458333e-05	-0.00838339
3.151041666667e-05	-0.01462562
3.154296875000e-05	-0.01818709
3.157552083333e-05	-0.00366045
3.160807291667e-05	0.00972150
3.164062500000e-05	-0.00477525
3.167317708333e-05	-0.02692958
3.170572916667e-05	-0.01620413
3.173828125000e-05	0.01334702
3.177083333333e-05	0.01268904
3.180338541667e-05	-0.01303406
3.183593750000e-05	-0.01457819
3.186848958333e-05	0.00969528
3.190104166667e-05	0.01827150
3.193359375000e-05	0.00759835
3.196614583333e-05	0.00311470
3.199869791667e-05	-0.00277212
3.203125000000e-05	-0.02436836
3.206380208333e-05	-0.03580629
3.209635416667e-05	-0.01696806
3.212890625000e-05	0.00384291
3.216145833333e-05	-0.00018238
3.219401041667e-05	-0.01384166
3.222656250000e-05	-0.01391338
3.225911458333e-05	0.00002009
3.229166666667e-05	0.01351036
3.232421875000e-05	0.01294311
3.235677083333e-05	0.00379458
3.238932291667e-05	0.00695144
3.242187500000e-05	0.01854611
3.245442708333e-05	0.01121408
3.248697916667e-05	-0.00876337
3.251953125000e-05	-0.00974350
3.255208333333e-05	-0.00126045
3.258463541667e-05	-0.01131336
3.261718750000e-05	-0.02058414
3.264973958333e-05	-0.00538153
3.268229166667e-05	0.00506584
3.271484375000e-05	-0.00827384
3.274739583333e-05	-0.01050445
3.277994791667e-05	0.01056786
3.281250000000e-05	0.01715704
3.284505208333e-05	0.00078832
3.287760416667e-05	-0.00655139
3.291015625000e-05	-0.00042975
3.294270833333e-05	0.00033727
3.297526041667e-05	-0.00092541
3.300781250000e-05	0.00231694
3.304036458333e-05	0.00043775
3.307291666667e-05	-0.00325641
3.310546875000e-05	0.00387800
3.313802083333e-05	0.01169402
3.317057291667e-05	0.00653861
3.320312500000e-05	-0.00045481
3.323567708333e-05	0.00211958
3.326822916667e-05	0.00704785
3.330078125000e-05	0.00738566
3.333333333333e-05	0.00292259
3.336588541667e-05	-0.00410724
3.339843750000e-05	-0.00262654
3.343098958333e-05	0.01158964
3.346354166667e-05	0.01678396
3.349609375000e-05	-0.00119200
3.352864583333e-05	-0.01888137
3.356119791667e-05	-0.01560590
3.359375000000e-05	-0.00563703
3.362630208333e-05	-0.00321313
3.365885416667e-05	-0.00196516
3.369140625000e-05	-0.00055115
3.372395833333e-05	-0.00362077
3.375651041667e-05	-0.00415474
3.378906250000e-05	-0.00097960
3.382161458333e-05	-0.00885740
3.385416666667e-05	-0.02534884
3.388671875000e-05	-0.02475805
3.391927083333e-05	-0.00312606
3.395182291667e-05	0.01038971
3.398437500000e-05	0.00038629
3.401692708333e-05	-0.01184980
3.404947916667e-05	-0.00576392
3.408203125000e-05	0.00629404
3.411458333333e-05	0.00369773
3.414713541667e-05	-0.00714087
3.417968750000e-05	-0.00999160
3.421223958333e-05	-0.01157441
3.424479166667e-05	-0.02109532
3.427734375000e-05	-0.02254676
3.430989583333e-05	-0.00818747
3.434244791667e-05	-0.00170736
3.437500000000e-05	-0.00960245
3.440755208333e-05	-0.00545692
3.444010416667e-05	0.00846740
3.447265625000e-05	-0.00032356
3.450520833333e-05	-0.02029042
3.453776041667e-05	-0.01036810
3.457031250000e-05	0.01498257
3.460286458333e-05	0.01075503
3.463541666667e-05	-0.01190661
3.466796875000e-05	-0.01486220
3.470052083333e-05	-0.00737332
3.473307291667e-05	-0.01245487
3.476562500000e-05	-0.01316306
3.479817708333e-05	0.00392824
3.483072916667e-05	0.01074796
3.486328125000e-05	-0.00842612
3.489583333333e-05	-0.02219838
3.492838541667e-05	-0.00886011
3.496093750000e-05	0.00322861
3.499348958333e-05	-0.01110964
3.502604166667e-05	-0.02328877
3.505859375000e-05	-0.00014471
3.509114583333e-05	0.02941735
3.512369791667e-05	0.01804361
3.515625000000e-05	-0.01468681
3.518880208333e-05	-0.01411593
3.522135416667e-05	0.01469964
3.525390625000e-05	0.02342135
3.528645833333e-05	0.00541679
3.531901041667e-05	-0.01005314
3.535156250000e-05	-0.01418435
3.538411458333e-05	-0.01205863
3.541666666667e-05	-0.00309948
3.544921875000e-05	0.00265139
3.548177083333e-05	-0.00317143
3.551432291667e-05	-0.00423178
3.554687500000e-05	0.00559497
3.557942708333e-05	0.00443807
3.561197916667e-05	-0.00676331
3.564453125000e-05	-0.00242466
3.567708333333e-05	0.00793435
3.570963541667e-05	-0.00091622
3.574218750000e-05	-0.01120521
3.577473958333e-05	-0.00417565
3.580729166667e-05	-0.00670861
3.583984375000e-05	-0.02668570
3.587239583333e-05	-0.02406125
3.590494791667e-05	0.00569814
3.593750000000e-05	0.01725421
3.597005208333e-05	0.00435725
3.600260416667e-05	0.00363917
3.603515625000e-05	0.01729343
3.606770833333e-05	0.01992316
3.610026041667e-05	0.01428625
3.613281250000e-05	0.01460507
3.616536458333e-05	0.01323500
3.619791666667e-05	0.00322091
3.623046875000e-05	-0.00457015
3.626302083333e-05	-0.00330087
3.629557291667e-05	-0.00062912
3.632812500000e-05	-0.00424443
3.636067708333e-05	-0.00970205
3.639322916667e-05	-0.00571154
3.642578125000e-05	0.00483915
3.645833333333e-05	0.00438776
3.649088541667e-05	-0.00450444
3.652343750000e-05	0.00021606
3.655598958333e-05	0.01051687
3.658854166667e-05	-0.00095746
3.662109375000e-05	-0.01838139
3.665364583333e-05	-0.00964844
3.668619791667e-05	0.00512961
3.671875000000e-05	-0.00179318
3.675130208333e-05	-0.00469148
3.678385416667e-05	0.01182871
3.681640625000e-05	0.01120318
3.684895833333e-05	-0.01216796
3.688151041667e-05	-0.01459625
3.691406250000e-05	0.00361207
3.694661458333e-05	0.00241614
3.697916666667e-05	-0.01055024
3.701171875000e-05	-0.00658080
3.704427083333e-05	-0.00248574
3.707682291667e-05	-0.01301734
3.710937500000e-05	-0.01266291
3.714192708333e-05	0.00230081
3.717447916667e-05	0.00412158
3.720703125000e-05	-0.00264779
3.723958333333e-05	0.00289003
3.727213541667e-05	0.00635507
3.730468750000e-05	-0.00363384
3.733723958333e-05	-0.00335380
3.736979166667e-05	0.01181249
3.740234375000e-05	0.01312775
3.743489583333e-05	-0.00328817
3.746744791667e-05	-0.01192275
3.750000000000e-05	-0.00251787
3.753255208333e-05	0.01678718
3.756510416667e-05	0.03114999
3.759765625000e-05	0.02090423
3.763020833333e-05	-0.00796206
3.766276041667e-05	-0.01767508
3.769531250000e-05	-0.00044240
3.772786458333e-05	0.00740115
3.776041666667e-05	-0.00328248
3.779296875000e-05	-0.00301455
3.782552083333e-05	0.01175767
3.785807291667e-05	0.01848847
3.789062500000e-05	0.01510217
3.792317708333e-05	0.00823475
3.795572916667e-05	-0.00335632
3.798828125000e-05	-0.00400351
3.802083333333e-05	0.01958929
3.805338541667e-05	0.03746762
3.808593750000e-05	0.02253482
3.811848958333e-05	0.00204952
3.815104166667e-05	0.00134157
3.818359375000e-05	-0.00103599
3.821614583333e-05	-0.01515241
3.824869791667e-05	-0.01506066
3.828125000000e-05	0.00212482
3.831380208333e-05	0.01006814
3.834635416667e-05	0.00521992
3.837890625000e-05	0.00072683
3.841145833333e-05	-0.00465611
3.844401041667e-05	-0.00801380
3.847656250000e-05	0.00235754
3.850911458333e-05	0.01513179
3.854166666667e-05	0.01097452
3.857421875000e-05	-0.00012228
3.860677083333e-05	-0.00309288
3.863932291667e-05	-0.00500136
3.867187500000e-05	-0.00537967
3.870442708333e-05	0.00820799
3.873697916667e-05	0.02200099
3.876953125000e-05	0.01367039
3.880208333333e-05	-0.00160380
3.883463541667e-05	-0.00031631
3.886718750000e-05	0.00586007
3.889973958333e-05	0.00273676
3.893229166667e-05	0.00186256
3.896484375000e-05	0.00666483
3.899739583333e-05	0.00545970
3.902994791667e-05	0.00429045
3.906250000000e-05	0.01230545
3.909505208333e-05	0.01395575
3.912760416667e-05	0.00356719
3.916015625000e-05	0.00521335
3.919270833333e-05	0.02139935
3.922526041667e-05	0.02028890
3.925781250000e-05	-0.00295223
3.929036458333e-05	-0.01617363
3.932291666667e-05	-0.00859221
3.935546875000e-05	0.00030710
3.938802083333e-05	0.00082905
3.942057291667e-05	-0.00424586
3.945312500000e-05	-0.01348161
3.948567708333e-05	-0.01685179
3.951822916667e-05	-0.00594798
3.955078125000e-05	0.00264073
3.958333333333e-05	-0.00639446
3.961588541667e-05	-0.01626482
3.964843750000e-05	-0.01123640
3.968098958333e-05	-0.00345906
3.971354166667e-05	0.00085860
3.974609375000e-05	0.01101641
3.977864583333e-05	0.01659250
3.981119791667e-05	0.00189419
3.984375000000e-05	-0.01331497
3.987630208333e-05	-0.00709205
3.990885416667e-05	0.00174935
3.994140625000e-05	-0.00293899
3.997395833333e-05	-0.00096358
4.000651041667e-05	0.01221490
4.003906250000e-05	0.00878341
4.007161458333e-05	-0.00898165
4.010416666667e-05	-0.00724378
4.013671875000e-05	0.01026473
4.016927083333e-05	0.01104272
4.020182291667e-05	0.00035467
4.023437500000e-05	0.00490118
4.026692708333e-05	0.01771828
4.029947916667e-05	0.01929981
4.033203125000e-05	0.01316503
4.036458333333e-05	0.00304289
4.039713541667e-05	-0.01334113
4.042968750000e-05	-0.01631324
4.046223958333e-05	0.00853889
4.049479166667e-05	0.02788911
4.052734375000e-05	0.01029786
4.055989583333e-05	-0.01525924
4.059244791667e-05	-0.01247554
4.062500000000e-05	0.00124739
4.065755208333e-05	0.00064596
4.069010416667e-05	-0.00243448
4.072265625000e-05	-0.00029492
4.075520833333e-05	-0.00781548
4.078776041667e-05	-0.01704111
4.082031250000e-05	-0.00338812
4.085286458333e-05	0.01906520
4.088541666667e-05	0.01767771
4.091796875000e-05	0.00296161
4.095052083333e-05	0.00455439
4.098307291667e-05	0.01274615
4.101562500000e-05	0.00426765
4.104817708333e-05	-0.00820740
4.108072916667e-05	-0.00436687
4.111328125000e-05	0.00286279
4.114583333333e-05	-0.00346856
4.117838541667e-05	-0.00992708
4.121093750000e-05	-0.00000914
4.124348958333e-05	0.01471339
4.127604166667e-05	0.01487587
4.130859375000e-05	0.00120635
4.134114583333e-05	-0.01402044
4.137369791667e-05	-0.02409664
4.140625000000e-05	-0.02441283
4.143880208333e-05	-0.01026841
4.147135416667e-05	0.00875999
4.150390625000e-05	0.01091260
4.153645833333e-05	-0.00589976
4.156901041667e-05	-0.01616024
4.160156250000e-05	-0.00756548
4.163411458333e-05	-0.00033384
4.166666666667e-05	-0.00714924
4.169921875000e-05	-0.01200888
4.173177083333e-05	-0.00765135
4.176432291667e-05	-0.00930298
4.179687500000e-05	-0.01675145
4.182942708333e-05	-0.01065673
4.186197916667e-05	0.00735812
4.189453125000e-05	0.01636948
4.192708333333e-05	0.01172079
4.195963541667e-05	0.00258264
4.199218750000e-05	-0.00598074
4.202473958333e-05	-0.00725774
4.205729166667e-05	-0.00104042
4.208984375000e-05	-0.00652255
4.212239583333e-05	-0.02598503
4.215494791667e-05	-0.02354175
4.218750000000e-05	0.01120512
4.222005208333e-05	0.03024342
4.225260416667e-05	0.00842656
4.228515625000e-05	-0.01146672
4.231770833333e-05	0.00048926
4.235026041667e-05	0.01408755
4.238281250000e-05	0.00569969
4.241536458333e-05	-0.00520526
4.244791666667e-05	-0.00435632
4.248046875000e-05	-0.00206137
4.251302083333e-05	-0.00357525
4.254557291667e-05	-0.00570970
4.257812500000e-05	-0.00760964
4.261067708333e-05	-0.00328456
4.264322916667e-05	0.00901892
4.267578125000e-05	0.01204516
4.270833333333e-05	-0.00245681
4.274088541667e-05	-0.01250848
4.277343750000e-05	-0.00401833
4.280598958333e-05	0.00542019
4.283854166667e-05	0.00406941
4.287109375000e-05	0.00406426
4.290364583333e-05	0.00887992
4.293619791667e-05	0.00647558
4.296875000000e-05	-0.00196463
4.300130208333e-05	-0.00435192
4.303385416667e-05	-0.00390495
4.306640625000e-05	-0.01283686
4.309895833333e-05	-0.02641727
4.313151041667e-05	-0.02521161
4.316406250000e-05	-0.00279840
4.319661458333e-05	0.02039622
4.322916666667e-05	0.01981643
4.326171875000e-05	0.00054556
4.329427083333e-05	-0.00999644
4.332682291667e-05	-0.00471709
4.335937500000e-05	-0.00360158
4.339192708333e-05	-0.01324931
4.342447916667e-05	-0.01529264
4.345703125000e-05	-0.00250232
4.348958333333e-05	0.00887480
4.352213541667e-05	0.00915859
4.355468750000e-05	0.00636322
4.358723958333e-05	0.00480624
4.361979166667e-05	0.00083692
4.365234375000e-05	0.00012761
4.368489583333e-05	0.01205567
4.371744791667e-05	0.02610055
4.375000000000e-05	0.02172758
4.378255208333e-05	0.00363504
4.381510416667e-05	-0.00468168
4.384765625000e-05	-0.00351296
4.388020833333e-05	-0.01194584
4.391276041667e-05	-0.02167364
4.394531250000e-05	-0.00977947
4.397786458333e-05	0.00719670
4.401041666667e-05	-0.00269547
4.404296875000e-05	-0.02114066
4.407552083333e-05	-0.01094685
4.410807291667e-05	0.01115642
4.414062500000e-05	0.00900113
4.417317708333e-05	-0.00342323
4.420572916667e-05	0.00124225
4.423828125000e-05	0.00756222
4.427083333333e-05	-0.00137019
4.430338541667e-05	-0.00556524
4.433593750000e-05	0.00561093
4.436848958333e-05	0.01126503
4.440104166667e-05	0.00534714
4.443359375000e-05	0.00547183
4.446614583333e-05	0.01309412
4.449869791667e-05	0.01503414
4.453125000000e-05	0.01140327
4.456380208333e-05	0.00734701
4.459635416667e-05	0.00030258
4.462890625000e-05	-0.00715717
4.466145833333e-05	-0.00736627
4.469401041667e-05	-0.00204468
4.472656250000e-05	0.00271191
4.475911458333e-05	0.00537520
4.479166666667e-05	0.00512505
4.482421875000e-05	0.00497307
4.485677083333e-05	0.01146934
4.488932291667e-05	0.01712979
4.492187500000e-05	0.00651114
4.495442708333e-05	-0.01151936
4.498697916667e-05	-0.01212298
4.501953125000e-05	0.00447581
4.505208333333e-05	0.01745454
4.508463541667e-05	0.02034306
4.511718750000e-05	0.01834672
4.514973958333e-05	0.01114482
4.518229166667e-05	0.00252937
4.521484375000e-05	0.00190544
4.524739583333e-05	0.00535241
4.527994791667e-05	0.00075062
4.531250000000e-05	-0.01069051
4.534505208333e-05	-0.01847611
4.537760416667e-05	-0.01655792
4.541015625000e-05	-0.00471084
4.544270833333e-05	0.00596181
4.547526041667e-05	-0.00296544
4.550781250000e-05	-0.02587735
4.554036458333e-05	-0.02938538
4.557291666667e-05	-0.00341958
4.560546875000e-05	0.01821193
4.563802083333e-05	0.01073769
4.567057291667e-05	-0.00662452
4.570312500000e-05	-0.00816105
4.573567708333e-05	0.00207096
4.576822916667e-05	0.00752559
4.580078125000e-05	0.00473059
4.583333333333e-05	-0.00008370
4.586588541667e-05	-0.00247849
4.589843750000e-05	-0.00130701
4.593098958333e-05	0.00230982
4.596354166667e-05	0.00483933
4.599609375000e-05	0.00385555
4.602864583333e-05	0.00200741
4.606119791667e-05	0.00229116
4.609375000000e-05	0.00041818
4.612630208333e-05	-0.00782859
4.615885416667e-05	-0.01312266
4.619140625000e-05	-0.00410763
4.622395833333e-05	0.00935826
4.625651041667e-05	0.00873543
4.628906250000e-05	-0.00037344
4.632161458333e-05	0.00320525
4.635416666667e-05	0.01853059
4.638671875000e-05	0.02275481
4.641927083333e-05	0.00740225
4.645182291667e-05	-0.00773400
4.648437500000e-05	0.00039168
4.651692708333e-05	0.02667664
4.654947916667e-05	0.03915628
4.658203125000e-05	0.02183552
4.661458333333e-05	0.00095879
4.664713541667e-05	0.00124683
4.667968750000e-05	0.00306946
4.671223958333e-05	-0.01390852
4.674479166667e-05	-0.02440571
4.677734375000e-05	-0.00728490
4.680989583333e-05	0.00933116
4.684244791667e-05	0.00306232
4.687500000000e-05	-0.00414931
4.690755208333e-05	0.00009679
4.694010416667e-05	-0.00257229
4.697265625000e-05	-0.01037220
4.700520833333e-05	-0.00395786
4.703776041667e-05	0.00574883
4.707031250000e-05	0.00224475
4.710286458333e-05	0.00294642
4.713541666667e-05	0.01540784
4.716796875000e-05	0.01220717
4.720052083333e-05	-0.00833047
4.723307291667e-05	-0.01134646
4.726562500000e-05	0.00506340
4.729817708333e-05	0.01132950
4.733072916667e-05	0.00981184
4.736328125000e-05	0.01709041
4.739583333333e-05	0.01662783
4.742838541667e-05	-0.00231783
4.746093750000e-05	-0.01263669
4.749348958333e-05	-0.00390889
4.752604166667e-05	-0.00049022
4.755859375000e-05	-0.00354870
4.759114583333e-05	0.00924068
4.762369791667e-05	0.02865758
4.765625000000e-05	0.02935347
4.768880208333e-05	0.01727690
4.772135416667e-05	0.00898730
4.775390625000e-05	0.00396323
4.778645833333e-05	0.00500846
4.781901041667e-05	0.01548705
4.785156250000e-05	0.01727177
4.788411458333e-05	0.00291021
4.791666666667e-05	-0.00093512
4.794921875000e-05	0.01378051
4.798177083333e-05	0.01667577
4.801432291667e-05	0.00173349
4.804687500000e-05	-0.00331441
4.807942708333e-05	-0.00001102
4.811197916667e-05	-0.01097577
4.814453125000e-05	-0.02161787
4.817708333333e-05	-0.00837339
4.820963541667e-05	0.00774065
4.824218750000e-05	0.00168207
4.827473958333e-05	-0.00950492
4.830729166667e-05	-0.00705854
4.833984375000e-05	-0.00159106
4.837239583333e-05	-0.00135280
4.840494791667e-05	-0.00165919
4.843750000000e-05	-0.00385322
4.847005208333e-05	-0.00575376
4.850260416667e-05	0.00152529
4.853515625000e-05	0.00799448
4.856770833333e-05	-0.00108382
4.860026041667e-05	-0.00915083
4.863281250000e-05	0.00237261
4.866536458333e-05	0.01500150
4.869791666667e-05	0.01158216
4.873046875000e-05	0.00747974
4.876302083333e-05	0.00822534
4.879557291667e-05	-0.00253594
4.882812500000e-05	-0.01677662
4.886067708333e-05	-0.01169270
4.889322916667e-05	0.00131299
4.892578125000e-05	0.00175034
4.895833333333e-05	0.00288351
4.899088541667e-05	0.01456801
4.902343750000e-05	0.01384747
4.905598958333e-05	-0.00633688
4.908854166667e-05	-0.01785309
4.912109375000e-05	-0.00823112
4.915364583333e-05	0.00583747
4.918619791667e-05	0.01445200
4.921875000000e-05	0.01591828
4.925130208333e-05	0.00290077
4.928385416667e-05	-0.01849229
4.931640625000e-05	-0.02704747
4.934895833333e-05	-0.01959105
4.938151041667e-05	-0.01222976
4.941406250000e-05	-0.01175138
4.944661458333e-05	-0.01427734
4.947916666667e-05	-0.01630557
4.951171875000e-05	-0.01237462
4.954427083333e-05	-0.00274454
4.957682291667e-05	0.00226828
4.960937500000e-05	0.00362696
4.964192708333e-05	0.01191523
4.967447916667e-05	0.01756626
4.970703125000e-05	0.00778078
4.973958333333e-05	0.00142842
4.977213541667e-05	0.01226597
4.980468750000e-05	0.01326462
4.983723958333e-05	-0.00661398
4.986979166667e-05	-0.01119302
4.990234375000e-05	0.00932500
4.993489583333e-05	0.01476948
4.996744791667e-05	-0.00316379
5.000000000000e-05	-0.00782846
5.003255208333e-05	0.00434927
5.006510416667e-05	0.00570519
5.009765625000e-05	0.00206241
5.013020833333e-05	0.01269622
5.016276041667e-05	0.02160613
5.019531250000e-05	0.01209580
5.022786458333e-05	0.00045418
5.026041666667e-05	-0.00199771
5.029296875000e-05	-0.00574185
5.032552083333e-05	-0.01087779
5.035807291667e-05	-0.00820010
5.039062500000e-05	-0.00380847
5.042317708333e-05	-0.00687949
5.045572916667e-05	-0.01149547
5.048828125000e-05	-0.00702577
5.052083333333e-05	0.00865673
5.055338541667e-05	0.02253574
5.058593750000e-05	0.01462384
5.061848958333e-05	-0.00719153
5.065104166667e-05	-0.00867541
5.068359375000e-05	0.00811946
5.071614583333e-05	0.00452934
5.074869791667e-05	-0.01170542
5.078125000000e-05	0.00395783
5.081380208333e-05	0.03478149
5.084635416667e-05	0.02841025
5.087890625000e-05	0.00115061
5.091145833333e-05	-0.00191422
5.094401041667e-05	0.00106176
5.097656250000e-05	-0.01614063
5.100911458333e-05	-0.02353457
5.104166666667e-05	-0.00673335
5.107421875000e-05	-0.00070083
5.110677083333e-05	-0.01167823
5.113932291667e-05	-0.01253124
5.117187500000e-05	-0.00834377
5.120442708333e-05	-0.01102380
5.123697916667e-05	-0.00083842
5.126953125000e-05	0.01875160
5.130208333333e-05	0.01302115
5.133463541667e-05	-0.00875072
5.136718750000e-05	-0.00829622
5.139973958333e-05	0.00731264
5.143229166667e-05	0.01476698
5.146484375000e-05	0.02017090
5.149739583333e-05	0.01784552
5.152994791667e-05	-0.00805526
5.156250000000e-05	-0.02742529
5.159505208333e-05	-0.00991993
5.162760416667e-05	0.00932040
5.166015625000e-05	-0.00047565
5.169270833333e-05	-0.01027592
5.172526041667e-05	-0.00519139
5.175781250000e-05	-0.00647259
5.179036458333e-05	-0.00630111
5.182291666667e-05	0.00798633
5.185546875000e-05	0.00580986
5.188802083333e-05	-0.01795323
5.192057291667e-05	-0.01805742
5.195312500000e-05	0.00338274
5.198567708333e-05	0.00104478
5.201822916667e-05	-0.00980433
5.205078125000e-05	0.00734679
5.208333333333e-05	0.02027132
5.211588541667e-05	0.00279441
5.214843750000e-05	-0.00116006
5.218098958333e-05	0.02256233
5.221354166667e-05	0.02566604
5.224609375000e-05	0.00295319
5.227864583333e-05	-0.00637591
5.231119791667e-05	-0.00512711
5.234375000000e-05	-0.00916329
5.237630208333e-05	-0.00146674
5.240885416667e-05	0.00936884
5.244140625000e-05	-0.00880425
5.247395833333e-05	-0.02932744
5.250651041667e-05	-0.00950921
5.253906250000e-05	0.01762906
5.257161458333e-05	0.01172291
5.260416666667e-05	0.00496726
5.263671875000e-05	0.02038079
5.266927083333e-05	0.02067397
5.270182291667e-05	-0.00253915
5.273437500000e-05	-0.00753276
5.276692708333e-05	0.00887546
5.279947916667e-05	0.01012239
5.283203125000e-05	-0.00446699
5.286458333333e-05	-0.00910712
5.289713541667e-05	-0.00629309
5.292968750000e-05	-0.01262264
5.296223958333e-05	-0.02118735
5.299479166667e-05	-0.01415473
5.302734375000e-05	0.00344670
5.305989583333e-05	0.00432116
5.309244791667e-05	-0.01852780
5.312500000000e-05	-0.03002675
5.315755208333e-05	-0.00775175
5.319010416667e-05	0.01307632
5.322265625000e-05	0.00247544
5.325520833333e-05	-0.00862427
5.328776041667e-05	0.00295139
5.332031250000e-05	0.00333732
5.335286458333e-05	-0.02120918
5.338541666667e-05	-0.02824274
5.341796875000e-05	-0.00223205
5.345052083333e-05	0.01851682
5.348307291667e-05	0.01486057
5.351562500000e-05	0.00533854
5.354817708333e-05	0.00064670
5.358072916667e-05	-0.00028019
5.361328125000e-05	0.00528973
5.364583333333e-05	0.01195983
5.367838541667e-05	0.00951953
5.371093750000e-05	0.00104358
5.374348958333e-05	-0.00496456
5.377604166667e-05	-0.00430566
5.380859375000e-05	0.00360475
5.384114583333e-05	0.00546372
5.387369791667e-05	-0.01233975
5.390625000000e-05	-0.02915802
5.393880208333e-05	-0.01841125
5.397135416667e-05	0.00020409
5.400390625000e-05	-0.00128081
5.403645833333e-05	-0.00781301
5.406901041667e-05	-0.00514207
5.410156250000e-05	-0.00880544
5.413411458333e-05	-0.01455455
5.416666666667e-05	-0.00236984
5.419921875000e-05	0.01215401
5.423177083333e-05	0.01131345
5.426432291667e-05	0.01288437
5.429687500000e-05	0.01540040
5.432942708333e-05	-0.00331085
5.436197916667e-05	-0.01401818
5.439453125000e-05	0.01507855
5.442708333333e-05	0.03045903
5.445963541667e-05	-0.01051963
5.449218750000e-05	-0.04208972
5.452473958333e-05	-0.01483616
5.455729166667e-05	0.01215371
5.458984375000e-05	-0.00064875
5.462239583333e-05	-0.00872475
5.465494791667e-05	0.00285688
5.468750000000e-05	-0.00075343
5.472005208333e-05	-0.01122672
5.475260416667e-05	0.00006517
5.478515625000e-05	0.01305672
5.481770833333e-05	0.00857036
5.485026041667e-05	0.00640811
5.488281250000e-05	0.00715810
5.491536458333e-05	-0.00841248
5.494791666667e-05	-0.02121637
5.498046875000e-05	-0.00506770
5.501302083333e-05	0.01815107
5.504557291667e-05	0.02124509
5.507812500000e-05	0.01643438
5.511067708333e-05	0.02099414
5.514322916667e-05	0.02983309
5.517578125000e-05	0.02957014
5.520833333333e-05	0.01062481
5.524088541667e-05	-0.01674943
5.527343750000e-05	-0.02148024
5.530598958333e-05	0.00000521
5.533854166667e-05	0.00905391
5.537109375000e-05	-0.00753999
5.540364583333e-05	-0.01480235
5.543619791667e-05	0.00102291
5.546875000000e-05	0.01197754
5.550130208333e-05	0.00713673
5.553385416667e-05	0.00454964
5.556640625000e-05	0.00953760
5.559895833333e-05	0.01130836
5.563151041667e-05	0.00684931
5.566406250000e-05	0.00170047
5.569661458333e-05	0.00121489
5.572916666667e-05	0.00418868
5.576171875000e-05	0.00040219
5.579427083333e-05	-0.01197322
5.582682291667e-05	-0.01698289
5.585937500000e-05	-0.00772246
5.589192708333e-05	0.00295015
5.592447916667e-05	0.00923368
5.595703125000e-05	0.01409845
5.598958333333e-05	0.01104424
5.602213541667e-05	0.00052512
5.605468750000e-05	-0.00261472
5.608723958333e-05	-0.00118872
5.611979166667e-05	-0.00882262
5.615234375000e-05	-0.01193899
5.618489583333e-05	0.00251188
5.621744791667e-05	0.00895124
5.625000000000e-05	-0.00861610
5.628255208333e-05	-0.02112479
5.631510416667e-05	-0.01085063
5.634765625000e-05	0.00148937
5.638020833333e-05	0.00343698
5.641276041667e-05	-0.00021397
5.644531250000e-05	-0.01051193
5.647786458333e-05	-0.01660555
5.651041666667e-05	-0.00041666
5.654296875000e-05	0.01782555
5.657552083333e-05	0.00687129
5.660807291667e-05	-0.01209946
5.664062500000e-05	-0.00675802
5.667317708333e-05	0.00244828
5.670572916667e-05	-0.00762635
5.673828125000e-05	-0.01255861
5.677083333333e-05	0.00349736
5.680338541667e-05	0.01428278
5.683593750000e-05	0.00670154
5.686848958333e-05	0.00126607
5.690104166667e-05	0.00743436
5.693359375000e-05	0.01066622
5.696614583333e-05	-0.00013531
5.699869791667e-05	-0.01923987
5.703125000000e-05	-0.03011619
5.706380208333e-05	-0.02403577
5.709635416667e-05	-0.01357416
5.712890625000e-05	-0.00889058
5.716145833333e-05	0.00284852
5.719401041667e-05	0.02416876
5.722656250000e-05	0.02954967
5.725911458333e-05	0.01252949
5.729166666667e-05	0.00155849
5.732421875000e-05	0.00799622
5.735677083333e-05	0.01173082
5.738932291667e-05	0.00325089
5.742187500000e-05	-0.00664539
5.745442708333e-05	-0.00916184
5.748697916667e-05	-0.00212379
5.751953125000e-05	0.00801328
5.755208333333e-05	0.00710500
5.758463541667e-05	-0.00325030
5.761718750000e-05	-0.00593794
5.764973958333e-05	-0.00210270
5.768229166667e-05	-0.00487219
5.771484375000e-05	-0.00785527
5.774739583333e-05	-0.00426785
5.777994791667e-05	-0.00706564
5.781250000000e-05	-0.01557847
5.784505208333e-05	-0.01158456
5.787760416667e-05	-0.00123072
5.791015625000e-05	-0.00182186
5.794270833333e-05	-0.00330132
5.797526041667e-05	0.00159431
5.800781250000e-05	-0.00536281
5.804036458333e-05	-0.02073662
5.807291666667e-05	-0.01620553
5.810546875000e-05	0.00330875
5.813802083333e-05	0.01075106
5.817057291667e-05	0.00934200
5.820312500000e-05	0.01031156
5.823567708333e-05	0.00307684
5.826822916667e-05	-0.00973550
5.830078125000e-05	-0.00842271
5.833333333333e-05	0.00029879
5.836588541667e-05	-0.00124272
5.839843750000e-05	-0.00243534
5.843098958333e-05	0.00715304
5.846354166667e-05	0.01275163
5.849609375000e-05	0.00820123
5.852864583333e-05	0.00378772
5.856119791667e-05	-0.00160169
5.859375000000e-05	-0.01058262
5.862630208333e-05	-0.01210255
5.865885416667e-05	-0.00353151
5.869140625000e-05	0.00611318
5.872395833333e-05	0.01369518
5.875651041667e-05	0.01213733
5.878906250000e-05	-0.00433213
5.882161458333e-05	-0.01178925
5.885416666667e-05	0.00967536
5.888671875000e-05	0.02815001
5.891927083333e-05	0.01327649
5.895182291667e-05	-0.00773328
5.898437500000e-05	-0.00818527
5.901692708333e-05	-0.00465518
5.904947916667e-05	-0.00447316
5.908203125000e-05	0.00330541
5.911458333333e-05	0.00278746
5.914713541667e-05	-0.01653465
5.917968750000e-05	-0.02040194
5.921223958333e-05	0.00446875
5.924479166667e-05	0.01607066
5.927734375000e-05	-0.00244629
5.930989583333e-05	-0.01599104
5.934244791667e-05	-0.01060270
5.937500000000e-05	-0.00738974
5.940755208333e-05	-0.01187886
5.944010416667e-05	-0.01421653
5.947265625000e-05	-0.01171011
5.950520833333e-05	-0.00198096
5.953776041667e-05	0.00926936
5.957031250000e-05	0.00424964
5.960286458333e-05	-0.01076425
5.963541666667e-05	-0.00987924
5.966796875000e-05	-0.00152296
5.970052083333e-05	-0.00994068
5.973307291667e-05	-0.01725857
5.976562500000e-05	-0.00230653
5.979817708333e-05	0.00490529
5.983072916667e-05	-0.01759947
5.986328125000e-05	-0.03213321
5.989583333333e-05	-0.00937308
5.992838541667e-05	0.02029802
5.996093750000e-05	0.02302034
5.999348958333e-05	0.00869319
6.002604166667e-05	0.00272353
6.005859375000e-05	0.01045015
6.009114583333e-05	0.01573893
6.012369791667e-05	0.00519164
6.015625000000e-05	-0.00637820
6.018880208333e-05	0.00356894
6.022135416667e-05	0.01989528
6.025390625000e-05	0.01065060
6.028645833333e-05	-0.01310258
6.031901041667e-05	-0.01546334
6.035156250000e-05	0.00126636
6.038411458333e-05	0.00717320
6.041666666667e-05	-0.00260813
6.044921875000e-05	-0.00858705
6.048177083333e-05	-0.00017073
6.051432291667e-05	0.01405106
6.054687500000e-05	0.01715685
6.057942708333e-05	0.00490959
6.061197916667e-05	-0.00477554
6.064453125000e-05	0.00020993
6.067708333333e-05	0.00505407
6.070963541667e-05	-0.00109334
6.074218750000e-05	-0.00380981
6.077473958333e-05	0.00406483
6.080729166667e-05	0.00712247
6.083984375000e-05	-0.00041780
6.087239583333e-05	-0.00429198
6.090494791667e-05	0.00356470
6.093750000000e-05	0.01420482
6.097005208333e-05	0.01386678
6.100260416667e-05	0.00036896
6.103515625000e-05	-0.00812160
6.106770833333e-05	0.00338432
6.110026041667e-05	0.01590936
6.113281250000e-05	0.00414792
6.116536458333e-05	-0.01845505
6.119791666667e-05	-0.02452306
6.123046875000e-05	-0.01327411
6.126302083333e-05	0.00700015
6.129557291667e-05	0.02901439
6.132812500000e-05	0.02862908
6.136067708333e-05	-0.00009594
6.139322916667e-05	-0.01371945
6.142578125000e-05	0.00863570
6.145833333333e-05	0.02116285
6.149088541667e-05	0.00179089
6.152343750000e-05	-0.00595496
6.155598958333e-05	0.01120845
6.158854166667e-05	0.01188362
6.162109375000e-05	-0.00663874
6.165364583333e-05	-0.00801050
6.168619791667e-05	0.00018427
6.171875000000e-05	-0.00946151
6.175130208333e-05	-0.01745098
6.178385416667e-05	-0.00112238
6.181640625000e-05	0.01594707
6.184895833333e-05	0.01515573
6.188151041667e-05	0.01367528
6.191406250000e-05	0.01805496
6.194661458333e-05	0.01350416
6.197916666667e-05	0.00105992
6.201171875000e-05	-0.00571990
6.204427083333e-05	-0.00694901
6.207682291667e-05	-0.00892019
6.210937500000e-05	-0.00982424
6.214192708333e-05	-0.00494090
6.217447916667e-05	0.00552109
6.220703125000e-05	0.01231103
6.223958333333e-05	0.00521930
6.227213541667e-05	-0.00720372
6.230468750000e-05	-0.00683251
6.233723958333e-05	0.00237177
6.236979166667e-05	0.00556849
6.240234375000e-05	0.00844236
6.243489583333e-05	0.01669895
6.246744791667e-05	0.01308903
6.250000000000e-05	-0.00624437
6.253255208333e-05	-0.01632966
6.256510416667e-05	-0.01075997
6.259765625000e-05	-0.01053263
6.263020833333e-05	-0.01771021
6.266276041667e-05	-0.01681275
6.269531250000e-05	-0.01109830
6.272786458333e-05	-0.00858433
6.276041666667e-05	-0.00070859
6.279296875000e-05	0.01070441
6.282552083333e-05	0.00626065
6.285807291667e-05	-0.01223632
6.289062500000e-05	-0.01879519
6.292317708333e-05	-0.00424386
6.295572916667e-05	0.01448020
6.298828125000e-05	0.02147272
6.302083333333e-05	0.01736165
6.305338541667e-05	0.01366071
6.308593750000e-05	0.01587490
6.311848958333e-05	0.01369734
6.315104166667e-05	0.00094068
6.318359375000e-05	-0.00790290
6.321614583333e-05	-0.00522796
6.324869791667e-05	-0.00770807
6.328125000000e-05	-0.01954147
6.331380208333e-05	-0.01849418
6.334635416667e-05	-0.00017969
6.337890625000e-05	0.01253310
6.341145833333e-05	0.01368060
6.344401041667e-05	0.01602190
6.347656250000e-05	0.01538697
6.350911458333e-05	0.00337191
6.354166666667e-05	-0.00429443
6.357421875000e-05	0.00490076
6.360677083333e-05	0.01265167
6.363932291667e-05	0.00211341
6.367187500000e-05	-0.01188900
6.370442708333e-05	-0.00773587
6.373697916667e-05	0.01037186
6.376953125000e-05	0.01941281
6.380208333333e-05	0.00867133
6.383463541667e-05	-0.00565266
6.386718750000e-05	-0.00555426
6.389973958333e-05	-0.00233871
6.393229166667e-05	-0.01587917
6.396484375000e-05	-0.03234735
6.399739583333e-05	-0.02423225
6.402994791667e-05	-0.00211634
6.406250000000e-05	0.00200875
6.409505208333e-05	-0.00939521
6.412760416667e-05	-0.00906839
6.416015625000e-05	0.00337540
6.419270833333e-05	0.00450036
6.422526041667e-05	-0.00857747
6.425781250000e-05	-0.01343171
6.429036458333e-05	0.00069322
6.432291666667e-05	0.01597096
6.435546875000e-05	0.01285344
6.438802083333e-05	-0.00026278
6.442057291667e-05	-0.00152818
6.445312500000e-05	0.00722848
6.448567708333e-05	0.00626050
6.451822916667e-05	-0.00322201
6.455078125000e-05	-0.00413365
6.458333333333e-05	-0.00180310
6.461588541667e-05	-0.01124810
6.464843750000e-05	-0.01754760
6.468098958333e-05	-0.00091550
6.471354166667e-05	0.01702310
6.474609375000e-05	0.00747211
6.477864583333e-05	-0.00998022
6.481119791667e-05	-0.00225659
6.484375000000e-05	0.01626102
6.487630208333e-05	0.01253669
6.490885416667e-05	-0.00567686
6.494140625000e-05	-0.00999352
6.497395833333e-05	-0.00279147
6.500651041667e-05	-0.00338937
6.503906250000e-05	-0.00731154
6.507161458333e-05	0.00056765
6.510416666667e-05	0.01135381
6.513671875000e-05	0.00727320
6.516927083333e-05	-0.00200691
6.520182291667e-05	0.00572277
6.523437500000e-05	0.02187668
6.526692708333e-05	0.01714218
6.529947916667e-05	-0.00727223
6.533203125000e-05	-0.01938383
6.536458333333e-05	-0.00802504
6.539713541667e-05	0.00718619
6.542968750000e-05	0.01435214
6.546223958333e-05	0.01512005
6.549479166667e-05	0.00437273
6.552734375000e-05	-0.01380985
6.555989583333e-05	-0.01517973
6.559244791667e-05	0.00264268
6.562500000000e-05	0.00920653
6.565755208333e-05	-0.00024039
6.569010416667e-05	0.00376544
6.572265625000e-05	0.01899826
6.575520833333e-05	0.01321503
6.578776041667e-05	-0.00561359
6.582031250000e-05	-0.00261154
6.585286458333e-05	0.01392510
6.588541666667e-05	0.01276095
6.591796875000e-05	-0.00065661
6.595052083333e-05	-0.00662491
6.598307291667e-05	-0.00779094
6.601562500000e-05	-0.00572742
6.604817708333e-05	0.00461974
6.608072916667e-05	0.00913275
6.611328125000e-05	-0.00218346
6.614583333333e-05	-0.00861782
6.617838541667e-05	0.00043415
6.621093750000e-05	0.00664467
6.624348958333e-05	0.00744129
6.627604166667e-05	0.01329563
6.630859375000e-05	0.00738301
6.634114583333e-05	-0.01865878
6.637369791667e-05	-0.02777142
6.640625000000e-05	-0.00445332
6.643880208333e-05	0.00890937
6.647135416667e-05	-0.00624193
6.650390625000e-05	-0.01433533
6.653645833333e-05	-0.00367210
6.656901041667e-05	-0.00055449
6.660156250000e-05	-0.00616024
6.663411458333e-05	-0.00337509
6.666666666667e-05	0.00096780
6.669921875000e-05	0.00096783
6.673177083333e-05	0.00838390
6.676432291667e-05	0.01467465
6.679687500000e-05	0.00003625
6.682942708333e-05	-0.01930682
6.686197916667e-05	-0.01625833
6.689453125000e-05	-0.00198470
6.692708333333e-05	0.00004821
6.695963541667e-05	-0.00834227
6.699218750000e-05	-0.01688703
6.702473958333e-05	-0.02233762
6.705729166667e-05	-0.02218963
6.708984375000e-05	-0.01939494
6.712239583333e-05	-0.01758914
6.715494791667e-05	-0.00848966
6.718750000000e-05	0.00638631
6.722005208333e-05	0.00571953
6.725260416667e-05	-0.00798095
6.728515625000e-05	-0.00501879
6.731770833333e-05	0.00977328
6.735026041667e-05	0.00360630
6.738281250000e-05	-0.01292118
6.741536458333e-05	-0.00508714
6.744791666667e-05	0.01192467
6.748046875000e-05	0.00145577
6.751302083333e-05	-0.02470300
6.754557291667e-05	-0.03298084
6.757812500000e-05	-0.02227775
6.761067708333e-05	-0.00849320
6.764322916667e-05	0.00130811
6.767578125000e-05	0.00455715
6.770833333333e-05	0.00715887
6.774088541667e-05	0.01809258
6.777343750000e-05	0.02422366
6.780598958333e-05	0.00928613
6.783854166667e-05	-0.00624988
6.787109375000e-05	0.00228855
6.790364583333e-05	0.01563563
6.793619791667e-05	0.01079061
6.796875000000e-05	0.00593987
6.800130208333e-05	0.01504889
6.803385416667e-05	0.01548420
6.806640625000e-05	0.00045269
6.809895833333e-05	-0.00205017
6.813151041667e-05	0.01126197
6.816406250000e-05	0.00904062
6.819661458333e-05	-0.01146054
6.822916666667e-05	-0.01804002
6.826171875000e-05	-0.00470805
6.829427083333e-05	0.00250455
6.832682291667e-05	-0.00197770
6.835937500000e-05	-0.00014425
6.839192708333e-05	0.00859605
6.842447916667e-05	0.01035875
6.845703125000e-05	0.00621517
6.848958333333e-05	0.00167914
6.852213541667e-05	-0.00869373
6.855468750000e-05	-0.01966877
6.858723958333e-05	-0.01541067
6.861979166667e-05	-0.00594477
6.865234375000e-05	-0.01392179
6.868489583333e-05	-0.02568866
6.871744791667e-05	-0.01630376
6.875000000000e-05	-0.00371232
6.878255208333e-05	-0.01018004
6.881510416667e-05	-0.01058864
6.884765625000e-05	0.01225001
6.888020833333e-05	0.02272851
6.891276041667e-05	0.00476774
6.894531250000e-05	-0.00092435
6.897786458333e-05	0.01954875
6.901041666667e-05	0.02416969
6.904296875000e-05	0.00142388
6.907552083333e-05	-0.00834763
6.910807291667e-05	0.00650742
6.914062500000e-05	0.01223992
6.917317708333e-05	-0.00471135
6.920572916667e-05	-0.02131303
6.923828125000e-05	-0.01989953
6.927083333333e-05	-0.00685887
6.930338541667e-05	0.00000482
6.933593750000e-05	-0.00871393
6.936848958333e-05	-0.01814239
6.940104166667e-05	-0.00740937
6.943359375000e-05	0.01205767
6.946614583333e-05	0.01015707
6.949869791667e-05	-0.00960415
6.953125000000e-05	-0.01430659
6.956380208333e-05	0.00339472
6.959635416667e-05	0.01717354
6.962890625000e-05	0.01302583
6.966145833333e-05	0.00599459
6.969401041667e-05	0.00755569
6.972656250000e-05	0.00681691
6.975911458333e-05	-0.00524163
6.979166666667e-05	-0.01708056
6.982421875000e-05	-0.01736939
6.985677083333e-05	-0.01138403
6.988932291667e-05	-0.00277627
6.992187500000e-05	0.01072136
6.995442708333e-05	0.01546292
6.998697916667e-05	-0.00239217
7.001953125000e-05	-0.02223980
7.005208333333e-05	-0.02058184
7.008463541667e-05	-0.01566463
7.011718750000e-05	-0.02583806
7.014973958333e-05	-0.02745262
7.018229166667e-05	-0.00724922
7.021484375000e-05	0.00585187
7.024739583333e-05	0.00109845
7.027994791667e-05	0.00322488
7.031250000000e-05	0.01200145
7.034505208333e-05	0.00344941
7.037760416667e-05	-0.01387537
7.041015625000e-05	-0.01363847
7.044270833333e-05	0.00063675
7.047526041667e-05	0.00984672
7.050781250000e-05	0.00849041
7.054036458333e-05	0.00182213
7.057291666667e-05	0.00095689
7.060546875000e-05	0.00902891
7.063802083333e-05	0.00829187
7.067057291667e-05	-0.00315863
7.070312500000e-05	0.00560009
7.073567708333e-05	0.03101226
7.076822916667e-05	0.02504702
7.080078125000e-05	-0.00630400
7.083333333333e-05	-0.00648380
7.086588541667e-05	0.01513468
7.089843750000e-05	0.00832470
7.093098958333e-05	-0.00425012
7.096354166667e-05	0.01495564
7.099609375000e-05	0.02232213
7.102864583333e-05	-0.01238208
7.106119791667e-05	-0.03340227
7.109375000000e-05	-0.01530321
7.112630208333e-05	-0.00502468
7.115885416667e-05	-0.00973677
7.119140625000e-05	0.00064279
7.122395833333e-05	0.00360856
7.125651041667e-05	-0.01965722
7.128906250000e-05	-0.01989298
7.132161458333e-05	0.01966331
7.135416666667e-05	0.00797198
7.138671875000e-05	0.00459155
7.141927083333e-05	0.00355746
7.145182291667e-05	0.00348338
7.148437500000e-05	-0.00034537
7.151692708333e-05	-0.00110081
7.154947916667e-05	0.00881428
7.158203125000e-05	0.01345707
7.161458333333e-05	-0.00188030
7.164713541667e-05	-0.01739008
7.167968750000e-05	-0.01205059
7.171223958333e-05	-0.00080671
7.174479166667e-05	-0.00152458
7.177734375000e-05	-0.00342292
7.180989583333e-05	0.00417588
7.184244791667e-05	0.01144542
7.187500000000e-05	0.01081388
7.190755208333e-05	0.00638705
7.194010416667e-05	0.00033490
7.197265625000e-05	-0.00593358
7.200520833333e-05	-0.00722278
7.203776041667e-05	-0.00421369
7.207031250000e-05	-0.00295055
7.210286458333e-05	-0.00338083
7.213541666667e-05	-0.00232148
7.216796875000e-05	0.00022475
7.220052083333e-05	0.00517249
7.223307291667e-05	0.01041980
7.226562500000e-05	0.00693480
7.229817708333e-05	-0.00281407
7.233072916667e-05	-0.00076880
7.236328125000e-05	0.01231223
7.239583333333e-05	0.01176774
7.242838541667e-05	-0.00216782
7.246093750000e-05	0.00072027
7.249348958333e-05	0.01899082
7.252604166667e-05	0.01537575
7.255859375000e-05	-0.00987716
7.259114583333e-05	-0.01398046
7.262369791667e-05	0.00731926
7.265625000000e-05	0.01096002
7.268880208333e-05	-0.01283997
7.272135416667e-05	-0.02697013
7.275390625000e-05	-0.01647534
7.278645833333e-05	-0.00350195
7.281901041667e-05	0.00103881
7.285156250000e-05	0.00607081
7.288411458333e-05	0.01307035
7.291666666667e-05	0.01666904
7.294921875000e-05	0.01539345
7.298177083333e-05	0.00741180
7.301432291667e-05	-0.00350882
7.304687500000e-05	-0.00340828
7.307942708333e-05	0.00962293
7.311197916667e-05	0.01866993
7.314453125000e-05	0.01727995
7.317708333333e-05	0.01533973
7.320963541667e-05	0.01309095
7.324218750000e-05	0.00468217
7.327473958333e-05	-0.00099690
7.330729166667e-05	0.00338964
7.333984375000e-05	0.00577459
7.337239583333e-05	-0.00019470
7.340494791667e-05	-0.00026517
7.343750000000e-05	0.01071078
7.347005208333e-05	0.01582626
7.350260416667e-05	0.00682852
7.353515625000e-05	-0.00163027
7.356770833333e-05	0.00106998
7.360026041667e-05	0.00521319
7.363281250000e-05	0.00212989
7.366536458333e-05	-0.00005945
7.369791666667e-05	0.00247456
7.373046875000e-05	-0.00345991
7.376302083333e-05	-0.01602068
7.379557291667e-05	-0.00762104
7.382812500000e-05	0.01924182
7.386067708333e-05	0.01664827
7.389322916667e-05	-0.02309499
7.392578125000e-05	-0.03830927
7.395833333333e-05	-0.00565002
7.399088541667e-05	0.01541904
7.402343750000e-05	-0.00447325
7.405598958333e-05	-0.01611777
7.408854166667e-05	0.00333661
7.412109375000e-05	0.01333510
7.415364583333e-05	0.00217971
7.418619791667e-05	0.00393185
7.421875000000e-05	0.01932020
7.425130208333e-05	0.01764675
7.428385416667e-05	0.00162787
7.431640625000e-05	-0.00451974
7.434895833333e-05	-0.00079110
7.438151041667e-05	0.00260060
7.441406250000e-05	0.00711505
7.444661458333e-05	0.01109247
7.447916666667e-05	0.00753090
7.451171875000e-05	0.00015217
7.454427083333e-05	-0.00167277
7.457682291667e-05	0.00223574
7.460937500000e-05	0.00257592
7.464192708333e-05	-0.00864109
7.467447916667e-05	-0.02327018
7.470703125000e-05	-0.02207518
7.473958333333e-05	-0.00669422
7.477213541667e-05	0.00050931
7.480468750000e-05	-0.00038549
7.483723958333e-05	0.00977019
7.486979166667e-05	0.02156025
7.490234375000e-05	0.01406949
7.493489583333e-05	0.00443929
7.496744791667e-05	0.01374565
7.500000000000e-05	0.01858144
7.503255208333e-05	-0.00065872
7.506510416667e-05	-0.01605316
7.509765625000e-05	-0.00746495
7.513020833333e-05	0.00094806
7.516276041667e-05	-0.00674006
7.519531250000e-05	-0.01113974
7.522786458333e-05	-0.00020022
7.526041666667e-05	0.01168571
7.529296875000e-05	0.01265639
7.532552083333e-05	0.00933631
7.535807291667e-05	0.01214512
7.539062500000e-05	0.01728312
7.542317708333e-05	0.01171779
7.545572916667e-05	-0.00074146
7.548828125000e-05	-0.00136220
7.552083333333e-05	0.00518426
7.555338541667e-05	-0.00433629
7.558593750000e-05	-0.02139731
7.561848958333e-05	-0.01729040
7.565104166667e-05	-0.00010082
7.568359375000e-05	0.00361755
7.571614583333e-05	0.00084261
7.574869791667e-05	0.00669313
7.578125000000e-05	0.00817774
7.581380208333e-05	-0.00316355
7.584635416667e-05	-0.01214245
7.587890625000e-05	-0.01122395
7.591145833333e-05	-0.00522226
7.594401041667e-05	0.00325066
7.597656250000e-05	0.00440380
7.600911458333e-05	-0.00635103
7.604166666667e-05	-0.00768503
7.607421875000e-05	0.00740396
7.610677083333e-05	0.00856842
7.613932291667e-05	-0.00899601
7.617187500000e-05	-0.01069873
7.620442708333e-05	0.00217747
7.623697916667e-05	-0.00256140
7.626953125000e-05	-0.01455945
7.630208333333e-05	-0.00917279
7.633463541667e-05	-0.00268028
7.636718750000e-05	-0.00292784
7.639973958333e-05	0.00980505
7.643229166667e-05	0.01675730
7.646484375000e-05	-0.00980853
7.649739583333e-05	-0.02748560
7.652994791667e-05	0.00007668
7.656250000000e-05	0.01909006
7.659505208333e-05	-0.00612135
7.662760416667e-05	-0.01864268
7.666015625000e-05	0.00839747
7.669270833333e-05	0.01944266
7.672526041667e-05	-0.00430360
7.675781250000e-05	-0.01889345
7.679036458333e-05	-0.01392830
7.682291666667e-05	-0.01216125
7.685546875000e-05	-0.01074254
7.688802083333e-05	-0.00509412
7.692057291667e-05	-0.00750270
7.695312500000e-05	-0.00966777
7.698567708333e-05	0.00208702
7.701822916667e-05	0.01015135
7.705078125000e-05	0.00370211
7.708333333333e-05	0.00176611
7.711588541667e-05	0.00562615
7.714843750000e-05	-0.00255186
7.718098958333e-05	-0.01358013
7.721354166667e-05	-0.00959194
7.724609375000e-05	0.00041665
7.727864583333e-05	0.00643442
7.731119791667e-05	0.01096142
7.734375000000e-05	0.00694968
7.737630208333e-05	-0.00627804
7.740885416667e-05	-0.00888764
7.744140625000e-05	-0.00019999
7.747395833333e-05	-0.00222019
7.750651041667e-05	-0.01092366
7.753906250000e-05	-0.00646218
7.757161458333e-05	0.00383255
7.760416666667e-05	0.00793147
7.763671875000e-05	0.01317453
7.766927083333e-05	0.01638938
7.770182291667e-05	0.00769593
7.773437500000e-05	0.00290061
7.776692708333e-05	0.01244480
7.779947916667e-05	0.01296416
7.783203125000e-05	-0.00283168
7.786458333333e-05	-0.00848740
7.789713541667e-05	0.00004071
7.792968750000e-05	0.00213527
7.796223958333e-05	0.00109537
7.799479166667e-05	0.00765546
7.802734375000e-05	0.00703472
7.805989583333e-05	-0.00729459
7.809244791667e-05	-0.01557595
7.812500000000e-05	-0.01213436
7.815755208333e-05	-0.01130318
7.819010416667e-05	-0.01430334
7.822265625000e-05	-0.01363961
7.825520833333e-05	-0.01130602
7.828776041667e-05	-0.00933042
7.832031250000e-05	-0.00809925
7.835286458333e-05	-0.01195088
7.838541666667e-05	-0.01462724
7.841796875000e-05	-0.00366794
7.845052083333e-05	0.01121551
7.848307291667e-05	0.01103712
7.851562500000e-05	0.00189734
7.854817708333e-05	-0.00032121
7.858072916667e-05	0.00163705
7.861328125000e-05	-0.00021832
7.864583333333e-05	-0.00393968
7.867838541667e-05	-0.00574698
7.871093750000e-05	-0.00354260
7.874348958333e-05	0.00085928
7.877604166667e-05	0.00061030
7.880859375000e-05	0.00017856
7.884114583333e-05	0.01039181
7.887369791667e-05	0.01681004
7.890625000000e-05	0.00182443
7.893880208333e-05	-0.01020757
7.897135416667e-05	0.00168538
7.900390625000e-05	0.00395502
7.903645833333e-05	-0.02149062
7.906901041667e-05	-0.03067733
7.910156250000e-05	-0.00802071
7.913411458333e-05	0.00098405
7.916666666667e-05	-0.01166213
7.919921875000e-05	-0.00757158
7.923177083333e-05	0.00638101
7.926432291667e-05	0.00062732
7.929687500000e-05	-0.00415323
7.932942708333e-05	0.00879824
7.936197916667e-05	0.00601985
7.939453125000e-05	-0.01696693
7.942708333333e-05	-0.01718309
7.945963541667e-05	0.00485518
7.949218750000e-05	0.00931794
7.952473958333e-05	0.00055383
7.955729166667e-05	0.00481407
7.958984375000e-05	0.00917014
7.962239583333e-05	-0.00142333
7.965494791667e-05	-0.00682872
7.968750000000e-05	0.00491177
7.972005208333e-05	0.01407667
7.975260416667e-05	0.00336221
7.978515625000e-05	-0.01927473
7.981770833333e-05	-0.02745501
7.985026041667e-05	-0.00642494
7.988281250000e-05	0.01604821
7.991536458333e-05	0.00737760
7.994791666667e-05	-0.00707862
7.998046875000e-05	0.00992791
8.001302083333e-05	0.02936382
8.004557291667e-05	0.01256057
8.007812500000e-05	-0.01228629
8.011067708333e-05	-0.01345481
8.014322916667e-05	-0.01126669
8.017578125000e-05	-0.01410328
8.020833333333e-05	-0.00158714
8.024088541667e-05	0.01125845
8.027343750000e-05	-0.00144440
8.030598958333e-05	-0.01423656
8.033854166667e-05	-0.00318494
8.037109375000e-05	0.00455975
8.040364583333e-05	-0.00431497
8.043619791667e-05	-0.00472773
8.046875000000e-05	0.00279881
8.050130208333e-05	-0.00171962
8.053385416667e-05	-0.00511737
8.056640625000e-05	0.00354114
8.059895833333e-05	-0.00116254
8.063151041667e-05	-0.02165997
8.066406250000e-05	-0.02090505
8.069661458333e-05	0.00411727
8.072916666667e-05	0.01480324
8.076171875000e-05	0.00273217
8.079427083333e-05	-0.00380442
8.082682291667e-05	0.00369709
8.085937500000e-05	0.00479933
8.089192708333e-05	-0.01018579
8.092447916667e-05	-0.02184289
8.095703125000e-05	-0.01086075
8.098958333333e-05	0.00423938
8.102213541667e-05	-0.00863141
8.105468750000e-05	-0.03142360
8.108723958333e-05	-0.01748640
8.111979166667e-05	0.01985417
8.115234375000e-05	0.02283023
8.118489583333e-05	-0.01075313
8.121744791667e-05	-0.03144403
8.125000000000e-05	-0.02242038
8.128255208333e-05	-0.00363379
8.131510416667e-05	0.00985637
8.134765625000e-05	0.00521388
8.138020833333e-05	-0.01917799
8.141276041667e-05	-0.03170472
8.144531250000e-05	-0.01323421
8.147786458333e-05	0.00547217
8.151041666667e-05	0.00363337
8.154296875000e-05	0.00264621
8.157552083333e-05	0.00629873
8.160807291667e-05	-0.00427380
8.164062500000e-05	-0.01240611
8.167317708333e-05	0.00472440
8.170572916667e-05	0.01728443
8.173828125000e-05	-0.00314588
8.177083333333e-05	-0.02660741
8.180338541667e-05	-0.02425082
8.183593750000e-05	-0.01285377
8.186848958333e-05	-0.00590073
8.190104166667e-05	0.00446554
8.193359375000e-05	0.00989252
8.196614583333e-05	-0.00392852
8.199869791667e-05	-0.02228773
8.203125000000e-05	-0.02227730
8.206380208333e-05	-0.00622138
8.209635416667e-05	0.00738560
8.212890625000e-05	0.00568205
8.216145833333e-05	-0.00770987
8.219401041667e-05	-0.01580020
8.222656250000e-05	-0.01199839
8.225911458333e-05	-0.00835243
8.229166666667e-05	-0.00727801
8.232421875000e-05	0.00202295
8.235677083333e-05	0.01094750
8.238932291667e-05	0.00147009
8.242187500000e-05	-0.01441602
8.245442708333e-05	-0.01346372
8.248697916667e-05	-0.00218072
8.251953125000e-05	0.00053174
8.255208333333e-05	-0.00650502
8.258463541667e-05	-0.01622853
8.261718750000e-05	-0.02141349
8.264973958333e-05	-0.01380215
8.268229166667e-05	-0.00064440
8.271484375000e-05	0.00121706
8.274739583333e-05	-0.00150840
8.277994791667e-05	0.00702477
8.281250000000e-05	0.01334816
8.284505208333e-05	0.00238320
8.287760416667e-05	-0.00531075
8.291015625000e-05	0.00457229
8.294270833333e-05	0.00641350
8.297526041667e-05	-0.01327632
8.300781250000e-05	-0.02454252
8.304036458333e-05	-0.00808932
8.307291666667e-05	0.01163131
8.310546875000e-05	0.01042275
8.313802083333e-05	0.00020999
8.317057291667e-05	0.00305683
8.320312500000e-05	0.01323594
8.323567708333e-05	0.00677965
8.326822916667e-05	-0.01386309
8.330078125000e-05	-0.01639999
8.333333333333e-05	0.00428742
8.336588541667e-05	0.01106531
8.339843750000e-05	-0.00756995
8.343098958333e-05	-0.01407645
8.346354166667e-05	0.00803187
8.349609375000e-05	0.02929959
8.352864583333e-05	0.03303904
8.356119791667e-05	0.02925866
8.359375000000e-05	0.01761917
8.362630208333e-05	-0.00190449
8.365885416667e-05	-0.01191269
8.369140625000e-05	-0.01215511
8.372395833333e-05	-0.01877783
8.375651041667e-05	-0.01778375
8.378906250000e-05	0.01027326
8.382161458333e-05	0.03671223
8.385416666667e-05	0.03052205
8.388671875000e-05	0.01421172
8.391927083333e-05	0.01173899
8.395182291667e-05	0.00732599
8.398437500000e-05	-0.00309500
8.401692708333e-05	0.00122104
8.404947916667e-05	0.01380975
8.408203125000e-05	0.01300225
8.411458333333e-05	0.00840418
8.414713541667e-05	0.01147209
8.417968750000e-05	0.00565128
8.421223958333e-05	-0.01010036
8.424479166667e-05	-0.01188171
8.427734375000e-05	-0.00340702
8.430989583333e-05	-0.00786958
8.434244791667e-05	-0.01536524
8.437500000000e-05	-0.00441665
8.440755208333e-05	0.01284388
8.444010416667e-05	0.01782722
8.447265625000e-05	0.01524487
8.450520833333e-05	0.00784884
8.453776041667e-05	-0.00788879
8.457031250000e-05	-0.01571784
8.460286458333e-05	-0.00113985
8.463541666667e-05	0.01402122
8.466796875000e-05	0.00555201
8.470052083333e-05	-0.00976979
8.473307291667e-05	-0.00552263
8.476562500000e-05	0.00756051
8.479817708333e-05	0.00195314
8.483072916667e-05	-0.01936759
8.486328125000e-05	-0.02633327
8.489583333333e-05	-0.00678758
8.492838541667e-05	0.01591102
8.496093750000e-05	0.01701861
8.499348958333e-05	0.00204850
8.502604166667e-05	-0.00941710
8.505859375000e-05	-0.01094636
8.509114583333e-05	-0.00457781
8.512369791667e-05	0.00869501
8.515625000000e-05	0.02156049
8.518880208333e-05	0.02505855
8.522135416667e-05	0.02215364
8.525390625000e-05	0.01835764
8.528645833333e-05	0.01210614
8.531901041667e-05	0.00741470
8.535156250000e-05	0.01029045
8.538411458333e-05	0.01046152
8.541666666667e-05	0.00036643
8.544921875000e-05	-0.00278279
8.548177083333e-05	0.00891121
8.551432291667e-05	0.01207069
8.554687500000e-05	-0.00175257
8.557942708333e-05	-0.00901287
8.561197916667e-05	-0.00562325
8.564453125000e-05	-0.01076211
8.567708333333e-05	-0.01565477
8.570963541667e-05	-0.00223240
8.574218750000e-05	0.00522802
8.577473958333e-05	-0.01652363
8.580729166667e-05	-0.03375763
8.583984375000e-05	-0.01532910
8.587239583333e-05	0.00677027
8.590494791667e-05	-0.00182607
8.593750000000e-05	-0.01895971
8.597005208333e-05	-0.01408796
8.600260416667e-05	0.00392491
8.603515625000e-05	0.01341761
8.606770833333e-05	0.00721099
8.610026041667e-05	-0.01040342
8.613281250000e-05	-0.02327921
8.616536458333e-05	-0.01621701
8.619791666667e-05	-0.00081359
8.623046875000e-05	0.00087562
8.626302083333e-05	-0.00669238
8.629557291667e-05	-0.00689589
8.632812500000e-05	-0.00215113
8.636067708333e-05	0.00180455
8.639322916667e-05	0.01199121
8.642578125000e-05	0.02455926
8.645833333333e-05	0.02186389
8.649088541667e-05	0.00562518
8.652343750000e-05	-0.00424608
8.655598958333e-05	-0.00401113
8.658854166667e-05	-0.00484913
8.662109375000e-05	-0.00669065
8.665364583333e-05	-0.00297430
8.668619791667e-05	0.00109289
8.671875000000e-05	-0.00285847
8.675130208333e-05	-0.01042149
8.678385416667e-05	-0.01047022
8.681640625000e-05	-0.00081316
8.684895833333e-05	0.00835999
8.688151041667e-05	0.00667455
8.691406250000e-05	-0.00212075
8.694661458333e-05	-0.00463167
8.697916666667e-05	0.00205581
8.701171875000e-05	0.00648038
8.704427083333e-05	0.00183076
8.707682291667e-05	-0.00487810
8.710937500000e-05	-0.00570133
8.714192708333e-05	-0.00095426
8.717447916667e-05	0.00645239
8.720703125000e-05	0.01346487
8.723958333333e-05	0.01166032
8.727213541667e-05	-0.00614810
8.730468750000e-05	-0.02815894
8.733723958333e-05	-0.02980582
8.736979166667e-05	-0.00978414
8.740234375000e-05	0.00206892
8.743489583333e-05	-0.00947350
8.746744791667e-05	-0.02075533
8.750000000000e-05	-0.01254641
8.753255208333e-05	0.00017050
8.756510416667e-05	0.00410579
8.759765625000e-05	0.00851638
8.763020833333e-05	0.01373882
8.766276041667e-05	0.00833775
8.769531250000e-05	0.00119710
8.772786458333e-05	0.00592490
8.776041666667e-05	0.00827823
8.779296875000e-05	-0.00308649
8.782552083333e-05	-0.00868548
8.785807291667e-05	-0.00126991
8.789062500000e-05	-0.00392339
8.792317708333e-05	-0.01768437
8.795572916667e-05	-0.01550366
8.798828125000e-05	0.00081813
8.802083333333e-05	0.00510435
8.805338541667e-05	0.00020560
8.808593750000e-05	0.00540274
8.811848958333e-05	0.01499500
8.815104166667e-05	0.01653374
8.818359375000e-05	0.01473113
8.821614583333e-05	0.01151605
8.824869791667e-05	0.00250234
8.828125000000e-05	-0.00420928
8.831380208333e-05	-0.00192506
8.834635416667e-05	0.00031007
8.837890625000e-05	0.00017168
8.841145833333e-05	0.00456362
8.844401041667e-05	0.00580316
8.847656250000e-05	-0.00295469
8.850911458333e-05	-0.00600768
8.854166666667e-05	0.00236964
8.857421875000e-05	0.00244238
8.860677083333e-05	-0.00644662
8.863932291667e-05	-0.00162559
8.867187500000e-05	0.01157904
8.870442708333e-05	0.00878616
8.873697916667e-05	-0.00144730
8.876953125000e-05	0.00095462
8.880208333333e-05	0.00145265
8.883463541667e-05	-0.01543443
8.886718750000e-05	-0.02650483
8.889973958333e-05	-0.01159398
8.893229166667e-05	0.00853736
8.896484375000e-05	0.00906922
8.899739583333e-05	-0.00289232
8.902994791667e-05	-0.00808071
8.906250000000e-05	-0.00297046
8.909505208333e-05	0.00167007
8.912760416667e-05	-0.00155554
8.916015625000e-05	-0.00567895
8.919270833333e-05	-0.00123462
8.922526041667e-05	0.00613129
8.925781250000e-05	0.00649706
8.929036458333e-05	0.00334883
8.932291666667e-05	0.00075072
8.935546875000e-05	-0.00580068
8.938802083333e-05	-0.01047866
8.942057291667e-05	-0.00247169
8.945312500000e-05	0.00542335
8.948567708333e-05	-0.00366756
8.951822916667e-05	-0.01374624
8.955078125000e-05	-0.00558552
8.958333333333e-05	0.00452866
8.961588541667e-05	0.00017812
8.964843750000e-05	-0.00315175
8.968098958333e-05	0.00359330
8.971354166667e-05	0.00329935
8.974609375000e-05	-0.00837626
8.977864583333e-05	-0.01482115
8.981119791667e-05	-0.01142221
8.984375000000e-05	-0.00511642
8.987630208333e-05	0.00275837
8.990885416667e-05	0.00730976
8.994140625000e-05	0.00382608
8.997395833333e-05	0.00473659
9.000651041667e-05	0.01579014
9.003906250000e-05	0.01650780
9.007161458333e-05	0.00181036
9.010416666667e-05	-0.00180871
9.013671875000e-05	0.00800654
9.016927083333e-05	0.00142330
9.020182291667e-05	-0.01914062
9.023437500000e-05	-0.02200907
9.026692708333e-05	-0.01294709
9.029947916667e-05	-0.01954941
9.033203125000e-05	-0.02769435
9.036458333333e-05	-0.00992984
9.039713541667e-05	0.01463594
9.042968750000e-05	0.01461212
9.046223958333e-05	0.00161599
9.049479166667e-05	0.00162123
9.052734375000e-05	0.01003133
9.055989583333e-05	0.00824341
9.059244791667e-05	-0.00463590
9.062500000000e-05	-0.01276692
9.065755208333e-05	-0.00361710
9.069010416667e-05	0.01297763
9.072265625000e-05	0.01254550
9.075520833333e-05	-0.00582746
9.078776041667e-05	-0.01456414
9.082031250000e-05	-0.00621254
9.085286458333e-05	-0.00394980
9.088541666667e-05	-0.00987778
9.091796875000e-05	0.00025765
9.095052083333e-05	0.02161011
9.098307291667e-05	0.02255720
9.101562500000e-05	0.00406055
9.104817708333e-05	-0.00449008
9.108072916667e-05	-0.00015861
9.111328125000e-05	-0.00182946
9.114583333333e-05	-0.00761704
9.117838541667e-05	-0.00369255
9.121093750000e-05	0.00441796
9.124348958333e-05	0.00446478
9.127604166667e-05	0.00153886
9.130859375000e-05	0.00565067
9.134114583333e-05	0.01199441
9.137369791667e-05	0.01015722
9.140625000000e-05	0.00286300
9.143880208333e-05	0.00213349
9.147135416667e-05	0.00873442
9.150390625000e-05	0.00989535
9.153645833333e-05	0.00329569
9.156901041667e-05	0.00414671
9.160156250000e-05	0.01647036
9.163411458333e-05	0.02277581
9.166666666667e-05	0.01699204
9.169921875000e-05	0.01567484
9.173177083333e-05	0.02235618
9.176432291667e-05	0.01808418
9.179687500000e-05	-0.00071433
9.182942708333e-05	-0.01336651
9.186197916667e-05	-0.01102115
9.189453125000e-05	-0.00582264
9.192708333333e-05	-0.00325538
9.195963541667e-05	0.00239239
9.199218750000e-05	0.00804488
9.202473958333e-05	0.00490224
9.205729166667e-05	-0.00256075
9.208984375000e-05	-0.00276287
9.212239583333e-05	0.00211269
9.215494791667e-05	0.00128817
9.218750000000e-05	-0.00224240
9.222005208333e-05	0.00275121
9.225260416667e-05	0.00977802
9.228515625000e-05	0.00353972
9.231770833333e-05	-0.00654016
9.235026041667e-05	0.00012113
9.238281250000e-05	0.01228448
9.241536458333e-05	0.00480909
9.244791666667e-05	-0.01180056
9.248046875000e-05	-0.01348412
9.251302083333e-05	-0.00996205
9.254557291667e-05	-0.01411357
9.257812500000e-05	-0.00582177
9.261067708333e-05	0.01994883
9.264322916667e-05	0.02763926
9.267578125000e-05	0.00744298
9.270833333333e-05	-0.00512335
9.274088541667e-05	-0.00077510
9.277343750000e-05	-0.00483569
9.280598958333e-05	-0.01284821
9.283854166667e-05	-0.00441349
9.287109375000e-05	0.00180946
9.290364583333e-05	-0.01258067
9.293619791667e-05	-0.01903037
9.296875000000e-05	-0.00107840
9.300130208333e-05	0.00828422
9.303385416667e-05	-0.00443545
9.306640625000e-05	-0.00835060
9.309895833333e-05	0.00299469
9.313151041667e-05	0.00350484
9.316406250000e-05	-0.00330433
9.319661458333e-05	0.00412472
9.322916666667e-05	0.01088874
9.326171875000e-05	-0.00475964
9.329427083333e-05	-0.02132868
9.332682291667e-05	-0.01323899
9.335937500000e-05	0.00189272
9.339192708333e-05	0.00097935
9.342447916667e-05	-0.00339165
9.345703125000e-05	0.00491135
9.348958333333e-05	0.01150157
9.352213541667e-05	-0.00064227
9.355468750000e-05	-0.01798350
9.358723958333e-05	-0.01775709
9.361979166667e-05	-0.00520990
9.365234375000e-05	-0.00306416
9.368489583333e-05	-0.01149977
9.371744791667e-05	-0.00864786
9.375000000000e-05	0.00805092
9.378255208333e-05	0.01453793
9.381510416667e-05	0.00194252
9.384765625000e-05	-0.00792487
9.388020833333e-05	0.00051792
9.391276041667e-05	0.01440234
9.394531250000e-05	0.01649919
9.397786458333e-05	0.00745495
9.401041666667e-05	-0.00163339
9.404296875000e-05	-0.00279446
9.407552083333e-05	0.00296166
9.410807291667e-05	0.00592265
9.414062500000e-05	-0.00053329
9.417317708333e-05	-0.00830884
9.420572916667e-05	-0.00577340
9.423828125000e-05	0.00376661
9.427083333333e-05	0.00847546
9.430338541667e-05	0.00590495
9.433593750000e-05	0.00113459
9.436848958333e-05	-0.00359724
9.440104166667e-05	-0.00595763
9.443359375000e-05	-0.00212470
9.446614583333e-05	0.00339180
9.449869791667e-05	0.00147733
9.453125000000e-05	-0.00410420
9.456380208333e-05	-0.00218757
9.459635416667e-05	0.00343110
9.462890625000e-05	0.00087610
9.466145833333e-05	-0.00567718
9.469401041667e-05	-0.00549603
9.472656250000e-05	-0.00442131
9.475911458333e-05	-0.01104695
9.479166666667e-05	-0.01622107
9.482421875000e-05	-0.01116786
9.485677083333e-05	-0.00336048
9.488932291667e-05	0.00371081
9.492187500000e-05	0.01616024
9.495442708333e-05	0.02478439
9.498697916667e-05	0.01153197
9.501953125000e-05	-0.01470188
9.505208333333e-05	-0.02624024
9.508463541667e-05	-0.01847227
9.511718750000e-05	-0.01012066
9.514973958333e-05	-0.00987570
9.518229166667e-05	-0.01041985
9.521484375000e-05	-0.00658949
9.524739583333e-05	-0.00150625
9.527994791667e-05	-0.00102263
9.531250000000e-05	-0.00685294
9.534505208333e-05	-0.01080340
9.537760416667e-05	-0.00264199
9.541015625000e-05	0.01154965
9.544270833333e-05	0.01175388
9.547526041667e-05	-0.00758742
9.550781250000e-05	-0.02358286
9.554036458333e-05	-0.01260574
9.557291666667e-05	0.01345067
9.560546875000e-05	0.01976062
9.563802083333e-05	0.00027713
9.567057291667e-05	-0.01473602
9.570312500000e-05	-0.01214659
9.573567708333e-05	-0.01252534
9.576822916667e-05	-0.02107401
9.580078125000e-05	-0.01726560
9.583333333333e-05	-0.00243430
9.586588541667e-05	0.00187472
9.589843750000e-05	-0.00096919
9.593098958333e-05	0.00374171
9.596354166667e-05	0.00759338
9.599609375000e-05	0.00534058
9.602864583333e-05	0.01051696
9.606119791667e-05	0.01684081
9.609375000000e-05	0.00615225
9.612630208333e-05	-0.00416018
9.615885416667e-05	0.00791231
9.619140625000e-05	0.01985422
9.622395833333e-05	0.01122488
9.625651041667e-05	0.00149251
9.628906250000e-05	-0.00215431
9.632161458333e-05	-0.01376610
9.635416666667e-05	-0.01589114
9.638671875000e-05	0.00867517
9.641927083333e-05	0.02320671
9.645182291667e-05	0.00526214
9.648437500000e-05	-0.00322716
9.651692708333e-05	0.01450767
9.654947916667e-05	0.01614710
9.658203125000e-05	-0.00318969
9.661458333333e-05	-0.00375892
9.664713541667e-05	0.00809244
9.667968750000e-05	0.00296052
9.671223958333e-05	-0.00045696
9.674479166667e-05	0.01104021
9.677734375000e-05	0.00246094
9.680989583333e-05	-0.02768465
9.684244791667e-05	-0.03037918
9.687500000000e-05	-0.00331638
9.690755208333e-05	0.00885651
9.694010416667e-05	0.00395898
9.697265625000e-05	0.00812692
9.700520833333e-05	0.01269348
9.703776041667e-05	0.00506883
9.707031250000e-05	0.00347404
9.710286458333e-05	0.01481559
9.713541666667e-05	0.02095763
9.716796875000e-05	0.01698607
9.720052083333e-05	0.00921361
9.723307291667e-05	-0.00449147
9.726562500000e-05	-0.01612429
9.729817708333e-05	-0.00865470
9.733072916667e-05	0.00849947
9.736328125000e-05	0.00896877
9.739583333333e-05	-0.00737285
9.742838541667e-05	-0.01714114
9.746093750000e-05	-0.00931369
9.749348958333e-05	0.00244871
9.752604166667e-05	-0.00224002
9.755859375000e-05	-0.02113214
9.759114583333e-05	-0.02682672
9.762369791667e-05	-0.01011656
9.765625000000e-05	0.00243675
9.768880208333e-05	-0.00140723
9.772135416667e-05	-0.00067542
9.775390625000e-05	0.00692191
9.778645833333e-05	-0.00052099
9.781901041667e-05	-0.01443077
9.785156250000e-05	-0.00732809
9.788411458333e-05	0.01018216
9.791666666667e-05	0.00971284
9.794921875000e-05	-0.00371947
9.798177083333e-05	-0.00876690
9.801432291667e-05	-0.00075575
9.804687500000e-05	0.01280870
9.807942708333e-05	0.01671039
9.811197916667e-05	0.00033730
9.814453125000e-05	-0.01436998
9.817708333333e-05	-0.00006622
9.820963541667e-05	0.02156780
9.824218750000e-05	0.01583529
9.827473958333e-05	0.00030868
9.830729166667e-05	0.00454889
9.833984375000e-05	0.01189876
9.837239583333e-05	0.00204106
9.840494791667e-05	-0.00926453
9.843750000000e-05	-0.01048926
9.847005208333e-05	-0.01108931
9.850260416667e-05	-0.01131603
9.853515625000e-05	-0.00865990
9.856770833333e-05	-0.01103604
9.860026041667e-05	-0.01180796
9.863281250000e-05	0.00207140
9.866536458333e-05	0.01408410
9.869791666667e-05	0.00693912
9.873046875000e-05	0.00030810
9.876302083333e-05	0.00780826
9.879557291667e-05	0.00850601
9.882812500000e-05	-0.00363507
9.886067708333e-05	-0.00792456
9.889322916667e-05	-0.00377170
9.892578125000e-05	-0.00413138
9.895833333333e-05	-0.00231489
9.899088541667e-05	0.00375984
9.902343750000e-05	-0.00012311
9.905598958333e-05	-0.00656583
9.908854166667e-05	0.00055332
9.912109375000e-05	0.00256369
9.915364583333e-05	-0.01451674
9.918619791667e-05	-0.01580151
9.921875000000e-05	0.01791011
9.925130208333e-05	0.04169499
9.928385416667e-05	0.02180652
9.931640625000e-05	-0.00911415
9.934895833333e-05	-0.01374110
9.938151041667e-05	-0.00094634
9.941406250000e-05	0.00851872
9.944661458333e-05	0.01257474
9.947916666667e-05	0.01339689
9.951171875000e-05	0.00834306
9.954427083333e-05	-0.00139195
9.957682291667e-05	-0.00871521
9.960937500000e-05	-0.00782433
9.964192708333e-05	-0.00178498
9.967447916667e-05	0.00097590
9.970703125000e-05	0.00105477
9.973958333333e-05	0.00564343
9.977213541667e-05	0.00941089
9.980468750000e-05	0.00201045
9.983723958333e-05	-0.00637178
9.986979166667e-05	0.00223079
9.990234375000e-05	0.01989358
9.993489583333e-05	0.02192363
9.996744791667e-05	0.00305943
1.000000000000e-04	-0.01762728
1.000325520833e-04	-0.02201229
1.000651041667e-04	-0.01176687
1.000976562500e-04	-0.00262150
1.001302083333e-04	-0.00105893
1.001627604167e-04	0.00277941
1.001953125000e-04	0.01178351
1.002278645833e-04	0.01428797
1.002604166667e-04	0.01006565
1.002929687500e-04	0.01190829
1.003255208333e-04	0.01634363
1.003580729167e-04	0.01055155
1.003906250000e-04	0.00286612
1.004231770833e-04	0.00823226
1.004557291667e-04	0.01872536
1.004882812500e-04	0.01820561
1.005208333333e-04	0.00540900
1.005533854167e-04	-0.00929759
1.005859375000e-04	-0.01003505
1.006184895833e-04	0.00963345
1.006510416667e-04	0.02553453
1.006835937500e-04	0.01150032
1.007161458333e-04	-0.01442267
1.007486979167e-04	-0.02235134
1.007812500000e-04	-0.02122243
1.008138020833e-04	-0.02198496
1.008463541667e-04	-0.00657615
1.008789062500e-04	0.01680798
1.009114583333e-04	0.00862123
1.009440104167e-04	-0.02030306
1.009765625000e-04	-0.01912008
1.010091145833e-04	0.00754778
1.010416666667e-04	0.01638701
1.010742187500e-04	0.00987749
1.011067708333e-04	0.01176783
1.011393229167e-04	0.01239413
1.011718750000e-04	0.00513867
1.012044270833e-04	0.00659087
1.012369791667e-04	0.01311978
1.012695312500e-04	0.01237842
1.013020833333e-04	0.01856281
1.013346354167e-04	0.03047547
1.013671875000e-04	0.01863448
1.013997395833e-04	-0.00372016
1.014322916667e-04	0.00452376
1.014648437500e-04	0.02158150
1.014973958333e-04	0.00579293
1.015299479167e-04	-0.01048720
1.015625000000e-04	0.00727003
1.015950520833e-04	0.01441230
1.016276041667e-04	-0.01328461
1.016601562500e-04	-0.01967868
1.016927083333e-04	0.01232420
1.017252604167e-04	0.02547297
1.017578125000e-04	0.01038056
1.017903645833e-04	0.01150944
1.018229166667e-04	0.01951948
1.018554687500e-04	0.00087059
1.018880208333e-04	-0.01585869
1.019205729167e-04	-0.00140862
1.019531250000e-04	0.01047303
1.019856770833e-04	0.00030978
1.020182291667e-04	-0.00134552
1.020507812500e-04	0.00948080
1.020833333333e-04	0.00785444
1.021158854167e-04	0.00434884
1.021484375000e-04	0.01398396
1.021809895833e-04	0.01220053
1.022135416667e-04	-0.00545119
1.022460937500e-04	-0.00411911
1.022786458333e-04	0.01030540
1.023111979167e-04	-0.00260151
1.023437500000e-04	-0.02702702
1.023763020833e-04	-0.01802000
1.024088541667e-04	0.00783362
1.024414062500e-04	0.01060475
1.024739583333e-04	0.00200627
1.025065104167e-04	0.00277571
1.025390625000e-04	-0.00103616
1.025716145833e-04	-0.00846620
1.026041666667e-04	0.00486622
1.026367187500e-04	0.02493729
1.026692708333e-04	0.01497432
1.027018229167e-04	-0.01327392
1.027343750000e-04	-0.02218984
1.027669270833e-04	-0.01448458
1.027994791667e-04	-0.01171437
1.028320312500e-04	-0.00820308
1.028645833333e-04	0.00376943
1.028971354167e-04	0.00859543
1.029296875000e-04	-0.00013889
1.029622395833e-04	-0.00585308
1.029947916667e-04	-0.00349464
1.030273437500e-04	-0.00622896
1.030598958333e-04	-0.01330116
1.030924479167e-04	-0.01025427
1.031250000000e-04	-0.00052097
1.031575520833e-04	-0.00110664
1.031901041667e-04	-0.00976191
1.032226562500e-04	-0.01005769
1.032552083333e-04	-0.00360840
1.032877604167e-04	-0.00266599
1.033203125000e-04	-0.00050660
1.033528645833e-04	0.01210124
1.033854166667e-04	0.01675550
1.034179687500e-04	-0.00262495
1.034505208333e-04	-0.02217202
1.034830729167e-04	-0.01537901
1.035156250000e-04	0.00201554
1.035481770833e-04	0.00504544
1.035807291667e-04	-0.00051186
1.036132812500e-04	-0.00213228
1.036458333333e-04	-0.00253475
1.036783854167e-04	-0.00233153
1.037109375000e-04	-0.00027457
1.037434895833e-04	-0.00470676
1.037760416667e-04	-0.01292538
1.038085937500e-04	-0.00783675
1.038411458333e-04	0.00499171
1.038736979167e-04	0.00248465
1.039062500000e-04	-0.01075383
1.039388020833e-04	-0.01420243
1.039713541667e-04	-0.01017794
1.040039062500e-04	-0.00442620
1.040364583333e-04	0.01080600
1.040690104167e-04	0.02223917
1.041015625000e-04	0.00400916
1.041341145833e-04	-0.02759266
1.041666666667e-04	-0.03483200
1.041992187500e-04	-0.02011522
1.042317708333e-04	-0.00560548
1.042643229167e-04	0.00747646
1.042968750000e-04	0.01387665
1.043294270833e-04	0.00107238
1.043619791667e-04	-0.01000318
1.043945312500e-04	0.00461124
1.044270833333e-04	0.01565420
1.044596354167e-04	-0.00581140
1.044921875000e-04	-0.02472288
1.045247395833e-04	-0.00815281
1.045572916667e-04	0.01103222
1.045898437500e-04	-0.00021593
1.046223958333e-04	-0.01884067
1.046549479167e-04	-0.01823176
1.046875000000e-04	-0.00989333
1.047200520833e-04	-0.00937172
1.047526041667e-04	-0.01021861
1.047851562500e-04	-0.00105964
1.048177083333e-04	0.01385036
1.048502604167e-04	0.01414097
1.048828125000e-04	-0.00784604
1.049153645833e-04	-0.02325374
1.049479166667e-04	-0.00843792
1.049804687500e-04	0.00703343
1.050130208333e-04	-0.00795567
1.050455729167e-04	-0.02219433
1.050781250000e-04	-0.00150168
1.051106770833e-04	0.02040311
1.051432291667e-04	0.00510197
1.051757812500e-04	-0.01864926
1.052083333333e-04	-0.01296006
1.052408854167e-04	0.00370309
1.052734375000e-04	0.00165770
1.053059895833e-04	-0.00708992
1.053385416667e-04	0.00082468
1.053710937500e-04	0.01831407
1.054036458333e-04	0.02204692
1.054361979167e-04	0.00850094
1.054687500000e-04	-0.00229857
1.055013020833e-04	0.00087262
1.055338541667e-04	0.00354664
1.055664062500e-04	-0.00324736
1.055989583333e-04	-0.00289773
1.056315104167e-04	0.01020316
1.056640625000e-04	0.01300924
1.056966145833e-04	-0.00122090
1.057291666667e-04	-0.00865480
1.057617187500e-04	-0.00237911
1.057942708333e-04	-0.00058897
1.058268229167e-04	-0.00569250
1.058593750000e-04	-0.00684659
1.058919270833e-04	-0.00778759
1.059244791667e-04	-0.01080996
1.059570312500e-04	-0.00453939
1.059895833333e-04	0.00680692
1.060221354167e-04	0.00459957
1.060546875000e-04	-0.00550013
1.060872395833e-04	-0.00205695
1.061197916667e-04	0.01081064
1.061523437500e-04	0.01208779
1.061848958333e-04	0.00119742
1.062174479167e-04	-0.00340960
1.062500000000e-04	0.00668052
1.062825520833e-04	0.01650302
1.063151041667e-04	0.00569741
1.063476562500e-04	-0.01796696
1.063802083333e-04	-0.02260684
1.064127604167e-04	-0.00460860
1.064453125000e-04	0.00087547
1.064778645833e-04	-0.01793015
1.065104166667e-04	-0.02961998
1.065429687500e-04	-0.01955237
1.065755208333e-04	-0.00926639
1.066080729167e-04	-0.00812742
1.066406250000e-04	-0.00409987
1.066731770833e-04	0.00251370
1.067057291667e-04	0.00295369
1.067382812500e-04	-0.00045418
1.067708333333e-04	-0.00544220
1.068033854167e-04	-0.01278026
1.068359375000e-04	-0.01375707
1.068684895833e-04	-0.00447690
1.069010416667e-04	0.00293941
1.069335937500e-04	0.00445808
1.069661458333e-04	0.00759105
1.069986979167e-04	0.00630799
1.070312500000e-04	-0.00606285
1.070638020833e-04	-0.01380435
1.070963541667e-04	-0.00953696
1.071289062500e-04	-0.01319479
1.071614583333e-04	-0.02856333
1.071940104167e-04	-0.03150524
1.072265625000e-04	-0.01876735
1.072591145833e-04	-0.01079429
1.072916666667e-04	-0.00743290
1.073242187500e-04	0.00264829
1.073567708333e-04	0.00868052
1.073893229167e-04	0.00223903
1.074218750000e-04	0.00046323
1.074544270833e-04	0.01066082
1.074869791667e-04	0.01427182
1.075195312500e-04	0.00421674
1.075520833333e-04	-0.00490769
1.075846354167e-04	-0.00612179
1.076171875000e-04	-0.00241162
1.076497395833e-04	0.00790507
1.076822916667e-04	0.01978641
1.077148437500e-04	0.01821026
1.077473958333e-04	0.00502840
1.077799479167e-04	-0.00044062
1.078125000000e-04	0.00271314
1.078450520833e-04	-0.00354391
1.078776041667e-04	-0.01566198
1.079101562500e-04	-0.00961187
1.079427083333e-04	0.01115990
1.079752604167e-04	0.01604271
1.080078125000e-04	0.00432650
1.080403645833e-04	0.00786156
1.080729166667e-04	0.02557492
1.081054687500e-04	0.01983006
1.081380208333e-04	-0.00795756
1.081705729167e-04	-0.01280529
1.082031250000e-04	0.00906213
1.082356770833e-04	0.01405009
1.082682291667e-04	-0.00135318
1.083007812500e-04	0.00314153
1.083333333333e-04	0.02544332
1.083658854167e-04	0.02265091
1.083984375000e-04	-0.00481506
1.084309895833e-04	-0.01513609
1.084635416667e-04	-0.00112497
1.084960937500e-04	0.00664500
1.085286458333e-04	-0.00153446
1.085611979167e-04	-0.00654157
1.085937500000e-04	0.00098863
1.086263020833e-04	0.00743669
1.086588541667e-04	-0.00133874
1.086914062500e-04	-0.01573179
1.087239583333e-04	-0.01187160
1.087565104167e-04	0.00709071
1.087890625000e-04	0.00859697
1.088216145833e-04	-0.01030151
1.088541666667e-04	-0.01218638
1.088867187500e-04	0.00699941
1.089192708333e-04	0.00601876
1.089518229167e-04	-0.01581723
1.089843750000e-04	-0.01253261
1.090169270833e-04	0.01229981
1.090494791667e-04	0.00815625
1.090820312500e-04	-0.01978526
1.091145833333e-04	-0.02082765
1.091471354167e-04	0.00121571
1.091796875000e-04	0.00534248
1.092122395833e-04	-0.00127816
1.092447916667e-04	0.00746535
1.092773437500e-04	0.01268341
1.093098958333e-04	-0.00239691
1.093424479167e-04	-0.00716322
1.093750000000e-04	0.01280838
1.094075520833e-04	0.02285163
1.094401041667e-04	0.00863479
1.094726562500e-04	-0.00159481
1.095052083333e-04	0.00076319
1.095377604167e-04	-0.00205228
1.095703125000e-04	-0.00572976
1.096028645833e-04	0.00268385
1.096354166667e-04	0.00913618
1.096679687500e-04	0.00327812
1.097005208333e-04	0.00216408
1.097330729167e-04	0.00904266
1.097656250000e-04	0.00371210
1.097981770833e-04	-0.00955606
1.098307291667e-04	-0.00593262
1.098632812500e-04	0.00720127
1.098958333333e-04	0.00246775
1.099283854167e-04	-0.01327333
1.099609375000e-04	-0.01243974
1.099934895833e-04	0.00236220
1.100260416667e-04	0.00733237
1.100585937500e-04	0.00039712
1.100911458333e-04	-0.00099369
1.101236979167e-04	0.00656649
1.101562500000e-04	0.00837717
1.101888020833e-04	-0.00062352
1.102213541667e-04	-0.00557219
1.102539062500e-04	0.00146134
1.102864583333e-04	0.00517447
1.103190104167e-04	-0.00280108
1.103515625000e-04	-0.00325593
1.103841145833e-04	0.01335123
1.104166666667e-04	0.02243802
1.104492187500e-04	0.00890003
1.104817708333e-04	-0.00540575
1.105143229167e-04	-0.00356749
1.105468750000e-04	0.00337397
1.105794270833e-04	0.00894765
1.106119791667e-04	0.01776541
1.106445312500e-04	0.02173863
1.106770833333e-04	0.01446925
1.107096354167e-04	0.00935439
1.107421875000e-04	0.01102960
1.107747395833e-04	0.00728110
1.108072916667e-04	0.00431711
1.108398437500e-04	0.01629081
1.108723958333e-04	0.02389480
1.109049479167e-04	0.00522036
1.109375000000e-04	-0.01472474
1.109700520833e-04	-0.00633373
1.110026041667e-04	0.01054827
1.110351562500e-04	0.00742503
1.110677083333e-04	-0.00435344
1.111002604167e-04	-0.00487125
1.111328125000e-04	0.00023067
1.111653645833e-04	-0.00026621
1.111979166667e-04	-0.00383520
1.112304687500e-04	-0.00114750
1.112630208333e-04	0.01315354
1.112955729167e-04	0.02794975
1.113281250000e-04	0.02134431
1.113606770833e-04	-0.00253101
1.113932291667e-04	-0.01196402
1.114257812500e-04	-0.00284578
1.114583333333e-04	-0.00506561
1.114908854167e-04	-0.01849325
1.115234375000e-04	-0.00919512
1.115559895833e-04	0.02138703
1.115885416667e-04	0.03502921
1.116210937500e-04	0.02365144
1.116536458333e-04	0.01196701
1.116861979167e-04	0.00707257
1.117187500000e-04	-0.00049370
1.117513020833e-04	-0.00851422
1.117838541667e-04	-0.01136961
1.118164062500e-04	-0.00872053
1.118489583333e-04	0.00356486
1.118815104167e-04	0.01929956
1.119140625000e-04	0.01527951
1.119466145833e-04	-0.00751807
1.119791666667e-04	-0.01376937
1.120117187500e-04	0.00483076
1.120442708333e-04	0.01308733
1.120768229167e-04	0.00033662
1.121093750000e-04	-0.00292718
1.121419270833e-04	0.00870885
1.121744791667e-04	0.00654304
1.122070312500e-04	-0.00956557
1.122395833333e-04	-0.01156857
1.122721354167e-04	-0.00014137
1.123046875000e-04	0.00384271
1.123372395833e-04	0.00583201
1.123697916667e-04	0.01964726
1.124023437500e-04	0.03158042
1.124348958333e-04	0.02612705
1.124674479167e-04	0.01359195
1.125000000000e-04	0.00433119
1.125325520833e-04	-0.00655362
1.125651041667e-04	-0.01528283
1.125976562500e-04	-0.00826224
1.126302083333e-04	0.01026075
1.126627604167e-04	0.01899062
1.126953125000e-04	0.00729343
1.127278645833e-04	-0.01271143
1.127604166667e-04	-0.01842964
1.127929687500e-04	-0.00296945
1.128255208333e-04	0.01086510
1.128580729167e-04	0.00161798
1.128906250000e-04	-0.01423901
1.129231770833e-04	-0.01056915
1.129557291667e-04	0.00312498
1.129882812500e-04	0.00617742
1.130208333333e-04	0.00397630
1.130533854167e-04	0.00137238
1.130859375000e-04	-0.01352979
1.131184895833e-04	-0.02955162
1.131510416667e-04	-0.01777720
1.131835937500e-04	0.00845201
1.132161458333e-04	0.00844224
1.132486979167e-04	-0.01298290
1.132812500000e-04	-0.01788139
1.133138020833e-04	-0.00358764
1.133463541667e-04	0.00396126
1.133789062500e-04	-0.00021580
1.134114583333e-04	-0.00325088
1.134440104167e-04	-0.00036736
1.134765625000e-04	0.00536707
1.135091145833e-04	0.00791051
1.135416666667e-04	0.00260095
1.135742187500e-04	-0.00467936
1.136067708333e-04	-0.00814474
1.136393229167e-04	-0.01266645
1.136718750000e-04	-0.01243963
1.137044270833e-04	0.00630187
1.137369791667e-04	0.02250654
1.137695312500e-04	0.00128350
1.138020833333e-04	-0.03285585
1.138346354167e-04	-0.02629983
1.138671875000e-04	0.00560783
1.138997395833e-04	0.00747534
1.139322916667e-04	-0.01181306
1.139648437500e-04	-0.00643902
1.139973958333e-04	0.01108538
1.140299479167e-04	0.00188582
1.140625000000e-04	-0.01562138
1.140950520833e-04	-0.00293528
1.141276041667e-04	0.02172998
1.141601562500e-04	0.01771157
1.141927083333e-04	-0.00552686
1.142252604167e-04	-0.00989032
1.142578125000e-04	0.00486096
1.142903645833e-04	0.00598552
1.143229166667e-04	-0.01348424
1.143554687500e-04	-0.02402495
1.143880208333e-04	-0.00938406
1.144205729167e-04	0.01121989
1.144531250000e-04	0.01967903
1.144856770833e-04	0.02066478
1.145182291667e-04	0.01764055
1.145507812500e-04	0.00578725
1.145833333333e-04	-0.00583916
1.146158854167e-04	-0.00192614
1.146484375000e-04	0.01192326
1.146809895833e-04	0.01976850
1.147135416667e-04	0.01947570
1.147460937500e-04	0.01486581
1.147786458333e-04	0.00562977
1.148111979167e-04	-0.00300160
1.148437500000e-04	-0.00318808
1.148763020833e-04	0.00153291
1.149088541667e-04	0.00190633
1.149414062500e-04	-0.00381518
1.149739583333e-04	-0.00830753
1.150065104167e-04	-0.00094147
1.150390625000e-04	0.01530168
1.150716145833e-04	0.01658017
1.151041666667e-04	-0.00435240
1.151367187500e-04	-0.01399462
1.151692708333e-04	0.00522249
1.152018229167e-04	0.01578572
1.152343750000e-04	-0.00469178
1.152669270833e-04	-0.01697720
1.152994791667e-04	0.00304396
1.153320312500e-04	0.02022606
1.153645833333e-04	0.01518641
1.153971354167e-04	0.01467693
1.154296875000e-04	0.02269920
1.154622395833e-04	0.01168396
1.154947916667e-04	-0.01289925
1.155273437500e-04	-0.02070309
1.155598958333e-04	-0.01566302
1.155924479167e-04	-0.02126865
1.156250000000e-04	-0.03172844
1.156575520833e-04	-0.02546939
1.156901041667e-04	-0.00363042
1.157226562500e-04	0.01279361
1.157552083333e-04	0.01166362
1.157877604167e-04	0.00377019
1.158203125000e-04	0.00366287
1.158528645833e-04	0.00282535
1.158854166667e-04	-0.01094162
1.159179687500e-04	-0.01830244
1.159505208333e-04	-0.00160402
1.159830729167e-04	0.01014024
1.160156250000e-04	-0.00755154
1.160481770833e-04	-0.02168024
1.160807291667e-04	-0.00617777
1.161132812500e-04	0.00663144
1.161458333333e-04	-0.00310758
1.161783854167e-04	-0.00555335
1.162109375000e-04	0.00694277
1.162434895833e-04	0.00659611
1.162760416667e-04	-0.00177780
1.163085937500e-04	0.00531106
1.163411458333e-04	0.01300305
1.163736979167e-04	0.00761809
1.164062500000e-04	0.01328235
1.164388020833e-04	0.02877637
1.164713541667e-04	0.01807550
1.165039062500e-04	-0.00457224
1.165364583333e-04	0.00797061
1.165690104167e-04	0.03327780
1.166015625000e-04	0.01673004
1.166341145833e-04	-0.01848429
1.166666666667e-04	-0.01985053
1.166992187500e-04	-0.00842225
1.167317708333e-04	-0.02295346
1.167643229167e-04	-0.03560168
1.167968750000e-04	-0.01596114
1.168294270833e-04	0.00496369
1.168619791667e-04	0.00255108
1.168945312500e-04	0.00131879
1.169270833333e-04	0.00947985
1.169596354167e-04	0.00200215
1.169921875000e-04	-0.01452668
1.170247395833e-04	-0.00918136
1.170572916667e-04	0.00618467
1.170898437500e-04	0.00099105
1.171223958333e-04	-0.00807426
1.171549479167e-04	0.00518224
1.171875000000e-04	0.01454887
1.172200520833e-04	-0.00568659
1.172526041667e-04	-0.01955116
1.172851562500e-04	0.00461286
1.173177083333e-04	0.02830688
1.173502604167e-04	0.01361532
1.173828125000e-04	-0.00618729
1.174153645833e-04	0.00730442
1.174479166667e-04	0.02826123
1.174804687500e-04	0.02243427
1.175130208333e-04	0.00633270
1.175455729167e-04	0.00178893
1.175781250000e-04	-0.00413412
1.176106770833e-04	-0.01780791
1.176432291667e-04	-0.02122936
1.176757812500e-04	-0.01631621
1.177083333333e-04	-0.02210424
1.177408854167e-04	-0.02411098
1.177734375000e-04	0.00187808
1.178059895833e-04	0.02593400
1.178385416667e-04	0.00496732
1.178710937500e-04	-0.03128924
1.179036458333e-04	-0.02306676
1.179361979167e-04	0.01479298
1.179687500000e-04	0.02138131
1.180013020833e-04	-0.00462889
1.180338541667e-04	-0.01657832
1.180664062500e-04	-0.00843791
1.180989583333e-04	-0.00988000
1.181315104167e-04	-0.01949601
1.181640625000e-04	-0.01247641
1.181966145833e-04	0.00734442
1.182291666667e-04	0.01541702
1.182617187500e-04	0.00865306
1.182942708333e-04	0.00405992
1.183268229167e-04	0.00725282
1.183593750000e-04	0.00709273
1.183919270833e-04	-0.00015702
1.184244791667e-04	-0.00134233
1.184570312500e-04	0.00759690
1.184895833333e-04	0.00735873
1.185221354167e-04	-0.00925836
1.185546875000e-04	-0.01670854
1.185872395833e-04	-0.00357850
1.186197916667e-04	0.00262669
1.186523437500e-04	-0.00876586
1.186848958333e-04	-0.01037074
1.187174479167e-04	0.00194905
1.187500000000e-04	0.00103497
1.187825520833e-04	-0.00785461
1.188151041667e-04	0.00008723
1.188476562500e-04	0.00690100
1.188802083333e-04	-0.00947668
1.189127604167e-04	-0.01652201
1.189453125000e-04	0.00960499
1.189778645833e-04	0.02901976
1.190104166667e-04	0.01467373
1.190429687500e-04	-0.00022877
1.190755208333e-04	0.00355055
1.191080729167e-04	0.00148154
1.191406250000e-04	-0.01061083
1.191731770833e-04	-0.00930779
1.192057291667e-04	0.00239542
1.192382812500e-04	0.00255006
1.192708333333e-04	-0.00767381
1.193033854167e-04	-0.01241735
1.193359375000e-04	-0.00624512
1.193684895833e-04	0.00439255
1.194010416667e-04	0.00620190
1.194335937500e-04	-0.00436780
1.194661458333e-04	-0.00806946
1.194986979167e-04	0.00591966
1.195312500000e-04	0.01651706
1.195638020833e-04	0.01165241
1.195963541667e-04	0.00962564
1.196289062500e-04	0.01404516
1.196614583333e-04	0.00776084
1.196940104167e-04	-0.00017420
1.197265625000e-04	0.01053682
1.197591145833e-04	0.02345696
1.197916666667e-04	0.01551655
1.198242187500e-04	0.00100922
1.198567708333e-04	-0.00079151
1.198893229167e-04	0.00434556
1.199218750000e-04	0.00872023
1.199544270833e-04	0.00956952
1.199869791667e-04	0.00150733
1.200195312500e-04	-0.00523289
1.200520833333e-04	0.00452363
1.200846354167e-04	0.01368943
1.201171875000e-04	0.00339853
1.201497395833e-04	-0.00118048
1.201822916667e-04	0.01792332
1.202148437500e-04	0.02556716
1.202473958333e-04	0.00243697
1.202799479167e-04	-0.01332720
1.203125000000e-04	-0.00219729
1.203450520833e-04	0.00455929
1.203776041667e-04	-0.00448509
1.204101562500e-04	-0.00532571
1.204427083333e-04	0.00186457
1.204752604167e-04	-0.00381305
1.205078125000e-04	-0.01381370
1.205403645833e-04	-0.00653598
1.205729166667e-04	0.00883398
1.206054687500e-04	0.01042719
1.206380208333e-04	0.00083583
1.206705729167e-04	-0.00533937
1.207031250000e-04	-0.00941780
1.207356770833e-04	-0.01808172
1.207682291667e-04	-0.02021767
1.208007812500e-04	-0.00336039
1.208333333333e-04	0.01643163
1.208658854167e-04	0.01675838
1.208984375000e-04	0.00824168
1.209309895833e-04	0.00851624
1.209635416667e-04	0.00491359
1.209960937500e-04	-0.00691592
1.210286458333e-04	0.00061673
1.210611979167e-04	0.02211932
1.210937500000e-04	0.01184108
1.211263020833e-04	-0.02034917
1.211588541667e-04	-0.01575282
1.211914062500e-04	0.01466141
1.212239583333e-04	0.01096284
1.212565104167e-04	-0.01196306
1.212890625000e-04	-0.00276481
1.213216145833e-04	0.01468733
1.213541666667e-04	0.00102056
1.213867187500e-04	-0.01110108
1.214192708333e-04	0.00394518
1.214518229167e-04	0.00876706
1.214843750000e-04	-0.00705094
1.215169270833e-04	-0.00745937
1.215494791667e-04	-0.00004874
1.215820312500e-04	-0.01610381
1.216145833333e-04	-0.02716774
1.216471354167e-04	-0.00183429
1.216796875000e-04	0.01770174
1.217122395833e-04	-0.00365363
1.217447916667e-04	-0.02394223
1.217773437500e-04	-0.00951526
1.218098958333e-04	0.00634583
1.218424479167e-04	-0.00049629
1.218750000000e-04	-0.00323719
1.219075520833e-04	0.01132548
1.219401041667e-04	0.01487673
1.219726562500e-04	-0.00609048
1.220052083333e-04	-0.02357524
1.220377604167e-04	-0.01357271
1.220703125000e-04	0.00903814
1.221028645833e-04	0.01793990
1.221354166667e-04	0.01369922
1.221679687500e-04	0.01241253
1.222005208333e-04	0.01344072
1.222330729167e-04	0.00690502
1.222656250000e-04	-0.00120132
1.222981770833e-04	-0.00031932
1.223307291667e-04	0.00393799
1.223632812500e-04	0.00283729
1.223958333333e-04	-0.00036394
1.224283854167e-04	-0.00001571
1.224609375000e-04	0.00582989
1.224934895833e-04	0.01638706
1.225260416667e-04	0.02137262
1.225585937500e-04	0.01067380
1.225911458333e-04	-0.00377352
1.226236979167e-04	-0.00367266
1.226562500000e-04	0.00404504
1.226888020833e-04	0.00256433
1.227213541667e-04	-0.00622722
1.227539062500e-04	-0.01475062
1.227864583333e-04	-0.02199766
1.228190104167e-04	-0.01927970
1.228515625000e-04	-0.00182112
1.228841145833e-04	0.00844659
1.229166666667e-04	-0.00497442
1.229492187500e-04	-0.01734924
1.229817708333e-04	-0.00380857
1.230143229167e-04	0.01466373
1.230468750000e-04	0.00958016
1.230794270833e-04	-0.00582978
1.231119791667e-04	-0.00458957
1.231445312500e-04	0.00876973
1.231770833333e-04	0.01332830
1.232096354167e-04	0.00799612
1.232421875000e-04	0.00638805
1.232747395833e-04	0.00952430
1.233072916667e-04	0.00517796
1.233398437500e-04	-0.00826614
1.233723958333e-04	-0.01383225
1.234049479167e-04	0.00067919
1.234375000000e-04	0.02033943
1.234700520833e-04	0.01856853
1.235026041667e-04	-0.00375643
1.235351562500e-04	-0.01351419
1.235677083333e-04	0.00581074
1.236002604167e-04	0.02309319
1.236328125000e-04	0.00817258
1.236653645833e-04	-0.01522778
1.236979166667e-04	-0.01273489
1.237304687500e-04	-0.00287233
1.237630208333e-04	-0.01558017
1.237955729167e-04	-0.02767119
1.238281250000e-04	-0.01027760
1.238606770833e-04	0.00788682
1.238932291667e-04	-0.00481326
1.239257812500e-04	-0.02125547
1.239583333333e-04	-0.01044871
1.239908854167e-04	0.00650150
1.240234375000e-04	0.00329503
1.240559895833e-04	-0.00636525
1.240885416667e-04	-0.00207613
1.241210937500e-04	0.01037879
1.241536458333e-04	0.01543732
1.241861979167e-04	0.01054865
1.242187500000e-04	0.00670412
1.242513020833e-04	0.01046220
1.242838541667e-04	0.01082874
1.243164062500e-04	0.00112063
1.243489583333e-04	-0.00106462
1.243815104167e-04	0.01199320
1.244140625000e-04	0.01576293
1.244466145833e-04	0.00137148
1.244791666667e-04	-0.00518327
1.245117187500e-04	0.00242181
1.245442708333e-04	0.00404018
1.245768229167e-04	0.00234541
1.246093750000e-04	0.00474986
1.246419270833e-04	-0.01050702
1.246744791667e-04	-0.03933080
1.247070312500e-04	-0.03331613
1.247395833333e-04	0.00729847
1.247721354167e-04	0.02139051
1.248046875000e-04	-0.00170886
1.248372395833e-04	-0.01235708
1.248697916667e-04	-0.00126719
1.249023437500e-04	0.00032898
1.249348958333e-04	-0.00816663
1.249674479167e-04	-0.01183386
1.250000000000e-04	-0.01558329
1.250325520833e-04	-0.01643341
1.250651041667e-04	-0.00266105
1.250976562500e-04	0.01136142
1.251302083333e-04	0.00698209
1.251627604167e-04	-0.00523445
1.251953125000e-04	-0.00936949
1.252278645833e-04	-0.00312852
1.252604166667e-04	0.00876040
1.252929687500e-04	0.00738206
1.253255208333e-04	-0.01767393
1.253580729167e-04	-0.03061229
1.253906250000e-04	-0.00297260
1.254231770833e-04	0.02456818
1.254557291667e-04	0.01626778
1.254882812500e-04	0.00467865
1.255208333333e-04	0.00779862
1.255533854167e-04	-0.00438505
1.255859375000e-04	-0.02047539
1.256184895833e-04	-0.00319674
1.256510416667e-04	0.01519108
1.256835937500e-04	-0.00463601
1.257161458333e-04	-0.01891660
1.257486979167e-04	0.00266630
1.257812500000e-04	0.01035544
1.258138020833e-04	-0.01007527
1.258463541667e-04	-0.00887196
1.258789062500e-04	0.00852517
1.259114583333e-04	-0.00359981
1.259440104167e-04	-0.02300470
1.259765625000e-04	-0.01030590
1.260091145833e-04	0.00761362
1.260416666667e-04	0.00602747
1.260742187500e-04	0.00580941
1.261067708333e-04	0.00616544
1.261393229167e-04	-0.00788748
1.261718750000e-04	-0.01036641
1.262044270833e-04	0.01033871
1.262369791667e-04	0.01446812
1.262695312500e-04	-0.00353417
1.263020833333e-04	-0.00324708
1.263346354167e-04	0.00726715
1.263671875000e-04	-0.00889271
1.263997395833e-04	-0.02831469
1.264322916667e-04	-0.01458867
1.264648437500e-04	0.00608561
1.264973958333e-04	0.00498078
1.265299479167e-04	0.00469645
1.265625000000e-04	0.02074196
1.265950520833e-04	0.03153689
1.266276041667e-04	0.02437270
1.266601562500e-04	0.00958221
1.266927083333e-04	-0.00060546
1.267252604167e-04	0.00213780
1.267578125000e-04	0.01212675
1.267903645833e-04	0.01102042
1.268229166667e-04	0.00287103
1.268554687500e-04	0.01003980
1.268880208333e-04	0.02384836
1.269205729167e-04	0.01777727
1.269531250000e-04	0.00124843
1.269856770833e-04	-0.00216676
1.270182291667e-04	-0.00106299
1.270507812500e-04	-0.00817257
1.270833333333e-04	-0.01003329
1.271158854167e-04	0.00091706
1.271484375000e-04	0.00989964
1.271809895833e-04	0.00720435
1.272135416667e-04	-0.00252163
1.272460937500e-04	-0.00861754
1.272786458333e-04	0.00095605
1.273111979167e-04	0.01904279
1.273437500000e-04	0.01776001
1.273763020833e-04	-0.00325288
1.274088541667e-04	-0.00871643
1.274414062500e-04	0.00750552
1.274739583333e-04	0.01229568
1.275065104167e-04	0.00039157
1.275390625000e-04	-0.00260443
1.275716145833e-04	-0.00011999
1.276041666667e-04	-0.01172992
1.276367187500e-04	-0.02074690
1.276692708333e-04	-0.00394450
1.277018229167e-04	0.01750821
1.277343750000e-04	0.01305990
1.277669270833e-04	-0.00645076
1.277994791667e-04	-0.01261861
1.278320312500e-04	-0.00081717
1.278645833333e-04	0.01485850
1.278971354167e-04	0.02039142
1.279296875000e-04	0.00842903
1.279622395833e-04	-0.01217615
1.279947916667e-04	-0.01853397
1.280273437500e-04	-0.00352523
1.280598958333e-04	0.01053886
1.280924479167e-04	0.00522826
1.281250000000e-04	-0.00789593
1.281575520833e-04	-0.01317667
1.281901041667e-04	-0.01598457
1.282226562500e-04	-0.02060760
1.282552083333e-04	-0.01456817
1.282877604167e-04	0.00339346
1.283203125000e-04	0.01392742
1.283528645833e-04	0.01045876
1.283854166667e-04	0.00490072
1.284179687500e-04	-0.00132991
1.284505208333e-04	-0.01146701
1.284830729167e-04	-0.01226482
1.285156250000e-04	0.00154510
1.285481770833e-04	0.00972164
1.285807291667e-04	0.00446741
1.286132812500e-04	0.00373208
1.286458333333e-04	0.00917213
1.286783854167e-04	0.00347069
1.287109375000e-04	-0.00740282
1.287434895833e-04	-0.00337020
1.287760416667e-04	0.00964689
1.288085937500e-04	0.01422569
1.288411458333e-04	0.01191033
1.288736979167e-04	0.00910562
1.289062500000e-04	0.00444821
1.289388020833e-04	0.00195994
1.289713541667e-04	0.00477326
1.290039062500e-04	0.00276486
1.290364583333e-04	-0.00771349
1.290690104167e-04	-0.01340645
1.291015625000e-04	-0.00887687
1.291341145833e-04	-0.00339633
1.291666666667e-04	-0.00090466
1.291992187500e-04	-0.00040073
1.292317708333e-04	-0.00605695
1.292643229167e-04	-0.01594588
1.292968750000e-04	-0.01877167
1.293294270833e-04	-0.01259692
1.293619791667e-04	-0.00606174
1.293945312500e-04	-0.00142719
1.294270833333e-04	0.00309349
1.294596354167e-04	0.00242134
1.294921875000e-04	-0.00485386
1.295247395833e-04	-0.00596685
1.295572916667e-04	0.00648804
1.295898437500e-04	0.01355081
1.296223958333e-04	-0.00558582
1.296549479167e-04	-0.03084403
1.296875000000e-04	-0.02221143
1.297200520833e-04	0.01090844
1.297526041667e-04	0.01726596
1.297851562500e-04	-0.00834613
1.298177083333e-04	-0.01850522
1.298502604167e-04	-0.00389305
1.298828125000e-04	-0.00174868
1.299153645833e-04	-0.01324412
1.299479166667e-04	-0.00860518
1.299804687500e-04	0.00128366
1.300130208333e-04	-0.00883718
1.300455729167e-04	-0.01824065
1.300781250000e-04	-0.00518547
1.301106770833e-04	0.00569108
1.301432291667e-04	-0.00215480
1.301757812500e-04	-0.00649967
1.302083333333e-04	0.00049433
1.302408854167e-04	0.00185390
1.302734375000e-04	-0.00041364
1.303059895833e-04	0.00515727
1.303385416667e-04	0.00916927
1.303710937500e-04	0.00549278
1.304036458333e-04	0.00715679
1.304361979167e-04	0.01531877
1.304687500000e-04	0.01490754
1.305013020833e-04	0.00523363
1.305338541667e-04	0.00077920
1.305664062500e-04	0.00803228
1.305989583333e-04	0.01758856
1.306315104167e-04	0.01277106
1.306640625000e-04	-0.00778272
1.306966145833e-04	-0.01926656
1.307291666667e-04	-0.00674335
1.307617187500e-04	0.00796149
1.307942708333e-04	0.00715818
1.308268229167e-04	0.00476359
1.308593750000e-04	0.00692884
1.308919270833e-04	0.00301531
1.309244791667e-04	0.00294336
1.309570312500e-04	0.01640998
1.309895833333e-04	0.01681781
1.310221354167e-04	-0.00692732
1.310546875000e-04	-0.01530141
1.310872395833e-04	0.00785309
1.311197916667e-04	0.02169060
1.311523437500e-04	0.00678193
1.311848958333e-04	-0.00752076
1.312174479167e-04	-0.00751106
1.312500000000e-04	-0.00826608
1.312825520833e-04	-0.01243359
1.313151041667e-04	-0.01382550
1.313476562500e-04	-0.01471044
1.313802083333e-04	-0.01141958
1.314127604167e-04	0.00093763
1.314453125000e-04	0.00970168
1.314778645833e-04	0.00379733
1.315104166667e-04	-0.00779802
1.315429687500e-04	-0.01416764
1.315755208333e-04	-0.01224133
1.316080729167e-04	-0.00195479
1.316406250000e-04	0.00805691
1.316731770833e-04	0.01029712
1.317057291667e-04	0.01239939
1.317382812500e-04	0.01208162
1.317708333333e-04	-0.00861833
1.318033854167e-04	-0.03538205
1.318359375000e-04	-0.03062504
1.318684895833e-04	-0.00594915
1.319010416667e-04	-0.00437198
1.319335937500e-04	-0.01986347
1.319661458333e-04	-0.01977365
1.319986979167e-04	-0.00932935
1.320312500000e-04	-0.00312674
1.320638020833e-04	0.00600361
1.320963541667e-04	0.01218661
1.321289062500e-04	0.00497588
1.321614583333e-04	0.00487353
1.321940104167e-04	0.01869295
1.322265625000e-04	0.01450059
1.322591145833e-04	-0.00622838
1.322916666667e-04	-0.00435376
1.323242187500e-04	0.01103773
1.323567708333e-04	0.00580327
1.323893229167e-04	0.00223634
1.324218750000e-04	0.02307437
1.324544270833e-04	0.02766537
1.324869791667e-04	-0.00000862
1.325195312500e-04	-0.00952224
1.325520833333e-04	0.00932416
1.325846354167e-04	0.00963350
1.326171875000e-04	-0.00600549
1.326497395833e-04	0.00278674
1.326822916667e-04	0.02040590
1.327148437500e-04	0.01219986
1.327473958333e-04	-0.00187448
1.327799479167e-04	0.00184939
1.328125000000e-04	0.00378105
1.328450520833e-04	-0.00432445
1.328776041667e-04	-0.00107298
1.329101562500e-04	0.01144792
1.329427083333e-04	0.01066858
1.329752604167e-04	0.00101660
1.330078125000e-04	0.00212989
1.330403645833e-04	0.01123505
1.330729166667e-04	0.01194610
1.331054687500e-04	-0.00053644
1.331380208333e-04	-0.01604702
1.331705729167e-04	-0.01883843
1.332031250000e-04	-0.00453322
1.332356770833e-04	0.01093063
1.332682291667e-04	0.01272528
1.333007812500e-04	0.00807154
1.333333333333e-04	0.00830048
1.333658854167e-04	0.00681965
1.333984375000e-04	-0.00362085
1.334309895833e-04	-0.00889251
1.334635416667e-04	0.00460909
1.334960937500e-04	0.01887084
1.335286458333e-04	0.00962132
1.335611979167e-04	-0.00680664
1.335937500000e-04	0.00072616
1.336263020833e-04	0.01675579
1.336588541667e-04	0.00736277
1.336914062500e-04	-0.00952933
1.337239583333e-04	-0.00008598
1.337565104167e-04	0.01398124
1.337890625000e-04	0.00369157
1.338216145833e-04	-0.00474986
1.338541666667e-04	0.00754131
1.338867187500e-04	0.01004362
1.339192708333e-04	-0.00177172
1.339518229167e-04	0.00519466
1.339843750000e-04	0.01736182
1.340169270833e-04	-0.00109723
1.340494791667e-04	-0.01972287
1.340820312500e-04	0.00161844
1.341145833333e-04	0.02632144
1.341471354167e-04	0.01371973
1.341796875000e-04	-0.01006149
1.342122395833e-04	-0.02035284
1.342447916667e-04	-0.02840162
1.342773437500e-04	-0.02686323
1.343098958333e-04	-0.00393269
1.343424479167e-04	0.01309825
1.343750000000e-04	0.00892839
1.344075520833e-04	0.00937789
1.344401041667e-04	0.01626639
1.344726562500e-04	0.00589699
1.345052083333e-04	-0.00705801
1.345377604167e-04	-0.00212176
1.345703125000e-04	-0.00490424
1.346028645833e-04	-0.02309046
1.346354166667e-04	-0.01598248
1.346679687500e-04	0.01433876
1.347005208333e-04	0.01420001
1.347330729167e-04	-0.01251125
1.347656250000e-04	-0.00978849
1.347981770833e-04	0.01776876
1.348307291667e-04	0.01682873
1.348632812500e-04	-0.01031506
1.348958333333e-04	-0.01589117
1.349283854167e-04	0.00429523
1.349609375000e-04	0.01165547
1.349934895833e-04	-0.00414055
1.350260416667e-04	-0.01325937
1.350585937500e-04	-0.00167844
1.350911458333e-04	0.00512469
1.351236979167e-04	-0.00904423
1.351562500000e-04	-0.01816852
1.351888020833e-04	-0.00398486
1.352213541667e-04	0.00492026
1.352539062500e-04	-0.01111217
1.352864583333e-04	-0.02145718
1.353190104167e-04	-0.00645507
1.353515625000e-04	0.00308918
1.353841145833e-04	-0.01213914
1.354166666667e-04	-0.02515763
1.354492187500e-04	-0.01626804
1.354817708333e-04	-0.00002394
1.355143229167e-04	0.00969244
1.355468750000e-04	0.01191451
1.355794270833e-04	0.00425883
1.356119791667e-04	-0.00865893
1.356445312500e-04	-0.01037237
1.356770833333e-04	0.00327783
1.357096354167e-04	0.01435511
1.357421875000e-04	0.00835898
1.357747395833e-04	-0.00428678
1.358072916667e-04	-0.00340061
1.358398437500e-04	0.00816995
1.358723958333e-04	0.00768807
1.359049479167e-04	-0.00468182
1.359375000000e-04	-0.00241314
1.359700520833e-04	0.01503706
1.360026041667e-04	0.01803134
1.360351562500e-04	0.00444063
1.360677083333e-04	-0.00089398
1.361002604167e-04	0.00017095
1.361328125000e-04	-0.00820045
1.361653645833e-04	-0.01343558
1.361979166667e-04	-0.00331924
1.362304687500e-04	0.00452816
1.362630208333e-04	0.00037093
1.362955729167e-04	-0.00244019
1.363281250000e-04	0.00007616
1.363606770833e-04	0.00337360
1.363932291667e-04	0.00667643
1.364257812500e-04	-0.00220345
1.364583333333e-04	-0.02447438
1.364908854167e-04	-0.02304539
1.365234375000e-04	0.01224543
1.365559895833e-04	0.02601116
1.365885416667e-04	-0.00225078
1.366210937500e-04	-0.01629299
1.366536458333e-04	-0.00014667
1.366861979167e-04	-0.00437529
1.367187500000e-04	-0.02659785
1.367513020833e-04	-0.01663335
1.367838541667e-04	0.00809005
1.368164062500e-04	-0.00161632
1.368489583333e-04	-0.02354428
1.368815104167e-04	-0.01669556
1.369140625000e-04	0.00043438
1.369466145833e-04	0.00134097
1.369791666667e-04	-0.00626134
1.370117187500e-04	-0.01313053
1.370442708333e-04	-0.00847897
1.370768229167e-04	0.01913580
1.371093750000e-04	0.03685655
1.371419270833e-04	0.00613613
1.371744791667e-04	-0.03125177
1.372070312500e-04	-0.01829252
1.372395833333e-04	0.00950801
1.372721354167e-04	0.00045570
1.373046875000e-04	-0.01403153
1.373372395833e-04	-0.00106749
1.373697916667e-04	0.00431743
1.374023437500e-04	-0.01551954
1.374348958333e-04	-0.02397004
1.374674479167e-04	-0.00919766
1.375000000000e-04	0.00419614
1.375325520833e-04	0.00940982
1.375651041667e-04	0.00809336
1.375976562500e-04	-0.00565652
1.376302083333e-04	-0.01554831
1.376627604167e-04	-0.00335782
1.376953125000e-04	0.00762749
1.377278645833e-04	-0.00200135
1.377604166667e-04	-0.00435861
1.377929687500e-04	0.01439423
1.378255208333e-04	0.02005048
1.378580729167e-04	-0.00051898
1.378906250000e-04	-0.01422222
1.379231770833e-04	-0.00493690
1.379557291667e-04	0.00768442
1.379882812500e-04	0.01058781
1.380208333333e-04	0.00797198
1.380533854167e-04	0.00459155
1.380859375000e-04	0.00355746
1.381184895833e-04	0.00348338
1.381510416667e-04	-0.00034537
1.381835937500e-04	-0.00110081
1.382161458333e-04	0.00881428
1.382486979167e-04	0.01345707
1.382812500000e-04	-0.00188030
1.383138020833e-04	-0.01739008
1.383463541667e-04	-0.01205059
1.383789062500e-04	-0.00080671
1.384114583333e-04	-0.00152458
1.384440104167e-04	-0.00342292
1.384765625000e-04	0.00417588
1.385091145833e-04	0.01144542
1.385416666667e-04	0.01081388
1.385742187500e-04	0.00638705
1.386067708333e-04	0.00033490
1.386393229167e-04	-0.00593358
1.386718750000e-04	-0.00722278
1.387044270833e-04	-0.00421369
1.387369791667e-04	-0.00295055
1.387695312500e-04	-0.00338083
1.388020833333e-04	-0.00232148
1.388346354167e-04	0.00022475
1.388671875000e-04	0.00517249
1.388997395833e-04	0.01041980
1.389322916667e-04	0.00693480
1.389648437500e-04	-0.00281407
1.389973958333e-04	-0.00076880
1.390299479167e-04	0.01231223
1.390625000000e-04	0.01176774
1.390950520833e-04	-0.00216782
1.391276041667e-04	0.00072027
1.391601562500e-04	0.01899082
1.391927083333e-04	0.01537575
1.392252604167e-04	-0.00987716
1.392578125000e-04	-0.01398046
1.392903645833e-04	0.00731926
1.393229166667e-04	0.01096002
1.393554687500e-04	-0.01283997
1.393880208333e-04	-0.02697013
1.394205729167e-04	-0.01647534
1.394531250000e-04	-0.00350195
1.394856770833e-04	0.00103881
1.395182291667e-04	0.00607081
1.395507812500e-04	0.01307035
1.395833333333e-04	0.01666904
1.396158854167e-04	0.01539345
1.396484375000e-04	0.00741180
1.396809895833e-04	-0.00350882
1.397135416667e-04	-0.00340828
1.397460937500e-04	0.00962293
1.397786458333e-04	0.01866993
1.398111979167e-04	0.01727995
1.398437500000e-04	0.01533973
1.398763020833e-04	0.01309095
1.399088541667e-04	0.00468217
1.399414062500e-04	-0.00099690
1.399739583333e-04	0.00338964
1.400065104167e-04	0.00577459
1.400390625000e-04	-0.00019470
1.400716145833e-04	-0.00026517
1.401041666667e-04	0.01071078
1.401367187500e-04	0.01582626
1.401692708333e-04	0.00682852
1.402018229167e-04	-0.00163027
1.402343750000e-04	0.00106998
1.402669270833e-04	0.00521319
1.402994791667e-04	0.00212989
1.403320312500e-04	-0.00005945
1.403645833333e-04	0.00247456
1.403971354167e-04	-0.00345991
1.404296875000e-04	-0.01602068
1.404622395833e-04	-0.00762104
1.404947916667e-04	0.01924182
1.405273437500e-04	0.01664827
1.405598958333e-04	-0.02309499
1.405924479167e-04	-0.03830927
1.406250000000e-04	-0.00565002
1.406575520833e-04	0.01541904
1.406901041667e-04	-0.00447325
1.407226562500e-04	-0.01611777
1.407552083333e-04	0.00333661
1.407877604167e-04	0.01333510
1.408203125000e-04	0.00217971
1.408528645833e-04	0.00393185
1.408854166667e-04	0.01932020
1.409179687500e-04	0.01764675
1.409505208333e-04	0.00162787
1.409830729167e-04	-0.00451974
1.410156250000e-04	-0.00079110
1.410481770833e-04	0.00260060
1.410807291667e-04	0.00711505
1.411132812500e-04	0.01109247
1.411458333333e-04	0.00753090
1.411783854167e-04	0.00015217
1.412109375000e-04	-0.00167277
1.412434895833e-04	0.00223574
1.412760416667e-04	0.00257592
1.413085937500e-04	-0.00864109
1.413411458333e-04	-0.02327018
1.413736979167e-04	-0.02207518
1.414062500000e-04	-0.00669422
1.414388020833e-04	0.00050931
1.414713541667e-04	-0.00038549
1.415039062500e-04	0.00977019
1.415364583333e-04	0.02156025
1.415690104167e-04	0.01406949
1.416015625000e-04	0.00443929
1.416341145833e-04	0.01374565
1.416666666667e-04	0.01858144
1.416992187500e-04	-0.00065872
1.417317708333e-04	-0.01605316
1.417643229167e-04	-0.00746495
1.417968750000e-04	0.00094806
1.418294270833e-04	-0.00674006
1.418619791667e-04	-0.01113974
1.418945312500e-04	-0.00020022
1.419270833333e-04	0.01168571
1.419596354167e-04	0.01265639
1.419921875000e-04	0.00933631
1.420247395833e-04	0.01214512
1.420572916667e-04	0.01728312
1.420898437500e-04	0.01171779
1.421223958333e-04	-0.00074146
1.421549479167e-04	-0.00136220
1.421875000000e-04	0.00518426
1.422200520833e-04	-0.00433629
1.422526041667e-04	-0.02139731
1.422851562500e-04	-0.01729040
1.423177083333e-04	-0.00010082
1.423502604167e-04	0.00361755
1.423828125000e-04	0.00084261
1.424153645833e-04	0.00669313
1.424479166667e-04	0.00817774
1.424804687500e-04	-0.00316355
1.425130208333e-04	-0.01214245
1.425455729167e-04	-0.01122395
1.425781250000e-04	-0.00522226
1.426106770833e-04	0.00325066
1.426432291667e-04	0.00440380
1.426757812500e-04	-0.00635103
1.427083333333e-04	0.02111763
1.427408854167e-04	0.00401777
1.427734375000e-04	-0.00197970
1.428059895833e-04	-0.00072458
1.428385416667e-04	-0.00472312
1.428710937500e-04	-0.00440164
1.429036458333e-04	0.00038380
1.429361979167e-04	-0.00588090
1.429687500000e-04	-0.01368683
1.430013020833e-04	-0.00209271
1.430338541667e-04	0.01765361
1.430664062500e-04	0.02440787
1.430989583333e-04	0.02199604
1.431315104167e-04	0.01790129
1.431640625000e-04	0.01027695
1.431966145833e-04	0.00680671
1.432291666667e-04	0.01248200
1.432617187500e-04	0.01283184
1.432942708333e-04	0.00393226
1.433268229167e-04	0.00215483
1.433593750000e-04	0.00565712
1.433919270833e-04	-0.00085864
1.434244791667e-04	-0.00523209
1.434570312500e-04	0.00770435
1.434895833333e-04	0.01498783
1.435221354167e-04	-0.00056172
1.435546875000e-04	-0.00886087
1.435872395833e-04	0.01025932
1.436197916667e-04	0.02514548
1.436523437500e-04	0.01220834
1.436848958333e-04	-0.00371803
1.437174479167e-04	-0.00013330
1.437500000000e-04	0.00933635
1.437825520833e-04	0.00752740
1.438151041667e-04	-0.00490802
1.438476562500e-04	-0.01805331
1.438802083333e-04	-0.01468185
1.439127604167e-04	0.01284557
1.439453125000e-04	0.03586202
1.439778645833e-04	0.02201653
1.440104166667e-04	-0.00684624
1.440429687500e-04	-0.00500493
1.440755208333e-04	0.02138013
1.441080729167e-04	0.03045178
1.441406250000e-04	0.01557628
1.441731770833e-04	0.00091006
1.442057291667e-04	-0.00570451
1.442382812500e-04	-0.00681555
1.442708333333e-04	0.00263756
1.443033854167e-04	0.01478396
1.443359375000e-04	0.01020234
1.443684895833e-04	-0.00665439
1.444010416667e-04	-0.01452412
1.444335937500e-04	-0.01093724
1.444661458333e-04	-0.00304841
1.444986979167e-04	0.01078510
1.445312500000e-04	0.02049187
1.445638020833e-04	0.00771828
1.445963541667e-04	-0.01239507
1.446289062500e-04	-0.00644133
1.446614583333e-04	0.01607547
1.446940104167e-04	0.01612193
1.447265625000e-04	-0.00734431
1.447591145833e-04	-0.02097097
1.447916666667e-04	-0.01442497
1.448242187500e-04	-0.00572151
1.448567708333e-04	-0.00518715
1.448893229167e-04	-0.00877960
1.449218750000e-04	-0.01283544
1.449544270833e-04	-0.01459644
1.449869791667e-04	-0.00851537
1.450195312500e-04	0.00582485
1.450520833333e-04	0.01696415
1.450846354167e-04	0.01398881
1.451171875000e-04	0.00571763
1.451497395833e-04	0.00846508
1.451822916667e-04	0.01384715
1.452148437500e-04	0.00384927
1.452473958333e-04	-0.00549846
1.452799479167e-04	0.01016374
1.453125000000e-04	0.02853500
1.453450520833e-04	0.02042010
1.453776041667e-04	0.00893631
1.454101562500e-04	0.01346707
1.454427083333e-04	0.00194286
1.454752604167e-04	-0.02690492
1.455078125000e-04	-0.01704888
1.455403645833e-04	0.02651212
1.455729166667e-04	0.02809562
1.456054687500e-04	-0.01132138
1.456380208333e-04	-0.01548766
1.456705729167e-04	0.01320464
1.457031250000e-04	0.01020562
1.457356770833e-04	-0.01217239
1.457682291667e-04	-0.00382786
1.458007812500e-04	0.01205101
1.458333333333e-04	0.00239154
1.458658854167e-04	-0.00008687
1.458984375000e-04	0.01912876
1.459309895833e-04	0.01796539
1.459635416667e-04	-0.00525828
1.459960937500e-04	-0.00546738
1.460286458333e-04	0.01254692
1.460611979167e-04	0.01201999
1.460937500000e-04	0.00416234
1.461263020833e-04	0.01045128
1.461588541667e-04	0.01016869
1.461914062500e-04	-0.00457737
1.462239583333e-04	-0.00461224
1.462565104167e-04	0.00942575
1.462890625000e-04	0.00547927
1.463216145833e-04	-0.00917622
1.463541666667e-04	-0.00156256
1.463867187500e-04	0.01840021
1.464192708333e-04	0.01657743
1.464518229167e-04	-0.00411008
1.464843750000e-04	-0.01563631
1.465169270833e-04	-0.00986112
1.465494791667e-04	0.00178060
1.465820312500e-04	0.00724983
1.466145833333e-04	-0.00219773
1.466471354167e-04	-0.02293030
1.466796875000e-04	-0.03179033
1.467122395833e-04	-0.01259772
1.467447916667e-04	0.01406821
1.467773437500e-04	0.01592538
1.468098958333e-04	-0.00114830
1.468424479167e-04	-0.00444129
1.468750000000e-04	0.00783709
1.469075520833e-04	0.00649040
1.469401041667e-04	-0.01149496
1.469726562500e-04	-0.01840503
1.470052083333e-04	-0.00697937
1.470377604167e-04	0.00491131
1.470703125000e-04	0.00937171
1.471028645833e-04	0.00571750
1.471354166667e-04	-0.00858147
1.471679687500e-04	-0.01665093
1.472005208333e-04	-0.00064437
1.472330729167e-04	0.01392697
1.472656250000e-04	0.00001970
1.472981770833e-04	-0.00972799
1.473307291667e-04	0.01336150
1.473632812500e-04	0.02546092
1.473958333333e-04	-0.00436992
1.474283854167e-04	-0.02467856
1.474609375000e-04	-0.00268174
1.474934895833e-04	0.01216005
1.475260416667e-04	-0.00655297
1.475585937500e-04	-0.01489529
1.475911458333e-04	0.00158732
1.476236979167e-04	0.00554670
1.476562500000e-04	-0.00469974
1.476888020833e-04	-0.00097171
1.477213541667e-04	0.00506620
1.477539062500e-04	-0.00540021
1.477864583333e-04	-0.00884441
1.478190104167e-04	0.00734372
1.478515625000e-04	0.01517727
1.478841145833e-04	0.00799538
1.479166666667e-04	0.00970689
1.479492187500e-04	0.01595323
1.479817708333e-04	0.00648537
1.480143229167e-04	-0.00441593
1.480468750000e-04	0.00318507
1.480794270833e-04	0.01470849
1.481119791667e-04	0.01323709
1.481445312500e-04	0.00449408
1.481770833333e-04	-0.00485582
1.482096354167e-04	-0.00947943
1.482421875000e-04	-0.00115627
1.482747395833e-04	0.00773258
1.483072916667e-04	-0.00163440
1.483398437500e-04	-0.01094767
1.483723958333e-04	0.00192838
1.484049479167e-04	0.00978523
1.484375000000e-04	-0.00845071
1.484700520833e-04	-0.01308320
1.485026041667e-04	0.01696462
1.485351562500e-04	0.02970730
1.485677083333e-04	-0.00289797
1.486002604167e-04	-0.02875582
1.486328125000e-04	-0.01207894
1.486653645833e-04	0.01293383
1.486979166667e-04	0.01619744
1.487304687500e-04	0.00840810
1.487630208333e-04	-0.00076652
1.487955729167e-04	-0.00954838
1.488281250000e-04	-0.00982469
1.488606770833e-04	-0.00751727
1.488932291667e-04	-0.01478747
1.489257812500e-04	-0.01521369
1.489583333333e-04	0.00567042
1.489908854167e-04	0.01985160
1.490234375000e-04	0.00690085
1.490559895833e-04	-0.00593792
1.490885416667e-04	-0.00184984
1.491210937500e-04	-0.00219272
1.491536458333e-04	-0.00910062
1.491861979167e-04	-0.00171638
1.492187500000e-04	0.00827155
1.492513020833e-04	-0.00259136
1.492838541667e-04	-0.01735629
1.493164062500e-04	-0.01435498
1.493489583333e-04	-0.00694534
1.493815104167e-04	-0.00179867
1.494140625000e-04	0.01550642
1.494466145833e-04	0.03126444
1.494791666667e-04	0.01689248
1.495117187500e-04	-0.00919969
1.495442708333e-04	-0.00831592
1.495768229167e-04	0.01046268
1.496093750000e-04	0.01424912
1.496419270833e-04	0.00366660
1.496744791667e-04	-0.00381121
1.497070312500e-04	-0.00721264
1.497395833333e-04	-0.00785321
1.497721354167e-04	-0.00116389
1.498046875000e-04	0.00651353
1.498372395833e-04	0.00641623
1.498697916667e-04	0.00480607
1.499023437500e-04	0.00621153
1.499348958333e-04	0.00188601
1.499674479167e-04	-0.00675393
1.500000000000e-04	-0.00562639
1.500325520833e-04	0.00039107
1.500651041667e-04	-0.00709977
1.500976562500e-04	-0.01907622
1.501302083333e-04	-0.01014601
1.501627604167e-04	0.00973916
1.501953125000e-04	0.00750297
1.502278645833e-04	-0.01164296
1.502604166667e-04	-0.01250241
1.502929687500e-04	0.00504584
1.503255208333e-04	0.00866597
1.503580729167e-04	-0.00632265
1.503906250000e-04	-0.01564772
1.504231770833e-04	-0.01253467
1.504557291667e-04	-0.00867409
1.504882812500e-04	-0.00712725
1.505208333333e-04	-0.00513347
1.505533854167e-04	-0.00123213
1.505859375000e-04	0.00819466
1.506184895833e-04	0.01563555
1.506510416667e-04	0.00604738
1.506835937500e-04	-0.00631484
1.507161458333e-04	0.00655899
1.507486979167e-04	0.02537460
1.507812500000e-04	0.01130515
1.508138020833e-04	-0.01489205
1.508463541667e-04	-0.01062397
1.508789062500e-04	0.00501638
1.509114583333e-04	-0.00203844
1.509440104167e-04	-0.00918851
1.509765625000e-04	0.00562551
1.510091145833e-04	0.01464766
1.510416666667e-04	0.00532716
1.510742187500e-04	0.00170799
1.511067708333e-04	0.00062984
1.511393229167e-04	-0.01550190
1.511718750000e-04	-0.02183203
1.512044270833e-04	0.00084239
1.512369791667e-04	0.01495491
1.512695312500e-04	-0.00309901
1.513020833333e-04	-0.01902305
1.513346354167e-04	-0.01341080
1.513671875000e-04	-0.00989788
1.513997395833e-04	-0.01481013
1.514322916667e-04	-0.01178256
1.514648437500e-04	-0.00483948
1.514973958333e-04	-0.00394818
1.515299479167e-04	-0.00117265
1.515625000000e-04	0.00333950
1.515950520833e-04	-0.00290510
1.516276041667e-04	-0.01352075
1.516601562500e-04	-0.01132647
1.516927083333e-04	0.00163471
1.517252604167e-04	0.01073991
1.517578125000e-04	0.00741942
1.517903645833e-04	-0.00539401
1.518229166667e-04	-0.01145500
1.518554687500e-04	0.00020101
1.518880208333e-04	0.01380714
1.519205729167e-04	0.01245604
1.519531250000e-04	0.00463896
1.519856770833e-04	-0.00357491
1.520182291667e-04	-0.01837012
1.520507812500e-04	-0.02511447
1.520833333333e-04	-0.00898751
1.521158854167e-04	0.00245326
1.521484375000e-04	-0.01119201
1.521809895833e-04	-0.01669641
1.522135416667e-04	0.00311200
1.522460937500e-04	0.01230794
1.522786458333e-04	0.00246342
1.523111979167e-04	0.00765450
1.523437500000e-04	0.02221427
1.523763020833e-04	0.01483107
1.524088541667e-04	0.00401169
1.524414062500e-04	0.01664108
1.524739583333e-04	0.02667785
1.525065104167e-04	0.01233940
1.525390625000e-04	-0.00410330
1.525716145833e-04	-0.01050919
1.526041666667e-04	-0.01396389
1.526367187500e-04	-0.00697589
1.526692708333e-04	0.00324807
1.527018229167e-04	-0.00991725
1.527343750000e-04	-0.02630254
1.527669270833e-04	-0.00527487
1.527994791667e-04	0.02155420
1.528320312500e-04	0.00478055
1.528645833333e-04	-0.01906870
1.528971354167e-04	-0.00204067
1.529296875000e-04	0.01874671
1.529622395833e-04	0.00561088
1.529947916667e-04	-0.00658121
1.530273437500e-04	0.00455442
1.530598958333e-04	0.00779335
1.530924479167e-04	-0.00536433
1.531250000000e-04	-0.01089109
1.531575520833e-04	-0.00965149
1.531901041667e-04	-0.01164568
1.532226562500e-04	-0.00512330
1.532552083333e-04	0.00927429
1.532877604167e-04	0.01181740
1.533203125000e-04	0.00227538
1.533528645833e-04	-0.00881980
1.533854166667e-04	-0.02008363
1.534179687500e-04	-0.01669741
1.534505208333e-04	0.01274172
1.534830729167e-04	0.03276320
1.535156250000e-04	0.01180236
1.535481770833e-04	-0.01373313
1.535807291667e-04	-0.00569482
1.536132812500e-04	0.00828861
1.536458333333e-04	0.00152334
1.536783854167e-04	-0.00344419
1.537109375000e-04	0.00194698
1.537434895833e-04	-0.00431342
1.537760416667e-04	-0.01564182
1.538085937500e-04	-0.01165172
1.538411458333e-04	-0.00874544
1.538736979167e-04	-0.01975217
1.539062500000e-04	-0.01801765
1.539388020833e-04	0.00346219
1.539713541667e-04	0.01290834
1.540039062500e-04	0.00699413
1.540364583333e-04	0.01216193
1.540690104167e-04	0.02094981
1.541015625000e-04	0.01069502
1.541341145833e-04	-0.00179512
1.541666666667e-04	0.00451553
1.541992187500e-04	0.01218449
1.542317708333e-04	0.00747516
1.542643229167e-04	0.00429781
1.542968750000e-04	0.00177875
1.543294270833e-04	-0.01367055
1.543619791667e-04	-0.02387463
1.543945312500e-04	-0.00556267
1.544270833333e-04	0.01750813
1.544596354167e-04	0.01170070
1.544921875000e-04	-0.00822520
1.545247395833e-04	-0.00860032
1.545572916667e-04	0.00969220
1.545898437500e-04	0.02178913
1.546223958333e-04	0.01421685
1.546549479167e-04	-0.00563376
1.546875000000e-04	-0.01836466
1.547200520833e-04	-0.01414525
1.547526041667e-04	-0.00682413
1.547851562500e-04	-0.00888114
1.548177083333e-04	-0.00915781
1.548502604167e-04	-0.00207561
1.548828125000e-04	-0.00500753
1.549153645833e-04	-0.01884661
1.549479166667e-04	-0.01888182
1.549804687500e-04	-0.00510695
1.550130208333e-04	-0.00507616
1.550455729167e-04	-0.01992785
1.550781250000e-04	-0.02523625
1.551106770833e-04	-0.01565260
1.551432291667e-04	-0.00072323
1.551757812500e-04	0.01478028
1.552083333333e-04	0.01780068
1.552408854167e-04	0.00143859
1.552734375000e-04	-0.00599797
1.553059895833e-04	0.01302099
1.553385416667e-04	0.02107590
1.553710937500e-04	-0.00384627
1.554036458333e-04	-0.01668510
1.554361979167e-04	0.00683935
1.554687500000e-04	0.01914578
1.555013020833e-04	-0.00263727
1.555338541667e-04	-0.01417870
1.555664062500e-04	0.00090957
1.555989583333e-04	0.00563238
1.556315104167e-04	-0.00417385
1.556640625000e-04	0.00230537
1.556966145833e-04	0.01555084
1.557291666667e-04	0.00562085
1.557617187500e-04	-0.01257036
1.557942708333e-04	-0.01041460
1.558268229167e-04	0.00261523
1.558593750000e-04	0.00843419
1.558919270833e-04	0.00986957
1.559244791667e-04	0.00790433
1.559570312500e-04	-0.00110805
1.559895833333e-04	-0.00791759
1.560221354167e-04	-0.00844494
1.560546875000e-04	-0.01419826
1.560872395833e-04	-0.02128690
1.561197916667e-04	-0.01137143
1.561523437500e-04	0.00790774
1.561848958333e-04	0.01333469
1.562174479167e-04	0.00954187
1.562500000000e-04	0.01165317
1.562825520833e-04	0.00801400
1.563151041667e-04	-0.01074191
1.563476562500e-04	-0.01993615
1.563802083333e-04	-0.00322899
1.564127604167e-04	0.01359211
1.564453125000e-04	0.00929174
1.564778645833e-04	0.00278689
1.565104166667e-04	0.00978186
1.565429687500e-04	0.01200324
1.565755208333e-04	-0.00047271
1.566080729167e-04	-0.00512124
1.566406250000e-04	0.00623587
1.566731770833e-04	0.00544663
1.567057291667e-04	-0.01850680
1.567382812500e-04	-0.03245287
1.567708333333e-04	-0.01552847
1.568033854167e-04	0.00315805
1.568359375000e-04	-0.00577157
1.568684895833e-04	-0.02583370
1.569010416667e-04	-0.02780986
1.569335937500e-04	-0.01413785
1.569661458333e-04	-0.00453552
1.569986979167e-04	-0.00469811
1.570312500000e-04	-0.00848679
1.570638020833e-04	-0.01115849
1.570963541667e-04	-0.00962827
1.571289062500e-04	-0.00416783
1.571614583333e-04	-0.00191228
1.571940104167e-04	-0.00678330
1.572265625000e-04	-0.01071574
1.572591145833e-04	-0.00654287
1.572916666667e-04	-0.00124374
1.573242187500e-04	-0.00404012
1.573567708333e-04	-0.01004661
1.573893229167e-04	-0.00841666
1.574218750000e-04	-0.00025759
1.574544270833e-04	0.00291612
1.574869791667e-04	-0.00391904
1.575195312500e-04	-0.01118561
1.575520833333e-04	-0.00543997
1.575846354167e-04	0.01190306
1.576171875000e-04	0.02209963
1.576497395833e-04	0.01372280
1.576822916667e-04	0.00140285
1.577148437500e-04	0.00341294
1.577473958333e-04	0.01208183
1.577799479167e-04	0.00998944
1.578125000000e-04	0.00119050
1.578450520833e-04	-0.00038133
1.578776041667e-04	0.00348317
1.579101562500e-04	0.00478723
1.579427083333e-04	0.00349681
1.579752604167e-04	-0.00169707
1.580078125000e-04	-0.01027210
1.580403645833e-04	-0.00765720
1.580729166667e-04	0.01086353
1.581054687500e-04	0.01911647
1.581380208333e-04	0.00091686
1.581705729167e-04	-0.01596301
1.582031250000e-04	-0.00570807
1.582356770833e-04	0.01233809
1.582682291667e-04	0.01154945
1.583007812500e-04	-0.00038819
1.583333333333e-04	-0.00461052
1.583658854167e-04	-0.00067342
1.583984375000e-04	0.00195829
1.584309895833e-04	-0.00206493
1.584635416667e-04	-0.00936995
1.584960937500e-04	-0.00769197
1.585286458333e-04	0.00759272
1.585611979167e-04	0.02071265
1.585937500000e-04	0.01766411
1.586263020833e-04	0.00592724
1.586588541667e-04	-0.00296008
1.586914062500e-04	-0.00591778
1.587239583333e-04	0.00058524
1.587565104167e-04	0.01160884
1.587890625000e-04	0.00757782
1.588216145833e-04	-0.01237255
1.588541666667e-04	-0.01993660
1.588867187500e-04	-0.00584081
1.589192708333e-04	0.00593486
1.589518229167e-04	0.00737395
1.589843750000e-04	0.01458947
1.590169270833e-04	0.02351667
1.590494791667e-04	0.01567414
1.590820312500e-04	-0.00074816
1.591145833333e-04	-0.00749046
1.591471354167e-04	-0.01165446
1.591796875000e-04	-0.02269731
1.592122395833e-04	-0.02590656
1.592447916667e-04	-0.01051797
1.592773437500e-04	0.00756619
1.593098958333e-04	0.01001968
1.593424479167e-04	-0.00201948
1.593750000000e-04	-0.01553585
1.594075520833e-04	-0.01902929
1.594401041667e-04	-0.01171657
1.594726562500e-04	-0.00423545
1.595052083333e-04	-0.00388683
1.595377604167e-04	-0.00647242
1.595703125000e-04	-0.00872821
1.596028645833e-04	-0.01293466
1.596354166667e-04	-0.01627760
1.596679687500e-04	-0.01352173
1.597005208333e-04	-0.00711402
1.597330729167e-04	-0.00104258
1.597656250000e-04	0.00438001
1.597981770833e-04	0.00588422
1.598307291667e-04	0.00198739
1.598632812500e-04	-0.00018423
1.598958333333e-04	0.00060964
1.599283854167e-04	-0.00344696
1.599609375000e-04	-0.00571288
1.599934895833e-04	0.00817769
1.600260416667e-04	0.02407886
1.600585937500e-04	0.01588888
1.600911458333e-04	-0.00355227
1.601236979167e-04	-0.00190519
1.601562500000e-04	0.01366459
1.601888020833e-04	0.01344512
1.602213541667e-04	0.00083979
1.602539062500e-04	-0.00245092
1.602864583333e-04	0.00066301
1.603190104167e-04	-0.00090105
1.603515625000e-04	-0.00029887
1.603841145833e-04	0.00564285
1.604166666667e-04	0.00554406
1.604492187500e-04	0.00004201
1.604817708333e-04	0.00154152
1.605143229167e-04	0.00665022
1.605468750000e-04	0.00397245
1.605794270833e-04	-0.00233716
1.606119791667e-04	-0.00449403
1.606445312500e-04	-0.00498586
1.606770833333e-04	-0.00234931
1.607096354167e-04	0.00838179
1.607421875000e-04	0.01715681
1.607747395833e-04	0.01147368
1.608072916667e-04	-0.00021060
1.608398437500e-04	-0.00411899
1.608723958333e-04	-0.00238958
1.609049479167e-04	-0.00052960
1.609375000000e-04	0.00263105
1.609700520833e-04	0.00485597
1.610026041667e-04	0.00248420
1.610351562500e-04	-0.00210404
1.610677083333e-04	-0.00759226
1.611002604167e-04	-0.01169241
1.611328125000e-04	-0.00507341
1.611653645833e-04	0.00759949
1.611979166667e-04	0.00330899
1.612304687500e-04	-0.01510970
1.612630208333e-04	-0.01377492
1.612955729167e-04	0.00985264
1.613281250000e-04	0.01924446
1.613606770833e-04	0.00623089
1.613932291667e-04	-0.00097467
1.614257812500e-04	0.00616991
1.614583333333e-04	0.01417967
1.614908854167e-04	0.01857085
1.615234375000e-04	0.01455580
1.615559895833e-04	-0.00122708
1.615885416667e-04	-0.00680408
1.616210937500e-04	0.01058864
1.616536458333e-04	0.01855481
1.616861979167e-04	-0.00063873
1.617187500000e-04	-0.01219288
1.617513020833e-04	-0.00303497
1.617838541667e-04	-0.00614165
1.618164062500e-04	-0.02021561
1.618489583333e-04	-0.01145037
1.618815104167e-04	0.00586333
1.619140625000e-04	-0.00026151
1.619466145833e-04	-0.00757516
1.619791666667e-04	0.00545377
1.620117187500e-04	0.00750315
1.620442708333e-04	-0.01212608
1.620768229167e-04	-0.01748660
1.621093750000e-04	-0.00746867
1.621419270833e-04	-0.01367189
1.621744791667e-04	-0.02385052
1.622070312500e-04	-0.01148568
1.622395833333e-04	0.00158393
1.622721354167e-04	-0.00529475
1.623046875000e-04	-0.00847210
1.623372395833e-04	0.00387885
1.623697916667e-04	0.01213928
1.624023437500e-04	0.01398604
1.624348958333e-04	0.01879188
1.624674479167e-04	0.01543050
1.625000000000e-04	0.00047161
1.625325520833e-04	-0.00708007
1.625651041667e-04	-0.00531492
1.625976562500e-04	-0.00871536
1.626302083333e-04	-0.01258786
1.626627604167e-04	-0.00796901
1.626953125000e-04	-0.00366124
1.627278645833e-04	-0.00273321
1.627604166667e-04	0.00194125
1.627929687500e-04	0.00471375
1.628255208333e-04	-0.00016952
1.628580729167e-04	-0.00418626
1.628906250000e-04	-0.00663404
1.629231770833e-04	-0.01172651
1.629557291667e-04	-0.00695715
1.629882812500e-04	0.00984987
1.630208333333e-04	0.01519010
1.630533854167e-04	0.00784004
1.630859375000e-04	0.01188211
1.631184895833e-04	0.01878768
1.631510416667e-04	0.00464714
1.631835937500e-04	-0.01171961
1.632161458333e-04	-0.00744866
1.632486979167e-04	-0.00332796
1.632812500000e-04	-0.00935559
1.633138020833e-04	-0.00099211
1.633463541667e-04	0.01390207
1.633789062500e-04	0.00095011
1.634114583333e-04	-0.02332067
1.634440104167e-04	-0.01748453
1.634765625000e-04	0.00706451
1.635091145833e-04	0.01553071
1.635416666667e-04	0.00855283
1.635742187500e-04	0.00020111
1.636067708333e-04	-0.00545375
1.636393229167e-04	-0.00168442
1.636718750000e-04	0.00601126
1.637044270833e-04	-0.00279575
1.637369791667e-04	-0.01803543
1.637695312500e-04	-0.00777856
1.638020833333e-04	0.01652237
1.638346354167e-04	0.01584835
1.638671875000e-04	-0.00610684
1.638997395833e-04	-0.01660458
1.639322916667e-04	-0.00861872
1.639648437500e-04	0.00585751
1.639973958333e-04	0.01790281
1.640299479167e-04	0.01827614
1.640625000000e-04	0.00889053
1.640950520833e-04	0.00593293
1.641276041667e-04	0.00912317
1.641601562500e-04	0.00395325
1.641927083333e-04	-0.00518148
1.642252604167e-04	-0.00973326
1.642578125000e-04	-0.01833240
1.642903645833e-04	-0.02555265
1.643229166667e-04	-0.01254925
1.643554687500e-04	0.00442622
1.643880208333e-04	-0.00211956
1.644205729167e-04	-0.01189335
1.644531250000e-04	0.00120984
1.644856770833e-04	0.01337967
1.645182291667e-04	0.00511505
1.645507812500e-04	0.00048425
1.645833333333e-04	0.00746305
1.646158854167e-04	0.00299897
1.646484375000e-04	-0.00973563
1.646809895833e-04	-0.01006663
1.647135416667e-04	-0.00388064
1.647460937500e-04	0.00159999
1.647786458333e-04	0.01453785
1.648111979167e-04	0.02217439
1.648437500000e-04	0.00919149
1.648763020833e-04	-0.00014626
1.649088541667e-04	0.00785011
1.649414062500e-04	-0.00028843
1.649739583333e-04	-0.02801686
1.650065104167e-04	-0.02645473
1.650390625000e-04	0.00739742
1.650716145833e-04	0.02036990
1.651041666667e-04	0.00543940
1.651367187500e-04	0.00312062
1.651692708333e-04	0.01680060
1.652018229167e-04	0.02111866
1.652343750000e-04	0.01390096
1.652669270833e-04	-0.00026024
1.652994791667e-04	-0.01876814
1.653320312500e-04	-0.01747223
1.653645833333e-04	0.01087779
1.653971354167e-04	0.02138753
1.654296875000e-04	-0.00835549
1.654622395833e-04	-0.03041229
1.654947916667e-04	-0.01627450
1.655273437500e-04	-0.00832842
1.655598958333e-04	-0.03002769
1.655924479167e-04	-0.03925688
1.656250000000e-04	-0.01212944
1.656575520833e-04	0.01263265
1.656901041667e-04	0.00390528
1.657226562500e-04	-0.01379962
1.657552083333e-04	-0.00784675
1.657877604167e-04	0.00998756
1.658203125000e-04	0.00655832
1.658528645833e-04	-0.01563471
1.658854166667e-04	-0.02075206
1.659179687500e-04	-0.00034463
1.659505208333e-04	0.01417713
1.659830729167e-04	0.01065450
1.660156250000e-04	0.01174645
1.660481770833e-04	0.02149335
1.660807291667e-04	0.01900202
1.661132812500e-04	0.00630585
1.661458333333e-04	0.00162090
1.661783854167e-04	0.00079714
1.662109375000e-04	-0.00356422
1.662434895833e-04	-0.00072984
1.662760416667e-04	0.00564961
1.663085937500e-04	-0.00324000
1.663411458333e-04	-0.01635239
1.663736979167e-04	-0.00936482
1.664062500000e-04	0.00467642
1.664388020833e-04	0.00303210
1.664713541667e-04	-0.00270588
1.665039062500e-04	-0.00062613
1.665364583333e-04	-0.00296326
1.665690104167e-04	-0.00674427
1.666015625000e-04	0.00389874
1.666341145833e-04	0.01317777
1.666666666667e-04	0.00252049
1.666992187500e-04	-0.00251152
1.667317708333e-04	0.01588530
1.667643229167e-04	0.02158117
1.667968750000e-04	-0.00578194
1.668294270833e-04	-0.02516508
1.668619791667e-04	-0.01157014
1.668945312500e-04	-0.00053635
1.669270833333e-04	-0.01441441
1.669596354167e-04	-0.02218906
1.669921875000e-04	-0.00304713
1.670247395833e-04	0.01825361
1.670572916667e-04	0.02016627
1.670898437500e-04	0.01403005
1.671223958333e-04	0.01129113
1.671549479167e-04	0.00325075
1.671875000000e-04	-0.01312989
1.672200520833e-04	-0.02048133
1.672526041667e-04	-0.00936389
1.672851562500e-04	0.00130874
1.673177083333e-04	-0.00634511
1.673502604167e-04	-0.01878496
1.673828125000e-04	-0.01566109
1.674153645833e-04	-0.00478704
1.674479166667e-04	-0.00372191
1.674804687500e-04	-0.00643553
1.675130208333e-04	0.00409723
1.675455729167e-04	0.02642878
1.675781250000e-04	0.04164503
1.676106770833e-04	0.03285692
1.676432291667e-04	0.00241807
1.676757812500e-04	-0.02394650
1.677083333333e-04	-0.02441178
1.677408854167e-04	-0.01085007
1.677734375000e-04	-0.00559789
1.678059895833e-04	-0.00414985
1.678385416667e-04	0.00306687
1.678710937500e-04	0.00176230
1.679036458333e-04	-0.01227474
1.679361979167e-04	-0.01193923
1.679687500000e-04	0.01004563
1.680013020833e-04	0.01965408
1.680338541667e-04	0.00191650
1.680664062500e-04	-0.01388981
1.680989583333e-04	-0.01096003
1.681315104167e-04	-0.00910553
1.681640625000e-04	-0.01700354
1.681966145833e-04	-0.01379215
1.682291666667e-04	0.00690555
1.682617187500e-04	0.01760125
1.682942708333e-04	0.00040696
1.683268229167e-04	-0.02012592
1.683593750000e-04	-0.01347613
1.683919270833e-04	0.00780452
1.684244791667e-04	0.01127834
1.684570312500e-04	-0.00012873
1.684895833333e-04	-0.00340339
1.685221354167e-04	-0.00540311
1.685546875000e-04	-0.01995201
1.685872395833e-04	-0.02429197
1.686197916667e-04	-0.00074182
1.686523437500e-04	0.01877125
1.686848958333e-04	0.00771934
1.687174479167e-04	-0.00798014
1.687500000000e-04	-0.00255060
1.687825520833e-04	0.01028654
1.688151041667e-04	0.01481929
1.688476562500e-04	0.01120308
1.688802083333e-04	-0.00213071
1.689127604167e-04	-0.01557411
1.689453125000e-04	-0.00745977
1.689778645833e-04	0.01400430
1.690104166667e-04	0.01914358
1.690429687500e-04	0.01182955
1.690755208333e-04	0.01288655
1.691080729167e-04	0.01117127
1.691406250000e-04	-0.00561611
1.691731770833e-04	-0.01607527
1.692057291667e-04	-0.00876759
1.692382812500e-04	-0.00173961
1.692708333333e-04	0.00070970
1.693033854167e-04	0.00662247
1.693359375000e-04	0.00552037
1.693684895833e-04	-0.00482948
1.694010416667e-04	-0.00462801
1.694335937500e-04	0.00182516
1.694661458333e-04	-0.00628947
1.694986979167e-04	-0.01269881
1.695312500000e-04	0.00235464
1.695638020833e-04	0.01145459
1.695963541667e-04	-0.00166726
1.696289062500e-04	-0.00426212
1.696614583333e-04	0.01026681
1.696940104167e-04	0.00792243
1.697265625000e-04	-0.00328763
1.697591145833e-04	0.00984200
1.697916666667e-04	0.02354083
1.698242187500e-04	0.00526513
1.698567708333e-04	-0.01216719
1.698893229167e-04	-0.00197573
1.699218750000e-04	0.00109623
1.699544270833e-04	-0.01406922
1.699869791667e-04	-0.00788731
1.700195312500e-04	0.01612042
1.700520833333e-04	0.01226711
1.700846354167e-04	-0.01088456
1.701171875000e-04	-0.00904436
1.701497395833e-04	0.01149437
1.701822916667e-04	0.01872399
1.702148437500e-04	0.01441907
1.702473958333e-04	0.00615534
1.702799479167e-04	-0.01398800
1.703125000000e-04	-0.03144274
1.703450520833e-04	-0.01984969
1.703776041667e-04	0.00661337
1.704101562500e-04	0.01452656
1.704427083333e-04	0.00560327
1.704752604167e-04	-0.00085359
1.705078125000e-04	-0.00630882
1.705403645833e-04	-0.01657607
1.705729166667e-04	-0.02213634
1.706054687500e-04	-0.01542144
1.706380208333e-04	0.00021399
1.706705729167e-04	0.01927348
1.707031250000e-04	0.03093905
1.707356770833e-04	0.02297413
1.707682291667e-04	0.00386787
1.708007812500e-04	-0.00351282
1.708333333333e-04	0.00280965
1.708658854167e-04	0.00529807
1.708984375000e-04	0.00172518
1.709309895833e-04	0.00337921
1.709635416667e-04	0.00648838
1.709960937500e-04	0.00287285
1.710286458333e-04	0.00431527
1.710611979167e-04	0.01802969
1.710937500000e-04	0.02172240
1.711263020833e-04	0.00268931
1.711588541667e-04	-0.01239211
1.711914062500e-04	-0.00634163
1.712239583333e-04	-0.00379473
1.712565104167e-04	-0.01659317
1.712890625000e-04	-0.01648747
1.713216145833e-04	0.00240006
1.713541666667e-04	0.00474201
1.713867187500e-04	-0.01368178
1.714192708333e-04	-0.01424696
1.714518229167e-04	0.00577235
1.714843750000e-04	0.00810365
1.715169270833e-04	-0.00661822
1.715494791667e-04	-0.00119375
1.715820312500e-04	0.02049408
1.716145833333e-04	0.02168569
1.716471354167e-04	0.00491564
1.716796875000e-04	0.00185399
1.717122395833e-04	0.01171301
1.717447916667e-04	0.01149436
1.717773437500e-04	0.00344715
1.718098958333e-04	0.00413423
1.718424479167e-04	0.01007535
1.718750000000e-04	0.00915104
1.719075520833e-04	0.00529464
1.719401041667e-04	0.00775865
1.719726562500e-04	0.01228970
1.720052083333e-04	0.01034245
1.720377604167e-04	0.00556632
1.720703125000e-04	0.00626744
1.721028645833e-04	0.00863787
1.721354166667e-04	0.00356529
1.721679687500e-04	-0.00444474
1.722005208333e-04	-0.00486297
1.722330729167e-04	-0.00325364
1.722656250000e-04	-0.01151425
1.722981770833e-04	-0.02216295
1.723307291667e-04	-0.01977752
1.723632812500e-04	-0.00842203
1.723958333333e-04	-0.00127418
1.724283854167e-04	0.00095190
1.724609375000e-04	0.00002921
1.724934895833e-04	-0.00634911
1.725260416667e-04	-0.00880373
1.725585937500e-04	0.00225183
1.725911458333e-04	0.01024052
1.726236979167e-04	-0.00065955
1.726562500000e-04	-0.01019882
1.726888020833e-04	-0.00152673
1.727213541667e-04	0.00161742
1.727539062500e-04	-0.01252802
1.727864583333e-04	-0.01246659
1.728190104167e-04	0.00772130
1.728515625000e-04	0.00767559
1.728841145833e-04	-0.01242395
1.729166666667e-04	-0.00409051
1.729492187500e-04	0.02516991
1.729817708333e-04	0.01676676
1.730143229167e-04	-0.02010839
1.730468750000e-04	-0.02077761
1.730794270833e-04	0.01156523
1.731119791667e-04	0.01944685
1.731445312500e-04	0.00129633
1.731770833333e-04	-0.00360711
1.732096354167e-04	0.00483176
1.732421875000e-04	0.00984872
1.732747395833e-04	0.01849348
1.733072916667e-04	0.02549209
1.733398437500e-04	0.01057427
1.733723958333e-04	-0.01001898
1.734049479167e-04	-0.00819132
1.734375000000e-04	-0.00113290
1.734700520833e-04	-0.00858572
1.735026041667e-04	-0.00571911
1.735351562500e-04	0.01615301
1.735677083333e-04	0.01883736
1.736002604167e-04	-0.00449345
1.736328125000e-04	-0.01068252
1.736653645833e-04	0.00685654
1.736979166667e-04	0.00690572
1.737304687500e-04	-0.01643092
1.737630208333e-04	-0.02606446
1.737955729167e-04	-0.01197982
1.738281250000e-04	0.00034373
1.738606770833e-04	-0.00069493
1.738932291667e-04	-0.00212409
1.739257812500e-04	0.00556933
1.739583333333e-04	0.01350730
1.739908854167e-04	0.00649305
1.740234375000e-04	-0.01208074
1.740559895833e-04	-0.01947044
1.740885416667e-04	-0.01020219
1.741210937500e-04	-0.00637255
1.741536458333e-04	-0.01304685
1.741861979167e-04	-0.00627618
1.742187500000e-04	0.01505420
1.742513020833e-04	0.01945109
1.742838541667e-04	0.00194025
1.743164062500e-04	-0.00400466
1.743489583333e-04	0.01371432
1.743815104167e-04	0.02654325
1.744140625000e-04	0.01505016
1.744466145833e-04	-0.00360591
1.744791666667e-04	-0.00665723
1.745117187500e-04	0.00263230
1.745442708333e-04	0.00554179
1.745768229167e-04	-0.00195871
1.746093750000e-04	-0.00613016
1.746419270833e-04	-0.00198061
1.746744791667e-04	-0.00042681
1.747070312500e-04	-0.00421712
1.747395833333e-04	-0.00406720
1.747721354167e-04	-0.00154139
1.748046875000e-04	-0.00507229
1.748372395833e-04	-0.00719526
1.748697916667e-04	0.00307652
1.749023437500e-04	0.01615898
1.749348958333e-04	0.01638417
1.749674479167e-04	0.00521484
1.750000000000e-04	-0.00529492
1.750325520833e-04	-0.00595472
1.750651041667e-04	0.00448847
1.750976562500e-04	0.01559233
1.751302083333e-04	0.01656438
1.751627604167e-04	0.01277036
1.751953125000e-04	0.01241865
1.752278645833e-04	0.01022475
1.752604166667e-04	0.00557465
1.752929687500e-04	0.00870282
1.753255208333e-04	0.01330077
1.753580729167e-04	0.00343790
1.753906250000e-04	-0.01022602
1.754231770833e-04	-0.00847980
1.754557291667e-04	-0.00228764
1.754882812500e-04	-0.00802248
1.755208333333e-04	-0.01635021
1.755533854167e-04	-0.01792242
1.755859375000e-04	-0.01475112
1.756184895833e-04	0.00091124
1.756510416667e-04	0.02523330
1.756835937500e-04	0.02515647
1.757161458333e-04	-0.00327074
1.757486979167e-04	-0.01517460
1.757812500000e-04	0.00076089
1.758138020833e-04	0.00501194
1.758463541667e-04	-0.00496348
1.758789062500e-04	0.00401915
1.759114583333e-04	0.01645603
1.759440104167e-04	0.00043885
1.759765625000e-04	-0.01254800
1.760091145833e-04	0.00821305
1.760416666667e-04	0.01941222
1.760742187500e-04	-0.00719043
1.761067708333e-04	-0.02187056
1.761393229167e-04	0.00001886
1.761718750000e-04	0.01050684
1.762044270833e-04	-0.00621087
1.762369791667e-04	-0.00780111
1.762695312500e-04	0.00788996
1.763020833333e-04	0.00184896
1.763346354167e-04	-0.01707690
1.763671875000e-04	-0.01228072
1.763997395833e-04	0.00269857
1.764322916667e-04	-0.00398470
1.764648437500e-04	-0.01926997
1.764973958333e-04	-0.01855332
1.765299479167e-04	-0.00944706
1.765625000000e-04	-0.00434751
1.765950520833e-04	-0.00010239
1.766276041667e-04	0.00284956
1.766601562500e-04	0.00278332
1.766927083333e-04	0.00757611
1.767252604167e-04	0.01549288
1.767578125000e-04	0.01351309
1.767903645833e-04	0.00685142
1.768229166667e-04	0.01059492
1.768554687500e-04	0.01593022
1.768880208333e-04	0.00840832
1.769205729167e-04	0.00108956
1.769531250000e-04	0.00781079
1.769856770833e-04	0.01360017
1.770182291667e-04	0.00570209
1.770507812500e-04	-0.00281465
1.770833333333e-04	-0.00149193
1.771158854167e-04	0.00406768
1.771484375000e-04	0.01067988
1.771809895833e-04	0.01319803
1.772135416667e-04	-0.00127433
1.772460937500e-04	-0.02264072
1.772786458333e-04	-0.01860835
1.773111979167e-04	0.00711710
1.773437500000e-04	0.01211833
1.773763020833e-04	-0.00928002
1.774088541667e-04	-0.01590489
1.774414062500e-04	0.00121727
1.774739583333e-04	0.00521311
1.775065104167e-04	-0.01252951
1.775390625000e-04	-0.01957879
1.775716145833e-04	-0.00742619
1.776041666667e-04	-0.00184693
1.776367187500e-04	-0.01018782
1.776692708333e-04	-0.01327585
1.777018229167e-04	-0.00347302
1.777343750000e-04	0.00751483
1.777669270833e-04	0.00809640
1.777994791667e-04	-0.00486980
1.778320312500e-04	-0.02117385
1.778645833333e-04	-0.01984935
1.778971354167e-04	0.00236325
1.779296875000e-04	0.01835859
1.779622395833e-04	0.00960623
1.779947916667e-04	-0.00554577
1.780273437500e-04	-0.00472367
1.780598958333e-04	0.00627894
1.780924479167e-04	0.01214184
1.781250000000e-04	0.00919721
1.781575520833e-04	-0.00098580
1.781901041667e-04	-0.01152628
1.782226562500e-04	-0.00757217
1.782552083333e-04	0.01075923
1.782877604167e-04	0.01954272
1.783203125000e-04	0.00833269
1.783528645833e-04	-0.00099863
1.783854166667e-04	0.00697107
1.784179687500e-04	0.01725497
1.784505208333e-04	0.01601174
1.784830729167e-04	0.01146470
1.785156250000e-04	0.01148326
1.785481770833e-04	0.01106221
1.785807291667e-04	0.00794750
1.786132812500e-04	0.00681926
1.786458333333e-04	0.00820139
1.786783854167e-04	0.00914269
1.787109375000e-04	0.00946359
1.787434895833e-04	0.00802500
1.787760416667e-04	0.00138320
1.788085937500e-04	-0.00778590
1.788411458333e-04	-0.00960212
1.788736979167e-04	-0.00089059
1.789062500000e-04	0.00614799
1.789388020833e-04	-0.00070264
1.789713541667e-04	-0.01391919
1.790039062500e-04	-0.01823553
1.790364583333e-04	-0.01717944
1.790690104167e-04	-0.02222855
1.791015625000e-04	-0.02463948
1.791341145833e-04	-0.01234177
1.791666666667e-04	0.00107165
1.791992187500e-04	0.00232378
1.792317708333e-04	0.00563033
1.792643229167e-04	0.01783444
1.792968750000e-04	0.01913913
1.793294270833e-04	0.00697736
1.793619791667e-04	0.00308509
1.793945312500e-04	0.00429508
1.794270833333e-04	-0.00732359
1.794596354167e-04	-0.01423806
1.794921875000e-04	0.00424207
1.795247395833e-04	0.01947651
1.795572916667e-04	0.00302064
1.795898437500e-04	-0.01791089
1.796223958333e-04	-0.01150489
1.796549479167e-04	0.00773259
1.796875000000e-04	0.01532670
1.797200520833e-04	0.00961583
1.797526041667e-04	-0.00252047
1.797851562500e-04	-0.00968055
1.798177083333e-04	0.00003845
1.798502604167e-04	0.01557204
1.798828125000e-04	0.01594508
1.799153645833e-04	0.00603825
1.799479166667e-04	0.00010426
1.799804687500e-04	-0.00529150
1.800130208333e-04	-0.00904384
1.800455729167e-04	-0.00019033
1.800781250000e-04	0.01112372
1.801106770833e-04	0.00952857
1.801432291667e-04	0.00690943
1.801757812500e-04	0.00990080
1.802083333333e-04	-0.00000846
1.802408854167e-04	-0.01784360
1.802734375000e-04	-0.01447120
1.803059895833e-04	0.00244703
1.803385416667e-04	0.00359778
1.803710937500e-04	-0.00296377
1.804036458333e-04	0.00063125
1.804361979167e-04	0.00113949
1.804687500000e-04	-0.00701434
1.805013020833e-04	-0.00615064
1.805338541667e-04	0.00115061
1.805664062500e-04	0.00177300
1.805989583333e-04	0.00738891
1.806315104167e-04	0.02007977
1.806640625000e-04	0.01452932
1.806966145833e-04	-0.00681045
1.807291666667e-04	-0.01250701
1.807617187500e-04	-0.00257108
1.807942708333e-04	0.00361579
1.808268229167e-04	0.00979674
1.808593750000e-04	0.01469944
1.808919270833e-04	0.00208114
1.809244791667e-04	-0.01257961
1.809570312500e-04	-0.00343079
1.809895833333e-04	0.00842725
1.810221354167e-04	-0.00226712
1.810546875000e-04	-0.01348844
1.810872395833e-04	-0.00898360
1.811197916667e-04	-0.00734745
1.811523437500e-04	-0.00913049
1.811848958333e-04	0.00012524
1.812174479167e-04	0.00588846
1.812500000000e-04	-0.00250968
1.812825520833e-04	-0.00618834
1.813151041667e-04	-0.00603578
1.813476562500e-04	-0.01724135
1.813802083333e-04	-0.01798697
1.814127604167e-04	0.00447088
1.814453125000e-04	0.01050951
1.814778645833e-04	-0.00880959
1.815104166667e-04	-0.00756879
1.815429687500e-04	0.00832605
1.815755208333e-04	-0.00970434
1.816080729167e-04	-0.03393492
1.816406250000e-04	-0.00960586
1.816731770833e-04	0.02160143
1.817057291667e-04	0.00265336
1.817382812500e-04	-0.02221138
1.817708333333e-04	-0.00358924
1.818033854167e-04	0.01764830
1.818359375000e-04	0.00497612
1.818684895833e-04	-0.01026215
1.819010416667e-04	-0.00856547
1.819335937500e-04	-0.00888532
1.819661458333e-04	-0.01038937
1.819986979167e-04	-0.00007799
1.820312500000e-04	0.00760726
1.820638020833e-04	-0.00154475
1.820963541667e-04	-0.01378982
1.821289062500e-04	-0.01264604
1.821614583333e-04	0.00147674
1.821940104167e-04	0.01311794
1.822265625000e-04	0.00328318
1.822591145833e-04	-0.01808630
1.822916666667e-04	-0.01521967
1.823242187500e-04	0.00826629
1.823567708333e-04	0.00746839
1.823893229167e-04	-0.01615673
1.824218750000e-04	-0.01563220
1.824544270833e-04	0.00418693
1.824869791667e-04	-0.00102356
1.825195312500e-04	-0.01858109
1.825520833333e-04	-0.00828107
1.825846354167e-04	0.00895988
1.826171875000e-04	-0.00263470
1.826497395833e-04	-0.01765455
1.826822916667e-04	-0.00686865
1.827148437500e-04	0.00447093
1.827473958333e-04	-0.00096137
1.827799479167e-04	0.00326124
1.828125000000e-04	0.02110052
1.828450520833e-04	0.01835453
1.828776041667e-04	-0.00824302
1.829101562500e-04	-0.02501108
1.829427083333e-04	-0.02280776
1.829752604167e-04	-0.01766449
1.830078125000e-04	-0.00984415
1.830403645833e-04	0.00329530
1.830729166667e-04	0.00610420
1.831054687500e-04	-0.00467004
1.831380208333e-04	-0.00900473
1.831705729167e-04	-0.00253583
1.832031250000e-04	0.00178149
1.832356770833e-04	0.00800004
1.832682291667e-04	0.01990649
1.833007812500e-04	0.01475903
1.833333333333e-04	-0.01180577
1.833658854167e-04	-0.02147721
1.833984375000e-04	-0.00181593
1.834309895833e-04	0.00745774
1.834635416667e-04	-0.00745521
1.834960937500e-04	-0.01141096
1.835286458333e-04	0.00484150
1.835611979167e-04	0.01221064
1.835937500000e-04	0.00523178
1.836263020833e-04	0.00001132
1.836588541667e-04	-0.00554122
1.836914062500e-04	-0.01144702
1.837239583333e-04	-0.00165889
1.837565104167e-04	0.01597475
1.837890625000e-04	0.01465149
1.838216145833e-04	0.00052646
1.838541666667e-04	0.00077883
1.838867187500e-04	0.01649784
1.839192708333e-04	0.03073585
1.839518229167e-04	0.02979649
1.839843750000e-04	0.00380566
1.840169270833e-04	-0.02973415
1.840494791667e-04	-0.02758841
1.840820312500e-04	0.00819145
1.841145833333e-04	0.02046374
1.841471354167e-04	-0.00510408
1.841796875000e-04	-0.01886594
1.842122395833e-04	-0.00449268
1.842447916667e-04	0.00215772
1.842773437500e-04	-0.00639156
1.843098958333e-04	-0.00497713
1.843424479167e-04	0.00347783
1.843750000000e-04	-0.00075844
1.844075520833e-04	-0.01104820
1.844401041667e-04	-0.01239768
1.844726562500e-04	-0.00876572
1.845052083333e-04	-0.00788736
1.845377604167e-04	-0.00730965
1.845703125000e-04	-0.00238443
1.846028645833e-04	0.00494555
1.846354166667e-04	0.00505860
1.846679687500e-04	-0.00440582
1.847005208333e-04	-0.00611806
1.847330729167e-04	0.00848043
1.847656250000e-04	0.01484866
1.847981770833e-04	-0.00247405
1.848307291667e-04	-0.01606876
1.848632812500e-04	-0.00417650
1.848958333333e-04	0.01160175
1.849283854167e-04	0.00838665
1.849609375000e-04	-0.00491297
1.849934895833e-04	-0.01108599
1.850260416667e-04	-0.00563906
1.850585937500e-04	0.00135356
1.850911458333e-04	-0.00673299
1.851236979167e-04	-0.02407998
1.851562500000e-04	-0.02236185
1.851888020833e-04	-0.00344413
1.852213541667e-04	-0.00014140
1.852539062500e-04	-0.01084640
1.852864583333e-04	-0.00763349
1.853190104167e-04	0.00140557
1.853515625000e-04	-0.00173483
1.853841145833e-04	-0.00125228
1.854166666667e-04	0.00448724
1.854492187500e-04	-0.00847586
1.854817708333e-04	-0.02120840
1.855143229167e-04	-0.00005829
1.855468750000e-04	0.02039487
1.855794270833e-04	0.00066968
1.856119791667e-04	-0.01995096
1.856445312500e-04	-0.00814117
1.856770833333e-04	0.00005527
1.857096354167e-04	-0.00880694
1.857421875000e-04	-0.00086781
1.857747395833e-04	0.01542674
1.858072916667e-04	0.00685722
1.858398437500e-04	-0.00679692
1.858723958333e-04	0.00106850
1.859049479167e-04	0.01239740
1.859375000000e-04	0.01766096
1.859700520833e-04	0.02416653
1.860026041667e-04	0.01364470
1.860351562500e-04	-0.01316275
1.860677083333e-04	-0.01243009
1.861002604167e-04	0.01319041
1.861328125000e-04	0.01019824
1.861653645833e-04	-0.01648619
1.861979166667e-04	-0.02000539
1.862304687500e-04	-0.00896738
1.862630208333e-04	-0.00922438
1.862955729167e-04	-0.00423115
1.863281250000e-04	0.00783007
1.863606770833e-04	0.00371064
1.863932291667e-04	-0.00102478
1.864257812500e-04	0.01082488
1.864583333333e-04	0.00834892
1.864908854167e-04	-0.01083260
1.865234375000e-04	-0.00314461
1.865559895833e-04	0.01962478
1.865885416667e-04	0.01364325
1.866210937500e-04	0.00520492
1.866536458333e-04	0.02426988
1.866861979167e-04	0.02506422
1.867187500000e-04	-0.00845839
1.867513020833e-04	-0.01901950
1.867838541667e-04	-0.00237197
1.868164062500e-04	-0.00819568
1.868489583333e-04	-0.01891578
1.868815104167e-04	0.00404260
1.869140625000e-04	0.02269537
1.869466145833e-04	0.00747257
1.869791666667e-04	-0.00078988
1.870117187500e-04	0.00658982
1.870442708333e-04	-0.00823176
1.870768229167e-04	-0.02608483
1.871093750000e-04	-0.00532893
1.871419270833e-04	0.02108633
1.871744791667e-04	0.00982462
1.872070312500e-04	-0.01162977
1.872395833333e-04	-0.01061086
1.872721354167e-04	-0.00183417
1.873046875000e-04	-0.00116329
1.873372395833e-04	-0.00732763
1.873697916667e-04	-0.01780210
1.874023437500e-04	-0.01725479
1.874348958333e-04	0.00526361
1.874674479167e-04	0.02338451
1.875000000000e-04	0.01345038
1.875325520833e-04	-0.00460821
1.875651041667e-04	-0.00988186
1.875976562500e-04	-0.00873529
1.876302083333e-04	-0.00509499
1.876627604167e-04	-0.00025792
1.876953125000e-04	-0.00353985
1.877278645833e-04	-0.00570566
1.877604166667e-04	0.00725687
1.877929687500e-04	0.01260337
1.878255208333e-04	-0.00534917
1.878580729167e-04	-0.00971974
1.878906250000e-04	0.01770074
1.879231770833e-04	0.03520505
1.879557291667e-04	0.02422818
1.879882812500e-04	0.01531938
1.880208333333e-04	0.01382152
1.880533854167e-04	0.00366088
1.880859375000e-04	0.00165646
1.881184895833e-04	0.01759075
1.881510416667e-04	0.01997125
1.881835937500e-04	0.00198446
1.882161458333e-04	-0.00238880
1.882486979167e-04	0.00944399
1.882812500000e-04	0.01045919
1.883138020833e-04	0.00392829
1.883463541667e-04	0.00526545
1.883789062500e-04	0.00617742
1.884114583333e-04	0.00465346
1.884440104167e-04	0.01325210
1.884765625000e-04	0.02365252
1.885091145833e-04	0.01993969
1.885416666667e-04	0.01053017
1.885742187500e-04	0.00503458
1.886067708333e-04	-0.00265153
1.886393229167e-04	-0.00944298
1.886718750000e-04	-0.00651863
1.887044270833e-04	-0.00229635
1.887369791667e-04	-0.00472603
1.887695312500e-04	-0.00609969
1.888020833333e-04	-0.00510342
1.888346354167e-04	-0.00771232
1.888671875000e-04	-0.00709215
1.888997395833e-04	0.00224619
1.889322916667e-04	0.00939539
1.889648437500e-04	0.01013514
1.889973958333e-04	0.01402777
1.890299479167e-04	0.01935518
1.890625000000e-04	0.01457119
1.890950520833e-04	0.00183326
1.891276041667e-04	-0.00662123
1.891601562500e-04	-0.00596502
1.891927083333e-04	-0.00053605
1.892252604167e-04	0.00252241
1.892578125000e-04	0.00114559
1.892903645833e-04	0.00058155
1.893229166667e-04	0.00167689
1.893554687500e-04	-0.00058181
1.893880208333e-04	-0.00259258
1.894205729167e-04	0.00050947
1.894531250000e-04	0.00083997
1.894856770833e-04	-0.00187672
1.895182291667e-04	0.00624819
1.895507812500e-04	0.01789035
1.895833333333e-04	0.01126603
1.896158854167e-04	-0.00205205
1.896484375000e-04	0.00133832
1.896809895833e-04	0.00743139
1.897135416667e-04	0.00165100
1.897460937500e-04	0.00366104
1.897786458333e-04	0.01281974
1.898111979167e-04	-0.00069160
1.898437500000e-04	-0.02288721
1.898763020833e-04	-0.01443034
1.899088541667e-04	0.00541795
1.899414062500e-04	-0.00087975
1.899739583333e-04	-0.01049224
1.900065104167e-04	0.00187837
1.900390625000e-04	0.00591577
1.900716145833e-04	-0.01118012
1.901041666667e-04	-0.01206308
1.901367187500e-04	0.00905046
1.901692708333e-04	0.01500343
1.902018229167e-04	0.00349219
1.902343750000e-04	0.00387026
1.902669270833e-04	0.01469511
1.902994791667e-04	0.01354127
1.903320312500e-04	-0.00108248
1.903645833333e-04	-0.01464197
1.903971354167e-04	-0.01515900
1.904296875000e-04	-0.00172264
1.904622395833e-04	0.01049153
1.904947916667e-04	0.00949267
1.905273437500e-04	0.00336681
1.905598958333e-04	-0.00371652
1.905924479167e-04	-0.01848501
1.906250000000e-04	-0.02783009
1.906575520833e-04	-0.01543857
1.906901041667e-04	-0.00207362
1.907226562500e-04	-0.00707416
1.907552083333e-04	-0.00778019
1.907877604167e-04	0.00476995
1.908203125000e-04	0.00024131
1.908528645833e-04	-0.01799286
1.908854166667e-04	-0.00835292
1.909179687500e-04	0.02179671
1.909505208333e-04	0.02762663
1.909830729167e-04	0.01408025
1.910156250000e-04	0.01375929
1.910481770833e-04	0.01716005
1.910807291667e-04	0.00518875
1.911132812500e-04	-0.00667421
1.911458333333e-04	-0.00792889
1.911783854167e-04	-0.01115640
1.912109375000e-04	-0.01372058
1.912434895833e-04	-0.00495607
1.912760416667e-04	0.00232828
1.913085937500e-04	-0.00042661
1.913411458333e-04	0.00419756
1.913736979167e-04	0.01803317
1.914062500000e-04	0.01544829
1.914388020833e-04	-0.00611329
1.914713541667e-04	-0.01656850
1.915039062500e-04	-0.00421411
1.915364583333e-04	0.00812065
1.915690104167e-04	0.00257481
1.916015625000e-04	-0.00969589
1.916341145833e-04	-0.01061176
1.916666666667e-04	-0.00337920
1.916992187500e-04	-0.00349285
1.917317708333e-04	-0.00738930
1.917643229167e-04	0.00313569
1.917968750000e-04	0.02200444
1.918294270833e-04	0.02131506
1.918619791667e-04	0.00020496
1.918945312500e-04	-0.01158974
1.919270833333e-04	-0.00490883
1.919596354167e-04	0.00019461
1.919921875000e-04	-0.00124730
1.920247395833e-04	0.00597638
1.920572916667e-04	0.01803689
1.920898437500e-04	0.01391095
1.921223958333e-04	-0.00338351
1.921549479167e-04	-0.00945071
1.921875000000e-04	-0.00205444
1.922200520833e-04	-0.00187869
1.922526041667e-04	-0.01070331
1.922851562500e-04	-0.01042331
1.923177083333e-04	-0.00264554
1.923502604167e-04	-0.00514367
1.923828125000e-04	-0.01274004
1.924153645833e-04	-0.00822787
1.924479166667e-04	-0.00150322
1.924804687500e-04	-0.00945298
1.925130208333e-04	-0.01688815
1.925455729167e-04	-0.00531353
1.925781250000e-04	0.00789697
1.926106770833e-04	0.00080341
1.926432291667e-04	-0.01668890
1.926757812500e-04	-0.02586086
1.927083333333e-04	-0.02215146
1.927408854167e-04	-0.00606982
1.927734375000e-04	0.01325882
1.928059895833e-04	0.01631487
1.928385416667e-04	0.00398023
1.928710937500e-04	0.00050877
1.929036458333e-04	0.00810982
1.929361979167e-04	0.00454139
1.929687500000e-04	-0.00761978
1.930013020833e-04	-0.00451823
1.930338541667e-04	0.00934762
1.930664062500e-04	0.00970366
1.930989583333e-04	-0.00123902
1.931315104167e-04	-0.00475130
1.931640625000e-04	-0.00278220
1.931966145833e-04	-0.00653971
1.932291666667e-04	-0.00994962
1.932617187500e-04	-0.00437878
1.932942708333e-04	0.00113191
1.933268229167e-04	-0.00329351
1.933593750000e-04	-0.00929318
1.933919270833e-04	-0.00508712
1.934244791667e-04	0.00567619
1.934570312500e-04	0.01329022
1.934895833333e-04	0.01609769
1.935221354167e-04	0.01510974
1.935546875000e-04	0.01046393
1.935872395833e-04	0.00903825
1.936197916667e-04	0.01612969
1.936523437500e-04	0.02057099
1.936848958333e-04	0.01061408
1.937174479167e-04	-0.00593346
1.937500000000e-04	-0.01866778
1.937825520833e-04	-0.02819711
1.938151041667e-04	-0.02814988
1.938476562500e-04	-0.01077317
1.938802083333e-04	0.00618026
1.939127604167e-04	0.00349286
1.939453125000e-04	-0.00371322
1.939778645833e-04	0.00016828
1.940104166667e-04	0.00078248
1.940429687500e-04	-0.00451236
1.940755208333e-04	0.00331495
1.941080729167e-04	0.01237215
1.941406250000e-04	-0.00298553
1.941731770833e-04	-0.01791879
1.942057291667e-04	0.00073065
1.942382812500e-04	0.02354267
1.942708333333e-04	0.01685530
1.943033854167e-04	0.00776254
1.943359375000e-04	0.01735437
1.943684895833e-04	0.01509778
1.944010416667e-04	-0.00823236
1.944335937500e-04	-0.01620827
1.944661458333e-04	0.00067897
1.944986979167e-04	0.01478876
1.945312500000e-04	0.01640727
1.945638020833e-04	0.01056654
1.945963541667e-04	-0.00674305
1.946289062500e-04	-0.02456190
1.946614583333e-04	-0.01938726
1.946940104167e-04	0.00058439
1.947265625000e-04	0.00718706
1.947591145833e-04	0.00100918
1.947916666667e-04	0.00043151
1.948242187500e-04	0.00491199
1.948567708333e-04	0.00465368
1.948893229167e-04	0.00088375
1.949218750000e-04	-0.00185653
1.949544270833e-04	-0.00357770
1.949869791667e-04	-0.00518529
1.950195312500e-04	-0.00545728
1.950520833333e-04	-0.00011280
1.950846354167e-04	0.00942274
1.951171875000e-04	0.00911986
1.951497395833e-04	-0.00493907
1.951822916667e-04	-0.01140258
1.952148437500e-04	-0.00001538
1.952473958333e-04	0.00696723
1.952799479167e-04	-0.00172210
1.953125000000e-04	-0.00562205
1.953450520833e-04	0.00425563
1.953776041667e-04	0.01154833
1.954101562500e-04	0.00902924
1.954427083333e-04	0.00235300
1.954752604167e-04	-0.00575607
1.955078125000e-04	-0.00576836
1.955403645833e-04	0.00954777
1.955729166667e-04	0.01838489
1.956054687500e-04	0.00062470
1.956380208333e-04	-0.01913750
1.956705729167e-04	-0.01095398
1.957031250000e-04	0.01123667
1.957356770833e-04	0.02273776
1.957682291667e-04	0.02452756
1.958007812500e-04	0.02028212
1.958333333333e-04	0.00756331
1.958658854167e-04	-0.00062645
1.958984375000e-04	0.00841773
1.959309895833e-04	0.01871973
1.959635416667e-04	0.00879153
1.959960937500e-04	-0.01365970
1.960286458333e-04	-0.02362367
1.960611979167e-04	-0.01241445
1.960937500000e-04	0.00208066
1.961263020833e-04	-0.00072921
1.961588541667e-04	-0.01367522
1.961914062500e-04	-0.01396870
1.962239583333e-04	-0.00348552
1.962565104167e-04	-0.00168064
1.962890625000e-04	-0.00623784
1.963216145833e-04	-0.00453098
1.963541666667e-04	-0.00477509
1.963867187500e-04	-0.01405935
1.964192708333e-04	-0.01733471
1.964518229167e-04	-0.00670397
1.964843750000e-04	0.00713742
1.965169270833e-04	0.01694889
1.965494791667e-04	0.01522953
1.965820312500e-04	-0.00629833
1.966145833333e-04	-0.02685659
1.966471354167e-04	-0.01663339
1.966796875000e-04	0.00733204
1.967122395833e-04	0.00963967
1.967447916667e-04	-0.00164708
1.967773437500e-04	-0.00623922
1.968098958333e-04	-0.01277802
1.968424479167e-04	-0.01893123
1.968750000000e-04	-0.00475798
1.969075520833e-04	0.01214143
1.969401041667e-04	-0.00015559
1.969726562500e-04	-0.02224733
1.970052083333e-04	-0.02156364
1.970377604167e-04	-0.01095529
1.970703125000e-04	-0.00794012
1.971028645833e-04	-0.00241038
1.971354166667e-04	0.00449127
1.971679687500e-04	0.00108110
1.972005208333e-04	-0.00111354
1.972330729167e-04	0.00708731
1.972656250000e-04	0.01176203
1.972981770833e-04	0.01050222
1.973307291667e-04	0.00947161
1.973632812500e-04	-0.00360063
1.973958333333e-04	-0.02215097
1.974283854167e-04	-0.01037795
1.974609375000e-04	0.02205423
1.974934895833e-04	0.02395521
1.975260416667e-04	0.00089437
1.975585937500e-04	0.00043268
1.975911458333e-04	0.01501997
1.976236979167e-04	0.00951746
1.976562500000e-04	-0.00285316
1.976888020833e-04	-0.00081726
1.977213541667e-04	0.00094716
1.977539062500e-04	-0.00135933
1.977864583333e-04	0.00733379
1.978190104167e-04	0.01533347
1.978515625000e-04	0.00673757
1.978841145833e-04	-0.00220394
1.979166666667e-04	-0.00117478
1.979492187500e-04	-0.00249009
1.979817708333e-04	-0.00389108
1.980143229167e-04	0.00033763
1.980468750000e-04	-0.00473624
1.980794270833e-04	-0.01549020
1.981119791667e-04	-0.00665887
1.981445312500e-04	0.00878427
1.981770833333e-04	0.00058027
1.982096354167e-04	-0.01114836
1.982421875000e-04	0.00040227
1.982747395833e-04	0.00765489
1.983072916667e-04	-0.00863655
1.983398437500e-04	-0.01415133
1.983723958333e-04	0.00475557
1.984049479167e-04	0.01292049
1.984375000000e-04	-0.00030914
1.984700520833e-04	-0.00638446
1.985026041667e-04	0.00330562
1.985351562500e-04	0.00980971
1.985677083333e-04	0.00279045
1.986002604167e-04	-0.00972553
1.986328125000e-04	-0.01082899
1.986653645833e-04	0.00493227
1.986979166667e-04	0.01602788
1.987304687500e-04	0.00707933
1.987630208333e-04	-0.00214526
1.987955729167e-04	-0.00043753
1.988281250000e-04	-0.00598076
1.988606770833e-04	-0.01106983
1.988932291667e-04	0.00958823
1.989257812500e-04	0.02653775
1.989583333333e-04	0.00032441
1.989908854167e-04	-0.02748641
1.990234375000e-04	-0.00641957
1.990559895833e-04	0.02374482
1.990885416667e-04	0.01566404
1.991210937500e-04	0.00036617
1.991536458333e-04	0.00699699
1.991861979167e-04	0.01028288
1.992187500000e-04	0.00165912
1.992513020833e-04	0.00112028
1.992838541667e-04	0.00276812
1.993164062500e-04	-0.00075198
1.993489583333e-04	0.00770580
1.993815104167e-04	0.01634101
1.994140625000e-04	-0.00356110
1.994466145833e-04	-0.02169037
1.994791666667e-04	0.00156937
1.995117187500e-04	0.02522538
1.995442708333e-04	0.00470388
1.995768229167e-04	-0.01715149
1.996093750000e-04	-0.00012844
1.996419270833e-04	0.01523626
1.996744791667e-04	-0.00213123
1.997070312500e-04	-0.01736448
1.997395833333e-04	-0.00831442
1.997721354167e-04	0.00239454
1.998046875000e-04	0.00477510
1.998372395833e-04	0.01035814
1.998697916667e-04	0.01902993
1.999023437500e-04	0.02384295
1.999348958333e-04	0.01887466
1.999674479167e-04	-0.00391468
2.000000000000e-04	-0.03004664
2.000325520833e-04	-0.02609188
2.000651041667e-04	0.00098030
2.000976562500e-04	0.00733952
2.001302083333e-04	-0.00860148
2.001627604167e-04	-0.00884323
2.001953125000e-04	0.00470983
2.002278645833e-04	-0.00045098
2.002604166667e-04	-0.01691032
2.002929687500e-04	-0.01614337
2.003255208333e-04	-0.00571274
2.003580729167e-04	-0.00401978
2.003906250000e-04	-0.00198516
2.004231770833e-04	0.00569171
2.004557291667e-04	0.00192205
2.004882812500e-04	-0.01374357
2.005208333333e-04	-0.01786476
2.005533854167e-04	-0.00531387
2.005859375000e-04	0.00526037
2.006184895833e-04	0.00521050
2.006510416667e-04	0.00022151
2.006835937500e-04	-0.00664175
2.007161458333e-04	-0.01131160
2.007486979167e-04	-0.00630635
2.007812500000e-04	0.00348644
2.008138020833e-04	0.00459133
2.008463541667e-04	-0.00060893
2.008789062500e-04	0.00025237
2.009114583333e-04	0.00134220
2.009440104167e-04	-0.01096620
2.009765625000e-04	-0.02442385
2.010091145833e-04	-0.01663478
2.010416666667e-04	0.00025708
2.010742187500e-04	-0.00483544
2.011067708333e-04	-0.02508342
2.011393229167e-04	-0.02408348
2.011718750000e-04	0.00034757
2.012044270833e-04	0.01335891
2.012369791667e-04	0.00380906
2.012695312500e-04	-0.00536576
2.013020833333e-04	-0.00639780
2.013346354167e-04	-0.01409493
2.013671875000e-04	-0.02653882
2.013997395833e-04	-0.02637429
2.014322916667e-04	-0.01621706
2.014648437500e-04	-0.01245092
2.014973958333e-04	-0.01434303
2.015299479167e-04	-0.01199000
2.015625000000e-04	-0.00858636
2.015950520833e-04	-0.00886891
2.016276041667e-04	-0.00534148
2.016601562500e-04	0.00499269
2.016927083333e-04	0.01110412
2.017252604167e-04	0.00670000
2.017578125000e-04	-0.00140540
2.017903645833e-04	-0.00742306
2.018229166667e-04	-0.01044638
2.018554687500e-04	-0.00667378
2.018880208333e-04	0.00477395
2.019205729167e-04	0.01347896
2.019531250000e-04	0.00973658
2.019856770833e-04	-0.00106816
2.020182291667e-04	-0.00715910
2.020507812500e-04	-0.00763646
2.020833333333e-04	-0.01118614
2.021158854167e-04	-0.01894516
2.021484375000e-04	-0.01759926
2.021809895833e-04	0.00228502
2.022135416667e-04	0.02437076
2.022460937500e-04	0.01998768
2.022786458333e-04	-0.01089423
2.023111979167e-04	-0.03336550
2.023437500000e-04	-0.02490501
2.023763020833e-04	-0.00489135
2.024088541667e-04	0.00124905
2.024414062500e-04	-0.00007615
2.024739583333e-04	0.00660286
2.025065104167e-04	0.01275010
2.025390625000e-04	0.00494396
2.025716145833e-04	-0.00742610
2.026041666667e-04	-0.01025331
2.026367187500e-04	-0.00595073
2.026692708333e-04	0.00198702
2.027018229167e-04	0.01516973
2.027343750000e-04	0.02135667
2.027669270833e-04	0.00796239
2.027994791667e-04	-0.00579052
2.028320312500e-04	0.00329382
2.028645833333e-04	0.01559510
2.028971354167e-04	0.00413741
2.029296875000e-04	-0.01019378
2.029622395833e-04	0.00034304
2.029947916667e-04	0.01350260
2.030273437500e-04	0.00321803
2.030598958333e-04	-0.00766497
2.030924479167e-04	0.00214282
2.031250000000e-04	0.00876214
2.031575520833e-04	-0.00312596
2.031901041667e-04	-0.00895619
2.032226562500e-04	0.00047179
2.032552083333e-04	0.00111409
2.032877604167e-04	-0.00977618
2.033203125000e-04	-0.00840923
2.033528645833e-04	0.00369961
2.033854166667e-04	0.00393936
2.034179687500e-04	-0.00451058
2.034505208333e-04	-0.00220714
2.034830729167e-04	0.00646174
2.035156250000e-04	0.00443005
2.035481770833e-04	-0.00455605
2.035807291667e-04	-0.00455748
2.036132812500e-04	0.00490258
2.036458333333e-04	0.01101810
2.036783854167e-04	0.00840946
2.037109375000e-04	0.00303145
2.037434895833e-04	-0.00044965
2.037760416667e-04	-0.00241126
2.038085937500e-04	-0.00005555
2.038411458333e-04	0.00957232
2.038736979167e-04	0.01728638
2.039062500000e-04	0.01069749
2.039388020833e-04	-0.00458457
2.039713541667e-04	-0.01199090
2.040039062500e-04	-0.00761347
2.040364583333e-04	-0.00001173
2.040690104167e-04	0.00281787
2.041015625000e-04	-0.00292658
2.041341145833e-04	-0.01103485
2.041666666667e-04	-0.00834302
2.041992187500e-04	0.00009913
2.042317708333e-04	-0.00507874
2.042643229167e-04	-0.01481059
2.042968750000e-04	-0.00169102
2.043294270833e-04	0.02049520
2.043619791667e-04	0.01574079
2.043945312500e-04	-0.00207042
2.044270833333e-04	0.00361807
2.044596354167e-04	0.01813808
2.044921875000e-04	0.01212869
2.045247395833e-04	0.00481165
2.045572916667e-04	0.01479524
2.045898437500e-04	0.01459360
2.046223958333e-04	-0.00666676
2.046549479167e-04	-0.01513371
2.046875000000e-04	-0.00083843
2.047200520833e-04	0.00854873
2.047526041667e-04	0.00691434
2.047851562500e-04	0.00798534
2.048177083333e-04	0.00835690
2.048502604167e-04	0.00617337
2.048828125000e-04	0.01018479
2.049153645833e-04	0.00810419
2.049479166667e-04	-0.01177198
2.049804687500e-04	-0.02147395
2.050130208333e-04	-0.00376587
2.050455729167e-04	0.00625260
2.050781250000e-04	-0.00931644
2.051106770833e-04	-0.01512764
2.051432291667e-04	0.00077878
2.051757812500e-04	0.00526252
2.052083333333e-04	-0.00666835
2.052408854167e-04	-0.00932642
2.052734375000e-04	-0.00667194
2.053059895833e-04	-0.01407361
2.053385416667e-04	-0.01661450
2.053710937500e-04	-0.00492537
2.054036458333e-04	0.00259789
2.054361979167e-04	0.00276696
2.054687500000e-04	0.00886366
2.055013020833e-04	0.01203795
2.055338541667e-04	0.00352555
2.055664062500e-04	0.00365153
2.055989583333e-04	0.01884900
2.056315104167e-04	0.02264969
2.056640625000e-04	0.00960944
2.056966145833e-04	0.00391549
2.057291666667e-04	0.00639754
2.057617187500e-04	-0.00223515
2.057942708333e-04	-0.01654074
2.058268229167e-04	-0.01844192
2.058593750000e-04	-0.00978523
2.058919270833e-04	0.00005360
2.059244791667e-04	0.00719865
2.059570312500e-04	0.00436523
2.059895833333e-04	-0.00874908
2.060221354167e-04	-0.01609289
2.060546875000e-04	-0.01004883
2.060872395833e-04	-0.00177552
2.061197916667e-04	0.00275502
2.061523437500e-04	0.00657174
2.061848958333e-04	0.00644148
2.062174479167e-04	0.00126952
2.062500000000e-04	-0.00039490
2.062825520833e-04	0.00337357
2.063151041667e-04	0.00633943
2.063476562500e-04	0.00716697
2.063802083333e-04	0.00386438
2.064127604167e-04	-0.00488634
2.064453125000e-04	-0.00403796
2.064778645833e-04	0.01531740
2.065104166667e-04	0.02666941
2.065429687500e-04	0.01003399
2.065755208333e-04	-0.00594906
2.066080729167e-04	0.00333297
2.066406250000e-04	0.01131584
2.066731770833e-04	-0.00496193
2.067057291667e-04	-0.02080680
2.067382812500e-04	-0.01195524
2.067708333333e-04	0.00914874
2.068033854167e-04	0.02125376
2.068359375000e-04	0.01452029
2.068684895833e-04	-0.00766458
2.069010416667e-04	-0.02175974
2.069335937500e-04	-0.00997780
2.069661458333e-04	0.00661736
2.069986979167e-04	0.00516315
2.070312500000e-04	0.00241697
2.070638020833e-04	0.01071421
2.070963541667e-04	0.00721573
2.071289062500e-04	-0.01145731
2.071614583333e-04	-0.01606567
2.071940104167e-04	-0.00747646
2.072265625000e-04	-0.01118864
2.072591145833e-04	-0.01648822
2.072916666667e-04	-0.00380709
2.073242187500e-04	0.00279404
2.073567708333e-04	-0.01511966
2.073893229167e-04	-0.02653924
2.074218750000e-04	-0.01261534
2.074544270833e-04	-0.00055895
2.074869791667e-04	-0.00330883
2.075195312500e-04	0.00044771
2.075520833333e-04	0.01590394
2.075846354167e-04	0.02480753
2.076171875000e-04	0.01907416
2.076497395833e-04	0.00234870
2.076822916667e-04	-0.01623044
2.077148437500e-04	-0.01826599
2.077473958333e-04	-0.00140660
2.077799479167e-04	0.00604742
2.078125000000e-04	-0.00849972
2.078450520833e-04	-0.01701736
2.078776041667e-04	-0.00294095
2.079101562500e-04	0.00980761
2.079427083333e-04	0.00289600
2.079752604167e-04	-0.00891086
2.080078125000e-04	-0.01021508
2.080403645833e-04	-0.00686155
2.080729166667e-04	-0.00780960
2.081054687500e-04	-0.00855823
2.081380208333e-04	-0.00036362
2.081705729167e-04	0.01078282
2.082031250000e-04	0.00846896
2.082356770833e-04	-0.00419720
2.082682291667e-04	-0.00463171
2.083007812500e-04	0.00623504
2.083333333333e-04	0.00179942
2.083658854167e-04	-0.01667942
2.083984375000e-04	-0.01799655
2.084309895833e-04	0.00122780
2.084635416667e-04	0.01464108
2.084960937500e-04	0.01543232
2.085286458333e-04	0.01457796
2.085611979167e-04	0.01171350
2.085937500000e-04	0.00680758
2.086263020833e-04	0.00750122
2.086588541667e-04	0.00835075
2.086914062500e-04	0.00151385
2.087239583333e-04	-0.00164393
2.087565104167e-04	0.00511441
2.087890625000e-04	0.00965953
2.088216145833e-04	0.01202536
2.088541666667e-04	0.01880809
2.088867187500e-04	0.01325724
2.089192708333e-04	-0.01169750
2.089518229167e-04	-0.02517829
2.089843750000e-04	-0.01480422
2.090169270833e-04	-0.00939073
2.090494791667e-04	-0.01282507
2.090820312500e-04	-0.00049209
2.091145833333e-04	0.01229907
2.091471354167e-04	-0.00427477
2.091796875000e-04	-0.02361514
2.092122395833e-04	-0.01079418
2.092447916667e-04	0.00989793
2.092773437500e-04	0.01158351
2.093098958333e-04	0.01391920
2.093424479167e-04	0.02507660
2.093750000000e-04	0.02111763
2.094075520833e-04	0.00401777
2.094401041667e-04	-0.00197970
2.094726562500e-04	-0.00072458
2.095052083333e-04	-0.00472312
2.095377604167e-04	-0.00440164
2.095703125000e-04	0.00038380
2.096028645833e-04	-0.00588090
2.096354166667e-04	-0.01368683
2.096679687500e-04	-0.00209271
2.097005208333e-04	0.01765361
2.097330729167e-04	0.02440787
2.097656250000e-04	0.02199604
2.097981770833e-04	0.01790129
2.098307291667e-04	0.01027695
2.098632812500e-04	0.00680671
2.098958333333e-04	0.01248200
2.099283854167e-04	0.01283184
2.099609375000e-04	0.00393226
2.099934895833e-04	0.00215483
2.100260416667e-04	0.00565712
2.100585937500e-04	-0.00085864
2.100911458333e-04	-0.00523209
2.101236979167e-04	0.00770435
2.101562500000e-04	0.01498783
2.101888020833e-04	-0.00056172
2.102213541667e-04	-0.00886087
2.102539062500e-04	0.01025932
2.102864583333e-04	0.02514548
2.103190104167e-04	0.01220834
2.103515625000e-04	-0.00371803
2.103841145833e-04	-0.00013330
2.104166666667e-04	0.00933635
2.104492187500e-04	0.00752740
2.104817708333e-04	-0.00490802
2.105143229167e-04	-0.01805331
2.105468750000e-04	-0.01468185
2.105794270833e-04	0.01284557
2.106119791667e-04	0.03586202
2.106445312500e-04	0.02201653
2.106770833333e-04	-0.00684624
2.107096354167e-04	-0.00500493
2.107421875000e-04	0.02138013
2.107747395833e-04	0.03045178
2.108072916667e-04	0.01557628
2.108398437500e-04	0.00091006
2.108723958333e-04	-0.00570451
2.109049479167e-04	-0.00681555
2.109375000000e-04	0.00263756
2.109700520833e-04	0.01478396
2.110026041667e-04	0.01020234
2.110351562500e-04	-0.00665439
2.110677083333e-04	-0.01452412
2.111002604167e-04	-0.01093724
2.111328125000e-04	-0.00304841
2.111653645833e-04	0.01078510
2.111979166667e-04	0.02049187
2.112304687500e-04	0.00771828
2.112630208333e-04	-0.01239507
2.112955729167e-04	-0.00644133
2.113281250000e-04	0.01607547
2.113606770833e-04	0.01612193
2.113932291667e-04	-0.00734431
2.114257812500e-04	-0.02097097
2.114583333333e-04	-0.01442497
2.114908854167e-04	-0.00572151
2.115234375000e-04	-0.00518715
2.115559895833e-04	-0.00877960
2.115885416667e-04	-0.01283544
2.116210937500e-04	-0.01459644
2.116536458333e-04	-0.00851537
2.116861979167e-04	0.00582485
2.117187500000e-04	0.01696415
2.117513020833e-04	0.01398881
2.117838541667e-04	0.00571763
2.118164062500e-04	0.00846508
2.118489583333e-04	0.01384715
2.118815104167e-04	0.00384927
2.119140625000e-04	-0.00549846
2.119466145833e-04	0.01016374
2.119791666667e-04	0.02853500
2.120117187500e-04	0.02042010
2.120442708333e-04	0.00893631
2.120768229167e-04	0.01346707
2.121093750000e-04	0.00194286
2.121419270833e-04	-0.02690492
2.121744791667e-04	-0.01704888
2.122070312500e-04	0.02651212
2.122395833333e-04	0.02809562
2.122721354167e-04	-0.01132138
2.123046875000e-04	-0.01548766
2.123372395833e-04	0.01320464
2.123697916667e-04	0.01020562
2.124023437500e-04	-0.01217239
2.124348958333e-04	-0.00382786
2.124674479167e-04	0.01205101
2.125000000000e-04	0.00239154
2.125325520833e-04	-0.00008687
2.125651041667e-04	0.01912876
2.125976562500e-04	0.01796539
2.126302083333e-04	-0.00525828
2.126627604167e-04	-0.00546738
2.126953125000e-04	0.01254692
2.127278645833e-04	0.01201999
2.127604166667e-04	0.00416234
2.127929687500e-04	0.01045128
2.128255208333e-04	0.01016869
2.128580729167e-04	-0.00457737
2.128906250000e-04	-0.00461224
2.129231770833e-04	0.00942575
2.129557291667e-04	0.00547927
2.129882812500e-04	-0.00917622
2.130208333333e-04	-0.00156256
2.130533854167e-04	0.01840021
2.130859375000e-04	0.01657743
2.131184895833e-04	-0.00411008
2.131510416667e-04	-0.01563631
2.131835937500e-04	-0.00986112
2.132161458333e-04	0.00178060
2.132486979167e-04	0.00724983
2.132812500000e-04	-0.00219773
2.133138020833e-04	-0.02293030
2.133463541667e-04	-0.03179033
2.133789062500e-04	-0.01259772
2.134114583333e-04	0.01406821
2.134440104167e-04	0.01592538
2.134765625000e-04	-0.00114830
2.135091145833e-04	-0.00444129
2.135416666667e-04	0.00783709
2.135742187500e-04	0.00649040
2.136067708333e-04	-0.01149496
2.136393229167e-04	-0.01840503
2.136718750000e-04	-0.00697937
2.137044270833e-04	0.00491131
2.137369791667e-04	0.00937171
2.137695312500e-04	0.00571750
2.138020833333e-04	-0.00858147
2.138346354167e-04	-0.01665093
2.138671875000e-04	-0.00064437
2.138997395833e-04	0.01392697
2.139322916667e-04	0.00001970
2.139648437500e-04	-0.00972799
2.139973958333e-04	0.01336150
2.140299479167e-04	0.02546092
2.140625000000e-04	0.00350490
2.140950520833e-04	-0.02068810
2.141276041667e-04	-0.02137876
2.141601562500e-04	0.00077848
2.141927083333e-04	0.01063212
2.142252604167e-04	0.00048369
2.142578125000e-04	-0.00321140
2.142903645833e-04	0.00252899
2.143229166667e-04	-0.00470477
2.143554687500e-04	-0.01925158
2.143880208333e-04	-0.01630459
2.144205729167e-04	-0.00281677
2.144531250000e-04	-0.00043949
2.144856770833e-04	-0.00201066
2.145182291667e-04	0.00541797
2.145507812500e-04	0.00990847
2.145833333333e-04	0.00288469
2.146158854167e-04	-0.00416617
2.146484375000e-04	-0.00854086
2.146809895833e-04	-0.01627300
2.147135416667e-04	-0.01555321
2.147460937500e-04	0.00275277
2.147786458333e-04	0.01576291
2.148111979167e-04	0.00424570
2.148437500000e-04	-0.01121885
2.148763020833e-04	-0.00854565
2.149088541667e-04	-0.00218204
2.149414062500e-04	-0.00961986
2.149739583333e-04	-0.01844169
2.150065104167e-04	-0.01383500
2.150390625000e-04	-0.00320214
2.150716145833e-04	0.00437131
2.151041666667e-04	0.01004985
2.151367187500e-04	0.00942302
2.151692708333e-04	-0.00267713
2.152018229167e-04	-0.01294044
2.152343750000e-04	-0.00706068
2.152669270833e-04	0.00275880
2.152994791667e-04	-0.00095443
2.153320312500e-04	-0.00811907
2.153645833333e-04	-0.00103274
2.153971354167e-04	0.01087550
2.154296875000e-04	0.00603425
2.154622395833e-04	-0.01371851
2.154947916667e-04	-0.02554175
2.155273437500e-04	-0.01651438
2.155598958333e-04	0.00008560
2.155924479167e-04	0.00092376
2.156250000000e-04	-0.01604857
2.156575520833e-04	-0.02716734
2.156901041667e-04	-0.01759998
2.157226562500e-04	-0.00106858
2.157552083333e-04	0.00566184
2.157877604167e-04	0.00187811
2.158203125000e-04	-0.01026629
2.158528645833e-04	-0.02683898
2.158854166667e-04	-0.03163908
2.159179687500e-04	-0.01596170
2.159505208333e-04	0.00383012
2.159830729167e-04	0.01315174
2.160156250000e-04	0.01796148
2.160481770833e-04	0.02215787
2.160807291667e-04	0.02058961
2.161132812500e-04	0.01664007
2.161458333333e-04	0.01334718
2.161783854167e-04	0.00199713
2.162109375000e-04	-0.01439817
2.162434895833e-04	-0.01761032
2.162760416667e-04	-0.00813597
2.163085937500e-04	-0.00192961
2.163411458333e-04	0.00350307
2.163736979167e-04	0.01645506
2.164062500000e-04	0.02416633
2.164388020833e-04	0.01602552
2.164713541667e-04	0.00377261
2.165039062500e-04	-0.00247869
2.165364583333e-04	-0.00410118
2.165690104167e-04	0.00018673
2.166015625000e-04	0.00716376
2.166341145833e-04	0.00639984
2.166666666667e-04	0.00223190
2.166992187500e-04	0.00592179
2.167317708333e-04	0.00899978
2.167643229167e-04	0.00328780
2.167968750000e-04	0.00297768
2.168294270833e-04	0.01273356
2.168619791667e-04	0.01576200
2.168945312500e-04	0.01112947
2.169270833333e-04	0.01033516
2.169596354167e-04	0.00353892
2.169921875000e-04	-0.01607114
2.170247395833e-04	-0.02556733
2.170572916667e-04	-0.01541191
2.170898437500e-04	-0.00837011
2.171223958333e-04	-0.00925856
2.171549479167e-04	0.00117774
2.171875000000e-04	0.01793357
2.172200520833e-04	0.01928184
2.172526041667e-04	0.00765840
2.172851562500e-04	-0.00252659
2.173177083333e-04	-0.00804147
2.173502604167e-04	-0.00738638
2.173828125000e-04	-0.00283665
2.174153645833e-04	-0.00469243
2.174479166667e-04	-0.00841502
2.174804687500e-04	-0.00090111
2.175130208333e-04	0.00612184
2.175455729167e-04	-0.00008851
2.175781250000e-04	0.00009156
2.176106770833e-04	0.01334109
2.176432291667e-04	0.00926354
2.176757812500e-04	-0.01297657
2.177083333333e-04	-0.01406152
2.177408854167e-04	0.00474444
2.177734375000e-04	0.00407703
2.178059895833e-04	-0.01379072
2.178385416667e-04	-0.01914757
2.178710937500e-04	-0.01509759
2.179036458333e-04	-0.01087806
2.179361979167e-04	0.00410072
2.179687500000e-04	0.01675431
2.180013020833e-04	0.00021636
2.180338541667e-04	-0.02398025
2.180664062500e-04	-0.01725669
2.180989583333e-04	0.00583002
2.181315104167e-04	0.01259783
2.181640625000e-04	0.00969180
2.181966145833e-04	0.01091412
2.182291666667e-04	0.00539382
2.182617187500e-04	-0.01101383
2.182942708333e-04	-0.02228440
2.183268229167e-04	-0.01694164
2.183593750000e-04	0.00116603
2.183919270833e-04	0.01436503
2.184244791667e-04	0.00529596
2.184570312500e-04	-0.01205440
2.184895833333e-04	-0.00877761
2.185221354167e-04	0.00283708
2.185546875000e-04	-0.00781289
2.185872395833e-04	-0.02250071
2.186197916667e-04	-0.01118308
2.186523437500e-04	0.00204410
2.186848958333e-04	-0.00756666
2.187174479167e-04	-0.01299685
2.187500000000e-04	-0.00241099
2.187825520833e-04	-0.00554700
2.188151041667e-04	-0.01732572
2.188476562500e-04	-0.00453736
2.188802083333e-04	0.01295508
2.189127604167e-04	-0.00054942
2.189453125000e-04	-0.01830572
2.189778645833e-04	-0.00743526
2.190104166667e-04	0.00930379
2.190429687500e-04	0.01517212
2.190755208333e-04	0.02643681
2.191080729167e-04	0.03052733
2.191406250000e-04	0.00485800
2.191731770833e-04	-0.01705564
2.192057291667e-04	-0.00203203
2.192382812500e-04	0.01306034
2.192708333333e-04	-0.00451593
2.193033854167e-04	-0.02096366
2.193359375000e-04	-0.01126988
2.193684895833e-04	-0.00239017
2.194010416667e-04	-0.00671592
2.194335937500e-04	-0.00469319
2.194661458333e-04	0.00133973
2.194986979167e-04	-0.00555740
2.195312500000e-04	-0.01527096
2.195638020833e-04	-0.01278433
2.195963541667e-04	-0.00690926
2.196289062500e-04	-0.00497925
2.196614583333e-04	0.00018400
2.196940104167e-04	0.00689848
2.197265625000e-04	0.00458670
2.197591145833e-04	-0.00531028
2.197916666667e-04	-0.01151323
2.198242187500e-04	-0.00815739
2.198567708333e-04	-0.00098971
2.198893229167e-04	-0.00196379
2.199218750000e-04	-0.00968087
2.199544270833e-04	-0.00552881
2.199869791667e-04	0.01069362
2.200195312500e-04	0.01100901
2.200520833333e-04	-0.00759314
2.200846354167e-04	-0.00925277
2.201171875000e-04	0.01328726
2.201497395833e-04	0.02124992
2.201822916667e-04	0.00280694
2.202148437500e-04	-0.00783600
2.202473958333e-04	0.00275606
2.202799479167e-04	0.01106315
2.203125000000e-04	0.00752111
2.203450520833e-04	0.00351519
2.203776041667e-04	-0.00050264
2.204101562500e-04	-0.00838942
2.204427083333e-04	-0.01048252
2.204752604167e-04	-0.00144028
2.205078125000e-04	0.00766780
2.205403645833e-04	0.00860780
2.205729166667e-04	0.00562011
2.206054687500e-04	0.00277495
2.206380208333e-04	-0.00213716
2.206705729167e-04	-0.01008324
2.207031250000e-04	-0.01392730
2.207356770833e-04	-0.00422131
2.207682291667e-04	0.01469929
2.208007812500e-04	0.02495568
2.208333333333e-04	0.01842648
2.208658854167e-04	0.00364412
2.208984375000e-04	-0.01014889
2.209309895833e-04	-0.01367089
2.209635416667e-04	0.00086218
2.209960937500e-04	0.01441988
2.210286458333e-04	-0.00249645
2.210611979167e-04	-0.02882274
2.210937500000e-04	-0.01658445
2.211263020833e-04	0.01745720
2.211588541667e-04	0.01947148
2.211914062500e-04	0.00459458
2.212239583333e-04	0.01765579
2.212565104167e-04	0.02743092
2.212890625000e-04	-0.00839142
2.213216145833e-04	-0.03868913
2.213541666667e-04	-0.01127504
2.213867187500e-04	0.02099607
2.214192708333e-04	0.00495758
2.214518229167e-04	-0.01423200
2.214843750000e-04	0.00340541
2.215169270833e-04	0.01483228
2.215494791667e-04	-0.00698885
2.215820312500e-04	-0.01791278
2.216145833333e-04	0.00589583
2.216471354167e-04	0.02609839
2.216796875000e-04	0.01449348
2.217122395833e-04	-0.01100268
2.217447916667e-04	-0.02478281
2.217773437500e-04	-0.02041951
2.218098958333e-04	-0.00918751
2.218424479167e-04	-0.00844899
2.218750000000e-04	-0.01833161
2.219075520833e-04	-0.02072505
2.219401041667e-04	-0.01151647
2.219726562500e-04	-0.00408465
2.220052083333e-04	0.00066448
2.220377604167e-04	0.00861001
2.220703125000e-04	0.00824563
2.221028645833e-04	-0.00603221
2.221354166667e-04	-0.01051499
2.221679687500e-04	0.00775097
2.222005208333e-04	0.02077615
2.222330729167e-04	0.00668767
2.222656250000e-04	-0.01039945
2.222981770833e-04	-0.00287130
2.223307291667e-04	0.01331762
2.223632812500e-04	0.00897014
2.223958333333e-04	-0.00915534
2.224283854167e-04	-0.01438114
2.224609375000e-04	-0.00617842
2.224934895833e-04	-0.00583040
2.225260416667e-04	-0.01685900
2.225585937500e-04	-0.02174651
2.225911458333e-04	-0.01334672
2.226236979167e-04	-0.00316808
2.226562500000e-04	-0.00046052
2.226888020833e-04	-0.00138748
2.227213541667e-04	0.00156168
2.227539062500e-04	0.00742740
2.227864583333e-04	0.00657537
2.228190104167e-04	-0.00286472
2.228515625000e-04	-0.00602760
2.228841145833e-04	0.00498417
2.229166666667e-04	0.01379978
2.229492187500e-04	0.00913085
2.229817708333e-04	0.00469716
2.230143229167e-04	0.00711331
2.230468750000e-04	0.00419796
2.230794270833e-04	0.00004467
2.231119791667e-04	0.00866164
2.231445312500e-04	0.01344173
2.231770833333e-04	-0.00516474
2.232096354167e-04	-0.02280865
2.232421875000e-04	-0.01479594
2.232747395833e-04	-0.00252313
2.233072916667e-04	-0.00236263
2.233398437500e-04	0.00583742
2.233723958333e-04	0.02067832
2.234049479167e-04	0.01160186
2.234375000000e-04	-0.01160675
2.234700520833e-04	-0.00834285
2.235026041667e-04	0.01601889
2.235351562500e-04	0.02238248
2.235677083333e-04	0.00575897
2.236002604167e-04	-0.01145630
2.236328125000e-04	-0.01994314
2.236653645833e-04	-0.01823211
2.236979166667e-04	-0.00475027
2.237304687500e-04	0.01015181
2.237630208333e-04	0.01442539
2.237955729167e-04	0.00943330
2.238281250000e-04	-0.00015730
2.238606770833e-04	-0.00951259
2.238932291667e-04	-0.00913472
2.239257812500e-04	-0.00146942
2.239583333333e-04	-0.00175996
2.239908854167e-04	-0.00857787
2.240234375000e-04	-0.00953079
2.240559895833e-04	-0.01177212
2.240885416667e-04	-0.02123205
2.241210937500e-04	-0.01725315
2.241536458333e-04	0.00574180
2.241861979167e-04	0.01638187
2.242187500000e-04	0.00378207
2.242513020833e-04	-0.00244455
2.242838541667e-04	0.00773015
2.243164062500e-04	0.01069165
2.243489583333e-04	0.00156489
2.243815104167e-04	-0.00250701
2.244140625000e-04	-0.00286135
2.244466145833e-04	-0.01059070
2.244791666667e-04	-0.01702005
2.245117187500e-04	-0.01113629
2.245442708333e-04	-0.00228337
2.245768229167e-04	-0.00222187
2.246093750000e-04	-0.00747256
2.246419270833e-04	-0.01028425
2.246744791667e-04	-0.00907039
2.247070312500e-04	-0.00460604
2.247395833333e-04	0.00215072
2.247721354167e-04	0.00773310
2.248046875000e-04	0.00906805
2.248372395833e-04	0.00919859
2.248697916667e-04	0.01208183
2.249023437500e-04	0.01038867
2.249348958333e-04	-0.00582498
2.249674479167e-04	-0.02419964
2.250000000000e-04	-0.01940697
2.250325520833e-04	0.00617729
2.250651041667e-04	0.02295344
2.250976562500e-04	0.01811053
2.251302083333e-04	0.00473730
2.251627604167e-04	-0.00688656
2.251953125000e-04	-0.01306989
2.252278645833e-04	-0.00692890
2.252604166667e-04	0.00727498
2.252929687500e-04	0.01109393
2.253255208333e-04	-0.00087923
2.253580729167e-04	-0.01326090
2.253906250000e-04	-0.01139961
2.254231770833e-04	0.00622464
2.254557291667e-04	0.02659929
2.254882812500e-04	0.02887949
2.255208333333e-04	0.01081443
2.255533854167e-04	-0.00429502
2.255859375000e-04	-0.00524332
2.256184895833e-04	-0.00562534
2.256510416667e-04	-0.00747744
2.256835937500e-04	0.00077404
2.257161458333e-04	0.01012078
2.257486979167e-04	0.00598440
2.257812500000e-04	0.00038351
2.258138020833e-04	0.00439989
2.258463541667e-04	0.00446748
2.258789062500e-04	-0.00283124
2.259114583333e-04	-0.00183916
2.259440104167e-04	0.00413369
2.259765625000e-04	-0.00058040
2.260091145833e-04	-0.00761146
2.260416666667e-04	-0.00239440
2.260742187500e-04	0.00594607
2.261067708333e-04	0.00520503
2.261393229167e-04	-0.00080306
2.261718750000e-04	-0.00520692
2.262044270833e-04	-0.00256502
2.262369791667e-04	0.00841523
2.262695312500e-04	0.01248093
2.263020833333e-04	-0.00215708
2.263346354167e-04	-0.01640287
2.263671875000e-04	-0.01184590
2.263997395833e-04	-0.00462902
2.264322916667e-04	-0.01040859
2.264648437500e-04	-0.01576164
2.264973958333e-04	-0.01040784
2.265299479167e-04	-0.00297240
2.265625000000e-04	0.00216003
2.265950520833e-04	0.00568987
2.266276041667e-04	0.00502233
2.266601562500e-04	0.00530910
2.266927083333e-04	0.00967632
2.267252604167e-04	0.00434962
2.267578125000e-04	-0.01111622
2.267903645833e-04	-0.01297549
2.268229166667e-04	-0.00214128
2.268554687500e-04	-0.00514417
2.268880208333e-04	-0.01419478
2.269205729167e-04	-0.00233327
2.269531250000e-04	0.01200185
2.269856770833e-04	-0.00262017
2.270182291667e-04	-0.02461911
2.270507812500e-04	-0.01885635
2.270833333333e-04	0.00308189
2.271158854167e-04	0.01412362
2.271484375000e-04	0.01240619
2.271809895833e-04	0.00482930
2.272135416667e-04	-0.00389308
2.272460937500e-04	-0.00402988
2.272786458333e-04	0.00512464
2.273111979167e-04	0.00987025
2.273437500000e-04	0.00575889
2.273763020833e-04	0.00390172
2.274088541667e-04	0.01071928
2.274414062500e-04	0.01662403
2.274739583333e-04	0.00561209
2.275065104167e-04	-0.01816402
2.275390625000e-04	-0.02197874
2.275716145833e-04	0.00570186
2.276041666667e-04	0.02392261
2.276367187500e-04	0.01002029
2.276692708333e-04	0.00570203
2.277018229167e-04	0.02980096
2.277343750000e-04	0.03514454
2.277669270833e-04	0.01158580
2.277994791667e-04	0.01187769
2.278320312500e-04	0.03574861
2.278645833333e-04	0.02842608
2.278971354167e-04	0.00062114
2.279296875000e-04	0.00389541
2.279622395833e-04	0.01843488
2.279947916667e-04	0.00032385
2.280273437500e-04	-0.02424394
2.280598958333e-04	-0.01837400
2.280924479167e-04	-0.00226828
2.281250000000e-04	0.00261626
2.281575520833e-04	0.00588922
2.281901041667e-04	0.00637893
2.282226562500e-04	-0.00193889
2.282552083333e-04	-0.00378894
2.282877604167e-04	0.00398494
2.283203125000e-04	0.00219375
2.283528645833e-04	-0.00784275
2.283854166667e-04	-0.00994239
2.284179687500e-04	-0.00716126
2.284505208333e-04	-0.00209177
2.284830729167e-04	0.01366788
2.285156250000e-04	0.02617744
2.285481770833e-04	0.01498025
2.285807291667e-04	-0.00323228
2.286132812500e-04	-0.00555139
2.286458333333e-04	-0.00240242
2.286783854167e-04	-0.00256766
2.287109375000e-04	0.00493633
2.287434895833e-04	0.01372736
2.287760416667e-04	0.00642758
2.288085937500e-04	-0.00890332
2.288411458333e-04	-0.01840276
2.288736979167e-04	-0.02450319
2.289062500000e-04	-0.02138645
2.289388020833e-04	-0.00129847
2.289713541667e-04	0.01367155
2.290039062500e-04	0.00371357
2.290364583333e-04	-0.00893525
2.290690104167e-04	-0.00126904
2.291015625000e-04	0.01203149
2.291341145833e-04	0.01377519
2.291666666667e-04	0.00957429
2.291992187500e-04	0.00569492
2.292317708333e-04	0.00209840
2.292643229167e-04	0.00148205
2.292968750000e-04	0.00219516
2.293294270833e-04	-0.00028285
2.293619791667e-04	-0.00244356
2.293945312500e-04	-0.00172139
2.294270833333e-04	-0.00118651
2.294596354167e-04	0.00245735
2.294921875000e-04	0.01044467
2.295247395833e-04	0.01188931
2.295572916667e-04	0.00655172
2.295898437500e-04	0.00792936
2.296223958333e-04	0.01122826
2.296549479167e-04	0.00269371
2.296875000000e-04	-0.00684482
2.297200520833e-04	-0.00655101
2.297526041667e-04	-0.01140920
2.297851562500e-04	-0.02157960
2.298177083333e-04	-0.01095703
2.298502604167e-04	0.01604332
2.298828125000e-04	0.02272230
2.299153645833e-04	0.00331003
2.299479166667e-04	-0.01314738
2.299804687500e-04	-0.00850465
2.300130208333e-04	0.01486824
2.300455729167e-04	0.03804719
2.300781250000e-04	0.03201728
2.301106770833e-04	0.00214667
2.301432291667e-04	-0.00575961
2.301757812500e-04	0.01524189
2.302083333333e-04	0.01779762
2.302408854167e-04	-0.00537456
2.302734375000e-04	-0.00895330
2.303059895833e-04	0.01062521
2.303385416667e-04	0.01524090
2.303710937500e-04	0.00703952
2.304036458333e-04	0.01032118
2.304361979167e-04	0.01130760
2.304687500000e-04	-0.00281353
2.305013020833e-04	-0.00663219
2.305338541667e-04	0.00702190
2.305664062500e-04	0.00826363
2.305989583333e-04	-0.00617471
2.306315104167e-04	-0.00816102
2.306640625000e-04	0.00116140
2.306966145833e-04	-0.00289230
2.307291666667e-04	-0.01567834
2.307617187500e-04	-0.01396485
2.307942708333e-04	-0.00073270
2.308268229167e-04	0.00290625
2.308593750000e-04	-0.00514753
2.308919270833e-04	-0.00857726
2.309244791667e-04	-0.00413465
2.309570312500e-04	-0.00868178
2.309895833333e-04	-0.02700066
2.310221354167e-04	-0.03549627
2.310546875000e-04	-0.01911320
2.310872395833e-04	-0.00027600
2.311197916667e-04	-0.00323699
2.311523437500e-04	-0.01648887
2.311848958333e-04	-0.01733472
2.312174479167e-04	-0.00560776
2.312500000000e-04	0.00575192
2.312825520833e-04	0.00832836
2.313151041667e-04	0.00077257
2.313476562500e-04	-0.00842669
2.313802083333e-04	-0.00858227
2.314127604167e-04	-0.00311736
2.314453125000e-04	-0.00073688
2.314778645833e-04	0.00055416
2.315104166667e-04	0.00005578
2.315429687500e-04	-0.01070472
2.315755208333e-04	-0.02407978
2.316080729167e-04	-0.02346680
2.316406250000e-04	-0.01647671
2.316731770833e-04	-0.01734983
2.317057291667e-04	-0.01331191
2.317382812500e-04	0.00421476
2.317708333333e-04	0.00984353
2.318033854167e-04	-0.00910718
2.318359375000e-04	-0.02279812
2.318684895833e-04	-0.01108485
2.319010416667e-04	0.00547555
2.319335937500e-04	0.00690229
2.319661458333e-04	-0.00177230
2.319986979167e-04	-0.01081277
2.320312500000e-04	-0.01431453
2.320638020833e-04	-0.01003483
2.320963541667e-04	-0.00708403
2.321289062500e-04	-0.00932210
2.321614583333e-04	0.00023513
2.321940104167e-04	0.02294822
2.322265625000e-04	0.02530312
2.322591145833e-04	-0.00196647
2.322916666667e-04	-0.01717507
2.323242187500e-04	-0.00033650
2.323567708333e-04	0.01298689
2.323893229167e-04	0.00181072
2.324218750000e-04	-0.00954526
2.324544270833e-04	-0.00770043
2.324869791667e-04	-0.00468136
2.325195312500e-04	0.00014990
2.325520833333e-04	0.00912586
2.325846354167e-04	0.00663693
2.326171875000e-04	-0.00217247
2.326497395833e-04	0.00907014
2.326822916667e-04	0.02430974
2.327148437500e-04	0.00630392
2.327473958333e-04	-0.01871408
2.327799479167e-04	-0.00335691
2.328125000000e-04	0.02348155
2.328450520833e-04	0.01538488
2.328776041667e-04	0.00172097
2.329101562500e-04	0.01374716
2.329427083333e-04	0.01384214
2.329752604167e-04	-0.01297847
2.330078125000e-04	-0.02058439
2.330403645833e-04	-0.00585783
2.330729166667e-04	-0.00932535
2.331054687500e-04	-0.01340389
2.331380208333e-04	0.01008679
2.331705729167e-04	0.01211845
2.332031250000e-04	-0.03013771
2.332356770833e-04	-0.04058702
2.332682291667e-04	0.00559187
2.333007812500e-04	0.02459335
2.333333333333e-04	-0.00492686
2.333658854167e-04	-0.00954736
2.333984375000e-04	0.01466719
2.334309895833e-04	0.00930114
2.334635416667e-04	-0.00704239
2.334960937500e-04	0.00855413
2.335286458333e-04	0.01880991
2.335611979167e-04	-0.00256632
2.335937500000e-04	-0.00806213
2.336263020833e-04	0.01006096
2.336588541667e-04	0.00298640
2.336914062500e-04	-0.01726828
2.337239583333e-04	-0.00580869
2.337565104167e-04	0.01144126
2.337890625000e-04	0.00156535
2.338216145833e-04	-0.00147218
2.338541666667e-04	0.01573302
2.338867187500e-04	0.01224680
2.339192708333e-04	-0.00909602
2.339518229167e-04	-0.00726751
2.339843750000e-04	0.00466549
2.340169270833e-04	-0.00340653
2.340494791667e-04	-0.01006245
2.340820312500e-04	-0.00177311
2.341145833333e-04	-0.00571664
2.341471354167e-04	-0.01773219
2.341796875000e-04	-0.00758734
2.342122395833e-04	0.00824822
2.342447916667e-04	0.00433950
2.342773437500e-04	0.00574934
2.343098958333e-04	0.02461504
2.343424479167e-04	0.02312782
2.343750000000e-04	-0.00400020
2.344075520833e-04	-0.01256421
2.344401041667e-04	0.00379141
2.344726562500e-04	0.01143378
2.345052083333e-04	0.00989255
2.345377604167e-04	0.01603209
2.345703125000e-04	0.01268673
2.346028645833e-04	-0.01241348
2.346354166667e-04	-0.02618165
2.346679687500e-04	-0.00468170
2.347005208333e-04	0.02113909
2.347330729167e-04	0.01489388
2.347656250000e-04	-0.00903144
2.347981770833e-04	-0.01165903
2.348307291667e-04	0.00936715
2.348632812500e-04	0.01718810
2.348958333333e-04	-0.00516994
2.349283854167e-04	-0.02703688
2.349609375000e-04	-0.01913178
2.349934895833e-04	0.00490366
2.350260416667e-04	0.01987401
2.350585937500e-04	0.02354539
2.350911458333e-04	0.01891484
2.351236979167e-04	0.00373359
2.351562500000e-04	-0.00940330
2.351888020833e-04	-0.00417404
2.352213541667e-04	0.00725960
2.352539062500e-04	0.00303155
2.352864583333e-04	-0.00731689
2.353190104167e-04	0.00074129
2.353515625000e-04	0.02164779
2.353841145833e-04	0.02640848
2.354166666667e-04	0.00768503
2.354492187500e-04	-0.00975475
2.354817708333e-04	-0.00557049
2.355143229167e-04	0.01023483
2.355468750000e-04	0.01736865
2.355794270833e-04	0.01257399
2.356119791667e-04	0.00222491
2.356445312500e-04	-0.01103284
2.356770833333e-04	-0.01782460
2.357096354167e-04	-0.00568456
2.357421875000e-04	0.01316972
2.357747395833e-04	0.01149386
2.358072916667e-04	-0.00949541
2.358398437500e-04	-0.02390885
2.358723958333e-04	-0.02311413
2.359049479167e-04	-0.01655323
2.359375000000e-04	-0.00757763
2.359700520833e-04	0.00034840
2.360026041667e-04	-0.00178132
2.360351562500e-04	-0.00976480
2.360677083333e-04	-0.00995011
2.361002604167e-04	-0.00211826
2.361328125000e-04	0.00579548
2.361653645833e-04	0.00899435
2.361979166667e-04	-0.00010163
2.362304687500e-04	-0.01807986
2.362630208333e-04	-0.01957997
2.362955729167e-04	0.00019440
2.363281250000e-04	0.00616338
2.363606770833e-04	-0.01260764
2.363932291667e-04	-0.01908992
2.364257812500e-04	-0.00149177
2.364583333333e-04	0.00937542
2.364908854167e-04	0.01086380
2.365234375000e-04	0.02412566
2.365559895833e-04	0.02997004
2.365885416667e-04	0.00599936
2.366210937500e-04	-0.01163178
2.366536458333e-04	0.00574141
2.366861979167e-04	0.01913882
2.367187500000e-04	0.00295640
2.367513020833e-04	-0.00569106
2.367838541667e-04	0.00752215
2.368164062500e-04	0.00676858
2.368489583333e-04	-0.00738072
2.368815104167e-04	0.00217256
2.369140625000e-04	0.02117713
2.369466145833e-04	0.00888594
2.369791666667e-04	-0.01191733
2.370117187500e-04	0.00309766
2.370442708333e-04	0.02780955
2.370768229167e-04	0.01429594
2.371093750000e-04	-0.01472002
2.371419270833e-04	-0.01057966
2.371744791667e-04	0.01240822
2.372070312500e-04	0.01102597
2.372395833333e-04	-0.00702763
2.372721354167e-04	-0.00710149
2.373046875000e-04	0.00480130
2.373372395833e-04	0.00183939
2.373697916667e-04	-0.00775872
2.374023437500e-04	-0.00407898
2.374348958333e-04	-0.00197415
2.374674479167e-04	-0.01599493
2.375000000000e-04	-0.01964784
2.375325520833e-04	0.00247014
2.375651041667e-04	0.01585486
2.375976562500e-04	0.00405452
2.376302083333e-04	0.00299066
2.376627604167e-04	0.02008857
2.376953125000e-04	0.01275726
2.377278645833e-04	-0.01608367
2.377604166667e-04	-0.01252682
2.377929687500e-04	0.01870229
2.378255208333e-04	0.02137981
2.378580729167e-04	0.00078766
2.378906250000e-04	0.00407998
2.379231770833e-04	0.01783925
2.379557291667e-04	0.00596067
2.379882812500e-04	-0.00472488
2.380208333333e-04	0.01654476
2.380533854167e-04	0.03363606
2.380859375000e-04	0.01653335
2.381184895833e-04	0.00011392
2.381510416667e-04	0.01121219
2.381835937500e-04	0.02298732
2.382161458333e-04	0.01437573
2.382486979167e-04	-0.00051466
2.382812500000e-04	-0.00979226
2.383138020833e-04	-0.01362281
2.383463541667e-04	-0.00941339
2.383789062500e-04	-0.00171220
2.384114583333e-04	-0.00214317
2.384440104167e-04	-0.00721495
2.384765625000e-04	-0.00510973
2.385091145833e-04	0.00051963
2.385416666667e-04	-0.00015865
2.385742187500e-04	-0.00374697
2.386067708333e-04	-0.00196415
2.386393229167e-04	0.00350876
2.386718750000e-04	0.00398966
2.387044270833e-04	-0.00257034
2.387369791667e-04	-0.00497314
2.387695312500e-04	0.00438873
2.388020833333e-04	0.01243192
2.388346354167e-04	0.01041652
2.388671875000e-04	0.01654913
2.388997395833e-04	0.03325038
2.389322916667e-04	0.02379751
2.389648437500e-04	-0.01566273
2.389973958333e-04	-0.02795802
2.390299479167e-04	0.00467988
2.390625000000e-04	0.02309833
2.390950520833e-04	0.00305259
2.391276041667e-04	-0.00689617
2.391601562500e-04	0.00763192
2.391927083333e-04	0.00461667
2.392252604167e-04	-0.01728940
2.392578125000e-04	-0.01897590
2.392903645833e-04	-0.00546097
2.393229166667e-04	-0.00631788
2.393554687500e-04	-0.00968031
2.393880208333e-04	0.00222135
2.394205729167e-04	0.00761388
2.394531250000e-04	-0.00761561
2.394856770833e-04	-0.01837620
2.395182291667e-04	-0.00799616
2.395507812500e-04	0.00579186
2.395833333333e-04	0.00360185
2.396158854167e-04	-0.01097874
2.396484375000e-04	-0.01780778
2.396809895833e-04	-0.00405963
2.397135416667e-04	0.01238953
2.397460937500e-04	0.00475485
2.397786458333e-04	-0.01498868
2.398111979167e-04	-0.01395855
2.398437500000e-04	0.00353616
2.398763020833e-04	0.00978626
2.399088541667e-04	0.00350957
2.399414062500e-04	-0.00336573
2.399739583333e-04	-0.00955107
2.400065104167e-04	-0.00494749
2.400390625000e-04	0.01644095
2.400716145833e-04	0.02330690
2.401041666667e-04	-0.00340441
2.401367187500e-04	-0.02024567
2.401692708333e-04	0.00238879
2.402018229167e-04	0.01771876
2.402343750000e-04	-0.00710518
2.402669270833e-04	-0.02578052
2.402994791667e-04	-0.00495099
2.403320312500e-04	0.01801581
2.403645833333e-04	0.01651642
2.403971354167e-04	0.01218328
2.404296875000e-04	0.01018235
2.404622395833e-04	-0.00591779
2.404947916667e-04	-0.02035110
2.405273437500e-04	-0.01090515
2.405598958333e-04	0.00120090
2.405924479167e-04	-0.00626046
2.406250000000e-04	-0.01372255
2.406575520833e-04	-0.00628774
2.406901041667e-04	-0.00191434
2.407226562500e-04	-0.00741066
2.407552083333e-04	-0.00910167
2.407877604167e-04	-0.00903313
2.408203125000e-04	-0.01294190
2.408528645833e-04	-0.00669014
2.408854166667e-04	0.00741385
2.409179687500e-04	0.00073468
2.409505208333e-04	-0.02071691
2.409830729167e-04	-0.01739832
2.410156250000e-04	0.00400826
2.410481770833e-04	0.00084850
2.410807291667e-04	-0.01709532
2.411132812500e-04	-0.00793438
2.411458333333e-04	0.01499910
2.411783854167e-04	0.01316280
2.412109375000e-04	-0.00164640
2.412434895833e-04	-0.00491062
2.412760416667e-04	-0.00971440
2.413085937500e-04	-0.01928725
2.413411458333e-04	-0.00947923
2.413736979167e-04	0.01054800
2.414062500000e-04	0.00895501
2.414388020833e-04	-0.00108132
2.414713541667e-04	0.00815315
2.415039062500e-04	0.01828878
2.415364583333e-04	0.01000818
2.415690104167e-04	0.00424517
2.416015625000e-04	0.00754784
2.416341145833e-04	-0.00164779
2.416666666667e-04	-0.01424816
2.416992187500e-04	-0.00586183
2.417317708333e-04	0.00512356
2.417643229167e-04	-0.00576897
2.417968750000e-04	-0.01862547
2.418294270833e-04	-0.01286542
2.418619791667e-04	-0.00159848
2.418945312500e-04	0.00223514
2.419270833333e-04	-0.00438117
2.419596354167e-04	-0.02325587
2.419921875000e-04	-0.03274771
2.420247395833e-04	-0.01064552
2.420572916667e-04	0.01178862
2.420898437500e-04	0.00087779
2.421223958333e-04	-0.00758548
2.421549479167e-04	0.01645695
2.421875000000e-04	0.02702496
2.422200520833e-04	-0.00147939
2.422526041667e-04	-0.01891032
2.422851562500e-04	-0.00534931
2.423177083333e-04	-0.00008133
2.423502604167e-04	-0.00470005
2.423828125000e-04	0.00544788
2.424153645833e-04	0.00621580
2.424479166667e-04	-0.01605089
2.424804687500e-04	-0.01510569
2.425130208333e-04	0.01565931
2.425455729167e-04	0.01998407
2.425781250000e-04	-0.00301430
2.426106770833e-04	-0.00505377
2.426432291667e-04	0.00120783
2.426757812500e-04	-0.01432722
2.427083333333e-04	-0.01675330
2.427408854167e-04	0.00742263
2.427734375000e-04	0.00196846
2.428059895833e-04	-0.03450107
2.428385416667e-04	-0.03125700
2.428710937500e-04	0.00821191
2.429036458333e-04	0.01319173
2.429361979167e-04	-0.00981905
2.429687500000e-04	-0.00336101
2.430013020833e-04	0.02001034
2.430338541667e-04	0.01956201
2.430664062500e-04	0.01071960
2.430989583333e-04	0.01331366
2.431315104167e-04	0.00944088
2.431640625000e-04	-0.00087648
2.431966145833e-04	0.00265870
2.432291666667e-04	0.00710412
2.432617187500e-04	-0.00469315
2.432942708333e-04	-0.00875535
2.433268229167e-04	0.00874661
2.433593750000e-04	0.01546690
2.433919270833e-04	-0.00408668
2.434244791667e-04	-0.01778662
2.434570312500e-04	-0.00668059
2.434895833333e-04	0.00713258
2.435221354167e-04	0.00719914
2.435546875000e-04	0.00537984
2.435872395833e-04	0.01068196
2.436197916667e-04	0.01197764
2.436523437500e-04	0.00036296
2.436848958333e-04	-0.01193305
2.437174479167e-04	-0.00855664
2.437500000000e-04	0.00427484
2.437825520833e-04	0.00716905
2.438151041667e-04	-0.00113822
2.438476562500e-04	-0.00516647
2.438802083333e-04	-0.00009769
2.439127604167e-04	0.00470001
2.439453125000e-04	0.00171861
2.439778645833e-04	-0.00839484
2.440104166667e-04	-0.01521178
2.440429687500e-04	-0.00649953
2.440755208333e-04	0.00838889
2.441080729167e-04	0.00614820
2.441406250000e-04	-0.00824234
2.441731770833e-04	-0.00923816
2.442057291667e-04	-0.00221242
2.442382812500e-04	-0.00908019
2.442708333333e-04	-0.01629596
2.443033854167e-04	-0.00340966
2.443359375000e-04	0.00908807
2.443684895833e-04	0.00317295
2.444010416667e-04	0.00071921
2.444335937500e-04	0.00921425
2.444661458333e-04	0.00418669
2.444986979167e-04	-0.00778915
2.445312500000e-04	0.00244605
2.445638020833e-04	0.01557180
2.445963541667e-04	-0.00261781
2.446289062500e-04	-0.02387797
2.446614583333e-04	-0.00877062
2.446940104167e-04	0.01428067
2.447265625000e-04	0.00694870
2.447591145833e-04	-0.00622748
2.447916666667e-04	0.00532199
2.448242187500e-04	0.01803762
2.448567708333e-04	0.00750582
2.448893229167e-04	-0.00293866
2.449218750000e-04	0.00948815
2.449544270833e-04	0.02359818
2.449869791667e-04	0.01484565
2.450195312500e-04	-0.00092827
2.450520833333e-04	0.00042763
2.450846354167e-04	0.00608305
2.451171875000e-04	-0.00396568
2.451497395833e-04	-0.00955713
2.451822916667e-04	0.00981674
2.452148437500e-04	0.02141952
2.452473958333e-04	-0.00138124
2.452799479167e-04	-0.01518413
2.453125000000e-04	0.01257639
2.453450520833e-04	0.03133648
2.453776041667e-04	0.00604307
2.454101562500e-04	-0.01157567
2.454427083333e-04	0.00637519
2.454752604167e-04	0.00780595
2.455078125000e-04	-0.02003893
2.455403645833e-04	-0.01949799
2.455729166667e-04	0.01243630
2.456054687500e-04	0.01739163
2.456380208333e-04	-0.00470023
2.456705729167e-04	-0.00868853
2.457031250000e-04	-0.00116326
2.457356770833e-04	-0.00844823
2.457682291667e-04	-0.01405849
2.458007812500e-04	-0.00796508
2.458333333333e-04	-0.01258669
2.458658854167e-04	-0.02356829
2.458984375000e-04	-0.01669930
2.459309895833e-04	-0.00624621
2.459635416667e-04	-0.01174436
2.459960937500e-04	-0.01109944
2.460286458333e-04	0.00716756
2.460611979167e-04	0.01372437
2.460937500000e-04	0.00131608
2.461263020833e-04	-0.00005154
2.461588541667e-04	0.01390615
2.461914062500e-04	0.01592908
2.462239583333e-04	0.00035877
2.462565104167e-04	-0.01228421
2.462890625000e-04	-0.00971549
2.463216145833e-04	0.00294012
2.463541666667e-04	0.01275994
2.463867187500e-04	0.00996567
2.464192708333e-04	-0.00169563
2.464518229167e-04	-0.01034013
2.464843750000e-04	-0.00947237
2.465169270833e-04	-0.00128073
2.465494791667e-04	0.00186882
2.465820312500e-04	-0.01110058
2.466145833333e-04	-0.02248604
2.466471354167e-04	-0.00596784
2.466796875000e-04	0.01734699
2.467122395833e-04	0.00955199
2.467447916667e-04	-0.00645209
2.467773437500e-04	0.00792526
2.468098958333e-04	0.02180722
2.468424479167e-04	0.00132857
2.468750000000e-04	-0.01067878
2.469075520833e-04	0.01411138
2.469401041667e-04	0.02397294
2.469726562500e-04	-0.00314093
2.470052083333e-04	-0.01478443
2.470377604167e-04	0.00261289
2.470703125000e-04	0.00637112
2.471028645833e-04	-0.00236911
2.471354166667e-04	0.00607161
2.471679687500e-04	0.01407420
2.472005208333e-04	0.00133163
2.472330729167e-04	-0.00844571
2.472656250000e-04	-0.00685914
2.472981770833e-04	-0.01360527
2.473307291667e-04	-0.01871149
2.473632812500e-04	-0.00500627
2.473958333333e-04	0.00674752
2.474283854167e-04	0.00555156
2.474609375000e-04	0.01080079
2.474934895833e-04	0.01320153
2.475260416667e-04	-0.01016725
2.475585937500e-04	-0.03151336
2.475911458333e-04	-0.01876688
2.476236979167e-04	0.00083085
2.476562500000e-04	-0.00109533
2.476888020833e-04	-0.00636620
2.477213541667e-04	-0.00281300
2.477539062500e-04	-0.00225985
2.477864583333e-04	-0.00249630
2.478190104167e-04	-0.00002228
2.478515625000e-04	-0.00631679
2.478841145833e-04	-0.01172879
2.479166666667e-04	0.00411376
2.479492187500e-04	0.02213103
2.479817708333e-04	0.01699763
2.480143229167e-04	0.00784644
2.480468750000e-04	0.01165210
2.480794270833e-04	0.00854865
2.481119791667e-04	-0.00387460
2.481445312500e-04	0.00060895
2.481770833333e-04	0.01897032
2.482096354167e-04	0.02301248
2.482421875000e-04	0.00903070
2.482747395833e-04	-0.00744859
2.483072916667e-04	-0.01479244
2.483398437500e-04	-0.00547786
2.483723958333e-04	0.00996933
2.484049479167e-04	0.00830364
2.484375000000e-04	-0.00173637
2.484700520833e-04	0.00769436
2.485026041667e-04	0.02294705
2.485351562500e-04	0.01322124
2.485677083333e-04	-0.00827461
2.486002604167e-04	-0.01738137
2.486328125000e-04	-0.02134915
2.486653645833e-04	-0.02095644
2.486979166667e-04	-0.00541827
2.487304687500e-04	0.00379961
2.487630208333e-04	-0.01047122
2.487955729167e-04	-0.01300767
2.488281250000e-04	0.01479155
2.488606770833e-04	0.03057526
2.488932291667e-04	0.01614516
2.489257812500e-04	0.00568500
2.489583333333e-04	0.00299791
2.489908854167e-04	-0.01393058
2.490234375000e-04	-0.02033387
2.490559895833e-04	0.00871301
2.490885416667e-04	0.03054504
2.491210937500e-04	0.01137838
2.491536458333e-04	-0.00935569
2.491861979167e-04	-0.00168304
2.492187500000e-04	0.00369823
2.492513020833e-04	-0.01092978
2.492838541667e-04	-0.01987084
2.493164062500e-04	-0.01335777
2.493489583333e-04	-0.00909623
2.493815104167e-04	-0.00988099
2.494140625000e-04	-0.00559341
2.494466145833e-04	-0.00042949
2.494791666667e-04	-0.00475165
2.495117187500e-04	-0.01702385
2.495442708333e-04	-0.02747434
2.495768229167e-04	-0.02916217
2.496093750000e-04	-0.02377995
2.496419270833e-04	-0.01764535
2.496744791667e-04	-0.01188587
2.497070312500e-04	-0.00557116
2.497395833333e-04	-0.00399299
2.497721354167e-04	-0.00884613
2.498046875000e-04	-0.01139496
2.498372395833e-04	-0.00789182
2.498697916667e-04	-0.00392502
2.499023437500e-04	-0.00058066
2.499348958333e-04	0.00281679
2.499674479167e-04	0.00237854
2.500000000000e-04	0.00175134
2.500325520833e-04	0.00618995
2.500651041667e-04	0.00370568
2.500976562500e-04	-0.00987300
2.501302083333e-04	-0.00761629
2.501627604167e-04	0.01791596
2.501953125000e-04	0.02418575
2.502278645833e-04	-0.00724878
2.502604166667e-04	-0.02879294
2.502929687500e-04	-0.01055484
2.503255208333e-04	0.00953556
2.503580729167e-04	0.00209975
2.503906250000e-04	-0.00774587
2.504231770833e-04	-0.00144028
2.504557291667e-04	0.00191704
2.504882812500e-04	-0.00732843
2.505208333333e-04	-0.01335001
2.505533854167e-04	-0.00867976
2.505859375000e-04	-0.00008144
2.506184895833e-04	0.00873028
2.506510416667e-04	0.01346730
2.506835937500e-04	0.00779247
2.507161458333e-04	-0.00248637
2.507486979167e-04	-0.00604729
2.507812500000e-04	-0.00584068
2.508138020833e-04	-0.00946440
2.508463541667e-04	-0.01011533
2.508789062500e-04	0.00030804
2.509114583333e-04	0.01285866
2.509440104167e-04	0.01535525
2.509765625000e-04	0.00921361
2.510091145833e-04	-0.00103785
2.510416666667e-04	-0.01579474
2.510742187500e-04	-0.02652291
2.511067708333e-04	-0.01666411
2.511393229167e-04	0.01028094
2.511718750000e-04	0.02551034
2.512044270833e-04	0.01209231
2.512369791667e-04	-0.01151182
2.512695312500e-04	-0.01865615
2.513020833333e-04	-0.00899436
2.513346354167e-04	-0.00103194
2.513671875000e-04	-0.00146201
2.513997395833e-04	0.00012592
2.514322916667e-04	0.00795990
2.514648437500e-04	0.01167519
2.514973958333e-04	0.00868968
2.515299479167e-04	0.01242151
2.515625000000e-04	0.02325464
2.515950520833e-04	0.01832870
2.516276041667e-04	-0.00896149
2.516601562500e-04	-0.02975062
2.516927083333e-04	-0.02172367
2.517252604167e-04	0.00125735
2.517578125000e-04	0.01649110
2.517903645833e-04	0.01666052
2.518229166667e-04	0.00301773
2.518554687500e-04	-0.01352411
2.518880208333e-04	-0.01322918
2.519205729167e-04	0.00377368
2.519531250000e-04	0.01177102
2.519856770833e-04	0.00075144
2.520182291667e-04	-0.01038053
2.520507812500e-04	-0.01137979
2.520833333333e-04	-0.01145220
2.521158854167e-04	-0.01076814
2.521484375000e-04	-0.00067683
2.521809895833e-04	0.01087252
2.522135416667e-04	0.00697144
2.522460937500e-04	-0.00950158
2.522786458333e-04	-0.01760825
2.523111979167e-04	-0.00753981
2.523437500000e-04	0.00652872
2.523763020833e-04	0.00947402
2.524088541667e-04	0.00895249
2.524414062500e-04	0.01603127
2.524739583333e-04	0.01762380
2.525065104167e-04	0.00330653
2.525390625000e-04	-0.00407876
2.525716145833e-04	0.01029726
2.526041666667e-04	0.01890700
2.526367187500e-04	0.00568087
2.526692708333e-04	-0.00107634
2.527018229167e-04	0.01001314
2.527343750000e-04	0.01077198
2.527669270833e-04	-0.00181781
2.527994791667e-04	0.00063682
2.528320312500e-04	0.01401979
2.528645833333e-04	0.01164872
2.528971354167e-04	0.00029716
2.529296875000e-04	-0.00149927
2.529622395833e-04	-0.00244240
2.529947916667e-04	-0.00964775
2.530273437500e-04	-0.01121643
2.530598958333e-04	-0.00501579
2.530924479167e-04	0.00350897
2.531250000000e-04	0.01591405
2.531575520833e-04	0.01862454
2.531901041667e-04	-0.00467628
2.532226562500e-04	-0.02568757
2.532552083333e-04	-0.00921622
2.532877604167e-04	0.01564917
2.533203125000e-04	0.00573337
2.533528645833e-04	-0.01552034
2.533854166667e-04	-0.00942042
2.534179687500e-04	0.00600210
2.534505208333e-04	0.00302609
2.534830729167e-04	-0.00435577
2.535156250000e-04	0.00105158
2.535481770833e-04	0.01254716
2.535807291667e-04	0.02326278
2.536132812500e-04	0.02776717
2.536458333333e-04	0.01651422
2.536783854167e-04	-0.00019883
2.537109375000e-04	0.00099143
2.537434895833e-04	0.01446148
2.537760416667e-04	0.01452648
2.538085937500e-04	0.00051753
2.538411458333e-04	-0.00768254
2.538736979167e-04	-0.00291869
2.539062500000e-04	0.00742133
2.539388020833e-04	0.01377912
2.539713541667e-04	0.01024351
2.540039062500e-04	0.00310168
2.540364583333e-04	0.00436228
2.540690104167e-04	0.01056603
2.541015625000e-04	0.00867505
2.541341145833e-04	-0.00142380
2.541666666667e-04	-0.01179359
2.541992187500e-04	-0.01809323
2.542317708333e-04	-0.01425561
2.542643229167e-04	-0.00123885
2.542968750000e-04	0.00286060
2.543294270833e-04	-0.00656532
2.543619791667e-04	-0.00329888
2.543945312500e-04	0.02141851
2.544270833333e-04	0.03396254
2.544596354167e-04	0.01653234
2.544921875000e-04	-0.00074343
2.545247395833e-04	0.00393070
2.545572916667e-04	0.01051444
2.545898437500e-04	0.00316158
2.546223958333e-04	-0.00325405
2.546549479167e-04	0.00044700
2.546875000000e-04	0.00058103
2.547200520833e-04	-0.00901448
2.547526041667e-04	-0.01515099
2.547851562500e-04	-0.00973493
2.548177083333e-04	-0.00059297
2.548502604167e-04	0.00312814
2.548828125000e-04	-0.00023550
2.549153645833e-04	-0.00723949
2.549479166667e-04	-0.01152173
2.549804687500e-04	-0.01053374
2.550130208333e-04	-0.01006907
2.550455729167e-04	-0.01131407
2.550781250000e-04	-0.00487931
2.551106770833e-04	0.00677062
2.551432291667e-04	0.00509417
2.551757812500e-04	-0.00816959
2.552083333333e-04	-0.00791064
2.552408854167e-04	0.00514007
2.552734375000e-04	0.00315165
2.553059895833e-04	-0.01208797
2.553385416667e-04	-0.01219203
2.553710937500e-04	0.00167734
2.554036458333e-04	0.00836746
2.554361979167e-04	0.01051368
2.554687500000e-04	0.01358744
2.555013020833e-04	0.00412375
2.555338541667e-04	-0.01228840
2.555664062500e-04	-0.01131643
2.555989583333e-04	-0.00089142
2.556315104167e-04	-0.00237613
2.556640625000e-04	-0.00129433
2.556966145833e-04	0.01299913
2.557291666667e-04	0.01148568
2.557617187500e-04	-0.01137187
2.557942708333e-04	-0.01617010
2.558268229167e-04	0.00357087
2.558593750000e-04	0.01157525
2.558919270833e-04	0.00151468
2.559244791667e-04	-0.00624766
2.559570312500e-04	-0.01148610
2.559895833333e-04	-0.01209806
2.560221354167e-04	0.00527571
2.560546875000e-04	0.01973917
2.560872395833e-04	0.00161614
2.561197916667e-04	-0.02174478
2.561523437500e-04	-0.01262619
2.561848958333e-04	0.00517620
2.562174479167e-04	-0.00125030
2.562500000000e-04	-0.01523980
2.562825520833e-04	-0.01760957
2.563151041667e-04	-0.01657028
2.563476562500e-04	-0.01140846
2.563802083333e-04	0.00257193
2.564127604167e-04	0.00871641
2.564453125000e-04	0.00145757
2.564778645833e-04	0.00015774
2.565104166667e-04	0.00521023
2.565429687500e-04	-0.00028348
2.565755208333e-04	-0.00856582
2.566080729167e-04	-0.00524982
2.566406250000e-04	-0.00110928
2.566731770833e-04	-0.00379047
2.567057291667e-04	-0.00169891
2.567382812500e-04	0.00633473
2.567708333333e-04	0.01169747
2.568033854167e-04	0.01702832
2.568359375000e-04	0.02034760
2.568684895833e-04	0.00978062
2.569010416667e-04	-0.00703166
2.569335937500e-04	-0.01012859
2.569661458333e-04	-0.00196444
2.569986979167e-04	0.00344960
2.570312500000e-04	0.00559227
2.570638020833e-04	0.00599776
2.570963541667e-04	0.00074829
2.571289062500e-04	-0.00798216
2.571614583333e-04	-0.01579172
2.571940104167e-04	-0.02003146
2.572265625000e-04	-0.01428360
2.572591145833e-04	-0.00210437
2.572916666667e-04	0.00157771
2.573242187500e-04	0.00249680
2.573567708333e-04	0.01565973
2.573893229167e-04	0.02072764
2.574218750000e-04	-0.00241281
2.574544270833e-04	-0.01998691
2.574869791667e-04	-0.00563369
2.575195312500e-04	0.00510591
2.575520833333e-04	-0.00526664
2.575846354167e-04	0.00279461
2.576171875000e-04	0.03075114
2.576497395833e-04	0.02772466
2.576822916667e-04	-0.00355785
2.577148437500e-04	-0.01254047
2.577473958333e-04	-0.00078883
2.577799479167e-04	-0.00103859
2.578125000000e-04	-0.00383727
2.578450520833e-04	0.00378041
2.578776041667e-04	-0.00160242
2.579101562500e-04	-0.02362230
2.579427083333e-04	-0.03102101
2.579752604167e-04	-0.01900862
2.580078125000e-04	-0.01103620
2.580403645833e-04	-0.01042533
2.580729166667e-04	-0.00710202
2.581054687500e-04	-0.00368123
2.581380208333e-04	-0.00360151
2.581705729167e-04	-0.00402993
2.582031250000e-04	-0.00433646
2.582356770833e-04	-0.00150011
2.582682291667e-04	0.00587294
2.583007812500e-04	0.00751637
2.583333333333e-04	0.00104477
2.583658854167e-04	0.00171281
2.583984375000e-04	0.01102324
2.584309895833e-04	0.01154108
2.584635416667e-04	0.00157224
2.584960937500e-04	-0.00489419
2.585286458333e-04	-0.00327411
2.585611979167e-04	0.00563471
2.585937500000e-04	0.01720028
2.586263020833e-04	0.01406677
2.586588541667e-04	-0.00548558
2.586914062500e-04	-0.01217273
2.587239583333e-04	0.00316168
2.587565104167e-04	0.01189044
2.587890625000e-04	0.00543314
2.588216145833e-04	0.00341843
2.588541666667e-04	0.00411909
2.588867187500e-04	-0.00124276
2.589192708333e-04	0.00506934
2.589518229167e-04	0.02432853
2.589843750000e-04	0.02342228
2.590169270833e-04	0.00089659
2.590494791667e-04	-0.00582487
2.590820312500e-04	0.00733098
2.591145833333e-04	0.01088480
2.591471354167e-04	0.00036239
2.591796875000e-04	-0.00895580
2.592122395833e-04	-0.01232512
2.592447916667e-04	-0.00677708
2.592773437500e-04	0.00496186
2.593098958333e-04	0.00513426
2.593424479167e-04	-0.00533644
2.593750000000e-04	-0.00236624
2.594075520833e-04	0.00955782
2.594401041667e-04	0.00575670
2.594726562500e-04	-0.00082809
2.595052083333e-04	0.01342501
2.595377604167e-04	0.02655494
2.595703125000e-04	0.01436554
2.596028645833e-04	0.00096782
2.596354166667e-04	0.00931173
2.596679687500e-04	0.01932149
2.597005208333e-04	0.01034297
2.597330729167e-04	-0.00635493
2.597656250000e-04	-0.01074341
2.597981770833e-04	0.00185480
2.598307291667e-04	0.01642029
2.598632812500e-04	0.01257540
2.598958333333e-04	-0.00734398
2.599283854167e-04	-0.02177263
2.599609375000e-04	-0.02251639
2.599934895833e-04	-0.01413091
2.600260416667e-04	0.00000804
2.600585937500e-04	0.00384334
2.600911458333e-04	-0.01417131
2.601236979167e-04	-0.02304976
2.601562500000e-04	0.00246594
2.601888020833e-04	0.02257695
2.602213541667e-04	0.00458820
2.602539062500e-04	-0.01200895
2.602864583333e-04	-0.00148177
2.603190104167e-04	0.00087697
2.603515625000e-04	-0.00931428
2.603841145833e-04	0.00255151
2.604166666667e-04	0.01650740
2.604492187500e-04	-0.00248257
2.604817708333e-04	-0.01638593
2.605143229167e-04	0.00388415
2.605468750000e-04	0.00872668
2.605794270833e-04	-0.01669185
2.606119791667e-04	-0.01377915
2.606445312500e-04	0.01769048
2.606770833333e-04	0.01646938
2.607096354167e-04	-0.00773812
2.607421875000e-04	-0.00443484
2.607747395833e-04	0.00500734
2.608072916667e-04	-0.01228874
2.608398437500e-04	-0.02019104
2.608723958333e-04	0.00255665
2.609049479167e-04	0.01363765
2.609375000000e-04	-0.00162047
2.609700520833e-04	-0.00844689
2.610026041667e-04	-0.00167749
2.610351562500e-04	-0.00479279
2.610677083333e-04	-0.01421267
2.611002604167e-04	-0.01456449
2.611328125000e-04	-0.00844083
2.611653645833e-04	-0.00051125
2.611979166667e-04	0.00658369
2.612304687500e-04	0.00623125
2.612630208333e-04	0.00437457
2.612955729167e-04	0.01117269
2.613281250000e-04	0.01437388
2.613606770833e-04	0.00298274
2.613932291667e-04	-0.00532456
2.614257812500e-04	0.00270032
2.614583333333e-04	0.01412227
2.614908854167e-04	0.01745888
2.615234375000e-04	0.01013321
2.615559895833e-04	-0.00780216
2.615885416667e-04	-0.01584995
2.616210937500e-04	0.00559248
2.616536458333e-04	0.02651102
2.616861979167e-04	0.01013728
2.617187500000e-04	-0.01463988
2.617513020833e-04	-0.00614565
2.617838541667e-04	0.01261959
2.618164062500e-04	0.00809920
2.618489583333e-04	-0.00180685
2.618815104167e-04	0.00123372
2.619140625000e-04	0.00291386
2.619466145833e-04	0.00072667
2.619791666667e-04	0.00375003
2.620117187500e-04	0.00010562
2.620442708333e-04	-0.01065429
2.620768229167e-04	-0.00104218
2.621093750000e-04	0.02382844
2.621419270833e-04	0.02284977
2.621744791667e-04	-0.00346717
2.622070312500e-04	-0.01472284
2.622395833333e-04	-0.00453504
2.622721354167e-04	0.00379526
2.623046875000e-04	0.00665631
2.623372395833e-04	0.00665489
2.623697916667e-04	-0.00455635
2.624023437500e-04	-0.01697455
2.624348958333e-04	-0.01039719
2.624674479167e-04	0.00209245
2.625000000000e-04	-0.00472448
2.625325520833e-04	-0.01885026
2.625651041667e-04	-0.01435225
2.625976562500e-04	0.00233361
2.626302083333e-04	0.00934805
2.626627604167e-04	0.00560528
2.626953125000e-04	0.00486668
2.627278645833e-04	0.01198851
2.627604166667e-04	0.01572974
2.627929687500e-04	0.00401542
2.628255208333e-04	-0.01053602
2.628580729167e-04	-0.00022146
2.628906250000e-04	0.02746999
2.629231770833e-04	0.02875623
2.629557291667e-04	-0.00409835
2.629882812500e-04	-0.02390309
2.630208333333e-04	-0.00740649
2.630533854167e-04	0.01096034
2.630859375000e-04	0.00646221
2.631184895833e-04	-0.00202378
2.631510416667e-04	-0.00010072
2.631835937500e-04	0.00324995
2.632161458333e-04	0.00644044
2.632486979167e-04	0.01152090
2.632812500000e-04	0.00637648
2.633138020833e-04	-0.00769958
2.633463541667e-04	-0.00728061
2.633789062500e-04	0.00569064
2.634114583333e-04	0.00227195
2.634440104167e-04	-0.01343687
2.634765625000e-04	-0.01061570
2.635091145833e-04	0.00364747
2.635416666667e-04	0.00030658
2.635742187500e-04	-0.01014479
2.636067708333e-04	-0.00407955
2.636393229167e-04	0.00433236
2.636718750000e-04	-0.00071125
2.637044270833e-04	-0.00300763
2.637369791667e-04	0.00219992
2.637695312500e-04	-0.00246803
2.638020833333e-04	-0.00876532
2.638346354167e-04	0.00272963
2.638671875000e-04	0.01406900
2.638997395833e-04	0.00559058
2.639322916667e-04	-0.00217578
2.639648437500e-04	0.00184634
2.639973958333e-04	-0.00407452
2.640299479167e-04	-0.01453373
2.640625000000e-04	-0.00088731
2.640950520833e-04	0.01856854
2.641276041667e-04	0.00770546
2.641601562500e-04	-0.01114534
2.641927083333e-04	-0.00236821
2.642252604167e-04	0.01083649
2.642578125000e-04	-0.00056341
2.642903645833e-04	-0.01234921
2.643229166667e-04	-0.00022946
2.643554687500e-04	0.01626973
2.643880208333e-04	0.01498372
2.644205729167e-04	-0.00036626
2.644531250000e-04	-0.01445203
2.644856770833e-04	-0.00935255
2.645182291667e-04	0.01522884
2.645507812500e-04	0.02636412
2.645833333333e-04	0.00593481
2.646158854167e-04	-0.01350345
2.646484375000e-04	-0.01013901
2.646809895833e-04	-0.01142610
2.647135416667e-04	-0.02646797
2.647460937500e-04	-0.02182361
2.647786458333e-04	0.00317389
2.648111979167e-04	0.00845418
2.648437500000e-04	-0.00791908
2.648763020833e-04	-0.01122571
2.649088541667e-04	0.00075220
2.649414062500e-04	0.00466578
2.649739583333e-04	-0.00110761
2.650065104167e-04	-0.00718209
2.650390625000e-04	-0.01239979
2.650716145833e-04	-0.01051584
2.651041666667e-04	0.00120921
2.651367187500e-04	0.00568639
2.651692708333e-04	-0.00639661
2.652018229167e-04	-0.01799935
2.652343750000e-04	-0.01718613
2.652669270833e-04	-0.01280576
2.652994791667e-04	-0.01230381
2.653320312500e-04	-0.01440410
2.653645833333e-04	-0.01553653
2.653971354167e-04	-0.00987718
2.654296875000e-04	-0.00260799
2.654622395833e-04	-0.01056975
2.654947916667e-04	-0.02436242
2.655273437500e-04	-0.01195163
2.655598958333e-04	0.01616346
2.655924479167e-04	0.01431894
2.656250000000e-04	-0.01170312
2.656575520833e-04	-0.01391111
2.656901041667e-04	0.00416973
2.657226562500e-04	0.00177141
2.657552083333e-04	-0.01204888
2.657877604167e-04	-0.00426975
2.658203125000e-04	0.00750730
2.658528645833e-04	-0.00479133
2.658854166667e-04	-0.01664104
2.659179687500e-04	-0.00148058
2.659505208333e-04	0.01348736
2.659830729167e-04	-0.00076880
2.660156250000e-04	-0.02151245
2.660481770833e-04	-0.01543807
2.660807291667e-04	0.00720489
2.661132812500e-04	0.01183600
2.661458333333e-04	-0.00736745
2.661783854167e-04	-0.01938268
2.662109375000e-04	-0.00432129
2.662434895833e-04	0.01345439
2.662760416667e-04	0.00420973
2.663085937500e-04	-0.01708246
2.663411458333e-04	-0.01700978
2.663736979167e-04	0.00196198
2.664062500000e-04	0.01379332
2.664388020833e-04	0.01159825
2.664713541667e-04	0.00358916
2.665039062500e-04	-0.00687767
2.665364583333e-04	-0.01245761
2.665690104167e-04	-0.00110750
2.666015625000e-04	0.02003764
2.666341145833e-04	0.02510646
2.666666666667e-04	0.00404303
2.666992187500e-04	-0.02064399
2.667317708333e-04	-0.02139822
2.667643229167e-04	-0.00222135
2.667968750000e-04	0.00850581
2.668294270833e-04	0.00393809
2.668619791667e-04	0.00714241
2.668945312500e-04	0.02128167
2.669270833333e-04	0.01798274
2.669596354167e-04	-0.00477286
2.669921875000e-04	-0.01175699
2.670247395833e-04	0.00429220
2.670572916667e-04	0.01263208
2.670898437500e-04	0.00649180
2.671223958333e-04	0.00540704
2.671549479167e-04	0.00554552
2.671875000000e-04	-0.00471711
2.672200520833e-04	-0.00711351
2.672526041667e-04	0.01030185
2.672851562500e-04	0.02180142
2.673177083333e-04	0.01174841
2.673502604167e-04	0.00217582
2.673828125000e-04	0.00870965
2.674153645833e-04	0.02032650
2.674479166667e-04	0.02649307
2.674804687500e-04	0.02281450
2.675130208333e-04	0.00644116
2.675455729167e-04	-0.00880400
2.675781250000e-04	-0.00599374
2.676106770833e-04	0.00104192
2.676432291667e-04	-0.00801414
2.676757812500e-04	-0.01608274
2.677083333333e-04	0.00024449
2.677408854167e-04	0.02194234
2.677734375000e-04	0.01853162
2.678059895833e-04	-0.00150872
2.678385416667e-04	-0.00989518
2.678710937500e-04	-0.00216203
2.679036458333e-04	0.00362606
2.679361979167e-04	-0.00400968
2.679687500000e-04	-0.01565967
2.680013020833e-04	-0.01551439
2.680338541667e-04	-0.00662400
2.680664062500e-04	-0.00577759
2.680989583333e-04	-0.01182215
2.681315104167e-04	-0.00870942
2.681640625000e-04	-0.00001486
2.681966145833e-04	-0.00176246
2.682291666667e-04	-0.00754775
2.682617187500e-04	-0.00198724
2.682942708333e-04	0.00718435
2.683268229167e-04	0.00678896
2.683593750000e-04	0.00224470
2.683919270833e-04	-0.00065311
2.684244791667e-04	-0.00470926
2.684570312500e-04	-0.00356697
2.684895833333e-04	0.00843243
2.685221354167e-04	0.01723578
2.685546875000e-04	0.01333899
2.685872395833e-04	0.00979120
2.686197916667e-04	0.01130984
2.686523437500e-04	0.00495993
2.686848958333e-04	-0.00482846
2.687174479167e-04	0.00013698
2.687500000000e-04	0.01160289
2.687825520833e-04	0.00730363
2.688151041667e-04	-0.00561442
2.688476562500e-04	-0.00359146
2.688802083333e-04	0.01248925
2.689127604167e-04	0.02244188
2.689453125000e-04	0.01633505
2.689778645833e-04	0.00112505
2.690104166667e-04	-0.00948184
2.690429687500e-04	-0.00876280
2.690755208333e-04	-0.00429791
2.691080729167e-04	-0.00302670
2.691406250000e-04	0.00067604
2.691731770833e-04	0.00571312
2.692057291667e-04	-0.00183739
2.692382812500e-04	-0.01840404
2.692708333333e-04	-0.02372799
2.693033854167e-04	-0.01942620
2.693359375000e-04	-0.01922927
2.693684895833e-04	-0.01169385
2.694010416667e-04	0.01132000
2.694335937500e-04	0.02090742
2.694661458333e-04	0.00327063
2.694986979167e-04	-0.00744705
2.695312500000e-04	0.00329433
2.695638020833e-04	0.00445683
2.695963541667e-04	-0.00765342
2.696289062500e-04	-0.00210455
2.696614583333e-04	0.01201318
2.696940104167e-04	0.00308085
2.697265625000e-04	-0.00975519
2.697591145833e-04	0.00200805
2.697916666667e-04	0.01056279
2.698242187500e-04	-0.00683708
2.698567708333e-04	-0.01685797
2.698893229167e-04	-0.00481215
2.699218750000e-04	-0.00418540
2.699544270833e-04	-0.01616953
2.699869791667e-04	-0.00698998
2.700195312500e-04	0.01124562
2.700520833333e-04	0.00321527
2.700846354167e-04	-0.01447251
2.701171875000e-04	-0.01210613
2.701497395833e-04	-0.00400549
2.701822916667e-04	-0.00140841
2.702148437500e-04	0.01208503
2.702473958333e-04	0.02376045
2.702799479167e-04	0.00345262
2.703125000000e-04	-0.02516232
2.703450520833e-04	-0.01845932
2.703776041667e-04	0.00747166
2.704101562500e-04	0.01356214
2.704427083333e-04	0.00646432
2.704752604167e-04	0.00638633
2.705078125000e-04	0.00510239
2.705403645833e-04	-0.00275874
2.705729166667e-04	-0.00352913
2.706054687500e-04	0.00482325
2.706380208333e-04	0.01070867
2.706705729167e-04	0.00915922
2.707031250000e-04	-0.00169441
2.707356770833e-04	-0.01735681
2.707682291667e-04	-0.01699439
2.708007812500e-04	0.00501099
2.708333333333e-04	0.01673485
2.708658854167e-04	-0.00018286
2.708984375000e-04	-0.01575465
2.709309895833e-04	-0.00769638
2.709635416667e-04	0.00066813
2.709960937500e-04	-0.00693228
2.710286458333e-04	-0.00934073
2.710611979167e-04	0.00222501
2.710937500000e-04	0.00489108
2.711263020833e-04	-0.00645062
2.711588541667e-04	-0.00876256
2.711914062500e-04	0.00051707
2.712239583333e-04	0.00048868
2.712565104167e-04	-0.00630605
2.712890625000e-04	0.00107199
2.713216145833e-04	0.01572746
2.713541666667e-04	0.01523426
2.713867187500e-04	0.00620057
2.714192708333e-04	0.00571718
2.714518229167e-04	0.00426928
2.714843750000e-04	-0.00530470
2.715169270833e-04	-0.00201599
2.715494791667e-04	0.01850850
2.715820312500e-04	0.02693953
2.716145833333e-04	0.01681211
2.716471354167e-04	0.01312227
2.716796875000e-04	0.01543134
2.717122395833e-04	0.00547696
2.717447916667e-04	-0.00384858
2.717773437500e-04	-0.00002153
2.718098958333e-04	-0.00790562
2.718424479167e-04	-0.03150743
2.718750000000e-04	-0.02973315
2.719075520833e-04	0.00220221
2.719401041667e-04	0.01755371
2.719726562500e-04	0.00694794
2.720052083333e-04	0.00323068
2.720377604167e-04	0.00475399
2.720703125000e-04	-0.00833143
2.721028645833e-04	-0.01567513
2.721354166667e-04	0.00150158
2.721679687500e-04	0.01483065
2.722005208333e-04	0.00392564
2.722330729167e-04	-0.00810493
2.722656250000e-04	-0.00392323
2.722981770833e-04	0.00640750
2.723307291667e-04	0.01464724
2.723632812500e-04	0.01662326
2.723958333333e-04	0.00589358
2.724283854167e-04	-0.00870349
2.724609375000e-04	-0.01097604
2.724934895833e-04	-0.00332031
2.725260416667e-04	0.00524335
2.725585937500e-04	0.01371933
2.725911458333e-04	0.01431257
2.726236979167e-04	0.00151863
2.726562500000e-04	-0.00680979
2.726888020833e-04	-0.00014975
2.727213541667e-04	-0.00026779
2.727539062500e-04	-0.01708349
2.727864583333e-04	-0.02474709
2.728190104167e-04	-0.00985745
2.728515625000e-04	0.00656009
2.728841145833e-04	0.00762999
2.729166666667e-04	-0.00035359
2.729492187500e-04	-0.00444307
2.729817708333e-04	0.00121608
2.730143229167e-04	0.00725698
2.730468750000e-04	0.00116530
2.730794270833e-04	-0.00421547
2.731119791667e-04	0.00856388
2.731445312500e-04	0.01693555
2.731770833333e-04	-0.00318927
2.732096354167e-04	-0.02030731
2.732421875000e-04	-0.00392351
2.732747395833e-04	0.01392447
2.733072916667e-04	0.00610716
2.733398437500e-04	0.00099563
2.733723958333e-04	0.01018803
2.734049479167e-04	0.00362074
2.734375000000e-04	-0.01427552
2.734700520833e-04	-0.00847689
2.735026041667e-04	0.00935907
2.735351562500e-04	0.00538717
2.735677083333e-04	-0.00751618
2.736002604167e-04	-0.00510243
2.736328125000e-04	-0.00218711
2.736653645833e-04	-0.01218917
2.736979166667e-04	-0.01569798
2.737304687500e-04	0.00046941
2.737630208333e-04	0.02069841
2.737955729167e-04	0.02428730
2.738281250000e-04	0.00834522
2.738606770833e-04	-0.00497027
2.738932291667e-04	0.00829315
2.739257812500e-04	0.03077855
2.739583333333e-04	0.02244327
2.739908854167e-04	-0.00956153
2.740234375000e-04	-0.02068158
2.740559895833e-04	-0.00620223
2.740885416667e-04	0.00079665
2.741210937500e-04	-0.00662394
2.741536458333e-04	-0.01009649
2.741861979167e-04	-0.00540615
2.742187500000e-04	0.00136545
2.742513020833e-04	0.00800412
2.742838541667e-04	0.01114240
2.743164062500e-04	0.01133715
2.743489583333e-04	0.01232341
2.743815104167e-04	0.00601102
2.744140625000e-04	-0.01038689
2.744466145833e-04	-0.01398109
2.744791666667e-04	0.00529202
2.745117187500e-04	0.01789887
2.745442708333e-04	0.00486338
2.745768229167e-04	-0.01282916
2.746093750000e-04	-0.01811929
2.746419270833e-04	-0.01641979
2.746744791667e-04	-0.00797168
2.747070312500e-04	0.00783540
2.747395833333e-04	0.01733291
2.747721354167e-04	0.01453013
2.748046875000e-04	0.00755977
2.748372395833e-04	-0.00214296
2.748697916667e-04	-0.00988807
2.749023437500e-04	0.00065112
2.749348958333e-04	0.02330698
2.749674479167e-04	0.02979764
2.750000000000e-04	0.01866150
2.750325520833e-04	0.00971655
2.750651041667e-04	0.00196167
2.750976562500e-04	-0.00809866
2.751302083333e-04	-0.00478766
2.751627604167e-04	0.00776210
2.751953125000e-04	0.00446365
2.752278645833e-04	-0.00562784
2.752604166667e-04	0.00326986
2.752929687500e-04	0.01346512
2.753255208333e-04	-0.00024870
2.753580729167e-04	-0.01236769
2.753906250000e-04	0.00348686
2.754231770833e-04	0.02212424
2.754557291667e-04	0.01940892
2.754882812500e-04	0.01247276
2.755208333333e-04	0.01276576
2.755533854167e-04	0.00440811
2.755859375000e-04	-0.01293927
2.756184895833e-04	-0.01582310
2.756510416667e-04	0.00187818
2.756835937500e-04	0.01944312
2.757161458333e-04	0.02096828
2.757486979167e-04	0.01208736
2.757812500000e-04	0.00492870
2.758138020833e-04	0.00069513
2.758463541667e-04	-0.00521048
2.758789062500e-04	-0.00824627
2.759114583333e-04	-0.00119543
2.759440104167e-04	0.00834746
2.759765625000e-04	0.00730184
2.760091145833e-04	-0.00069346
2.760416666667e-04	-0.00191053
2.760742187500e-04	0.00526759
2.761067708333e-04	0.00972072
2.761393229167e-04	0.00388158
2.761718750000e-04	-0.00676104
2.762044270833e-04	-0.01141940
2.762369791667e-04	-0.01068015
2.762695312500e-04	-0.01283521
2.763020833333e-04	-0.01183104
2.763346354167e-04	0.00274784
2.763671875000e-04	0.01568870
2.763997395833e-04	0.00902852
2.764322916667e-04	0.00056494
2.764648437500e-04	0.00756478
2.764973958333e-04	0.00742384
2.765299479167e-04	-0.01094090
2.765625000000e-04	-0.01534042
2.765950520833e-04	0.00289982
2.766276041667e-04	0.00892358
2.766601562500e-04	-0.00130570
2.766927083333e-04	0.00221562
2.767252604167e-04	0.01271647
2.767578125000e-04	0.00539660
2.767903645833e-04	-0.00380637
2.768229166667e-04	0.00176103
2.768554687500e-04	0.00066058
2.768880208333e-04	-0.01021582
2.769205729167e-04	-0.00346451
2.769531250000e-04	0.01102793
2.769856770833e-04	0.00173168
2.770182291667e-04	-0.01033815
2.770507812500e-04	0.00948618
2.770833333333e-04	0.03219138
2.771158854167e-04	0.01638721
2.771484375000e-04	-0.01279651
2.771809895833e-04	-0.01084837
2.772135416667e-04	0.01016340
2.772460937500e-04	0.01083220
2.772786458333e-04	-0.00788425
2.773111979167e-04	-0.01135531
2.773437500000e-04	0.00904787
2.773763020833e-04	0.02061031
2.774088541667e-04	0.00421056
2.774414062500e-04	-0.01210247
2.774739583333e-04	-0.00416578
2.775065104167e-04	0.00737054
2.775390625000e-04	0.00504905
2.775716145833e-04	0.00661789
2.776041666667e-04	0.01443797
2.776367187500e-04	0.00363126
2.776692708333e-04	-0.01840814
2.777018229167e-04	-0.02007464
2.777343750000e-04	-0.01118725
2.777669270833e-04	-0.01881202
2.777994791667e-04	-0.02455015
2.778320312500e-04	-0.00432173
2.778645833333e-04	0.01425818
2.778971354167e-04	0.00143686
2.779296875000e-04	-0.02001477
2.779622395833e-04	-0.01965599
2.779947916667e-04	-0.00913442
2.780273437500e-04	-0.01262690
2.780598958333e-04	-0.02463605
2.780924479167e-04	-0.02304769
2.781250000000e-04	-0.00818719
2.781575520833e-04	-0.00432313
2.781901041667e-04	-0.01605742
2.782226562500e-04	-0.01483481
2.782552083333e-04	0.00741520
2.782877604167e-04	0.01629412
2.783203125000e-04	-0.00148125
2.783528645833e-04	-0.01240231
2.783854166667e-04	-0.00217638
2.784179687500e-04	0.00377329
2.784505208333e-04	-0.00097504
2.784830729167e-04	0.00106116
2.785156250000e-04	0.00568230
2.785481770833e-04	0.00165300
2.785807291667e-04	-0.00054884
2.786132812500e-04	0.00165026
2.786458333333e-04	-0.00432288
2.786783854167e-04	-0.00926514
2.787109375000e-04	0.00138874
2.787434895833e-04	0.01112910
2.787760416667e-04	0.00729096
2.788085937500e-04	0.00578678
2.788411458333e-04	0.00577412
2.788736979167e-04	-0.00996603
2.789062500000e-04	-0.02190395
2.789388020833e-04	-0.00359507
2.789713541667e-04	0.01734834
2.790039062500e-04	0.00791445
2.790364583333e-04	-0.00871049
2.790690104167e-04	-0.00438192
2.791015625000e-04	0.00632747
2.791341145833e-04	0.00981285
2.791666666667e-04	0.01486644
2.791992187500e-04	0.01701699
2.792317708333e-04	0.00383395
2.792643229167e-04	-0.01281526
2.792968750000e-04	-0.01346598
2.793294270833e-04	0.00177106
2.793619791667e-04	0.01999712
2.793945312500e-04	0.02446764
2.794270833333e-04	0.00701540
2.794596354167e-04	-0.00992075
2.794921875000e-04	0.00220392
2.795247395833e-04	0.02598335
2.795572916667e-04	0.02224930
2.795898437500e-04	-0.00100893
2.796223958333e-04	-0.00458217
2.796549479167e-04	0.01113665
2.796875000000e-04	0.01085959
2.797200520833e-04	-0.01183154
2.797526041667e-04	-0.02499951
2.797851562500e-04	-0.01082022
2.798177083333e-04	0.00765717
2.798502604167e-04	0.00458645
2.798828125000e-04	-0.00733502
2.799153645833e-04	-0.00242556
2.799479166667e-04	0.00913299
2.799804687500e-04	0.00237866
2.800130208333e-04	-0.01143397
2.800455729167e-04	-0.00826464
2.800781250000e-04	0.00125225
2.801106770833e-04	0.00120694
2.801432291667e-04	0.00616091
2.801757812500e-04	0.02073888
2.802083333333e-04	0.01894943
2.802408854167e-04	-0.00141328
2.802734375000e-04	-0.00793261
2.803059895833e-04	0.00541991
2.803385416667e-04	0.01273830
2.803710937500e-04	0.01005356
2.804036458333e-04	0.01231723
2.804361979167e-04	0.01388454
2.804687500000e-04	0.00506359
2.805013020833e-04	0.00064947
2.805338541667e-04	0.01129637
2.805664062500e-04	0.01845390
2.805989583333e-04	0.00799159
2.806315104167e-04	-0.00221116
2.806640625000e-04	0.00602802
2.806966145833e-04	0.01640580
2.807291666667e-04	0.00350490
2.807617187500e-04	-0.02068810
2.807942708333e-04	-0.02137876
2.808268229167e-04	0.00077848
2.808593750000e-04	0.01063212
2.808919270833e-04	0.00048369
2.809244791667e-04	-0.00321140
2.809570312500e-04	0.00252899
2.809895833333e-04	-0.00470477
2.810221354167e-04	-0.01925158
2.810546875000e-04	-0.01630459
2.810872395833e-04	-0.00281677
2.811197916667e-04	-0.00043949
2.811523437500e-04	-0.00201066
2.811848958333e-04	0.00541797
2.812174479167e-04	0.00990847
2.812500000000e-04	0.00288469
2.812825520833e-04	-0.00416617
2.813151041667e-04	-0.00854086
2.813476562500e-04	-0.01627300
2.813802083333e-04	-0.01555321
2.814127604167e-04	0.00275277
2.814453125000e-04	0.01576291
2.814778645833e-04	0.00424570
2.815104166667e-04	-0.01121885
2.815429687500e-04	-0.00854565
2.815755208333e-04	-0.00218204
2.816080729167e-04	-0.00961986
2.816406250000e-04	-0.01844169
2.816731770833e-04	-0.01383500
2.817057291667e-04	-0.00320214
2.817382812500e-04	0.00437131
2.817708333333e-04	0.01004985
2.818033854167e-04	0.00942302
2.818359375000e-04	-0.00267713
2.818684895833e-04	-0.01294044
2.819010416667e-04	-0.00706068
2.819335937500e-04	0.00275880
2.819661458333e-04	-0.00095443
2.819986979167e-04	-0.00811907
2.820312500000e-04	-0.00103274
2.820638020833e-04	0.01087550
2.820963541667e-04	0.00603425
2.821289062500e-04	-0.01371851
2.821614583333e-04	-0.02554175
2.821940104167e-04	-0.01651438
2.822265625000e-04	0.00008560
2.822591145833e-04	0.00092376
2.822916666667e-04	-0.01604857
2.823242187500e-04	-0.02716734
2.823567708333e-04	-0.01759998
2.823893229167e-04	-0.00106858
2.824218750000e-04	0.00566184
2.824544270833e-04	0.00187811
2.824869791667e-04	-0.01026629
2.825195312500e-04	-0.02683898
2.825520833333e-04	-0.03163908
2.825846354167e-04	-0.01596170
2.826171875000e-04	0.00383012
2.826497395833e-04	0.01315174
2.826822916667e-04	0.01796148
2.827148437500e-04	0.02215787
2.827473958333e-04	0.02058961
2.827799479167e-04	0.01664007
2.828125000000e-04	0.01334718
2.828450520833e-04	0.00199713
2.828776041667e-04	-0.01439817
2.829101562500e-04	-0.01761032
2.829427083333e-04	-0.00813597
2.829752604167e-04	-0.00192961
2.830078125000e-04	0.00350307
2.830403645833e-04	0.01645506
2.830729166667e-04	0.02416633
2.831054687500e-04	0.01602552
2.831380208333e-04	0.00377261
2.831705729167e-04	-0.00247869
2.832031250000e-04	-0.00410118
2.832356770833e-04	0.00018673
2.832682291667e-04	0.00716376
2.833007812500e-04	0.00639984
2.833333333333e-04	0.00223190
2.833658854167e-04	0.00592179
2.833984375000e-04	0.00899978
2.834309895833e-04	0.00328780
2.834635416667e-04	0.00297768
2.834960937500e-04	0.01273356
2.835286458333e-04	0.01576200
2.835611979167e-04	0.01112947
2.835937500000e-04	0.01033516
2.836263020833e-04	0.00353892
2.836588541667e-04	-0.01607114
2.836914062500e-04	-0.02556733
2.837239583333e-04	-0.01541191
2.837565104167e-04	-0.00837011
2.837890625000e-04	-0.00925856
2.838216145833e-04	0.00117774
2.838541666667e-04	0.01793357
2.838867187500e-04	0.01928184
2.839192708333e-04	0.00765840
2.839518229167e-04	-0.00252659
2.839843750000e-04	-0.00804147
2.840169270833e-04	-0.00738638
2.840494791667e-04	-0.00283665
2.840820312500e-04	-0.00469243
2.841145833333e-04	-0.00841502
2.841471354167e-04	-0.00090111
2.841796875000e-04	0.00612184
2.842122395833e-04	-0.00008851
2.842447916667e-04	0.00009156
2.842773437500e-04	0.01334109
2.843098958333e-04	0.00926354
2.843424479167e-04	-0.01297657
2.843750000000e-04	-0.01406152
2.844075520833e-04	0.00474444
2.844401041667e-04	0.00407703
2.844726562500e-04	-0.01379072
2.845052083333e-04	-0.01914757
2.845377604167e-04	-0.01509759
2.845703125000e-04	-0.01087806
2.846028645833e-04	0.00410072
2.846354166667e-04	0.01675431
2.846679687500e-04	0.00021636
2.847005208333e-04	-0.02398025
2.847330729167e-04	-0.01725669
2.847656250000e-04	0.00583002
2.847981770833e-04	0.01259783
2.848307291667e-04	0.00969180
2.848632812500e-04	0.01091412
2.848958333333e-04	0.00539382
2.849283854167e-04	-0.01101383
2.849609375000e-04	-0.02228440
2.849934895833e-04	-0.01694164
2.850260416667e-04	0.00116603
2.850585937500e-04	0.01436503
2.850911458333e-04	0.00529596
2.851236979167e-04	-0.01205440
2.851562500000e-04	-0.00877761
2.851888020833e-04	0.00283708
2.852213541667e-04	-0.00781289
2.852539062500e-04	-0.02250071
2.852864583333e-04	-0.01118308
2.853190104167e-04	0.00204410
2.853515625000e-04	-0.00756666
2.853841145833e-04	-0.01299685
2.854166666667e-04	-0.02272783
2.854492187500e-04	-0.02063588
2.854817708333e-04	-0.01149751
2.855143229167e-04	0.00456588
2.855468750000e-04	0.00778140
2.855794270833e-04	-0.00894146
2.856119791667e-04	-0.01784639
2.856445312500e-04	-0.00227425
2.856770833333e-04	0.01099053
2.857096354167e-04	-0.00066767
2.857421875000e-04	-0.01464596
2.857747395833e-04	-0.00520234
2.858072916667e-04	0.01178042
2.858398437500e-04	0.01241922
2.858723958333e-04	0.00593401
2.859049479167e-04	0.00801013
2.859375000000e-04	0.01092614
2.859700520833e-04	0.00825733
2.860026041667e-04	0.00920173
2.860351562500e-04	0.01115264
2.860677083333e-04	0.00197701
2.861002604167e-04	-0.00725629
2.861328125000e-04	0.00139886
2.861653645833e-04	0.01523014
2.861979166667e-04	0.01390485
2.862304687500e-04	0.00452403
2.862630208333e-04	-0.00106162
2.862955729167e-04	-0.00667758
2.863281250000e-04	-0.01025770
2.863606770833e-04	-0.00459226
2.863932291667e-04	0.00166282
2.864257812500e-04	0.00295647
2.864583333333e-04	0.01087356
2.864908854167e-04	0.02085051
2.865234375000e-04	0.01341972
2.865559895833e-04	-0.00050598
2.865885416667e-04	0.00231926
2.866210937500e-04	0.00923017
2.866536458333e-04	0.00630709
2.866861979167e-04	0.01438001
2.867187500000e-04	0.03235850
2.867513020833e-04	0.02230585
2.867838541667e-04	-0.00749468
2.868164062500e-04	-0.00636216
2.868489583333e-04	0.01650380
2.868815104167e-04	0.01025293
2.869140625000e-04	-0.01167421
2.869466145833e-04	-0.00325630
2.869791666667e-04	0.01908440
2.870117187500e-04	0.01990836
2.870442708333e-04	0.01576074
2.870768229167e-04	0.02075526
2.871093750000e-04	0.00818006
2.871419270833e-04	-0.02069512
2.871744791667e-04	-0.02507248
2.872070312500e-04	-0.00415459
2.872395833333e-04	0.00455101
2.872721354167e-04	-0.00023187
2.873046875000e-04	0.00623824
2.873372395833e-04	0.01699567
2.873697916667e-04	0.01332599
2.874023437500e-04	0.00592166
2.874348958333e-04	0.00877139
2.874674479167e-04	0.01061022
2.875000000000e-04	0.00148086
2.875325520833e-04	-0.00674930
2.875651041667e-04	-0.00291353
2.875976562500e-04	0.00547476
2.876302083333e-04	0.00622594
2.876627604167e-04	0.00045324
2.876953125000e-04	-0.00127465
2.877278645833e-04	0.00303140
2.877604166667e-04	0.00236219
2.877929687500e-04	-0.00876156
2.878255208333e-04	-0.01823724
2.878580729167e-04	-0.01294966
2.878906250000e-04	0.00157772
2.879231770833e-04	0.00899754
2.879557291667e-04	0.00465020
2.879882812500e-04	-0.00010751
2.880208333333e-04	0.00292672
2.880533854167e-04	0.00662572
2.880859375000e-04	0.00392550
2.881184895833e-04	0.00112655
2.881510416667e-04	0.00181276
2.881835937500e-04	-0.00243089
2.882161458333e-04	-0.01034487
2.882486979167e-04	-0.00881286
2.882812500000e-04	-0.00193364
2.883138020833e-04	-0.00375730
2.883463541667e-04	-0.00421417
2.883789062500e-04	0.01038645
2.884114583333e-04	0.02091589
2.884440104167e-04	0.01060619
2.884765625000e-04	0.00085858
2.885091145833e-04	0.00489395
2.885416666667e-04	-0.00011968
2.885742187500e-04	-0.01762458
2.886067708333e-04	-0.01737273
2.886393229167e-04	0.00027216
2.886718750000e-04	0.00147802
2.887044270833e-04	-0.01283944
2.887369791667e-04	-0.01089330
2.887695312500e-04	0.00501787
2.888020833333e-04	0.00445541
2.888346354167e-04	-0.01373474
2.888671875000e-04	-0.02144337
2.888997395833e-04	-0.00659528
2.889322916667e-04	0.01326360
2.889648437500e-04	0.01740739
2.889973958333e-04	0.00781731
2.890299479167e-04	0.00218909
2.890625000000e-04	0.00378254
2.890950520833e-04	-0.00073643
2.891276041667e-04	-0.01035312
2.891601562500e-04	-0.00849222
2.891927083333e-04	0.00469566
2.892252604167e-04	0.01196399
2.892578125000e-04	0.00602089
2.892903645833e-04	-0.00729694
2.893229166667e-04	-0.01690163
2.893554687500e-04	-0.01007796
2.893880208333e-04	0.00763710
2.894205729167e-04	0.01162701
2.894531250000e-04	0.00118381
2.894856770833e-04	0.00154773
2.895182291667e-04	0.00873314
2.895507812500e-04	-0.00145396
2.895833333333e-04	-0.01274630
2.896158854167e-04	0.00156287
2.896484375000e-04	0.01542846
2.896809895833e-04	0.00063948
2.897135416667e-04	-0.01347314
2.897460937500e-04	-0.00301167
2.897786458333e-04	0.00474323
2.898111979167e-04	-0.00287059
2.898437500000e-04	-0.00204112
2.898763020833e-04	0.00689906
2.899088541667e-04	0.00534916
2.899414062500e-04	0.00434597
2.899739583333e-04	0.01348900
2.900065104167e-04	0.01238733
2.900390625000e-04	0.00039277
2.900716145833e-04	0.00315217
2.901041666667e-04	0.01416457
2.901367187500e-04	0.00802476
2.901692708333e-04	-0.00466554
2.902018229167e-04	-0.00479528
2.902343750000e-04	-0.00423152
2.902669270833e-04	-0.01014612
2.902994791667e-04	-0.00796905
2.903320312500e-04	0.00008311
2.903645833333e-04	-0.00162295
2.903971354167e-04	-0.00767008
2.904296875000e-04	-0.00639975
2.904622395833e-04	-0.00188519
2.904947916667e-04	0.00138013
2.905273437500e-04	0.00184502
2.905598958333e-04	-0.00457016
2.905924479167e-04	-0.00799989
2.906250000000e-04	0.00270855
2.906575520833e-04	0.00789656
2.906901041667e-04	-0.00665435
2.907226562500e-04	-0.00997245
2.907552083333e-04	0.01226627
2.907877604167e-04	0.01874069
2.908203125000e-04	-0.00331923
2.908528645833e-04	-0.00696443
2.908854166667e-04	0.01667998
2.909179687500e-04	0.02034496
2.909505208333e-04	-0.00039947
2.909830729167e-04	-0.00547785
2.910156250000e-04	0.00242250
2.910481770833e-04	-0.00555856
2.910807291667e-04	-0.01692191
2.911132812500e-04	-0.01006168
2.911458333333e-04	-0.00014405
2.911783854167e-04	-0.00097211
2.912109375000e-04	-0.00182914
2.912434895833e-04	-0.00023935
2.912760416667e-04	-0.00131164
2.913085937500e-04	0.00347704
2.913411458333e-04	0.01477082
2.913736979167e-04	0.01625901
2.914062500000e-04	0.00758310
2.914388020833e-04	0.00228859
2.914713541667e-04	-0.00241166
2.915039062500e-04	-0.00946185
2.915364583333e-04	-0.00419860
2.915690104167e-04	0.01045059
2.916015625000e-04	0.00830394
2.916341145833e-04	-0.00717926
2.916666666667e-04	-0.00481668
2.916992187500e-04	0.01062582
2.917317708333e-04	0.00499820
2.917643229167e-04	-0.01678882
2.917968750000e-04	-0.01859572
2.918294270833e-04	-0.00153934
2.918619791667e-04	0.00113189
2.918945312500e-04	-0.01273693
2.919270833333e-04	-0.01565424
2.919596354167e-04	-0.00485969
2.919921875000e-04	-0.00238947
2.920247395833e-04	-0.00929272
2.920572916667e-04	-0.00582151
2.920898437500e-04	0.00884230
2.921223958333e-04	0.01503263
2.921549479167e-04	0.00604303
2.921875000000e-04	-0.00416588
2.922200520833e-04	-0.00180392
2.922526041667e-04	0.01180918
2.922851562500e-04	0.02029801
2.923177083333e-04	0.01052320
2.923502604167e-04	-0.00313340
2.923828125000e-04	0.00415333
2.924153645833e-04	0.02147189
2.924479166667e-04	0.01630754
2.924804687500e-04	-0.00351681
2.925130208333e-04	-0.00168781
2.925455729167e-04	0.01717212
2.925781250000e-04	0.01835572
2.926106770833e-04	0.00377433
2.926432291667e-04	0.00046628
2.926757812500e-04	0.00716678
2.927083333333e-04	0.00789206
2.927408854167e-04	0.00317621
2.927734375000e-04	-0.00589723
2.928059895833e-04	-0.01987414
2.928385416667e-04	-0.02154065
2.928710937500e-04	-0.00428497
2.929036458333e-04	0.00354103
2.929361979167e-04	-0.00980139
2.929687500000e-04	-0.01316571
2.930013020833e-04	0.00377950
2.930338541667e-04	0.00902356
2.930664062500e-04	-0.00591815
2.930989583333e-04	-0.01399652
2.931315104167e-04	-0.01016978
2.931640625000e-04	-0.00976791
2.931966145833e-04	-0.00758721
2.932291666667e-04	0.00287468
2.932617187500e-04	0.00555733
2.932942708333e-04	-0.00404042
2.933268229167e-04	-0.00742329
2.933593750000e-04	0.00035698
2.933919270833e-04	0.01050466
2.934244791667e-04	0.02323676
2.934570312500e-04	0.02925318
2.934895833333e-04	0.00833929
2.935221354167e-04	-0.02289431
2.935546875000e-04	-0.02232872
2.935872395833e-04	0.00195134
2.936197916667e-04	0.00156912
2.936523437500e-04	-0.02304631
2.936848958333e-04	-0.02462884
2.937174479167e-04	0.00300051
2.937500000000e-04	0.01550859
2.937825520833e-04	-0.00753029
2.938151041667e-04	-0.03765829
2.938476562500e-04	-0.04157513
2.938802083333e-04	-0.01555992
2.939127604167e-04	0.01492103
2.939453125000e-04	0.01865471
2.939778645833e-04	-0.00522579
2.940104166667e-04	-0.02280228
2.940429687500e-04	-0.01312166
2.940755208333e-04	0.00306982
2.941080729167e-04	0.00235778
2.941406250000e-04	-0.00504177
2.941731770833e-04	-0.00145648
2.942057291667e-04	0.00669989
2.942382812500e-04	0.00582638
2.942708333333e-04	-0.00211907
2.943033854167e-04	-0.00917801
2.943359375000e-04	-0.01266347
2.943684895833e-04	-0.01051179
2.944010416667e-04	-0.00344759
2.944335937500e-04	0.00000419
2.944661458333e-04	-0.00412852
2.944986979167e-04	-0.00691105
2.945312500000e-04	-0.00267609
2.945638020833e-04	0.00138807
2.945963541667e-04	0.00086057
2.946289062500e-04	0.00039264
2.946614583333e-04	-0.00085436
2.946940104167e-04	-0.00873367
2.947265625000e-04	-0.01764700
2.947591145833e-04	-0.01673552
2.947916666667e-04	-0.01063952
2.948242187500e-04	-0.01249497
2.948567708333e-04	-0.02046962
2.948893229167e-04	-0.02124742
2.949218750000e-04	-0.01164641
2.949544270833e-04	0.00054642
2.949869791667e-04	0.01118537
2.950195312500e-04	0.01949442
2.950520833333e-04	0.01943088
2.950846354167e-04	0.00739090
2.951171875000e-04	-0.00587256
2.951497395833e-04	-0.00708892
2.951822916667e-04	-0.00041167
2.952148437500e-04	0.00103838
2.952473958333e-04	-0.00239117
2.952799479167e-04	-0.00208998
2.953125000000e-04	0.00034259
2.953450520833e-04	0.00131045
2.953776041667e-04	0.00726307
2.954101562500e-04	0.01597197
2.954427083333e-04	0.00958502
2.954752604167e-04	-0.00943334
2.955078125000e-04	-0.01022711
2.955403645833e-04	0.01195690
2.955729166667e-04	0.01857563
2.956054687500e-04	-0.00530262
2.956380208333e-04	-0.02053325
2.956705729167e-04	-0.00286498
2.957031250000e-04	0.01574919
2.957356770833e-04	0.00881869
2.957682291667e-04	-0.00089533
2.958007812500e-04	0.00734991
2.958333333333e-04	0.01499930
2.958658854167e-04	0.00838683
2.958984375000e-04	0.00493744
2.959309895833e-04	0.01143392
2.959635416667e-04	0.01018102
2.959960937500e-04	0.00189907
2.960286458333e-04	0.00677989
2.960611979167e-04	0.01662954
2.960937500000e-04	0.00472907
2.961263020833e-04	-0.01840558
2.961588541667e-04	-0.01951361
2.961914062500e-04	-0.00285660
2.962239583333e-04	0.00281790
2.962565104167e-04	-0.00169318
2.962890625000e-04	0.00025506
2.963216145833e-04	0.00134329
2.963541666667e-04	-0.00852499
2.963867187500e-04	-0.01493256
2.964192708333e-04	-0.00778388
2.964518229167e-04	-0.00031698
2.964843750000e-04	-0.00006435
2.965169270833e-04	0.00116203
2.965494791667e-04	0.00435027
2.965820312500e-04	0.00462660
2.966145833333e-04	0.00612845
2.966471354167e-04	0.00968660
2.966796875000e-04	0.00509630
2.967122395833e-04	-0.00832654
2.967447916667e-04	-0.01620183
2.967773437500e-04	-0.01047670
2.968098958333e-04	0.00076820
2.968424479167e-04	0.00297731
2.968750000000e-04	-0.00904274
2.969075520833e-04	-0.01800363
2.969401041667e-04	-0.00258688
2.969726562500e-04	0.02314418
2.970052083333e-04	0.02531847
2.970377604167e-04	0.00867507
2.970703125000e-04	0.00498111
2.971028645833e-04	0.00990203
2.971354166667e-04	-0.00134940
2.971679687500e-04	-0.01483416
2.972005208333e-04	-0.00499578
2.972330729167e-04	0.01136632
2.972656250000e-04	0.00987935
2.972981770833e-04	0.00175461
2.973307291667e-04	-0.00171433
2.973632812500e-04	-0.01090723
2.973958333333e-04	-0.02090058
2.974283854167e-04	-0.01314524
2.974609375000e-04	0.00375274
2.974934895833e-04	0.00833180
2.975260416667e-04	0.00263930
2.975585937500e-04	-0.00436839
2.975911458333e-04	-0.01371417
2.976236979167e-04	-0.01669439
2.976562500000e-04	-0.00416850
2.976888020833e-04	0.00542295
2.977213541667e-04	-0.00444807
2.977539062500e-04	-0.01241074
2.977864583333e-04	0.00127933
2.978190104167e-04	0.01580567
2.978515625000e-04	0.01066320
2.978841145833e-04	0.00149510
2.979166666667e-04	0.00311980
2.979492187500e-04	0.00243883
2.979817708333e-04	-0.00682873
2.980143229167e-04	-0.00575954
2.980468750000e-04	0.01130677
2.980794270833e-04	0.01822765
2.981119791667e-04	0.00066166
2.981445312500e-04	-0.01521928
2.981770833333e-04	-0.00667730
2.982096354167e-04	0.00431356
2.982421875000e-04	-0.00829344
2.982747395833e-04	-0.02372364
2.983072916667e-04	-0.01098194
2.983398437500e-04	0.01404257
2.983723958333e-04	0.01771210
2.984049479167e-04	0.00418586
2.984375000000e-04	-0.00263848
2.984700520833e-04	-0.00069688
2.985026041667e-04	0.00013528
2.985351562500e-04	-0.00131978
2.985677083333e-04	-0.00408024
2.986002604167e-04	-0.00677253
2.986328125000e-04	-0.00490475
2.986653645833e-04	-0.00320023
2.986979166667e-04	-0.01074525
2.987304687500e-04	-0.01753476
2.987630208333e-04	-0.00741782
2.987955729167e-04	0.01060173
2.988281250000e-04	0.01781586
2.988606770833e-04	0.01579397
2.988932291667e-04	0.01258110
2.989257812500e-04	0.00463517
2.989583333333e-04	-0.00825073
2.989908854167e-04	-0.01589523
2.990234375000e-04	-0.01251205
2.990559895833e-04	-0.00179673
2.990885416667e-04	0.00652864
2.991210937500e-04	0.00311117
2.991536458333e-04	-0.00484077
2.991861979167e-04	-0.00040988
2.992187500000e-04	0.00946684
2.992513020833e-04	0.00476676
2.992838541667e-04	-0.00455858
2.993164062500e-04	-0.00109264
2.993489583333e-04	-0.00409466
2.993815104167e-04	-0.02610988
2.994140625000e-04	-0.03162416
2.994466145833e-04	-0.00458074
2.994791666667e-04	0.01279780
2.995117187500e-04	0.00256901
2.995442708333e-04	0.00206307
2.995768229167e-04	0.01818072
2.996093750000e-04	0.01339832
2.996419270833e-04	-0.01005928
2.996744791667e-04	-0.01256526
2.997070312500e-04	0.00576164
2.997395833333e-04	0.01431815
2.997721354167e-04	0.00933134
2.998046875000e-04	0.00270419
2.998372395833e-04	-0.00514598
2.998697916667e-04	-0.01001351
2.999023437500e-04	-0.00381047
2.999348958333e-04	0.00579241
2.999674479167e-04	0.00855586
3.000000000000e-04	0.00756496
3.000325520833e-04	0.00477387
3.000651041667e-04	-0.00085406
3.000976562500e-04	-0.00119446
3.001302083333e-04	0.00672658
3.001627604167e-04	0.00993437
3.001953125000e-04	0.00165795
3.002278645833e-04	-0.00924348
3.002604166667e-04	-0.01376225
3.002929687500e-04	-0.00642599
3.003255208333e-04	0.01106687
3.003580729167e-04	0.01969385
3.003906250000e-04	0.00662619
3.004231770833e-04	-0.00793196
3.004557291667e-04	-0.00407902
3.004882812500e-04	0.00349908
3.005208333333e-04	-0.00068976
3.005533854167e-04	-0.00479726
3.005859375000e-04	0.00018682
3.006184895833e-04	0.00467441
3.006510416667e-04	0.00188325
3.006835937500e-04	-0.00697706
3.007161458333e-04	-0.01495069
3.007486979167e-04	-0.00683345
3.007812500000e-04	0.01364853
3.008138020833e-04	0.01394301
3.008463541667e-04	-0.00947255
3.008789062500e-04	-0.01562827
3.009114583333e-04	0.00247922
3.009440104167e-04	0.00628022
3.009765625000e-04	-0.00284547
3.010091145833e-04	0.00915615
3.010416666667e-04	0.02372474
3.010742187500e-04	0.00497071
3.011067708333e-04	-0.01668841
3.011393229167e-04	-0.00248660
3.011718750000e-04	0.01709701
3.012044270833e-04	0.00809597
3.012369791667e-04	-0.00591319
3.012695312500e-04	-0.00370815
3.013020833333e-04	-0.00070844
3.013346354167e-04	-0.00227806
3.013671875000e-04	0.00178946
3.013997395833e-04	0.00669796
3.014322916667e-04	0.00741599
3.014648437500e-04	0.00944013
3.014973958333e-04	0.00639874
3.015299479167e-04	-0.00635204
3.015625000000e-04	-0.01026720
3.015950520833e-04	-0.00025570
3.016276041667e-04	-0.00020853
3.016601562500e-04	-0.01208499
3.016927083333e-04	-0.01129999
3.017252604167e-04	-0.00164384
3.017578125000e-04	-0.00595833
3.017903645833e-04	-0.01491080
3.018229166667e-04	-0.00814479
3.018554687500e-04	0.00380268
3.018880208333e-04	0.00621967
3.019205729167e-04	0.00790984
3.019531250000e-04	0.01383345
3.019856770833e-04	0.01314224
3.020182291667e-04	0.00650142
3.020507812500e-04	0.00755310
3.020833333333e-04	0.01425154
3.021158854167e-04	0.00824112
3.021484375000e-04	-0.01223997
3.021809895833e-04	-0.02059963
3.022135416667e-04	-0.00082054
3.022460937500e-04	0.01956589
3.022786458333e-04	0.01167518
3.023111979167e-04	-0.00186168
3.023437500000e-04	0.00768842
3.023763020833e-04	0.01324626
3.024088541667e-04	-0.01137220
3.024414062500e-04	-0.02814809
3.024739583333e-04	-0.00902866
3.025065104167e-04	0.00201588
3.025390625000e-04	-0.02314723
3.025716145833e-04	-0.03896620
3.026041666667e-04	-0.01600866
3.026367187500e-04	0.00979652
3.026692708333e-04	0.01213858
3.027018229167e-04	0.00617862
3.027343750000e-04	0.00044755
3.027669270833e-04	-0.00767060
3.027994791667e-04	-0.00797338
3.028320312500e-04	0.00203498
3.028645833333e-04	0.00643450
3.028971354167e-04	-0.00092558
3.029296875000e-04	-0.01176264
3.029622395833e-04	-0.01821382
3.029947916667e-04	-0.01307558
3.030273437500e-04	-0.00124283
3.030598958333e-04	-0.00215529
3.030924479167e-04	-0.01045608
3.031250000000e-04	0.00197669
3.031575520833e-04	0.02274495
3.031901041667e-04	0.01358793
3.032226562500e-04	-0.00932862
3.032552083333e-04	-0.00501528
3.032877604167e-04	0.00892225
3.033203125000e-04	0.00053907
3.033528645833e-04	-0.00690335
3.033854166667e-04	0.00605110
3.034179687500e-04	0.01026841
3.034505208333e-04	-0.00221547
3.034830729167e-04	-0.00116220
3.035156250000e-04	0.01116490
3.035481770833e-04	0.00797885
3.035807291667e-04	-0.00277341
3.036132812500e-04	-0.00374218
3.036458333333e-04	-0.00342028
3.036783854167e-04	-0.00321870
3.037109375000e-04	0.00402386
3.037434895833e-04	0.00192734
3.037760416667e-04	-0.01360735
3.038085937500e-04	-0.00836791
3.038411458333e-04	0.02015817
3.038736979167e-04	0.02162067
3.039062500000e-04	-0.01556104
3.039388020833e-04	-0.04132524
3.039713541667e-04	-0.03183168
3.040039062500e-04	-0.01273117
3.040364583333e-04	0.00026284
3.040690104167e-04	0.01109330
3.041015625000e-04	0.01457539
3.041341145833e-04	0.00763738
3.041666666667e-04	0.00352108
3.041992187500e-04	0.00997377
3.042317708333e-04	0.01514153
3.042643229167e-04	0.00439714
3.042968750000e-04	-0.01728777
3.043294270833e-04	-0.02662830
3.043619791667e-04	-0.01598582
3.043945312500e-04	-0.00897091
3.044270833333e-04	-0.01589744
3.044596354167e-04	-0.01244452
3.044921875000e-04	0.00346748
3.045247395833e-04	-0.00040383
3.045572916667e-04	-0.01768530
3.045898437500e-04	-0.01033776
3.046223958333e-04	0.00410175
3.046549479167e-04	-0.01552619
3.046875000000e-04	-0.03779683
3.047200520833e-04	-0.01539129
3.047526041667e-04	0.01691503
3.047851562500e-04	0.01294864
3.048177083333e-04	-0.00008676
3.048502604167e-04	0.00543643
3.048828125000e-04	0.00450320
3.049153645833e-04	-0.00765983
3.049479166667e-04	0.00006980
3.049804687500e-04	0.02140248
3.050130208333e-04	0.02196747
3.050455729167e-04	0.00420576
3.050781250000e-04	-0.00883646
3.051106770833e-04	-0.01274039
3.051432291667e-04	-0.00782750
3.051757812500e-04	0.00346000
3.052083333333e-04	0.00565092
3.052408854167e-04	-0.00123553
3.052734375000e-04	0.00219766
3.053059895833e-04	0.00827018
3.053385416667e-04	-0.00565226
3.053710937500e-04	-0.02097143
3.054036458333e-04	-0.00831445
3.054361979167e-04	0.01159496
3.054687500000e-04	0.00821099
3.055013020833e-04	-0.00247744
3.055338541667e-04	0.00177539
3.055664062500e-04	0.00696319
3.055989583333e-04	-0.00204782
3.056315104167e-04	-0.01403723
3.056640625000e-04	-0.01617107
3.056966145833e-04	-0.01046703
3.057291666667e-04	-0.00493249
3.057617187500e-04	-0.00448165
3.057942708333e-04	-0.00384940
3.058268229167e-04	0.00523318
3.058593750000e-04	0.01419752
3.058919270833e-04	0.00879957
3.059244791667e-04	-0.00101000
3.059570312500e-04	0.00331577
3.059895833333e-04	0.01396467
3.060221354167e-04	0.01222996
3.060546875000e-04	0.00000601
3.060872395833e-04	-0.01047256
3.061197916667e-04	-0.01514494
3.061523437500e-04	-0.01450142
3.061848958333e-04	-0.01316034
3.062174479167e-04	-0.01870587
3.062500000000e-04	-0.02595291
3.062825520833e-04	-0.02069407
3.063151041667e-04	-0.00588926
3.063476562500e-04	0.00055664
3.063802083333e-04	-0.00675068
3.064127604167e-04	-0.01653095
3.064453125000e-04	-0.01705022
3.064778645833e-04	-0.00615230
3.065104166667e-04	0.00562764
3.065429687500e-04	0.00513670
3.065755208333e-04	-0.00414456
3.066080729167e-04	-0.00781907
3.066406250000e-04	-0.00340843
3.066731770833e-04	0.00276950
3.067057291667e-04	0.00781422
3.067382812500e-04	0.00497319
3.067708333333e-04	-0.00904121
3.068033854167e-04	-0.01540484
3.068359375000e-04	0.00004430
3.068684895833e-04	0.01436672
3.069010416667e-04	0.00517342
3.069335937500e-04	-0.01010036
3.069661458333e-04	-0.01201823
3.069986979167e-04	-0.00996710
3.070312500000e-04	-0.00815188
3.070638020833e-04	0.00326563
3.070963541667e-04	0.01412428
3.071289062500e-04	0.00816278
3.071614583333e-04	-0.00107258
3.071940104167e-04	0.00271222
3.072265625000e-04	0.00712054
3.072591145833e-04	0.00190920
3.072916666667e-04	-0.00311891
3.073242187500e-04	-0.00783533
3.073567708333e-04	-0.01997254
3.073893229167e-04	-0.02619776
3.074218750000e-04	-0.01268576
3.074544270833e-04	0.00310168
3.074869791667e-04	0.00109020
3.075195312500e-04	-0.00731793
3.075520833333e-04	-0.00319316
3.075846354167e-04	0.00902975
3.076171875000e-04	0.01419263
3.076497395833e-04	0.01014462
3.076822916667e-04	0.00725051
3.077148437500e-04	0.01192845
3.077473958333e-04	0.01693111
3.077799479167e-04	0.01236234
3.078125000000e-04	0.00234157
3.078450520833e-04	-0.00159502
3.078776041667e-04	0.00098686
3.079101562500e-04	0.00184239
3.079427083333e-04	-0.00153656
3.079752604167e-04	-0.00501443
3.080078125000e-04	-0.00514099
3.080403645833e-04	-0.00355279
3.080729166667e-04	-0.00528347
3.081054687500e-04	-0.00767381
3.081380208333e-04	-0.00026058
3.081705729167e-04	0.01156274
3.082031250000e-04	0.00700653
3.082356770833e-04	-0.00940274
3.082682291667e-04	-0.00805954
3.083007812500e-04	0.01019088
3.083333333333e-04	0.01307371
3.083658854167e-04	-0.00245994
3.083984375000e-04	-0.01038866
3.084309895833e-04	-0.00817710
3.084635416667e-04	-0.00842859
3.084960937500e-04	-0.00409129
3.085286458333e-04	0.00667897
3.085611979167e-04	0.00388446
3.085937500000e-04	-0.01152435
3.086263020833e-04	-0.01320675
3.086588541667e-04	-0.00111811
3.086914062500e-04	0.00162283
3.087239583333e-04	-0.00393252
3.087565104167e-04	-0.00166454
3.087890625000e-04	0.00717057
3.088216145833e-04	0.01664828
3.088541666667e-04	0.02558585
3.088867187500e-04	0.02224248
3.089192708333e-04	0.00141404
3.089518229167e-04	-0.01468552
3.089843750000e-04	-0.01138641
3.090169270833e-04	-0.00592189
3.090494791667e-04	-0.00922151
3.090820312500e-04	-0.00931016
3.091145833333e-04	-0.00658130
3.091471354167e-04	-0.01477815
3.091796875000e-04	-0.02630159
3.092122395833e-04	-0.02124762
3.092447916667e-04	-0.00105253
3.092773437500e-04	0.01628124
3.093098958333e-04	0.01823131
3.093424479167e-04	0.00505797
3.093750000000e-04	-0.00840395
3.094075520833e-04	-0.00652748
3.094401041667e-04	0.00285091
3.094726562500e-04	0.00156479
3.095052083333e-04	-0.00534372
3.095377604167e-04	-0.00239737
3.095703125000e-04	0.00564972
3.096028645833e-04	0.00755025
3.096354166667e-04	0.00408146
3.096679687500e-04	-0.00525498
3.097005208333e-04	-0.01836089
3.097330729167e-04	-0.01545556
3.097656250000e-04	0.00899567
3.097981770833e-04	0.02195768
3.098307291667e-04	0.00409476
3.098632812500e-04	-0.01431240
3.098958333333e-04	-0.00939583
3.099283854167e-04	-0.00151345
3.099609375000e-04	-0.00604409
3.099934895833e-04	-0.00615034
3.100260416667e-04	0.00476013
3.100585937500e-04	0.00939499
3.100911458333e-04	0.00419879
3.101236979167e-04	0.00462041
3.101562500000e-04	0.01327449
3.101888020833e-04	0.01528416
3.102213541667e-04	0.00248701
3.102539062500e-04	-0.01289941
3.102864583333e-04	-0.01000725
3.103190104167e-04	0.01087209
3.103515625000e-04	0.01972246
3.103841145833e-04	0.00131683
3.104166666667e-04	-0.01185782
3.104492187500e-04	0.00891401
3.104817708333e-04	0.03369570
3.105143229167e-04	0.02274751
3.105468750000e-04	-0.00430869
3.105794270833e-04	-0.00585368
3.106119791667e-04	0.01089158
3.106445312500e-04	0.01344399
3.106770833333e-04	0.00503504
3.107096354167e-04	0.00905383
3.107421875000e-04	0.01976255
3.107747395833e-04	0.01466801
3.108072916667e-04	-0.00300091
3.108398437500e-04	-0.01179158
3.108723958333e-04	-0.00861049
3.109049479167e-04	-0.00636468
3.109375000000e-04	-0.00594314
3.109700520833e-04	-0.00030854
3.110026041667e-04	0.00411322
3.110351562500e-04	0.00058121
3.110677083333e-04	0.00262248
3.111002604167e-04	0.01937663
3.111328125000e-04	0.03074872
3.111653645833e-04	0.01971261
3.111979166667e-04	0.00105209
3.112304687500e-04	-0.00952334
3.112630208333e-04	-0.01572189
3.112955729167e-04	-0.01346409
3.113281250000e-04	0.00528810
3.113606770833e-04	0.01938270
3.113932291667e-04	0.00861680
3.114257812500e-04	-0.00126381
3.114583333333e-04	0.01356496
3.114908854167e-04	0.02502557
3.115234375000e-04	0.01226824
3.115559895833e-04	0.00453968
3.115885416667e-04	0.01317388
3.116210937500e-04	0.00687875
3.116536458333e-04	-0.01078748
3.116861979167e-04	0.00010351
3.117187500000e-04	0.02856726
3.117513020833e-04	0.02986209
3.117838541667e-04	0.01409413
3.118164062500e-04	0.01544378
3.118489583333e-04	0.01656656
3.118815104167e-04	-0.00468244
3.119140625000e-04	-0.01840972
3.119466145833e-04	-0.00489828
3.119791666667e-04	0.00516374
3.120117187500e-04	-0.00186639
3.120442708333e-04	-0.00035569
3.120768229167e-04	0.01109123
3.121093750000e-04	0.00647012
3.121419270833e-04	-0.01185041
3.121744791667e-04	-0.02153354
3.122070312500e-04	-0.02016947
3.122395833333e-04	-0.01246965
3.122721354167e-04	0.00320477
3.123046875000e-04	0.01596485
3.123372395833e-04	0.01484562
3.123697916667e-04	0.01387769
3.124023437500e-04	0.02222998
3.124348958333e-04	0.02009283
3.124674479167e-04	0.00109510
3.125000000000e-04	-0.00885179
3.125325520833e-04	-0.00163476
3.125651041667e-04	0.00040187
3.125976562500e-04	-0.00548172
3.126302083333e-04	0.00053793
3.126627604167e-04	0.01292512
3.126953125000e-04	0.00702127
3.127278645833e-04	-0.01346192
3.127604166667e-04	-0.02242877
3.127929687500e-04	-0.01292264
3.128255208333e-04	0.00092396
3.128580729167e-04	0.00769632
3.128906250000e-04	0.00409501
3.129231770833e-04	-0.00677910
3.129557291667e-04	-0.01370033
3.129882812500e-04	-0.00874783
3.130208333333e-04	0.00009909
3.130533854167e-04	-0.00013406
3.130859375000e-04	-0.00950272
3.131184895833e-04	-0.01590743
3.131510416667e-04	-0.00858978
3.131835937500e-04	0.00888248
3.132161458333e-04	0.01722560
3.132486979167e-04	0.00429322
3.132812500000e-04	-0.01289915
3.133138020833e-04	-0.01140518
3.133463541667e-04	0.00030922
3.133789062500e-04	0.00072785
3.134114583333e-04	-0.00429582
3.134440104167e-04	0.00040935
3.134765625000e-04	0.00458925
3.135091145833e-04	-0.00150174
3.135416666667e-04	-0.00045921
3.135742187500e-04	0.01405866
3.136067708333e-04	0.01877007
3.136393229167e-04	0.00987978
3.136718750000e-04	0.01194048
3.137044270833e-04	0.02222613
3.137369791667e-04	0.01461856
3.137695312500e-04	-0.00303286
3.138020833333e-04	-0.00629452
3.138346354167e-04	-0.00503521
3.138671875000e-04	-0.01116597
3.138997395833e-04	-0.00382178
3.139322916667e-04	0.01800780
3.139648437500e-04	0.01783150
3.139973958333e-04	-0.00504080
3.140299479167e-04	-0.00940214
3.140625000000e-04	0.00551151
3.140950520833e-04	0.00497223
3.141276041667e-04	-0.00384084
3.141601562500e-04	0.00677951
3.141927083333e-04	0.01854044
3.142252604167e-04	0.00623585
3.142578125000e-04	-0.00713488
3.142903645833e-04	-0.00071198
3.143229166667e-04	0.00254207
3.143554687500e-04	-0.01028341
3.143880208333e-04	-0.01604498
3.144205729167e-04	-0.00770172
3.144531250000e-04	-0.00558506
3.144856770833e-04	-0.01069070
3.145182291667e-04	-0.00468421
3.145507812500e-04	0.01015057
3.145833333333e-04	0.01495292
3.146158854167e-04	0.00541083
3.146484375000e-04	-0.00776861
3.146809895833e-04	-0.01440702
3.147135416667e-04	-0.01014579
3.147460937500e-04	-0.00029746
3.147786458333e-04	0.00267317
3.148111979167e-04	-0.00392587
3.148437500000e-04	-0.00808744
3.148763020833e-04	-0.00318605
3.149088541667e-04	0.00082603
3.149414062500e-04	-0.00472705
3.149739583333e-04	-0.01102431
3.150065104167e-04	-0.00496714
3.150390625000e-04	0.00957340
3.150716145833e-04	0.01699849
3.151041666667e-04	0.01243129
3.151367187500e-04	0.00513581
3.151692708333e-04	0.00182125
3.152018229167e-04	-0.00009359
3.152343750000e-04	-0.00423532
3.152669270833e-04	-0.00987862
3.152994791667e-04	-0.01252261
3.153320312500e-04	-0.00818842
3.153645833333e-04	-0.00125963
3.153971354167e-04	-0.00005644
3.154296875000e-04	-0.00021845
3.154622395833e-04	0.00893365
3.154947916667e-04	0.01960563
3.155273437500e-04	0.01561591
3.155598958333e-04	0.00433567
3.155924479167e-04	0.00410416
3.156250000000e-04	0.01018854
3.156575520833e-04	0.00832224
3.156901041667e-04	0.00228352
3.157226562500e-04	-0.00232113
3.157552083333e-04	-0.01237090
3.157877604167e-04	-0.02403135
3.158203125000e-04	-0.02178594
3.158528645833e-04	-0.01043002
3.158854166667e-04	-0.00848974
3.159179687500e-04	-0.01206682
3.159505208333e-04	-0.00441680
3.159830729167e-04	0.00899574
3.160156250000e-04	0.00915601
3.160481770833e-04	-0.00531570
3.160807291667e-04	-0.01805035
3.161132812500e-04	-0.01451525
3.161458333333e-04	0.00597121
3.161783854167e-04	0.02735519
3.162109375000e-04	0.02950801
3.162434895833e-04	0.01185389
3.162760416667e-04	-0.00504566
3.163085937500e-04	-0.00564974
3.163411458333e-04	0.00468662
3.163736979167e-04	0.01232656
3.164062500000e-04	0.01280373
3.164388020833e-04	0.01052172
3.164713541667e-04	0.00690636
3.165039062500e-04	-0.00103374
3.165364583333e-04	-0.00934857
3.165690104167e-04	-0.00804695
3.166015625000e-04	0.00250093
3.166341145833e-04	0.01090982
3.166666666667e-04	0.01052877
3.166992187500e-04	0.00146319
3.167317708333e-04	-0.01256405
3.167643229167e-04	-0.01739832
3.167968750000e-04	-0.00243257
3.168294270833e-04	0.01310488
3.168619791667e-04	0.00491725
3.168945312500e-04	-0.01128578
3.169270833333e-04	-0.00766907
3.169596354167e-04	0.00284031
3.169921875000e-04	-0.00361597
3.170247395833e-04	-0.01176611
3.170572916667e-04	-0.00091546
3.170898437500e-04	0.01193529
3.171223958333e-04	0.00670219
3.171549479167e-04	-0.00486350
3.171875000000e-04	-0.00606544
3.172200520833e-04	0.00122803
3.172526041667e-04	0.00778167
3.172851562500e-04	0.00549618
3.173177083333e-04	-0.00464836
3.173502604167e-04	-0.00487840
3.173828125000e-04	0.01398002
3.174153645833e-04	0.03006807
3.174479166667e-04	0.02486989
3.174804687500e-04	0.01287711
3.175130208333e-04	0.00926654
3.175455729167e-04	0.00648256
3.175781250000e-04	-0.00066395
3.176106770833e-04	-0.00668157
3.176432291667e-04	-0.01022009
3.176757812500e-04	-0.00608588
3.177083333333e-04	0.01207519
3.177408854167e-04	0.02491748
3.177734375000e-04	0.01072608
3.178059895833e-04	-0.00610263
3.178385416667e-04	0.00763933
3.178710937500e-04	0.02859099
3.179036458333e-04	0.01747676
3.179361979167e-04	-0.00999001
3.179687500000e-04	-0.01737412
3.180013020833e-04	-0.00887465
3.180338541667e-04	-0.00544573
3.180664062500e-04	-0.00570572
3.180989583333e-04	-0.00325794
3.181315104167e-04	-0.00190902
3.181640625000e-04	-0.00121237
3.181966145833e-04	0.00214858
3.182291666667e-04	0.00419339
3.182617187500e-04	0.00360250
3.182942708333e-04	0.00424856
3.183268229167e-04	0.00235077
3.183593750000e-04	-0.00552356
3.183919270833e-04	-0.00811162
3.184244791667e-04	0.00258651
3.184570312500e-04	0.01359519
3.184895833333e-04	0.01229833
3.185221354167e-04	0.00573880
3.185546875000e-04	0.00187577
3.185872395833e-04	-0.00483189
3.186197916667e-04	-0.01368721
3.186523437500e-04	-0.00945695
3.186848958333e-04	0.00812203
3.187174479167e-04	0.01353091
3.187500000000e-04	-0.00305886
3.187825520833e-04	-0.01349890
3.188151041667e-04	0.00025122
3.188476562500e-04	0.01194575
3.188802083333e-04	0.00107849
3.189127604167e-04	-0.00648353
3.189453125000e-04	0.00996632
3.189778645833e-04	0.02296617
3.190104166667e-04	0.00893583
3.190429687500e-04	-0.00784763
3.190755208333e-04	-0.00147602
3.191080729167e-04	0.01383129
3.191406250000e-04	0.01460462
3.191731770833e-04	0.00052762
3.192057291667e-04	-0.01360025
3.192382812500e-04	-0.01145104
3.192708333333e-04	0.00914841
3.193033854167e-04	0.02337466
3.193359375000e-04	0.01065058
3.193684895833e-04	-0.00748439
3.194010416667e-04	-0.00264376
3.194335937500e-04	0.00921919
3.194661458333e-04	0.00102636
3.194986979167e-04	-0.01410292
3.195312500000e-04	-0.01294127
3.195638020833e-04	-0.00502989
3.195963541667e-04	-0.00609843
3.196289062500e-04	-0.00785734
3.196614583333e-04	-0.00103143
3.196940104167e-04	0.00594757
3.197265625000e-04	0.00474120
3.197591145833e-04	-0.00057783
3.197916666667e-04	-0.00061920
3.198242187500e-04	0.00958861
3.198567708333e-04	0.02043282
3.198893229167e-04	0.01421025
3.199218750000e-04	-0.00405621
3.199544270833e-04	-0.00469864
3.199869791667e-04	0.01883911
3.200195312500e-04	0.03356113
3.200520833333e-04	0.01951224
3.200846354167e-04	0.00063146
3.201171875000e-04	0.00096945
3.201497395833e-04	0.00749952
3.201822916667e-04	-0.00018465
3.202148437500e-04	-0.01344906
3.202473958333e-04	-0.01203352
3.202799479167e-04	0.00113441
3.203125000000e-04	0.00666997
3.203450520833e-04	0.00214589
3.203776041667e-04	0.00322520
3.204101562500e-04	0.01151797
3.204427083333e-04	0.01133008
3.204752604167e-04	0.00281875
3.205078125000e-04	0.00151565
3.205403645833e-04	0.00152548
3.205729166667e-04	-0.01385198
3.206054687500e-04	-0.02727090
3.206380208333e-04	-0.01232092
3.206705729167e-04	0.00786014
3.207031250000e-04	-0.00254767
3.207356770833e-04	-0.01947460
3.207682291667e-04	-0.00280392
3.208007812500e-04	0.02299698
3.208333333333e-04	0.01600879
3.208658854167e-04	-0.00389673
3.208984375000e-04	-0.00397206
3.209309895833e-04	-0.00442431
3.209635416667e-04	-0.02205717
3.209960937500e-04	-0.02274644
3.210286458333e-04	0.00675377
3.210611979167e-04	0.02056767
3.210937500000e-04	-0.00294148
3.211263020833e-04	-0.02040592
3.211588541667e-04	-0.00243217
3.211914062500e-04	0.01935308
3.212239583333e-04	0.01007227
3.212565104167e-04	-0.01792292
3.212890625000e-04	-0.02933488
3.213216145833e-04	-0.01172028
3.213541666667e-04	0.01288734
3.213867187500e-04	0.01932694
3.214192708333e-04	0.01453213
3.214518229167e-04	0.02034267
3.214843750000e-04	0.03107940
3.215169270833e-04	0.02657737
3.215494791667e-04	0.01273847
3.215820312500e-04	0.00615478
3.216145833333e-04	0.00297239
3.216471354167e-04	-0.00057993
3.216796875000e-04	0.00506284
3.217122395833e-04	0.01199616
3.217447916667e-04	0.00038726
3.217773437500e-04	-0.01795474
3.218098958333e-04	-0.01584948
3.218424479167e-04	-0.00083420
3.218750000000e-04	0.00241210
3.219075520833e-04	-0.00328203
3.219401041667e-04	-0.00172366
3.219726562500e-04	0.00595413
3.220052083333e-04	0.00886531
3.220377604167e-04	0.00069935
3.220703125000e-04	-0.01555186
3.221028645833e-04	-0.02316145
3.221354166667e-04	-0.01033749
3.221679687500e-04	0.00569520
3.222005208333e-04	0.00386786
3.222330729167e-04	-0.00572384
3.222656250000e-04	-0.00532532
3.222981770833e-04	-0.00049134
3.223307291667e-04	-0.00059395
3.223632812500e-04	-0.00268664
3.223958333333e-04	-0.00677459
3.224283854167e-04	-0.01273098
3.224609375000e-04	-0.00853252
3.224934895833e-04	0.00900485
3.225260416667e-04	0.02155252
3.225585937500e-04	0.01547050
3.225911458333e-04	-0.00224938
3.226236979167e-04	-0.01573327
3.226562500000e-04	-0.01199327
3.226888020833e-04	0.00423391
3.227213541667e-04	0.00850114
3.227539062500e-04	-0.00448759
3.227864583333e-04	-0.00594220
3.228190104167e-04	0.01194429
3.228515625000e-04	0.01588605
3.228841145833e-04	-0.00567299
3.229166666667e-04	-0.02276916
3.229492187500e-04	-0.01854869
3.229817708333e-04	-0.00117209
3.230143229167e-04	0.02171500
3.230468750000e-04	0.03024895
3.230794270833e-04	0.00424232
3.231119791667e-04	-0.02488173
3.231445312500e-04	-0.01183737
3.231770833333e-04	0.01785144
3.232096354167e-04	0.01570929
3.232421875000e-04	0.00151819
3.232747395833e-04	0.00874362
3.233072916667e-04	0.01202200
3.233398437500e-04	-0.00642282
3.233723958333e-04	-0.01300551
3.234049479167e-04	-0.00008143
3.234375000000e-04	-0.00120549
3.234700520833e-04	-0.01286151
3.235026041667e-04	-0.00540299
3.235351562500e-04	0.00866267
3.235677083333e-04	0.00672297
3.236002604167e-04	0.00504217
3.236328125000e-04	0.01184789
3.236653645833e-04	0.00347202
3.236979166667e-04	-0.01696215
3.237304687500e-04	-0.01630972
3.237630208333e-04	0.00314560
3.237955729167e-04	0.00903451
3.238281250000e-04	0.00025718
3.238606770833e-04	0.00142364
3.238932291667e-04	0.01440370
3.239257812500e-04	0.02113259
3.239583333333e-04	0.01657745
3.239908854167e-04	0.00795368
3.240234375000e-04	-0.00452701
3.240559895833e-04	-0.02140717
3.240885416667e-04	-0.02762229
3.241210937500e-04	-0.01073395
3.241536458333e-04	0.00945801
3.241861979167e-04	0.00745506
3.242187500000e-04	0.00033724
3.242513020833e-04	0.01728026
3.242838541667e-04	0.03749796
3.243164062500e-04	0.02463218
3.243489583333e-04	-0.00376687
3.243815104167e-04	-0.01024259
3.244140625000e-04	-0.00140293
3.244466145833e-04	0.00165554
3.244791666667e-04	0.00454185
3.245117187500e-04	0.01004116
3.245442708333e-04	0.00590371
3.245768229167e-04	-0.00154792
3.246093750000e-04	0.00320372
3.246419270833e-04	0.01116712
3.246744791667e-04	0.00717727
3.247070312500e-04	-0.00457552
3.247395833333e-04	-0.01362437
3.247721354167e-04	-0.01131645
3.248046875000e-04	0.00482169
3.248372395833e-04	0.01370241
3.248697916667e-04	-0.00349424
3.249023437500e-04	-0.02043106
3.249348958333e-04	-0.00902272
3.249674479167e-04	0.00456699
3.250000000000e-04	-0.00352913
3.250325520833e-04	-0.00484169
3.250651041667e-04	0.01210407
3.250976562500e-04	0.01168537
3.251302083333e-04	-0.00696029
3.251627604167e-04	-0.00249375
3.251953125000e-04	0.02037223
3.252278645833e-04	0.01956813
3.252604166667e-04	-0.00238050
3.252929687500e-04	-0.01154520
3.253255208333e-04	-0.00106231
3.253580729167e-04	0.01578321
3.253906250000e-04	0.02360248
3.254231770833e-04	0.00712710
3.254557291667e-04	-0.01963032
3.254882812500e-04	-0.01937230
3.255208333333e-04	0.00450290
3.255533854167e-04	0.01406924
3.255859375000e-04	0.00792438
3.256184895833e-04	0.00678696
3.256510416667e-04	0.00071570
3.256835937500e-04	-0.01386031
3.257161458333e-04	-0.00935094
3.257486979167e-04	0.00764362
3.257812500000e-04	-0.00212344
3.258138020833e-04	-0.02401193
3.258463541667e-04	-0.01223970
3.258789062500e-04	0.01595330
3.259114583333e-04	0.01635489
3.259440104167e-04	0.00237337
3.259765625000e-04	0.00240186
3.260091145833e-04	0.00098565
3.260416666667e-04	-0.01228601
3.260742187500e-04	-0.01391250
3.261067708333e-04	-0.00068103
3.261393229167e-04	0.00424285
3.261718750000e-04	0.00259612
3.262044270833e-04	0.01048706
3.262369791667e-04	0.01723542
3.262695312500e-04	0.00971787
3.263020833333e-04	0.00410272
3.263346354167e-04	0.01278945
3.263671875000e-04	0.01816708
3.263997395833e-04	0.00795042
3.264322916667e-04	-0.00182767
3.264648437500e-04	-0.00113993
3.264973958333e-04	-0.00523906
3.265299479167e-04	-0.01800486
3.265625000000e-04	-0.01627077
3.265950520833e-04	0.00325984
3.266276041667e-04	0.00773819
3.266601562500e-04	-0.01070597
3.266927083333e-04	-0.01470512
3.267252604167e-04	0.00591795
3.267578125000e-04	0.01343700
3.267903645833e-04	0.00169048
3.268229166667e-04	0.00859767
3.268554687500e-04	0.02927081
3.268880208333e-04	0.01564238
3.269205729167e-04	-0.02662328
3.269531250000e-04	-0.04041341
3.269856770833e-04	-0.01536585
3.270182291667e-04	0.00422836
3.270507812500e-04	-0.00308825
3.270833333333e-04	-0.01815603
3.271158854167e-04	-0.02084371
3.271484375000e-04	-0.00740485
3.271809895833e-04	0.01018965
3.272135416667e-04	0.01248289
3.272460937500e-04	-0.00079354
3.272786458333e-04	-0.00781256
3.273111979167e-04	-0.00108483
3.273437500000e-04	0.00404724
3.273763020833e-04	0.00111600
3.274088541667e-04	-0.00089642
3.274414062500e-04	0.00250775
3.274739583333e-04	0.00840521
3.275065104167e-04	0.01024117
3.275390625000e-04	-0.00023618
3.275716145833e-04	-0.01627519
3.276041666667e-04	-0.01793039
3.276367187500e-04	-0.00867265
3.276692708333e-04	-0.01258675
3.277018229167e-04	-0.02250247
3.277343750000e-04	-0.00750787
3.277669270833e-04	0.02092082
3.277994791667e-04	0.01882199
3.278320312500e-04	-0.01135055
3.278645833333e-04	-0.02239286
3.278971354167e-04	-0.00218475
3.279296875000e-04	0.01454713
3.279622395833e-04	0.01092263
3.279947916667e-04	0.00472870
3.280273437500e-04	0.00447110
3.280598958333e-04	0.00042569
3.280924479167e-04	-0.00476766
3.281250000000e-04	-0.00111607
3.281575520833e-04	0.00128503
3.281901041667e-04	-0.00969309
3.282226562500e-04	-0.01810101
3.282552083333e-04	-0.00712968
3.282877604167e-04	0.00762987
3.283203125000e-04	0.00823402
3.283528645833e-04	0.00357502
3.283854166667e-04	0.00160647
3.284179687500e-04	-0.00242196
3.284505208333e-04	0.00042193
3.284830729167e-04	0.01624167
3.285156250000e-04	0.01932791
3.285481770833e-04	-0.00029504
3.285807291667e-04	-0.00420891
3.286132812500e-04	0.02004848
3.286458333333e-04	0.02636020
3.286783854167e-04	0.00277079
3.287109375000e-04	-0.00295205
3.287434895833e-04	0.01574556
3.287760416667e-04	0.01340047
3.288085937500e-04	-0.00789525
3.288411458333e-04	-0.00692601
3.288736979167e-04	0.00721489
3.289062500000e-04	0.00257404
3.289388020833e-04	-0.00423145
3.289713541667e-04	0.00912294
3.290039062500e-04	0.02092824
3.290364583333e-04	0.01447719
3.290690104167e-04	0.00487330
3.291015625000e-04	-0.00175896
3.291341145833e-04	-0.00753428
3.291666666667e-04	0.00025603
3.291992187500e-04	0.01697676
3.292317708333e-04	0.01436345
3.292643229167e-04	-0.00203994
3.292968750000e-04	0.00031129
3.293294270833e-04	0.01253518
3.293619791667e-04	0.00481241
3.293945312500e-04	-0.00612519
3.294270833333e-04	0.00760888
3.294596354167e-04	0.02356401
3.294921875000e-04	0.01484393
3.295247395833e-04	0.00267534
3.295572916667e-04	0.00800800
3.295898437500e-04	0.01158151
3.296223958333e-04	-0.00049335
3.296549479167e-04	-0.00966855
3.296875000000e-04	-0.00417001
3.297200520833e-04	0.00271709
3.297526041667e-04	0.00100368
3.297851562500e-04	-0.00215260
3.298177083333e-04	0.00276298
3.298502604167e-04	0.01247401
3.298828125000e-04	0.00974128
3.299153645833e-04	-0.01351558
3.299479166667e-04	-0.03285229
3.299804687500e-04	-0.02146512
3.300130208333e-04	0.00179214
3.300455729167e-04	0.00130463
3.300781250000e-04	-0.01337143
3.301106770833e-04	-0.01318127
3.301432291667e-04	-0.00915185
3.301757812500e-04	-0.01993378
3.302083333333e-04	-0.02094017
3.302408854167e-04	0.00680241
3.302734375000e-04	0.02922240
3.303059895833e-04	0.01929521
3.303385416667e-04	0.00282978
3.303710937500e-04	0.00211961
3.304036458333e-04	0.00244110
3.304361979167e-04	-0.00298126
3.304687500000e-04	-0.00245488
3.305013020833e-04	-0.00116477
3.305338541667e-04	-0.00990528
3.305664062500e-04	-0.01804145
3.305989583333e-04	-0.01538435
3.306315104167e-04	-0.00709270
3.306640625000e-04	0.00370222
3.306966145833e-04	0.00899888
3.307291666667e-04	-0.00703326
3.307617187500e-04	-0.02997671
3.307942708333e-04	-0.02496990
3.308268229167e-04	-0.00250009
3.308593750000e-04	-0.00143555
3.308919270833e-04	-0.01323517
3.309244791667e-04	-0.00690776
3.309570312500e-04	0.00387481
3.309895833333e-04	-0.00245978
3.310221354167e-04	-0.00717200
3.310546875000e-04	0.00305373
3.310872395833e-04	0.01042375
3.311197916667e-04	0.00922313
3.311523437500e-04	0.00773313
3.311848958333e-04	0.00229563
3.312174479167e-04	-0.00128464
3.312500000000e-04	0.01054923
3.312825520833e-04	0.01979436
3.313151041667e-04	0.00865949
3.313476562500e-04	0.00339434
3.313802083333e-04	0.01620081
3.314127604167e-04	0.01590746
3.314453125000e-04	0.00501198
3.314778645833e-04	0.01532787
3.315104166667e-04	0.02103855
3.315429687500e-04	-0.00965621
3.315755208333e-04	-0.02596691
3.316080729167e-04	0.00534215
3.316406250000e-04	0.01892517
3.316731770833e-04	-0.01290437
3.317057291667e-04	-0.01921607
3.317382812500e-04	0.01612058
3.317708333333e-04	0.02463876
3.318033854167e-04	0.00271701
3.318359375000e-04	0.00370489
3.318684895833e-04	0.01136842
3.319010416667e-04	-0.01292223
3.319335937500e-04	-0.03416126
3.319661458333e-04	-0.01825777
3.319986979167e-04	0.00352669
3.320312500000e-04	0.01105176
3.320638020833e-04	0.02092018
3.320963541667e-04	0.02524010
3.321289062500e-04	0.00805733
3.321614583333e-04	-0.00872017
3.321940104167e-04	-0.00657532
3.322265625000e-04	-0.00116375
3.322591145833e-04	-0.00300809
3.322916666667e-04	-0.00763494
3.323242187500e-04	-0.01501219
3.323567708333e-04	-0.01706652
3.323893229167e-04	-0.00518776
3.324218750000e-04	0.00150470
3.324544270833e-04	-0.00935887
3.324869791667e-04	-0.00932076
3.325195312500e-04	0.01456362
3.325520833333e-04	0.02653125
3.325846354167e-04	0.00838255
3.326171875000e-04	-0.01013802
3.326497395833e-04	-0.00865206
3.326822916667e-04	-0.00137301
3.327148437500e-04	-0.00524953
3.327473958333e-04	-0.02137457
3.327799479167e-04	-0.03321512
3.328125000000e-04	-0.02005513
3.328450520833e-04	0.00736374
3.328776041667e-04	0.01451609
3.329101562500e-04	-0.00085301
3.329427083333e-04	-0.01173684
3.329752604167e-04	-0.01328298
3.330078125000e-04	-0.01429489
3.330403645833e-04	-0.01009250
3.330729166667e-04	-0.00681495
3.331054687500e-04	-0.01758832
3.331380208333e-04	-0.02276535
3.331705729167e-04	-0.00385493
3.332031250000e-04	0.00999492
3.332356770833e-04	-0.00039801
3.332682291667e-04	-0.00347103
3.333007812500e-04	0.01277970
3.333333333333e-04	0.01796143
3.333658854167e-04	0.00962104
3.333984375000e-04	0.01073976
3.334309895833e-04	0.01244850
3.334635416667e-04	0.00419708
3.334960937500e-04	0.00881493
3.335286458333e-04	0.02736663
3.335611979167e-04	0.02598442
3.335937500000e-04	0.00406071
3.336263020833e-04	-0.00796475
3.336588541667e-04	-0.00949694
3.336914062500e-04	-0.01527324
3.337239583333e-04	-0.01673963
3.337565104167e-04	-0.00717624
3.337890625000e-04	0.00242734
3.338216145833e-04	0.00868509
3.338541666667e-04	0.01294183
3.338867187500e-04	0.00835610
3.339192708333e-04	-0.00157519
3.339518229167e-04	-0.00478162
3.339843750000e-04	-0.00452654
3.340169270833e-04	-0.00624527
3.340494791667e-04	-0.00312220
3.340820312500e-04	0.00150034
3.341145833333e-04	-0.00326461
3.341471354167e-04	-0.00919861
3.341796875000e-04	-0.00595378
3.342122395833e-04	-0.00161157
3.342447916667e-04	-0.00015547
3.342773437500e-04	0.00125022
3.343098958333e-04	-0.00453845
3.343424479167e-04	-0.01144802
3.343750000000e-04	0.00023480
3.344075520833e-04	0.01427146
3.344401041667e-04	0.00201451
3.344726562500e-04	-0.01068392
3.345052083333e-04	0.00478110
3.345377604167e-04	0.01179358
3.345703125000e-04	-0.01001947
3.346028645833e-04	-0.01197231
3.346354166667e-04	0.01579619
3.346679687500e-04	0.01584000
3.347005208333e-04	-0.01524336
3.347330729167e-04	-0.02472100
3.347656250000e-04	-0.01497467
3.347981770833e-04	-0.01733997
3.348307291667e-04	-0.01411472
3.348632812500e-04	0.00488747
3.348958333333e-04	0.00733137
3.349283854167e-04	-0.00235693
3.349609375000e-04	0.00944948
3.349934895833e-04	0.02069656
3.350260416667e-04	0.00033437
3.350585937500e-04	-0.01560154
3.350911458333e-04	0.00109836
3.351236979167e-04	0.01251728
3.351562500000e-04	-0.00136642
3.351888020833e-04	-0.00875885
3.352213541667e-04	0.00000670
3.352539062500e-04	0.00501300
3.352864583333e-04	0.00662693
3.353190104167e-04	0.00963602
3.353515625000e-04	0.00304658
3.353841145833e-04	-0.00770583
3.354166666667e-04	-0.00453739
3.354492187500e-04	0.00695322
3.354817708333e-04	0.01255620
3.355143229167e-04	0.01375107
3.355468750000e-04	0.01146913
3.355794270833e-04	0.00436074
3.356119791667e-04	0.00140108
3.356445312500e-04	0.00443197
3.356770833333e-04	0.00467141
3.357096354167e-04	0.00647604
3.357421875000e-04	0.01358493
3.357747395833e-04	0.01077455
3.358072916667e-04	-0.00133729
3.358398437500e-04	-0.00034184
3.358723958333e-04	0.00759471
3.359049479167e-04	-0.00110195
3.359375000000e-04	-0.01250436
3.359700520833e-04	-0.00550769
3.360026041667e-04	-0.00034558
3.360351562500e-04	-0.01229035
3.360677083333e-04	-0.01768175
3.361002604167e-04	-0.00771562
3.361328125000e-04	-0.00354657
3.361653645833e-04	-0.00590376
3.361979166667e-04	0.00129736
3.362304687500e-04	0.01243130
3.362630208333e-04	0.01491106
3.362955729167e-04	0.00957560
3.363281250000e-04	-0.00182544
3.363606770833e-04	-0.01201206
3.363932291667e-04	-0.00703043
3.364257812500e-04	0.00320079
3.364583333333e-04	-0.00193231
3.364908854167e-04	-0.00662627
3.365234375000e-04	0.01072603
3.365559895833e-04	0.02391532
3.365885416667e-04	0.00589512
3.366210937500e-04	-0.01711669
3.366536458333e-04	-0.01680484
3.366861979167e-04	-0.00774706
3.367187500000e-04	-0.00597807
3.367513020833e-04	-0.00442966
3.367838541667e-04	0.00025657
3.368164062500e-04	0.00404034
3.368489583333e-04	0.00575980
3.368815104167e-04	-0.00027927
3.369140625000e-04	-0.01269046
3.369466145833e-04	-0.01172713
3.369791666667e-04	0.00622300
3.370117187500e-04	0.01538085
3.370442708333e-04	0.00751405
3.370768229167e-04	0.00229581
3.371093750000e-04	0.00138899
3.371419270833e-04	-0.01066267
3.371744791667e-04	-0.02597616
3.372070312500e-04	-0.02535621
3.372395833333e-04	-0.01376764
3.372721354167e-04	-0.00779965
3.373046875000e-04	-0.00864420
3.373372395833e-04	-0.00702722
3.373697916667e-04	-0.00053378
3.374023437500e-04	0.00191817
3.374348958333e-04	-0.00543927
3.374674479167e-04	-0.01001619
3.375000000000e-04	-0.00061959
3.375325520833e-04	0.00730879
3.375651041667e-04	0.00044940
3.375976562500e-04	-0.00490891
3.376302083333e-04	-0.00200479
3.376627604167e-04	-0.00959493
3.376953125000e-04	-0.01913181
3.377278645833e-04	-0.00071352
3.377604166667e-04	0.02701683
3.377929687500e-04	0.02195611
3.378255208333e-04	-0.00279541
3.378580729167e-04	-0.01291974
3.378906250000e-04	-0.01623324
3.379231770833e-04	-0.02045913
3.379557291667e-04	-0.00609938
3.379882812500e-04	0.01502912
3.380208333333e-04	0.00856352
3.380533854167e-04	-0.00994052
3.380859375000e-04	-0.00648993
3.381184895833e-04	0.00297773
3.381510416667e-04	-0.00231456
3.381835937500e-04	-0.00248971
3.382161458333e-04	0.00759220
3.382486979167e-04	0.00340746
3.382812500000e-04	-0.00778507
3.383138020833e-04	0.00029984
3.383463541667e-04	0.01184919
3.383789062500e-04	-0.00068676
3.384114583333e-04	-0.02184389
3.384440104167e-04	-0.02516865
3.384765625000e-04	-0.01405968
3.385091145833e-04	-0.00304645
3.385416666667e-04	0.00059449
3.385742187500e-04	-0.00408111
3.386067708333e-04	-0.00691626
3.386393229167e-04	-0.00010431
3.386718750000e-04	0.00345519
3.387044270833e-04	-0.00538556
3.387369791667e-04	-0.01090779
3.387695312500e-04	-0.00407179
3.388020833333e-04	0.00008569
3.388346354167e-04	-0.00601422
3.388671875000e-04	-0.01135497
3.388997395833e-04	-0.00945964
3.389322916667e-04	-0.00455674
3.389648437500e-04	-0.00444125
3.389973958333e-04	-0.01484933
3.390299479167e-04	-0.02434851
3.390625000000e-04	-0.01334256
3.390950520833e-04	0.00591088
3.391276041667e-04	0.00215283
3.391601562500e-04	-0.01409185
3.391927083333e-04	-0.00585867
3.392252604167e-04	0.01798667
3.392578125000e-04	0.01871361
3.392903645833e-04	0.00130591
3.393229166667e-04	0.00100865
3.393554687500e-04	0.01696551
3.393880208333e-04	0.01894686
3.394205729167e-04	0.00121176
3.394531250000e-04	-0.01241612
3.394856770833e-04	-0.00640353
3.395182291667e-04	0.00701749
3.395507812500e-04	0.00731334
3.395833333333e-04	-0.00484641
3.396158854167e-04	-0.01077305
3.396484375000e-04	-0.00354748
3.396809895833e-04	0.00642975
3.397135416667e-04	0.01108999
3.397460937500e-04	0.00828364
3.397786458333e-04	-0.00154652
3.398111979167e-04	-0.00693365
3.398437500000e-04	0.00440396
3.398763020833e-04	0.02239091
3.399088541667e-04	0.02693530
3.399414062500e-04	0.01524722
3.399739583333e-04	-0.00085165
3.400065104167e-04	-0.00503403
3.400390625000e-04	0.01400748
3.400716145833e-04	0.03576178
3.401041666667e-04	0.02200028
3.401367187500e-04	-0.01394412
3.401692708333e-04	-0.01581087
3.402018229167e-04	0.01597856
3.402343750000e-04	0.02490257
3.402669270833e-04	0.00582804
3.402994791667e-04	0.00337710
3.403320312500e-04	0.01478157
3.403645833333e-04	0.00529665
3.403971354167e-04	-0.01078968
3.404296875000e-04	-0.00249600
3.404622395833e-04	0.01171213
3.404947916667e-04	0.00368973
3.405273437500e-04	-0.01285622
3.405598958333e-04	-0.01464393
3.405924479167e-04	-0.00304337
3.406250000000e-04	0.00858934
3.406575520833e-04	0.00798530
3.406901041667e-04	-0.00563204
3.407226562500e-04	-0.01232299
3.407552083333e-04	0.00109583
3.407877604167e-04	0.01394011
3.408203125000e-04	0.00530595
3.408528645833e-04	-0.00885498
3.408854166667e-04	-0.00453899
3.409179687500e-04	0.01002923
3.409505208333e-04	0.00919193
3.409830729167e-04	-0.00947551
3.410156250000e-04	-0.01933100
3.410481770833e-04	-0.00629537
3.410807291667e-04	0.00227848
3.411132812500e-04	-0.01705376
3.411458333333e-04	-0.03447612
3.411783854167e-04	-0.01865895
3.412109375000e-04	0.00098713
3.412434895833e-04	-0.00746446
3.412760416667e-04	-0.01690145
3.413085937500e-04	-0.00524607
3.413411458333e-04	-0.00051328
3.413736979167e-04	-0.01020680
3.414062500000e-04	-0.00305494
3.414388020833e-04	0.01418956
3.414713541667e-04	0.00541780
3.415039062500e-04	-0.01680446
3.415364583333e-04	-0.01734000
3.415690104167e-04	-0.00572244
3.416015625000e-04	-0.00458083
3.416341145833e-04	-0.00735847
3.416666666667e-04	-0.00697800
3.416992187500e-04	-0.00655526
3.417317708333e-04	-0.00098630
3.417643229167e-04	0.00457273
3.417968750000e-04	-0.00642429
3.418294270833e-04	-0.02239989
3.418619791667e-04	-0.02223884
3.418945312500e-04	-0.02024791
3.419270833333e-04	-0.02672943
3.419596354167e-04	-0.01573689
3.419921875000e-04	0.01060414
3.420247395833e-04	0.00940978
3.420572916667e-04	-0.01709477
3.420898437500e-04	-0.02439068
3.421223958333e-04	-0.01475231
3.421549479167e-04	-0.01905464
3.421875000000e-04	-0.02358501
3.422200520833e-04	-0.00747222
3.422526041667e-04	0.00695581
3.422851562500e-04	0.00607854
3.423177083333e-04	0.01003624
3.423502604167e-04	0.01623855
3.423828125000e-04	0.00270898
3.424153645833e-04	-0.01385651
3.424479166667e-04	-0.00436337
3.424804687500e-04	0.01249889
3.425130208333e-04	0.00463911
3.425455729167e-04	-0.01403416
3.425781250000e-04	-0.01169908
3.426106770833e-04	0.00711903
3.426432291667e-04	0.01460265
3.426757812500e-04	0.00532625
3.427083333333e-04	-0.00056105
3.427408854167e-04	0.00682269
3.427734375000e-04	0.01357005
3.428059895833e-04	0.00985235
3.428385416667e-04	0.00461184
3.428710937500e-04	0.00235880
3.429036458333e-04	-0.00346267
3.429361979167e-04	-0.00799071
3.429687500000e-04	-0.00116597
3.430013020833e-04	0.00785882
3.430338541667e-04	0.00631736
3.430664062500e-04	0.00046681
3.430989583333e-04	-0.00148038
3.431315104167e-04	-0.00048897
3.431640625000e-04	0.00568697
3.431966145833e-04	0.01294332
3.432291666667e-04	0.00588101
3.432617187500e-04	-0.00875849
3.432942708333e-04	-0.00475092
3.433268229167e-04	0.01159163
3.433593750000e-04	0.01139600
3.433919270833e-04	0.00165471
3.434244791667e-04	0.00592244
3.434570312500e-04	0.01068651
3.434895833333e-04	-0.00493491
3.435221354167e-04	-0.02375331
3.435546875000e-04	-0.02116189
3.435872395833e-04	-0.00085493
3.436197916667e-04	0.01734973
3.436523437500e-04	0.01470448
3.436848958333e-04	-0.00629741
3.437174479167e-04	-0.01134308
3.437500000000e-04	0.01258702
3.437825520833e-04	0.02066087
3.438151041667e-04	-0.00965593
3.438476562500e-04	-0.02737288
3.438802083333e-04	-0.00696202
3.439127604167e-04	0.00122474
3.439453125000e-04	-0.01984178
3.439778645833e-04	-0.01871420
3.440104166667e-04	0.01190592
3.440429687500e-04	0.02120048
3.440755208333e-04	0.00673690
3.441080729167e-04	0.00729336
3.441406250000e-04	0.01385491
3.441731770833e-04	-0.00192611
3.442057291667e-04	-0.01876481
3.442382812500e-04	-0.00938739
3.442708333333e-04	0.00549919
3.443033854167e-04	0.00101801
3.443359375000e-04	-0.00929924
3.443684895833e-04	-0.00358500
3.444010416667e-04	0.01387406
3.444335937500e-04	0.02060881
3.444661458333e-04	0.00608150
3.444986979167e-04	-0.01209372
3.445312500000e-04	-0.01467940
3.445638020833e-04	-0.01177378
3.445963541667e-04	-0.01648923
3.446289062500e-04	-0.01540316
3.446614583333e-04	-0.00343012
3.446940104167e-04	-0.00123077
3.447265625000e-04	-0.00751126
3.447591145833e-04	0.00082713
3.447916666667e-04	0.01294431
3.448242187500e-04	0.00731141
3.448567708333e-04	0.00736688
3.448893229167e-04	0.03015533
3.449218750000e-04	0.03603430
3.449544270833e-04	0.00755752
3.449869791667e-04	-0.00717315
3.450195312500e-04	0.00923671
3.450520833333e-04	0.01131851
3.450846354167e-04	-0.00808298
3.451171875000e-04	-0.00353279
3.451497395833e-04	0.02237293
3.451822916667e-04	0.02126384
3.452148437500e-04	-0.00484659
3.452473958333e-04	-0.01309624
3.452799479167e-04	-0.00263394
3.453125000000e-04	-0.00383633
3.453450520833e-04	-0.01562727
3.453776041667e-04	-0.01629734
3.454101562500e-04	-0.00631731
3.454427083333e-04	0.00078047
3.454752604167e-04	0.00379332
3.455078125000e-04	0.00635380
3.455403645833e-04	0.00545944
3.455729166667e-04	0.00084876
3.456054687500e-04	-0.00047506
3.456380208333e-04	0.00250899
3.456705729167e-04	0.00065893
3.457031250000e-04	-0.00850665
3.457356770833e-04	-0.01307834
3.457682291667e-04	-0.00546343
3.458007812500e-04	0.00426361
3.458333333333e-04	0.00397004
3.458658854167e-04	-0.00362139
3.458984375000e-04	-0.00757140
3.459309895833e-04	-0.00323100
3.459635416667e-04	0.00260997
3.459960937500e-04	-0.00190732
3.460286458333e-04	-0.01717238
3.460611979167e-04	-0.02634071
3.460937500000e-04	-0.01750430
3.461263020833e-04	0.00050914
3.461588541667e-04	0.01597058
3.461914062500e-04	0.02566311
3.462239583333e-04	0.02270831
3.462565104167e-04	0.00596112
3.462890625000e-04	-0.00256641
3.463216145833e-04	0.01027078
3.463541666667e-04	0.01878218
3.463867187500e-04	0.00417225
3.464192708333e-04	-0.00743846
3.464518229167e-04	0.00267314
3.464843750000e-04	0.00875678
3.465169270833e-04	-0.00363244
3.465494791667e-04	-0.00922044
3.465820312500e-04	-0.00156274
3.466145833333e-04	-0.00806481
3.466471354167e-04	-0.02642901
3.466796875000e-04	-0.02115968
3.467122395833e-04	0.00604989
3.467447916667e-04	0.01513415
3.467773437500e-04	-0.00047423
3.468098958333e-04	-0.00741494
3.468424479167e-04	0.00384820
3.468750000000e-04	0.00763734
3.469075520833e-04	-0.00565567
3.469401041667e-04	-0.01509317
3.469726562500e-04	-0.00775595
3.470052083333e-04	0.00420958
3.470377604167e-04	0.00851856
3.470703125000e-04	0.00899775
3.471028645833e-04	0.01253346
3.471354166667e-04	0.01724670
3.471679687500e-04	0.01804635
3.472005208333e-04	0.01332690
3.472330729167e-04	0.00413986
3.472656250000e-04	-0.00592631
3.472981770833e-04	-0.00996778
3.473307291667e-04	-0.00377915
3.473632812500e-04	0.00652054
3.473958333333e-04	0.00955740
3.474283854167e-04	0.00364042
3.474609375000e-04	-0.00215181
3.474934895833e-04	-0.00612304
3.475260416667e-04	-0.01730979
3.475585937500e-04	-0.03090166
3.475911458333e-04	-0.02591524
3.476236979167e-04	-0.00436038
3.476562500000e-04	0.00299302
3.476888020833e-04	-0.00940569
3.477213541667e-04	-0.01060746
3.477539062500e-04	0.00376600
3.477864583333e-04	0.00071102
3.478190104167e-04	-0.01931049
3.478515625000e-04	-0.01603702
3.478841145833e-04	0.01207357
3.479166666667e-04	0.02253555
3.479492187500e-04	0.00635737
3.479817708333e-04	-0.00577279
3.480143229167e-04	-0.00647067
3.480468750000e-04	-0.01285098
3.480794270833e-04	-0.02237076
3.481119791667e-04	-0.01868858
3.481445312500e-04	-0.00121588
3.481770833333e-04	0.01618848
3.482096354167e-04	0.01731386
3.482421875000e-04	-0.00074984
3.482747395833e-04	-0.01260807
3.483072916667e-04	0.00257776
3.483398437500e-04	0.01734688
3.483723958333e-04	0.00070016
3.484049479167e-04	-0.01806268
3.484375000000e-04	-0.00248595
3.484700520833e-04	0.01891580
3.485026041667e-04	0.01051769
3.485351562500e-04	-0.00343116
3.485677083333e-04	0.00160715
3.486002604167e-04	0.00194520
3.486328125000e-04	-0.01170884
3.486653645833e-04	-0.00996170
3.486979166667e-04	0.00787333
3.487304687500e-04	0.00936917
3.487630208333e-04	-0.00365846
3.487955729167e-04	-0.00396233
3.488281250000e-04	0.00273292
3.488606770833e-04	-0.00320834
3.488932291667e-04	-0.01058446
3.489257812500e-04	-0.00416519
3.489583333333e-04	0.00315961
3.489908854167e-04	-0.00040539
3.490234375000e-04	-0.00356439
3.490559895833e-04	0.00143197
3.490885416667e-04	0.00383613
3.491210937500e-04	-0.00324664
3.491536458333e-04	-0.00885239
3.491861979167e-04	-0.00163440
3.492187500000e-04	0.00918523
3.492513020833e-04	0.00476220
3.492838541667e-04	-0.00945240
3.493164062500e-04	-0.00609335
3.493489583333e-04	0.01495613
3.493815104167e-04	0.01891170
3.494140625000e-04	-0.00179691
3.494466145833e-04	-0.01059923
3.494791666667e-04	0.00377844
3.495117187500e-04	0.00563572
3.495442708333e-04	-0.01521688
3.495768229167e-04	-0.02140685
3.496093750000e-04	-0.00088252
3.496419270833e-04	0.01121696
3.496744791667e-04	-0.00042047
3.497070312500e-04	-0.01138322
3.497395833333e-04	-0.00998742
3.497721354167e-04	-0.00680492
3.498046875000e-04	0.00039682
3.498372395833e-04	0.01439620
3.498697916667e-04	0.01253535
3.499023437500e-04	-0.01452730
3.499348958333e-04	-0.03037496
3.499674479167e-04	-0.00802825
3.500000000000e-04	0.02162006
3.500325520833e-04	0.02060689
3.500651041667e-04	0.00045879
3.500976562500e-04	-0.00936882
3.501302083333e-04	-0.00656061
3.501627604167e-04	-0.00040675
3.501953125000e-04	0.00978623
3.502278645833e-04	0.02266322
3.502604166667e-04	0.03112540
3.502929687500e-04	0.03258710
3.503255208333e-04	0.02334708
3.503580729167e-04	0.00017788
3.503906250000e-04	-0.02039021
3.504231770833e-04	-0.01666299
3.504557291667e-04	0.00051803
3.504882812500e-04	0.00461827
3.505208333333e-04	-0.00129152
3.505533854167e-04	-0.00069443
3.505859375000e-04	-0.00202469
3.506184895833e-04	-0.01455549
3.506510416667e-04	-0.01889472
3.506835937500e-04	-0.00338955
3.507161458333e-04	0.00953045
3.507486979167e-04	0.00473822
3.507812500000e-04	-0.00205141
3.508138020833e-04	-0.00121007
3.508463541667e-04	-0.00383627
3.508789062500e-04	-0.01085278
3.509114583333e-04	-0.01004037
3.509440104167e-04	-0.00429831
3.509765625000e-04	-0.00699213
3.510091145833e-04	-0.01439581
3.510416666667e-04	-0.01228232
3.510742187500e-04	-0.00390359
3.511067708333e-04	-0.00576866
3.511393229167e-04	-0.01639647
3.511718750000e-04	-0.01429532
3.512044270833e-04	0.00347017
3.512369791667e-04	0.00840548
3.512695312500e-04	-0.01165389
3.513020833333e-04	-0.02485836
3.513346354167e-04	-0.00814598
3.513671875000e-04	0.01298459
3.513997395833e-04	0.01488375
3.514322916667e-04	0.01437736
3.514648437500e-04	0.02169682
3.514973958333e-04	0.01794128
3.515299479167e-04	0.00548889
3.515625000000e-04	0.00879856
3.515950520833e-04	0.01734536
3.516276041667e-04	0.00662337
3.516601562500e-04	-0.00117068
3.516927083333e-04	0.01880581
3.517252604167e-04	0.03169316
3.517578125000e-04	0.00840914
3.517903645833e-04	-0.01059924
3.518229166667e-04	0.00540392
3.518554687500e-04	0.01531990
3.518880208333e-04	-0.00960601
3.519205729167e-04	-0.02898408
3.519531250000e-04	-0.01413610
3.519856770833e-04	0.00238565
3.520182291667e-04	-0.00548378
3.520507812500e-04	-0.01924619
3.520833333333e-04	-0.02272783
3.521158854167e-04	-0.02063588
3.521484375000e-04	-0.01149751
3.521809895833e-04	0.00456588
3.522135416667e-04	0.00778140
3.522460937500e-04	-0.00894146
3.522786458333e-04	-0.01784639
3.523111979167e-04	-0.00227425
3.523437500000e-04	0.01099053
3.523763020833e-04	-0.00066767
3.524088541667e-04	-0.01464596
3.524414062500e-04	-0.00520234
3.524739583333e-04	0.01178042
3.525065104167e-04	0.01241922
3.525390625000e-04	0.00593401
3.525716145833e-04	0.00801013
3.526041666667e-04	0.01092614
3.526367187500e-04	0.00825733
3.526692708333e-04	0.00920173
3.527018229167e-04	0.01115264
3.527343750000e-04	0.00197701
3.527669270833e-04	-0.00725629
3.527994791667e-04	0.00139886
3.528320312500e-04	0.01523014
3.528645833333e-04	0.01390485
3.528971354167e-04	0.00452403
3.529296875000e-04	-0.00106162
3.529622395833e-04	-0.00667758
3.529947916667e-04	-0.01025770
3.530273437500e-04	-0.00459226
3.530598958333e-04	0.00166282
3.530924479167e-04	0.00295647
3.531250000000e-04	0.01087356
3.531575520833e-04	0.02085051
3.531901041667e-04	0.01341972
3.532226562500e-04	-0.00050598
3.532552083333e-04	0.00231926
3.532877604167e-04	0.00923017
3.533203125000e-04	0.00630709
3.533528645833e-04	0.01438001
3.533854166667e-04	0.03235850
3.534179687500e-04	0.02230585
3.534505208333e-04	-0.00749468
3.534830729167e-04	-0.00636216
3.535156250000e-04	0.01650380
3.535481770833e-04	0.01025293
3.535807291667e-04	-0.01167421
3.536132812500e-04	-0.00325630
3.536458333333e-04	0.01908440
3.536783854167e-04	0.01990836
3.537109375000e-04	0.01576074
3.537434895833e-04	0.02075526
3.537760416667e-04	0.00818006
3.538085937500e-04	-0.02069512
3.538411458333e-04	-0.02507248
3.538736979167e-04	-0.00415459
3.539062500000e-04	0.00455101
3.539388020833e-04	-0.00023187
3.539713541667e-04	0.00623824
3.540039062500e-04	0.01699567
3.540364583333e-04	0.01332599
3.540690104167e-04	0.00592166
3.541015625000e-04	0.00877139
3.541341145833e-04	0.01061022
3.541666666667e-04	0.00148086
3.541992187500e-04	-0.00674930
3.542317708333e-04	-0.00291353
3.542643229167e-04	0.00547476
3.542968750000e-04	0.00622594
3.543294270833e-04	0.00045324
3.543619791667e-04	-0.00127465
3.543945312500e-04	0.00303140
3.544270833333e-04	0.00236219
3.544596354167e-04	-0.00876156
3.544921875000e-04	-0.01823724
3.545247395833e-04	-0.01294966
3.545572916667e-04	0.00157772
3.545898437500e-04	0.00899754
3.546223958333e-04	0.00465020
3.546549479167e-04	-0.00010751
3.546875000000e-04	0.00292672
3.547200520833e-04	0.00662572
3.547526041667e-04	0.00392550
3.547851562500e-04	0.00112655
3.548177083333e-04	0.00181276
3.548502604167e-04	-0.00243089
3.548828125000e-04	-0.01034487
3.549153645833e-04	-0.00881286
3.549479166667e-04	-0.00193364
3.549804687500e-04	-0.00375730
3.550130208333e-04	-0.00421417
3.550455729167e-04	0.01038645
3.550781250000e-04	0.02091589
3.551106770833e-04	0.01060619
3.551432291667e-04	0.00085858
3.551757812500e-04	0.00489395
3.552083333333e-04	-0.00011968
3.552408854167e-04	-0.01762458
3.552734375000e-04	-0.01737273
3.553059895833e-04	0.00027216
3.553385416667e-04	0.00147802
3.553710937500e-04	-0.01283944
3.554036458333e-04	-0.01089330
3.554361979167e-04	0.00501787
3.554687500000e-04	0.00445541
3.555013020833e-04	-0.01373474
3.555338541667e-04	-0.02144337
3.555664062500e-04	-0.00659528
3.555989583333e-04	0.01326360
3.556315104167e-04	0.01740739
3.556640625000e-04	0.00781731
3.556966145833e-04	0.00218909
3.557291666667e-04	0.00378254
3.557617187500e-04	-0.00073643
3.557942708333e-04	-0.01035312
3.558268229167e-04	-0.00849222
3.558593750000e-04	0.00469566
3.558919270833e-04	0.01196399
3.559244791667e-04	0.00602089
3.559570312500e-04	-0.00729694
3.559895833333e-04	-0.01690163
3.560221354167e-04	-0.01007796
3.560546875000e-04	0.00763710
3.560872395833e-04	0.01162701
3.561197916667e-04	0.00118381
3.561523437500e-04	0.00154773
3.561848958333e-04	0.00873314
3.562174479167e-04	-0.00145396
3.562500000000e-04	-0.01274630
3.562825520833e-04	0.00156287
3.563151041667e-04	0.01542846
3.563476562500e-04	0.00063948
3.563802083333e-04	-0.01347314
3.564127604167e-04	-0.00301167
3.564453125000e-04	0.00474323
3.564778645833e-04	-0.00287059
3.565104166667e-04	-0.00204112
3.565429687500e-04	0.00689906
3.565755208333e-04	0.00534916
3.566080729167e-04	0.00434597
3.566406250000e-04	0.01348900
3.566731770833e-04	0.01238733
3.567057291667e-04	0.00039277
3.567382812500e-04	0.00315217
3.567708333333e-04	0.00318103
3.568033854167e-04	0.01030847
3.568359375000e-04	0.01135431
3.568684895833e-04	0.00930551
3.569010416667e-04	0.00181759
3.569335937500e-04	-0.00195088
3.569661458333e-04	0.00339518
3.569986979167e-04	-0.00006724
3.570312500000e-04	-0.01538645
3.570638020833e-04	-0.01458500
3.570963541667e-04	0.00095480
3.571289062500e-04	-0.00527482
3.571614583333e-04	-0.02546010
3.571940104167e-04	-0.01693223
3.572265625000e-04	0.00672504
3.572591145833e-04	0.00278882
3.572916666667e-04	-0.00953017
3.573242187500e-04	0.00472452
3.573567708333e-04	0.01741778
3.573893229167e-04	0.00232841
3.574218750000e-04	-0.00656925
3.574544270833e-04	0.00678631
3.574869791667e-04	0.00831158
3.575195312500e-04	-0.00514775
3.575520833333e-04	-0.00305332
3.575846354167e-04	0.00515276
3.576171875000e-04	-0.00415177
3.576497395833e-04	-0.01096258
3.576822916667e-04	0.00054590
3.577148437500e-04	0.00599008
3.577473958333e-04	-0.00092801
3.577799479167e-04	0.00226919
3.578125000000e-04	0.01110567
3.578450520833e-04	0.00844406
3.578776041667e-04	0.00501002
3.579101562500e-04	0.00465080
3.579427083333e-04	-0.00905704
3.579752604167e-04	-0.02140326
3.580078125000e-04	-0.00527683
3.580403645833e-04	0.01357874
3.580729166667e-04	0.00000011
3.581054687500e-04	-0.01995166
3.581380208333e-04	-0.01313804
3.581705729167e-04	-0.00069473
3.582031250000e-04	-0.00415405
3.582356770833e-04	-0.00608395
3.582682291667e-04	0.00190079
3.583007812500e-04	0.00524056
3.583333333333e-04	0.00404856
3.583658854167e-04	0.00563772
3.583984375000e-04	0.00207602
3.584309895833e-04	-0.00697530
3.584635416667e-04	-0.00685412
3.584960937500e-04	0.00293080
3.585286458333e-04	0.01135152
3.585611979167e-04	0.01745473
3.585937500000e-04	0.01931530
3.586263020833e-04	0.00973883
3.586588541667e-04	-0.00286039
3.586914062500e-04	-0.00500822
3.587239583333e-04	-0.00377787
3.587565104167e-04	-0.00834035
3.587890625000e-04	-0.00999410
3.588216145833e-04	-0.00468189
3.588541666667e-04	-0.00099239
3.588867187500e-04	0.00213534
3.589192708333e-04	0.00843747
3.589518229167e-04	0.00573777
3.589843750000e-04	-0.01094080
3.590169270833e-04	-0.02183862
3.590494791667e-04	-0.01479012
3.590820312500e-04	-0.00444781
3.591145833333e-04	-0.00277688
3.591471354167e-04	-0.00126413
3.591796875000e-04	0.00740527
3.592122395833e-04	0.01420157
3.592447916667e-04	0.01058379
3.592773437500e-04	0.00784671
3.593098958333e-04	0.02169989
3.593424479167e-04	0.03738245
3.593750000000e-04	0.02262378
3.594075520833e-04	-0.01333072
3.594401041667e-04	-0.02317584
3.594726562500e-04	-0.00028632
3.595052083333e-04	0.01191562
3.595377604167e-04	0.00264178
3.595703125000e-04	0.00593988
3.596028645833e-04	0.02389452
3.596354166667e-04	0.02275619
3.596679687500e-04	0.00276917
3.597005208333e-04	-0.00583328
3.597330729167e-04	-0.00037310
3.597656250000e-04	0.00291246
3.597981770833e-04	0.00604053
3.598307291667e-04	0.01374783
3.598632812500e-04	0.01511160
3.598958333333e-04	0.00566638
3.599283854167e-04	-0.00251290
3.599609375000e-04	-0.00026060
3.599934895833e-04	0.00828230
3.600260416667e-04	0.01062626
3.600585937500e-04	-0.00074568
3.600911458333e-04	-0.01230230
3.601236979167e-04	-0.00471567
3.601562500000e-04	0.01121005
3.601888020833e-04	0.00942473
3.602213541667e-04	-0.00475589
3.602539062500e-04	-0.00908991
3.602864583333e-04	-0.00775697
3.603190104167e-04	-0.01148598
3.603515625000e-04	-0.00727679
3.603841145833e-04	0.00770385
3.604166666667e-04	0.00786914
3.604492187500e-04	-0.01105267
3.604817708333e-04	-0.01807764
3.605143229167e-04	-0.00319557
3.605468750000e-04	0.00918968
3.605794270833e-04	0.00946555
3.606119791667e-04	0.01026442
3.606445312500e-04	0.00904667
3.606770833333e-04	-0.00571175
3.607096354167e-04	-0.01999719
3.607421875000e-04	-0.01090962
3.607747395833e-04	0.01123491
3.608072916667e-04	0.01693992
3.608398437500e-04	0.00615892
3.608723958333e-04	0.00312519
3.609049479167e-04	0.00674796
3.609375000000e-04	-0.00647732
3.609700520833e-04	-0.02789942
3.610026041667e-04	-0.02257088
3.610351562500e-04	0.00317316
3.610677083333e-04	0.00704846
3.611002604167e-04	-0.01058396
3.611328125000e-04	-0.01096811
3.611653645833e-04	0.00135147
3.611979166667e-04	-0.01087153
3.612304687500e-04	-0.03431008
3.612630208333e-04	-0.02572691
3.612955729167e-04	0.00156328
3.613281250000e-04	0.00259313
3.613606770833e-04	-0.01534783
3.613932291667e-04	-0.01575433
3.614257812500e-04	-0.00299921
3.614583333333e-04	-0.00045206
3.614908854167e-04	-0.00211690
3.615234375000e-04	0.00186978
3.615559895833e-04	-0.00054645
3.615885416667e-04	-0.01025163
3.616210937500e-04	-0.00885272
3.616536458333e-04	0.00078997
3.616861979167e-04	-0.00211883
3.617187500000e-04	-0.01180360
3.617513020833e-04	-0.00577032
3.617838541667e-04	0.01130802
3.618164062500e-04	0.01977365
3.618489583333e-04	0.02086259
3.618815104167e-04	0.02190517
3.619140625000e-04	0.01539723
3.619466145833e-04	0.00296597
3.619791666667e-04	0.00318668
3.620117187500e-04	0.01526846
3.620442708333e-04	0.01625432
3.620768229167e-04	0.00270328
3.621093750000e-04	-0.00700957
3.621419270833e-04	-0.00745240
3.621744791667e-04	-0.00538640
3.622070312500e-04	-0.00145734
3.622395833333e-04	0.00066815
3.622721354167e-04	-0.00441978
3.623046875000e-04	-0.00471530
3.623372395833e-04	0.00856162
3.623697916667e-04	0.01415952
3.624023437500e-04	-0.00145433
3.624348958333e-04	-0.01377287
3.624674479167e-04	-0.00777617
3.625000000000e-04	-0.00264320
3.625325520833e-04	-0.00384913
3.625651041667e-04	0.00132096
3.625976562500e-04	0.00002341
3.626302083333e-04	-0.01799471
3.626627604167e-04	-0.02000512
3.626953125000e-04	0.00600671
3.627278645833e-04	0.01340833
3.627604166667e-04	-0.01147479
3.627929687500e-04	-0.01836878
3.628255208333e-04	0.00005312
3.628580729167e-04	-0.00505211
3.628906250000e-04	-0.02494091
3.629231770833e-04	-0.00720896
3.629557291667e-04	0.02461331
3.629882812500e-04	0.00922842
3.630208333333e-04	-0.02917146
3.630533854167e-04	-0.02853978
3.630859375000e-04	-0.00353959
3.631184895833e-04	-0.00174869
3.631510416667e-04	-0.01467377
3.631835937500e-04	-0.01350612
3.632161458333e-04	-0.00285738
3.632486979167e-04	0.00640176
3.632812500000e-04	0.01362309
3.633138020833e-04	0.00901528
3.633463541667e-04	-0.00812281
3.633789062500e-04	-0.01208031
3.634114583333e-04	0.00757902
3.634440104167e-04	0.02460152
3.634765625000e-04	0.02085514
3.635091145833e-04	0.00829872
3.635416666667e-04	-0.00185003
3.635742187500e-04	-0.00954538
3.636067708333e-04	-0.01111225
3.636393229167e-04	-0.00675844
3.636718750000e-04	-0.00605037
3.637044270833e-04	-0.00728846
3.637369791667e-04	0.00040820
3.637695312500e-04	0.00773165
3.638020833333e-04	-0.00390720
3.638346354167e-04	-0.02190909
3.638671875000e-04	-0.01773286
3.638997395833e-04	-0.00006779
3.639322916667e-04	-0.00308554
3.639648437500e-04	-0.02428788
3.639973958333e-04	-0.02822109
3.640299479167e-04	-0.01034766
3.640625000000e-04	0.00105164
3.640950520833e-04	0.00375111
3.641276041667e-04	0.01879968
3.641601562500e-04	0.03465199
3.641927083333e-04	0.02250466
3.642252604167e-04	-0.00213738
3.642578125000e-04	-0.00239327
3.642903645833e-04	0.01227767
3.643229166667e-04	0.00736005
3.643554687500e-04	-0.01313404
3.643880208333e-04	-0.02295808
3.644205729167e-04	-0.02081015
3.644531250000e-04	-0.01618057
3.644856770833e-04	-0.00656197
3.645182291667e-04	0.00367206
3.645507812500e-04	0.00287297
3.645833333333e-04	-0.00139281
3.646158854167e-04	0.00406578
3.646484375000e-04	0.00882917
3.646809895833e-04	0.00060800
3.647135416667e-04	-0.00807499
3.647460937500e-04	-0.00602131
3.647786458333e-04	-0.00519537
3.648111979167e-04	-0.01389910
3.648437500000e-04	-0.01926078
3.648763020833e-04	-0.01102209
3.649088541667e-04	0.00211114
3.649414062500e-04	0.00803103
3.649739583333e-04	0.00753290
3.650065104167e-04	0.00861530
3.650390625000e-04	0.00989186
3.650716145833e-04	0.00089958
3.651041666667e-04	-0.01607723
3.651367187500e-04	-0.02364408
3.651692708333e-04	-0.01901715
3.652018229167e-04	-0.01638992
3.652343750000e-04	-0.01259861
3.652669270833e-04	0.00508437
3.652994791667e-04	0.01852638
3.653320312500e-04	0.00521976
3.653645833333e-04	-0.00923747
3.653971354167e-04	0.00564710
3.654296875000e-04	0.02100768
3.654622395833e-04	0.00276977
3.654947916667e-04	-0.01796824
3.655273437500e-04	-0.00445600
3.655598958333e-04	0.01518038
3.655924479167e-04	0.00530559
3.656250000000e-04	-0.01365379
3.656575520833e-04	-0.01258009
3.656901041667e-04	-0.00169307
3.657226562500e-04	0.00276070
3.657552083333e-04	0.00359377
3.657877604167e-04	0.00065140
3.658203125000e-04	-0.01046396
3.658528645833e-04	-0.01979138
3.658854166667e-04	-0.01582994
3.659179687500e-04	-0.00612913
3.659505208333e-04	-0.00633937
3.659830729167e-04	-0.01888819
3.660156250000e-04	-0.02800154
3.660481770833e-04	-0.01597881
3.660807291667e-04	0.00829135
3.661132812500e-04	0.01283158
3.661458333333e-04	-0.00780283
3.661783854167e-04	-0.01872109
3.662109375000e-04	-0.00355348
3.662434895833e-04	0.00903436
3.662760416667e-04	0.00056118
3.663085937500e-04	-0.00898251
3.663411458333e-04	-0.00471766
3.663736979167e-04	0.00323983
3.664062500000e-04	0.00762867
3.664388020833e-04	0.00870611
3.664713541667e-04	0.00277792
3.665039062500e-04	-0.00537492
3.665364583333e-04	-0.00509161
3.665690104167e-04	-0.00416630
3.666015625000e-04	-0.01276164
3.666341145833e-04	-0.01487908
3.666666666667e-04	0.00039619
3.666992187500e-04	0.01034613
3.667317708333e-04	0.00230825
3.667643229167e-04	-0.00210596
3.667968750000e-04	0.00329118
3.668294270833e-04	-0.00260354
3.668619791667e-04	-0.01472714
3.668945312500e-04	-0.00650137
3.669270833333e-04	0.01268036
3.669596354167e-04	0.01431038
3.669921875000e-04	0.00710969
3.670247395833e-04	0.01319300
3.670572916667e-04	0.02066380
3.670898437500e-04	0.01184648
3.671223958333e-04	-0.00211098
3.671549479167e-04	-0.00800940
3.671875000000e-04	-0.00733394
3.672200520833e-04	0.00326144
3.672526041667e-04	0.02194741
3.672851562500e-04	0.02505691
3.673177083333e-04	0.00407870
3.673502604167e-04	-0.01205754
3.673828125000e-04	-0.00668242
3.674153645833e-04	0.00000752
3.674479166667e-04	-0.00031836
3.674804687500e-04	0.01012465
3.675130208333e-04	0.02814060
3.675455729167e-04	0.03050964
3.675781250000e-04	0.02195867
3.676106770833e-04	0.02380215
3.676432291667e-04	0.02877816
3.676757812500e-04	0.01821368
3.677083333333e-04	-0.00002218
3.677408854167e-04	-0.00918709
3.677734375000e-04	-0.00972866
3.678059895833e-04	-0.00727661
3.678385416667e-04	-0.00523554
3.678710937500e-04	-0.00865759
3.679036458333e-04	-0.00857647
3.679361979167e-04	0.01286529
3.679687500000e-04	0.03963638
3.680013020833e-04	0.03106974
3.680338541667e-04	-0.00800961
3.680664062500e-04	-0.02690424
3.680989583333e-04	-0.01016245
3.681315104167e-04	0.00735060
3.681640625000e-04	0.00857406
3.681966145833e-04	0.00927965
3.682291666667e-04	0.00921101
3.682617187500e-04	-0.00700424
3.682942708333e-04	-0.02540150
3.683268229167e-04	-0.01548673
3.683593750000e-04	0.01463827
3.683919270833e-04	0.02271488
3.684244791667e-04	-0.00255829
3.684570312500e-04	-0.02077449
3.684895833333e-04	-0.00249903
3.685221354167e-04	0.02417074
3.685546875000e-04	0.02335257
3.685872395833e-04	0.00972478
3.686197916667e-04	0.01012123
3.686523437500e-04	0.01027368
3.686848958333e-04	-0.00560244
3.687174479167e-04	-0.01391220
3.687500000000e-04	-0.00204474
3.687825520833e-04	0.00260788
3.688151041667e-04	-0.00849945
3.688476562500e-04	-0.00976038
3.688802083333e-04	-0.00009478
3.689127604167e-04	0.00052390
3.689453125000e-04	0.00031709
3.689778645833e-04	0.00855428
3.690104166667e-04	0.00281596
3.690429687500e-04	-0.01764167
3.690755208333e-04	-0.01678905
3.691080729167e-04	0.00369379
3.691406250000e-04	0.00427582
3.691731770833e-04	-0.01096768
3.692057291667e-04	-0.00869683
3.692382812500e-04	0.00075955
3.692708333333e-04	-0.00624019
3.693033854167e-04	-0.01080178
3.693359375000e-04	0.00480533
3.693684895833e-04	0.01874821
3.694010416667e-04	0.01493847
3.694335937500e-04	0.00585611
3.694661458333e-04	0.00252678
3.694986979167e-04	0.00764559
3.695312500000e-04	0.01813703
3.695638020833e-04	0.01690464
3.695963541667e-04	0.00035697
3.696289062500e-04	-0.00522380
3.696614583333e-04	0.00337842
3.696940104167e-04	-0.00440794
3.697265625000e-04	-0.02058645
3.697591145833e-04	-0.00770288
3.697916666667e-04	0.01376972
3.698242187500e-04	0.00025199
3.698567708333e-04	-0.01888822
3.698893229167e-04	0.00222344
3.699218750000e-04	0.03154252
3.699544270833e-04	0.02536199
3.699869791667e-04	0.00681650
3.700195312500e-04	0.00399897
3.700520833333e-04	0.00365932
3.700846354167e-04	0.00123890
3.701171875000e-04	0.00750419
3.701497395833e-04	0.01214469
3.701822916667e-04	0.00866874
3.702148437500e-04	0.01154206
3.702473958333e-04	0.01454763
3.702799479167e-04	0.00218346
3.703125000000e-04	-0.00261482
3.703450520833e-04	0.01797082
3.703776041667e-04	0.02866317
3.704101562500e-04	0.00994556
3.704427083333e-04	0.00102402
3.704752604167e-04	0.01878236
3.705078125000e-04	0.02461251
3.705403645833e-04	0.00416683
3.705729166667e-04	-0.00970301
3.706054687500e-04	-0.00214860
3.706380208333e-04	0.00829381
3.706705729167e-04	0.00898710
3.707031250000e-04	0.00278408
3.707356770833e-04	-0.00144236
3.707682291667e-04	0.00573839
3.708007812500e-04	0.01895859
3.708333333333e-04	0.02212647
3.708658854167e-04	0.01655124
3.708984375000e-04	0.01331651
3.709309895833e-04	0.00693896
3.709635416667e-04	-0.00510658
3.709960937500e-04	-0.00518515
3.710286458333e-04	0.00855630
3.710611979167e-04	0.01232859
3.710937500000e-04	0.00247267
3.711263020833e-04	0.00009442
3.711588541667e-04	0.00691487
3.711914062500e-04	0.00616237
3.712239583333e-04	-0.00199876
3.712565104167e-04	-0.00395639
3.712890625000e-04	0.00341781
3.713216145833e-04	0.01104856
3.713541666667e-04	0.00747944
3.713867187500e-04	-0.00731537
3.714192708333e-04	-0.01567910
3.714518229167e-04	-0.00826313
3.714843750000e-04	-0.00162562
3.715169270833e-04	-0.00330857
3.715494791667e-04	0.00504471
3.715820312500e-04	0.02195246
3.716145833333e-04	0.01736968
3.716471354167e-04	-0.00755930
3.716796875000e-04	-0.01556059
3.717122395833e-04	-0.00005901
3.717447916667e-04	0.00768753
3.717773437500e-04	-0.00094094
3.718098958333e-04	-0.00269631
3.718424479167e-04	0.01019187
3.718750000000e-04	0.01807279
3.719075520833e-04	0.00977357
3.719401041667e-04	0.00368607
3.719726562500e-04	0.01855013
3.720052083333e-04	0.03308540
3.720377604167e-04	0.01238118
3.720703125000e-04	-0.02250675
3.721028645833e-04	-0.01731916
3.721354166667e-04	0.01412758
3.721679687500e-04	0.00649273
3.722005208333e-04	-0.03120772
3.722330729167e-04	-0.02621599
3.722656250000e-04	0.01825325
3.722981770833e-04	0.02741404
3.723307291667e-04	-0.00577223
3.723632812500e-04	-0.01779149
3.723958333333e-04	0.00488823
3.724283854167e-04	0.01975699
3.724609375000e-04	0.01411013
3.724934895833e-04	0.00455981
3.725260416667e-04	-0.00752708
3.725585937500e-04	-0.01704238
3.725911458333e-04	-0.00587795
3.726236979167e-04	0.01255138
3.726562500000e-04	0.00484317
3.726888020833e-04	-0.01519935
3.727213541667e-04	-0.00672261
3.727539062500e-04	0.01557236
3.727864583333e-04	0.00466858
3.728190104167e-04	-0.02486078
3.728515625000e-04	-0.01954249
3.728841145833e-04	0.00989555
3.729166666667e-04	0.00687609
3.729492187500e-04	-0.02194266
3.729817708333e-04	-0.01738402
3.730143229167e-04	0.02246274
3.730468750000e-04	0.04103794
3.730794270833e-04	0.02166746
3.731119791667e-04	0.00063524
3.731445312500e-04	-0.00215356
3.731770833333e-04	0.00369189
3.732096354167e-04	0.01025029
3.732421875000e-04	0.00960694
3.732747395833e-04	-0.00282238
3.733072916667e-04	-0.00501979
3.733398437500e-04	0.02165995
3.733723958333e-04	0.04575107
3.734049479167e-04	0.02937994
3.734375000000e-04	-0.00586282
3.734700520833e-04	-0.01880647
3.735026041667e-04	-0.01574956
3.735351562500e-04	-0.01940914
3.735677083333e-04	-0.01776098
3.736002604167e-04	0.00345070
3.736328125000e-04	0.02195090
3.736653645833e-04	0.01504292
3.736979166667e-04	-0.00320989
3.737304687500e-04	-0.01049760
3.737630208333e-04	-0.00988393
3.737955729167e-04	-0.01308923
3.738281250000e-04	-0.01692631
3.738606770833e-04	-0.01528821
3.738932291667e-04	-0.01303642
3.739257812500e-04	-0.01233810
3.739583333333e-04	-0.00667204
3.739908854167e-04	0.00024938
3.740234375000e-04	-0.00298026
3.740559895833e-04	-0.00833280
3.740885416667e-04	-0.00041931
3.741210937500e-04	0.00714735
3.741536458333e-04	-0.00565003
3.741861979167e-04	-0.01955233
3.742187500000e-04	-0.00726765
3.742513020833e-04	0.01319022
3.742838541667e-04	0.01151750
3.743164062500e-04	-0.00052319
3.743489583333e-04	0.00379152
3.743815104167e-04	0.01971726
3.744140625000e-04	0.02617730
3.744466145833e-04	0.01657720
3.744791666667e-04	-0.00092154
3.745117187500e-04	-0.01358705
3.745442708333e-04	-0.01626236
3.745768229167e-04	-0.01676786
3.746093750000e-04	-0.01725089
3.746419270833e-04	-0.00821177
3.746744791667e-04	0.00530006
3.747070312500e-04	0.00812215
3.747395833333e-04	0.00735249
3.747721354167e-04	0.01166965
3.748046875000e-04	0.00204807
3.748372395833e-04	-0.02244955
3.748697916667e-04	-0.02343844
3.749023437500e-04	0.00300596
3.749348958333e-04	0.01225105
3.749674479167e-04	0.00046460
3.750000000000e-04	0.00589087
3.750325520833e-04	0.01953993
3.750651041667e-04	0.00674082
3.750976562500e-04	-0.01063817
3.751302083333e-04	0.00120584
3.751627604167e-04	0.01681125
3.751953125000e-04	0.00820920
3.752278645833e-04	-0.00152661
3.752604166667e-04	0.00528515
3.752929687500e-04	0.00916995
3.753255208333e-04	-0.00055749
3.753580729167e-04	-0.01212458
3.753906250000e-04	-0.01606638
3.754231770833e-04	-0.00770699
3.754557291667e-04	0.00818166
3.754882812500e-04	0.01335732
3.755208333333e-04	0.00730349
3.755533854167e-04	0.01018749
3.755859375000e-04	0.01597674
3.756184895833e-04	0.00198114
3.756510416667e-04	-0.01716057
3.756835937500e-04	-0.01451998
3.757161458333e-04	-0.00122838
3.757486979167e-04	0.00682993
3.757812500000e-04	0.01619729
3.758138020833e-04	0.01720698
3.758463541667e-04	-0.00478550
3.758789062500e-04	-0.02127343
3.759114583333e-04	-0.00597198
3.759440104167e-04	0.01023817
3.759765625000e-04	0.00153183
3.760091145833e-04	-0.00515279
3.760416666667e-04	0.00559530
3.760742187500e-04	0.00999266
3.761067708333e-04	0.00151569
3.761393229167e-04	-0.00370636
3.761718750000e-04	-0.00467244
3.762044270833e-04	-0.00294700
3.762369791667e-04	0.00613504
3.762695312500e-04	0.00787388
3.763020833333e-04	-0.00893777
3.763346354167e-04	-0.01902920
3.763671875000e-04	-0.00716007
3.763997395833e-04	0.00038250
3.764322916667e-04	-0.00854781
3.764648437500e-04	-0.01295479
3.764973958333e-04	-0.00883985
3.765299479167e-04	-0.00686873
3.765625000000e-04	0.00127189
3.765950520833e-04	0.01530955
3.766276041667e-04	0.01285458
3.766601562500e-04	-0.00242976
3.766927083333e-04	-0.00456643
3.767252604167e-04	0.00065995
3.767578125000e-04	-0.00455023
3.767903645833e-04	-0.00458290
3.768229166667e-04	0.01301089
3.768554687500e-04	0.02389524
3.768880208333e-04	0.01299361
3.769205729167e-04	-0.00037156
3.769531250000e-04	-0.00135195
3.769856770833e-04	0.00432071
3.770182291667e-04	0.00929371
3.770507812500e-04	0.00973157
3.770833333333e-04	0.00701055
3.771158854167e-04	0.00782779
3.771484375000e-04	0.00657726
3.771809895833e-04	-0.00796945
3.772135416667e-04	-0.02056356
3.772460937500e-04	-0.00876688
3.772786458333e-04	0.01253356
3.773111979167e-04	0.01674314
3.773437500000e-04	0.00959208
3.773763020833e-04	0.00391173
3.774088541667e-04	-0.00507979
3.774414062500e-04	-0.01181051
3.774739583333e-04	-0.00244779
3.775065104167e-04	0.00986190
3.775390625000e-04	0.00634061
3.775716145833e-04	0.00012249
3.776041666667e-04	0.00548999
3.776367187500e-04	0.00738741
3.776692708333e-04	-0.00256197
3.777018229167e-04	-0.00486008
3.777343750000e-04	0.00945256
3.777669270833e-04	0.02017930
3.777994791667e-04	0.01203178
3.778320312500e-04	-0.00103958
3.778645833333e-04	0.00225510
3.778971354167e-04	0.01561020
3.779296875000e-04	0.01062395
3.779622395833e-04	-0.01627002
3.779947916667e-04	-0.03113555
3.780273437500e-04	-0.01507315
3.780598958333e-04	0.00859498
3.780924479167e-04	0.01764493
3.781250000000e-04	0.01642487
3.781575520833e-04	0.00991420
3.781901041667e-04	-0.00247911
3.782226562500e-04	-0.01297044
3.782552083333e-04	-0.01719686
3.782877604167e-04	-0.01774637
3.783203125000e-04	-0.00845993
3.783528645833e-04	0.00863690
3.783854166667e-04	0.01182083
3.784179687500e-04	0.00244034
3.784505208333e-04	0.00779161
3.784830729167e-04	0.01860495
3.785156250000e-04	0.00403517
3.785481770833e-04	-0.01430190
3.785807291667e-04	-0.00324872
3.786132812500e-04	0.00394385
3.786458333333e-04	-0.02371345
3.786783854167e-04	-0.04017933
3.787109375000e-04	-0.01338922
3.787434895833e-04	0.00860684
3.787760416667e-04	-0.00270641
3.788085937500e-04	-0.00665243
3.788411458333e-04	0.01149816
3.788736979167e-04	0.01363478
3.789062500000e-04	-0.00655664
3.789388020833e-04	-0.01464291
3.789713541667e-04	-0.00358675
3.790039062500e-04	0.00460899
3.790364583333e-04	0.00317390
3.790690104167e-04	0.00125993
3.791015625000e-04	0.00328125
3.791341145833e-04	0.00559609
3.791666666667e-04	0.00357766
3.791992187500e-04	0.00278587
3.792317708333e-04	0.01188896
3.792643229167e-04	0.01724690
3.792968750000e-04	0.00075720
3.793294270833e-04	-0.01537135
3.793619791667e-04	-0.00027034
3.793945312500e-04	0.02141494
3.794270833333e-04	0.00965440
3.794596354167e-04	-0.01522781
3.794921875000e-04	-0.01231069
3.795247395833e-04	0.00566313
3.795572916667e-04	0.00453461
3.795898437500e-04	-0.01006816
3.796223958333e-04	-0.01326754
3.796549479167e-04	-0.00360217
3.796875000000e-04	0.00369281
3.797200520833e-04	0.00153159
3.797526041667e-04	-0.00291892
3.797851562500e-04	-0.00164909
3.798177083333e-04	-0.00037558
3.798502604167e-04	-0.00563355
3.798828125000e-04	-0.00691443
3.799153645833e-04	0.00025032
3.799479166667e-04	-0.00193819
3.799804687500e-04	-0.01483334
3.800130208333e-04	-0.01437677
3.800455729167e-04	-0.00407313
3.800781250000e-04	-0.00989377
3.801106770833e-04	-0.01940930
3.801432291667e-04	-0.00742546
3.801757812500e-04	0.00318243
3.802083333333e-04	-0.00980284
3.802408854167e-04	-0.01481438
3.802734375000e-04	0.00520538
3.803059895833e-04	0.01384186
3.803385416667e-04	-0.00057431
3.803710937500e-04	-0.00524866
3.804036458333e-04	0.00234318
3.804361979167e-04	-0.00138741
3.804687500000e-04	-0.00550959
3.805013020833e-04	0.00624784
3.805338541667e-04	0.01253387
3.805664062500e-04	0.00133465
3.805989583333e-04	-0.00429545
3.806315104167e-04	0.00296719
3.806640625000e-04	0.00550509
3.806966145833e-04	0.00191666
3.807291666667e-04	0.00163183
3.807617187500e-04	0.00166865
3.807942708333e-04	0.00193335
3.808268229167e-04	0.00859735
3.808593750000e-04	0.01489348
3.808919270833e-04	0.01150918
3.809244791667e-04	0.00205204
3.809570312500e-04	-0.00751365
3.809895833333e-04	-0.00803266
3.810221354167e-04	0.01125108
3.810546875000e-04	0.03093937
3.810872395833e-04	0.01620824
3.811197916667e-04	-0.01552989
3.811523437500e-04	-0.01336310
3.811848958333e-04	0.01662991
3.812174479167e-04	0.02626356
3.812500000000e-04	0.01239914
3.812825520833e-04	0.00306256
3.813151041667e-04	-0.00261950
3.813476562500e-04	-0.00999888
3.813802083333e-04	-0.00326293
3.814127604167e-04	0.01237319
3.814453125000e-04	0.01063365
3.814778645833e-04	-0.00328795
3.815104166667e-04	-0.00653926
3.815429687500e-04	-0.00415539
3.815755208333e-04	-0.00628519
3.816080729167e-04	-0.00306075
3.816406250000e-04	0.00436687
3.816731770833e-04	0.00134511
3.817057291667e-04	-0.00493973
3.817382812500e-04	-0.00057290
3.817708333333e-04	0.00345143
3.818033854167e-04	-0.00195462
3.818359375000e-04	-0.00217969
3.818684895833e-04	0.00797896
3.819010416667e-04	0.01168948
3.819335937500e-04	0.00173156
3.819661458333e-04	-0.00931161
3.819986979167e-04	-0.00689238
3.820312500000e-04	0.01136256
3.820638020833e-04	0.02600839
3.820963541667e-04	0.01325608
3.821289062500e-04	-0.01256086
3.821614583333e-04	-0.01408100
3.821940104167e-04	0.00372440
3.822265625000e-04	0.00598392
3.822591145833e-04	-0.00167982
3.822916666667e-04	0.00820201
3.823242187500e-04	0.02097732
3.823567708333e-04	0.01092720
3.823893229167e-04	-0.00562060
3.824218750000e-04	-0.00789392
3.824544270833e-04	-0.00482545
3.824869791667e-04	-0.00108456
3.825195312500e-04	0.00569341
3.825520833333e-04	-0.00106515
3.825846354167e-04	-0.02140361
3.826171875000e-04	-0.01934178
3.826497395833e-04	0.00950192
3.826822916667e-04	0.02389148
3.827148437500e-04	0.01758667
3.827473958333e-04	0.01942241
3.827799479167e-04	0.01939802
3.828125000000e-04	-0.00201973
3.828450520833e-04	-0.01344709
3.828776041667e-04	0.00365873
3.829101562500e-04	0.00856502
3.829427083333e-04	-0.01136670
3.829752604167e-04	-0.01456586
3.830078125000e-04	-0.00096009
3.830403645833e-04	-0.00857479
3.830729166667e-04	-0.02153333
3.831054687500e-04	-0.00642074
3.831380208333e-04	0.00984088
3.831705729167e-04	0.00427588
3.832031250000e-04	0.00876077
3.832356770833e-04	0.02486266
3.832682291667e-04	0.01055802
3.833007812500e-04	-0.01864368
3.833333333333e-04	-0.01248718
3.833658854167e-04	0.00789869
3.833984375000e-04	-0.00105988
3.834309895833e-04	-0.01346206
3.834635416667e-04	-0.00091829
3.834960937500e-04	0.00669843
3.835286458333e-04	-0.00061935
3.835611979167e-04	0.00770910
3.835937500000e-04	0.02178788
3.836263020833e-04	0.01043582
3.836588541667e-04	-0.00481171
3.836914062500e-04	-0.00037701
3.837239583333e-04	-0.00416227
3.837565104167e-04	-0.02278370
3.837890625000e-04	-0.01905682
3.838216145833e-04	0.00061165
3.838541666667e-04	-0.00518128
3.838867187500e-04	-0.02136195
3.839192708333e-04	-0.00894408
3.839518229167e-04	0.01205655
3.839843750000e-04	0.00854714
3.840169270833e-04	-0.00278569
3.840494791667e-04	-0.00320146
3.840820312500e-04	-0.00598593
3.841145833333e-04	-0.01427617
3.841471354167e-04	-0.01524990
3.841796875000e-04	-0.01078773
3.842122395833e-04	-0.00470403
3.842447916667e-04	0.00674839
3.842773437500e-04	0.01153952
3.843098958333e-04	-0.00071418
3.843424479167e-04	-0.00916386
3.843750000000e-04	-0.00126356
3.844075520833e-04	-0.00093539
3.844401041667e-04	-0.01477670
3.844726562500e-04	-0.01270074
3.845052083333e-04	0.01066847
3.845377604167e-04	0.02485322
3.845703125000e-04	0.01993854
3.846028645833e-04	0.01091893
3.846354166667e-04	0.00223682
3.846679687500e-04	-0.00348323
3.847005208333e-04	0.00395556
3.847330729167e-04	0.01476900
3.847656250000e-04	0.00826574
3.847981770833e-04	-0.00478341
3.848307291667e-04	-0.00028855
3.848632812500e-04	0.01135000
3.848958333333e-04	0.00634421
3.849283854167e-04	-0.00737163
3.849609375000e-04	-0.00980667
3.849934895833e-04	-0.00478338
3.850260416667e-04	-0.00328357
3.850585937500e-04	-0.00109839
3.850911458333e-04	0.00490959
3.851236979167e-04	0.00662608
3.851562500000e-04	0.00250711
3.851888020833e-04	0.00003835
3.852213541667e-04	-0.00133907
3.852539062500e-04	-0.00593305
3.852864583333e-04	-0.00799607
3.853190104167e-04	-0.00447742
3.853515625000e-04	-0.00431895
3.853841145833e-04	-0.00681614
3.854166666667e-04	-0.00119964
3.854492187500e-04	0.00122646
3.854817708333e-04	-0.01693286
3.855143229167e-04	-0.02938367
3.855468750000e-04	-0.00035469
3.855794270833e-04	0.04041560
3.856119791667e-04	0.03893433
3.856445312500e-04	0.00939451
3.856770833333e-04	-0.00125822
3.857096354167e-04	0.00279155
3.857421875000e-04	-0.00058981
3.857747395833e-04	0.00083724
3.858072916667e-04	0.00820862
3.858398437500e-04	-0.00414347
3.858723958333e-04	-0.02402392
3.859049479167e-04	-0.01552393
3.859375000000e-04	0.00424688
3.859700520833e-04	0.00061720
3.860026041667e-04	-0.00639203
3.860351562500e-04	0.00529953
3.860677083333e-04	0.00746145
3.861002604167e-04	-0.01044108
3.861328125000e-04	-0.01531555
3.861653645833e-04	-0.00611029
3.861979166667e-04	-0.01076642
3.862304687500e-04	-0.01473074
3.862630208333e-04	0.00409460
3.862955729167e-04	0.01452488
3.863281250000e-04	-0.00418941
3.863606770833e-04	-0.01341336
3.863932291667e-04	0.00490570
3.864257812500e-04	0.01314446
3.864583333333e-04	-0.00157112
3.864908854167e-04	-0.00940146
3.865234375000e-04	-0.00556564
3.865559895833e-04	-0.00855287
3.865885416667e-04	-0.01174706
3.866210937500e-04	-0.00417281
3.866536458333e-04	0.00055501
3.866861979167e-04	-0.00248155
3.867187500000e-04	0.00229008
3.867513020833e-04	0.01308599
3.867838541667e-04	0.01173661
3.868164062500e-04	-0.00152254
3.868489583333e-04	-0.01464956
3.868815104167e-04	-0.02495675
3.869140625000e-04	-0.02842374
3.869466145833e-04	-0.01873736
3.869791666667e-04	-0.00700892
3.870117187500e-04	-0.00866620
3.870442708333e-04	-0.01545818
3.870768229167e-04	-0.01173339
3.871093750000e-04	-0.00117184
3.871419270833e-04	0.00768355
3.871744791667e-04	0.01549102
3.872070312500e-04	0.01603944
3.872395833333e-04	0.00106803
3.872721354167e-04	-0.01326660
3.873046875000e-04	-0.00503915
3.873372395833e-04	0.01375273
3.873697916667e-04	0.01875637
3.874023437500e-04	0.01555865
3.874348958333e-04	0.01680417
3.874674479167e-04	0.01012631
3.875000000000e-04	-0.00879473
3.875325520833e-04	-0.01582857
3.875651041667e-04	-0.00459812
3.875976562500e-04	0.00204099
3.876302083333e-04	0.00322248
3.876627604167e-04	0.01688798
3.876953125000e-04	0.02889519
3.877278645833e-04	0.01688988
3.877604166667e-04	0.00130711
3.877929687500e-04	0.00588951
3.878255208333e-04	0.01194898
3.878580729167e-04	0.00442610
3.878906250000e-04	0.00177828
3.879231770833e-04	0.00912205
3.879557291667e-04	0.01040866
3.879882812500e-04	0.00947315
3.880208333333e-04	0.01450964
3.880533854167e-04	0.01080347
3.880859375000e-04	-0.00225698
3.881184895833e-04	-0.00330676
3.881510416667e-04	-0.00045680
3.881835937500e-04	-0.01497363
3.882161458333e-04	-0.02315147
3.882486979167e-04	0.00158397
3.882812500000e-04	0.02703553
3.883138020833e-04	0.01926869
3.883463541667e-04	0.00100728
3.883789062500e-04	-0.00177929
3.884114583333e-04	0.00043042
3.884440104167e-04	0.00029683
3.884765625000e-04	0.00340325
3.885091145833e-04	0.00293063
3.885416666667e-04	-0.00298625
3.885742187500e-04	0.00020909
3.886067708333e-04	0.01020259
3.886393229167e-04	0.00961222
3.886718750000e-04	0.00121479
3.887044270833e-04	-0.00451567
3.887369791667e-04	-0.01204880
3.887695312500e-04	-0.01867349
3.888020833333e-04	-0.01090981
3.888346354167e-04	0.00492447
3.888671875000e-04	0.00981798
3.888997395833e-04	0.00042477
3.889322916667e-04	-0.01358006
3.889648437500e-04	-0.01592760
3.889973958333e-04	0.00456530
3.890299479167e-04	0.02227420
3.890625000000e-04	0.00397380
3.890950520833e-04	-0.01830952
3.891276041667e-04	0.00367207
3.891601562500e-04	0.02945400
3.891927083333e-04	0.00190241
3.892252604167e-04	-0.03116626
3.892578125000e-04	-0.01256574
3.892903645833e-04	0.00545619
3.893229166667e-04	-0.02177268
3.893554687500e-04	-0.03459703
3.893880208333e-04	-0.00409113
3.894205729167e-04	0.00456753
3.894531250000e-04	-0.02332600
3.894856770833e-04	-0.02473447
3.895182291667e-04	0.00178230
3.895507812500e-04	0.00315932
3.895833333333e-04	-0.00969864
3.896158854167e-04	0.00090019
3.896484375000e-04	0.01172254
3.896809895833e-04	-0.00238951
3.897135416667e-04	-0.01309701
3.897460937500e-04	-0.00467274
3.897786458333e-04	0.00079677
3.898111979167e-04	-0.00011406
3.898437500000e-04	0.00451998
3.898763020833e-04	0.00532241
3.899088541667e-04	-0.00151141
3.899414062500e-04	-0.00065797
3.899739583333e-04	0.00110029
3.900065104167e-04	-0.01434841
3.900390625000e-04	-0.02712359
3.900716145833e-04	-0.01108017
3.901041666667e-04	0.01028347
3.901367187500e-04	0.00492758
3.901692708333e-04	-0.00949504
3.902018229167e-04	-0.00470244
3.902343750000e-04	0.00482899
3.902669270833e-04	-0.00395294
3.902994791667e-04	-0.01640516
3.903320312500e-04	-0.01150034
3.903645833333e-04	-0.00361687
3.903971354167e-04	-0.01142884
3.904296875000e-04	-0.01746836
3.904622395833e-04	-0.00247541
3.904947916667e-04	0.01212576
3.905273437500e-04	0.00226997
3.905598958333e-04	-0.01398781
3.905924479167e-04	-0.01432353
3.906250000000e-04	-0.01116120
3.906575520833e-04	-0.01451938
3.906901041667e-04	-0.00831388
3.907226562500e-04	0.00852327
3.907552083333e-04	0.01422254
3.907877604167e-04	0.00896752
3.908203125000e-04	0.01149829
3.908528645833e-04	0.01820834
3.908854166667e-04	0.01565193
3.909179687500e-04	0.01157574
3.909505208333e-04	0.01554947
3.909830729167e-04	0.01917074
3.910156250000e-04	0.01665185
3.910481770833e-04	0.01328044
3.910807291667e-04	0.00859686
3.911132812500e-04	-0.00226661
3.911458333333e-04	-0.01556505
3.911783854167e-04	-0.02210267
3.912109375000e-04	-0.01687933
3.912434895833e-04	-0.00544490
3.912760416667e-04	-0.00072423
3.913085937500e-04	-0.00296489
3.913411458333e-04	0.00224371
3.913736979167e-04	0.01164390
3.914062500000e-04	0.00517594
3.914388020833e-04	-0.00996032
3.914713541667e-04	-0.00840582
3.915039062500e-04	0.00222115
3.915364583333e-04	0.00009594
3.915690104167e-04	-0.00497346
3.916015625000e-04	-0.00300729
3.916341145833e-04	-0.01050856
3.916666666667e-04	-0.02091193
3.916992187500e-04	-0.00430687
3.917317708333e-04	0.02167632
3.917643229167e-04	0.01422371
3.917968750000e-04	-0.00866328
3.918294270833e-04	-0.00374386
3.918619791667e-04	0.01254986
3.918945312500e-04	0.00697493
3.919270833333e-04	-0.00240400
3.919596354167e-04	0.00626091
3.919921875000e-04	0.01437801
3.920247395833e-04	0.00962062
3.920572916667e-04	0.00554772
3.920898437500e-04	0.00424121
3.921223958333e-04	-0.00003732
3.921549479167e-04	0.00112663
3.921875000000e-04	0.00712166
3.922200520833e-04	0.00266712
3.922526041667e-04	-0.00659273
3.922851562500e-04	-0.00178802
3.923177083333e-04	0.00955235
3.923502604167e-04	0.00837920
3.923828125000e-04	-0.00034327
3.924153645833e-04	-0.00206904
3.924479166667e-04	0.00311816
3.924804687500e-04	0.00960211
3.925130208333e-04	0.01584250
3.925455729167e-04	0.01992528
3.925781250000e-04	0.01809500
3.926106770833e-04	0.00555192
3.926432291667e-04	-0.01468633
3.926757812500e-04	-0.02101799
3.927083333333e-04	0.00011139
3.927408854167e-04	0.01961338
3.927734375000e-04	0.00512123
3.928059895833e-04	-0.01898061
3.928385416667e-04	-0.01157542
3.928710937500e-04	0.01197357
3.929036458333e-04	0.01338262
3.929361979167e-04	0.00083368
3.929687500000e-04	0.00058581
3.930013020833e-04	0.00353283
3.930338541667e-04	-0.00472827
3.930664062500e-04	-0.00789980
3.930989583333e-04	0.00359248
3.931315104167e-04	0.00668033
3.931640625000e-04	-0.00994536
3.931966145833e-04	-0.02091344
3.932291666667e-04	-0.00998830
3.932617187500e-04	0.00187196
3.932942708333e-04	-0.00169034
3.933268229167e-04	-0.00378584
3.933593750000e-04	0.00746504
3.933919270833e-04	0.01308229
3.934244791667e-04	0.00137543
3.934570312500e-04	-0.01012459
3.934895833333e-04	-0.01118090
3.935221354167e-04	-0.01074437
3.935546875000e-04	-0.00488032
3.935872395833e-04	0.01226620
3.936197916667e-04	0.01547021
3.936523437500e-04	-0.01041202
3.936848958333e-04	-0.02603180
3.937174479167e-04	-0.00139240
3.937500000000e-04	0.02477797
3.937825520833e-04	0.01316968
3.938151041667e-04	-0.01238671
3.938476562500e-04	-0.02012135
3.938802083333e-04	-0.01677651
3.939127604167e-04	-0.00935783
3.939453125000e-04	0.00609680
3.939778645833e-04	0.01421030
3.940104166667e-04	0.00432594
3.940429687500e-04	-0.00017973
3.940755208333e-04	0.01161942
3.941080729167e-04	0.01269549
3.941406250000e-04	-0.00512472
3.941731770833e-04	-0.01417512
3.942057291667e-04	-0.00858161
3.942382812500e-04	-0.00970651
3.942708333333e-04	-0.01475239
3.943033854167e-04	-0.00512386
3.943359375000e-04	0.00840858
3.943684895833e-04	0.00386394
3.944010416667e-04	-0.00960250
3.944335937500e-04	-0.00860752
3.944661458333e-04	0.00490870
3.944986979167e-04	0.00904263
3.945312500000e-04	-0.00343840
3.945638020833e-04	-0.01325404
3.945963541667e-04	-0.00259681
3.946289062500e-04	0.01449136
3.946614583333e-04	0.01134924
3.946940104167e-04	-0.00653939
3.947265625000e-04	-0.01046556
3.947591145833e-04	0.00159240
3.947916666667e-04	0.00467129
3.948242187500e-04	-0.00826951
3.948567708333e-04	-0.01855334
3.948893229167e-04	-0.01175216
3.949218750000e-04	0.00808544
3.949544270833e-04	0.02156829
3.949869791667e-04	0.00838938
3.950195312500e-04	-0.02081380
3.950520833333e-04	-0.02579095
3.950846354167e-04	0.00211402
3.951171875000e-04	0.01824778
3.951497395833e-04	-0.00283065
3.951822916667e-04	-0.02555298
3.952148437500e-04	-0.01789756
3.952473958333e-04	0.00228761
3.952799479167e-04	0.01331696
3.953125000000e-04	0.01854555
3.953450520833e-04	0.01348009
3.953776041667e-04	-0.01052895
3.954101562500e-04	-0.02874317
3.954427083333e-04	-0.01467010
3.954752604167e-04	0.00658308
3.955078125000e-04	0.00101205
3.955403645833e-04	-0.01174578
3.955729166667e-04	-0.00251072
3.956054687500e-04	0.00846225
3.956380208333e-04	-0.00239879
3.956705729167e-04	-0.01307438
3.957031250000e-04	-0.00427124
3.957356770833e-04	0.00424378
3.957682291667e-04	-0.00069952
3.958007812500e-04	-0.00599642
3.958333333333e-04	-0.00815823
3.958658854167e-04	-0.00966912
3.958984375000e-04	0.00148754
3.959309895833e-04	0.01759655
3.959635416667e-04	0.00714411
3.959960937500e-04	-0.01737404
3.960286458333e-04	-0.00855263
3.960611979167e-04	0.01992602
3.960937500000e-04	0.01213174
3.961263020833e-04	-0.01881586
3.961588541667e-04	-0.01836764
3.961914062500e-04	0.00009351
3.962239583333e-04	-0.00525939
3.962565104167e-04	-0.01322441
3.962890625000e-04	0.00313133
3.963216145833e-04	0.01065899
3.963541666667e-04	-0.00737628
3.963867187500e-04	-0.01134373
3.964192708333e-04	0.00737738
3.964518229167e-04	0.01155782
3.964843750000e-04	0.00214508
3.965169270833e-04	0.00682618
3.965494791667e-04	0.01255488
3.965820312500e-04	0.00371441
3.966145833333e-04	0.00462540
3.966471354167e-04	0.01896628
3.966796875000e-04	0.01707487
3.967122395833e-04	0.00969186
3.967447916667e-04	0.02661599
3.967773437500e-04	0.03767903
3.968098958333e-04	0.00769352
3.968424479167e-04	-0.02303087
3.968750000000e-04	-0.01452158
3.969075520833e-04	-0.00017191
3.969401041667e-04	-0.00836169
3.969726562500e-04	-0.01476034
3.970052083333e-04	-0.01387657
3.970377604167e-04	-0.02678755
3.970703125000e-04	-0.03456024
3.971028645833e-04	-0.00983417
3.971354166667e-04	0.01780472
3.971679687500e-04	0.01547430
3.972005208333e-04	0.00447288
3.972330729167e-04	0.00398169
3.972656250000e-04	-0.00281009
3.972981770833e-04	-0.01571104
3.973307291667e-04	-0.01301378
3.973632812500e-04	-0.00112030
3.973958333333e-04	0.00029113
3.974283854167e-04	-0.00359283
3.974609375000e-04	-0.00503852
3.974934895833e-04	-0.00805850
3.975260416667e-04	-0.00407172
3.975585937500e-04	0.01118376
3.975911458333e-04	0.01143956
3.976236979167e-04	-0.01374330
3.976562500000e-04	-0.02867541
3.976888020833e-04	-0.01515409
3.977213541667e-04	-0.00458821
3.977539062500e-04	-0.01209834
3.977864583333e-04	-0.01096648
3.978190104167e-04	0.00484834
3.978515625000e-04	0.00528892
3.978841145833e-04	-0.01447144
3.979166666667e-04	-0.02078581
3.979492187500e-04	-0.00135407
3.979817708333e-04	0.01198646
3.980143229167e-04	-0.00326949
3.980468750000e-04	-0.02124509
3.980794270833e-04	-0.00979139
3.981119791667e-04	0.01530784
3.981445312500e-04	0.01879896
3.981770833333e-04	0.00556478
3.982096354167e-04	0.00163358
3.982421875000e-04	0.00272977
3.982747395833e-04	-0.00542077
3.983072916667e-04	-0.01184034
3.983398437500e-04	-0.00929826
3.983723958333e-04	-0.01042903
3.984049479167e-04	-0.01217370
3.984375000000e-04	-0.00212582
3.984700520833e-04	0.00609608
3.985026041667e-04	0.00170184
3.985351562500e-04	0.00102642
3.985677083333e-04	0.00154773
3.986002604167e-04	-0.01398893
3.986328125000e-04	-0.01812555
3.986653645833e-04	0.01358667
3.986979166667e-04	0.02980567
3.987304687500e-04	-0.00387636
3.987630208333e-04	-0.02382726
3.987955729167e-04	0.00588294
3.988281250000e-04	0.01917770
3.988606770833e-04	-0.00872944
3.988932291667e-04	-0.01177014
3.989257812500e-04	0.01993518
3.989583333333e-04	0.02489548
3.989908854167e-04	0.00518998
3.990234375000e-04	0.00758937
3.990559895833e-04	0.01885076
3.990885416667e-04	0.01084773
3.991210937500e-04	-0.00038386
3.991536458333e-04	-0.00984200
3.991861979167e-04	-0.02360812
3.992187500000e-04	-0.01176477
3.992513020833e-04	0.02340883
3.992838541667e-04	0.01802388
3.993164062500e-04	-0.02393118
3.993489583333e-04	-0.02339434
3.993815104167e-04	0.00889985
3.994140625000e-04	-0.00311010
3.994466145833e-04	-0.03017840
3.994791666667e-04	-0.00359941
3.995117187500e-04	0.02893320
3.995442708333e-04	0.00634476
3.995768229167e-04	-0.02053765
3.996093750000e-04	-0.00967666
3.996419270833e-04	-0.00357241
3.996744791667e-04	-0.01080723
3.997070312500e-04	0.00462410
3.997395833333e-04	0.01689320
3.997721354167e-04	-0.00851583
3.998046875000e-04	-0.02453199
3.998372395833e-04	0.00032958
3.998697916667e-04	0.01347235
3.999023437500e-04	-0.00832267
3.999348958333e-04	-0.01805104
3.999674479167e-04	-0.00212559
4.000000000000e-04	0.00801094
4.000325520833e-04	0.00914646
4.000651041667e-04	0.01127385
4.000976562500e-04	0.00546952
4.001302083333e-04	-0.00084169
4.001627604167e-04	0.00880640
4.001953125000e-04	0.01623285
4.002278645833e-04	0.00539463
4.002604166667e-04	-0.00036510
4.002929687500e-04	0.00711884
4.003255208333e-04	0.00181020
4.003580729167e-04	-0.01346207
4.003906250000e-04	-0.00855499
4.004231770833e-04	0.00974859
4.004557291667e-04	0.01113465
4.004882812500e-04	-0.00177465
4.005208333333e-04	-0.00611844
4.005533854167e-04	0.00082892
4.005859375000e-04	0.00475684
4.006184895833e-04	-0.00222941
4.006510416667e-04	-0.00913555
4.006835937500e-04	0.00044102
4.007161458333e-04	0.01503419
4.007486979167e-04	0.00672781
4.007812500000e-04	-0.01384818
4.008138020833e-04	-0.01142581
4.008463541667e-04	0.00552463
4.008789062500e-04	0.00470873
4.009114583333e-04	-0.00392914
4.009440104167e-04	0.00051462
4.009765625000e-04	0.00088906
4.010091145833e-04	-0.01065805
4.010416666667e-04	-0.00773306
4.010742187500e-04	0.00804908
4.011067708333e-04	0.00464636
4.011393229167e-04	-0.01261230
4.011718750000e-04	-0.01377565
4.012044270833e-04	-0.00118966
4.012369791667e-04	0.01041039
4.012695312500e-04	0.02103488
4.013020833333e-04	0.01997749
4.013346354167e-04	-0.00167561
4.013671875000e-04	-0.01607871
4.013997395833e-04	-0.00196714
4.014322916667e-04	0.01222662
4.014648437500e-04	0.00143495
4.014973958333e-04	-0.01477732
4.015299479167e-04	-0.01351125
4.015625000000e-04	0.00370732
4.015950520833e-04	0.02264438
4.016276041667e-04	0.02009551
4.016601562500e-04	-0.00916861
4.016927083333e-04	-0.02557353
4.017252604167e-04	-0.00503749
4.017578125000e-04	0.01005315
4.017903645833e-04	-0.00798098
4.018229166667e-04	-0.01622015
4.018554687500e-04	0.00530567
4.018880208333e-04	0.01186930
4.019205729167e-04	-0.00522648
4.019531250000e-04	-0.00180766
4.019856770833e-04	0.01724440
4.020182291667e-04	0.00800807
4.020507812500e-04	-0.01591351
4.020833333333e-04	-0.01279555
4.021158854167e-04	0.00518610
4.021484375000e-04	0.00872434
4.021809895833e-04	0.00736736
4.022135416667e-04	0.01262778
4.022460937500e-04	0.01184039
4.022786458333e-04	0.00088627
4.023111979167e-04	-0.01095762
4.023437500000e-04	-0.01900958
4.023763020833e-04	-0.01551034
4.024088541667e-04	0.00217991
4.024414062500e-04	0.01211828
4.024739583333e-04	0.00018883
4.025065104167e-04	-0.01127609
4.025390625000e-04	-0.00688369
4.025716145833e-04	-0.00415261
4.026041666667e-04	-0.00950723
4.026367187500e-04	-0.00692846
4.026692708333e-04	0.00107421
4.027018229167e-04	-0.00061328
4.027343750000e-04	-0.00453373
4.027669270833e-04	0.00203165
4.027994791667e-04	0.01284879
4.028320312500e-04	0.02150770
4.028645833333e-04	0.02588885
4.028971354167e-04	0.01439882
4.029296875000e-04	-0.00980181
4.029622395833e-04	-0.01628827
4.029947916667e-04	0.00170192
4.030273437500e-04	0.00870154
4.030598958333e-04	-0.01064553
4.030924479167e-04	-0.02692803
4.031250000000e-04	-0.02160544
4.031575520833e-04	-0.00964656
4.031901041667e-04	-0.00153732
4.032226562500e-04	0.00657591
4.032552083333e-04	0.01048170
4.032877604167e-04	0.00368813
4.033203125000e-04	-0.00586436
4.033528645833e-04	-0.00665151
4.033854166667e-04	0.00066125
4.034179687500e-04	0.00434400
4.034505208333e-04	-0.00658476
4.034830729167e-04	-0.02377757
4.035156250000e-04	-0.02077714
4.035481770833e-04	0.00633560
4.035807291667e-04	0.02195967
4.036132812500e-04	0.00492930
4.036458333333e-04	-0.01603877
4.036783854167e-04	-0.01484397
4.037109375000e-04	-0.00858701
4.037434895833e-04	-0.01161750
4.037760416667e-04	-0.00488952
4.038085937500e-04	0.01685480
4.038411458333e-04	0.02536006
4.038736979167e-04	0.01150181
4.039062500000e-04	0.00108326
4.039388020833e-04	0.00327163
4.039713541667e-04	-0.00129633
4.040039062500e-04	-0.01476144
4.040364583333e-04	-0.01733620
4.040690104167e-04	-0.00878322
4.041015625000e-04	-0.00723919
4.041341145833e-04	-0.01150356
4.041666666667e-04	-0.00636912
4.041992187500e-04	0.00354989
4.042317708333e-04	0.00299881
4.042643229167e-04	-0.00239703
4.042968750000e-04	0.00215444
4.043294270833e-04	0.01051180
4.043619791667e-04	0.00877499
4.043945312500e-04	0.00378679
4.044270833333e-04	0.00808019
4.044596354167e-04	0.01301141
4.044921875000e-04	0.00702543
4.045247395833e-04	0.00166674
4.045572916667e-04	0.00939825
4.045898437500e-04	0.01771522
4.046223958333e-04	0.01452645
4.046549479167e-04	0.01257616
4.046875000000e-04	0.02023857
4.047200520833e-04	0.01917409
4.047526041667e-04	-0.00147482
4.047851562500e-04	-0.02133231
4.048177083333e-04	-0.02236293
4.048502604167e-04	-0.01364563
4.048828125000e-04	-0.00740673
4.049153645833e-04	-0.00274280
4.049479166667e-04	0.00001995
4.049804687500e-04	-0.00128813
4.050130208333e-04	0.00016174
4.050455729167e-04	0.00677834
4.050781250000e-04	0.00721757
4.051106770833e-04	0.00059685
4.051432291667e-04	0.00286242
4.051757812500e-04	0.01200973
4.052083333333e-04	0.00463863
4.052408854167e-04	-0.01702684
4.052734375000e-04	-0.01958010
4.053059895833e-04	0.00412898
4.053385416667e-04	0.01958023
4.053710937500e-04	0.00816399
4.054036458333e-04	-0.00724650
4.054361979167e-04	-0.00815253
4.054687500000e-04	-0.00569222
4.055013020833e-04	-0.00822384
4.055338541667e-04	-0.00661947
4.055664062500e-04	-0.00020009
4.055989583333e-04	0.00027855
4.056315104167e-04	-0.00328324
4.056640625000e-04	-0.00110883
4.056966145833e-04	0.00427350
4.057291666667e-04	0.00812440
4.057617187500e-04	0.01338384
4.057942708333e-04	0.01255041
4.058268229167e-04	-0.00675691
4.058593750000e-04	-0.02791068
4.058919270833e-04	-0.02227815
4.059244791667e-04	-0.00185860
4.059570312500e-04	-0.00139069
4.059895833333e-04	-0.01600179
4.060221354167e-04	-0.01484255
4.060546875000e-04	-0.00001211
4.060872395833e-04	0.00448326
4.061197916667e-04	-0.00189540
4.061523437500e-04	-0.00861787
4.061848958333e-04	-0.01872593
4.062174479167e-04	-0.02763716
4.062500000000e-04	-0.01865788
4.062825520833e-04	-0.00022878
4.063151041667e-04	-0.00106117
4.063476562500e-04	-0.01809984
4.063802083333e-04	-0.01839046
4.064127604167e-04	0.00202369
4.064453125000e-04	0.00969129
4.064778645833e-04	-0.00720326
4.065104166667e-04	-0.01577237
4.065429687500e-04	0.00534649
4.065755208333e-04	0.02333371
4.066080729167e-04	0.00201045
4.066406250000e-04	-0.03175556
4.066731770833e-04	-0.02731083
4.067057291667e-04	0.00360194
4.067382812500e-04	0.00921003
4.067708333333e-04	-0.01117532
4.068033854167e-04	-0.01712445
4.068359375000e-04	-0.00657878
4.068684895833e-04	-0.00458150
4.069010416667e-04	-0.00449944
4.069335937500e-04	0.00486522
4.069661458333e-04	0.00133942
4.069986979167e-04	-0.01920965
4.070312500000e-04	-0.01964590
4.070638020833e-04	0.00421240
4.070963541667e-04	0.00837247
4.071289062500e-04	-0.01212897
4.071614583333e-04	-0.01380510
4.071940104167e-04	0.00625509
4.072265625000e-04	0.00776018
4.072591145833e-04	-0.00967573
4.072916666667e-04	-0.01060968
4.073242187500e-04	0.00427484
4.073567708333e-04	0.00727247
4.073893229167e-04	0.00051744
4.074218750000e-04	0.00302667
4.074544270833e-04	0.01007861
4.074869791667e-04	0.00893819
4.075195312500e-04	0.00488523
4.075520833333e-04	0.00492518
4.075846354167e-04	0.00450523
4.076171875000e-04	0.00258102
4.076497395833e-04	0.00360118
4.076822916667e-04	0.00389672
4.077148437500e-04	-0.00118726
4.077473958333e-04	-0.00519697
4.077799479167e-04	-0.00408142
4.078125000000e-04	-0.00530764
4.078450520833e-04	-0.00983704
4.078776041667e-04	-0.00865157
4.079101562500e-04	-0.00477394
4.079427083333e-04	-0.00826447
4.079752604167e-04	-0.01025410
4.080078125000e-04	0.00091747
4.080403645833e-04	0.00979439
4.080729166667e-04	0.00265665
4.081054687500e-04	0.00086296
4.081380208333e-04	0.01966231
4.081705729167e-04	0.03233853
4.082031250000e-04	0.01945839
4.082356770833e-04	0.00474987
4.082682291667e-04	0.00753699
4.083007812500e-04	0.01499366
4.083333333333e-04	0.01761548
4.083658854167e-04	0.01570921
4.083984375000e-04	0.00105655
4.084309895833e-04	-0.01634800
4.084635416667e-04	-0.00487180
4.084960937500e-04	0.02450337
4.085286458333e-04	0.02151721
4.085611979167e-04	-0.01139648
4.085937500000e-04	-0.02335172
4.086263020833e-04	-0.01271200
4.086588541667e-04	-0.01606140
4.086914062500e-04	-0.02381813
4.087239583333e-04	-0.00968614
4.087565104167e-04	0.00456226
4.087890625000e-04	-0.00118286
4.088216145833e-04	-0.00291281
4.088541666667e-04	0.00525045
4.088867187500e-04	-0.00256181
4.089192708333e-04	-0.01518307
4.089518229167e-04	-0.00235692
4.089843750000e-04	0.01304879
4.090169270833e-04	-0.00263307
4.090494791667e-04	-0.02470681
4.090820312500e-04	-0.02363228
4.091145833333e-04	-0.01837889
4.091471354167e-04	-0.02068768
4.091796875000e-04	-0.00912763
4.092122395833e-04	0.01323042
4.092447916667e-04	0.01818342
4.092773437500e-04	0.00892219
4.093098958333e-04	0.00632085
4.093424479167e-04	0.00508773
4.093750000000e-04	-0.00303282
4.094075520833e-04	-0.00417602
4.094401041667e-04	0.00679936
4.094726562500e-04	0.01406206
4.095052083333e-04	0.00966788
4.095377604167e-04	0.00038799
4.095703125000e-04	-0.00537609
4.096028645833e-04	-0.00081368
4.096354166667e-04	0.00909204
4.096679687500e-04	0.00717551
4.097005208333e-04	-0.00453563
4.097330729167e-04	-0.00455779
4.097656250000e-04	0.00286285
4.097981770833e-04	-0.00470803
4.098307291667e-04	-0.01571150
4.098632812500e-04	-0.00636664
4.098958333333e-04	0.00523811
4.099283854167e-04	-0.00431601
4.099609375000e-04	-0.01424414
4.099934895833e-04	-0.00673111
4.100260416667e-04	-0.00306460
4.100585937500e-04	-0.01051866
4.100911458333e-04	-0.00732680
4.101236979167e-04	0.00232956
4.101562500000e-04	-0.00236129
4.101888020833e-04	-0.00711286
4.102213541667e-04	0.00413349
4.102539062500e-04	0.00646306
4.102864583333e-04	-0.01026640
4.103190104167e-04	-0.00986091
4.103515625000e-04	0.01666368
4.103841145833e-04	0.02752521
4.104166666667e-04	0.00918187
4.104492187500e-04	-0.00586901
4.104817708333e-04	-0.00602081
4.105143229167e-04	-0.00671976
4.105468750000e-04	-0.00563906
4.105794270833e-04	0.00413409
4.106119791667e-04	0.00846413
4.106445312500e-04	0.00214934
4.106770833333e-04	0.00036186
4.107096354167e-04	0.00154785
4.107421875000e-04	-0.00990700
4.107747395833e-04	-0.02446316
4.108072916667e-04	-0.02089081
4.108398437500e-04	-0.00539605
4.108723958333e-04	0.00336569
4.109049479167e-04	0.00630698
4.109375000000e-04	0.01155790
4.109700520833e-04	0.01351704
4.110026041667e-04	0.00408235
4.110351562500e-04	-0.01016520
4.110677083333e-04	-0.01279943
4.111002604167e-04	0.00170515
4.111328125000e-04	0.01620418
4.111653645833e-04	0.01219770
4.111979166667e-04	-0.00129163
4.112304687500e-04	-0.00493904
4.112630208333e-04	-0.00429424
4.112955729167e-04	-0.01239822
4.113281250000e-04	-0.01722414
4.113606770833e-04	-0.00662944
4.113932291667e-04	0.00280320
4.114257812500e-04	-0.00223799
4.114583333333e-04	-0.00798640
4.114908854167e-04	-0.00628403
4.115234375000e-04	-0.00733703
4.115559895833e-04	-0.00917140
4.115885416667e-04	0.00052295
4.116210937500e-04	0.01441639
4.116536458333e-04	0.01614359
4.116861979167e-04	0.00805737
4.117187500000e-04	0.00268987
4.117513020833e-04	0.00461626
4.117838541667e-04	0.01005012
4.118164062500e-04	0.00944216
4.118489583333e-04	-0.00100842
4.118815104167e-04	-0.00711048
4.119140625000e-04	-0.00028413
4.119466145833e-04	0.00198103
4.119791666667e-04	-0.00651700
4.120117187500e-04	-0.00180999
4.120442708333e-04	0.01583270
4.120768229167e-04	0.01230119
4.121093750000e-04	-0.00687832
4.121419270833e-04	0.00072961
4.121744791667e-04	0.02449939
4.122070312500e-04	0.01526999
4.122395833333e-04	-0.01459554
4.122721354167e-04	-0.01226026
4.123046875000e-04	0.01688815
4.123372395833e-04	0.02826162
4.123697916667e-04	0.01719656
4.124023437500e-04	0.00574865
4.124348958333e-04	0.00070175
4.124674479167e-04	0.00494741
4.125000000000e-04	0.01608889
4.125325520833e-04	0.01225093
4.125651041667e-04	-0.00901111
4.125976562500e-04	-0.01394698
4.126302083333e-04	0.00369995
4.126627604167e-04	0.00825818
4.126953125000e-04	-0.00439013
4.127278645833e-04	-0.00264458
4.127604166667e-04	0.00955284
4.127929687500e-04	0.00504847
4.128255208333e-04	-0.00456299
4.128580729167e-04	0.00262106
4.128906250000e-04	0.01121759
4.129231770833e-04	0.00668717
4.129557291667e-04	0.00312675
4.129882812500e-04	0.00315538
4.130208333333e-04	-0.00608737
4.130533854167e-04	-0.01595726
4.130859375000e-04	-0.01341801
4.131184895833e-04	-0.00941813
4.131510416667e-04	-0.00945883
4.131835937500e-04	-0.00341386
4.132161458333e-04	-0.00068090
4.132486979167e-04	-0.01433755
4.132812500000e-04	-0.02214527
4.133138020833e-04	-0.00695512
4.133463541667e-04	0.00393391
4.133789062500e-04	-0.00442204
4.134114583333e-04	-0.00274315
4.134440104167e-04	0.01653140
4.134765625000e-04	0.02072049
4.135091145833e-04	0.00559019
4.135416666667e-04	0.00076603
4.135742187500e-04	0.00844212
4.136067708333e-04	0.00917203
4.136393229167e-04	0.00389307
4.136718750000e-04	-0.00213786
4.137044270833e-04	-0.01210929
4.137369791667e-04	-0.01091026
4.137695312500e-04	0.01223311
4.138020833333e-04	0.02304646
4.138346354167e-04	-0.00226067
4.138671875000e-04	-0.02035168
4.138997395833e-04	0.00146746
4.139322916667e-04	0.01669558
4.139648437500e-04	-0.01187148
4.139973958333e-04	-0.03787480
4.140299479167e-04	-0.01980529
4.140625000000e-04	0.00500689
4.140950520833e-04	-0.00228990
4.141276041667e-04	-0.01669062
4.141601562500e-04	-0.00891959
4.141927083333e-04	0.00634249
4.142252604167e-04	0.01239422
4.142578125000e-04	0.01639270
4.142903645833e-04	0.01894589
4.143229166667e-04	0.00912686
4.143554687500e-04	-0.00815743
4.143880208333e-04	-0.01724079
4.144205729167e-04	-0.01594439
4.144531250000e-04	-0.00988770
4.144856770833e-04	0.00014476
4.145182291667e-04	0.00841368
4.145507812500e-04	0.00500335
4.145833333333e-04	-0.00278995
4.146158854167e-04	0.00258557
4.146484375000e-04	0.01498968
4.146809895833e-04	0.01119203
4.147135416667e-04	-0.00538781
4.147460937500e-04	-0.00723368
4.147786458333e-04	0.00795484
4.148111979167e-04	0.01398792
4.148437500000e-04	0.00440977
4.148763020833e-04	-0.00103817
4.149088541667e-04	0.00213240
4.149414062500e-04	-0.00026996
4.149739583333e-04	-0.00689385
4.150065104167e-04	-0.00433155
4.150390625000e-04	0.00254342
4.150716145833e-04	-0.00177139
4.151041666667e-04	-0.01528946
4.151367187500e-04	-0.02254164
4.151692708333e-04	-0.01606203
4.152018229167e-04	-0.00170167
4.152343750000e-04	0.00829320
4.152669270833e-04	0.00710961
4.152994791667e-04	0.00206573
4.153320312500e-04	0.00196345
4.153645833333e-04	0.00201942
4.153971354167e-04	-0.00142584
4.154296875000e-04	0.00007490
4.154622395833e-04	0.00358016
4.154947916667e-04	-0.00623948
4.155273437500e-04	-0.01773724
4.155598958333e-04	-0.00221357
4.155924479167e-04	0.02533955
4.156250000000e-04	0.02094038
4.156575520833e-04	-0.00802388
4.156901041667e-04	-0.01301100
4.157226562500e-04	0.00775713
4.157552083333e-04	0.01241231
4.157877604167e-04	-0.00294894
4.158203125000e-04	-0.00564342
4.158528645833e-04	0.00480003
4.158854166667e-04	0.00231605
4.159179687500e-04	-0.00866113
4.159505208333e-04	-0.00461478
4.159830729167e-04	0.00829477
4.160156250000e-04	0.00894938
4.160481770833e-04	0.00323253
4.160807291667e-04	0.00685260
4.161132812500e-04	0.00898402
4.161458333333e-04	-0.00463624
4.161783854167e-04	-0.01453584
4.162109375000e-04	0.00167000
4.162434895833e-04	0.02147004
4.162760416667e-04	0.01032467
4.163085937500e-04	-0.01595572
4.163411458333e-04	-0.01696465
4.163736979167e-04	0.00225751
4.164062500000e-04	0.00683475
4.164388020833e-04	-0.00182861
4.164713541667e-04	0.00205636
4.165039062500e-04	0.01198530
4.165364583333e-04	0.00474433
4.165690104167e-04	-0.01068889
4.166015625000e-04	-0.01228447
4.166341145833e-04	-0.00558356
4.166666666667e-04	-0.00329418
4.166992187500e-04	0.00302777
4.167317708333e-04	0.01749580
4.167643229167e-04	0.02055417
4.167968750000e-04	0.00232393
4.168294270833e-04	-0.01501991
4.168619791667e-04	-0.00946275
4.168945312500e-04	0.00890434
4.169270833333e-04	0.01432673
4.169596354167e-04	0.00007518
4.169921875000e-04	-0.01644724
4.170247395833e-04	-0.01903383
4.170572916667e-04	-0.01179469
4.170898437500e-04	-0.00853689
4.171223958333e-04	-0.01210907
4.171549479167e-04	-0.01489756
4.171875000000e-04	-0.01453260
4.172200520833e-04	-0.01614818
4.172526041667e-04	-0.01940563
4.172851562500e-04	-0.01542484
4.173177083333e-04	-0.00207584
4.173502604167e-04	0.00767833
4.173828125000e-04	0.00437576
4.174153645833e-04	-0.00005078
4.174479166667e-04	0.00834958
4.174804687500e-04	0.01855779
4.175130208333e-04	0.01337439
4.175455729167e-04	0.00267981
4.175781250000e-04	0.00576922
4.176106770833e-04	0.01594716
4.176432291667e-04	0.01640598
4.176757812500e-04	0.01197164
4.177083333333e-04	0.01385852
4.177408854167e-04	0.01529789
4.177734375000e-04	0.00748495
4.178059895833e-04	-0.00227696
4.178385416667e-04	-0.00387317
4.178710937500e-04	0.00185166
4.179036458333e-04	0.00686673
4.179361979167e-04	0.00378003
4.179687500000e-04	-0.00540861
4.180013020833e-04	-0.01022076
4.180338541667e-04	-0.00969171
4.180664062500e-04	-0.01277203
4.180989583333e-04	-0.01476265
4.181315104167e-04	-0.00523633
4.181640625000e-04	0.00270774
4.181966145833e-04	-0.00604374
4.182291666667e-04	-0.01463767
4.182617187500e-04	-0.00824971
4.182942708333e-04	-0.00508469
4.183268229167e-04	-0.01131339
4.183593750000e-04	-0.00428382
4.183919270833e-04	0.00935776
4.184244791667e-04	-0.00241362
4.184570312500e-04	-0.02421028
4.184895833333e-04	-0.01529026
4.185221354167e-04	0.00901056
4.185546875000e-04	0.01024606
4.185872395833e-04	0.00118538
4.186197916667e-04	0.00424629
4.186523437500e-04	-0.00022747
4.186848958333e-04	-0.02053146
4.187174479167e-04	-0.02810867
4.187500000000e-04	-0.01942838
4.187825520833e-04	-0.01779027
4.188151041667e-04	-0.01546503
4.188476562500e-04	0.00259737
4.188802083333e-04	0.01260206
4.189127604167e-04	-0.00028742
4.189453125000e-04	-0.00836099
4.189778645833e-04	-0.00093291
4.190104166667e-04	-0.00089710
4.190429687500e-04	-0.00703626
4.190755208333e-04	-0.00057030
4.191080729167e-04	0.00743970
4.191406250000e-04	0.00631072
4.191731770833e-04	0.01613921
4.192057291667e-04	0.03563901
4.192382812500e-04	0.03047273
4.192708333333e-04	0.00319578
4.193033854167e-04	-0.00694556
4.193359375000e-04	0.00216368
4.193684895833e-04	0.00269381
4.194010416667e-04	-0.00247297
4.194335937500e-04	0.00350570
4.194661458333e-04	0.01065296
4.194986979167e-04	0.00821506
4.195312500000e-04	0.00606686
4.195638020833e-04	0.00504058
4.195963541667e-04	-0.00546818
4.196289062500e-04	-0.01638813
4.196614583333e-04	-0.01013686
4.196940104167e-04	0.00665977
4.197265625000e-04	0.01518698
4.197591145833e-04	0.01335115
4.197916666667e-04	0.01121508
4.198242187500e-04	0.01106824
4.198567708333e-04	0.00546770
4.198893229167e-04	-0.00592895
4.199218750000e-04	-0.00731515
4.199544270833e-04	0.00820905
4.199869791667e-04	0.01600506
4.200195312500e-04	-0.00193456
4.200520833333e-04	-0.01673895
4.200846354167e-04	-0.00145550
4.201171875000e-04	0.01565140
4.201497395833e-04	0.00641699
4.201822916667e-04	-0.00227968
4.202148437500e-04	0.01075074
4.202473958333e-04	0.01572899
4.202799479167e-04	-0.00079441
4.203125000000e-04	-0.00540675
4.203450520833e-04	0.01053432
4.203776041667e-04	0.01530609
4.204101562500e-04	0.00528970
4.204427083333e-04	0.00554776
4.204752604167e-04	0.01196858
4.205078125000e-04	0.00495944
4.205403645833e-04	-0.00653363
4.205729166667e-04	-0.00673290
4.206054687500e-04	-0.00072067
4.206380208333e-04	0.00495152
4.206705729167e-04	0.00790117
4.207031250000e-04	-0.00071744
4.207356770833e-04	-0.01476378
4.207682291667e-04	-0.01014974
4.208007812500e-04	0.00868501
4.208333333333e-04	0.00901343
4.208658854167e-04	-0.00788700
4.208984375000e-04	-0.00658670
4.209309895833e-04	0.01624884
4.209635416667e-04	0.02835337
4.209960937500e-04	0.01878014
4.210286458333e-04	0.00480341
4.210611979167e-04	-0.00354096
4.210937500000e-04	-0.00679911
4.211263020833e-04	-0.00334749
4.211588541667e-04	0.00434158
4.211914062500e-04	0.00959902
4.212239583333e-04	0.01195088
4.212565104167e-04	0.01065595
4.212890625000e-04	-0.00096911
4.213216145833e-04	-0.01885818
4.213541666667e-04	-0.02467466
4.213867187500e-04	-0.01220426
4.214192708333e-04	0.00332881
4.214518229167e-04	0.01099478
4.214843750000e-04	0.01724026
4.215169270833e-04	0.02510225
4.215494791667e-04	0.02230324
4.215820312500e-04	0.00339401
4.216145833333e-04	-0.01392705
4.216471354167e-04	-0.01298251
4.216796875000e-04	-0.00482505
4.217122395833e-04	-0.00832775
4.217447916667e-04	-0.01638692
4.217773437500e-04	-0.00915068
4.218098958333e-04	0.01053496
4.218424479167e-04	0.02290404
4.218750000000e-04	0.02135468
4.219075520833e-04	0.01312422
4.219401041667e-04	0.00318617
4.219726562500e-04	-0.00501121
4.220052083333e-04	-0.00685816
4.220377604167e-04	-0.00366489
4.220703125000e-04	0.00010441
4.221028645833e-04	0.00437056
4.221354166667e-04	0.00708197
4.221679687500e-04	0.00180914
4.222005208333e-04	-0.00971695
4.222330729167e-04	-0.01768832
4.222656250000e-04	-0.01826520
4.222981770833e-04	-0.01248898
4.223307291667e-04	-0.00009936
4.223632812500e-04	0.01199438
4.223958333333e-04	0.01242348
4.224283854167e-04	0.00434052
4.224609375000e-04	-0.00087174
4.224934895833e-04	-0.00443473
4.225260416667e-04	-0.00745227
4.225585937500e-04	0.00283587
4.225911458333e-04	0.02271747
4.226236979167e-04	0.02226200
4.226562500000e-04	-0.00206140
4.226888020833e-04	-0.01243960
4.227213541667e-04	0.00398272
4.227539062500e-04	0.01284144
4.227864583333e-04	-0.00046898
4.228190104167e-04	-0.00816569
4.228515625000e-04	0.00031554
4.228841145833e-04	0.00424241
4.229166666667e-04	0.00139073
4.229492187500e-04	0.00735586
4.229817708333e-04	0.01423201
4.230143229167e-04	0.00717003
4.230468750000e-04	-0.00034468
4.230794270833e-04	0.00579409
4.231119791667e-04	0.01121245
4.231445312500e-04	0.00501873
4.231770833333e-04	0.00037029
4.232096354167e-04	0.00419403
4.232421875000e-04	0.00644637
4.232747395833e-04	0.00292764
4.233072916667e-04	-0.00379379
4.233398437500e-04	-0.01382517
4.233723958333e-04	-0.01976533
4.234049479167e-04	-0.01146902
4.234375000000e-04	0.00318103
4.234700520833e-04	0.01030847
4.235026041667e-04	0.01135431
4.235351562500e-04	0.00930551
4.235677083333e-04	0.00181759
4.236002604167e-04	-0.00195088
4.236328125000e-04	0.00339518
4.236653645833e-04	-0.00006724
4.236979166667e-04	-0.01538645
4.237304687500e-04	-0.01458500
4.237630208333e-04	0.00095480
4.237955729167e-04	-0.00527482
4.238281250000e-04	-0.02546010
4.238606770833e-04	-0.01693223
4.238932291667e-04	0.00672504
4.239257812500e-04	0.00278882
4.239583333333e-04	-0.00953017
4.239908854167e-04	0.00472452
4.240234375000e-04	0.01741778
4.240559895833e-04	0.00232841
4.240885416667e-04	-0.00656925
4.241210937500e-04	0.00678631
4.241536458333e-04	0.00831158
4.241861979167e-04	-0.00514775
4.242187500000e-04	-0.00305332
4.242513020833e-04	0.00515276
4.242838541667e-04	-0.00415177
4.243164062500e-04	-0.01096258
4.243489583333e-04	0.00054590
4.243815104167e-04	0.00599008
4.244140625000e-04	-0.00092801
4.244466145833e-04	0.00226919
4.244791666667e-04	0.01110567
4.245117187500e-04	0.00844406
4.245442708333e-04	0.00501002
4.245768229167e-04	0.00465080
4.246093750000e-04	-0.00905704
4.246419270833e-04	-0.02140326
4.246744791667e-04	-0.00527683
4.247070312500e-04	0.01357874
4.247395833333e-04	0.00000011
4.247721354167e-04	-0.01995166
4.248046875000e-04	-0.01313804
4.248372395833e-04	-0.00069473
4.248697916667e-04	-0.00415405
4.249023437500e-04	-0.00608395
4.249348958333e-04	0.00190079
4.249674479167e-04	0.00524056
4.250000000000e-04	0.00404856
4.250325520833e-04	0.00563772
4.250651041667e-04	0.00207602
4.250976562500e-04	-0.00697530
4.251302083333e-04	-0.00685412
4.251627604167e-04	0.00293080
4.251953125000e-04	0.01135152
4.252278645833e-04	0.01745473
4.252604166667e-04	0.01931530
4.252929687500e-04	0.00973883
4.253255208333e-04	-0.00286039
4.253580729167e-04	-0.00500822
4.253906250000e-04	-0.00377787
4.254231770833e-04	-0.00834035
4.254557291667e-04	-0.00999410
4.254882812500e-04	-0.00468189
4.255208333333e-04	-0.00099239
4.255533854167e-04	0.00213534
4.255859375000e-04	0.00843747
4.256184895833e-04	0.00573777
4.256510416667e-04	-0.01094080
4.256835937500e-04	-0.02183862
4.257161458333e-04	-0.01479012
4.257486979167e-04	-0.00444781
4.257812500000e-04	-0.00277688
4.258138020833e-04	-0.00126413
4.258463541667e-04	0.00740527
4.258789062500e-04	0.01420157
4.259114583333e-04	0.01058379
4.259440104167e-04	0.00784671
4.259765625000e-04	0.02169989
4.260091145833e-04	0.03738245
4.260416666667e-04	0.02262378
4.260742187500e-04	-0.01333072
4.261067708333e-04	-0.02317584
4.261393229167e-04	-0.00028632
4.261718750000e-04	0.01191562
4.262044270833e-04	0.00264178
4.262369791667e-04	0.00593988
4.262695312500e-04	0.02389452
4.263020833333e-04	0.02275619
4.263346354167e-04	0.00276917
4.263671875000e-04	-0.00583328
4.263997395833e-04	-0.00037310
4.264322916667e-04	0.00291246
4.264648437500e-04	0.00604053
4.264973958333e-04	0.01374783
4.265299479167e-04	0.01511160
4.265625000000e-04	0.00566638
4.265950520833e-04	-0.00251290
4.266276041667e-04	-0.00026060
4.266601562500e-04	0.00828230
4.266927083333e-04	0.01062626
4.267252604167e-04	-0.00074568
4.267578125000e-04	-0.01230230
4.267903645833e-04	-0.00471567
4.268229166667e-04	0.01121005
4.268554687500e-04	0.00942473
4.268880208333e-04	-0.00475589
4.269205729167e-04	-0.00908991
4.269531250000e-04	-0.00775697
4.269856770833e-04	-0.01148598
4.270182291667e-04	-0.00727679
4.270507812500e-04	0.00770385
4.270833333333e-04	0.00786914
4.271158854167e-04	-0.01105267
4.271484375000e-04	-0.01807764
4.271809895833e-04	-0.00319557
4.272135416667e-04	0.00918968
4.272460937500e-04	0.00946555
4.272786458333e-04	0.01026442
4.273111979167e-04	0.00904667
4.273437500000e-04	-0.00571175
4.273763020833e-04	-0.01999719
4.274088541667e-04	-0.01090962
4.274414062500e-04	0.01123491
4.274739583333e-04	0.01693992
4.275065104167e-04	0.00615892
4.275390625000e-04	0.00312519
4.275716145833e-04	0.00674796
4.276041666667e-04	-0.00647732
4.276367187500e-04	-0.02789942
4.276692708333e-04	-0.02257088
4.277018229167e-04	0.00317316
4.277343750000e-04	0.00704846
4.277669270833e-04	-0.01058396
4.277994791667e-04	-0.01096811
4.278320312500e-04	0.00135147
4.278645833333e-04	-0.01087153
4.278971354167e-04	-0.03431008
4.279296875000e-04	-0.02572691
4.279622395833e-04	0.00156328
4.279947916667e-04	0.00259313
4.280273437500e-04	-0.01534783
4.280598958333e-04	-0.01575433
4.280924479167e-04	-0.00299921
4.281250000000e-04	0.02200426
4.281575520833e-04	0.00714729
4.281901041667e-04	-0.00471397
4.282226562500e-04	-0.01199967
4.282552083333e-04	-0.00632013
4.282877604167e-04	0.00584351
4.283203125000e-04	0.01177921
4.283528645833e-04	0.01433217
4.283854166667e-04	0.01486575
4.284179687500e-04	0.00731401
4.284505208333e-04	-0.00079344
4.284830729167e-04	-0.00094769
4.285156250000e-04	-0.00077347
4.285481770833e-04	0.00123171
4.285807291667e-04	0.01449771
4.286132812500e-04	0.02018093
4.286458333333e-04	-0.00153509
4.286783854167e-04	-0.02263699
4.287109375000e-04	-0.01272584
4.287434895833e-04	0.00529111
4.287760416667e-04	0.00299286
4.288085937500e-04	-0.00580666
4.288411458333e-04	-0.00504366
4.288736979167e-04	-0.00370300
4.289062500000e-04	-0.00574740
4.289388020833e-04	-0.00401987
4.289713541667e-04	-0.00001815
4.290039062500e-04	0.00187356
4.290364583333e-04	0.00133548
4.290690104167e-04	-0.00353189
4.291015625000e-04	-0.00729792
4.291341145833e-04	-0.00019305
4.291666666667e-04	0.00762275
4.291992187500e-04	0.00135473
4.292317708333e-04	-0.00417172
4.292643229167e-04	0.00778979
4.292968750000e-04	0.01895187
4.293294270833e-04	0.01189590
4.293619791667e-04	0.00189118
4.293945312500e-04	0.00030273
4.294270833333e-04	-0.00345671
4.294596354167e-04	-0.00911029
4.294921875000e-04	-0.00454861
4.295247395833e-04	0.00564394
4.295572916667e-04	0.00868574
4.295898437500e-04	0.00346383
4.296223958333e-04	-0.00675594
4.296549479167e-04	-0.01704001
4.296875000000e-04	-0.01721461
4.297200520833e-04	-0.00734253
4.297526041667e-04	-0.00011616
4.297851562500e-04	0.00194381
4.298177083333e-04	0.00523999
4.298502604167e-04	0.00638549
4.298828125000e-04	0.00184202
4.299153645833e-04	-0.00132246
4.299479166667e-04	-0.00113802
4.299804687500e-04	-0.00213895
4.300130208333e-04	-0.00088337
4.300455729167e-04	0.00476491
4.300781250000e-04	0.00785220
4.301106770833e-04	0.00877251
4.301432291667e-04	0.01172422
4.301757812500e-04	0.00887995
4.302083333333e-04	0.00056770
4.302408854167e-04	0.00417766
4.302734375000e-04	0.01518065
4.303059895833e-04	0.00867561
4.303385416667e-04	-0.00554134
4.303710937500e-04	0.00342679
4.304036458333e-04	0.02134019
4.304361979167e-04	0.01208351
4.304687500000e-04	-0.01105157
4.305013020833e-04	-0.01056107
4.305338541667e-04	0.00839560
4.305664062500e-04	0.01675871
4.305989583333e-04	0.01256449
4.306315104167e-04	0.01071355
4.306640625000e-04	0.01322788
4.306966145833e-04	0.01306850
4.307291666667e-04	0.00610361
4.307617187500e-04	-0.00666492
4.307942708333e-04	-0.01737482
4.308268229167e-04	-0.01601495
4.308593750000e-04	-0.00268844
4.308919270833e-04	0.00805248
4.309244791667e-04	0.00037764
4.309570312500e-04	-0.01962037
4.309895833333e-04	-0.02518492
4.310221354167e-04	-0.00985453
4.310546875000e-04	-0.00096301
4.310872395833e-04	-0.00716035
4.311197916667e-04	-0.00140230
4.311523437500e-04	0.01460593
4.311848958333e-04	0.00290507
4.312174479167e-04	-0.02790168
4.312500000000e-04	-0.02636943
4.312825520833e-04	0.00226469
4.313151041667e-04	0.00590358
4.313476562500e-04	-0.01320172
4.313802083333e-04	-0.01429390
4.314127604167e-04	-0.00370181
4.314453125000e-04	-0.00756366
4.314778645833e-04	-0.01040238
4.315104166667e-04	0.00354058
4.315429687500e-04	0.01197626
4.315755208333e-04	0.00416406
4.316080729167e-04	0.00066595
4.316406250000e-04	0.00712635
4.316731770833e-04	0.01055904
4.317057291667e-04	0.01285571
4.317382812500e-04	0.01927473
4.317708333333e-04	0.01756019
4.318033854167e-04	-0.00040941
4.318359375000e-04	-0.02174312
4.318684895833e-04	-0.02908990
4.319010416667e-04	-0.01806180
4.319335937500e-04	-0.00170608
4.319661458333e-04	0.00274884
4.319986979167e-04	-0.00006611
4.320312500000e-04	0.00704144
4.320638020833e-04	0.01545668
4.320963541667e-04	0.00588832
4.321289062500e-04	-0.00670706
4.321614583333e-04	-0.00102062
4.321940104167e-04	0.00428156
4.322265625000e-04	-0.00859953
4.322591145833e-04	-0.01806364
4.322916666667e-04	-0.01528819
4.323242187500e-04	-0.02461443
4.323567708333e-04	-0.03953681
4.323893229167e-04	-0.02478432
4.324218750000e-04	0.00707310
4.324544270833e-04	0.01279852
4.324869791667e-04	-0.00143685
4.325195312500e-04	-0.00345877
4.325520833333e-04	-0.00160981
4.325846354167e-04	-0.01374322
4.326171875000e-04	-0.02141357
4.326497395833e-04	-0.00947077
4.326822916667e-04	0.00479090
4.327148437500e-04	0.00970237
4.327473958333e-04	0.01183488
4.327799479167e-04	0.00983087
4.328125000000e-04	0.00301374
4.328450520833e-04	0.00480519
4.328776041667e-04	0.01306505
4.329101562500e-04	0.00552092
4.329427083333e-04	-0.01459754
4.329752604167e-04	-0.01708507
4.330078125000e-04	0.00138957
4.330403645833e-04	0.01134025
4.330729166667e-04	0.00064790
4.331054687500e-04	-0.01100081
4.331380208333e-04	-0.00707403
4.331705729167e-04	0.00426928
4.332031250000e-04	0.00488669
4.332356770833e-04	-0.00679469
4.332682291667e-04	-0.01100261
4.333007812500e-04	0.00236916
4.333333333333e-04	0.01318470
4.333658854167e-04	0.00598983
4.333984375000e-04	-0.00037509
4.334309895833e-04	0.00794440
4.334635416667e-04	0.00924641
4.334960937500e-04	-0.00771972
4.335286458333e-04	-0.01676648
4.335611979167e-04	-0.00662855
4.335937500000e-04	-0.00258761
4.336263020833e-04	-0.01328097
4.336588541667e-04	-0.01706770
4.336914062500e-04	-0.00870279
4.337239583333e-04	-0.00217467
4.337565104167e-04	0.00231880
4.337890625000e-04	0.00794729
4.338216145833e-04	0.00602970
4.338541666667e-04	0.00017410
4.338867187500e-04	0.00486651
4.339192708333e-04	0.01294591
4.339518229167e-04	0.00963553
4.339843750000e-04	0.00251837
4.340169270833e-04	-0.00115267
4.340494791667e-04	-0.00803161
4.340820312500e-04	-0.00830183
4.341145833333e-04	0.01042956
4.341471354167e-04	0.02242854
4.341796875000e-04	0.00583717
4.342122395833e-04	-0.00691175
4.342447916667e-04	0.00898520
4.342773437500e-04	0.01782445
4.343098958333e-04	-0.00480873
4.343424479167e-04	-0.02477688
4.343750000000e-04	-0.01864468
4.344075520833e-04	-0.00738331
4.344401041667e-04	-0.00336361
4.344726562500e-04	-0.00025184
4.345052083333e-04	-0.00325134
4.345377604167e-04	-0.01045865
4.345703125000e-04	-0.00404482
4.346028645833e-04	0.00788080
4.346354166667e-04	0.00184513
4.346679687500e-04	-0.00713775
4.347005208333e-04	0.00500097
4.347330729167e-04	0.01507035
4.347656250000e-04	-0.00190528
4.347981770833e-04	-0.01937379
4.348307291667e-04	-0.01170664
4.348632812500e-04	0.00117768
4.348958333333e-04	0.00137143
4.349283854167e-04	0.00017380
4.349609375000e-04	0.00137074
4.349934895833e-04	-0.00258605
4.350260416667e-04	-0.00358100
4.350585937500e-04	0.00400344
4.350911458333e-04	0.00292542
4.351236979167e-04	-0.01197372
4.351562500000e-04	-0.01535861
4.351888020833e-04	0.00413210
4.352213541667e-04	0.02120078
4.352539062500e-04	0.01661782
4.352864583333e-04	0.00524775
4.353190104167e-04	0.00564930
4.353515625000e-04	0.01402582
4.353841145833e-04	0.01988905
4.354166666667e-04	0.01956874
4.354492187500e-04	0.00869756
4.354817708333e-04	-0.01062783
4.355143229167e-04	-0.01765776
4.355468750000e-04	-0.00021912
4.355794270833e-04	0.01739032
4.356119791667e-04	0.01020231
4.356445312500e-04	-0.00602101
4.356770833333e-04	-0.00668810
4.357096354167e-04	0.00139220
4.357421875000e-04	0.00363075
4.357747395833e-04	0.00116335
4.358072916667e-04	-0.00524923
4.358398437500e-04	-0.01215987
4.358723958333e-04	-0.00408496
4.359049479167e-04	0.01384250
4.359375000000e-04	0.01380207
4.359700520833e-04	0.00214422
4.360026041667e-04	0.00956267
4.360351562500e-04	0.02025752
4.360677083333e-04	0.00141333
4.361002604167e-04	-0.02070356
4.361328125000e-04	-0.01196738
4.361653645833e-04	-0.00122445
4.361979166667e-04	-0.01125224
4.362304687500e-04	-0.00702257
4.362630208333e-04	0.02025057
4.362955729167e-04	0.02615944
4.363281250000e-04	0.00380198
4.363606770833e-04	-0.01102609
4.363932291667e-04	-0.01727105
4.364257812500e-04	-0.03019453
4.364583333333e-04	-0.03242605
4.364908854167e-04	-0.01789106
4.365234375000e-04	-0.01131229
4.365559895833e-04	-0.01124469
4.365885416667e-04	-0.00003537
4.366210937500e-04	0.00459141
4.366536458333e-04	-0.00780133
4.366861979167e-04	-0.00469356
4.367187500000e-04	0.01681811
4.367513020833e-04	0.01324497
4.367838541667e-04	-0.01387894
4.368164062500e-04	-0.01842037
4.368489583333e-04	-0.00238223
4.368815104167e-04	0.00016966
4.369140625000e-04	-0.00019776
4.369466145833e-04	0.01756419
4.369791666667e-04	0.02905995
4.370117187500e-04	0.01401638
4.370442708333e-04	-0.00204895
4.370768229167e-04	0.00103385
4.371093750000e-04	0.00610916
4.371419270833e-04	-0.00254984
4.371744791667e-04	-0.01504143
4.372070312500e-04	-0.01476585
4.372395833333e-04	0.00251241
4.372721354167e-04	0.02341601
4.373046875000e-04	0.02689948
4.373372395833e-04	0.00851962
4.373697916667e-04	-0.01126937
4.374023437500e-04	-0.01044233
4.374348958333e-04	0.00757558
4.374674479167e-04	0.01500283
4.375000000000e-04	-0.00425412
4.375325520833e-04	-0.02515624
4.375651041667e-04	-0.01690829
4.375976562500e-04	0.00264620
4.376302083333e-04	-0.00117484
4.376627604167e-04	-0.01332862
4.376953125000e-04	-0.00096223
4.377278645833e-04	0.01884286
4.377604166667e-04	0.01249981
4.377929687500e-04	-0.01006954
4.378255208333e-04	-0.02343278
4.378580729167e-04	-0.02422698
4.378906250000e-04	-0.01317556
4.379231770833e-04	0.00632701
4.379557291667e-04	0.01552694
4.379882812500e-04	0.01140400
4.380208333333e-04	0.01378170
4.380533854167e-04	0.01625403
4.380859375000e-04	-0.00476931
4.381184895833e-04	-0.03060375
4.381510416667e-04	-0.02766852
4.381835937500e-04	-0.00949880
4.382161458333e-04	-0.00116970
4.382486979167e-04	0.00522598
4.382812500000e-04	0.01026594
4.383138020833e-04	-0.00240660
4.383463541667e-04	-0.01512189
4.383789062500e-04	-0.00072530
4.384114583333e-04	0.01429639
4.384440104167e-04	-0.00501509
4.384765625000e-04	-0.03275342
4.385091145833e-04	-0.02941300
4.385416666667e-04	-0.00586848
4.385742187500e-04	0.00919205
4.386067708333e-04	0.01236595
4.386393229167e-04	0.01133911
4.386718750000e-04	0.00915486
4.387044270833e-04	0.00684222
4.387369791667e-04	0.00250204
4.387695312500e-04	-0.00213053
4.388020833333e-04	0.00065567
4.388346354167e-04	0.00601503
4.388671875000e-04	0.00069529
4.388997395833e-04	-0.00723693
4.389322916667e-04	-0.00047808
4.389648437500e-04	0.01282532
4.389973958333e-04	0.01660902
4.390299479167e-04	0.01593177
4.390625000000e-04	0.01559615
4.390950520833e-04	0.00588882
4.391276041667e-04	-0.00963078
4.391601562500e-04	-0.01101078
4.391927083333e-04	0.00695238
4.392252604167e-04	0.02819248
4.392578125000e-04	0.03111683
4.392903645833e-04	0.00457419
4.393229166667e-04	-0.02984186
4.393554687500e-04	-0.03030134
4.393880208333e-04	0.00220178
4.394205729167e-04	0.01681286
4.394531250000e-04	-0.00427728
4.394856770833e-04	-0.01963044
4.395182291667e-04	-0.00713510
4.395507812500e-04	0.00463567
4.395833333333e-04	-0.00092419
4.396158854167e-04	-0.00417228
4.396484375000e-04	0.00400174
4.396809895833e-04	0.00685717
4.397135416667e-04	-0.00346785
4.397460937500e-04	-0.01277542
4.397786458333e-04	-0.00895250
4.398111979167e-04	-0.00048185
4.398437500000e-04	-0.00289402
4.398763020833e-04	-0.01243761
4.399088541667e-04	-0.01177364
4.399414062500e-04	-0.00252321
4.399739583333e-04	-0.00139311
4.400065104167e-04	-0.00465148
4.400390625000e-04	0.00257064
4.400716145833e-04	0.01017694
4.401041666667e-04	0.00221742
4.401367187500e-04	-0.00791354
4.401692708333e-04	-0.00465192
4.402018229167e-04	-0.00048594
4.402343750000e-04	-0.00512552
4.402669270833e-04	-0.00601035
4.402994791667e-04	0.00021207
4.403320312500e-04	0.00160225
4.403645833333e-04	0.00046595
4.403971354167e-04	0.00712670
4.404296875000e-04	0.01446879
4.404622395833e-04	0.01155925
4.404947916667e-04	0.00276645
4.405273437500e-04	-0.00515645
4.405598958333e-04	-0.01035906
4.405924479167e-04	-0.00834357
4.406250000000e-04	-0.00148025
4.406575520833e-04	-0.00229827
4.406901041667e-04	-0.00839631
4.407226562500e-04	-0.00237164
4.407552083333e-04	0.01151095
4.407877604167e-04	0.01013611
4.408203125000e-04	-0.00437139
4.408528645833e-04	-0.00884843
4.408854166667e-04	-0.00357326
4.409179687500e-04	-0.00450881
4.409505208333e-04	-0.00484111
4.409830729167e-04	0.00642401
4.410156250000e-04	0.01182150
4.410481770833e-04	0.00006192
4.410807291667e-04	-0.00385633
4.411132812500e-04	0.01062374
4.411458333333e-04	0.01174524
4.411783854167e-04	-0.00915860
4.412109375000e-04	-0.01419437
4.412434895833e-04	0.00326649
4.412760416667e-04	0.00300080
4.413085937500e-04	-0.01562572
4.413411458333e-04	-0.01109855
4.413736979167e-04	0.00833304
4.414062500000e-04	-0.00125836
4.414388020833e-04	-0.02407266
4.414713541667e-04	-0.01301497
4.415039062500e-04	0.01555082
4.415364583333e-04	0.01588771
4.415690104167e-04	-0.00347799
4.416015625000e-04	-0.01039755
4.416341145833e-04	-0.00645477
4.416666666667e-04	-0.00217754
4.416992187500e-04	0.00302833
4.417317708333e-04	-0.00134253
4.417643229167e-04	-0.01818811
4.417968750000e-04	-0.01855205
4.418294270833e-04	0.00800811
4.418619791667e-04	0.02248224
4.418945312500e-04	0.00310815
4.419270833333e-04	-0.01622726
4.419596354167e-04	-0.01007611
4.419921875000e-04	-0.00012162
4.420247395833e-04	-0.00462382
4.420572916667e-04	-0.00781986
4.420898437500e-04	0.00146616
4.421223958333e-04	0.00639479
4.421549479167e-04	-0.00617992
4.421875000000e-04	-0.02043577
4.422200520833e-04	-0.01579884
4.422526041667e-04	0.00040986
4.422851562500e-04	0.00654941
4.423177083333e-04	0.00245101
4.423502604167e-04	0.00291499
4.423828125000e-04	0.00523134
4.424153645833e-04	-0.00214567
4.424479166667e-04	-0.01099823
4.424804687500e-04	-0.00818491
4.425130208333e-04	-0.00091557
4.425455729167e-04	0.00060348
4.425781250000e-04	0.00047788
4.426106770833e-04	0.00095606
4.426432291667e-04	-0.00097478
4.426757812500e-04	0.00045333
4.427083333333e-04	0.00655949
4.427408854167e-04	0.00162691
4.427734375000e-04	-0.01767178
4.428059895833e-04	-0.02684890
4.428385416667e-04	-0.01195943
4.428710937500e-04	0.00819998
4.429036458333e-04	0.01509079
4.429361979167e-04	0.01339811
4.429687500000e-04	0.01078430
4.430013020833e-04	0.00455543
4.430338541667e-04	-0.00377287
4.430664062500e-04	-0.00479458
4.430989583333e-04	0.00168935
4.431315104167e-04	0.00586827
4.431640625000e-04	0.00784176
4.431966145833e-04	0.01558356
4.432291666667e-04	0.02175369
4.432617187500e-04	0.01367395
4.432942708333e-04	0.00339127
4.433268229167e-04	0.00702913
4.433593750000e-04	0.00887461
4.433919270833e-04	-0.00401498
4.434244791667e-04	-0.00643467
4.434570312500e-04	0.00967249
4.434895833333e-04	0.00572596
4.435221354167e-04	-0.02253190
4.435546875000e-04	-0.02315289
4.435872395833e-04	0.00853294
4.436197916667e-04	0.01613540
4.436523437500e-04	-0.00479105
4.436848958333e-04	-0.00499284
4.437174479167e-04	0.01218510
4.437500000000e-04	0.00715210
4.437825520833e-04	-0.00782581
4.438151041667e-04	-0.00337606
4.438476562500e-04	0.00485115
4.438802083333e-04	0.00248491
4.439127604167e-04	0.00627094
4.439453125000e-04	0.01432231
4.439778645833e-04	0.00929443
4.440104166667e-04	0.00458768
4.440429687500e-04	0.01606936
4.440755208333e-04	0.02601609
4.441080729167e-04	0.02186256
4.441406250000e-04	0.01551682
4.441731770833e-04	0.00985697
4.442057291667e-04	0.00180505
4.442382812500e-04	0.00226922
4.442708333333e-04	0.01226956
4.443033854167e-04	0.01490621
4.443359375000e-04	0.00528797
4.443684895833e-04	-0.00850405
4.444010416667e-04	-0.01807709
4.444335937500e-04	-0.01046139
4.444661458333e-04	0.00760307
4.444986979167e-04	0.00056387
4.445312500000e-04	-0.02725478
4.445638020833e-04	-0.02104322
4.445963541667e-04	0.01703028
4.446289062500e-04	0.02207637
4.446614583333e-04	-0.00473420
4.446940104167e-04	-0.00410624
4.447265625000e-04	0.01568655
4.447591145833e-04	0.01015410
4.447916666667e-04	-0.00086557
4.448242187500e-04	0.00862178
4.448567708333e-04	0.01098075
4.448893229167e-04	0.00162177
4.449218750000e-04	0.00727457
4.449544270833e-04	0.00781267
4.449869791667e-04	-0.01437379
4.450195312500e-04	-0.01242074
4.450520833333e-04	0.02072042
4.450846354167e-04	0.01980461
4.451171875000e-04	-0.00975993
4.451497395833e-04	-0.00012036
4.451822916667e-04	0.02238767
4.452148437500e-04	-0.00322300
4.452473958333e-04	-0.02339007
4.452799479167e-04	0.01699903
4.453125000000e-04	0.04432632
4.453450520833e-04	0.00729916
4.453776041667e-04	-0.01984283
4.454101562500e-04	0.00275610
4.454427083333e-04	0.01576446
4.454752604167e-04	0.00181950
4.455078125000e-04	0.00265949
4.455403645833e-04	0.01222483
4.455729166667e-04	0.00366644
4.456054687500e-04	-0.00475763
4.456380208333e-04	-0.00381776
4.456705729167e-04	-0.01286491
4.457031250000e-04	-0.01729079
4.457356770833e-04	0.00339707
4.457682291667e-04	0.01660458
4.458007812500e-04	0.00174343
4.458333333333e-04	-0.00420142
4.458658854167e-04	0.00963203
4.458984375000e-04	0.00641379
4.459309895833e-04	-0.01105226
4.459635416667e-04	-0.00646663
4.459960937500e-04	0.00958626
4.460286458333e-04	0.00688494
4.460611979167e-04	-0.00206919
4.460937500000e-04	-0.00048401
4.461263020833e-04	-0.00170553
4.461588541667e-04	-0.00642543
4.461914062500e-04	0.00114965
4.462239583333e-04	0.01066438
4.462565104167e-04	0.00533805
4.462890625000e-04	-0.00324564
4.463216145833e-04	-0.00731299
4.463541666667e-04	-0.01634599
4.463867187500e-04	-0.01629247
4.464192708333e-04	0.01125811
4.464518229167e-04	0.03222301
4.464843750000e-04	0.00803772
4.465169270833e-04	-0.02447344
4.465494791667e-04	-0.01165533
4.465820312500e-04	0.02070440
4.466145833333e-04	0.01917973
4.466471354167e-04	-0.00180554
4.466796875000e-04	0.00010029
4.467122395833e-04	0.01497933
4.467447916667e-04	0.01207752
4.467773437500e-04	-0.00027368
4.468098958333e-04	-0.00035147
4.468424479167e-04	0.00645069
4.468750000000e-04	0.00699642
4.469075520833e-04	0.00305905
4.469401041667e-04	-0.00161954
4.469726562500e-04	-0.00865361
4.470052083333e-04	-0.01510750
4.470377604167e-04	-0.01396685
4.470703125000e-04	-0.00464968
4.471028645833e-04	0.00335990
4.471354166667e-04	0.00060826
4.471679687500e-04	-0.00682216
4.472005208333e-04	-0.00525198
4.472330729167e-04	-0.00036882
4.472656250000e-04	-0.00704593
4.472981770833e-04	-0.01399230
4.473307291667e-04	-0.00388628
4.473632812500e-04	0.00568459
4.473958333333e-04	-0.00416426
4.474283854167e-04	-0.01386142
4.474609375000e-04	-0.01017842
4.474934895833e-04	-0.01031252
4.475260416667e-04	-0.00855105
4.475585937500e-04	0.01521021
4.475911458333e-04	0.03291595
4.476236979167e-04	0.01613795
4.476562500000e-04	0.00312617
4.476888020833e-04	0.01695498
4.477213541667e-04	0.01183974
4.477539062500e-04	-0.01600330
4.477864583333e-04	-0.00776882
4.478190104167e-04	0.02193195
4.478515625000e-04	0.00686674
4.478841145833e-04	-0.02126132
4.479166666667e-04	0.00199122
4.479492187500e-04	0.02868213
4.479817708333e-04	0.00223699
4.480143229167e-04	-0.01894845
4.480468750000e-04	0.00928252
4.480794270833e-04	0.02793407
4.481119791667e-04	0.00864868
4.481445312500e-04	-0.00094823
4.481770833333e-04	0.00726092
4.482096354167e-04	0.00321036
4.482421875000e-04	-0.00086891
4.482747395833e-04	0.00934579
4.483072916667e-04	0.01256265
4.483398437500e-04	0.00911733
4.483723958333e-04	0.01171580
4.484049479167e-04	-0.00128103
4.484375000000e-04	-0.02649194
4.484700520833e-04	-0.01765478
4.485026041667e-04	0.01119756
4.485351562500e-04	0.00185568
4.485677083333e-04	-0.02267418
4.486002604167e-04	-0.00717345
4.486328125000e-04	0.01684105
4.486653645833e-04	0.00731986
4.486979166667e-04	-0.00204886
4.487304687500e-04	0.00664215
4.487630208333e-04	0.00254060
4.487955729167e-04	-0.00041789
4.488281250000e-04	0.02586060
4.488606770833e-04	0.03686388
4.488932291667e-04	0.00292135
4.489257812500e-04	-0.01595226
4.489583333333e-04	0.01024801
4.489908854167e-04	0.02556066
4.490234375000e-04	0.00847253
4.490559895833e-04	0.00007511
4.490885416667e-04	0.00709345
4.491210937500e-04	0.00438801
4.491536458333e-04	-0.00294366
4.491861979167e-04	-0.00362666
4.492187500000e-04	-0.00521020
4.492513020833e-04	-0.00585247
4.492838541667e-04	-0.00316798
4.493164062500e-04	-0.00986901
4.493489583333e-04	-0.01963407
4.493815104167e-04	-0.01290566
4.494140625000e-04	-0.00088721
4.494466145833e-04	0.00136512
4.494791666667e-04	0.00647954
4.495117187500e-04	0.00987985
4.495442708333e-04	-0.00860970
4.495768229167e-04	-0.02336857
4.496093750000e-04	-0.00367988
4.496419270833e-04	0.01440875
4.496744791667e-04	-0.00165429
4.497070312500e-04	-0.01331544
4.497395833333e-04	0.00415879
4.497721354167e-04	0.01358283
4.498046875000e-04	-0.00022809
4.498372395833e-04	-0.00932145
4.498697916667e-04	-0.00755169
4.499023437500e-04	-0.00323877
4.499348958333e-04	0.01130316
4.499674479167e-04	0.02559060
4.500000000000e-04	0.01853522
4.500325520833e-04	0.00861192
4.500651041667e-04	0.01384125
4.500976562500e-04	0.00633462
4.501302083333e-04	-0.01845190
4.501627604167e-04	-0.01589860
4.501953125000e-04	0.01272568
4.502278645833e-04	0.01291541
4.502604166667e-04	-0.01705927
4.502929687500e-04	-0.02775243
4.503255208333e-04	-0.00927468
4.503580729167e-04	0.01333036
4.503906250000e-04	0.02821186
4.504231770833e-04	0.02345526
4.504557291667e-04	-0.00668175
4.504882812500e-04	-0.02720928
4.505208333333e-04	-0.00800154
4.505533854167e-04	0.01799065
4.505859375000e-04	0.00949523
4.506184895833e-04	-0.01598470
4.506510416667e-04	-0.02230861
4.506835937500e-04	-0.01130752
4.507161458333e-04	-0.00584965
4.507486979167e-04	-0.01259412
4.507812500000e-04	-0.01607103
4.508138020833e-04	-0.00116550
4.508463541667e-04	0.01803667
4.508789062500e-04	0.01364321
4.509114583333e-04	-0.00556475
4.509440104167e-04	-0.00595712
4.509765625000e-04	0.00874429
4.510091145833e-04	0.01005954
4.510416666667e-04	0.00381535
4.510742187500e-04	0.00835501
4.511067708333e-04	0.00812565
4.511393229167e-04	-0.00843370
4.511718750000e-04	-0.01470459
4.512044270833e-04	0.00276253
4.512369791667e-04	0.01688744
4.512695312500e-04	0.01109101
4.513020833333e-04	0.00034854
4.513346354167e-04	-0.00458790
4.513671875000e-04	-0.00554809
4.513997395833e-04	-0.00035738
4.514322916667e-04	0.00916090
4.514648437500e-04	0.01331056
4.514973958333e-04	0.01223118
4.515299479167e-04	0.01214422
4.515625000000e-04	0.00789271
4.515950520833e-04	-0.00464886
4.516276041667e-04	-0.01318651
4.516601562500e-04	-0.00834627
4.516927083333e-04	-0.00025536
4.517252604167e-04	-0.00030593
4.517578125000e-04	-0.00454679
4.517903645833e-04	-0.00513965
4.518229166667e-04	-0.00250326
4.518554687500e-04	0.00047427
4.518880208333e-04	0.00292030
4.519205729167e-04	0.00040125
4.519531250000e-04	-0.01076460
4.519856770833e-04	-0.02066825
4.520182291667e-04	-0.01698707
4.520507812500e-04	-0.00995474
4.520833333333e-04	-0.01702860
4.521158854167e-04	-0.02601503
4.521484375000e-04	-0.01524234
4.521809895833e-04	-0.00055966
4.522135416667e-04	-0.00780752
4.522460937500e-04	-0.01720432
4.522786458333e-04	0.00013249
4.523111979167e-04	0.01873018
4.523437500000e-04	0.00271852
4.523763020833e-04	-0.02288929
4.524088541667e-04	-0.01565947
4.524414062500e-04	0.00923768
4.524739583333e-04	0.01110025
4.525065104167e-04	-0.00837554
4.525390625000e-04	-0.02044424
4.525716145833e-04	-0.01841062
4.526041666667e-04	-0.01558663
4.526367187500e-04	-0.01902427
4.526692708333e-04	-0.02394040
4.527018229167e-04	-0.02088832
4.527343750000e-04	-0.00736599
4.527669270833e-04	0.00353789
4.527994791667e-04	-0.00100706
4.528320312500e-04	-0.01106797
4.528645833333e-04	-0.00812693
4.528971354167e-04	0.00490426
4.529296875000e-04	0.01144420
4.529622395833e-04	0.00852136
4.529947916667e-04	0.00385399
4.530273437500e-04	-0.00026811
4.530598958333e-04	-0.00175401
4.530924479167e-04	0.00462251
4.531250000000e-04	0.01317077
4.531575520833e-04	0.01258553
4.531901041667e-04	0.00878850
4.532226562500e-04	0.01323012
4.532552083333e-04	0.01448955
4.532877604167e-04	-0.00112447
4.533203125000e-04	-0.01463591
4.533528645833e-04	-0.00350476
4.533854166667e-04	0.01402428
4.534179687500e-04	0.00839473
4.534505208333e-04	-0.01102033
4.534830729167e-04	-0.01624199
4.535156250000e-04	-0.00676027
4.535481770833e-04	-0.00179710
4.535807291667e-04	-0.00678130
4.536132812500e-04	-0.01031604
4.536458333333e-04	-0.00430156
4.536783854167e-04	0.00358921
4.537109375000e-04	0.00095086
4.537434895833e-04	-0.00705646
4.537760416667e-04	-0.00468573
4.538085937500e-04	0.00428835
4.538411458333e-04	0.00522764
4.538736979167e-04	0.00404587
4.539062500000e-04	0.00862479
4.539388020833e-04	0.00471196
4.539713541667e-04	-0.00545260
4.540039062500e-04	0.00740251
4.540364583333e-04	0.03312085
4.540690104167e-04	0.02581979
4.541015625000e-04	-0.00311213
4.541341145833e-04	-0.00073680
4.541666666667e-04	0.02079262
4.541992187500e-04	0.01302782
4.542317708333e-04	-0.00662424
4.542643229167e-04	-0.00210550
4.542968750000e-04	-0.00131473
4.543294270833e-04	-0.02421798
4.543619791667e-04	-0.02476796
4.543945312500e-04	0.01241475
4.544270833333e-04	0.03188413
4.544596354167e-04	0.01347010
4.544921875000e-04	-0.00009726
4.545247395833e-04	0.00511266
4.545572916667e-04	0.00396995
4.545898437500e-04	-0.00350524
4.546223958333e-04	-0.00299146
4.546549479167e-04	-0.00286584
4.546875000000e-04	-0.00840413
4.547200520833e-04	-0.00732095
4.547526041667e-04	0.00059440
4.547851562500e-04	0.00530489
4.548177083333e-04	0.00866340
4.548502604167e-04	0.01194938
4.548828125000e-04	0.00754780
4.549153645833e-04	-0.00288213
4.549479166667e-04	-0.01088420
4.549804687500e-04	-0.01519068
4.550130208333e-04	-0.01342227
4.550455729167e-04	-0.00376252
4.550781250000e-04	0.00111307
4.551106770833e-04	-0.00602626
4.551432291667e-04	-0.00784802
4.551757812500e-04	0.00581277
4.552083333333e-04	0.01763773
4.552408854167e-04	0.01629119
4.552734375000e-04	0.01232935
4.553059895833e-04	0.01264173
4.553385416667e-04	0.01385029
4.553710937500e-04	0.01389212
4.554036458333e-04	0.00788567
4.554361979167e-04	-0.00632971
4.554687500000e-04	-0.01333926
4.555013020833e-04	-0.00153160
4.555338541667e-04	0.01069011
4.555664062500e-04	0.00272332
4.555989583333e-04	-0.01400584
4.556315104167e-04	-0.01780058
4.556640625000e-04	-0.01035039
4.556966145833e-04	-0.00678497
4.557291666667e-04	-0.00809448
4.557617187500e-04	-0.00105406
4.557942708333e-04	0.01591478
4.558268229167e-04	0.02323488
4.558593750000e-04	0.01125202
4.558919270833e-04	0.00060583
4.559244791667e-04	0.00576209
4.559570312500e-04	0.00978990
4.559895833333e-04	0.00491157
4.560221354167e-04	0.01057649
4.560546875000e-04	0.02573591
4.560872395833e-04	0.02343262
4.561197916667e-04	0.00469301
4.561523437500e-04	-0.00613736
4.561848958333e-04	-0.00810898
4.562174479167e-04	-0.00799066
4.562500000000e-04	0.00332427
4.562825520833e-04	0.01702052
4.563151041667e-04	0.00933296
4.563476562500e-04	-0.00651815
4.563802083333e-04	-0.00302994
4.564127604167e-04	0.00543399
4.564453125000e-04	0.00033392
4.564778645833e-04	0.00181163
4.565104166667e-04	0.01654401
4.565429687500e-04	0.01751802
4.565755208333e-04	0.00640960
4.566080729167e-04	0.00911127
4.566406250000e-04	0.01233208
4.566731770833e-04	-0.00771560
4.567057291667e-04	-0.02679250
4.567382812500e-04	-0.01721599
4.567708333333e-04	0.00187475
4.568033854167e-04	0.00739876
4.568359375000e-04	0.00536309
4.568684895833e-04	0.00213660
4.569010416667e-04	-0.00397118
4.569335937500e-04	-0.00809264
4.569661458333e-04	-0.00731930
4.569986979167e-04	-0.00271583
4.570312500000e-04	0.00763307
4.570638020833e-04	0.01301648
4.570963541667e-04	-0.00144820
4.571289062500e-04	-0.01696437
4.571614583333e-04	-0.00731313
4.571940104167e-04	0.00709895
4.572265625000e-04	0.00099714
4.572591145833e-04	-0.00108620
4.572916666667e-04	0.01682714
4.573242187500e-04	0.01944330
4.573567708333e-04	-0.00403194
4.573893229167e-04	-0.01163665
4.574218750000e-04	0.00618487
4.574544270833e-04	0.01113024
4.574869791667e-04	-0.00277054
4.575195312500e-04	-0.00537594
4.575520833333e-04	0.00662338
4.575846354167e-04	0.01371815
4.576171875000e-04	0.00964107
4.576497395833e-04	-0.00522899
4.576822916667e-04	-0.02486629
4.577148437500e-04	-0.02626137
4.577473958333e-04	-0.00063831
4.577799479167e-04	0.02326811
4.578125000000e-04	0.02178144
4.578450520833e-04	0.00844702
4.578776041667e-04	0.00446186
4.579101562500e-04	0.01182959
4.579427083333e-04	0.01842745
4.579752604167e-04	0.00902679
4.580078125000e-04	-0.01329065
4.580403645833e-04	-0.01904275
4.580729166667e-04	0.00250961
4.581054687500e-04	0.01613066
4.581380208333e-04	0.00014155
4.581705729167e-04	-0.01275491
4.582031250000e-04	0.00146965
4.582356770833e-04	0.01276579
4.582682291667e-04	-0.00339912
4.583007812500e-04	-0.02134493
4.583333333333e-04	-0.01478920
4.583658854167e-04	0.00219878
4.583984375000e-04	0.00847337
4.584309895833e-04	0.00706283
4.584635416667e-04	0.00651615
4.584960937500e-04	0.00329984
4.585286458333e-04	-0.00375403
4.585611979167e-04	-0.00451479
4.585937500000e-04	0.00357615
4.586263020833e-04	0.00684826
4.586588541667e-04	0.00093410
4.586914062500e-04	0.00220267
4.587239583333e-04	0.01421727
4.587565104167e-04	0.01419053
4.587890625000e-04	-0.00370391
4.588216145833e-04	-0.01276865
4.588541666667e-04	-0.00418835
4.588867187500e-04	-0.00213288
4.589192708333e-04	-0.01211927
4.589518229167e-04	-0.01246688
4.589843750000e-04	-0.00268464
4.590169270833e-04	-0.00006962
4.590494791667e-04	0.00151075
4.590820312500e-04	0.01175060
4.591145833333e-04	0.01170088
4.591471354167e-04	-0.00703084
4.591796875000e-04	-0.01619764
4.592122395833e-04	-0.00498938
4.592447916667e-04	-0.00114743
4.592773437500e-04	-0.01066051
4.593098958333e-04	-0.00655780
4.593424479167e-04	0.00750688
4.593750000000e-04	-0.00093906
4.594075520833e-04	-0.02437306
4.594401041667e-04	-0.02544347
4.594726562500e-04	-0.00880200
4.595052083333e-04	-0.00814788
4.595377604167e-04	-0.01778506
4.595703125000e-04	-0.00850109
4.596028645833e-04	0.00961706
4.596354166667e-04	0.00644683
4.596679687500e-04	-0.00912369
4.597005208333e-04	-0.00757017
4.597330729167e-04	0.00736057
4.597656250000e-04	0.01229384
4.597981770833e-04	0.00838812
4.598307291667e-04	0.01089951
4.598632812500e-04	0.01615341
4.598958333333e-04	0.01213542
4.599283854167e-04	0.00390570
4.599609375000e-04	0.00303957
4.599934895833e-04	0.00665181
4.600260416667e-04	0.00593546
4.600585937500e-04	0.00325502
4.600911458333e-04	0.00536366
4.601236979167e-04	0.00862296
4.601562500000e-04	0.00411736
4.601888020833e-04	-0.00745622
4.602213541667e-04	-0.01578869
4.602539062500e-04	-0.01363435
4.602864583333e-04	-0.00456528
4.603190104167e-04	0.00069411
4.603515625000e-04	-0.00280778
4.603841145833e-04	-0.00423097
4.604166666667e-04	0.00898354
4.604492187500e-04	0.02591871
4.604817708333e-04	0.02413691
4.605143229167e-04	0.00849367
4.605468750000e-04	0.00391689
4.605794270833e-04	0.01053446
4.606119791667e-04	0.00952231
4.606445312500e-04	0.00525578
4.606770833333e-04	0.01123604
4.607096354167e-04	0.01300355
4.607421875000e-04	-0.00313168
4.607747395833e-04	-0.01593454
4.608072916667e-04	-0.00917098
4.608398437500e-04	-0.00070964
4.608723958333e-04	-0.00010921
4.609049479167e-04	0.00625444
4.609375000000e-04	0.01425562
4.609700520833e-04	0.00756631
4.610026041667e-04	-0.00401285
4.610351562500e-04	-0.00759379
4.610677083333e-04	-0.01504367
4.611002604167e-04	-0.02409741
4.611328125000e-04	-0.00952180
4.611653645833e-04	0.01772815
4.611979166667e-04	0.01598564
4.612304687500e-04	-0.01049964
4.612630208333e-04	-0.01875678
4.612955729167e-04	-0.00519635
4.613281250000e-04	-0.00172668
4.613606770833e-04	-0.01170201
4.613932291667e-04	-0.01242932
4.614257812500e-04	0.00041887
4.614583333333e-04	0.01350300
4.614908854167e-04	0.01875497
4.615234375000e-04	0.01375347
4.615559895833e-04	-0.00033954
4.615885416667e-04	-0.01215334
4.616210937500e-04	-0.00721912
4.616536458333e-04	0.01250874
4.616861979167e-04	0.02613811
4.617187500000e-04	0.02036202
4.617513020833e-04	0.00992004
4.617838541667e-04	0.01223976
4.618164062500e-04	0.01553440
4.618489583333e-04	0.00415365
4.618815104167e-04	-0.00784199
4.619140625000e-04	-0.00722746
4.619466145833e-04	-0.00787083
4.619791666667e-04	-0.01246915
4.620117187500e-04	-0.00438075
4.620442708333e-04	0.00411764
4.620768229167e-04	-0.01100656
4.621093750000e-04	-0.02674766
4.621419270833e-04	-0.01425145
4.621744791667e-04	-0.00126136
4.622070312500e-04	-0.01269990
4.622395833333e-04	-0.01686796
4.622721354167e-04	0.00306102
4.623046875000e-04	0.01354045
4.623372395833e-04	0.00455918
4.623697916667e-04	0.00117046
4.624023437500e-04	0.00051447
4.624348958333e-04	-0.01134591
4.624674479167e-04	-0.01607799
4.625000000000e-04	-0.00538458
4.625325520833e-04	-0.00152950
4.625651041667e-04	-0.00357645
4.625976562500e-04	0.00551598
4.626302083333e-04	0.00877671
4.626627604167e-04	-0.00650789
4.626953125000e-04	-0.01061407
4.627278645833e-04	0.00477184
4.627604166667e-04	0.00442007
4.627929687500e-04	-0.01436577
4.628255208333e-04	-0.01670453
4.628580729167e-04	-0.00196061
4.628906250000e-04	0.00548017
4.629231770833e-04	0.00693428
4.629557291667e-04	0.00926289
4.629882812500e-04	0.00508723
4.630208333333e-04	-0.00111455
4.630533854167e-04	-0.00324310
4.630859375000e-04	-0.01473065
4.631184895833e-04	-0.03171846
4.631510416667e-04	-0.02429570
4.631835937500e-04	0.00590675
4.632161458333e-04	0.02411192
4.632486979167e-04	0.02101290
4.632812500000e-04	0.01216498
4.633138020833e-04	0.00424407
4.633463541667e-04	0.00298516
4.633789062500e-04	0.01136634
4.634114583333e-04	0.01210775
4.634440104167e-04	-0.00062287
4.634765625000e-04	-0.00321144
4.635091145833e-04	0.00606060
4.635416666667e-04	0.00091354
4.635742187500e-04	-0.01286129
4.636067708333e-04	-0.01044215
4.636393229167e-04	-0.00356885
4.636718750000e-04	-0.00729592
4.637044270833e-04	-0.00320998
4.637369791667e-04	0.00900935
4.637695312500e-04	0.00183156
4.638020833333e-04	-0.01671394
4.638346354167e-04	-0.01896118
4.638671875000e-04	-0.01832710
4.638997395833e-04	-0.03124669
4.639322916667e-04	-0.03236992
4.639648437500e-04	-0.00929517
4.639973958333e-04	0.01034911
4.640299479167e-04	0.01275151
4.640625000000e-04	0.00807261
4.640950520833e-04	0.00130804
4.641276041667e-04	0.00244051
4.641601562500e-04	0.01694762
4.641927083333e-04	0.01673457
4.642252604167e-04	-0.00904048
4.642578125000e-04	-0.01478251
4.642903645833e-04	0.01437252
4.643229166667e-04	0.02406196
4.643554687500e-04	-0.00025244
4.643880208333e-04	-0.00863088
4.644205729167e-04	0.00161150
4.644531250000e-04	-0.01021564
4.644856770833e-04	-0.02711283
4.645182291667e-04	-0.01280047
4.645507812500e-04	0.00446547
4.645833333333e-04	-0.00449688
4.646158854167e-04	-0.01058822
4.646484375000e-04	0.00140455
4.646809895833e-04	0.00524805
4.647135416667e-04	-0.00158617
4.647460937500e-04	-0.00210311
4.647786458333e-04	-0.00305478
4.648111979167e-04	-0.00416230
4.648437500000e-04	0.01095210
4.648763020833e-04	0.02229429
4.649088541667e-04	0.00063456
4.649414062500e-04	-0.02440347
4.649739583333e-04	-0.01544358
4.650065104167e-04	0.00387049
4.650390625000e-04	0.00715663
4.650716145833e-04	0.01093436
4.651041666667e-04	0.01452126
4.651367187500e-04	-0.00597373
4.651692708333e-04	-0.02896498
4.652018229167e-04	-0.01540612
4.652343750000e-04	0.01147848
4.652669270833e-04	0.00788066
4.652994791667e-04	-0.01054910
4.653320312500e-04	-0.00788859
4.653645833333e-04	0.00566205
4.653971354167e-04	0.00479567
4.654296875000e-04	-0.00451405
4.654622395833e-04	-0.00722643
4.654947916667e-04	-0.00607560
4.655273437500e-04	-0.00577535
4.655598958333e-04	-0.00105780
4.655924479167e-04	0.00845060
4.656250000000e-04	0.01150716
4.656575520833e-04	0.00214164
4.656901041667e-04	-0.00878836
4.657226562500e-04	-0.00861912
4.657552083333e-04	-0.00052215
4.657877604167e-04	0.00508411
4.658203125000e-04	0.00653528
4.658528645833e-04	0.00736101
4.658854166667e-04	0.00912406
4.659179687500e-04	0.01305521
4.659505208333e-04	0.01501576
4.659830729167e-04	0.00580952
4.660156250000e-04	-0.00887344
4.660481770833e-04	-0.01044923
4.660807291667e-04	-0.00186009
4.661132812500e-04	-0.00508266
4.661458333333e-04	-0.01808242
4.661783854167e-04	-0.01887869
4.662109375000e-04	-0.01019021
4.662434895833e-04	-0.01222146
4.662760416667e-04	-0.02176131
4.663085937500e-04	-0.02153305
4.663411458333e-04	-0.01332991
4.663736979167e-04	-0.01025672
4.664062500000e-04	-0.01430835
4.664388020833e-04	-0.01757891
4.664713541667e-04	-0.01230233
4.665039062500e-04	-0.00055498
4.665364583333e-04	0.00278854
4.665690104167e-04	-0.00812408
4.666015625000e-04	-0.01488482
4.666341145833e-04	-0.00433547
4.666666666667e-04	0.00804832
4.666992187500e-04	0.00596594
4.667317708333e-04	-0.00556785
4.667643229167e-04	-0.01649606
4.667968750000e-04	-0.01906380
4.668294270833e-04	-0.00638855
4.668619791667e-04	0.00993964
4.668945312500e-04	0.00827884
4.669270833333e-04	-0.00336616
4.669596354167e-04	-0.00127621
4.669921875000e-04	0.00579685
4.670247395833e-04	-0.00093244
4.670572916667e-04	-0.00696216
4.670898437500e-04	-0.00063197
4.671223958333e-04	-0.00246664
4.671549479167e-04	-0.01323703
4.671875000000e-04	-0.00480948
4.672200520833e-04	0.01259543
4.672526041667e-04	0.00352527
4.672851562500e-04	-0.01345275
4.673177083333e-04	0.00098481
4.673502604167e-04	0.02136626
4.673828125000e-04	0.00543704
4.674153645833e-04	-0.01985568
4.674479166667e-04	-0.01117921
4.674804687500e-04	0.01239256
4.675130208333e-04	0.01459416
4.675455729167e-04	0.00166655
4.675781250000e-04	-0.00837069
4.676106770833e-04	-0.01472444
4.676432291667e-04	-0.01378206
4.676757812500e-04	-0.00213126
4.677083333333e-04	0.00545201
4.677408854167e-04	-0.00085237
4.677734375000e-04	-0.00699821
4.678059895833e-04	-0.00279065
4.678385416667e-04	0.00161975
4.678710937500e-04	-0.00151956
4.679036458333e-04	-0.00494917
4.679361979167e-04	0.00035510
4.679687500000e-04	0.01211596
4.680013020833e-04	0.01514786
4.680338541667e-04	-0.00016420
4.680664062500e-04	-0.01535783
4.680989583333e-04	-0.00769377
4.681315104167e-04	0.00613299
4.681640625000e-04	-0.00313194
4.681966145833e-04	-0.01889563
4.682291666667e-04	-0.00881836
4.682617187500e-04	0.00969330
4.682942708333e-04	0.00319472
4.683268229167e-04	-0.01167690
4.683593750000e-04	-0.00365894
4.683919270833e-04	0.01272187
4.684244791667e-04	0.01167166
4.684570312500e-04	0.00530685
4.684895833333e-04	0.01093250
4.685221354167e-04	0.01408201
4.685546875000e-04	-0.00035352
4.685872395833e-04	-0.01659597
4.686197916667e-04	-0.01244423
4.686523437500e-04	0.00682762
4.686848958333e-04	0.01655501
4.687174479167e-04	0.00898696
4.687500000000e-04	0.00429999
4.687825520833e-04	0.01397129
4.688151041667e-04	0.01719962
4.688476562500e-04	0.00124910
4.688802083333e-04	-0.00903250
4.689127604167e-04	0.00073991
4.689453125000e-04	0.00359898
4.689778645833e-04	-0.01268961
4.690104166667e-04	-0.01726655
4.690429687500e-04	0.00276862
4.690755208333e-04	0.01816805
4.691080729167e-04	0.01461770
4.691406250000e-04	0.00988677
4.691731770833e-04	0.01203195
4.692057291667e-04	0.01466715
4.692382812500e-04	0.01665482
4.692708333333e-04	0.01238808
4.693033854167e-04	-0.00262377
4.693359375000e-04	-0.01022214
4.693684895833e-04	-0.00130235
4.694010416667e-04	-0.00294333
4.694335937500e-04	-0.02088641
4.694661458333e-04	-0.01392643
4.694986979167e-04	0.02254488
4.695312500000e-04	0.03258630
4.695638020833e-04	0.00137493
4.695963541667e-04	-0.01912986
4.696289062500e-04	-0.00879497
4.696614583333e-04	0.00088735
4.696940104167e-04	0.00281382
4.697265625000e-04	0.01058930
4.697591145833e-04	0.00763291
4.697916666667e-04	-0.01489642
4.698242187500e-04	-0.02183811
4.698567708333e-04	-0.00016967
4.698893229167e-04	0.01014194
4.699218750000e-04	-0.00605650
4.699544270833e-04	-0.01271512
4.699869791667e-04	0.00321122
4.700195312500e-04	0.01310921
4.700520833333e-04	0.00780357
4.700846354167e-04	0.00499804
4.701171875000e-04	0.00434907
4.701497395833e-04	-0.00710730
4.701822916667e-04	-0.02157736
4.702148437500e-04	-0.02223784
4.702473958333e-04	-0.00890442
4.702799479167e-04	0.00722305
4.703125000000e-04	0.01474114
4.703450520833e-04	0.00672319
4.703776041667e-04	-0.00747881
4.704101562500e-04	-0.00684838
4.704427083333e-04	0.00976091
4.704752604167e-04	0.01725149
4.705078125000e-04	0.00272042
4.705403645833e-04	-0.01387327
4.705729166667e-04	-0.01194053
4.706054687500e-04	-0.00139118
4.706380208333e-04	-0.00261767
4.706705729167e-04	-0.00925286
4.707031250000e-04	0.00241265
4.707356770833e-04	0.02745184
4.707682291667e-04	0.03046909
4.708007812500e-04	0.00365995
4.708333333333e-04	-0.01494014
4.708658854167e-04	-0.00486469
4.708984375000e-04	0.00583661
4.709309895833e-04	0.00017103
4.709635416667e-04	-0.00047614
4.709960937500e-04	0.00591634
4.710286458333e-04	-0.00637563
4.710611979167e-04	-0.02334302
4.710937500000e-04	-0.00473400
4.711263020833e-04	0.02910812
4.711588541667e-04	0.02261452
4.711914062500e-04	-0.01205522
4.712239583333e-04	-0.01901435
4.712565104167e-04	-0.00008765
4.712890625000e-04	0.00437852
4.713216145833e-04	-0.00310818
4.713541666667e-04	0.00244704
4.713867187500e-04	0.01342743
4.714192708333e-04	0.01237712
4.714518229167e-04	0.00184922
4.714843750000e-04	-0.01247235
4.715169270833e-04	-0.02256814
4.715494791667e-04	-0.01129861
4.715820312500e-04	0.01595970
4.716145833333e-04	0.02686895
4.716471354167e-04	0.01374791
4.716796875000e-04	0.00113233
4.717122395833e-04	-0.00239317
4.717447916667e-04	-0.00720646
4.717773437500e-04	-0.01163291
4.718098958333e-04	-0.01102131
4.718424479167e-04	-0.01060442
4.718750000000e-04	-0.00840731
4.719075520833e-04	0.00041965
4.719401041667e-04	0.00770279
4.719726562500e-04	0.01065150
4.720052083333e-04	0.01547937
4.720377604167e-04	0.01035036
4.720703125000e-04	-0.01354519
4.721028645833e-04	-0.02701122
4.721354166667e-04	-0.01105521
4.721679687500e-04	0.00121365
4.722005208333e-04	-0.01099150
4.722330729167e-04	-0.01682462
4.722656250000e-04	-0.00066304
4.722981770833e-04	0.01330182
4.723307291667e-04	0.01753044
4.723632812500e-04	0.02149263
4.723958333333e-04	0.01570587
4.724283854167e-04	0.00020525
4.724609375000e-04	-0.00316446
4.724934895833e-04	-0.00095263
4.725260416667e-04	-0.01455637
4.725585937500e-04	-0.02209116
4.725911458333e-04	-0.00077726
4.726236979167e-04	0.01657163
4.726562500000e-04	0.00591276
4.726888020833e-04	-0.00295157
4.727213541667e-04	0.00296882
4.727539062500e-04	0.00057227
4.727864583333e-04	-0.00479371
4.728190104167e-04	0.00440584
4.728515625000e-04	0.00602644
4.728841145833e-04	-0.01238694
4.729166666667e-04	-0.01996152
4.729492187500e-04	-0.01255565
4.729817708333e-04	-0.02044652
4.730143229167e-04	-0.03074454
4.730468750000e-04	-0.01093485
4.730794270833e-04	0.01351648
4.731119791667e-04	0.00747633
4.731445312500e-04	-0.00407768
4.731770833333e-04	0.00562107
4.732096354167e-04	0.01443480
4.732421875000e-04	0.00733706
4.732747395833e-04	0.00102572
4.733072916667e-04	-0.00113635
4.733398437500e-04	-0.00709638
4.733723958333e-04	-0.00640461
4.734049479167e-04	0.00573953
4.734375000000e-04	0.01139861
4.734700520833e-04	0.00367385
4.735026041667e-04	-0.00344200
4.735351562500e-04	-0.00147083
4.735677083333e-04	0.00786892
4.736002604167e-04	0.01857254
4.736328125000e-04	0.01850402
4.736653645833e-04	0.00623013
4.736979166667e-04	-0.00050689
4.737304687500e-04	0.00417805
4.737630208333e-04	0.00501419
4.737955729167e-04	-0.00078203
4.738281250000e-04	-0.00274587
4.738606770833e-04	-0.00531932
4.738932291667e-04	-0.01254344
4.739257812500e-04	-0.00770798
4.739583333333e-04	0.01309843
4.739908854167e-04	0.02410382
4.740234375000e-04	0.01402612
4.740559895833e-04	0.00385023
4.740885416667e-04	0.00557996
4.741210937500e-04	0.00532047
4.741536458333e-04	-0.00532523
4.741861979167e-04	-0.01337437
4.742187500000e-04	-0.00590046
4.742513020833e-04	0.00896990
4.742838541667e-04	0.01178073
4.743164062500e-04	0.00180910
4.743489583333e-04	0.00043605
4.743815104167e-04	0.01361916
4.744140625000e-04	0.01750228
4.744466145833e-04	-0.00081741
4.744791666667e-04	-0.01958096
4.745117187500e-04	-0.01694718
4.745442708333e-04	-0.00048972
4.745768229167e-04	0.00892738
4.746093750000e-04	0.00339281
4.746419270833e-04	-0.00594015
4.746744791667e-04	-0.00594356
4.747070312500e-04	-0.00343526
4.747395833333e-04	-0.01089351
4.747721354167e-04	-0.01431312
4.748046875000e-04	0.00339096
4.748372395833e-04	0.02002494
4.748697916667e-04	0.01132526
4.749023437500e-04	0.00052887
4.749348958333e-04	0.00980000
4.749674479167e-04	0.01352654
4.750000000000e-04	-0.00420232
4.750325520833e-04	-0.01461679
4.750651041667e-04	-0.00504689
4.750976562500e-04	0.00298396
4.751302083333e-04	0.00580594
4.751627604167e-04	0.01185668
4.751953125000e-04	0.00815282
4.752278645833e-04	-0.00510055
4.752604166667e-04	-0.00158437
4.752929687500e-04	0.01207299
4.753255208333e-04	0.00300880
4.753580729167e-04	-0.01558220
4.753906250000e-04	-0.00786692
4.754231770833e-04	0.01277369
4.754557291667e-04	0.01668420
4.754882812500e-04	0.01154213
4.755208333333e-04	0.00450957
4.755533854167e-04	-0.01694912
4.755859375000e-04	-0.03809217
4.756184895833e-04	-0.03146693
4.756510416667e-04	-0.01356969
4.756835937500e-04	-0.01168432
4.757161458333e-04	-0.01183982
4.757486979167e-04	-0.00156978
4.757812500000e-04	-0.00201338
4.758138020833e-04	-0.01385179
4.758463541667e-04	-0.00640052
4.758789062500e-04	0.01642331
4.759114583333e-04	0.01669810
4.759440104167e-04	-0.00581768
4.759765625000e-04	-0.01477312
4.760091145833e-04	-0.00441935
4.760416666667e-04	-0.00291291
4.760742187500e-04	-0.01585395
4.761067708333e-04	-0.01873139
4.761393229167e-04	-0.00405777
4.761718750000e-04	0.00609661
4.762044270833e-04	0.00076305
4.762369791667e-04	-0.00317953
4.762695312500e-04	0.00212341
4.763020833333e-04	-0.00144572
4.763346354167e-04	-0.01922664
4.763671875000e-04	-0.02662870
4.763997395833e-04	-0.01175990
4.764322916667e-04	0.00339949
4.764648437500e-04	0.00213566
4.764973958333e-04	-0.00336318
4.765299479167e-04	-0.00011542
4.765625000000e-04	0.00428964
4.765950520833e-04	-0.00162158
4.766276041667e-04	-0.01179910
4.766601562500e-04	-0.00772554
4.766927083333e-04	0.01273876
4.767252604167e-04	0.02347139
4.767578125000e-04	0.00781418
4.767903645833e-04	-0.00959870
4.768229166667e-04	-0.00242018
4.768554687500e-04	0.01352798
4.768880208333e-04	0.01410931
4.769205729167e-04	0.00601779
4.769531250000e-04	0.00012677
4.769856770833e-04	-0.00627864
4.770182291667e-04	-0.00593303
4.770507812500e-04	0.00590133
4.770833333333e-04	0.00637897
4.771158854167e-04	-0.01220292
4.771484375000e-04	-0.01433580
4.771809895833e-04	0.01169919
4.772135416667e-04	0.02298565
4.772460937500e-04	0.00244636
4.772786458333e-04	-0.00978195
4.773111979167e-04	0.00272435
4.773437500000e-04	0.00630955
4.773763020833e-04	-0.00928467
4.774088541667e-04	-0.01267281
4.774414062500e-04	0.00509410
4.774739583333e-04	0.01631236
4.775065104167e-04	0.00877755
4.775390625000e-04	0.00124179
4.775716145833e-04	0.00604274
4.776041666667e-04	0.01164097
4.776367187500e-04	0.00753054
4.776692708333e-04	0.00272456
4.777018229167e-04	0.00682104
4.777343750000e-04	0.01097945
4.777669270833e-04	0.00695686
4.777994791667e-04	0.00499977
4.778320312500e-04	0.01029089
4.778645833333e-04	0.00874606
4.778971354167e-04	-0.00323586
4.779296875000e-04	-0.01042455
4.779622395833e-04	-0.01119450
4.779947916667e-04	-0.01517766
4.780273437500e-04	-0.01229839
4.780598958333e-04	0.00785194
4.780924479167e-04	0.02379530
4.781250000000e-04	0.01456443
4.781575520833e-04	-0.00439419
4.781901041667e-04	-0.01019661
4.782226562500e-04	-0.00227066
4.782552083333e-04	0.00998436
4.782877604167e-04	0.01444740
4.783203125000e-04	0.00064222
4.783528645833e-04	-0.01616739
4.783854166667e-04	-0.00761868
4.784179687500e-04	0.01639951
4.784505208333e-04	0.01981318
4.784830729167e-04	0.00445289
4.785156250000e-04	0.00061426
4.785481770833e-04	0.00534789
4.785807291667e-04	-0.00561201
4.786132812500e-04	-0.02273998
4.786458333333e-04	-0.01826713
4.786783854167e-04	0.00146234
4.787109375000e-04	0.00658426
4.787434895833e-04	-0.00606231
4.787760416667e-04	-0.00998851
4.788085937500e-04	0.00465487
4.788411458333e-04	0.01166263
4.788736979167e-04	-0.00795454
4.789062500000e-04	-0.02859747
4.789388020833e-04	-0.01876517
4.789713541667e-04	0.00672526
4.790039062500e-04	0.01500066
4.790364583333e-04	0.00787778
4.790690104167e-04	0.00377994
4.791015625000e-04	0.00196504
4.791341145833e-04	0.00062122
4.791666666667e-04	0.00922416
4.791992187500e-04	0.02080441
4.792317708333e-04	0.01655077
4.792643229167e-04	0.00262396
4.792968750000e-04	-0.00069464
4.793294270833e-04	0.00500615
4.793619791667e-04	0.00655155
4.793945312500e-04	0.00356200
4.794270833333e-04	0.00085979
4.794596354167e-04	0.00006076
4.794921875000e-04	0.00193845
4.795247395833e-04	-0.00002915
4.795572916667e-04	-0.01196972
4.795898437500e-04	-0.01983372
4.796223958333e-04	-0.00919629
4.796549479167e-04	0.00353010
4.796875000000e-04	-0.00195687
4.797200520833e-04	-0.01427162
4.797526041667e-04	-0.01641238
4.797851562500e-04	-0.01328016
4.798177083333e-04	-0.01030347
4.798502604167e-04	-0.00400165
4.798828125000e-04	-0.00002455
4.799153645833e-04	-0.00501989
4.799479166667e-04	-0.01248635
4.799804687500e-04	-0.01886447
4.800130208333e-04	-0.02545785
4.800455729167e-04	-0.02226125
4.800781250000e-04	-0.00813783
4.801106770833e-04	-0.00597258
4.801432291667e-04	-0.01905679
4.801757812500e-04	-0.01696772
4.802083333333e-04	0.00468949
4.802408854167e-04	0.01377484
4.802734375000e-04	0.00610747
4.803059895833e-04	0.00784469
4.803385416667e-04	0.01738949
4.803710937500e-04	0.01532244
4.804036458333e-04	0.00878387
4.804361979167e-04	0.01001525
4.804687500000e-04	0.01095061
4.805013020833e-04	0.00998196
4.805338541667e-04	0.01153496
4.805664062500e-04	-0.00023852
4.805989583333e-04	-0.02786157
4.806315104167e-04	-0.03287099
4.806640625000e-04	-0.00172760
4.806966145833e-04	0.01806218
4.807291666667e-04	0.00055753
4.807617187500e-04	-0.01462455
4.807942708333e-04	-0.00199311
4.808268229167e-04	0.00845960
4.808593750000e-04	-0.00191877
4.808919270833e-04	-0.01071509
4.809244791667e-04	-0.00711397
4.809570312500e-04	-0.00738191
4.809895833333e-04	-0.01349889
4.810221354167e-04	-0.00957959
4.810546875000e-04	0.00273353
4.810872395833e-04	0.00627036
4.811197916667e-04	0.00155051
4.811523437500e-04	0.00409621
4.811848958333e-04	0.01067128
4.812174479167e-04	0.00320720
4.812500000000e-04	-0.01040633
4.812825520833e-04	-0.00243583
4.813151041667e-04	0.01909935
4.813476562500e-04	0.01533521
4.813802083333e-04	-0.01256116
4.814127604167e-04	-0.02266065
4.814453125000e-04	-0.00685714
4.814778645833e-04	0.00576233
4.815104166667e-04	0.00985775
4.815429687500e-04	0.01652942
4.815755208333e-04	0.01575398
4.816080729167e-04	0.00566099
4.816406250000e-04	0.00565908
4.816731770833e-04	0.00742235
4.817057291667e-04	-0.00994376
4.817382812500e-04	-0.02013697
4.817708333333e-04	0.00048674
4.818033854167e-04	0.01103584
4.818359375000e-04	-0.00880589
4.818684895833e-04	-0.00644793
4.819010416667e-04	0.02710594
4.819335937500e-04	0.02664264
4.819661458333e-04	-0.00687159
4.819986979167e-04	-0.00505273
4.820312500000e-04	0.01912327
4.820638020833e-04	0.00675189
4.820963541667e-04	-0.00814066
4.821289062500e-04	0.02107457
4.821614583333e-04	0.03482061
4.821940104167e-04	-0.00759679
4.822265625000e-04	-0.02951770
4.822591145833e-04	0.01073615
4.822916666667e-04	0.04207457
4.823242187500e-04	0.02925774
4.823567708333e-04	0.01920831
4.823893229167e-04	0.02137386
4.824218750000e-04	0.00712037
4.824544270833e-04	-0.00598763
4.824869791667e-04	0.00167337
4.825195312500e-04	0.00053833
4.825520833333e-04	-0.01584630
4.825846354167e-04	-0.01159203
4.826171875000e-04	0.01012159
4.826497395833e-04	0.01471373
4.826822916667e-04	0.00667914
4.827148437500e-04	0.00317105
4.827473958333e-04	-0.00510532
4.827799479167e-04	-0.01131738
4.828125000000e-04	0.00557541
4.828450520833e-04	0.02103703
4.828776041667e-04	0.00056011
4.829101562500e-04	-0.02639193
4.829427083333e-04	-0.01656581
4.829752604167e-04	0.00887352
4.830078125000e-04	0.00755797
4.830403645833e-04	-0.01544750
4.830729166667e-04	-0.02723981
4.831054687500e-04	-0.01218528
4.831380208333e-04	0.01784834
4.831705729167e-04	0.03425614
4.832031250000e-04	0.02080881
4.832356770833e-04	-0.00605327
4.832682291667e-04	-0.02260668
4.833007812500e-04	-0.02268956
4.833333333333e-04	-0.00698402
4.833658854167e-04	0.01389996
4.833984375000e-04	0.01362615
4.834309895833e-04	-0.00713700
4.834635416667e-04	-0.00851217
4.834960937500e-04	0.01505107
4.835286458333e-04	0.01659389
4.835611979167e-04	-0.01226378
4.835937500000e-04	-0.02198441
4.836263020833e-04	-0.00048511
4.836588541667e-04	0.00966175
4.836914062500e-04	-0.00343857
4.837239583333e-04	-0.00969151
4.837565104167e-04	-0.00148759
4.837890625000e-04	0.00482913
4.838216145833e-04	0.00928641
4.838541666667e-04	0.01733315
4.838867187500e-04	0.01724924
4.839192708333e-04	0.00094770
4.839518229167e-04	-0.01800380
4.839843750000e-04	-0.02285766
4.840169270833e-04	-0.01321802
4.840494791667e-04	-0.00009709
4.840820312500e-04	0.00922843
4.841145833333e-04	0.01381404
4.841471354167e-04	0.01015848
4.841796875000e-04	-0.00203739
4.842122395833e-04	-0.00791509
4.842447916667e-04	0.00061558
4.842773437500e-04	0.00310405
4.843098958333e-04	-0.01115125
4.843424479167e-04	-0.01454144
4.843750000000e-04	0.00342812
4.844075520833e-04	0.00673506
4.844401041667e-04	-0.01464939
4.844726562500e-04	-0.01844711
4.845052083333e-04	0.00585359
4.845377604167e-04	0.01659358
4.845703125000e-04	0.00381401
4.846028645833e-04	-0.00155783
4.846354166667e-04	0.00071192
4.846679687500e-04	-0.00971294
4.847005208333e-04	-0.01727768
4.847330729167e-04	-0.00180950
4.847656250000e-04	0.01399549
4.847981770833e-04	0.00514714
4.848307291667e-04	-0.01302635
4.848632812500e-04	-0.01587227
4.848958333333e-04	-0.00280874
4.849283854167e-04	0.01217160
4.849609375000e-04	0.01715415
4.849934895833e-04	0.01095920
4.850260416667e-04	0.00193727
4.850585937500e-04	-0.00633081
4.850911458333e-04	-0.01399921
4.851236979167e-04	-0.01070255
4.851562500000e-04	0.00814908
4.851888020833e-04	0.02273701
4.852213541667e-04	0.01820174
4.852539062500e-04	0.00516175
4.852864583333e-04	-0.00842201
4.853190104167e-04	-0.02006052
4.853515625000e-04	-0.01052612
4.853841145833e-04	0.02016959
4.854166666667e-04	0.02532056
4.854492187500e-04	-0.01193142
4.854817708333e-04	-0.03362656
4.855143229167e-04	-0.00450989
4.855468750000e-04	0.02722282
4.855794270833e-04	0.02222656
4.856119791667e-04	0.00933427
4.856445312500e-04	0.01331577
4.856770833333e-04	0.01517205
4.857096354167e-04	0.00522317
4.857421875000e-04	0.00014317
4.857747395833e-04	0.00545063
4.858072916667e-04	0.01151318
4.858398437500e-04	0.01266328
4.858723958333e-04	0.00636905
4.859049479167e-04	-0.00544470
4.859375000000e-04	-0.01353161
4.859700520833e-04	-0.01555838
4.860026041667e-04	-0.01521656
4.860351562500e-04	-0.00678298
4.860677083333e-04	0.00816980
4.861002604167e-04	0.00771493
4.861328125000e-04	-0.01046831
4.861653645833e-04	-0.01494589
4.861979166667e-04	0.00060159
4.862304687500e-04	0.00181282
4.862630208333e-04	-0.01679154
4.862955729167e-04	-0.01770419
4.863281250000e-04	0.00424744
4.863606770833e-04	0.00870656
4.863932291667e-04	-0.01301446
4.864257812500e-04	-0.02101084
4.864583333333e-04	-0.00001022
4.864908854167e-04	0.01518306
4.865234375000e-04	0.00133080
4.865559895833e-04	-0.01822223
4.865885416667e-04	-0.01638823
4.866210937500e-04	-0.00133340
4.866536458333e-04	0.00588830
4.866861979167e-04	0.00462281
4.867187500000e-04	0.00480627
4.867513020833e-04	0.00369914
4.867838541667e-04	-0.00554236
4.868164062500e-04	-0.01506582
4.868489583333e-04	-0.01285656
4.868815104167e-04	-0.00379347
4.869140625000e-04	-0.00204333
4.869466145833e-04	-0.00771947
4.869791666667e-04	-0.00815665
4.870117187500e-04	-0.00069467
4.870442708333e-04	0.00360479
4.870768229167e-04	0.00124333
4.871093750000e-04	0.00085093
4.871419270833e-04	0.00173509
4.871744791667e-04	-0.00594862
4.872070312500e-04	-0.01432823
4.872395833333e-04	-0.00491986
4.872721354167e-04	0.01423022
4.873046875000e-04	0.01824776
4.873372395833e-04	0.00819104
4.873697916667e-04	0.00151623
4.874023437500e-04	-0.00341181
4.874348958333e-04	-0.01114425
4.874674479167e-04	-0.00861063
4.875000000000e-04	0.00363033
4.875325520833e-04	0.00362777
4.875651041667e-04	-0.00731699
4.875976562500e-04	-0.00656383
4.876302083333e-04	0.00216830
4.876627604167e-04	0.00239371
4.876953125000e-04	0.00521565
4.877278645833e-04	0.01909974
4.877604166667e-04	0.02066501
4.877929687500e-04	0.00260563
4.878255208333e-04	-0.00550718
4.878580729167e-04	0.00508673
4.878906250000e-04	0.00723851
4.879231770833e-04	-0.00697507
4.879557291667e-04	-0.01565308
4.879882812500e-04	-0.00857471
4.880208333333e-04	0.00419818
4.880533854167e-04	0.01059892
4.880859375000e-04	0.00480961
4.881184895833e-04	-0.00318270
4.881510416667e-04	0.00354078
4.881835937500e-04	0.01409252
4.882161458333e-04	0.00240554
4.882486979167e-04	-0.01821237
4.882812500000e-04	-0.01268130
4.883138020833e-04	0.00921568
4.883463541667e-04	0.01137920
4.883789062500e-04	-0.00414541
4.884114583333e-04	-0.01320086
4.884440104167e-04	-0.01448875
4.884765625000e-04	-0.01327307
4.885091145833e-04	-0.00566732
4.885416666667e-04	0.00001875
4.885742187500e-04	-0.00571885
4.886067708333e-04	-0.00849136
4.886393229167e-04	0.00089110
4.886718750000e-04	0.00529367
4.887044270833e-04	0.00145090
4.887369791667e-04	0.00975543
4.887695312500e-04	0.02608812
4.888020833333e-04	0.02323952
4.888346354167e-04	0.00350405
4.888671875000e-04	-0.00553116
4.888997395833e-04	0.00216729
4.889322916667e-04	0.01089064
4.889648437500e-04	0.01130042
4.889973958333e-04	0.00324102
4.890299479167e-04	-0.00928603
4.890625000000e-04	-0.01690012
4.890950520833e-04	-0.01340539
4.891276041667e-04	-0.00287971
4.891601562500e-04	0.00551583
4.891927083333e-04	0.00288519
4.892252604167e-04	-0.00944531
4.892578125000e-04	-0.01343219
4.892903645833e-04	-0.00075902
4.893229166667e-04	0.00575680
4.893554687500e-04	-0.00875919
4.893880208333e-04	-0.01924163
4.894205729167e-04	-0.00739917
4.894531250000e-04	0.00380406
4.894856770833e-04	-0.00097021
4.895182291667e-04	-0.00283250
4.895507812500e-04	0.00301959
4.895833333333e-04	-0.00320488
4.896158854167e-04	-0.01650686
4.896484375000e-04	-0.01202057
4.896809895833e-04	0.00449958
4.897135416667e-04	0.00899044
4.897460937500e-04	0.00384969
4.897786458333e-04	0.00339263
4.898111979167e-04	0.00212293
4.898437500000e-04	-0.00684899
4.898763020833e-04	-0.01114938
4.899088541667e-04	-0.00178609
4.899414062500e-04	0.00854174
4.899739583333e-04	0.00633287
4.900065104167e-04	-0.00145534
4.900390625000e-04	-0.00065309
4.900716145833e-04	0.00650404
4.901041666667e-04	0.00769283
4.901367187500e-04	0.00444015
4.901692708333e-04	0.00600832
4.902018229167e-04	0.00508896
4.902343750000e-04	-0.00787992
4.902669270833e-04	-0.01633102
4.902994791667e-04	-0.00306881
4.903320312500e-04	0.01352307
4.903645833333e-04	0.00918592
4.903971354167e-04	-0.00683673
4.904296875000e-04	-0.01485031
4.904622395833e-04	-0.01240105
4.904947916667e-04	-0.00148559
4.905273437500e-04	0.01338397
4.905598958333e-04	0.01721498
4.905924479167e-04	0.00808210
4.906250000000e-04	0.00204772
4.906575520833e-04	-0.00364894
4.906901041667e-04	-0.02029983
4.907226562500e-04	-0.02324071
4.907552083333e-04	0.00948827
4.907877604167e-04	0.03813783
4.908203125000e-04	0.02159873
4.908528645833e-04	-0.00942672
4.908854166667e-04	-0.01336417
4.909179687500e-04	-0.00437862
4.909505208333e-04	-0.00165705
4.909830729167e-04	0.00591090
4.910156250000e-04	0.01278651
4.910481770833e-04	-0.00010474
4.910807291667e-04	-0.01399776
4.911132812500e-04	-0.00352573
4.911458333333e-04	0.00835593
4.911783854167e-04	-0.00606405
4.912109375000e-04	-0.02758979
4.912434895833e-04	-0.03052274
4.912760416667e-04	-0.02142218
4.913085937500e-04	-0.01227063
4.913411458333e-04	-0.00435474
4.913736979167e-04	-0.00275372
4.914062500000e-04	-0.00982887
4.914388020833e-04	-0.01518768
4.914713541667e-04	-0.01150544
4.915039062500e-04	-0.00299783
4.915364583333e-04	0.00413695
4.915690104167e-04	0.00548036
4.916015625000e-04	0.00200116
4.916341145833e-04	0.00197354
4.916666666667e-04	0.00529097
4.916992187500e-04	0.00067207
4.917317708333e-04	-0.00952203
4.917643229167e-04	-0.01059981
4.917968750000e-04	-0.00433381
4.918294270833e-04	-0.00134064
4.918619791667e-04	0.00228227
4.918945312500e-04	0.00809608
4.919270833333e-04	0.00531618
4.919596354167e-04	-0.00095144
4.919921875000e-04	0.00469751
4.920247395833e-04	0.01096639
4.920572916667e-04	-0.00039408
4.920898437500e-04	-0.01436121
4.921223958333e-04	-0.01154756
4.921549479167e-04	-0.00440007
4.921875000000e-04	-0.00578125
4.922200520833e-04	-0.00408488
4.922526041667e-04	0.00625556
4.922851562500e-04	0.01097203
4.923177083333e-04	0.00214383
4.923502604167e-04	-0.01039903
4.923828125000e-04	-0.01265357
4.924153645833e-04	-0.00310737
4.924479166667e-04	0.00215770
4.924804687500e-04	-0.00427736
4.925130208333e-04	-0.00026120
4.925455729167e-04	0.02337578
4.925781250000e-04	0.03165626
4.926106770833e-04	0.00905959
4.926432291667e-04	-0.00335467
4.926757812500e-04	0.01341807
4.927083333333e-04	0.02280852
4.927408854167e-04	0.01278878
4.927734375000e-04	0.00894222
4.928059895833e-04	0.00426435
4.928385416667e-04	-0.01711625
4.928710937500e-04	-0.02412033
4.929036458333e-04	-0.00460270
4.929361979167e-04	-0.00491298
4.929687500000e-04	-0.02907624
4.930013020833e-04	-0.01973995
4.930338541667e-04	0.01743470
4.930664062500e-04	0.01582839
4.930989583333e-04	-0.01833181
4.931315104167e-04	-0.02284329
4.931640625000e-04	-0.00273574
4.931966145833e-04	-0.00330053
4.932291666667e-04	-0.01411688
4.932617187500e-04	-0.00460552
4.932942708333e-04	0.01055795
4.933268229167e-04	0.00915300
4.933593750000e-04	0.00146955
4.933919270833e-04	0.00105691
4.934244791667e-04	0.00319098
4.934570312500e-04	-0.00066376
4.934895833333e-04	-0.00962045
4.935221354167e-04	-0.01139070
4.935546875000e-04	0.00110706
4.935872395833e-04	0.01207444
4.936197916667e-04	0.00838498
4.936523437500e-04	0.00496371
4.936848958333e-04	0.00932554
4.937174479167e-04	0.00323193
4.937500000000e-04	-0.00955733
4.937825520833e-04	-0.00211802
4.938151041667e-04	0.01571858
4.938476562500e-04	0.01245725
4.938802083333e-04	-0.00316333
4.939127604167e-04	-0.00640578
4.939453125000e-04	-0.00110140
4.939778645833e-04	0.00755494
4.940104166667e-04	0.02012568
4.940429687500e-04	0.01419130
4.940755208333e-04	-0.01519932
4.941080729167e-04	-0.02380903
4.941406250000e-04	0.00155676
4.941731770833e-04	0.01288744
4.942057291667e-04	0.00046439
4.942382812500e-04	0.00658421
4.942708333333e-04	0.02470870
4.943033854167e-04	0.01637823
4.943359375000e-04	0.00357646
4.943684895833e-04	0.01913190
4.944010416667e-04	0.02941073
4.944335937500e-04	0.00689281
4.944661458333e-04	-0.01200173
4.944986979167e-04	-0.00347517
4.945312500000e-04	0.00966867
4.945638020833e-04	0.01578824
4.945963541667e-04	0.01592049
4.946289062500e-04	-0.00242164
4.946614583333e-04	-0.02688727
4.946940104167e-04	-0.01889596
4.947265625000e-04	0.01581293
4.947591145833e-04	0.03251212
4.947916666667e-04	0.02200426
4.948242187500e-04	0.00714729
4.948567708333e-04	-0.00471397
4.948893229167e-04	-0.01199967
4.949218750000e-04	-0.00632013
4.949544270833e-04	0.00584351
4.949869791667e-04	0.01177921
4.950195312500e-04	0.01433217
4.950520833333e-04	0.01486575
4.950846354167e-04	0.00731401
4.951171875000e-04	-0.00079344
4.951497395833e-04	-0.00094769
4.951822916667e-04	-0.00077347
4.952148437500e-04	0.00123171
4.952473958333e-04	0.01449771
4.952799479167e-04	0.02018093
4.953125000000e-04	-0.00153509
4.953450520833e-04	-0.02263699
4.953776041667e-04	-0.01272584
4.954101562500e-04	0.00529111
4.954427083333e-04	0.00299286
4.954752604167e-04	-0.00580666
4.955078125000e-04	-0.00504366
4.955403645833e-04	-0.00370300
4.955729166667e-04	-0.00574740
4.956054687500e-04	-0.00401987
4.956380208333e-04	-0.00001815
4.956705729167e-04	0.00187356
4.957031250000e-04	0.00133548
4.957356770833e-04	-0.00353189
4.957682291667e-04	-0.00729792
4.958007812500e-04	-0.00019305
4.958333333333e-04	0.00762275
4.958658854167e-04	0.00135473
4.958984375000e-04	-0.00417172
4.959309895833e-04	0.00778979
4.959635416667e-04	0.01895187
4.959960937500e-04	0.01189590
4.960286458333e-04	0.00189118
4.960611979167e-04	0.00030273
4.960937500000e-04	-0.00345671
4.961263020833e-04	-0.00911029
4.961588541667e-04	-0.00454861
4.961914062500e-04	0.00564394
4.962239583333e-04	0.00868574
4.962565104167e-04	0.00346383
4.962890625000e-04	-0.00675594
4.963216145833e-04	-0.01704001
4.963541666667e-04	-0.01721461
4.963867187500e-04	-0.00734253
4.964192708333e-04	-0.00011616
4.964518229167e-04	0.00194381
4.964843750000e-04	0.00523999
4.965169270833e-04	0.00638549
4.965494791667e-04	0.00184202
4.965820312500e-04	-0.00132246
4.966145833333e-04	-0.00113802
4.966471354167e-04	-0.00213895
4.966796875000e-04	-0.00088337
4.967122395833e-04	0.00476491
4.967447916667e-04	0.00785220
4.967773437500e-04	0.00877251
4.968098958333e-04	0.01172422
4.968424479167e-04	0.00887995
4.968750000000e-04	0.00056770
4.969075520833e-04	0.00417766
4.969401041667e-04	0.01518065
4.969726562500e-04	0.00867561
4.970052083333e-04	-0.00554134
4.970377604167e-04	0.00342679
4.970703125000e-04	0.02134019
4.971028645833e-04	0.01208351
4.971354166667e-04	-0.01105157
4.971679687500e-04	-0.01056107
4.972005208333e-04	0.00839560
4.972330729167e-04	0.01675871
4.972656250000e-04	0.01256449
4.972981770833e-04	0.01071355
4.973307291667e-04	0.01322788
4.973632812500e-04	0.01306850
4.973958333333e-04	0.00610361
4.974283854167e-04	-0.00666492
4.974609375000e-04	-0.01737482
4.974934895833e-04	-0.01601495
4.975260416667e-04	-0.00268844
4.975585937500e-04	0.00805248
4.975911458333e-04	0.00037764
4.976236979167e-04	-0.01962037
4.976562500000e-04	-0.02518492
4.976888020833e-04	-0.00985453
4.977213541667e-04	-0.00096301
4.977539062500e-04	-0.00716035
4.977864583333e-04	-0.00140230
4.978190104167e-04	0.01460593
4.978515625000e-04	0.00290507
4.978841145833e-04	-0.02790168
4.979166666667e-04	-0.02636943
4.979492187500e-04	0.00226469
4.979817708333e-04	0.00590358
4.980143229167e-04	-0.01320172
4.980468750000e-04	-0.01429390
4.980794270833e-04	-0.00370181
4.981119791667e-04	-0.00756366
4.981445312500e-04	-0.01040238
4.981770833333e-04	0.00354058
4.982096354167e-04	0.01197626
4.982421875000e-04	0.00416406
4.982747395833e-04	0.00066595
4.983072916667e-04	0.00712635
4.983398437500e-04	0.01055904
4.983723958333e-04	0.01285571
4.984049479167e-04	0.01927473
4.984375000000e-04	0.01756019
4.984700520833e-04	-0.00040941
4.985026041667e-04	-0.02174312
4.985351562500e-04	-0.02908990
4.985677083333e-04	-0.01806180
4.986002604167e-04	-0.00170608
4.986328125000e-04	0.00274884
4.986653645833e-04	-0.00006611
4.986979166667e-04	0.00704144
4.987304687500e-04	0.01545668
4.987630208333e-04	0.00588832
4.987955729167e-04	-0.00670706
4.988281250000e-04	-0.00102062
4.988606770833e-04	0.00428156
4.988932291667e-04	-0.00859953
4.989257812500e-04	-0.01806364
4.989583333333e-04	-0.01528819
4.989908854167e-04	-0.02461443
4.990234375000e-04	-0.03953681
4.990559895833e-04	-0.02478432
4.990885416667e-04	0.00707310
4.991210937500e-04	0.01279852
4.991536458333e-04	-0.00143685
4.991861979167e-04	-0.00345877
4.992187500000e-04	-0.00160981
4.992513020833e-04	-0.01374322
4.992838541667e-04	-0.02141357
4.993164062500e-04	-0.00947077
4.993489583333e-04	0.00479090
4.993815104167e-04	0.00970237
4.994140625000e-04	0.01183488
4.994466145833e-04	0.00983087
4.994791666667e-04	-0.01259750
4.995117187500e-04	-0.00053695
4.995442708333e-04	0.01137649
4.995768229167e-04	0.00356792
4.996093750000e-04	-0.01171447
4.996419270833e-04	-0.01323656
4.996744791667e-04	-0.00770228
4.997070312500e-04	-0.00634665
4.997395833333e-04	-0.00079447
4.997721354167e-04	0.01150017
4.998046875000e-04	0.01641868
4.998372395833e-04	0.01030154
4.998697916667e-04	0.00375572
4.999023437500e-04	-0.00105443
4.999348958333e-04	-0.00907262
4.999674479167e-04	-0.01492822
5.000000000000e-04	-0.00758278
5.000325520833e-04	0.01100613
5.000651041667e-04	0.02343909
5.000976562500e-04	0.01663377
5.001302083333e-04	0.00005571
5.001627604167e-04	-0.00546458
5.001953125000e-04	0.00467830
5.002278645833e-04	0.01635739
5.002604166667e-04	0.01819730
5.002929687500e-04	0.01146168
5.003255208333e-04	0.00412597
5.003580729167e-04	0.00240473
5.003906250000e-04	0.00246270
5.004231770833e-04	-0.00252276
5.004557291667e-04	-0.00391209
5.004882812500e-04	0.00869157
5.005208333333e-04	0.01806043
5.005533854167e-04	0.00476845
5.005859375000e-04	-0.01148579
5.006184895833e-04	-0.00638907
5.006510416667e-04	0.00215654
5.006835937500e-04	-0.00700595
5.007161458333e-04	-0.01781271
5.007486979167e-04	-0.01721436
5.007812500000e-04	-0.01704175
5.008138020833e-04	-0.01356188
5.008463541667e-04	0.00692426
5.008789062500e-04	0.02436556
5.009114583333e-04	0.01574030
5.009440104167e-04	0.00296856
5.009765625000e-04	0.00939315
5.010091145833e-04	0.01468350
5.010416666667e-04	-0.00025099
5.010742187500e-04	-0.01758282
5.011067708333e-04	-0.01902401
5.011393229167e-04	-0.00960430
5.011718750000e-04	-0.00030399
5.012044270833e-04	0.00102463
5.012369791667e-04	-0.00401420
5.012695312500e-04	0.00070883
5.013020833333e-04	0.01707075
5.013346354167e-04	0.01826880
5.013671875000e-04	-0.00316584
5.013997395833e-04	-0.01430776
5.014322916667e-04	-0.00037534
5.014648437500e-04	0.00890898
5.014973958333e-04	-0.00560427
5.015299479167e-04	-0.02383978
5.015625000000e-04	-0.02473860
5.015950520833e-04	-0.01314608
5.016276041667e-04	-0.00561236
5.016601562500e-04	-0.00750255
5.016927083333e-04	-0.00533148
5.017252604167e-04	0.00902740
5.017578125000e-04	0.01410429
5.017903645833e-04	-0.00550219
5.018229166667e-04	-0.02002594
5.018554687500e-04	-0.00479630
5.018880208333e-04	0.01009696
5.019205729167e-04	-0.00047838
5.019531250000e-04	-0.00796637
5.019856770833e-04	0.00722088
5.020182291667e-04	0.02084801
5.020507812500e-04	0.02290270
5.020833333333e-04	0.02620486
5.021158854167e-04	0.01886310
5.021484375000e-04	-0.00779082
5.021809895833e-04	-0.01906804
5.022135416667e-04	0.00181471
5.022460937500e-04	0.01561933
5.022786458333e-04	0.00253041
5.023111979167e-04	-0.00700951
5.023437500000e-04	-0.00326883
5.023763020833e-04	-0.00906324
5.024088541667e-04	-0.01898417
5.024414062500e-04	-0.00988659
5.024739583333e-04	0.00600197
5.025065104167e-04	0.00360674
5.025390625000e-04	-0.00909265
5.025716145833e-04	-0.00994928
5.026041666667e-04	0.00260110
5.026367187500e-04	0.01363972
5.026692708333e-04	0.01163680
5.027018229167e-04	0.00170933
5.027343750000e-04	-0.00052496
5.027669270833e-04	0.00562311
5.027994791667e-04	0.00691722
5.028320312500e-04	0.00612021
5.028645833333e-04	0.01259821
5.028971354167e-04	0.01193913
5.029296875000e-04	-0.00611767
5.029622395833e-04	-0.01706122
5.029947916667e-04	-0.00733356
5.030273437500e-04	-0.00196480
5.030598958333e-04	-0.01003507
5.030924479167e-04	-0.00970612
5.031250000000e-04	-0.00355962
5.031575520833e-04	-0.01133622
5.031901041667e-04	-0.01773302
5.032226562500e-04	-0.00380838
5.032552083333e-04	0.00778271
5.032877604167e-04	0.00233957
5.033203125000e-04	0.00416652
5.033528645833e-04	0.01711136
5.033854166667e-04	0.01592477
5.034179687500e-04	0.00866682
5.034505208333e-04	0.01684091
5.034830729167e-04	0.01485838
5.035156250000e-04	-0.01695295
5.035481770833e-04	-0.03051205
5.035807291667e-04	0.00735732
5.036132812500e-04	0.04212547
5.036458333333e-04	0.02448725
5.036783854167e-04	-0.00562448
5.037109375000e-04	0.00054076
5.037434895833e-04	0.01848058
5.037760416667e-04	0.00979622
5.038085937500e-04	-0.00856345
5.038411458333e-04	-0.00442901
5.038736979167e-04	0.01515022
5.039062500000e-04	0.02558247
5.039388020833e-04	0.02122784
5.039713541667e-04	0.00808568
5.040039062500e-04	-0.00877401
5.040364583333e-04	-0.01748612
5.040690104167e-04	-0.00702921
5.041015625000e-04	0.00977329
5.041341145833e-04	0.00875173
5.041666666667e-04	-0.00693160
5.041992187500e-04	-0.01187470
5.042317708333e-04	-0.00228959
5.042643229167e-04	0.00081426
5.042968750000e-04	-0.00846005
5.043294270833e-04	-0.01364742
5.043619791667e-04	-0.00738561
5.043945312500e-04	-0.00032548
5.044270833333e-04	-0.00152537
5.044596354167e-04	-0.00834413
5.044921875000e-04	-0.01046055
5.045247395833e-04	-0.00047388
5.045572916667e-04	0.01215178
5.045898437500e-04	0.01001357
5.046223958333e-04	-0.00261703
5.046549479167e-04	-0.00555624
5.046875000000e-04	0.00005865
5.047200520833e-04	-0.00193651
5.047526041667e-04	-0.00631587
5.047851562500e-04	-0.00137293
5.048177083333e-04	-0.00118358
5.048502604167e-04	-0.01514027
5.048828125000e-04	-0.01741745
5.049153645833e-04	0.00601987
5.049479166667e-04	0.02287816
5.049804687500e-04	0.00980082
5.050130208333e-04	-0.00712870
5.050455729167e-04	-0.00263679
5.050781250000e-04	0.00751386
5.051106770833e-04	0.00404929
5.051432291667e-04	-0.00336361
5.051757812500e-04	-0.00082299
5.052083333333e-04	0.00640476
5.052408854167e-04	0.00647003
5.052734375000e-04	-0.00222102
5.053059895833e-04	-0.01000539
5.053385416667e-04	-0.00660366
5.053710937500e-04	0.00474774
5.054036458333e-04	0.01000304
5.054361979167e-04	0.00598210
5.054687500000e-04	0.00433947
5.055013020833e-04	0.00872728
5.055338541667e-04	0.00870297
5.055664062500e-04	0.00175345
5.055989583333e-04	-0.00083227
5.056315104167e-04	0.00438265
5.056640625000e-04	0.00580850
5.056966145833e-04	-0.00260037
5.057291666667e-04	-0.01017305
5.057617187500e-04	-0.00646582
5.057942708333e-04	0.00230665
5.058268229167e-04	0.00276581
5.058593750000e-04	-0.00633591
5.058919270833e-04	-0.01290986
5.059244791667e-04	-0.00671042
5.059570312500e-04	0.00924738
5.059895833333e-04	0.02033278
5.060221354167e-04	0.01474634
5.060546875000e-04	-0.00013684
5.060872395833e-04	-0.00575397
5.061197916667e-04	-0.00148133
5.061523437500e-04	-0.00411405
5.061848958333e-04	-0.01209584
5.062174479167e-04	-0.00514227
5.062500000000e-04	0.01290078
5.062825520833e-04	0.01573246
5.063151041667e-04	0.00405925
5.063476562500e-04	0.00205794
5.063802083333e-04	0.00699964
5.064127604167e-04	-0.00220471
5.064453125000e-04	-0.01736040
5.064778645833e-04	-0.01612858
5.065104166667e-04	-0.00533897
5.065429687500e-04	-0.00309682
5.065755208333e-04	-0.00539954
5.066080729167e-04	-0.00437542
5.066406250000e-04	-0.00570871
5.066731770833e-04	-0.00792060
5.067057291667e-04	-0.00082781
5.067382812500e-04	0.00865716
5.067708333333e-04	0.00459303
5.068033854167e-04	-0.00681647
5.068359375000e-04	-0.00506534
5.068684895833e-04	0.01131535
5.069010416667e-04	0.02313271
5.069335937500e-04	0.01939763
5.069661458333e-04	0.01041727
5.069986979167e-04	0.00715799
5.070312500000e-04	0.00280788
5.070638020833e-04	-0.00799823
5.070963541667e-04	-0.00948794
5.071289062500e-04	0.00603807
5.071614583333e-04	0.01474866
5.071940104167e-04	0.00375711
5.072265625000e-04	-0.00270117
5.072591145833e-04	0.00448973
5.072916666667e-04	0.00097067
5.073242187500e-04	-0.00932691
5.073567708333e-04	0.00476173
5.073893229167e-04	0.02632498
5.074218750000e-04	0.01361384
5.074544270833e-04	-0.01122146
5.074869791667e-04	-0.00203924
5.075195312500e-04	0.01856941
5.075520833333e-04	0.00907251
5.075846354167e-04	-0.00897962
5.076171875000e-04	-0.00548381
5.076497395833e-04	0.00146838
5.076822916667e-04	0.00150159
5.077148437500e-04	0.01176064
5.077473958333e-04	0.01817988
5.077799479167e-04	-0.00553596
5.078125000000e-04	-0.03227150
5.078450520833e-04	-0.02552794
5.078776041667e-04	-0.00778572
5.079101562500e-04	-0.01132029
5.079427083333e-04	-0.02116810
5.079752604167e-04	-0.01666454
5.080078125000e-04	-0.00484396
5.080403645833e-04	0.00700758
5.080729166667e-04	0.01463879
5.081054687500e-04	0.00528930
5.081380208333e-04	-0.01367877
5.081705729167e-04	-0.01316775
5.082031250000e-04	0.00460385
5.082356770833e-04	0.00561148
5.082682291667e-04	-0.01430915
5.083007812500e-04	-0.02501794
5.083333333333e-04	-0.01563110
5.083658854167e-04	-0.00329424
5.083984375000e-04	0.00015474
5.084309895833e-04	-0.00284922
5.084635416667e-04	-0.00650265
5.084960937500e-04	-0.00664299
5.085286458333e-04	-0.00466899
5.085611979167e-04	-0.00522773
5.085937500000e-04	-0.00682504
5.086263020833e-04	-0.00515987
5.086588541667e-04	-0.00171900
5.086914062500e-04	0.00077959
5.087239583333e-04	0.00041269
5.087565104167e-04	-0.00731392
5.087890625000e-04	-0.01822171
5.088216145833e-04	-0.01675932
5.088541666667e-04	-0.00256213
5.088867187500e-04	0.00458774
5.089192708333e-04	-0.00015277
5.089518229167e-04	-0.00083833
5.089843750000e-04	0.00515366
5.090169270833e-04	0.00602841
5.090494791667e-04	0.00328941
5.090820312500e-04	0.00424172
5.091145833333e-04	0.00254476
5.091471354167e-04	-0.00543111
5.091796875000e-04	-0.00876530
5.092122395833e-04	-0.00439865
5.092447916667e-04	-0.00407791
5.092773437500e-04	-0.01109394
5.093098958333e-04	-0.01533252
5.093424479167e-04	-0.01278740
5.093750000000e-04	-0.01152558
5.094075520833e-04	-0.01737186
5.094401041667e-04	-0.02192099
5.094726562500e-04	-0.01209395
5.095052083333e-04	0.00507221
5.095377604167e-04	0.00631063
5.095703125000e-04	-0.00665681
5.096028645833e-04	-0.00479670
5.096354166667e-04	0.01226042
5.096679687500e-04	0.01121978
5.097005208333e-04	-0.00680642
5.097330729167e-04	-0.00327217
5.097656250000e-04	0.02005789
5.097981770833e-04	0.02180576
5.098307291667e-04	0.00298819
5.098632812500e-04	0.00165435
5.098958333333e-04	0.01378755
5.099283854167e-04	0.00523825
5.099609375000e-04	-0.01603038
5.099934895833e-04	-0.01642637
5.100260416667e-04	0.00077587
5.100585937500e-04	0.00889309
5.100911458333e-04	0.00243344
5.101236979167e-04	-0.00852249
5.101562500000e-04	-0.01539575
5.101888020833e-04	-0.01097246
5.102213541667e-04	-0.00211296
5.102539062500e-04	-0.00730116
5.102864583333e-04	-0.01868502
5.103190104167e-04	-0.00827865
5.103515625000e-04	0.01427900
5.103841145833e-04	0.01319755
5.104166666667e-04	-0.00339771
5.104492187500e-04	-0.00206592
5.104817708333e-04	0.00410720
5.105143229167e-04	-0.01282265
5.105468750000e-04	-0.02873149
5.105794270833e-04	-0.01603013
5.106119791667e-04	-0.00239499
5.106445312500e-04	-0.00907472
5.106770833333e-04	-0.00801531
5.107096354167e-04	0.00847522
5.107421875000e-04	0.00996239
5.107747395833e-04	0.00130815
5.108072916667e-04	0.00916549
5.108398437500e-04	0.01122025
5.108723958333e-04	-0.01367479
5.109049479167e-04	-0.02175775
5.109375000000e-04	0.00777446
5.109700520833e-04	0.01624472
5.110026041667e-04	-0.01834998
5.110351562500e-04	-0.03398978
5.110677083333e-04	-0.01107703
5.111002604167e-04	-0.00231941
5.111328125000e-04	-0.01384703
5.111653645833e-04	-0.00465494
5.111979166667e-04	0.01203411
5.112304687500e-04	0.00386516
5.112630208333e-04	-0.00010899
5.112955729167e-04	0.02341130
5.113281250000e-04	0.03316874
5.113606770833e-04	0.01068512
5.113932291667e-04	-0.00338690
5.114257812500e-04	0.00095567
5.114583333333e-04	-0.00544895
5.114908854167e-04	-0.01156142
5.115234375000e-04	0.00887500
5.115559895833e-04	0.02844444
5.115885416667e-04	0.01621018
5.116210937500e-04	-0.00350550
5.116536458333e-04	-0.00697621
5.116861979167e-04	-0.00822222
5.117187500000e-04	-0.00730242
5.117513020833e-04	0.01330501
5.117838541667e-04	0.03418137
5.118164062500e-04	0.02207682
5.118489583333e-04	-0.00658107
5.118815104167e-04	-0.01379088
5.119140625000e-04	-0.00290079
5.119466145833e-04	0.00057420
5.119791666667e-04	-0.00279124
5.120117187500e-04	0.00203742
5.120442708333e-04	0.01236839
5.120768229167e-04	0.01365499
5.121093750000e-04	0.00220591
5.121419270833e-04	-0.00947549
5.121744791667e-04	-0.00679787
5.122070312500e-04	0.00710890
5.122395833333e-04	0.01262694
5.122721354167e-04	0.00264006
5.123046875000e-04	-0.00546356
5.123372395833e-04	0.00036248
5.123697916667e-04	0.00776294
5.124023437500e-04	0.00663439
5.124348958333e-04	0.00645079
5.124674479167e-04	0.00993661
5.125000000000e-04	0.00313987
5.125325520833e-04	-0.01165978
5.125651041667e-04	-0.01215081
5.125976562500e-04	0.00115054
5.126302083333e-04	0.00275575
5.126627604167e-04	-0.00835907
5.126953125000e-04	-0.00684987
5.127278645833e-04	0.00817146
5.127604166667e-04	0.01147840
5.127929687500e-04	-0.00098758
5.128255208333e-04	-0.00842436
5.128580729167e-04	-0.00138281
5.128906250000e-04	0.01043706
5.129231770833e-04	0.01473305
5.129557291667e-04	0.00735777
5.129882812500e-04	-0.00143016
5.130208333333e-04	0.00015555
5.130533854167e-04	0.00081859
5.130859375000e-04	-0.01431459
5.131184895833e-04	-0.02689097
5.131510416667e-04	-0.01758064
5.131835937500e-04	-0.00904112
5.132161458333e-04	-0.01787361
5.132486979167e-04	-0.01368478
5.132812500000e-04	0.01503046
5.133138020833e-04	0.02681633
5.133463541667e-04	0.00696409
5.133789062500e-04	-0.00700498
5.134114583333e-04	-0.00446589
5.134440104167e-04	-0.01019818
5.134765625000e-04	-0.01714085
5.135091145833e-04	-0.00351017
5.135416666667e-04	0.01187197
5.135742187500e-04	0.00552244
5.136067708333e-04	-0.00878881
5.136393229167e-04	-0.01667010
5.136718750000e-04	-0.02009481
5.137044270833e-04	-0.01212142
5.137369791667e-04	0.00413611
5.137695312500e-04	0.00178996
5.138020833333e-04	-0.01706573
5.138346354167e-04	-0.01544773
5.138671875000e-04	0.00706704
5.138997395833e-04	0.01466967
5.139322916667e-04	0.00433803
5.139648437500e-04	-0.00264946
5.139973958333e-04	-0.00699277
5.140299479167e-04	-0.00875074
5.140625000000e-04	0.00521375
5.140950520833e-04	0.01849087
5.141276041667e-04	0.00345162
5.141601562500e-04	-0.01668120
5.141927083333e-04	-0.00473727
5.142252604167e-04	0.01797368
5.142578125000e-04	0.01272949
5.142903645833e-04	-0.00682908
5.143229166667e-04	-0.00899183
5.143554687500e-04	-0.00024554
5.143880208333e-04	-0.00254027
5.144205729167e-04	-0.01263538
5.144531250000e-04	-0.01147498
5.144856770833e-04	0.00309187
5.145182291667e-04	0.00778190
5.145507812500e-04	-0.01183731
5.145833333333e-04	-0.02854157
5.146158854167e-04	-0.01223238
5.146484375000e-04	0.01217108
5.146809895833e-04	0.00392713
5.147135416667e-04	-0.02064628
5.147460937500e-04	-0.02291692
5.147786458333e-04	-0.01106878
5.148111979167e-04	-0.00861481
5.148437500000e-04	-0.00649361
5.148763020833e-04	0.00143742
5.149088541667e-04	-0.00218247
5.149414062500e-04	-0.01359726
5.149739583333e-04	-0.00914866
5.150065104167e-04	0.00472738
5.150390625000e-04	0.00563038
5.150716145833e-04	-0.00007329
5.151041666667e-04	0.00045122
5.151367187500e-04	-0.00309661
5.151692708333e-04	-0.01235256
5.152018229167e-04	-0.00684340
5.152343750000e-04	0.01243149
5.152669270833e-04	0.01617919
5.152994791667e-04	-0.00296849
5.153320312500e-04	-0.01950367
5.153645833333e-04	-0.01912844
5.153971354167e-04	-0.01371705
5.154296875000e-04	-0.01105453
5.154622395833e-04	-0.00449758
5.154947916667e-04	0.00451046
5.155273437500e-04	0.00411215
5.155598958333e-04	-0.00276715
5.155924479167e-04	0.00027024
5.156250000000e-04	0.01130737
5.156575520833e-04	0.01085999
5.156901041667e-04	-0.00223138
5.157226562500e-04	-0.01098226
5.157552083333e-04	-0.01458993
5.157877604167e-04	-0.02277087
5.158203125000e-04	-0.02445833
5.158528645833e-04	-0.00567520
5.158854166667e-04	0.01495306
5.159179687500e-04	0.01171916
5.159505208333e-04	-0.00358106
5.159830729167e-04	-0.00275466
5.160156250000e-04	0.00900654
5.160481770833e-04	0.00322320
5.160807291667e-04	-0.01977758
5.161132812500e-04	-0.02737728
5.161458333333e-04	-0.00972154
5.161783854167e-04	0.00157590
5.162109375000e-04	-0.00890255
5.162434895833e-04	-0.01067832
5.162760416667e-04	0.01015148
5.163085937500e-04	0.01751651
5.163411458333e-04	-0.00261242
5.163736979167e-04	-0.00979093
5.164062500000e-04	0.00932966
5.164388020833e-04	0.01425166
5.164713541667e-04	-0.00381194
5.165039062500e-04	-0.00750452
5.165364583333e-04	0.00480636
5.165690104167e-04	0.00287909
5.166015625000e-04	-0.00555527
5.166341145833e-04	-0.00065739
5.166666666667e-04	-0.00121375
5.166992187500e-04	-0.01627797
5.167317708333e-04	-0.01696809
5.167643229167e-04	-0.00246637
5.167968750000e-04	-0.00519794
5.168294270833e-04	-0.01651437
5.168619791667e-04	-0.00385204
5.168945312500e-04	0.01555185
5.169270833333e-04	0.00962214
5.169596354167e-04	-0.00334371
5.169921875000e-04	0.00123983
5.170247395833e-04	0.00637257
5.170572916667e-04	-0.00002133
5.170898437500e-04	0.00037216
5.171223958333e-04	0.01041706
5.171549479167e-04	0.01108605
5.171875000000e-04	0.00229072
5.172200520833e-04	-0.00221643
5.172526041667e-04	-0.00489060
5.172851562500e-04	-0.01300360
5.173177083333e-04	-0.02012837
5.173502604167e-04	-0.01826055
5.173828125000e-04	-0.00877666
5.174153645833e-04	0.00139784
5.174479166667e-04	0.00363585
5.174804687500e-04	-0.00298991
5.175130208333e-04	-0.00588482
5.175455729167e-04	0.00230589
5.175781250000e-04	0.00846676
5.176106770833e-04	-0.00107256
5.176432291667e-04	-0.01845406
5.176757812500e-04	-0.02485373
5.177083333333e-04	-0.01296326
5.177408854167e-04	0.00629456
5.177734375000e-04	0.01551752
5.178059895833e-04	0.01033305
5.178385416667e-04	0.00272764
5.178710937500e-04	0.00152060
5.179036458333e-04	0.00335770
5.179361979167e-04	0.00538086
5.179687500000e-04	0.00669580
5.180013020833e-04	0.00087969
5.180338541667e-04	-0.01055590
5.180664062500e-04	-0.01086387
5.180989583333e-04	0.00368890
5.181315104167e-04	0.01160274
5.181640625000e-04	0.00125576
5.181966145833e-04	-0.01096224
5.182291666667e-04	-0.01048697
5.182617187500e-04	-0.00246183
5.182942708333e-04	0.00429556
5.183268229167e-04	0.00492203
5.183593750000e-04	-0.00396822
5.183919270833e-04	-0.01532227
5.184244791667e-04	-0.01568205
5.184570312500e-04	-0.00794264
5.184895833333e-04	-0.00648388
5.185221354167e-04	-0.00956651
5.185546875000e-04	-0.00638553
5.185872395833e-04	-0.00310519
5.186197916667e-04	-0.00888508
5.186523437500e-04	-0.01199750
5.186848958333e-04	-0.00281135
5.187174479167e-04	0.00261608
5.187500000000e-04	-0.00797765
5.187825520833e-04	-0.02024689
5.188151041667e-04	-0.02400274
5.188476562500e-04	-0.02830932
5.188802083333e-04	-0.02942581
5.189127604167e-04	-0.01084542
5.189453125000e-04	0.01550701
5.189778645833e-04	0.01965475
5.190104166667e-04	0.00477251
5.190429687500e-04	-0.00225531
5.190755208333e-04	0.00163094
5.191080729167e-04	0.00238982
5.191406250000e-04	-0.00116769
5.191731770833e-04	-0.00592419
5.192057291667e-04	-0.01088327
5.192382812500e-04	-0.00604841
5.192708333333e-04	0.00742557
5.193033854167e-04	0.00500907
5.193359375000e-04	-0.01415398
5.193684895833e-04	-0.01459155
5.194010416667e-04	0.00848837
5.194335937500e-04	0.01907792
5.194661458333e-04	0.01354305
5.194986979167e-04	0.01852333
5.195312500000e-04	0.02332010
5.195638020833e-04	0.00584658
5.195963541667e-04	-0.00852011
5.196289062500e-04	0.00145756
5.196614583333e-04	0.00495216
5.196940104167e-04	-0.01052402
5.197265625000e-04	-0.00796138
5.197591145833e-04	0.01572729
5.197916666667e-04	0.01639048
5.198242187500e-04	-0.00750644
5.198567708333e-04	-0.01355842
5.198893229167e-04	-0.00007239
5.199218750000e-04	-0.00021059
5.199544270833e-04	-0.01246595
5.199869791667e-04	-0.01139887
5.200195312500e-04	-0.00023995
5.200520833333e-04	0.00055271
5.200846354167e-04	-0.00705320
5.201171875000e-04	-0.00536887
5.201497395833e-04	0.00554301
5.201822916667e-04	0.00568872
5.202148437500e-04	-0.00952589
5.202473958333e-04	-0.01554937
5.202799479167e-04	-0.00076836
5.203125000000e-04	0.00963160
5.203450520833e-04	0.00220615
5.203776041667e-04	0.00044218
5.204101562500e-04	0.01111439
5.204427083333e-04	0.00959796
5.204752604167e-04	-0.00202961
5.205078125000e-04	0.00149118
5.205403645833e-04	0.00954151
5.205729166667e-04	-0.00049523
5.206054687500e-04	-0.01079622
5.206380208333e-04	-0.00564194
5.206705729167e-04	-0.00804781
5.207031250000e-04	-0.02194653
5.207356770833e-04	-0.01698617
5.207682291667e-04	0.00321281
5.208007812500e-04	0.00425882
5.208333333333e-04	-0.01069877
5.208658854167e-04	-0.01394504
5.208984375000e-04	-0.00575922
5.209309895833e-04	0.00155543
5.209635416667e-04	0.00746598
5.209960937500e-04	0.00714885
5.210286458333e-04	-0.00131469
5.210611979167e-04	-0.00335518
5.210937500000e-04	0.00358727
5.211263020833e-04	0.00488769
5.211588541667e-04	0.00309137
5.211914062500e-04	0.00690744
5.212239583333e-04	0.00450390
5.212565104167e-04	-0.00636676
5.212890625000e-04	-0.00834464
5.213216145833e-04	-0.00615182
5.213541666667e-04	-0.01095528
5.213867187500e-04	-0.00069435
5.214192708333e-04	0.02803999
5.214518229167e-04	0.03003323
5.214843750000e-04	0.00090385
5.215169270833e-04	-0.00428692
5.215494791667e-04	0.01696689
5.215820312500e-04	0.01297459
5.216145833333e-04	-0.00884325
5.216471354167e-04	-0.00628742
5.216796875000e-04	-0.00078174
5.217122395833e-04	-0.02238228
5.217447916667e-04	-0.03327851
5.217773437500e-04	-0.00754030
5.218098958333e-04	0.01282037
5.218424479167e-04	0.00200196
5.218750000000e-04	-0.01282907
5.219075520833e-04	-0.01311993
5.219401041667e-04	-0.00180292
5.219726562500e-04	0.01633792
5.220052083333e-04	0.01791248
5.220377604167e-04	-0.01239991
5.220703125000e-04	-0.03425475
5.221028645833e-04	-0.01240517
5.221354166667e-04	0.01397939
5.221679687500e-04	0.00401706
5.222005208333e-04	-0.01440241
5.222330729167e-04	-0.01026596
5.222656250000e-04	0.00040284
5.222981770833e-04	0.00257822
5.223307291667e-04	0.00084477
5.223632812500e-04	-0.00521544
5.223958333333e-04	-0.00851309
5.224283854167e-04	0.00367563
5.224609375000e-04	0.01452856
5.224934895833e-04	0.00445728
5.225260416667e-04	-0.00552531
5.225585937500e-04	0.00101006
5.225911458333e-04	0.00373871
5.226236979167e-04	0.00210353
5.226562500000e-04	0.01679031
5.226888020833e-04	0.02416252
5.227213541667e-04	-0.00470644
5.227539062500e-04	-0.02830882
5.227864583333e-04	-0.00700204
5.228190104167e-04	0.01614163
5.228515625000e-04	0.00305226
5.228841145833e-04	-0.00859777
5.229166666667e-04	0.00514658
5.229492187500e-04	0.00884749
5.229817708333e-04	-0.00611434
5.230143229167e-04	-0.00464187
5.230468750000e-04	0.01164015
5.230794270833e-04	0.00907665
5.231119791667e-04	-0.00768631
5.231445312500e-04	-0.00977053
5.231770833333e-04	0.00182449
5.232096354167e-04	0.00818011
5.232421875000e-04	0.00374002
5.232747395833e-04	-0.00831452
5.233072916667e-04	-0.02063189
5.233398437500e-04	-0.01976242
5.233723958333e-04	-0.00284123
5.234049479167e-04	0.01374402
5.234375000000e-04	0.01525783
5.234700520833e-04	0.00614285
5.235026041667e-04	0.00145643
5.235351562500e-04	0.00656626
5.235677083333e-04	0.00868120
5.236002604167e-04	-0.00419221
5.236328125000e-04	-0.02105849
5.236653645833e-04	-0.02435465
5.236979166667e-04	-0.01772490
5.237304687500e-04	-0.01163867
5.237630208333e-04	-0.00216480
5.237955729167e-04	0.01084424
5.238281250000e-04	0.01533113
5.238606770833e-04	0.01258740
5.238932291667e-04	0.01314041
5.239257812500e-04	0.00916227
5.239583333333e-04	-0.00604559
5.239908854167e-04	-0.01270317
5.240234375000e-04	-0.00067633
5.240559895833e-04	0.00759047
5.240885416667e-04	0.00241460
5.241210937500e-04	0.00302997
5.241536458333e-04	0.01130799
5.241861979167e-04	0.00825966
5.242187500000e-04	-0.00318075
5.242513020833e-04	-0.00776525
5.242838541667e-04	-0.01175963
5.243164062500e-04	-0.02151169
5.243489583333e-04	-0.02290311
5.243815104167e-04	-0.01310179
5.244140625000e-04	-0.00862552
5.244466145833e-04	-0.00954195
5.244791666667e-04	-0.00353119
5.245117187500e-04	0.00087659
5.245442708333e-04	-0.00846972
5.245768229167e-04	-0.01798209
5.246093750000e-04	-0.01512503
5.246419270833e-04	-0.01298177
5.246744791667e-04	-0.01935512
5.247070312500e-04	-0.01926105
5.247395833333e-04	-0.00794961
5.247721354167e-04	-0.00233305
5.248046875000e-04	-0.00670843
5.248372395833e-04	-0.00405888
5.248697916667e-04	0.00905245
5.249023437500e-04	0.01260366
5.249348958333e-04	-0.00106905
5.249674479167e-04	-0.01070729
5.250000000000e-04	-0.00036074
5.250325520833e-04	0.01414783
5.250651041667e-04	0.01207808
5.250976562500e-04	0.00023169
5.251302083333e-04	-0.00308918
5.251627604167e-04	0.00216278
5.251953125000e-04	0.00539212
5.252278645833e-04	0.00512384
5.252604166667e-04	0.00326904
5.252929687500e-04	-0.00347577
5.253255208333e-04	-0.01363500
5.253580729167e-04	-0.01734641
5.253906250000e-04	-0.01036756
5.254231770833e-04	-0.00055373
5.254557291667e-04	0.00341786
5.254882812500e-04	0.00344036
5.255208333333e-04	0.00725908
5.255533854167e-04	0.01191735
5.255859375000e-04	0.00355029
5.256184895833e-04	-0.01601680
5.256510416667e-04	-0.02251065
5.256835937500e-04	-0.00749424
5.257161458333e-04	0.00508637
5.257486979167e-04	0.00105751
5.257812500000e-04	-0.00329905
5.258138020833e-04	0.00046012
5.258463541667e-04	-0.00010913
5.258789062500e-04	-0.00471706
5.259114583333e-04	-0.00215655
5.259440104167e-04	-0.00007527
5.259765625000e-04	-0.00717556
5.260091145833e-04	-0.00852946
5.260416666667e-04	0.00258521
5.260742187500e-04	0.00663618
5.261067708333e-04	-0.00155751
5.261393229167e-04	-0.00398451
5.261718750000e-04	-0.00194640
5.262044270833e-04	-0.01051259
5.262369791667e-04	-0.01602503
5.262695312500e-04	0.00164521
5.263020833333e-04	0.02215515
5.263346354167e-04	0.01557975
5.263671875000e-04	-0.00481676
5.263997395833e-04	-0.00847508
5.264322916667e-04	0.00136552
5.264648437500e-04	0.00262082
5.264973958333e-04	-0.00364018
5.265299479167e-04	-0.00049283
5.265625000000e-04	0.01086216
5.265950520833e-04	0.01373114
5.266276041667e-04	0.00572134
5.266601562500e-04	-0.00026005
5.266927083333e-04	-0.00148203
5.267252604167e-04	-0.00508123
5.267578125000e-04	-0.00730974
5.267903645833e-04	-0.00184052
5.268229166667e-04	0.00281757
5.268554687500e-04	0.00166561
5.268880208333e-04	0.00490259
5.269205729167e-04	0.00982955
5.269531250000e-04	0.00114569
5.269856770833e-04	-0.00985577
5.270182291667e-04	-0.00058160
5.270507812500e-04	0.01347921
5.270833333333e-04	0.00678821
5.271158854167e-04	-0.00413471
5.271484375000e-04	0.00159731
5.271809895833e-04	0.00506592
5.272135416667e-04	-0.00703583
5.272460937500e-04	-0.01335616
5.272786458333e-04	-0.00602554
5.273111979167e-04	-0.00133166
5.273437500000e-04	0.00101060
5.273763020833e-04	0.00654279
5.274088541667e-04	0.00169626
5.274414062500e-04	-0.01083297
5.274739583333e-04	-0.00744510
5.275065104167e-04	0.00137078
5.275390625000e-04	-0.01260281
5.275716145833e-04	-0.02817890
5.276041666667e-04	-0.01104172
5.276367187500e-04	0.01318490
5.276692708333e-04	0.00769473
5.277018229167e-04	-0.00416754
5.277343750000e-04	0.00933546
5.277669270833e-04	0.02595252
5.277994791667e-04	0.01733347
5.278320312500e-04	0.00169019
5.278645833333e-04	0.00674083
5.278971354167e-04	0.02249240
5.279296875000e-04	0.01931840
5.279622395833e-04	-0.00640418
5.279947916667e-04	-0.02470304
5.280273437500e-04	-0.01375055
5.280598958333e-04	0.00859364
5.280924479167e-04	0.01422546
5.281250000000e-04	0.00352693
5.281575520833e-04	-0.00774871
5.281901041667e-04	-0.00974183
5.282226562500e-04	0.00461947
5.282552083333e-04	0.02541574
5.282877604167e-04	0.02131539
5.283203125000e-04	-0.00743509
5.283528645833e-04	-0.01453733
5.283854166667e-04	0.01367591
5.284179687500e-04	0.03500903
5.284505208333e-04	0.03130433
5.284830729167e-04	0.02264993
5.285156250000e-04	0.00521430
5.285481770833e-04	-0.02740209
5.285807291667e-04	-0.03701315
5.286132812500e-04	-0.00731441
5.286458333333e-04	0.01025963
5.286783854167e-04	-0.01065251
5.287109375000e-04	-0.02618891
5.287434895833e-04	-0.01458791
5.287760416667e-04	-0.00747417
5.288085937500e-04	-0.01267744
5.288411458333e-04	-0.00622739
5.288736979167e-04	0.00854104
5.289062500000e-04	0.01250439
5.289388020833e-04	0.01064677
5.289713541667e-04	0.01155191
5.290039062500e-04	0.00839976
5.290364583333e-04	0.00088464
5.290690104167e-04	-0.00210971
5.291015625000e-04	0.00013378
5.291341145833e-04	0.00388056
5.291666666667e-04	0.00701857
5.291992187500e-04	0.00576316
5.292317708333e-04	0.00091684
5.292643229167e-04	-0.00212617
5.292968750000e-04	-0.00423750
5.293294270833e-04	-0.00594879
5.293619791667e-04	-0.00178512
5.293945312500e-04	0.00484445
5.294270833333e-04	0.00763087
5.294596354167e-04	0.01582275
5.294921875000e-04	0.03135439
5.295247395833e-04	0.03336355
5.295572916667e-04	0.01869636
5.295898437500e-04	0.00961089
5.296223958333e-04	0.00536812
5.296549479167e-04	-0.00836711
5.296875000000e-04	-0.01408021
5.297200520833e-04	0.00217291
5.297526041667e-04	0.01181138
5.297851562500e-04	-0.00077130
5.298177083333e-04	-0.01137507
5.298502604167e-04	-0.01378528
5.298828125000e-04	-0.02040968
5.299153645833e-04	-0.01544076
5.299479166667e-04	0.00815007
5.299804687500e-04	0.01468137
5.300130208333e-04	-0.00518048
5.300455729167e-04	-0.01242478
5.300781250000e-04	0.00125435
5.301106770833e-04	0.00803050
5.301432291667e-04	0.00820638
5.301757812500e-04	0.01192671
5.302083333333e-04	0.00554051
5.302408854167e-04	-0.00553276
5.302734375000e-04	0.00192322
5.303059895833e-04	0.01190959
5.303385416667e-04	0.00252693
5.303710937500e-04	-0.00030572
5.304036458333e-04	0.01810855
5.304361979167e-04	0.02479913
5.304687500000e-04	0.01070017
5.305013020833e-04	0.00325153
5.305338541667e-04	0.00462504
5.305664062500e-04	0.00656889
5.305989583333e-04	0.01924475
5.306315104167e-04	0.02701757
5.306640625000e-04	0.00435028
5.306966145833e-04	-0.01656924
5.307291666667e-04	-0.00295347
5.307617187500e-04	0.00739236
5.307942708333e-04	-0.00647655
5.308268229167e-04	-0.00207209
5.308593750000e-04	0.01853335
5.308919270833e-04	0.00817885
5.309244791667e-04	-0.00801627
5.309570312500e-04	0.01398155
5.309895833333e-04	0.02583355
5.310221354167e-04	-0.00873887
5.310546875000e-04	-0.02239079
5.310872395833e-04	0.01420731
5.311197916667e-04	0.02835452
5.311523437500e-04	-0.00110362
5.311848958333e-04	-0.01243392
5.312174479167e-04	0.00169624
5.312500000000e-04	-0.00125704
5.312825520833e-04	-0.01238488
5.313151041667e-04	-0.00756066
5.313476562500e-04	-0.00451882
5.313802083333e-04	-0.00770022
5.314127604167e-04	0.00473152
5.314453125000e-04	0.02105209
5.314778645833e-04	0.01653790
5.315104166667e-04	0.00507003
5.315429687500e-04	0.00479210
5.315755208333e-04	0.00787797
5.316080729167e-04	0.01009201
5.316406250000e-04	0.01182476
5.316731770833e-04	0.00421052
5.317057291667e-04	-0.00593019
5.317382812500e-04	-0.00131092
5.317708333333e-04	0.00814379
5.318033854167e-04	0.00626506
5.318359375000e-04	0.00127539
5.318684895833e-04	-0.00359477
5.319010416667e-04	-0.01334532
5.319335937500e-04	-0.01073422
5.319661458333e-04	0.00701168
5.319986979167e-04	0.00343002
5.320312500000e-04	-0.02042017
5.320638020833e-04	-0.01436291
5.320963541667e-04	0.01446018
5.321289062500e-04	0.00976122
5.321614583333e-04	-0.01432785
5.321940104167e-04	-0.00456116
5.322265625000e-04	0.01629808
5.322591145833e-04	0.00220549
5.322916666667e-04	-0.01841786
5.323242187500e-04	-0.00661279
5.323567708333e-04	0.01512458
5.323893229167e-04	0.02024041
5.324218750000e-04	0.01593620
5.324544270833e-04	0.00638290
5.324869791667e-04	-0.00576941
5.325195312500e-04	-0.00455566
5.325520833333e-04	0.00702736
5.325846354167e-04	0.00865273
5.326171875000e-04	0.00348262
5.326497395833e-04	0.00204287
5.326822916667e-04	-0.00464870
5.327148437500e-04	-0.01336415
5.327473958333e-04	-0.00784305
5.327799479167e-04	-0.00327907
5.328125000000e-04	-0.01826230
5.328450520833e-04	-0.02480200
5.328776041667e-04	-0.00316879
5.329101562500e-04	0.00883748
5.329427083333e-04	-0.00891459
5.329752604167e-04	-0.01254584
5.330078125000e-04	0.01909208
5.330403645833e-04	0.03590684
5.330729166667e-04	0.00227536
5.331054687500e-04	-0.04083032
5.331380208333e-04	-0.03892149
5.331705729167e-04	-0.00201723
5.332031250000e-04	0.01681416
5.332356770833e-04	0.00123531
5.332682291667e-04	-0.01224242
5.333007812500e-04	-0.00281179
5.333333333333e-04	0.00454135
5.333658854167e-04	-0.00126099
5.333984375000e-04	0.00410480
5.334309895833e-04	0.01791228
5.334635416667e-04	0.00686849
5.334960937500e-04	-0.01929985
5.335286458333e-04	-0.01853230
5.335611979167e-04	0.00232606
5.335937500000e-04	0.00454484
5.336263020833e-04	-0.00725373
5.336588541667e-04	-0.00580512
5.336914062500e-04	0.00220737
5.337239583333e-04	0.00232087
5.337565104167e-04	0.00574154
5.337890625000e-04	0.01668288
5.338216145833e-04	0.01910910
5.338541666667e-04	0.01381047
5.338867187500e-04	0.01717800
5.339192708333e-04	0.02248226
5.339518229167e-04	0.01005007
5.339843750000e-04	-0.01141114
5.340169270833e-04	-0.01470778
5.340494791667e-04	0.00254101
5.340820312500e-04	0.01687282
5.341145833333e-04	0.01447704
5.341471354167e-04	0.00171639
5.341796875000e-04	-0.01234662
5.342122395833e-04	-0.01993112
5.342447916667e-04	-0.01193624
5.342773437500e-04	0.00518439
5.343098958333e-04	0.00894730
5.343424479167e-04	-0.00177627
5.343750000000e-04	-0.00253109
5.344075520833e-04	0.00706608
5.344401041667e-04	0.00105753
5.344726562500e-04	-0.01510018
5.345052083333e-04	-0.01019658
5.345377604167e-04	0.00905103
5.345703125000e-04	0.01113250
5.346028645833e-04	0.00163601
5.346354166667e-04	0.00441749
5.346679687500e-04	0.01262975
5.347005208333e-04	0.01380172
5.347330729167e-04	0.01770279
5.347656250000e-04	0.02258529
5.347981770833e-04	0.00873105
5.348307291667e-04	-0.01646180
5.348632812500e-04	-0.02106758
5.348958333333e-04	0.00065140
5.349283854167e-04	0.02206323
5.349609375000e-04	0.02267848
5.349934895833e-04	0.00842081
5.350260416667e-04	-0.00170579
5.350585937500e-04	-0.00235768
5.350911458333e-04	-0.00636417
5.351236979167e-04	-0.01442620
5.351562500000e-04	-0.01041810
5.351888020833e-04	-0.00086158
5.352213541667e-04	-0.00591783
5.352539062500e-04	-0.00676430
5.352864583333e-04	0.02091419
5.353190104167e-04	0.03826026
5.353515625000e-04	0.00505762
5.353841145833e-04	-0.03234097
5.354166666667e-04	-0.01831662
5.354492187500e-04	0.01369000
5.354817708333e-04	0.01298931
5.355143229167e-04	-0.00406982
5.355468750000e-04	-0.00876499
5.355794270833e-04	-0.00600047
5.356119791667e-04	0.00281755
5.356445312500e-04	0.01599527
5.356770833333e-04	0.00823629
5.357096354167e-04	-0.01761853
5.357421875000e-04	-0.01619873
5.357747395833e-04	0.01329235
5.358072916667e-04	0.01613651
5.358398437500e-04	-0.01632145
5.358723958333e-04	-0.03502413
5.359049479167e-04	-0.02330609
5.359375000000e-04	-0.00644431
5.359700520833e-04	0.00607502
5.360026041667e-04	0.01702990
5.360351562500e-04	0.01757538
5.360677083333e-04	0.00841779
5.361002604167e-04	0.00367260
5.361328125000e-04	0.00380382
5.361653645833e-04	0.00170082
5.361979166667e-04	0.00020961
5.362304687500e-04	-0.00143871
5.362630208333e-04	-0.00843334
5.362955729167e-04	-0.01093408
5.363281250000e-04	0.00036342
5.363606770833e-04	0.01118213
5.363932291667e-04	0.00888912
5.364257812500e-04	0.00374043
5.364583333333e-04	0.00183311
5.364908854167e-04	-0.00588878
5.365234375000e-04	-0.01562699
5.365559895833e-04	-0.01211620
5.365885416667e-04	0.00076184
5.366210937500e-04	0.00754388
5.366536458333e-04	0.00956706
5.366861979167e-04	0.01369585
5.367187500000e-04	0.01112239
5.367513020833e-04	-0.00284087
5.367838541667e-04	-0.00959320
5.368164062500e-04	0.00354149
5.368489583333e-04	0.01628737
5.368815104167e-04	0.00566813
5.369140625000e-04	-0.01593258
5.369466145833e-04	-0.02066094
5.369791666667e-04	-0.00650054
5.370117187500e-04	0.00755851
5.370442708333e-04	0.01261116
5.370768229167e-04	0.01198412
5.371093750000e-04	0.00613815
5.371419270833e-04	-0.00265341
5.371744791667e-04	-0.00193749
5.372070312500e-04	0.01500278
5.372395833333e-04	0.03268554
5.372721354167e-04	0.03115597
5.373046875000e-04	0.01553125
5.373372395833e-04	0.00707243
5.373697916667e-04	0.00759341
5.374023437500e-04	0.00180539
5.374348958333e-04	-0.00719389
5.374674479167e-04	-0.00519358
5.375000000000e-04	-0.00331511
5.375325520833e-04	-0.01576290
5.375651041667e-04	-0.01995561
5.375976562500e-04	0.00017778
5.376302083333e-04	0.00995792
5.376627604167e-04	-0.01165300
5.376953125000e-04	-0.02585679
5.377278645833e-04	-0.01102205
5.377604166667e-04	-0.00017899
5.377929687500e-04	-0.00321078
5.378255208333e-04	0.00435218
5.378580729167e-04	0.00995344
5.378906250000e-04	-0.00668917
5.379231770833e-04	-0.01081168
5.379557291667e-04	0.01605347
5.379882812500e-04	0.02466790
5.380208333333e-04	-0.00062568
5.380533854167e-04	-0.00930441
5.380859375000e-04	0.00439651
5.381184895833e-04	-0.00015904
5.381510416667e-04	-0.00822451
5.381835937500e-04	0.01129687
5.382161458333e-04	0.02379814
5.382486979167e-04	0.00421148
5.382812500000e-04	-0.00832405
5.383138020833e-04	-0.00231305
5.383463541667e-04	-0.00853205
5.383789062500e-04	-0.01228412
5.384114583333e-04	0.00955330
5.384440104167e-04	0.01666263
5.384765625000e-04	-0.00795766
5.385091145833e-04	-0.00877020
5.385416666667e-04	0.02211636
5.385742187500e-04	0.02414403
5.386067708333e-04	-0.00095691
5.386393229167e-04	0.00009475
5.386718750000e-04	0.01370191
5.387044270833e-04	0.00098378
5.387369791667e-04	-0.01188258
5.387695312500e-04	0.00123511
5.388020833333e-04	0.01029006
5.388346354167e-04	0.00219331
5.388671875000e-04	0.00208846
5.388997395833e-04	0.00835610
5.389322916667e-04	0.00141928
5.389648437500e-04	-0.00896736
5.389973958333e-04	-0.00810222
5.390299479167e-04	-0.00039536
5.390625000000e-04	0.01013319
5.390950520833e-04	0.01494935
5.391276041667e-04	0.00048369
5.391601562500e-04	-0.01704245
5.391927083333e-04	-0.01158376
5.392252604167e-04	-0.00022697
5.392578125000e-04	-0.00656830
5.392903645833e-04	-0.00965245
5.393229166667e-04	0.00552049
5.393554687500e-04	0.01422848
5.393880208333e-04	0.00976089
5.394205729167e-04	0.01122967
5.394531250000e-04	0.01004974
5.394856770833e-04	-0.00618533
5.395182291667e-04	-0.01149108
5.395507812500e-04	0.00515119
5.395833333333e-04	0.00994334
5.396158854167e-04	-0.00592354
5.396484375000e-04	-0.00971685
5.396809895833e-04	0.00182776
5.397135416667e-04	-0.00055499
5.397460937500e-04	-0.01556281
5.397786458333e-04	-0.01547144
5.398111979167e-04	0.00235126
5.398437500000e-04	0.01361941
5.398763020833e-04	0.00368788
5.399088541667e-04	-0.01307283
5.399414062500e-04	-0.01228426
5.399739583333e-04	0.00151361
5.400065104167e-04	0.00042576
5.400390625000e-04	-0.01391029
5.400716145833e-04	-0.01314633
5.401041666667e-04	-0.00067057
5.401367187500e-04	-0.00005657
5.401692708333e-04	-0.00116061
5.402018229167e-04	0.00974922
5.402343750000e-04	0.00811764
5.402669270833e-04	-0.01516302
5.402994791667e-04	-0.02325026
5.403320312500e-04	-0.00313379
5.403645833333e-04	0.01057383
5.403971354167e-04	0.00087401
5.404296875000e-04	-0.01423898
5.404622395833e-04	-0.01994454
5.404947916667e-04	-0.01043127
5.405273437500e-04	0.01024541
5.405598958333e-04	0.01847520
5.405924479167e-04	0.00745654
5.406250000000e-04	0.00695262
5.406575520833e-04	0.02321536
5.406901041667e-04	0.02216071
5.407226562500e-04	0.00170601
5.407552083333e-04	-0.00335311
5.407877604167e-04	0.00803962
5.408203125000e-04	0.01307375
5.408528645833e-04	0.01601808
5.408854166667e-04	0.02100702
5.409179687500e-04	0.01261139
5.409505208333e-04	-0.00045673
5.409830729167e-04	0.00172654
5.410156250000e-04	0.00064350
5.410481770833e-04	-0.01799304
5.410807291667e-04	-0.02186185
5.411132812500e-04	-0.00012374
5.411458333333e-04	0.00866501
5.411783854167e-04	-0.00225139
5.412109375000e-04	0.00007803
5.412434895833e-04	0.00955441
5.412760416667e-04	-0.00091315
5.413085937500e-04	-0.01202047
5.413411458333e-04	-0.00111094
5.413736979167e-04	0.00580341
5.414062500000e-04	-0.00597736
5.414388020833e-04	-0.00618188
5.414713541667e-04	0.01105959
5.415039062500e-04	0.01057665
5.415364583333e-04	-0.01014883
5.415690104167e-04	-0.01410165
5.416015625000e-04	0.00253795
5.416341145833e-04	0.00579754
5.416666666667e-04	-0.00784317
5.416992187500e-04	-0.00565441
5.417317708333e-04	0.01517703
5.417643229167e-04	0.01805488
5.417968750000e-04	-0.00413018
5.418294270833e-04	-0.01343628
5.418619791667e-04	0.00099238
5.418945312500e-04	0.00423507
5.419270833333e-04	-0.01148411
5.419596354167e-04	-0.01272503
5.419921875000e-04	0.00444253
5.420247395833e-04	0.01140525
5.420572916667e-04	0.00841906
5.420898437500e-04	0.01124533
5.421223958333e-04	0.00908338
5.421549479167e-04	-0.00017482
5.421875000000e-04	0.00682615
5.422200520833e-04	0.02152185
5.422526041667e-04	0.01265866
5.422851562500e-04	-0.00211997
5.423177083333e-04	0.01009778
5.423502604167e-04	0.02355106
5.423828125000e-04	0.00699909
5.424153645833e-04	-0.01221268
5.424479166667e-04	-0.01139641
5.424804687500e-04	-0.01369576
5.425130208333e-04	-0.02299722
5.425455729167e-04	-0.01324221
5.425781250000e-04	0.00856374
5.426106770833e-04	0.01508010
5.426432291667e-04	0.01063943
5.426757812500e-04	0.00941286
5.427083333333e-04	0.00896919
5.427408854167e-04	0.01197296
5.427734375000e-04	0.01940251
5.428059895833e-04	0.01526031
5.428385416667e-04	0.00354467
5.428710937500e-04	0.00936702
5.429036458333e-04	0.01923107
5.429361979167e-04	-0.00009182
5.429687500000e-04	-0.02628277
5.430013020833e-04	-0.01769153
5.430338541667e-04	0.00514893
5.430664062500e-04	0.00276008
5.430989583333e-04	-0.00914194
5.431315104167e-04	-0.00077087
5.431640625000e-04	0.01465901
5.431966145833e-04	0.01251886
5.432291666667e-04	-0.00440474
5.432617187500e-04	-0.01787591
5.432942708333e-04	-0.01483900
5.433268229167e-04	-0.00050413
5.433593750000e-04	0.00494510
5.433919270833e-04	-0.00128478
5.434244791667e-04	0.00024843
5.434570312500e-04	0.00896963
5.434895833333e-04	0.00582469
5.435221354167e-04	-0.00050937
5.435546875000e-04	0.00859932
5.435872395833e-04	0.01643313
5.436197916667e-04	0.00707676
5.436523437500e-04	0.00328777
5.436848958333e-04	0.01427790
5.437174479167e-04	0.01086786
5.437500000000e-04	-0.01094077
5.437825520833e-04	-0.01871629
5.438151041667e-04	-0.00897798
5.438476562500e-04	-0.00651743
5.438802083333e-04	-0.00983257
5.439127604167e-04	-0.00462031
5.439453125000e-04	-0.00007866
5.439778645833e-04	-0.00270186
5.440104166667e-04	0.00059520
5.440429687500e-04	0.00652252
5.440755208333e-04	-0.00395334
5.441080729167e-04	-0.02141949
5.441406250000e-04	-0.01809919
5.441731770833e-04	0.00252960
5.442057291667e-04	0.01276416
5.442382812500e-04	0.00626192
5.442708333333e-04	-0.00111635
5.443033854167e-04	-0.00500684
5.443359375000e-04	-0.01528636
5.443684895833e-04	-0.02823237
5.444010416667e-04	-0.02396080
5.444335937500e-04	-0.00049909
5.444661458333e-04	0.01533948
5.444986979167e-04	0.00935216
5.445312500000e-04	0.00390607
5.445638020833e-04	0.01547432
5.445963541667e-04	0.02245027
5.446289062500e-04	0.00628292
5.446614583333e-04	-0.01206019
5.446940104167e-04	-0.00852555
5.447265625000e-04	0.00613258
5.447591145833e-04	0.01095072
5.447916666667e-04	0.00589527
5.448242187500e-04	0.00080413
5.448567708333e-04	-0.00099777
5.448893229167e-04	0.00065574
5.449218750000e-04	0.00356573
5.449544270833e-04	0.00122914
5.449869791667e-04	-0.00533154
5.450195312500e-04	-0.00254485
5.450520833333e-04	0.01290338
5.450846354167e-04	0.01959481
5.451171875000e-04	0.00304196
5.451497395833e-04	-0.01274964
5.451822916667e-04	-0.00062939
5.452148437500e-04	0.01743801
5.452473958333e-04	0.00422632
5.452799479167e-04	-0.02147768
5.453125000000e-04	-0.01445894
5.453450520833e-04	0.01254608
5.453776041667e-04	0.01357247
5.454101562500e-04	-0.00412859
5.454427083333e-04	-0.00467830
5.454752604167e-04	0.00028122
5.455078125000e-04	-0.01253420
5.455403645833e-04	-0.01731654
5.455729166667e-04	0.00364946
5.456054687500e-04	0.01201400
5.456380208333e-04	-0.00732239
5.456705729167e-04	-0.00843132
5.457031250000e-04	0.01944219
5.457356770833e-04	0.02393417
5.457682291667e-04	-0.00413800
5.458007812500e-04	-0.01141554
5.458333333333e-04	0.01102470
5.458658854167e-04	0.01609134
5.458984375000e-04	-0.00266368
5.459309895833e-04	-0.00891342
5.459635416667e-04	-0.00145849
5.459960937500e-04	-0.00450437
5.460286458333e-04	-0.01209180
5.460611979167e-04	-0.00908331
5.460937500000e-04	-0.00337417
5.461263020833e-04	0.00202228
5.461588541667e-04	0.01489184
5.461914062500e-04	0.02063500
5.462239583333e-04	0.00347232
5.462565104167e-04	-0.01210053
5.462890625000e-04	-0.00053978
5.463216145833e-04	0.01698275
5.463541666667e-04	0.01569147
5.463867187500e-04	0.00952543
5.464192708333e-04	0.01144188
5.464518229167e-04	0.00929237
5.464843750000e-04	0.00327955
5.465169270833e-04	0.00694492
5.465494791667e-04	0.00956098
5.465820312500e-04	-0.00344987
5.466145833333e-04	-0.01258022
5.466471354167e-04	-0.00147331
5.466796875000e-04	0.00601246
5.467122395833e-04	-0.00584457
5.467447916667e-04	-0.01009969
5.467773437500e-04	0.00883411
5.468098958333e-04	0.02339147
5.468424479167e-04	0.01526191
5.468750000000e-04	0.00274501
5.469075520833e-04	-0.00183422
5.469401041667e-04	-0.00665363
5.469726562500e-04	-0.00731293
5.470052083333e-04	0.00634896
5.470377604167e-04	0.01566856
5.470703125000e-04	-0.00087987
5.471028645833e-04	-0.02210331
5.471354166667e-04	-0.01934521
5.471679687500e-04	-0.01185370
5.472005208333e-04	-0.02654171
5.472330729167e-04	-0.03751552
5.472656250000e-04	-0.01436738
5.472981770833e-04	0.01169326
5.473307291667e-04	0.00368834
5.473632812500e-04	-0.01057299
5.473958333333e-04	0.00226888
5.474283854167e-04	0.01448840
5.474609375000e-04	-0.00058651
5.474934895833e-04	-0.01470382
5.475260416667e-04	-0.01029072
5.475585937500e-04	-0.01353939
5.475911458333e-04	-0.02480645
5.476236979167e-04	-0.01345594
5.476562500000e-04	0.00519952
5.476888020833e-04	-0.00713476
5.477213541667e-04	-0.02554028
5.477539062500e-04	-0.00574464
5.477864583333e-04	0.02358441
5.478190104167e-04	0.01446065
5.478515625000e-04	-0.01066350
5.478841145833e-04	-0.01162129
5.479166666667e-04	-0.00493969
5.479492187500e-04	-0.01537493
5.479817708333e-04	-0.02467583
5.480143229167e-04	-0.01705859
5.480468750000e-04	-0.00944425
5.480794270833e-04	-0.01129534
5.481119791667e-04	-0.00953873
5.481445312500e-04	0.00225766
5.481770833333e-04	0.01883299
5.482096354167e-04	0.03359520
5.482421875000e-04	0.03265770
5.482747395833e-04	0.00790986
5.483072916667e-04	-0.01614522
5.483398437500e-04	-0.00850934
5.483723958333e-04	0.01618931
5.484049479167e-04	0.01719691
5.484375000000e-04	-0.00606847
5.484700520833e-04	-0.01655284
5.485026041667e-04	-0.00415411
5.485351562500e-04	0.00350365
5.485677083333e-04	-0.00376141
5.486002604167e-04	-0.00275660
5.486328125000e-04	0.01616324
5.486653645833e-04	0.03127696
5.486979166667e-04	0.02834591
5.487304687500e-04	0.01840003
5.487630208333e-04	0.01076710
5.487955729167e-04	0.00327162
5.488281250000e-04	0.00011820
5.488606770833e-04	0.00871842
5.488932291667e-04	0.02141246
5.489257812500e-04	0.02249457
5.489583333333e-04	0.00729143
5.489908854167e-04	-0.01538268
5.490234375000e-04	-0.02969132
5.490559895833e-04	-0.02376285
5.490885416667e-04	-0.00457657
5.491210937500e-04	0.00954869
5.491536458333e-04	0.01460404
5.491861979167e-04	0.01763951
5.492187500000e-04	0.01497783
5.492513020833e-04	0.00419882
5.492838541667e-04	0.00234171
5.493164062500e-04	0.01888457
5.493489583333e-04	0.03311080
5.493815104167e-04	0.02738905
5.494140625000e-04	0.01425793
5.494466145833e-04	0.00900843
5.494791666667e-04	0.00699570
5.495117187500e-04	0.00192771
5.495442708333e-04	-0.00129897
5.495768229167e-04	0.00166564
5.496093750000e-04	0.00773281
5.496419270833e-04	0.01010430
5.496744791667e-04	0.00437173
5.497070312500e-04	-0.00287895
5.497395833333e-04	0.00012230
5.497721354167e-04	0.00901164
5.498046875000e-04	0.00766364
5.498372395833e-04	-0.00203906
5.498697916667e-04	-0.00323113
5.499023437500e-04	0.00390768
5.499348958333e-04	0.00579312
5.499674479167e-04	0.00447282
5.500000000000e-04	0.00967991
5.500325520833e-04	0.01341967
5.500651041667e-04	0.00411831
5.500976562500e-04	-0.00761301
5.501302083333e-04	-0.00493796
5.501627604167e-04	0.00773178
5.501953125000e-04	0.01559215
5.502278645833e-04	0.01636842
5.502604166667e-04	0.01345194
5.502929687500e-04	0.00402822
5.503255208333e-04	-0.00737745
5.503580729167e-04	-0.00463698
5.503906250000e-04	0.01151512
5.504231770833e-04	0.01662576
5.504557291667e-04	0.00217194
5.504882812500e-04	-0.01136914
5.505208333333e-04	-0.01462688
5.505533854167e-04	-0.01841945
5.505859375000e-04	-0.01712825
5.506184895833e-04	0.00118088
5.506510416667e-04	0.01319391
5.506835937500e-04	-0.00629063
5.507161458333e-04	-0.02853044
5.507486979167e-04	-0.01690132
5.507812500000e-04	0.00659348
5.508138020833e-04	0.00730509
5.508463541667e-04	-0.00058561
5.508789062500e-04	0.00325051
5.509114583333e-04	0.00364394
5.509440104167e-04	-0.00533826
5.509765625000e-04	-0.00211110
5.510091145833e-04	0.01127811
5.510416666667e-04	0.00755422
5.510742187500e-04	-0.01083593
5.511067708333e-04	-0.01687088
5.511393229167e-04	-0.00911347
5.511718750000e-04	-0.00673263
5.512044270833e-04	-0.01300775
5.512369791667e-04	-0.01785430
5.512695312500e-04	-0.01645208
5.513020833333e-04	-0.00883425
5.513346354167e-04	0.00178135
5.513671875000e-04	0.00780242
5.513997395833e-04	0.00557672
5.514322916667e-04	0.00101393
5.514648437500e-04	0.00402884
5.514973958333e-04	0.01828489
5.515299479167e-04	0.03060740
5.515625000000e-04	0.02134746
5.515950520833e-04	-0.00123835
5.516276041667e-04	-0.00493823
5.516601562500e-04	0.01074203
5.516927083333e-04	0.01085843
5.517252604167e-04	-0.00638875
5.517578125000e-04	-0.00514984
5.517903645833e-04	0.01174663
5.518229166667e-04	0.00532708
5.518554687500e-04	-0.01574536
5.518880208333e-04	-0.00596577
5.519205729167e-04	0.02662490
5.519531250000e-04	0.03314063
5.519856770833e-04	0.01240145
5.520182291667e-04	0.00181683
5.520507812500e-04	0.00499841
5.520833333333e-04	0.00138058
5.521158854167e-04	-0.00534817
5.521484375000e-04	-0.00489134
5.521809895833e-04	-0.00689465
5.522135416667e-04	-0.01295394
5.522460937500e-04	-0.00746671
5.522786458333e-04	0.00460787
5.523111979167e-04	0.00072343
5.523437500000e-04	-0.01347205
5.523763020833e-04	-0.01198712
5.524088541667e-04	0.00320048
5.524414062500e-04	0.00900176
5.524739583333e-04	0.00337009
5.525065104167e-04	0.00018631
5.525390625000e-04	0.00030115
5.525716145833e-04	-0.00181637
5.526041666667e-04	-0.00366801
5.526367187500e-04	-0.00485312
5.526692708333e-04	-0.00919005
5.527018229167e-04	-0.01228479
5.527343750000e-04	-0.00873492
5.527669270833e-04	-0.00402003
5.527994791667e-04	-0.00134707
5.528320312500e-04	0.00483301
5.528645833333e-04	0.01019175
5.528971354167e-04	0.00214713
5.529296875000e-04	-0.01360119
5.529622395833e-04	-0.01759241
5.529947916667e-04	-0.00826259
5.530273437500e-04	-0.00209390
5.530598958333e-04	-0.00600233
5.530924479167e-04	-0.01090272
5.531250000000e-04	-0.00854991
5.531575520833e-04	-0.00167485
5.531901041667e-04	0.00243695
5.532226562500e-04	0.00334634
5.532552083333e-04	0.00422500
5.532877604167e-04	-0.00164333
5.533203125000e-04	-0.01899684
5.533528645833e-04	-0.02681981
5.533854166667e-04	-0.00553096
5.534179687500e-04	0.01843345
5.534505208333e-04	0.00957759
5.534830729167e-04	-0.01169093
5.535156250000e-04	-0.00638551
5.535481770833e-04	0.01083646
5.535807291667e-04	0.00612238
5.536132812500e-04	-0.00948017
5.536458333333e-04	-0.01263578
5.536783854167e-04	-0.01173695
5.537109375000e-04	-0.01440339
5.537434895833e-04	-0.01055645
5.537760416667e-04	-0.00662426
5.538085937500e-04	-0.01574758
5.538411458333e-04	-0.02188038
5.538736979167e-04	-0.00855762
5.539062500000e-04	0.00693123
5.539388020833e-04	0.00870335
5.539713541667e-04	0.00723936
5.540039062500e-04	0.00947729
5.540364583333e-04	0.01095198
5.540690104167e-04	0.01393288
5.541015625000e-04	0.01657787
5.541341145833e-04	0.01049261
5.541666666667e-04	0.00467129
5.541992187500e-04	0.00775762
5.542317708333e-04	-0.00031812
5.542643229167e-04	-0.02494811
5.542968750000e-04	-0.02853558
5.543294270833e-04	0.00033728
5.543619791667e-04	0.01728523
5.543945312500e-04	0.00353168
5.544270833333e-04	-0.00682273
5.544596354167e-04	-0.00069881
5.544921875000e-04	0.00191683
5.545247395833e-04	0.00286848
5.545572916667e-04	0.01152676
5.545898437500e-04	0.01097144
5.546223958333e-04	0.00058845
5.546549479167e-04	0.01001216
5.546875000000e-04	0.03245118
5.547200520833e-04	0.02629950
5.547526041667e-04	-0.00276068
5.547851562500e-04	-0.01078110
5.548177083333e-04	0.00226187
5.548502604167e-04	0.00402288
5.548828125000e-04	-0.00428341
5.549153645833e-04	-0.00440605
5.549479166667e-04	-0.00357560
5.549804687500e-04	-0.00939666
5.550130208333e-04	-0.00695612
5.550455729167e-04	0.00892226
5.550781250000e-04	0.02019434
5.551106770833e-04	0.01526185
5.551432291667e-04	0.00040621
5.551757812500e-04	-0.01340569
5.552083333333e-04	-0.01610017
5.552408854167e-04	-0.00525836
5.552734375000e-04	0.00761155
5.553059895833e-04	0.01340209
5.553385416667e-04	0.01647696
5.553710937500e-04	0.01493157
5.554036458333e-04	-0.00252962
5.554361979167e-04	-0.02508763
5.554687500000e-04	-0.02217018
5.555013020833e-04	0.00709295
5.555338541667e-04	0.02440613
5.555664062500e-04	0.00642674
5.555989583333e-04	-0.02396266
5.556315104167e-04	-0.03169843
5.556640625000e-04	-0.01162346
5.556966145833e-04	0.01190911
5.557291666667e-04	0.01650052
5.557617187500e-04	0.00636864
5.557942708333e-04	0.00126162
5.558268229167e-04	0.00427759
5.558593750000e-04	0.00117280
5.558919270833e-04	-0.00728276
5.559244791667e-04	-0.00523082
5.559570312500e-04	0.00258032
5.559895833333e-04	-0.00361257
5.560221354167e-04	-0.01612022
5.560546875000e-04	-0.01085112
5.560872395833e-04	0.00350060
5.561197916667e-04	0.00000232
5.561523437500e-04	-0.01350702
5.561848958333e-04	-0.00971139
5.562174479167e-04	0.00627819
5.562500000000e-04	0.00922300
5.562825520833e-04	-0.00283283
5.563151041667e-04	-0.01391022
5.563476562500e-04	-0.01365423
5.563802083333e-04	0.00240380
5.564127604167e-04	0.02586415
5.564453125000e-04	0.03113872
5.564778645833e-04	0.01188297
5.565104166667e-04	-0.00034304
5.565429687500e-04	0.01204712
5.565755208333e-04	0.02204296
5.566080729167e-04	0.01189006
5.566406250000e-04	0.00490475
5.566731770833e-04	0.01372327
5.567057291667e-04	0.01444882
5.567382812500e-04	-0.00254920
5.567708333333e-04	-0.01113416
5.568033854167e-04	0.00279610
5.568359375000e-04	0.01867754
5.568684895833e-04	0.01778477
5.569010416667e-04	0.00678909
5.569335937500e-04	-0.00081570
5.569661458333e-04	-0.00236495
5.569986979167e-04	-0.00140794
5.570312500000e-04	0.00079637
5.570638020833e-04	0.00434012
5.570963541667e-04	0.00556007
5.571289062500e-04	-0.00030893
5.571614583333e-04	-0.00974016
5.571940104167e-04	-0.01291436
5.572265625000e-04	-0.00819793
5.572591145833e-04	-0.00376833
5.572916666667e-04	-0.00325142
5.573242187500e-04	-0.00253999
5.573567708333e-04	-0.00078074
5.573893229167e-04	-0.00206430
5.574218750000e-04	-0.00715796
5.574544270833e-04	-0.01211462
5.574869791667e-04	-0.01302705
5.575195312500e-04	-0.00913196
5.575520833333e-04	-0.00438221
5.575846354167e-04	-0.00400254
5.576171875000e-04	-0.00612647
5.576497395833e-04	-0.00283278
5.576822916667e-04	0.00680959
5.577148437500e-04	0.01273874
5.577473958333e-04	0.00817053
5.577799479167e-04	0.00083852
5.578125000000e-04	0.00193582
5.578450520833e-04	0.00782549
5.578776041667e-04	0.00555513
5.579101562500e-04	-0.00316985
5.579427083333e-04	-0.00295460
5.579752604167e-04	0.00568677
5.580078125000e-04	0.00431899
5.580403645833e-04	-0.00839721
5.580729166667e-04	-0.01293853
5.581054687500e-04	-0.00694784
5.581380208333e-04	-0.00788120
5.581705729167e-04	-0.01436654
5.582031250000e-04	-0.00775007
5.582356770833e-04	0.00934044
5.582682291667e-04	0.01697602
5.583007812500e-04	0.01130217
5.583333333333e-04	0.00032785
5.583658854167e-04	-0.01354706
5.583984375000e-04	-0.02242133
5.584309895833e-04	-0.01457785
5.584635416667e-04	-0.00105696
5.584960937500e-04	-0.00399326
5.585286458333e-04	-0.01745450
5.585611979167e-04	-0.01932953
5.585937500000e-04	-0.01035777
5.586263020833e-04	-0.00336640
5.586588541667e-04	0.00292515
5.586914062500e-04	0.00788452
5.587239583333e-04	0.00037894
5.587565104167e-04	-0.01273818
5.587890625000e-04	-0.01102528
5.588216145833e-04	-0.00087712
5.588541666667e-04	-0.00371858
5.588867187500e-04	-0.01014621
5.589192708333e-04	0.00164515
5.589518229167e-04	0.01851069
5.589843750000e-04	0.01527674
5.590169270833e-04	0.00050743
5.590494791667e-04	-0.00476714
5.590820312500e-04	-0.00247197
5.591145833333e-04	0.00001215
5.591471354167e-04	0.00494905
5.591796875000e-04	0.00551001
5.592122395833e-04	-0.00641218
5.592447916667e-04	-0.01474139
5.592773437500e-04	-0.00436693
5.593098958333e-04	0.00715508
5.593424479167e-04	0.00377121
5.593750000000e-04	0.00181723
5.594075520833e-04	0.01200156
5.594401041667e-04	0.01734543
5.594726562500e-04	0.01233774
5.595052083333e-04	0.01042347
5.595377604167e-04	0.00712456
5.595703125000e-04	-0.00689072
5.596028645833e-04	-0.01166658
5.596354166667e-04	0.00564282
5.596679687500e-04	0.01635899
5.597005208333e-04	0.00405242
5.597330729167e-04	-0.00211226
5.597656250000e-04	0.01026637
5.597981770833e-04	0.01050581
5.598307291667e-04	-0.00877951
5.598632812500e-04	-0.01390525
5.598958333333e-04	0.00518511
5.599283854167e-04	0.02246135
5.599609375000e-04	0.02565207
5.599934895833e-04	0.02039867
5.600260416667e-04	0.00691152
5.600585937500e-04	-0.00526890
5.600911458333e-04	0.00151856
5.601236979167e-04	0.01499384
5.601562500000e-04	0.00912386
5.601888020833e-04	-0.00181619
5.602213541667e-04	0.01017717
5.602539062500e-04	0.02542957
5.602864583333e-04	0.01235214
5.603190104167e-04	-0.00883559
5.603515625000e-04	-0.00709485
5.603841145833e-04	0.00027966
5.604166666667e-04	-0.00820684
5.604492187500e-04	-0.01108699
5.604817708333e-04	0.00502711
5.605143229167e-04	0.01071218
5.605468750000e-04	-0.00533753
5.605794270833e-04	-0.00885167
5.606119791667e-04	0.01171329
5.606445312500e-04	0.02025036
5.606770833333e-04	0.00206891
5.607096354167e-04	-0.01254847
5.607421875000e-04	-0.00962550
5.607747395833e-04	-0.00856856
5.608072916667e-04	-0.01331591
5.608398437500e-04	-0.00944194
5.608723958333e-04	-0.00230603
5.609049479167e-04	-0.00269209
5.609375000000e-04	0.00228959
5.609700520833e-04	0.01697497
5.610026041667e-04	0.01669131
5.610351562500e-04	-0.00146590
5.610677083333e-04	-0.00454689
5.611002604167e-04	0.00918751
5.611328125000e-04	0.00099912
5.611653645833e-04	-0.02752839
5.611979166667e-04	-0.02689240
5.612304687500e-04	0.00862777
5.612630208333e-04	0.02586500
5.612955729167e-04	0.00309367
5.613281250000e-04	-0.02204966
5.613606770833e-04	-0.02171863
5.613932291667e-04	-0.00841103
5.614257812500e-04	0.00350355
5.614583333333e-04	0.01354836
5.614908854167e-04	0.01690155
5.615234375000e-04	0.00821967
5.615559895833e-04	-0.00361503
5.615885416667e-04	-0.00748400
5.616210937500e-04	-0.00712552
5.616536458333e-04	-0.01235864
5.616861979167e-04	-0.02038431
5.617187500000e-04	-0.01619413
5.617513020833e-04	0.00504945
5.617838541667e-04	0.02226059
5.618164062500e-04	0.01192069
5.618489583333e-04	-0.01292222
5.618815104167e-04	-0.01576481
5.619140625000e-04	0.00628856
5.619466145833e-04	0.01719964
5.619791666667e-04	0.00335287
5.620117187500e-04	-0.00676144
5.620442708333e-04	0.00074943
5.620768229167e-04	0.00149223
5.621093750000e-04	-0.01340966
5.621419270833e-04	-0.01538388
5.621744791667e-04	0.00445863
5.622070312500e-04	0.01370110
5.622395833333e-04	0.00176870
5.622721354167e-04	0.00336009
5.623046875000e-04	0.02832650
5.623372395833e-04	0.03407912
5.623697916667e-04	0.00232358
5.624023437500e-04	-0.02405827
5.624348958333e-04	-0.01536752
5.624674479167e-04	0.00064255
5.625000000000e-04	-0.00129247
5.625325520833e-04	-0.00584255
5.625651041667e-04	-0.00135094
5.625976562500e-04	-0.00000782
5.626302083333e-04	-0.00235990
5.626627604167e-04	0.00355497
5.626953125000e-04	0.01107963
5.627278645833e-04	0.00851479
5.627604166667e-04	0.00454431
5.627929687500e-04	0.00571087
5.628255208333e-04	0.00196114
5.628580729167e-04	-0.00430670
5.628906250000e-04	0.00064695
5.629231770833e-04	0.00575931
5.629557291667e-04	-0.00808111
5.629882812500e-04	-0.02395329
5.630208333333e-04	-0.01540358
5.630533854167e-04	0.00485657
5.630859375000e-04	0.01221523
5.631184895833e-04	0.01222632
5.631510416667e-04	0.01441923
5.631835937500e-04	0.00759087
5.632161458333e-04	-0.00797330
5.632486979167e-04	-0.01181586
5.632812500000e-04	-0.00420067
5.633138020833e-04	-0.00473650
5.633463541667e-04	-0.00706753
5.633789062500e-04	0.00951798
5.634114583333e-04	0.02884538
5.634440104167e-04	0.01791871
5.634765625000e-04	-0.00932043
5.635091145833e-04	-0.00977026
5.635416666667e-04	0.01311659
5.635742187500e-04	0.01489739
5.636067708333e-04	-0.00980700
5.636393229167e-04	-0.01948714
5.636718750000e-04	-0.00304630
5.637044270833e-04	0.00480136
5.637369791667e-04	-0.00541168
5.637695312500e-04	-0.00470946
5.638020833333e-04	0.00778262
5.638346354167e-04	0.00230979
5.638671875000e-04	-0.01472318
5.638997395833e-04	-0.01178636
5.639322916667e-04	-0.00080412
5.639648437500e-04	-0.01193047
5.639973958333e-04	-0.02457599
5.640299479167e-04	-0.00725050
5.640625000000e-04	0.01311860
5.640950520833e-04	0.00150109
5.641276041667e-04	-0.01649411
5.641601562500e-04	-0.00661019
5.641927083333e-04	0.01034431
5.642252604167e-04	0.00332776
5.642578125000e-04	-0.01559435
5.642903645833e-04	-0.02093636
5.643229166667e-04	-0.01055853
5.643554687500e-04	0.00417301
5.643880208333e-04	0.01087200
5.644205729167e-04	0.00094280
5.644531250000e-04	-0.01663556
5.644856770833e-04	-0.02076754
5.645182291667e-04	-0.00716773
5.645507812500e-04	0.00677528
5.645833333333e-04	0.00716856
5.646158854167e-04	-0.00211661
5.646484375000e-04	-0.00906570
5.646809895833e-04	-0.00966340
5.647135416667e-04	-0.01045057
5.647460937500e-04	-0.01224268
5.647786458333e-04	-0.00661260
5.648111979167e-04	0.00094138
5.648437500000e-04	-0.00498212
5.648763020833e-04	-0.01241375
5.649088541667e-04	0.00251620
5.649414062500e-04	0.02241515
5.649739583333e-04	0.01631943
5.650065104167e-04	0.00257522
5.650390625000e-04	0.00853609
5.650716145833e-04	0.01133300
5.651041666667e-04	-0.00444852
5.651367187500e-04	-0.00258075
5.651692708333e-04	0.02433000
5.652018229167e-04	0.02810381
5.652343750000e-04	0.00395152
5.652669270833e-04	0.00028004
5.652994791667e-04	0.01511787
5.653320312500e-04	0.00655139
5.653645833333e-04	-0.01164718
5.653971354167e-04	-0.00237467
5.654296875000e-04	0.01444115
5.654622395833e-04	0.00935799
5.654947916667e-04	0.00075349
5.655273437500e-04	0.00242840
5.655598958333e-04	-0.00232527
5.655924479167e-04	-0.00944963
5.656250000000e-04	-0.00074395
5.656575520833e-04	0.00903811
5.656901041667e-04	0.00226672
5.657226562500e-04	-0.00414923
5.657552083333e-04	0.00055253
5.657877604167e-04	0.00010055
5.658203125000e-04	-0.00741549
5.658528645833e-04	-0.00711263
5.658854166667e-04	-0.00183357
5.659179687500e-04	-0.00030687
5.659505208333e-04	0.00318127
5.659830729167e-04	0.00799568
5.660156250000e-04	0.00403572
5.660481770833e-04	-0.00428931
5.660807291667e-04	-0.00824892
5.661132812500e-04	-0.01190965
5.661458333333e-04	-0.01259750
5.661783854167e-04	-0.00053695
5.662109375000e-04	0.01137649
5.662434895833e-04	0.00356792
5.662760416667e-04	-0.01171447
5.663085937500e-04	-0.01323656
5.663411458333e-04	-0.00770228
5.663736979167e-04	-0.00634665
5.664062500000e-04	-0.00079447
5.664388020833e-04	0.01150017
5.664713541667e-04	0.01641868
5.665039062500e-04	0.01030154
5.665364583333e-04	0.00375572
5.665690104167e-04	-0.00105443
5.666015625000e-04	-0.00907262
5.666341145833e-04	-0.01492822
5.666666666667e-04	-0.00758278
5.666992187500e-04	0.01100613
5.667317708333e-04	0.02343909
5.667643229167e-04	0.01663377
5.667968750000e-04	0.00005571
5.668294270833e-04	-0.00546458
5.668619791667e-04	0.00467830
5.668945312500e-04	0.01635739
5.669270833333e-04	0.01819730
5.669596354167e-04	0.01146168
5.669921875000e-04	0.00412597
5.670247395833e-04	0.00240473
5.670572916667e-04	0.00246270
5.670898437500e-04	-0.00252276
5.671223958333e-04	-0.00391209
5.671549479167e-04	0.00869157
5.671875000000e-04	0.01806043
5.672200520833e-04	0.00476845
5.672526041667e-04	-0.01148579
5.672851562500e-04	-0.00638907
5.673177083333e-04	0.00215654
5.673502604167e-04	-0.00700595
5.673828125000e-04	-0.01781271
5.674153645833e-04	-0.01721436
5.674479166667e-04	-0.01704175
5.674804687500e-04	-0.01356188
5.675130208333e-04	0.00692426
5.675455729167e-04	0.02436556
5.675781250000e-04	0.01574030
5.676106770833e-04	0.00296856
5.676432291667e-04	0.00939315
5.676757812500e-04	0.01468350
5.677083333333e-04	-0.00025099
5.677408854167e-04	-0.01758282
5.677734375000e-04	-0.01902401
5.678059895833e-04	-0.00960430
5.678385416667e-04	-0.00030399
5.678710937500e-04	0.00102463
5.679036458333e-04	-0.00401420
5.679361979167e-04	0.00070883
5.679687500000e-04	0.01707075
5.680013020833e-04	0.01826880
5.680338541667e-04	-0.00316584
5.680664062500e-04	-0.01430776
5.680989583333e-04	-0.00037534
5.681315104167e-04	0.00890898
5.681640625000e-04	-0.00560427
5.681966145833e-04	-0.02383978
5.682291666667e-04	-0.02473860
5.682617187500e-04	-0.01314608
5.682942708333e-04	-0.00561236
5.683268229167e-04	-0.00750255
5.683593750000e-04	-0.00533148
5.683919270833e-04	0.00902740
5.684244791667e-04	0.01410429
5.684570312500e-04	-0.00550219
5.684895833333e-04	-0.02002594
5.685221354167e-04	-0.00479630
5.685546875000e-04	0.01009696
5.685872395833e-04	-0.00047838
5.686197916667e-04	-0.00796637
5.686523437500e-04	0.00722088
5.686848958333e-04	0.02084801
5.687174479167e-04	0.02290270
5.687500000000e-04	0.02620486
5.687825520833e-04	0.01886310
5.688151041667e-04	-0.00779082
5.688476562500e-04	-0.01906804
5.688802083333e-04	0.00181471
5.689127604167e-04	0.01561933
5.689453125000e-04	0.00253041
5.689778645833e-04	-0.00700951
5.690104166667e-04	-0.00326883
5.690429687500e-04	-0.00906324
5.690755208333e-04	-0.01898417
5.691080729167e-04	-0.00988659
5.691406250000e-04	0.00600197
5.691731770833e-04	0.00360674
5.692057291667e-04	-0.00909265
5.692382812500e-04	-0.00994928
5.692708333333e-04	0.00260110
5.693033854167e-04	0.01363972
5.693359375000e-04	0.01163680
5.693684895833e-04	0.00170933
5.694010416667e-04	-0.00052496
5.694335937500e-04	0.00562311
5.694661458333e-04	0.00691722
5.694986979167e-04	0.00612021
5.695312500000e-04	0.01259821
5.695638020833e-04	0.01193913
5.695963541667e-04	-0.00611767
5.696289062500e-04	-0.01706122
5.696614583333e-04	-0.00733356
5.696940104167e-04	-0.00196480
5.697265625000e-04	-0.01003507
5.697591145833e-04	-0.00970612
5.697916666667e-04	-0.00355962
5.698242187500e-04	-0.01133622
5.698567708333e-04	-0.01773302
5.698893229167e-04	-0.00380838
5.699218750000e-04	0.00778271
5.699544270833e-04	0.00233957
5.699869791667e-04	0.00416652
5.700195312500e-04	0.01711136
5.700520833333e-04	0.01592477
5.700846354167e-04	0.00866682
5.701171875000e-04	0.01684091
5.701497395833e-04	0.01485838
5.701822916667e-04	-0.01695295
5.702148437500e-04	-0.03051205
5.702473958333e-04	0.00735732
5.702799479167e-04	0.04212547
5.703125000000e-04	0.02448725
5.703450520833e-04	-0.00562448
5.703776041667e-04	0.00054076
5.704101562500e-04	0.01848058
5.704427083333e-04	0.00979622
5.704752604167e-04	-0.00856345
5.705078125000e-04	-0.00442901
5.705403645833e-04	0.01515022
5.705729166667e-04	0.02558247
5.706054687500e-04	0.02122784
5.706380208333e-04	0.00808568
5.706705729167e-04	-0.00877401
5.707031250000e-04	-0.01748612
5.707356770833e-04	-0.00702921
5.707682291667e-04	0.00977329
5.708007812500e-04	0.00875173
5.708333333333e-04	-0.02190088
5.708658854167e-04	-0.02268291
5.708984375000e-04	-0.00540850
5.709309895833e-04	0.00361344
5.709635416667e-04	-0.00439192
5.709960937500e-04	-0.00416293
5.710286458333e-04	0.01580909
5.710611979167e-04	0.03126581
5.710937500000e-04	0.02273984
5.711263020833e-04	0.00210870
5.711588541667e-04	-0.00793212
5.711914062500e-04	-0.00046759
5.712239583333e-04	0.00933546
5.712565104167e-04	0.00501795
5.712890625000e-04	-0.00351899
5.713216145833e-04	0.00249915
5.713541666667e-04	0.01043498
5.713867187500e-04	-0.00160421
5.714192708333e-04	-0.01669094
5.714518229167e-04	-0.00878872
5.714843750000e-04	0.00706038
5.715169270833e-04	0.00869126
5.715494791667e-04	0.00813879
5.715820312500e-04	0.01430576
5.716145833333e-04	0.00873550
5.716471354167e-04	-0.01112281
5.716796875000e-04	-0.02101863
5.717122395833e-04	-0.01456072
5.717447916667e-04	-0.00888072
5.717773437500e-04	-0.00976485
5.718098958333e-04	-0.00852169
5.718424479167e-04	-0.00191619
5.718750000000e-04	0.00416760
5.719075520833e-04	0.00175574
5.719401041667e-04	-0.00721838
5.719726562500e-04	-0.00693643
5.720052083333e-04	0.00579894
5.720377604167e-04	0.00844894
5.720703125000e-04	-0.00497270
5.721028645833e-04	-0.00525166
5.721354166667e-04	0.01556174
5.721679687500e-04	0.02223705
5.722005208333e-04	0.00173086
5.722330729167e-04	-0.01161320
5.722656250000e-04	-0.00046612
5.722981770833e-04	0.00847341
5.723307291667e-04	-0.00094789
5.723632812500e-04	-0.00824344
5.723958333333e-04	0.00124739
5.724283854167e-04	0.01036973
5.724609375000e-04	0.00270253
5.724934895833e-04	-0.00735576
5.725260416667e-04	-0.00052848
5.725585937500e-04	0.00965600
5.725911458333e-04	0.00024742
5.726236979167e-04	-0.01504834
5.726562500000e-04	-0.01028268
5.726888020833e-04	0.00175792
5.727213541667e-04	-0.00212503
5.727539062500e-04	-0.00681638
5.727864583333e-04	0.00638333
5.728190104167e-04	0.01926220
5.728515625000e-04	0.01508620
5.728841145833e-04	0.00563042
5.729166666667e-04	-0.00123057
5.729492187500e-04	-0.00620468
5.729817708333e-04	0.00077070
5.730143229167e-04	0.01697766
5.730468750000e-04	0.02032163
5.730794270833e-04	0.01256486
5.731119791667e-04	0.01136074
5.731445312500e-04	0.00610789
5.731770833333e-04	-0.01009020
5.732096354167e-04	-0.00930481
5.732421875000e-04	0.00893823
5.732747395833e-04	0.00498386
5.733072916667e-04	-0.01535581
5.733398437500e-04	-0.01075670
5.733723958333e-04	0.00376286
5.734049479167e-04	-0.00435908
5.734375000000e-04	-0.00503171
5.734700520833e-04	0.02174371
5.735026041667e-04	0.02767434
5.735351562500e-04	-0.00170160
5.735677083333e-04	-0.01372011
5.736002604167e-04	0.00003868
5.736328125000e-04	0.00178312
5.736653645833e-04	0.00378677
5.736979166667e-04	0.02655224
5.737304687500e-04	0.02767777
5.737630208333e-04	-0.00955253
5.737955729167e-04	-0.02531327
5.738281250000e-04	0.00057774
5.738606770833e-04	0.01501083
5.738932291667e-04	0.00473639
5.739257812500e-04	0.00631023
5.739583333333e-04	0.01705986
5.739908854167e-04	0.01228952
5.740234375000e-04	0.00219229
5.740559895833e-04	-0.00313429
5.740885416667e-04	-0.01280121
5.741210937500e-04	-0.01455039
5.741536458333e-04	0.00417590
5.741861979167e-04	0.01535977
5.742187500000e-04	0.00029400
5.742513020833e-04	-0.01415499
5.742838541667e-04	-0.01188133
5.743164062500e-04	-0.00791100
5.743489583333e-04	-0.00403907
5.743815104167e-04	0.00521577
5.744140625000e-04	0.00711998
5.744466145833e-04	0.00152532
5.744791666667e-04	0.00607379
5.745117187500e-04	0.01276347
5.745442708333e-04	0.00445347
5.745768229167e-04	-0.00209749
5.746093750000e-04	0.00801599
5.746419270833e-04	0.01484905
5.746744791667e-04	0.00824329
5.747070312500e-04	0.00199947
5.747395833333e-04	-0.00508287
5.747721354167e-04	-0.01579293
5.748046875000e-04	-0.01205745
5.748372395833e-04	0.00065181
5.748697916667e-04	-0.00791727
5.749023437500e-04	-0.02373670
5.749348958333e-04	-0.01106399
5.749674479167e-04	0.00572575
5.750000000000e-04	-0.01047625
5.750325520833e-04	-0.02621902
5.750651041667e-04	-0.00588713
5.750976562500e-04	0.01244269
5.751302083333e-04	-0.00310853
5.751627604167e-04	-0.01643680
5.751953125000e-04	-0.00228232
5.752278645833e-04	0.00965894
5.752604166667e-04	0.00052774
5.752929687500e-04	-0.00999738
5.753255208333e-04	-0.00672938
5.753580729167e-04	0.00342491
5.753906250000e-04	0.00443628
5.754231770833e-04	-0.01260561
5.754557291667e-04	-0.02790798
5.754882812500e-04	-0.01382007
5.755208333333e-04	0.01145220
5.755533854167e-04	0.01104775
5.755859375000e-04	0.00129150
5.756184895833e-04	0.01321868
5.756510416667e-04	0.02016684
5.756835937500e-04	-0.00397651
5.757161458333e-04	-0.02137219
5.757486979167e-04	-0.00819109
5.757812500000e-04	-0.00266820
5.758138020833e-04	-0.01715732
5.758463541667e-04	-0.01464135
5.758789062500e-04	0.00280621
5.759114583333e-04	0.00087901
5.759440104167e-04	-0.00627313
5.759765625000e-04	0.00631095
5.760091145833e-04	0.00860475
5.760416666667e-04	-0.01817512
5.760742187500e-04	-0.03074774
5.761067708333e-04	-0.00857720
5.761393229167e-04	0.00704035
5.761718750000e-04	-0.00170703
5.762044270833e-04	-0.00442855
5.762369791667e-04	0.00444828
5.762695312500e-04	-0.00096545
5.763020833333e-04	-0.01784685
5.763346354167e-04	-0.01912118
5.763671875000e-04	-0.00210301
5.763997395833e-04	0.01272307
5.764322916667e-04	0.01304482
5.764648437500e-04	0.00277242
5.764973958333e-04	-0.00801545
5.765299479167e-04	-0.01429744
5.765625000000e-04	-0.01700103
5.765950520833e-04	-0.01199593
5.766276041667e-04	0.00435333
5.766601562500e-04	0.01640828
5.766927083333e-04	0.00707537
5.767252604167e-04	-0.00853234
5.767578125000e-04	-0.00546335
5.767903645833e-04	0.00825273
5.768229166667e-04	0.01057825
5.768554687500e-04	0.00376356
5.768880208333e-04	-0.00077750
5.769205729167e-04	-0.00562588
5.769531250000e-04	-0.01103688
5.769856770833e-04	-0.00766997
5.770182291667e-04	0.00246963
5.770507812500e-04	0.00744759
5.770833333333e-04	0.00753865
5.771158854167e-04	0.01053657
5.771484375000e-04	0.01312338
5.771809895833e-04	0.00860694
5.772135416667e-04	0.00292107
5.772460937500e-04	0.00330000
5.772786458333e-04	0.00033239
5.773111979167e-04	-0.01603170
5.773437500000e-04	-0.02926538
5.773763020833e-04	-0.01655012
5.774088541667e-04	0.00766268
5.774414062500e-04	0.01054593
5.774739583333e-04	-0.00302722
5.775065104167e-04	-0.00624745
5.775390625000e-04	-0.00601624
5.775716145833e-04	-0.02040627
5.776041666667e-04	-0.02967513
5.776367187500e-04	-0.01367003
5.776692708333e-04	0.00465209
5.777018229167e-04	0.00472014
5.777343750000e-04	0.00012839
5.777669270833e-04	-0.00313930
5.777994791667e-04	-0.01227777
5.778320312500e-04	-0.01295462
5.778645833333e-04	0.00293186
5.778971354167e-04	0.00835395
5.779296875000e-04	-0.00521538
5.779622395833e-04	-0.00875812
5.779947916667e-04	-0.00126394
5.780273437500e-04	-0.01047028
5.780598958333e-04	-0.02647346
5.780924479167e-04	-0.02150837
5.781250000000e-04	-0.00654467
5.781575520833e-04	0.00184178
5.781901041667e-04	0.01193204
5.782226562500e-04	0.01538779
5.782552083333e-04	-0.00425479
5.782877604167e-04	-0.01957486
5.783203125000e-04	-0.00109576
5.783528645833e-04	0.02261536
5.783854166667e-04	0.01946883
5.784179687500e-04	0.00778326
5.784505208333e-04	0.00873184
5.784830729167e-04	0.01469654
5.785156250000e-04	0.01774287
5.785481770833e-04	0.01241472
5.785807291667e-04	-0.00527957
5.786132812500e-04	-0.01407786
5.786458333333e-04	0.00259439
5.786783854167e-04	0.01478218
5.787109375000e-04	0.00165722
5.787434895833e-04	-0.00530779
5.787760416667e-04	0.00523465
5.788085937500e-04	-0.00039375
5.788411458333e-04	-0.01877204
5.788736979167e-04	-0.01324637
5.789062500000e-04	0.00390201
5.789388020833e-04	0.00323007
5.789713541667e-04	0.00456309
5.790039062500e-04	0.02059483
5.790364583333e-04	0.01723323
5.790690104167e-04	-0.01112309
5.791015625000e-04	-0.02502988
5.791341145833e-04	-0.01534798
5.791666666667e-04	-0.00472521
5.791992187500e-04	0.00157965
5.792317708333e-04	0.00426186
5.792643229167e-04	0.00163101
5.792968750000e-04	0.00887199
5.793294270833e-04	0.02472649
5.793619791667e-04	0.01659685
5.793945312500e-04	-0.00993582
5.794270833333e-04	-0.01022454
5.794596354167e-04	0.00802557
5.794921875000e-04	0.00306671
5.795247395833e-04	-0.01007519
5.795572916667e-04	-0.00174600
5.795898437500e-04	0.00200402
5.796223958333e-04	-0.01391122
5.796549479167e-04	-0.01377105
5.796875000000e-04	0.00571185
5.797200520833e-04	0.00569176
5.797526041667e-04	-0.01182778
5.797851562500e-04	-0.01689133
5.798177083333e-04	-0.01234789
5.798502604167e-04	-0.00709420
5.798828125000e-04	0.00441089
5.799153645833e-04	0.00834952
5.799479166667e-04	-0.00402579
5.799804687500e-04	-0.00329036
5.800130208333e-04	0.01855248
5.800455729167e-04	0.02591114
5.800781250000e-04	0.01547893
5.801106770833e-04	0.01611751
5.801432291667e-04	0.01653180
5.801757812500e-04	-0.00393703
5.802083333333e-04	-0.01811097
5.802408854167e-04	-0.00781874
5.802734375000e-04	0.00045965
5.803059895833e-04	0.00019548
5.803385416667e-04	0.00913984
5.803710937500e-04	0.01216376
5.804036458333e-04	-0.00751029
5.804361979167e-04	-0.02387390
5.804687500000e-04	-0.02200621
5.805013020833e-04	-0.02334187
5.805338541667e-04	-0.02895635
5.805664062500e-04	-0.02178243
5.805989583333e-04	-0.01337432
5.806315104167e-04	-0.01499786
5.806640625000e-04	-0.00797193
5.806966145833e-04	0.01027838
5.807291666667e-04	0.01553996
5.807617187500e-04	0.00605874
5.807942708333e-04	-0.00075039
5.808268229167e-04	-0.00350036
5.808593750000e-04	-0.00512867
5.808919270833e-04	-0.00281599
5.809244791667e-04	-0.00205117
5.809570312500e-04	-0.00303943
5.809895833333e-04	0.00390195
5.810221354167e-04	0.00777875
5.810546875000e-04	-0.00640648
5.810872395833e-04	-0.01691296
5.811197916667e-04	-0.00493398
5.811523437500e-04	0.00525945
5.811848958333e-04	0.00076907
5.812174479167e-04	0.00281993
5.812500000000e-04	0.00667820
5.812825520833e-04	-0.00843762
5.813151041667e-04	-0.01754903
5.813476562500e-04	0.00536937
5.813802083333e-04	0.02584310
5.814127604167e-04	0.01355831
5.814453125000e-04	-0.00414943
5.814778645833e-04	-0.00462132
5.815104166667e-04	-0.00149285
5.815429687500e-04	-0.00021767
5.815755208333e-04	0.00291176
5.816080729167e-04	-0.00055664
5.816406250000e-04	-0.00668539
5.816731770833e-04	-0.00307362
5.817057291667e-04	-0.00446732
5.817382812500e-04	-0.02040635
5.817708333333e-04	-0.02016520
5.818033854167e-04	0.00735307
5.818359375000e-04	0.02116818
5.818684895833e-04	0.00207276
5.819010416667e-04	-0.01653339
5.819335937500e-04	-0.01277792
5.819661458333e-04	-0.00064177
5.819986979167e-04	0.00603463
5.820312500000e-04	0.00404565
5.820638020833e-04	-0.00414802
5.820963541667e-04	-0.00728704
5.821289062500e-04	-0.00269276
5.821614583333e-04	-0.00332762
5.821940104167e-04	-0.00859499
5.822265625000e-04	-0.00340519
5.822591145833e-04	0.01036264
5.822916666667e-04	0.02032002
5.823242187500e-04	0.02293286
5.823567708333e-04	0.01229048
5.823893229167e-04	-0.01024075
5.824218750000e-04	-0.01661474
5.824544270833e-04	0.00598117
5.824869791667e-04	0.02446397
5.825195312500e-04	0.01719586
5.825520833333e-04	0.00520166
5.825846354167e-04	0.00101975
5.826171875000e-04	-0.00263930
5.826497395833e-04	0.00077203
5.826822916667e-04	0.01068489
5.827148437500e-04	0.00603885
5.827473958333e-04	-0.00591206
5.827799479167e-04	0.00099692
5.828125000000e-04	0.01129861
5.828450520833e-04	0.00395777
5.828776041667e-04	0.00561755
5.829101562500e-04	0.02548297
5.829427083333e-04	0.02357942
5.829752604167e-04	0.00039833
5.830078125000e-04	0.00005673
5.830403645833e-04	0.01096433
5.830729166667e-04	-0.00372289
5.831054687500e-04	-0.01472742
5.831380208333e-04	0.00611898
5.831705729167e-04	0.01345210
5.832031250000e-04	-0.01263197
5.832356770833e-04	-0.01732747
5.832682291667e-04	0.01219843
5.833007812500e-04	0.02132274
5.833333333333e-04	0.00361640
5.833658854167e-04	0.00208979
5.833984375000e-04	0.00937042
5.834309895833e-04	-0.00900361
5.834635416667e-04	-0.03243892
5.834960937500e-04	-0.02409696
5.835286458333e-04	-0.00017514
5.835611979167e-04	0.00523542
5.835937500000e-04	-0.00485291
5.836263020833e-04	-0.00734537
5.836588541667e-04	0.00515285
5.836914062500e-04	0.01960578
5.837239583333e-04	0.01576875
5.837565104167e-04	-0.01062251
5.837890625000e-04	-0.03288578
5.838216145833e-04	-0.02184925
5.838541666667e-04	0.00767930
5.838867187500e-04	0.01056006
5.839192708333e-04	-0.01793656
5.839518229167e-04	-0.02948698
5.839843750000e-04	-0.00657319
5.840169270833e-04	0.00201498
5.840494791667e-04	-0.02597525
5.840820312500e-04	-0.03669687
5.841145833333e-04	-0.00226418
5.841471354167e-04	0.02191876
5.841796875000e-04	0.00242158
5.842122395833e-04	-0.01517292
5.842447916667e-04	-0.00262374
5.842773437500e-04	0.00638089
5.843098958333e-04	-0.00621293
5.843424479167e-04	-0.01834759
5.843750000000e-04	-0.01866283
5.844075520833e-04	-0.01115502
5.844401041667e-04	0.00111389
5.844726562500e-04	0.00445912
5.845052083333e-04	-0.00654811
5.845377604167e-04	-0.00969614
5.845703125000e-04	-0.00001515
5.846028645833e-04	-0.00084619
5.846354166667e-04	-0.00585260
5.846679687500e-04	0.00472942
5.847005208333e-04	0.00391685
5.847330729167e-04	-0.02512004
5.847656250000e-04	-0.03282541
5.847981770833e-04	0.00059397
5.848307291667e-04	0.01775112
5.848632812500e-04	0.00108970
5.848958333333e-04	0.00000424
5.849283854167e-04	0.01543815
5.849609375000e-04	0.00650687
5.849934895833e-04	-0.01086738
5.850260416667e-04	-0.00635424
5.850585937500e-04	-0.00481923
5.850911458333e-04	-0.01630390
5.851236979167e-04	-0.00618294
5.851562500000e-04	0.01637472
5.851888020833e-04	0.00773039
5.852213541667e-04	-0.01619853
5.852539062500e-04	-0.01633688
5.852864583333e-04	-0.00979395
5.853190104167e-04	-0.01754608
5.853515625000e-04	-0.01679876
5.853841145833e-04	-0.00325264
5.854166666667e-04	-0.00467675
5.854492187500e-04	-0.01660941
5.854817708333e-04	-0.01402702
5.855143229167e-04	-0.00621926
5.855468750000e-04	-0.01064946
5.855794270833e-04	-0.01564185
5.856119791667e-04	-0.01080855
5.856445312500e-04	-0.00511238
5.856770833333e-04	-0.00172745
5.857096354167e-04	0.00177180
5.857421875000e-04	-0.00220776
5.857747395833e-04	-0.01427675
5.858072916667e-04	-0.01558887
5.858398437500e-04	0.00348458
5.858723958333e-04	0.01988582
5.859049479167e-04	0.00753571
5.859375000000e-04	-0.01600410
5.859700520833e-04	-0.00956814
5.860026041667e-04	0.01786688
5.860351562500e-04	0.01466393
5.860677083333e-04	-0.01588668
5.861002604167e-04	-0.01607450
5.861328125000e-04	0.01304538
5.861653645833e-04	0.01513422
5.861979166667e-04	-0.00614263
5.862304687500e-04	-0.00544439
5.862630208333e-04	0.00306477
5.862955729167e-04	-0.00956552
5.863281250000e-04	-0.01271088
5.863606770833e-04	0.00738655
5.863932291667e-04	0.00631369
5.864257812500e-04	-0.01577891
5.864583333333e-04	-0.00720103
5.864908854167e-04	0.02028655
5.865234375000e-04	0.01501058
5.865559895833e-04	-0.00658151
5.865885416667e-04	-0.00591994
5.866210937500e-04	-0.00255803
5.866536458333e-04	-0.01320822
5.866861979167e-04	-0.01298343
5.867187500000e-04	-0.00426261
5.867513020833e-04	-0.01237520
5.867838541667e-04	-0.01797916
5.868164062500e-04	0.00259096
5.868489583333e-04	0.01805177
5.868815104167e-04	0.00363835
5.869140625000e-04	-0.01204578
5.869466145833e-04	-0.00891438
5.869791666667e-04	-0.00437392
5.870117187500e-04	-0.00607102
5.870442708333e-04	-0.00359369
5.870768229167e-04	0.00186864
5.871093750000e-04	0.00255865
5.871419270833e-04	-0.00101943
5.871744791667e-04	-0.00476458
5.872070312500e-04	-0.00357753
5.872395833333e-04	0.00354184
5.872721354167e-04	0.00841124
5.873046875000e-04	0.00871177
5.873372395833e-04	0.01069457
5.873697916667e-04	0.00914575
5.874023437500e-04	-0.00093024
5.874348958333e-04	-0.00454350
5.874674479167e-04	0.00185304
5.875000000000e-04	-0.00221750
5.875325520833e-04	-0.01404596
5.875651041667e-04	-0.01141749
5.875976562500e-04	-0.00422704
5.876302083333e-04	-0.00565875
5.876627604167e-04	0.00712040
5.876953125000e-04	0.02963758
5.877278645833e-04	0.01623852
5.877604166667e-04	-0.01744675
5.877929687500e-04	-0.00891574
5.878255208333e-04	0.01968089
5.878580729167e-04	0.00411725
5.878906250000e-04	-0.02192978
5.879231770833e-04	0.00060896
5.879557291667e-04	0.02591887
5.879882812500e-04	0.00247749
5.880208333333e-04	-0.01892550
5.880533854167e-04	0.00075938
5.880859375000e-04	0.01262292
5.881184895833e-04	-0.00621442
5.881510416667e-04	-0.01289718
5.881835937500e-04	0.00070971
5.882161458333e-04	0.00189350
5.882486979167e-04	-0.00779539
5.882812500000e-04	-0.01176084
5.883138020833e-04	-0.01825815
5.883463541667e-04	-0.02267047
5.883789062500e-04	-0.00534447
5.884114583333e-04	0.01559547
5.884440104167e-04	0.00983518
5.884765625000e-04	-0.00374654
5.885091145833e-04	0.00507083
5.885416666667e-04	0.01823653
5.885742187500e-04	0.00833771
5.886067708333e-04	-0.01017490
5.886393229167e-04	-0.01331318
5.886718750000e-04	-0.00737171
5.887044270833e-04	-0.00686119
5.887369791667e-04	-0.00795757
5.887695312500e-04	-0.00360712
5.888020833333e-04	0.00133058
5.888346354167e-04	0.00407895
5.888671875000e-04	0.01044696
5.888997395833e-04	0.01613516
5.889322916667e-04	0.00869608
5.889648437500e-04	-0.00184292
5.889973958333e-04	0.00740572
5.890299479167e-04	0.02464999
5.890625000000e-04	0.01745496
5.890950520833e-04	-0.00567650
5.891276041667e-04	-0.01157812
5.891601562500e-04	-0.00650943
5.891927083333e-04	-0.01288657
5.892252604167e-04	-0.01415889
5.892578125000e-04	0.00511162
5.892903645833e-04	0.01436222
5.893229166667e-04	-0.00449002
5.893554687500e-04	-0.01894900
5.893880208333e-04	-0.01153485
5.894205729167e-04	-0.00694768
5.894531250000e-04	-0.01055406
5.894856770833e-04	-0.00119798
5.895182291667e-04	0.01243951
5.895507812500e-04	0.00590006
5.895833333333e-04	-0.00675306
5.896158854167e-04	0.00065225
5.896484375000e-04	0.01552424
5.896809895833e-04	0.01462089
5.897135416667e-04	0.00603496
5.897460937500e-04	0.00526669
5.897786458333e-04	0.00669062
5.898111979167e-04	0.00222131
5.898437500000e-04	-0.00402770
5.898763020833e-04	-0.00789189
5.899088541667e-04	-0.00587931
5.899414062500e-04	0.00758048
5.899739583333e-04	0.02120462
5.900065104167e-04	0.01129003
5.900390625000e-04	-0.01238814
5.900716145833e-04	-0.00849399
5.901041666667e-04	0.02317558
5.901367187500e-04	0.03140236
5.901692708333e-04	0.00379789
5.902018229167e-04	-0.00839898
5.902343750000e-04	0.01481875
5.902669270833e-04	0.02835147
5.902994791667e-04	0.00994504
5.903320312500e-04	-0.00544143
5.903645833333e-04	0.00185436
5.903971354167e-04	0.00856791
5.904296875000e-04	-0.00001591
5.904622395833e-04	-0.01160805
5.904947916667e-04	-0.01320799
5.905273437500e-04	-0.00303246
5.905598958333e-04	0.00657783
5.905924479167e-04	-0.00188127
5.906250000000e-04	-0.01902879
5.906575520833e-04	-0.01773785
5.906901041667e-04	-0.00573143
5.907226562500e-04	-0.00919895
5.907552083333e-04	-0.01230665
5.907877604167e-04	0.00845445
5.908203125000e-04	0.02369567
5.908528645833e-04	0.00712028
5.908854166667e-04	-0.00874097
5.909179687500e-04	-0.00089163
5.909505208333e-04	0.00437815
5.909830729167e-04	-0.00000284
5.910156250000e-04	0.00774065
5.910481770833e-04	0.01586222
5.910807291667e-04	0.00538999
5.911132812500e-04	0.00296029
5.911458333333e-04	0.02312612
5.911783854167e-04	0.02762457
5.912109375000e-04	0.00263852
5.912434895833e-04	-0.01249337
5.912760416667e-04	-0.00349971
5.913085937500e-04	0.00288842
5.913411458333e-04	-0.00075300
5.913736979167e-04	-0.00282884
5.914062500000e-04	-0.00633696
5.914388020833e-04	-0.01240112
5.914713541667e-04	-0.00998589
5.915039062500e-04	0.00027975
5.915364583333e-04	0.00898689
5.915690104167e-04	0.01139680
5.916015625000e-04	-0.00158825
5.916341145833e-04	-0.02825246
5.916666666667e-04	-0.03741498
5.916992187500e-04	-0.01386435
5.917317708333e-04	0.01013039
5.917643229167e-04	0.01311371
5.917968750000e-04	0.01616473
5.918294270833e-04	0.02565012
5.918619791667e-04	0.01806536
5.918945312500e-04	-0.00364229
5.919270833333e-04	-0.01023477
5.919596354167e-04	0.00179231
5.919921875000e-04	0.01321769
5.920247395833e-04	0.01583817
5.920572916667e-04	0.01103886
5.920898437500e-04	0.00220877
5.921223958333e-04	-0.00344393
5.921549479167e-04	-0.00589112
5.921875000000e-04	-0.01069877
5.922200520833e-04	-0.01190710
5.922526041667e-04	-0.00458604
5.922851562500e-04	0.00015466
5.923177083333e-04	-0.00012062
5.923502604167e-04	0.00591583
5.923828125000e-04	0.01052562
5.924153645833e-04	-0.00008848
5.924479166667e-04	-0.00793696
5.924804687500e-04	0.00417581
5.925130208333e-04	0.01364284
5.925455729167e-04	0.00319663
5.925781250000e-04	-0.00710333
5.926106770833e-04	-0.00800386
5.926432291667e-04	-0.01550730
5.926757812500e-04	-0.02467143
5.927083333333e-04	-0.01668994
5.927408854167e-04	-0.00113451
5.927734375000e-04	0.00554637
5.928059895833e-04	0.01019528
5.928385416667e-04	0.01361077
5.928710937500e-04	0.00133442
5.929036458333e-04	-0.01757981
5.929361979167e-04	-0.01731054
5.929687500000e-04	-0.00087712
5.930013020833e-04	0.00872198
5.930338541667e-04	0.00716511
5.930664062500e-04	0.00334466
5.930989583333e-04	-0.00070822
5.931315104167e-04	-0.00386228
5.931640625000e-04	-0.00308556
5.931966145833e-04	-0.00239010
5.932291666667e-04	-0.00716593
5.932617187500e-04	-0.01387034
5.932942708333e-04	-0.01531120
5.933268229167e-04	-0.00994954
5.933593750000e-04	-0.00329547
5.933919270833e-04	-0.00121895
5.934244791667e-04	-0.00061055
5.934570312500e-04	0.00402305
5.934895833333e-04	0.00464850
5.935221354167e-04	-0.00675967
5.935546875000e-04	-0.01410430
5.935872395833e-04	-0.00183478
5.936197916667e-04	0.01025177
5.936523437500e-04	0.00056768
5.936848958333e-04	-0.01069162
5.937174479167e-04	0.00032288
5.937500000000e-04	0.01367141
5.937825520833e-04	0.00461747
5.938151041667e-04	-0.00943884
5.938476562500e-04	-0.00440186
5.938802083333e-04	0.00856928
5.939127604167e-04	0.01042600
5.939453125000e-04	0.00475459
5.939778645833e-04	-0.00060872
5.940104166667e-04	-0.00567930
5.940429687500e-04	-0.00336016
5.940755208333e-04	0.01186023
5.941080729167e-04	0.02319317
5.941406250000e-04	0.01450365
5.941731770833e-04	-0.00016532
5.942057291667e-04	-0.00390857
5.942382812500e-04	-0.00678042
5.942708333333e-04	-0.01442971
5.943033854167e-04	-0.00730300
5.943359375000e-04	0.01475959
5.943684895833e-04	0.01867105
5.944010416667e-04	-0.00126003
5.944335937500e-04	-0.01024772
5.944661458333e-04	-0.00104204
5.944986979167e-04	-0.00424426
5.945312500000e-04	-0.02114144
5.945638020833e-04	-0.02101644
5.945963541667e-04	-0.00334076
5.946289062500e-04	0.00678154
5.946614583333e-04	0.00839319
5.946940104167e-04	0.01179436
5.947265625000e-04	0.00671115
5.947591145833e-04	-0.01242767
5.947916666667e-04	-0.02591596
5.948242187500e-04	-0.01911304
5.948567708333e-04	0.00012226
5.948893229167e-04	0.01717283
5.949218750000e-04	0.01824083
5.949544270833e-04	-0.00006948
5.949869791667e-04	-0.01563711
5.950195312500e-04	-0.00745686
5.950520833333e-04	0.00701756
5.950846354167e-04	0.00317085
5.951171875000e-04	-0.00457855
5.951497395833e-04	0.00372786
5.951822916667e-04	0.00911772
5.952148437500e-04	-0.00736249
5.952473958333e-04	-0.02249132
5.952799479167e-04	-0.01415117
5.953125000000e-04	-0.00339901
5.953450520833e-04	-0.01124638
5.953776041667e-04	-0.01690762
5.954101562500e-04	-0.00028096
5.954427083333e-04	0.01489767
5.954752604167e-04	0.00345430
5.955078125000e-04	-0.01277066
5.955403645833e-04	-0.00427361
5.955729166667e-04	0.01290960
5.956054687500e-04	0.00977637
5.956380208333e-04	-0.00401055
5.956705729167e-04	-0.00485017
5.957031250000e-04	0.00308572
5.957356770833e-04	0.00553442
5.957682291667e-04	0.00216447
5.958007812500e-04	-0.00555831
5.958333333333e-04	-0.01491000
5.958658854167e-04	-0.01234650
5.958984375000e-04	0.00257181
5.959309895833e-04	0.00539239
5.959635416667e-04	-0.01272211
5.959960937500e-04	-0.02852930
5.960286458333e-04	-0.02823542
5.960611979167e-04	-0.02335369
5.960937500000e-04	-0.02068601
5.961263020833e-04	-0.01455663
5.961588541667e-04	-0.00199819
5.961914062500e-04	0.01602447
5.962239583333e-04	0.03175885
5.962565104167e-04	0.02977385
5.962890625000e-04	0.01076251
5.963216145833e-04	-0.00381791
5.963541666667e-04	-0.00581570
5.963867187500e-04	-0.00473597
5.964192708333e-04	-0.00022325
5.964518229167e-04	0.00904099
5.964843750000e-04	0.01070265
5.965169270833e-04	0.00525577
5.965494791667e-04	0.00653855
5.965820312500e-04	0.00647127
5.966145833333e-04	-0.00604362
5.966471354167e-04	-0.01192530
5.966796875000e-04	-0.00275755
5.967122395833e-04	-0.00193885
5.967447916667e-04	-0.00723864
5.967773437500e-04	0.00615991
5.968098958333e-04	0.01909154
5.968424479167e-04	0.00372125
5.968750000000e-04	-0.00850996
5.969075520833e-04	0.00832368
5.969401041667e-04	0.01738121
5.969726562500e-04	0.00249235
5.970052083333e-04	-0.00064730
5.970377604167e-04	0.00646700
5.970703125000e-04	-0.00713940
5.971028645833e-04	-0.01802146
5.971354166667e-04	0.00228096
5.971679687500e-04	0.01692324
5.972005208333e-04	0.00275631
5.972330729167e-04	-0.00507302
5.972656250000e-04	-0.00218688
5.972981770833e-04	-0.01750297
5.973307291667e-04	-0.02691723
5.973632812500e-04	-0.00043412
5.973958333333e-04	0.01872084
5.974283854167e-04	-0.00033507
5.974609375000e-04	-0.01069750
5.974934895833e-04	0.01015360
5.975260416667e-04	0.01857374
5.975585937500e-04	0.00347990
5.975911458333e-04	-0.00053405
5.976236979167e-04	0.00796962
5.976562500000e-04	0.01085151
5.976888020833e-04	0.01649897
5.977213541667e-04	0.02319912
5.977539062500e-04	0.00853216
5.977864583333e-04	-0.01582587
5.978190104167e-04	-0.01681773
5.978515625000e-04	0.00041650
5.978841145833e-04	0.01121778
5.979166666667e-04	0.01486787
5.979492187500e-04	0.01679871
5.979817708333e-04	0.01163785
5.980143229167e-04	0.00031839
5.980468750000e-04	-0.00946197
5.980794270833e-04	-0.01080419
5.981119791667e-04	0.00350606
5.981445312500e-04	0.02263540
5.981770833333e-04	0.01791901
5.982096354167e-04	-0.00782396
5.982421875000e-04	-0.01753037
5.982747395833e-04	-0.00530600
5.983072916667e-04	0.00183117
5.983398437500e-04	0.00444424
5.983723958333e-04	0.01772941
5.984049479167e-04	0.02580952
5.984375000000e-04	0.01665314
5.984700520833e-04	0.01093165
5.985026041667e-04	0.01036211
5.985351562500e-04	-0.00808918
5.985677083333e-04	-0.02749627
5.986002604167e-04	-0.01225330
5.986328125000e-04	0.01071463
5.986653645833e-04	-0.00856597
5.986979166667e-04	-0.04443476
5.987304687500e-04	-0.03604770
5.987630208333e-04	0.00321263
5.987955729167e-04	0.01134878
5.988281250000e-04	-0.01577236
5.988606770833e-04	-0.02964205
5.988932291667e-04	-0.01721542
5.989257812500e-04	-0.00648806
5.989583333333e-04	-0.00465490
5.989908854167e-04	-0.00075468
5.990234375000e-04	-0.00486921
5.990559895833e-04	-0.01967885
5.990885416667e-04	-0.01338274
5.991210937500e-04	0.01677617
5.991536458333e-04	0.01863400
5.991861979167e-04	-0.01774260
5.992187500000e-04	-0.02900225
5.992513020833e-04	0.00280105
5.992838541667e-04	0.01681454
5.993164062500e-04	-0.00326318
5.993489583333e-04	-0.00571822
5.993815104167e-04	0.01273994
5.994140625000e-04	0.00558911
5.994466145833e-04	-0.01703786
5.994791666667e-04	-0.00965178
5.995117187500e-04	0.01453168
5.995442708333e-04	0.01722933
5.995768229167e-04	0.00785811
5.996093750000e-04	0.00660155
5.996419270833e-04	0.00181554
5.996744791667e-04	-0.01082067
5.997070312500e-04	-0.01273910
5.997395833333e-04	-0.00287908
5.997721354167e-04	0.00030754
5.998046875000e-04	-0.00654807
5.998372395833e-04	-0.01128920
5.998697916667e-04	-0.00763861
5.999023437500e-04	0.00056855
5.999348958333e-04	0.00590763
5.999674479167e-04	0.00438695
6.000000000000e-04	-0.00205466
6.000325520833e-04	-0.00975127
6.000651041667e-04	-0.01114032
6.000976562500e-04	0.00279184
6.001302083333e-04	0.02093643
6.001627604167e-04	0.01886094
6.001953125000e-04	0.00343098
6.002278645833e-04	0.00333485
6.002604166667e-04	0.01089050
6.002929687500e-04	0.00090732
6.003255208333e-04	-0.00894623
6.003580729167e-04	0.00463928
6.003906250000e-04	0.01498050
6.004231770833e-04	0.00129154
6.004557291667e-04	-0.00745079
6.004882812500e-04	0.00140388
6.005208333333e-04	0.00169098
6.005533854167e-04	-0.00598150
6.005859375000e-04	-0.00024010
6.006184895833e-04	0.00647321
6.006510416667e-04	0.00334352
6.006835937500e-04	0.01388272
6.007161458333e-04	0.03266072
6.007486979167e-04	0.01947060
6.007812500000e-04	-0.01382147
6.008138020833e-04	-0.01728363
6.008463541667e-04	0.00084604
6.008789062500e-04	-0.00264625
6.009114583333e-04	-0.02013804
6.009440104167e-04	-0.01911868
6.009765625000e-04	-0.00523815
6.010091145833e-04	-0.00091803
6.010416666667e-04	-0.00867365
6.010742187500e-04	-0.01820657
6.011067708333e-04	-0.01709604
6.011393229167e-04	-0.00331887
6.011718750000e-04	0.00513186
6.012044270833e-04	0.00017090
6.012369791667e-04	0.00007091
6.012695312500e-04	0.00753286
6.013020833333e-04	0.00323564
6.013346354167e-04	-0.00509175
6.013671875000e-04	0.00217993
6.013997395833e-04	0.00733888
6.014322916667e-04	-0.00352349
6.014648437500e-04	-0.00131154
6.014973958333e-04	0.01813891
6.015299479167e-04	0.01246219
6.015625000000e-04	-0.01576160
6.015950520833e-04	-0.01527860
6.016276041667e-04	0.00997695
6.016601562500e-04	0.01168725
6.016927083333e-04	-0.00332295
6.017252604167e-04	0.00310863
6.017578125000e-04	0.01842554
6.017903645833e-04	0.01452097
6.018229166667e-04	0.00676093
6.018554687500e-04	0.01125573
6.018880208333e-04	0.00793049
6.019205729167e-04	-0.01265165
6.019531250000e-04	-0.02503098
6.019856770833e-04	-0.01347434
6.020182291667e-04	0.00354247
6.020507812500e-04	0.00518442
6.020833333333e-04	-0.00188425
6.021158854167e-04	0.00158323
6.021484375000e-04	0.01234647
6.021809895833e-04	0.00878389
6.022135416667e-04	-0.00602650
6.022460937500e-04	-0.00439250
6.022786458333e-04	0.01189520
6.023111979167e-04	0.00919816
6.023437500000e-04	-0.01619470
6.023763020833e-04	-0.03177322
6.024088541667e-04	-0.02619727
6.024414062500e-04	-0.01648492
6.024739583333e-04	-0.00837298
6.025065104167e-04	0.00087228
6.025390625000e-04	0.00163263
6.025716145833e-04	-0.00752566
6.026041666667e-04	-0.00666874
6.026367187500e-04	0.01203572
6.026692708333e-04	0.02727770
6.027018229167e-04	0.02186549
6.027343750000e-04	0.00723288
6.027669270833e-04	0.00164902
6.027994791667e-04	0.00288399
6.028320312500e-04	-0.00164747
6.028645833333e-04	-0.00917635
6.028971354167e-04	-0.00881295
6.029296875000e-04	-0.00665357
6.029622395833e-04	-0.01277022
6.029947916667e-04	-0.01457324
6.030273437500e-04	-0.00204975
6.030598958333e-04	0.00299561
6.030924479167e-04	-0.01136721
6.031250000000e-04	-0.01354514
6.031575520833e-04	0.01428373
6.031901041667e-04	0.03519882
6.032226562500e-04	0.02037735
6.032552083333e-04	-0.00464860
6.032877604167e-04	-0.01283749
6.033203125000e-04	-0.01371006
6.033528645833e-04	-0.01492756
6.033854166667e-04	-0.00506539
6.034179687500e-04	0.01114685
6.034505208333e-04	0.01036756
6.034830729167e-04	-0.00916969
6.035156250000e-04	-0.02235742
6.035481770833e-04	-0.01641385
6.035807291667e-04	-0.00708046
6.036132812500e-04	-0.00727859
6.036458333333e-04	-0.00468418
6.036783854167e-04	0.00953531
6.037109375000e-04	0.01552056
6.037434895833e-04	0.00081728
6.037760416667e-04	-0.00913443
6.038085937500e-04	0.00360768
6.038411458333e-04	0.01451467
6.038736979167e-04	0.00640528
6.039062500000e-04	0.00075327
6.039388020833e-04	0.00795678
6.039713541667e-04	0.00896846
6.040039062500e-04	0.00125637
6.040364583333e-04	-0.00114208
6.040690104167e-04	-0.00392776
6.041015625000e-04	-0.01110662
6.041341145833e-04	-0.00392280
6.041666666667e-04	0.01436413
6.041992187500e-04	0.01208998
6.042317708333e-04	-0.00762545
6.042643229167e-04	-0.01046221
6.042968750000e-04	0.00104695
6.043294270833e-04	-0.00047637
6.043619791667e-04	-0.00794974
6.043945312500e-04	-0.00149775
6.044270833333e-04	0.00696953
6.044596354167e-04	0.00248882
6.044921875000e-04	-0.00359405
6.045247395833e-04	-0.00217564
6.045572916667e-04	-0.00102040
6.045898437500e-04	-0.00251434
6.046223958333e-04	-0.00132261
6.046549479167e-04	0.00171824
6.046875000000e-04	0.00282654
6.047200520833e-04	0.00028165
6.047526041667e-04	-0.00646533
6.047851562500e-04	-0.01239789
6.048177083333e-04	-0.01147932
6.048502604167e-04	-0.00674859
6.048828125000e-04	-0.00139006
6.049153645833e-04	0.00738163
6.049479166667e-04	0.01418851
6.049804687500e-04	0.01120601
6.050130208333e-04	0.00788907
6.050455729167e-04	0.01108477
6.050781250000e-04	0.00458028
6.051106770833e-04	-0.01393339
6.051432291667e-04	-0.01458737
6.051757812500e-04	0.00925583
6.052083333333e-04	0.02005495
6.052408854167e-04	0.00082569
6.052734375000e-04	-0.01633514
6.053059895833e-04	-0.00733271
6.053385416667e-04	0.00942125
6.053710937500e-04	0.00837986
6.054036458333e-04	-0.00755241
6.054361979167e-04	-0.01535374
6.054687500000e-04	-0.00571146
6.055013020833e-04	0.00154990
6.055338541667e-04	-0.00819191
6.055664062500e-04	-0.01319589
6.055989583333e-04	0.00304262
6.056315104167e-04	0.01254695
6.056640625000e-04	-0.00227132
6.056966145833e-04	-0.00793838
6.057291666667e-04	0.00959452
6.057617187500e-04	0.00992049
6.057942708333e-04	-0.01426683
6.058268229167e-04	-0.01121214
6.058593750000e-04	0.02470539
6.058919270833e-04	0.03091670
6.059244791667e-04	-0.00677892
6.059570312500e-04	-0.02609350
6.059895833333e-04	-0.00050030
6.060221354167e-04	0.02187278
6.060546875000e-04	0.00913937
6.060872395833e-04	-0.00936878
6.061197916667e-04	-0.00549805
6.061523437500e-04	0.00487579
6.061848958333e-04	0.00187464
6.062174479167e-04	-0.00139619
6.062500000000e-04	0.00959312
6.062825520833e-04	0.01574264
6.063151041667e-04	-0.00037682
6.063476562500e-04	-0.01370819
6.063802083333e-04	0.00053747
6.064127604167e-04	0.01773629
6.064453125000e-04	0.01144880
6.064778645833e-04	0.00348847
6.065104166667e-04	0.01179191
6.065429687500e-04	0.01012115
6.065755208333e-04	-0.01086005
6.066080729167e-04	-0.01659954
6.066406250000e-04	0.00068315
6.066731770833e-04	0.00556188
6.067057291667e-04	-0.00796573
6.067382812500e-04	-0.00833530
6.067708333333e-04	0.00897283
6.068033854167e-04	0.01896168
6.068359375000e-04	0.01383673
6.068684895833e-04	0.00322389
6.069010416667e-04	-0.00500735
6.069335937500e-04	-0.00229414
6.069661458333e-04	0.00980688
6.069986979167e-04	0.01290619
6.070312500000e-04	0.00467224
6.070638020833e-04	0.00588175
6.070963541667e-04	0.01671699
6.071289062500e-04	0.01697944
6.071614583333e-04	0.01108802
6.071940104167e-04	0.01474027
6.072265625000e-04	0.01678236
6.072591145833e-04	0.00847126
6.072916666667e-04	0.00798918
6.073242187500e-04	0.01480804
6.073567708333e-04	0.00264899
6.073893229167e-04	-0.01950443
6.074218750000e-04	-0.01616170
6.074544270833e-04	0.00251336
6.074869791667e-04	-0.00109656
6.075195312500e-04	-0.01726913
6.075520833333e-04	-0.01044067
6.075846354167e-04	0.01078527
6.076171875000e-04	0.01151477
6.076497395833e-04	-0.00851821
6.076822916667e-04	-0.01944629
6.077148437500e-04	-0.00801605
6.077473958333e-04	0.00627726
6.077799479167e-04	-0.00064895
6.078125000000e-04	-0.01943721
6.078450520833e-04	-0.01654333
6.078776041667e-04	0.00893512
6.079101562500e-04	0.01776167
6.079427083333e-04	-0.00250141
6.079752604167e-04	-0.01818013
6.080078125000e-04	-0.01173830
6.080403645833e-04	-0.00104331
6.080729166667e-04	0.00537736
6.081054687500e-04	0.01178395
6.081380208333e-04	0.01019084
6.081705729167e-04	0.00022236
6.082031250000e-04	-0.00110649
6.082356770833e-04	0.00375470
6.082682291667e-04	-0.00328537
6.083007812500e-04	-0.01451663
6.083333333333e-04	-0.01456364
6.083658854167e-04	-0.01401215
6.083984375000e-04	-0.01822540
6.084309895833e-04	-0.01323572
6.084635416667e-04	-0.00674556
6.084960937500e-04	-0.01385434
6.085286458333e-04	-0.01120219
6.085611979167e-04	0.01540538
6.085937500000e-04	0.02437131
6.086263020833e-04	-0.00276805
6.086588541667e-04	-0.01617431
6.086914062500e-04	0.00492722
6.087239583333e-04	0.01432225
6.087565104167e-04	-0.00304366
6.087890625000e-04	-0.00960879
6.088216145833e-04	0.00031866
6.088541666667e-04	0.00180824
6.088867187500e-04	0.00023036
6.089192708333e-04	0.00660554
6.089518229167e-04	0.00484532
6.089843750000e-04	-0.00547381
6.090169270833e-04	-0.00305405
6.090494791667e-04	0.00624045
6.090820312500e-04	0.00567017
6.091145833333e-04	0.00721287
6.091471354167e-04	0.01642666
6.091796875000e-04	0.01294270
6.092122395833e-04	0.00016303
6.092447916667e-04	0.00353582
6.092773437500e-04	0.01625073
6.093098958333e-04	0.01667047
6.093424479167e-04	0.01118952
6.093750000000e-04	0.00643688
6.094075520833e-04	-0.00648289
6.094401041667e-04	-0.01506128
6.094726562500e-04	-0.00213292
6.095052083333e-04	0.00957268
6.095377604167e-04	-0.00071142
6.095703125000e-04	-0.00763016
6.096028645833e-04	0.00519990
6.096354166667e-04	0.01171248
6.096679687500e-04	0.00005591
6.097005208333e-04	-0.01058360
6.097330729167e-04	-0.01474467
6.097656250000e-04	-0.01668868
6.097981770833e-04	-0.00778569
6.098307291667e-04	0.00611576
6.098632812500e-04	0.00403167
6.098958333333e-04	-0.00612305
6.099283854167e-04	-0.00301702
6.099609375000e-04	0.00309173
6.099934895833e-04	-0.00190821
6.100260416667e-04	-0.00482870
6.100585937500e-04	-0.00161034
6.100911458333e-04	-0.00555650
6.101236979167e-04	-0.00802682
6.101562500000e-04	0.00267350
6.101888020833e-04	0.00438756
6.102213541667e-04	-0.01461091
6.102539062500e-04	-0.02335967
6.102864583333e-04	-0.00745514
6.103190104167e-04	0.00558612
6.103515625000e-04	0.00391015
6.103841145833e-04	0.00293237
6.104166666667e-04	0.00167931
6.104492187500e-04	-0.00751087
6.104817708333e-04	-0.00963225
6.105143229167e-04	0.00374503
6.105468750000e-04	0.01265032
6.105794270833e-04	0.00387573
6.106119791667e-04	-0.00989296
6.106445312500e-04	-0.01308145
6.106770833333e-04	-0.00237339
6.107096354167e-04	0.01265689
6.107421875000e-04	0.01727905
6.107747395833e-04	0.01451766
6.108072916667e-04	0.02062460
6.108398437500e-04	0.02613780
6.108723958333e-04	0.00812246
6.109049479167e-04	-0.01636708
6.109375000000e-04	-0.01455244
6.109700520833e-04	-0.00244409
6.110026041667e-04	-0.01156004
6.110351562500e-04	-0.02333154
6.110677083333e-04	-0.00902055
6.111002604167e-04	0.01181580
6.111328125000e-04	0.01262976
6.111653645833e-04	0.00439559
6.111979166667e-04	0.00091561
6.112304687500e-04	-0.00220929
6.112630208333e-04	-0.00063666
6.112955729167e-04	0.01118863
6.113281250000e-04	0.01417324
6.113606770833e-04	-0.00483211
6.113932291667e-04	-0.01997376
6.114257812500e-04	-0.00563021
6.114583333333e-04	0.01851862
6.114908854167e-04	0.01696862
6.115234375000e-04	-0.00738677
6.115559895833e-04	-0.01957769
6.115885416667e-04	-0.00677950
6.116210937500e-04	0.00462706
6.116536458333e-04	-0.00303291
6.116861979167e-04	-0.00835756
6.117187500000e-04	0.00522262
6.117513020833e-04	0.01519464
6.117838541667e-04	0.00437249
6.118164062500e-04	-0.00631968
6.118489583333e-04	-0.00217664
6.118815104167e-04	-0.00035581
6.119140625000e-04	-0.00909054
6.119466145833e-04	-0.01438285
6.119791666667e-04	-0.01289581
6.120117187500e-04	-0.01081137
6.120442708333e-04	-0.00502533
6.120768229167e-04	0.00036416
6.121093750000e-04	-0.00603884
6.121419270833e-04	-0.01219382
6.121744791667e-04	-0.00170110
6.122070312500e-04	0.00705987
6.122395833333e-04	-0.00212297
6.122721354167e-04	-0.00474624
6.123046875000e-04	0.01013205
6.123372395833e-04	0.00868652
6.123697916667e-04	-0.01752096
6.124023437500e-04	-0.02849072
6.124348958333e-04	-0.01428765
6.124674479167e-04	-0.01034104
6.125000000000e-04	-0.02148249
6.125325520833e-04	-0.01585805
6.125651041667e-04	0.00764355
6.125976562500e-04	0.01834399
6.126302083333e-04	0.00770089
6.126627604167e-04	-0.00510759
6.126953125000e-04	-0.00413825
6.127278645833e-04	0.00841081
6.127604166667e-04	0.01341680
6.127929687500e-04	-0.00141506
6.128255208333e-04	-0.01373397
6.128580729167e-04	0.00147391
6.128906250000e-04	0.01925103
6.129231770833e-04	0.00329482
6.129557291667e-04	-0.02206380
6.129882812500e-04	-0.01265049
6.130208333333e-04	0.01161011
6.130533854167e-04	0.00361414
6.130859375000e-04	-0.02319741
6.131184895833e-04	-0.02114711
6.131510416667e-04	0.00853301
6.131835937500e-04	0.02441882
6.132161458333e-04	0.01250883
6.132486979167e-04	-0.00383351
6.132812500000e-04	-0.00606150
6.133138020833e-04	-0.00015278
6.133463541667e-04	0.00118814
6.133789062500e-04	-0.00170567
6.134114583333e-04	0.00029040
6.134440104167e-04	0.00681509
6.134765625000e-04	0.00749173
6.135091145833e-04	0.00072652
6.135416666667e-04	-0.00350016
6.135742187500e-04	-0.00171075
6.136067708333e-04	-0.00133705
6.136393229167e-04	-0.00678051
6.136718750000e-04	-0.01322196
6.137044270833e-04	-0.01150751
6.137369791667e-04	0.00367817
6.137695312500e-04	0.02235121
6.138020833333e-04	0.02410002
6.138346354167e-04	0.00834069
6.138671875000e-04	0.00080463
6.138997395833e-04	0.01152418
6.139322916667e-04	0.01552976
6.139648437500e-04	-0.00172481
6.139973958333e-04	-0.01544998
6.140299479167e-04	-0.00470796
6.140625000000e-04	0.01161925
6.140950520833e-04	0.00918281
6.141276041667e-04	-0.00329892
6.141601562500e-04	-0.00361512
6.141927083333e-04	0.01036348
6.142252604167e-04	0.02363960
6.142578125000e-04	0.02425817
6.142903645833e-04	0.01276926
6.143229166667e-04	0.00107116
6.143554687500e-04	0.00064613
6.143880208333e-04	0.00787194
6.144205729167e-04	0.00973413
6.144531250000e-04	0.00464497
6.144856770833e-04	0.00361028
6.145182291667e-04	0.01037122
6.145507812500e-04	0.01420678
6.145833333333e-04	0.00454974
6.146158854167e-04	-0.01400057
6.146484375000e-04	-0.02350170
6.146809895833e-04	-0.01308445
6.147135416667e-04	0.00404165
6.147460937500e-04	0.00752455
6.147786458333e-04	-0.00020391
6.148111979167e-04	-0.00385050
6.148437500000e-04	-0.00399707
6.148763020833e-04	-0.00434951
6.149088541667e-04	0.00713627
6.149414062500e-04	0.02649281
6.149739583333e-04	0.02159157
6.150065104167e-04	-0.00696613
6.150390625000e-04	-0.01009485
6.150716145833e-04	0.02263656
6.151041666667e-04	0.03549661
6.151367187500e-04	0.00603998
6.151692708333e-04	-0.01608413
6.152018229167e-04	-0.00288548
6.152343750000e-04	0.01256173
6.152669270833e-04	0.01183409
6.152994791667e-04	0.01574179
6.153320312500e-04	0.02568245
6.153645833333e-04	0.01985468
6.153971354167e-04	0.00198710
6.154296875000e-04	-0.00636210
6.154622395833e-04	-0.00315533
6.154947916667e-04	0.00222752
6.155273437500e-04	0.00630017
6.155598958333e-04	0.00427942
6.155924479167e-04	-0.00448299
6.156250000000e-04	-0.00637373
6.156575520833e-04	0.00527080
6.156901041667e-04	0.01478652
6.157226562500e-04	0.00862273
6.157552083333e-04	-0.00569615
6.157877604167e-04	-0.01416447
6.158203125000e-04	-0.01141133
6.158528645833e-04	-0.00049129
6.158854166667e-04	0.01106764
6.159179687500e-04	0.01739290
6.159505208333e-04	0.01744356
6.159830729167e-04	0.01126727
6.160156250000e-04	0.00107116
6.160481770833e-04	-0.00712599
6.160807291667e-04	-0.01048442
6.161132812500e-04	-0.00698627
6.161458333333e-04	0.00942265
6.161783854167e-04	0.02870688
6.162109375000e-04	0.02354076
6.162434895833e-04	-0.00098437
6.162760416667e-04	-0.00444583
6.163085937500e-04	0.01329501
6.163411458333e-04	0.00972523
6.163736979167e-04	-0.01060578
6.164062500000e-04	-0.00622604
6.164388020833e-04	0.00705128
6.164713541667e-04	-0.00881152
6.165039062500e-04	-0.02121859
6.165364583333e-04	0.00706267
6.165690104167e-04	0.02886244
6.166015625000e-04	0.00356603
6.166341145833e-04	-0.02115812
6.166666666667e-04	-0.00767458
6.166992187500e-04	0.00764307
6.167317708333e-04	0.00177724
6.167643229167e-04	-0.00186183
6.167968750000e-04	0.00006477
6.168294270833e-04	-0.00637975
6.168619791667e-04	-0.00947436
6.168945312500e-04	-0.00188764
6.169270833333e-04	0.00169411
6.169596354167e-04	0.00374361
6.169921875000e-04	0.01110021
6.170247395833e-04	0.00267093
6.170572916667e-04	-0.02353136
6.170898437500e-04	-0.03018701
6.171223958333e-04	-0.01258035
6.171549479167e-04	-0.00509199
6.171875000000e-04	-0.00617243
6.172200520833e-04	0.00640379
6.172526041667e-04	0.01358464
6.172851562500e-04	-0.00317132
6.173177083333e-04	-0.01732554
6.173502604167e-04	-0.01368978
6.173828125000e-04	-0.01008225
6.174153645833e-04	-0.00603468
6.174479166667e-04	0.00502373
6.174804687500e-04	0.00081655
6.175130208333e-04	-0.01950986
6.175455729167e-04	-0.01796367
6.175781250000e-04	0.00387559
6.176106770833e-04	0.00337693
6.176432291667e-04	-0.01595275
6.176757812500e-04	-0.01731363
6.177083333333e-04	-0.00500034
6.177408854167e-04	0.00063888
6.177734375000e-04	0.00563691
6.178059895833e-04	0.00583118
6.178385416667e-04	-0.01330795
6.178710937500e-04	-0.02755166
6.179036458333e-04	-0.01069614
6.179361979167e-04	0.00830023
6.179687500000e-04	0.00225278
6.180013020833e-04	-0.00413725
6.180338541667e-04	0.00231211
6.180664062500e-04	-0.00376723
6.180989583333e-04	-0.02015554
6.181315104167e-04	-0.01611504
6.181640625000e-04	0.00134390
6.181966145833e-04	0.00397286
6.182291666667e-04	0.00077113
6.182617187500e-04	0.01239066
6.182942708333e-04	0.02630267
6.183268229167e-04	0.02527832
6.183593750000e-04	0.01813629
6.183919270833e-04	0.01399838
6.184244791667e-04	0.00507759
6.184570312500e-04	-0.00871061
6.184895833333e-04	-0.00990440
6.185221354167e-04	0.00668674
6.185546875000e-04	0.01713931
6.185872395833e-04	0.00293391
6.186197916667e-04	-0.01475145
6.186523437500e-04	-0.00714133
6.186848958333e-04	0.01305794
6.187174479167e-04	0.01543530
6.187500000000e-04	0.00168997
6.187825520833e-04	-0.00961005
6.188151041667e-04	-0.01443292
6.188476562500e-04	-0.00917137
6.188802083333e-04	0.00884841
6.189127604167e-04	0.01830302
6.189453125000e-04	0.00569845
6.189778645833e-04	-0.00172443
6.190104166667e-04	0.01033546
6.190429687500e-04	0.01179240
6.190755208333e-04	-0.00470571
6.191080729167e-04	-0.00753108
6.191406250000e-04	0.00033172
6.191731770833e-04	-0.01082303
6.192057291667e-04	-0.02528381
6.192382812500e-04	-0.01538659
6.192708333333e-04	-0.00248832
6.193033854167e-04	-0.00472416
6.193359375000e-04	-0.00047719
6.193684895833e-04	0.00940811
6.194010416667e-04	0.00064693
6.194335937500e-04	-0.00984034
6.194661458333e-04	0.00081387
6.194986979167e-04	0.00558979
6.195312500000e-04	-0.00806069
6.195638020833e-04	-0.00553242
6.195963541667e-04	0.01116500
6.196289062500e-04	0.00484426
6.196614583333e-04	-0.00607091
6.196940104167e-04	0.01091358
6.197265625000e-04	0.01741618
6.197591145833e-04	-0.01312494
6.197916666667e-04	-0.02386416
6.198242187500e-04	0.01043327
6.198567708333e-04	0.02837506
6.198893229167e-04	0.00915403
6.199218750000e-04	0.00524330
6.199544270833e-04	0.02398597
6.199869791667e-04	0.02283744
6.200195312500e-04	0.00485707
6.200520833333e-04	-0.00202158
6.200846354167e-04	-0.00631426
6.201171875000e-04	-0.01347350
6.201497395833e-04	-0.00568027
6.201822916667e-04	0.00646707
6.202148437500e-04	0.00160541
6.202473958333e-04	0.00032865
6.202799479167e-04	0.01764906
6.203125000000e-04	0.02181089
6.203450520833e-04	0.00320406
6.203776041667e-04	-0.00302915
6.204101562500e-04	0.00554041
6.204427083333e-04	-0.00085544
6.204752604167e-04	-0.01192074
6.205078125000e-04	-0.00436943
6.205403645833e-04	-0.00038301
6.205729166667e-04	-0.01599362
6.206054687500e-04	-0.02078279
6.206380208333e-04	-0.00617780
6.206705729167e-04	-0.00504588
6.207031250000e-04	-0.01687614
6.207356770833e-04	-0.00968941
6.207682291667e-04	0.00750713
6.208007812500e-04	0.00501207
6.208333333333e-04	-0.00530755
6.208658854167e-04	-0.00201449
6.208984375000e-04	0.00235244
6.209309895833e-04	-0.00001089
6.209635416667e-04	0.00683735
6.209960937500e-04	0.01775247
6.210286458333e-04	0.00931620
6.210611979167e-04	-0.00948059
6.210937500000e-04	-0.01041684
6.211263020833e-04	0.00296290
6.211588541667e-04	0.00605761
6.211914062500e-04	-0.00509093
6.212239583333e-04	-0.01442672
6.212565104167e-04	-0.01073817
6.212890625000e-04	0.00057695
6.213216145833e-04	0.00276787
6.213541666667e-04	-0.01000745
6.213867187500e-04	-0.02047037
6.214192708333e-04	-0.01493128
6.214518229167e-04	-0.00486160
6.214843750000e-04	-0.00279007
6.215169270833e-04	-0.00359922
6.215494791667e-04	-0.00200993
6.215820312500e-04	0.00141384
6.216145833333e-04	0.00867426
6.216471354167e-04	0.01336451
6.216796875000e-04	0.00467340
6.217122395833e-04	-0.00467691
6.217447916667e-04	0.00242654
6.217773437500e-04	0.00731756
6.218098958333e-04	-0.00810779
6.218424479167e-04	-0.01681652
6.218750000000e-04	-0.00064808
6.219075520833e-04	0.00947709
6.219401041667e-04	0.00173846
6.219726562500e-04	0.00769667
6.220052083333e-04	0.02279935
6.220377604167e-04	0.00806871
6.220703125000e-04	-0.01792132
6.221028645833e-04	-0.00574199
6.221354166667e-04	0.02245155
6.221679687500e-04	0.01382194
6.222005208333e-04	-0.01223878
6.222330729167e-04	-0.00702587
6.222656250000e-04	0.01750498
6.222981770833e-04	0.02399910
6.223307291667e-04	0.01427036
6.223632812500e-04	0.00596242
6.223958333333e-04	0.00060552
6.224283854167e-04	-0.00163662
6.224609375000e-04	0.00218887
6.224934895833e-04	0.00672617
6.225260416667e-04	0.00600449
6.225585937500e-04	0.00029219
6.225911458333e-04	-0.00649718
6.226236979167e-04	-0.00494140
6.226562500000e-04	0.00668552
6.226888020833e-04	0.00853001
6.227213541667e-04	-0.00882530
6.227539062500e-04	-0.01895119
6.227864583333e-04	-0.00634183
6.228190104167e-04	0.00297698
6.228515625000e-04	-0.00333908
6.228841145833e-04	0.00145902
6.229166666667e-04	0.02098759
6.229492187500e-04	0.01993074
6.229817708333e-04	-0.00592853
6.230143229167e-04	-0.01600648
6.230468750000e-04	0.00465679
6.230794270833e-04	0.02437236
6.231119791667e-04	0.02114877
6.231445312500e-04	0.01070226
6.231770833333e-04	0.01143123
6.232096354167e-04	0.01506896
6.232421875000e-04	0.00666002
6.232747395833e-04	-0.00439954
6.233072916667e-04	0.00070928
6.233398437500e-04	0.01162716
6.233723958333e-04	0.00282814
6.234049479167e-04	-0.01802947
6.234375000000e-04	-0.02213072
6.234700520833e-04	-0.01078222
6.235026041667e-04	-0.00509994
6.235351562500e-04	-0.00399464
6.235677083333e-04	0.00108399
6.236002604167e-04	0.00010070
6.236328125000e-04	-0.01048041
6.236653645833e-04	-0.01453559
6.236979166667e-04	-0.00761687
6.237304687500e-04	-0.00103909
6.237630208333e-04	0.00471873
6.237955729167e-04	0.01216126
6.238281250000e-04	0.00963177
6.238606770833e-04	-0.00597593
6.238932291667e-04	-0.01540385
6.239257812500e-04	-0.00701113
6.239583333333e-04	0.00611613
6.239908854167e-04	0.00849457
6.240234375000e-04	0.00102831
6.240559895833e-04	-0.00472563
6.240885416667e-04	-0.00183565
6.241210937500e-04	0.00384627
6.241536458333e-04	0.00483858
6.241861979167e-04	0.00458934
6.242187500000e-04	0.00511500
6.242513020833e-04	-0.00060464
6.242838541667e-04	-0.00799461
6.243164062500e-04	-0.00346244
6.243489583333e-04	0.00353030
6.243815104167e-04	-0.00495859
6.244140625000e-04	-0.01410953
6.244466145833e-04	-0.00289106
6.244791666667e-04	0.01038662
6.245117187500e-04	0.00303490
6.245442708333e-04	-0.00851268
6.245768229167e-04	-0.00456864
6.246093750000e-04	0.00414921
6.246419270833e-04	0.00480775
6.246744791667e-04	-0.00062209
6.247070312500e-04	-0.00937403
6.247395833333e-04	-0.01426119
6.247721354167e-04	-0.00581389
6.248046875000e-04	0.00589943
6.248372395833e-04	0.00557189
6.248697916667e-04	0.00066873
6.249023437500e-04	-0.00075967
6.249348958333e-04	-0.00685812
6.249674479167e-04	-0.01176660
6.250000000000e-04	-0.00199270
6.250325520833e-04	0.00534337
6.250651041667e-04	-0.00613409
6.250976562500e-04	-0.01158514
6.251302083333e-04	0.00342836
6.251627604167e-04	0.01093459
6.251953125000e-04	0.00472922
6.252278645833e-04	0.01208201
6.252604166667e-04	0.02457198
6.252929687500e-04	0.01424401
6.253255208333e-04	0.00059801
6.253580729167e-04	0.00669751
6.253906250000e-04	0.00382477
6.254231770833e-04	-0.01976486
6.254557291667e-04	-0.02128256
6.254882812500e-04	0.00816393
6.255208333333e-04	0.02034273
6.255533854167e-04	0.00253887
6.255859375000e-04	-0.00880723
6.256184895833e-04	-0.00199055
6.256510416667e-04	0.00952523
6.256835937500e-04	0.02561695
6.257161458333e-04	0.03667934
6.257486979167e-04	0.01965363
6.257812500000e-04	-0.01114270
6.258138020833e-04	-0.01825870
6.258463541667e-04	-0.00804329
6.258789062500e-04	-0.01123257
6.259114583333e-04	-0.01892302
6.259440104167e-04	-0.00738645
6.259765625000e-04	0.00739009
6.260091145833e-04	0.00058927
6.260416666667e-04	-0.01138383
6.260742187500e-04	-0.00065390
6.261067708333e-04	0.02114421
6.261393229167e-04	0.02135535
6.261718750000e-04	0.00021713
6.262044270833e-04	-0.00763085
6.262369791667e-04	0.01259115
6.262695312500e-04	0.02977928
6.263020833333e-04	0.01429773
6.263346354167e-04	-0.01366575
6.263671875000e-04	-0.01456914
6.263997395833e-04	0.01079717
6.264322916667e-04	0.02800144
6.264648437500e-04	0.02119126
6.264973958333e-04	0.00435699
6.265299479167e-04	-0.00849509
6.265625000000e-04	-0.01389911
6.265950520833e-04	-0.00896208
6.266276041667e-04	0.00240035
6.266601562500e-04	0.00300514
6.266927083333e-04	-0.01278591
6.267252604167e-04	-0.02163491
6.267578125000e-04	-0.00641376
6.267903645833e-04	0.01099601
6.268229166667e-04	0.00547703
6.268554687500e-04	-0.00872790
6.268880208333e-04	-0.00837597
6.269205729167e-04	-0.00148683
6.269531250000e-04	-0.00129509
6.269856770833e-04	0.00029455
6.270182291667e-04	0.00521628
6.270507812500e-04	0.00110212
6.270833333333e-04	-0.00658644
6.271158854167e-04	-0.00396836
6.271484375000e-04	-0.00153201
6.271809895833e-04	-0.00665818
6.272135416667e-04	0.00336196
6.272460937500e-04	0.03076851
6.272786458333e-04	0.03437139
6.273111979167e-04	0.00320628
6.273437500000e-04	-0.01473616
6.273763020833e-04	0.00536678
6.274088541667e-04	0.02708092
6.274414062500e-04	0.02225786
6.274739583333e-04	0.00898267
6.275065104167e-04	0.00507518
6.275390625000e-04	0.00225707
6.275716145833e-04	-0.00562587
6.276041666667e-04	-0.00941769
6.276367187500e-04	-0.00283437
6.276692708333e-04	0.00704469
6.277018229167e-04	0.00872907
6.277343750000e-04	0.00135860
6.277669270833e-04	-0.00249173
6.277994791667e-04	0.00477011
6.278320312500e-04	0.01340733
6.278645833333e-04	0.01337451
6.278971354167e-04	0.00839714
6.279296875000e-04	0.00315746
6.279622395833e-04	-0.00301131
6.279947916667e-04	-0.00512619
6.280273437500e-04	0.00164331
6.280598958333e-04	0.00839092
6.280924479167e-04	0.00644930
6.281250000000e-04	0.00253727
6.281575520833e-04	0.00177250
6.281901041667e-04	-0.00297437
6.282226562500e-04	-0.00986493
6.282552083333e-04	-0.00423515
6.282877604167e-04	0.01113764
6.283203125000e-04	0.01295505
6.283528645833e-04	-0.00311394
6.283854166667e-04	-0.01155261
6.284179687500e-04	0.00100750
6.284505208333e-04	0.01407476
6.284830729167e-04	0.00974783
6.285156250000e-04	0.00088538
6.285481770833e-04	0.00343271
6.285807291667e-04	0.00927053
6.286132812500e-04	0.00799869
6.286458333333e-04	0.00741605
6.286783854167e-04	0.01083012
6.287109375000e-04	0.00408440
6.287434895833e-04	-0.01280860
6.287760416667e-04	-0.01322256
6.288085937500e-04	0.01217766
6.288411458333e-04	0.03028668
6.288736979167e-04	0.01355992
6.289062500000e-04	-0.01361808
6.289388020833e-04	-0.01194396
6.289713541667e-04	0.00919825
6.290039062500e-04	0.00882805
6.290364583333e-04	-0.01468334
6.290690104167e-04	-0.02081092
6.291015625000e-04	0.00387263
6.291341145833e-04	0.02636156
6.291666666667e-04	0.02354940
6.291992187500e-04	0.00906874
6.292317708333e-04	0.00020040
6.292643229167e-04	-0.00125672
6.292968750000e-04	0.00067182
6.293294270833e-04	-0.00114042
6.293619791667e-04	-0.00811106
6.293945312500e-04	-0.00570421
6.294270833333e-04	0.00904627
6.294596354167e-04	0.01099490
6.294921875000e-04	-0.00399415
6.295247395833e-04	-0.00143862
6.295572916667e-04	0.02079535
6.295898437500e-04	0.01778455
6.296223958333e-04	-0.01326857
6.296549479167e-04	-0.02176480
6.296875000000e-04	0.00054869
6.297200520833e-04	0.01270428
6.297526041667e-04	0.00821720
6.297851562500e-04	0.00943449
6.298177083333e-04	0.00892640
6.298502604167e-04	-0.00266999
6.298828125000e-04	-0.00338617
6.299153645833e-04	0.01061511
6.299479166667e-04	0.01173838
6.299804687500e-04	0.00084774
6.300130208333e-04	0.00367769
6.300455729167e-04	0.01307190
6.300781250000e-04	0.00779608
6.301106770833e-04	0.00050207
6.301432291667e-04	0.00792297
6.301757812500e-04	0.01545401
6.302083333333e-04	0.01074205
6.302408854167e-04	0.00666202
6.302734375000e-04	0.01062705
6.303059895833e-04	0.01110428
6.303385416667e-04	0.00206381
6.303710937500e-04	-0.00590496
6.304036458333e-04	-0.00208045
6.304361979167e-04	0.00747037
6.304687500000e-04	0.00718501
6.305013020833e-04	-0.00170058
6.305338541667e-04	-0.00178315
6.305664062500e-04	0.00587018
6.305989583333e-04	0.00236861
6.306315104167e-04	-0.00878880
6.306640625000e-04	-0.00870889
6.306966145833e-04	-0.00463989
6.307291666667e-04	-0.01432166
6.307617187500e-04	-0.02876490
6.307942708333e-04	-0.03145574
6.308268229167e-04	-0.02139661
6.308593750000e-04	-0.00058079
6.308919270833e-04	0.01821381
6.309244791667e-04	0.00902721
6.309570312500e-04	-0.01649663
6.309895833333e-04	-0.01063631
6.310221354167e-04	0.02241857
6.310546875000e-04	0.02753232
6.310872395833e-04	0.00285072
6.311197916667e-04	-0.00553860
6.311523437500e-04	-0.00069926
6.311848958333e-04	-0.01327757
6.312174479167e-04	-0.02441800
6.312500000000e-04	-0.00979290
6.312825520833e-04	0.00517480
6.313151041667e-04	0.00357244
6.313476562500e-04	0.00878226
6.313802083333e-04	0.02475848
6.314127604167e-04	0.02630648
6.314453125000e-04	0.00903907
6.314778645833e-04	-0.01121542
6.315104166667e-04	-0.02098800
6.315429687500e-04	-0.00837375
6.315755208333e-04	0.01497381
6.316080729167e-04	0.01222302
6.316406250000e-04	-0.01215069
6.316731770833e-04	-0.00934938
6.317057291667e-04	0.01800096
6.317382812500e-04	0.01662741
6.317708333333e-04	-0.01165514
6.318033854167e-04	-0.01901268
6.318359375000e-04	-0.00609560
6.318684895833e-04	-0.00146499
6.319010416667e-04	0.00196566
6.319335937500e-04	0.00969184
6.319661458333e-04	0.00069889
6.319986979167e-04	-0.01775550
6.320312500000e-04	-0.01764243
6.320638020833e-04	-0.01180329
6.320963541667e-04	-0.02246289
6.321289062500e-04	-0.02616479
6.321614583333e-04	-0.00237636
6.321940104167e-04	0.02251241
6.322265625000e-04	0.02655755
6.322591145833e-04	0.02291805
6.322916666667e-04	0.02268981
6.323242187500e-04	0.02208177
6.323567708333e-04	0.01851355
6.323893229167e-04	0.00892042
6.324218750000e-04	-0.00417998
6.324544270833e-04	-0.00627170
6.324869791667e-04	0.00127605
6.325195312500e-04	-0.00240751
6.325520833333e-04	-0.01458981
6.325846354167e-04	-0.01348981
6.326171875000e-04	-0.00453375
6.326497395833e-04	-0.00373975
6.326822916667e-04	-0.00214282
6.327148437500e-04	0.00293798
6.327473958333e-04	-0.00604396
6.327799479167e-04	-0.01919315
6.328125000000e-04	-0.00802189
6.328450520833e-04	0.01464510
6.328776041667e-04	0.01740348
6.329101562500e-04	0.00699925
6.329427083333e-04	0.00119320
6.329752604167e-04	-0.00298077
6.330078125000e-04	0.00095024
6.330403645833e-04	0.02082988
6.330729166667e-04	0.02805240
6.331054687500e-04	0.00359304
6.331380208333e-04	-0.01629484
6.331705729167e-04	-0.00860873
6.332031250000e-04	-0.00520117
6.332356770833e-04	-0.01640069
6.332682291667e-04	-0.01108724
6.333007812500e-04	0.00356347
6.333333333333e-04	-0.00715943
6.333658854167e-04	-0.02191128
6.333984375000e-04	-0.00109430
6.334309895833e-04	0.02706331
6.334635416667e-04	0.01901679
6.334960937500e-04	-0.00202310
6.335286458333e-04	0.00019893
6.335611979167e-04	0.00770305
6.335937500000e-04	-0.00226038
6.336263020833e-04	-0.00994879
6.336588541667e-04	0.00131899
6.336914062500e-04	0.01252041
6.337239583333e-04	0.00746213
6.337565104167e-04	-0.00142942
6.337890625000e-04	0.00083027
6.338216145833e-04	0.00810749
6.338541666667e-04	0.00403512
6.338867187500e-04	-0.01219072
6.339192708333e-04	-0.01869428
6.339518229167e-04	0.00039424
6.339843750000e-04	0.02658769
6.340169270833e-04	0.03073470
6.340494791667e-04	0.01684562
6.340820312500e-04	0.01066671
6.341145833333e-04	0.01414491
6.341471354167e-04	0.00842084
6.341796875000e-04	-0.00640955
6.342122395833e-04	-0.01286247
6.342447916667e-04	-0.00990624
6.342773437500e-04	-0.00907173
6.343098958333e-04	-0.00665552
6.343424479167e-04	0.00401479
6.343750000000e-04	0.00673272
6.344075520833e-04	-0.01165614
6.344401041667e-04	-0.02716727
6.344726562500e-04	-0.01306833
6.345052083333e-04	0.01299394
6.345377604167e-04	0.01854732
6.345703125000e-04	0.00577016
6.346028645833e-04	-0.00661452
6.346354166667e-04	-0.01566818
6.346679687500e-04	-0.01855287
6.347005208333e-04	-0.00724178
6.347330729167e-04	0.00498518
6.347656250000e-04	0.00005181
6.347981770833e-04	-0.00637135
6.348307291667e-04	0.00359931
6.348632812500e-04	0.00713870
6.348958333333e-04	-0.01334040
6.349283854167e-04	-0.02655701
6.349609375000e-04	-0.00889436
6.349934895833e-04	0.01164791
6.350260416667e-04	0.00893599
6.350585937500e-04	-0.00430062
6.350911458333e-04	-0.01202404
6.351236979167e-04	-0.01028045
6.351562500000e-04	0.00505398
6.351888020833e-04	0.02011254
6.352213541667e-04	0.00885132
6.352539062500e-04	-0.01496587
6.352864583333e-04	-0.01189770
6.353190104167e-04	0.01118684
6.353515625000e-04	0.01788767
6.353841145833e-04	0.01245203
6.354166666667e-04	0.01662021
6.354492187500e-04	0.01761631
6.354817708333e-04	0.00415548
6.355143229167e-04	-0.00312129
6.355468750000e-04	0.00359947
6.355794270833e-04	0.00956457
6.356119791667e-04	0.01583979
6.356445312500e-04	0.02309247
6.356770833333e-04	0.01134475
6.357096354167e-04	-0.01193941
6.357421875000e-04	-0.01023402
6.357747395833e-04	0.00787087
6.358072916667e-04	0.00270941
6.358398437500e-04	-0.01301068
6.358723958333e-04	-0.00499754
6.359049479167e-04	0.00688592
6.359375000000e-04	-0.00199796
6.359700520833e-04	-0.00417408
6.360026041667e-04	0.01419253
6.360351562500e-04	0.01913354
6.360677083333e-04	0.00179858
6.361002604167e-04	-0.00816488
6.361328125000e-04	-0.00491256
6.361653645833e-04	0.00090522
6.361979166667e-04	0.01556320
6.362304687500e-04	0.02922404
6.362630208333e-04	0.01672445
6.362955729167e-04	-0.00352534
6.363281250000e-04	0.00284047
6.363606770833e-04	0.01338734
6.363932291667e-04	-0.00516549
6.364257812500e-04	-0.02577551
6.364583333333e-04	-0.01744804
6.364908854167e-04	-0.00317009
6.365234375000e-04	-0.00402226
6.365559895833e-04	-0.00472130
6.365885416667e-04	-0.00114742
6.366210937500e-04	-0.00659561
6.366536458333e-04	-0.01483478
6.366861979167e-04	-0.01507407
6.367187500000e-04	-0.01380144
6.367513020833e-04	-0.00934819
6.367838541667e-04	0.00810676
6.368164062500e-04	0.02466669
6.368489583333e-04	0.02197513
6.368815104167e-04	0.01271264
6.369140625000e-04	0.01392106
6.369466145833e-04	0.01578032
6.369791666667e-04	0.00649952
6.370117187500e-04	-0.00531289
6.370442708333e-04	-0.00735942
6.370768229167e-04	0.00023016
6.371093750000e-04	0.00474478
6.371419270833e-04	-0.00688056
6.371744791667e-04	-0.02445588
6.372070312500e-04	-0.02165093
6.372395833333e-04	-0.00209820
6.372721354167e-04	-0.00061667
6.373046875000e-04	-0.02423307
6.373372395833e-04	-0.03946685
6.373697916667e-04	-0.02681087
6.374023437500e-04	-0.00364827
6.374348958333e-04	0.00613077
6.374674479167e-04	-0.00449898
6.375000000000e-04	-0.02190088
6.375325520833e-04	-0.02268291
6.375651041667e-04	-0.00540850
6.375976562500e-04	0.00361344
6.376302083333e-04	-0.00439192
6.376627604167e-04	-0.00416293
6.376953125000e-04	0.01580909
6.377278645833e-04	0.03126581
6.377604166667e-04	0.02273984
6.377929687500e-04	0.00210870
6.378255208333e-04	-0.00793212
6.378580729167e-04	-0.00046759
6.378906250000e-04	0.00933546
6.379231770833e-04	0.00501795
6.379557291667e-04	-0.00351899
6.379882812500e-04	0.00249915
6.380208333333e-04	0.01043498
6.380533854167e-04	-0.00160421
6.380859375000e-04	-0.01669094
6.381184895833e-04	-0.00878872
6.381510416667e-04	0.00706038
6.381835937500e-04	0.00869126
6.382161458333e-04	0.00813879
6.382486979167e-04	0.01430576
6.382812500000e-04	0.00873550
6.383138020833e-04	-0.01112281
6.383463541667e-04	-0.02101863
6.383789062500e-04	-0.01456072
6.384114583333e-04	-0.00888072
6.384440104167e-04	-0.00976485
6.384765625000e-04	-0.00852169
6.385091145833e-04	-0.00191619
6.385416666667e-04	0.00416760
6.385742187500e-04	0.00175574
6.386067708333e-04	-0.00721838
6.386393229167e-04	-0.00693643
6.386718750000e-04	0.00579894
6.387044270833e-04	0.00844894
6.387369791667e-04	-0.00497270
6.387695312500e-04	-0.00525166
6.388020833333e-04	0.01556174
6.388346354167e-04	0.02223705
6.388671875000e-04	0.00173086
6.388997395833e-04	-0.01161320
6.389322916667e-04	-0.00046612
6.389648437500e-04	0.00847341
6.389973958333e-04	-0.00094789
6.390299479167e-04	-0.00824344
6.390625000000e-04	0.00124739
6.390950520833e-04	0.01036973
6.391276041667e-04	0.00270253
6.391601562500e-04	-0.00735576
6.391927083333e-04	-0.00052848
6.392252604167e-04	0.00965600
6.392578125000e-04	0.00024742
6.392903645833e-04	-0.01504834
6.393229166667e-04	-0.01028268
6.393554687500e-04	0.00175792
6.393880208333e-04	-0.00212503
6.394205729167e-04	-0.00681638
6.394531250000e-04	0.00638333
6.394856770833e-04	0.01926220
6.395182291667e-04	0.01508620
6.395507812500e-04	0.00563042
6.395833333333e-04	-0.00123057
6.396158854167e-04	-0.00620468
6.396484375000e-04	0.00077070
6.396809895833e-04	0.01697766
6.397135416667e-04	0.02032163
6.397460937500e-04	0.01256486
6.397786458333e-04	0.01136074
6.398111979167e-04	0.00610789
6.398437500000e-04	-0.01009020
6.398763020833e-04	-0.00930481
6.399088541667e-04	0.00893823
6.399414062500e-04	0.00498386
6.399739583333e-04	-0.01535581
6.400065104167e-04	-0.01075670
6.400390625000e-04	0.00376286
6.400716145833e-04	-0.00435908
6.401041666667e-04	-0.00503171
6.401367187500e-04	0.02174371
6.401692708333e-04	0.02767434
6.402018229167e-04	-0.00170160
6.402343750000e-04	-0.01372011
6.402669270833e-04	0.00003868
6.402994791667e-04	0.00178312
6.403320312500e-04	0.00378677
6.403645833333e-04	0.02655224
6.403971354167e-04	0.02767777
6.404296875000e-04	-0.00955253
6.404622395833e-04	-0.02531327
6.404947916667e-04	0.00057774
6.405273437500e-04	0.01501083
6.405598958333e-04	0.00473639
6.405924479167e-04	0.00631023
6.406250000000e-04	0.01705986
6.406575520833e-04	0.01228952
6.406901041667e-04	0.00219229
6.407226562500e-04	-0.00313429
6.407552083333e-04	-0.01280121
6.407877604167e-04	-0.01455039
6.408203125000e-04	0.00417590
6.408528645833e-04	0.01535977
6.408854166667e-04	0.00029400
6.409179687500e-04	-0.01415499
6.409505208333e-04	-0.01188133
6.409830729167e-04	-0.00791100
6.410156250000e-04	-0.00403907
6.410481770833e-04	0.00521577
6.410807291667e-04	0.00711998
6.411132812500e-04	0.00152532
6.411458333333e-04	0.00607379
6.411783854167e-04	0.01276347
6.412109375000e-04	0.00445347
6.412434895833e-04	-0.00209749
6.412760416667e-04	0.00801599
6.413085937500e-04	0.01484905
6.413411458333e-04	0.00824329
6.413736979167e-04	0.00199947
6.414062500000e-04	-0.00508287
6.414388020833e-04	-0.01579293
6.414713541667e-04	-0.01205745
6.415039062500e-04	0.00065181
6.415364583333e-04	-0.00791727
6.415690104167e-04	-0.02373670
6.416015625000e-04	-0.01106399
6.416341145833e-04	0.00572575
6.416666666667e-04	-0.01047625
6.416992187500e-04	-0.02621902
6.417317708333e-04	-0.00588713
6.417643229167e-04	0.01244269
6.417968750000e-04	-0.00310853
6.418294270833e-04	-0.01643680
6.418619791667e-04	-0.00228232
6.418945312500e-04	0.00965894
6.419270833333e-04	0.00052774
6.419596354167e-04	-0.00999738
6.419921875000e-04	-0.00672938
6.420247395833e-04	0.00342491
6.420572916667e-04	0.00443628
6.420898437500e-04	-0.01260561
6.421223958333e-04	-0.02790798
6.421549479167e-04	-0.01382007
6.421875000000e-04	-0.00928039
6.422200520833e-04	-0.01276304
6.422526041667e-04	0.00099229
6.422851562500e-04	0.01280606
6.423177083333e-04	0.00299558
6.423502604167e-04	-0.00522921
6.423828125000e-04	0.00554964
6.424153645833e-04	0.01186241
6.424479166667e-04	0.00375201
6.424804687500e-04	0.00356051
6.425130208333e-04	0.01106989
6.425455729167e-04	0.00541831
6.425781250000e-04	-0.00463249
6.426106770833e-04	-0.00173612
6.426432291667e-04	0.00182037
6.426757812500e-04	-0.00078667
6.427083333333e-04	0.00547633
6.427408854167e-04	0.01164729
6.427734375000e-04	-0.00362780
6.428059895833e-04	-0.01843996
6.428385416667e-04	-0.00387381
6.428710937500e-04	0.01472383
6.429036458333e-04	0.00801233
6.429361979167e-04	-0.00143964
6.429687500000e-04	0.00562291
6.430013020833e-04	0.00651705
6.430338541667e-04	-0.00653894
6.430664062500e-04	-0.00862232
6.430989583333e-04	0.00314144
6.431315104167e-04	0.00837178
6.431640625000e-04	0.00728898
6.431966145833e-04	0.00852883
6.432291666667e-04	0.00375534
6.432617187500e-04	-0.00751366
6.432942708333e-04	-0.01124285
6.433268229167e-04	-0.01204615
6.433593750000e-04	-0.02276020
6.433919270833e-04	-0.02753522
6.434244791667e-04	-0.00795769
6.434570312500e-04	0.01471584
6.434895833333e-04	0.01220005
6.435221354167e-04	-0.00389650
6.435546875000e-04	-0.00852512
6.435872395833e-04	-0.00547994
6.436197916667e-04	-0.00827453
6.436523437500e-04	-0.00760384
6.436848958333e-04	0.00896507
6.437174479167e-04	0.02595227
6.437500000000e-04	0.02084859
6.437825520833e-04	0.00221673
6.438151041667e-04	-0.00549658
6.438476562500e-04	-0.00334164
6.438802083333e-04	-0.00750045
6.439127604167e-04	-0.01129133
6.439453125000e-04	0.00014049
6.439778645833e-04	0.01434192
6.440104166667e-04	0.01430519
6.440429687500e-04	0.01184627
6.440755208333e-04	0.01863582
6.441080729167e-04	0.02016960
6.441406250000e-04	0.01097814
6.441731770833e-04	0.00921801
6.442057291667e-04	0.01588754
6.442382812500e-04	0.01303518
6.442708333333e-04	0.00635666
6.443033854167e-04	0.01328183
6.443359375000e-04	0.02258625
6.443684895833e-04	0.01813648
6.444010416667e-04	0.01166217
6.444335937500e-04	0.01109700
6.444661458333e-04	0.00321739
6.444986979167e-04	-0.00793594
6.445312500000e-04	-0.00338526
6.445638020833e-04	0.00571835
6.445963541667e-04	-0.00249896
6.446289062500e-04	-0.01322888
6.446614583333e-04	-0.00572798
6.446940104167e-04	0.00531257
6.447265625000e-04	0.00604032
6.447591145833e-04	0.00807510
6.447916666667e-04	0.00986932
6.448242187500e-04	-0.00140687
6.448567708333e-04	-0.00713657
6.448893229167e-04	0.01220877
6.449218750000e-04	0.02826259
6.449544270833e-04	0.01659159
6.449869791667e-04	0.00659163
6.450195312500e-04	0.01757970
6.450520833333e-04	0.01810716
6.450846354167e-04	-0.00256413
6.451171875000e-04	-0.00919397
6.451497395833e-04	0.00513617
6.451822916667e-04	0.01004913
6.452148437500e-04	0.00465484
6.452473958333e-04	0.00677369
6.452799479167e-04	0.00269505
6.453125000000e-04	-0.01612776
6.453450520833e-04	-0.01883803
6.453776041667e-04	0.00290322
6.454101562500e-04	0.01011212
6.454427083333e-04	-0.00855560
6.454752604167e-04	-0.01840641
6.455078125000e-04	-0.00957530
6.455403645833e-04	-0.00494534
6.455729166667e-04	-0.00549928
6.456054687500e-04	0.00053630
6.456380208333e-04	0.00117144
6.456705729167e-04	-0.01145090
6.457031250000e-04	-0.01590390
6.457356770833e-04	0.00030014
6.457682291667e-04	0.01841790
6.458007812500e-04	0.01893504
6.458333333333e-04	0.00169960
6.458658854167e-04	-0.01914890
6.458984375000e-04	-0.02327711
6.459309895833e-04	-0.00676678
6.459635416667e-04	0.00628207
6.459960937500e-04	0.00092596
6.460286458333e-04	-0.00452556
6.460611979167e-04	0.00158175
6.460937500000e-04	0.00174715
6.461263020833e-04	-0.01109928
6.461588541667e-04	-0.01841123
6.461914062500e-04	-0.01088669
6.462239583333e-04	0.00200901
6.462565104167e-04	0.01063465
6.462890625000e-04	0.00757865
6.463216145833e-04	-0.00546410
6.463541666667e-04	-0.00911668
6.463867187500e-04	0.00214695
6.464192708333e-04	0.00249002
6.464518229167e-04	-0.01580102
6.464843750000e-04	-0.02478632
6.465169270833e-04	-0.02068615
6.465494791667e-04	-0.02860885
6.465820312500e-04	-0.03648262
6.466145833333e-04	-0.01356545
6.466471354167e-04	0.01570929
6.466796875000e-04	0.01127289
6.467122395833e-04	-0.00416555
6.467447916667e-04	0.00467673
6.467773437500e-04	0.01489405
6.468098958333e-04	-0.00006769
6.468424479167e-04	-0.01657747
6.468750000000e-04	-0.01341113
6.469075520833e-04	-0.00400224
6.469401041667e-04	0.00532878
6.469726562500e-04	0.02045034
6.470052083333e-04	0.02976569
6.470377604167e-04	0.02291397
6.470703125000e-04	0.01032151
6.471028645833e-04	-0.00255058
6.471354166667e-04	-0.01559709
6.471679687500e-04	-0.01278403
6.472005208333e-04	0.00793033
6.472330729167e-04	0.01635068
6.472656250000e-04	0.00610207
6.472981770833e-04	0.00829411
6.473307291667e-04	0.02151716
6.473632812500e-04	0.01183646
6.473958333333e-04	-0.01026959
6.474283854167e-04	-0.00814382
6.474609375000e-04	0.00390501
6.474934895833e-04	-0.00277706
6.475260416667e-04	-0.00315175
6.475585937500e-04	0.02333100
6.475911458333e-04	0.03531408
6.476236979167e-04	0.00793004
6.476562500000e-04	-0.01448801
6.476888020833e-04	-0.00265225
6.477213541667e-04	0.01154974
6.477539062500e-04	0.00988003
6.477864583333e-04	0.01559677
6.478190104167e-04	0.02864785
6.478515625000e-04	0.02095286
6.478841145833e-04	-0.00086354
6.479166666667e-04	-0.00431085
6.479492187500e-04	0.00745866
6.479817708333e-04	0.00634791
6.480143229167e-04	-0.00626904
6.480468750000e-04	-0.00680873
6.480794270833e-04	0.00790561
6.481119791667e-04	0.02217219
6.481445312500e-04	0.02643123
6.481770833333e-04	0.01736995
6.482096354167e-04	-0.00469656
6.482421875000e-04	-0.02305993
6.482747395833e-04	-0.01610926
6.483072916667e-04	0.00588713
6.483398437500e-04	0.00777063
6.483723958333e-04	-0.01476376
6.484049479167e-04	-0.02559636
6.484375000000e-04	-0.00704211
6.484700520833e-04	0.01684516
6.485026041667e-04	0.02606518
6.485351562500e-04	0.02406821
6.485677083333e-04	0.01020364
6.486002604167e-04	-0.01326990
6.486328125000e-04	-0.02033912
6.486653645833e-04	-0.00235972
6.486979166667e-04	0.00560795
6.487304687500e-04	-0.00856313
6.487630208333e-04	-0.00605071
6.487955729167e-04	0.01639945
6.488281250000e-04	0.00682621
6.488606770833e-04	-0.03281236
6.488932291667e-04	-0.03569247
6.489257812500e-04	0.00151504
6.489583333333e-04	0.01126794
6.489908854167e-04	-0.01323579
6.490234375000e-04	-0.01614567
6.490559895833e-04	0.00437020
6.490885416667e-04	0.00881776
6.491210937500e-04	0.00738016
6.491536458333e-04	0.02358810
6.491861979167e-04	0.02968390
6.492187500000e-04	0.00818829
6.492513020833e-04	-0.00368829
6.492838541667e-04	0.00954543
6.493164062500e-04	0.01443627
6.493489583333e-04	0.00488289
6.493815104167e-04	0.00892692
6.494140625000e-04	0.02040266
6.494466145833e-04	0.01262286
6.494791666667e-04	-0.00350694
6.495117187500e-04	-0.00632559
6.495442708333e-04	-0.00709744
6.495768229167e-04	-0.01661703
6.496093750000e-04	-0.01851468
6.496419270833e-04	-0.00625786
6.496744791667e-04	0.00210387
6.497070312500e-04	-0.00138244
6.497395833333e-04	-0.00510364
6.497721354167e-04	-0.00232153
6.498046875000e-04	0.00195535
6.498372395833e-04	0.00199842
6.498697916667e-04	-0.00277834
6.499023437500e-04	-0.00725580
6.499348958333e-04	-0.00812076
6.499674479167e-04	-0.01179499
6.500000000000e-04	-0.02056941
6.500325520833e-04	-0.01894896
6.500651041667e-04	0.00169891
6.500976562500e-04	0.01787532
6.501302083333e-04	0.00463571
6.501627604167e-04	-0.02046168
6.501953125000e-04	-0.01841060
6.502278645833e-04	0.01126744
6.502604166667e-04	0.02651210
6.502929687500e-04	0.00556107
6.503255208333e-04	-0.02079772
6.503580729167e-04	-0.02069014
6.503906250000e-04	-0.00936346
6.504231770833e-04	-0.01122503
6.504557291667e-04	-0.01172796
6.504882812500e-04	0.00620256
6.505208333333e-04	0.01681952
6.505533854167e-04	-0.00512884
6.505859375000e-04	-0.03277521
6.506184895833e-04	-0.02690671
6.506510416667e-04	0.00523249
6.506835937500e-04	0.02665591
6.507161458333e-04	0.02015777
6.507486979167e-04	0.00042718
6.507812500000e-04	-0.00867277
6.508138020833e-04	-0.00168451
6.508463541667e-04	0.00660469
6.508789062500e-04	0.00959852
6.509114583333e-04	0.01491757
6.509440104167e-04	0.01540861
6.509765625000e-04	-0.00204073
6.510091145833e-04	-0.01775484
6.510416666667e-04	-0.00721612
6.510742187500e-04	0.00792349
6.511067708333e-04	0.00161387
6.511393229167e-04	-0.00418510
6.511718750000e-04	0.00676323
6.512044270833e-04	0.00466474
6.512369791667e-04	-0.01790222
6.512695312500e-04	-0.02205604
6.513020833333e-04	-0.00246958
6.513346354167e-04	0.00250143
6.513671875000e-04	-0.01067085
6.513997395833e-04	-0.01259435
6.514322916667e-04	-0.00326424
6.514648437500e-04	0.00107775
6.514973958333e-04	0.00372258
6.515299479167e-04	0.00627928
6.515625000000e-04	0.00357041
6.515950520833e-04	0.00640438
6.516276041667e-04	0.01754526
6.516601562500e-04	0.01560569
6.516927083333e-04	0.00159061
6.517252604167e-04	0.00084971
6.517578125000e-04	0.00542197
6.517903645833e-04	-0.00739797
6.518229166667e-04	-0.01886544
6.518554687500e-04	-0.01075786
6.518880208333e-04	-0.00874365
6.519205729167e-04	-0.01866270
6.519531250000e-04	-0.00481744
6.519856770833e-04	0.02750690
6.520182291667e-04	0.03063982
6.520507812500e-04	0.00597995
6.520833333333e-04	-0.00511712
6.521158854167e-04	-0.00073584
6.521484375000e-04	-0.00364887
6.521809895833e-04	-0.01191144
6.522135416667e-04	-0.01750820
6.522460937500e-04	-0.01956334
6.522786458333e-04	-0.00909108
6.523111979167e-04	0.00630639
6.523437500000e-04	-0.00308430
6.523763020833e-04	-0.02962159
6.524088541667e-04	-0.03110083
6.524414062500e-04	-0.00840007
6.524739583333e-04	0.00452864
6.525065104167e-04	0.00958070
6.525390625000e-04	0.01778639
6.525716145833e-04	0.00777448
6.526041666667e-04	-0.01810449
6.526367187500e-04	-0.01900616
6.526692708333e-04	0.00024437
6.527018229167e-04	-0.00722932
6.527343750000e-04	-0.03250505
6.527669270833e-04	-0.02656490
6.527994791667e-04	0.00297738
6.528320312500e-04	0.01106038
6.528645833333e-04	-0.00298222
6.528971354167e-04	-0.00814696
6.529296875000e-04	0.00328453
6.529622395833e-04	0.01546393
6.529947916667e-04	0.01194013
6.530273437500e-04	-0.00663225
6.530598958333e-04	-0.01420413
6.530924479167e-04	0.00473274
6.531250000000e-04	0.02082411
6.531575520833e-04	0.00856555
6.531901041667e-04	-0.00519254
6.532226562500e-04	0.00508123
6.532552083333e-04	0.01656859
6.532877604167e-04	0.01039843
6.533203125000e-04	0.00382469
6.533528645833e-04	0.00464380
6.533854166667e-04	0.00255588
6.534179687500e-04	0.00386765
6.534505208333e-04	0.01293112
6.534830729167e-04	0.00957105
6.535156250000e-04	-0.00738606
6.535481770833e-04	-0.00731551
6.535807291667e-04	0.01252787
6.536132812500e-04	0.01929141
6.536458333333e-04	0.00481041
6.536783854167e-04	-0.00969237
6.537109375000e-04	-0.01677820
6.537434895833e-04	-0.01891485
6.537760416667e-04	-0.01066684
6.538085937500e-04	0.00220030
6.538411458333e-04	0.00477283
6.538736979167e-04	0.00302250
6.539062500000e-04	0.00839433
6.539388020833e-04	0.00771306
6.539713541667e-04	-0.00756128
6.540039062500e-04	-0.01548710
6.540364583333e-04	-0.00582487
6.540690104167e-04	-0.00242213
6.541015625000e-04	-0.01339798
6.541341145833e-04	-0.01182090
6.541666666667e-04	0.01115831
6.541992187500e-04	0.02647718
6.542317708333e-04	0.01687741
6.542643229167e-04	0.00072329
6.542968750000e-04	-0.00371960
6.543294270833e-04	-0.00112148
6.543619791667e-04	-0.00118133
6.543945312500e-04	-0.00451840
6.544270833333e-04	-0.00876701
6.544596354167e-04	-0.01298509
6.544921875000e-04	-0.01587139
6.545247395833e-04	-0.01573404
6.545572916667e-04	-0.01113706
6.545898437500e-04	-0.00331625
6.546223958333e-04	0.00135056
6.546549479167e-04	-0.00078064
6.546875000000e-04	-0.00213739
6.547200520833e-04	0.00417790
6.547526041667e-04	0.01095101
6.547851562500e-04	0.01055710
6.548177083333e-04	0.00777508
6.548502604167e-04	0.00397701
6.548828125000e-04	-0.00689152
6.549153645833e-04	-0.01502487
6.549479166667e-04	-0.00431430
6.549804687500e-04	0.00986144
6.550130208333e-04	0.00125805
6.550455729167e-04	-0.01454230
6.550781250000e-04	-0.00764919
6.551106770833e-04	0.00555226
6.551432291667e-04	-0.00302909
6.551757812500e-04	-0.01267788
6.552083333333e-04	0.00130815
6.552408854167e-04	0.01142464
6.552734375000e-04	-0.00577805
6.553059895833e-04	-0.01929206
6.553385416667e-04	-0.00808621
6.553710937500e-04	-0.00275164
6.554036458333e-04	-0.01570391
6.554361979167e-04	-0.01074097
6.554687500000e-04	0.02023639
6.555013020833e-04	0.03178461
6.555338541667e-04	0.00633527
6.555664062500e-04	-0.01403357
6.555989583333e-04	-0.00201358
6.556315104167e-04	0.01373410
6.556640625000e-04	0.00551483
6.556966145833e-04	-0.00839542
6.557291666667e-04	-0.00315594
6.557617187500e-04	0.00829318
6.557942708333e-04	0.00288485
6.558268229167e-04	-0.00942134
6.558593750000e-04	-0.00658748
6.558919270833e-04	0.00317422
6.559244791667e-04	-0.00257594
6.559570312500e-04	-0.02053926
6.559895833333e-04	-0.03031977
6.560221354167e-04	-0.02439804
6.560546875000e-04	-0.00824067
6.560872395833e-04	0.00778014
6.561197916667e-04	0.01069036
6.561523437500e-04	0.00278807
6.561848958333e-04	0.00488762
6.562174479167e-04	0.01965550
6.562500000000e-04	0.02277621
6.562825520833e-04	0.00818498
6.563151041667e-04	-0.00182614
6.563476562500e-04	0.00092897
6.563802083333e-04	0.00581487
6.564127604167e-04	0.01219386
6.564453125000e-04	0.01946610
6.564778645833e-04	0.01489437
6.565104166667e-04	0.00131850
6.565429687500e-04	-0.00405847
6.565755208333e-04	-0.00532276
6.566080729167e-04	-0.01168786
6.566406250000e-04	-0.00752538
6.566731770833e-04	0.00915181
6.567057291667e-04	0.00825294
6.567382812500e-04	-0.00966746
6.567708333333e-04	-0.00703533
6.568033854167e-04	0.01148357
6.568359375000e-04	0.00632957
6.568684895833e-04	-0.01229319
6.569010416667e-04	-0.00645365
6.569335937500e-04	0.01084297
6.569661458333e-04	0.01010884
6.569986979167e-04	0.00581836
6.570312500000e-04	0.01170892
6.570638020833e-04	0.00689571
6.570963541667e-04	-0.01032290
6.571289062500e-04	-0.01283601
6.571614583333e-04	-0.00029338
6.571940104167e-04	0.00702308
6.572265625000e-04	0.01005449
6.572591145833e-04	0.01311152
6.572916666667e-04	0.00786665
6.573242187500e-04	0.00197984
6.573567708333e-04	0.00802014
6.573893229167e-04	0.00981009
6.574218750000e-04	-0.00414701
6.574544270833e-04	-0.01110478
6.574869791667e-04	-0.00232948
6.575195312500e-04	-0.00000727
6.575520833333e-04	-0.00469488
6.575846354167e-04	0.00062506
6.576171875000e-04	0.00314582
6.576497395833e-04	-0.00901602
6.576822916667e-04	-0.00921128
6.577148437500e-04	0.01184946
6.577473958333e-04	0.01924691
6.577799479167e-04	0.00445242
6.578125000000e-04	0.00018372
6.578450520833e-04	0.01028389
6.578776041667e-04	0.00979419
6.579101562500e-04	0.00131601
6.579427083333e-04	-0.00074239
6.579752604167e-04	-0.00230656
6.580078125000e-04	-0.00033490
6.580403645833e-04	0.01671590
6.580729166667e-04	0.02640387
6.581054687500e-04	0.00581816
6.581380208333e-04	-0.01280122
6.581705729167e-04	0.00278774
6.582031250000e-04	0.02346176
6.582356770833e-04	0.01928108
6.582682291667e-04	0.01025281
6.583007812500e-04	0.00980423
6.583333333333e-04	0.00044809
6.583658854167e-04	-0.01292422
6.583984375000e-04	-0.00837510
6.584309895833e-04	0.00151680
6.584635416667e-04	-0.00411934
6.584960937500e-04	-0.01080051
6.585286458333e-04	-0.00615797
6.585611979167e-04	-0.00581976
6.585937500000e-04	-0.00944992
6.586263020833e-04	0.00130916
6.586588541667e-04	0.01398005
6.586914062500e-04	0.00627236
6.587239583333e-04	-0.00246748
6.587565104167e-04	0.01005832
6.587890625000e-04	0.01934127
6.588216145833e-04	0.00399324
6.588541666667e-04	-0.00995935
6.588867187500e-04	-0.00226424
6.589192708333e-04	0.00686709
6.589518229167e-04	0.00444744
6.589843750000e-04	0.00297964
6.590169270833e-04	0.00287546
6.590494791667e-04	-0.00327330
6.590820312500e-04	-0.00291684
6.591145833333e-04	0.00769054
6.591471354167e-04	0.00343540
6.591796875000e-04	-0.01715435
6.592122395833e-04	-0.01503690
6.592447916667e-04	0.01697912
6.592773437500e-04	0.03169571
6.593098958333e-04	0.00683431
6.593424479167e-04	-0.02057032
6.593750000000e-04	-0.01898634
6.594075520833e-04	-0.00197336
6.594401041667e-04	0.00648439
6.594726562500e-04	0.00206756
6.595052083333e-04	-0.00483426
6.595377604167e-04	-0.00272335
6.595703125000e-04	0.00569118
6.596028645833e-04	0.00694222
6.596354166667e-04	0.00503333
6.596679687500e-04	0.01434490
6.597005208333e-04	0.01930143
6.597330729167e-04	-0.00215910
6.597656250000e-04	-0.02132707
6.597981770833e-04	-0.00142396
6.598307291667e-04	0.02619547
6.598632812500e-04	0.01646402
6.598958333333e-04	-0.00359946
6.599283854167e-04	0.00624642
6.599609375000e-04	0.01971521
6.599934895833e-04	0.00582860
6.600260416667e-04	-0.00802442
6.600585937500e-04	0.00102126
6.600911458333e-04	0.00892116
6.601236979167e-04	0.00171606
6.601562500000e-04	-0.00505586
6.601888020833e-04	-0.00935899
6.602213541667e-04	-0.01688405
6.602539062500e-04	-0.01447789
6.602864583333e-04	0.00177697
6.603190104167e-04	0.01251179
6.603515625000e-04	0.01177299
6.603841145833e-04	0.00877608
6.604166666667e-04	-0.00143120
6.604492187500e-04	-0.02029582
6.604817708333e-04	-0.02623417
6.605143229167e-04	-0.01114100
6.605468750000e-04	0.00337092
6.605794270833e-04	0.00575414
6.606119791667e-04	0.00603303
6.606445312500e-04	0.00593381
6.606770833333e-04	-0.00223052
6.607096354167e-04	-0.01457445
6.607421875000e-04	-0.01860230
6.607747395833e-04	-0.00887129
6.608072916667e-04	0.00481932
6.608398437500e-04	0.00462366
6.608723958333e-04	-0.00784920
6.609049479167e-04	-0.00879226
6.609375000000e-04	0.00379131
6.609700520833e-04	0.00603645
6.610026041667e-04	0.00191866
6.610351562500e-04	0.01194465
6.610677083333e-04	0.01438741
6.611002604167e-04	-0.01095011
6.611328125000e-04	-0.01829353
6.611653645833e-04	0.02047323
6.611979166667e-04	0.04222230
6.612304687500e-04	0.00587723
6.612630208333e-04	-0.02777074
6.612955729167e-04	-0.01430750
6.613281250000e-04	0.00557948
6.613606770833e-04	0.00607908
6.613932291667e-04	0.00848896
6.614257812500e-04	0.00697279
6.614583333333e-04	-0.01290258
6.614908854167e-04	-0.02129963
6.615234375000e-04	-0.00562692
6.615559895833e-04	-0.00365145
6.615885416667e-04	-0.01979689
6.616210937500e-04	-0.01674477
6.616536458333e-04	-0.00102351
6.616861979167e-04	-0.00258658
6.617187500000e-04	-0.00351262
6.617513020833e-04	0.01205301
6.617838541667e-04	0.01009760
6.618164062500e-04	-0.01620702
6.618489583333e-04	-0.01912656
6.618815104167e-04	0.01059075
6.619140625000e-04	0.02589293
6.619466145833e-04	0.01147250
6.619791666667e-04	-0.00092416
6.620117187500e-04	0.00376915
6.620442708333e-04	0.01041036
6.620768229167e-04	0.00673601
6.621093750000e-04	-0.00315871
6.621419270833e-04	-0.00616502
6.621744791667e-04	0.00132120
6.622070312500e-04	0.00431143
6.622395833333e-04	-0.00358607
6.622721354167e-04	-0.00632667
6.623046875000e-04	-0.00168971
6.623372395833e-04	-0.00761159
6.623697916667e-04	-0.01768224
6.624023437500e-04	-0.00957676
6.624348958333e-04	0.00499215
6.624674479167e-04	0.00243557
6.625000000000e-04	-0.00452984
6.625325520833e-04	0.00285359
6.625651041667e-04	0.01094983
6.625976562500e-04	0.00433071
6.626302083333e-04	-0.00919875
6.626627604167e-04	-0.01828332
6.626953125000e-04	-0.01807806
6.627278645833e-04	-0.01070267
6.627604166667e-04	-0.00894965
6.627929687500e-04	-0.01429981
6.628255208333e-04	-0.00823651
6.628580729167e-04	0.00714464
6.628906250000e-04	0.00789198
6.629231770833e-04	0.00104235
6.629557291667e-04	0.00712182
6.629882812500e-04	0.00579578
6.630208333333e-04	-0.01740935
6.630533854167e-04	-0.02317795
6.630859375000e-04	0.00286813
6.631184895833e-04	0.01196497
6.631510416667e-04	-0.00765172
6.631835937500e-04	-0.00659967
6.632161458333e-04	0.02093084
6.632486979167e-04	0.02942814
6.632812500000e-04	0.01279735
6.633138020833e-04	-0.00146011
6.633463541667e-04	-0.00906663
6.633789062500e-04	-0.01157023
6.634114583333e-04	-0.00453302
6.634440104167e-04	-0.00354857
6.634765625000e-04	-0.01480375
6.635091145833e-04	-0.01065792
6.635416666667e-04	0.01100014
6.635742187500e-04	0.01536751
6.636067708333e-04	0.00270090
6.636393229167e-04	-0.00243794
6.636718750000e-04	-0.01346263
6.637044270833e-04	-0.03760082
6.637369791667e-04	-0.03550819
6.637695312500e-04	-0.00179083
6.638020833333e-04	0.01361380
6.638346354167e-04	0.00211459
6.638671875000e-04	-0.00167288
6.638997395833e-04	-0.00273702
6.639322916667e-04	-0.01699432
6.639648437500e-04	-0.01708764
6.639973958333e-04	0.00573847
6.640299479167e-04	0.01544014
6.640625000000e-04	0.00867949
6.640950520833e-04	0.01159139
6.641276041667e-04	0.00955989
6.641601562500e-04	-0.01445266
6.641927083333e-04	-0.02699525
6.642252604167e-04	-0.01224068
6.642578125000e-04	-0.00647339
6.642903645833e-04	-0.01923980
6.643229166667e-04	-0.01920458
6.643554687500e-04	-0.00404024
6.643880208333e-04	0.00476321
6.644205729167e-04	0.00775353
6.644531250000e-04	0.00867184
6.644856770833e-04	0.00196846
6.645182291667e-04	-0.00109483
6.645507812500e-04	0.00758709
6.645833333333e-04	0.00701612
6.646158854167e-04	-0.01064419
6.646484375000e-04	-0.02153016
6.646809895833e-04	-0.01807713
6.647135416667e-04	-0.01332163
6.647460937500e-04	-0.00469190
6.647786458333e-04	0.00903004
6.648111979167e-04	0.01098628
6.648437500000e-04	0.00272597
6.648763020833e-04	0.00245533
6.649088541667e-04	0.00366698
6.649414062500e-04	-0.00406654
6.649739583333e-04	-0.00444535
6.650065104167e-04	0.00458249
6.650390625000e-04	-0.00152553
6.650716145833e-04	-0.01695527
6.651041666667e-04	-0.01145537
6.651367187500e-04	0.00642062
6.651692708333e-04	0.00797043
6.652018229167e-04	0.00102942
6.652343750000e-04	0.00539708
6.652669270833e-04	0.01259003
6.652994791667e-04	0.00934216
6.653320312500e-04	-0.00097469
6.653645833333e-04	-0.01109313
6.653971354167e-04	-0.01289403
6.654296875000e-04	-0.00227527
6.654622395833e-04	0.00693673
6.654947916667e-04	0.00235031
6.655273437500e-04	-0.00348007
6.655598958333e-04	0.00276434
6.655924479167e-04	0.01378397
6.656250000000e-04	0.01876850
6.656575520833e-04	0.01121703
6.656901041667e-04	-0.00896978
6.657226562500e-04	-0.01954553
6.657552083333e-04	-0.00253876
6.657877604167e-04	0.01327252
6.658203125000e-04	0.00011115
6.658528645833e-04	-0.01072223
6.658854166667e-04	0.00654323
6.659179687500e-04	0.01664752
6.659505208333e-04	0.00259721
6.659830729167e-04	0.00316421
6.660156250000e-04	0.02223448
6.660481770833e-04	0.01708221
6.660807291667e-04	-0.00661466
6.661132812500e-04	-0.00741242
6.661458333333e-04	0.00511802
6.661783854167e-04	0.00129375
6.662109375000e-04	-0.00447073
6.662434895833e-04	0.00280858
6.662760416667e-04	0.00336593
6.663085937500e-04	-0.00958425
6.663411458333e-04	-0.01905848
6.663736979167e-04	-0.02046855
6.664062500000e-04	-0.01484901
6.664388020833e-04	-0.00124038
6.664713541667e-04	0.00335449
6.665039062500e-04	-0.00777007
6.665364583333e-04	-0.00428387
6.665690104167e-04	0.01997122
6.666015625000e-04	0.02302987
6.666341145833e-04	-0.00079119
6.666666666667e-04	-0.00881622
6.666992187500e-04	-0.00098196
6.667317708333e-04	-0.00900942
6.667643229167e-04	-0.01428105
6.667968750000e-04	0.00843902
6.668294270833e-04	0.02332436
6.668619791667e-04	0.00727020
6.668945312500e-04	-0.00031404
6.669270833333e-04	0.01193007
6.669596354167e-04	0.00325925
6.669921875000e-04	-0.02142019
6.670247395833e-04	-0.01538678
6.670572916667e-04	0.01066355
6.670898437500e-04	0.01078210
6.671223958333e-04	-0.00635110
6.671549479167e-04	-0.00691244
6.671875000000e-04	0.00039965
6.672200520833e-04	-0.00343049
6.672526041667e-04	-0.00713350
6.672851562500e-04	-0.00162807
6.673177083333e-04	0.00199262
6.673502604167e-04	-0.00070530
6.673828125000e-04	-0.00550504
6.674153645833e-04	-0.01270238
6.674479166667e-04	-0.01557378
6.674804687500e-04	-0.00471977
6.675130208333e-04	0.00589455
6.675455729167e-04	-0.00313149
6.675781250000e-04	-0.01671046
6.676106770833e-04	-0.00826103
6.676432291667e-04	0.01101065
6.676757812500e-04	0.01220057
6.677083333333e-04	0.00040365
6.677408854167e-04	0.00201255
6.677734375000e-04	0.01702350
6.678059895833e-04	0.02247520
6.678385416667e-04	0.01093077
6.678710937500e-04	-0.00262014
6.679036458333e-04	-0.00391705
6.679361979167e-04	0.00481046
6.679687500000e-04	0.00685552
6.680013020833e-04	-0.00921682
6.680338541667e-04	-0.02798716
6.680664062500e-04	-0.02402803
6.680989583333e-04	-0.00329170
6.681315104167e-04	0.00495727
6.681640625000e-04	-0.00300299
6.681966145833e-04	-0.00752784
6.682291666667e-04	-0.00845410
6.682617187500e-04	-0.01617860
6.682942708333e-04	-0.01765608
6.683268229167e-04	-0.00145984
6.683593750000e-04	0.01074736
6.683919270833e-04	0.00074911
6.684244791667e-04	-0.01444342
6.684570312500e-04	-0.01648609
6.684895833333e-04	-0.01061181
6.685221354167e-04	-0.00540230
6.685546875000e-04	-0.00504861
6.685872395833e-04	-0.01294434
6.686197916667e-04	-0.01837789
6.686523437500e-04	-0.00864579
6.686848958333e-04	0.00131158
6.687174479167e-04	-0.00351094
6.687500000000e-04	-0.00217894
6.687825520833e-04	0.01682000
6.688151041667e-04	0.02173908
6.688476562500e-04	0.00137024
6.688802083333e-04	-0.00816687
6.689127604167e-04	0.00050654
6.689453125000e-04	-0.00664204
6.689778645833e-04	-0.02319399
6.690104166667e-04	-0.01045492
6.690429687500e-04	0.01599202
6.690755208333e-04	0.01166593
6.691080729167e-04	-0.00953181
6.691406250000e-04	-0.00738540
6.691731770833e-04	0.00731318
6.692057291667e-04	0.00432445
6.692382812500e-04	-0.00818275
6.692708333333e-04	-0.01116426
6.693033854167e-04	-0.00876188
6.693359375000e-04	-0.00670330
6.693684895833e-04	-0.00177062
6.694010416667e-04	0.00262462
6.694335937500e-04	0.00426806
6.694661458333e-04	0.01040900
6.694986979167e-04	0.01659745
6.695312500000e-04	0.00685662
6.695638020833e-04	-0.01214145
6.695963541667e-04	-0.01394249
6.696289062500e-04	0.00192345
6.696614583333e-04	0.00534377
6.696940104167e-04	-0.01352675
6.697265625000e-04	-0.02555679
6.697591145833e-04	-0.01099185
6.697916666667e-04	0.00660766
6.698242187500e-04	0.00014434
6.698567708333e-04	-0.01664146
6.698893229167e-04	-0.01763212
6.699218750000e-04	-0.00889762
6.699544270833e-04	-0.00771264
6.699869791667e-04	-0.00791829
6.700195312500e-04	-0.00233270
6.700520833333e-04	-0.00296835
6.700846354167e-04	-0.00940897
6.701171875000e-04	-0.00237364
6.701497395833e-04	0.01207453
6.701822916667e-04	0.00637106
6.702148437500e-04	-0.01281522
6.702473958333e-04	-0.01338644
6.702799479167e-04	0.00058038
6.703125000000e-04	-0.00178334
6.703450520833e-04	-0.01819132
6.703776041667e-04	-0.02044153
6.704101562500e-04	-0.00576392
6.704427083333e-04	0.00638041
6.704752604167e-04	0.00985406
6.705078125000e-04	0.00981722
6.705403645833e-04	0.00531706
6.705729166667e-04	-0.00350080
6.706054687500e-04	-0.00812213
6.706380208333e-04	-0.00343443
6.706705729167e-04	0.00494300
6.707031250000e-04	0.00749145
6.707356770833e-04	-0.00018447
6.707682291667e-04	-0.01046035
6.708007812500e-04	-0.00809496
6.708333333333e-04	0.00763379
6.708658854167e-04	0.01452134
6.708984375000e-04	-0.00144733
6.709309895833e-04	-0.02041146
6.709635416667e-04	-0.01729622
6.709960937500e-04	-0.00016958
6.710286458333e-04	0.00698254
6.710611979167e-04	0.00181508
6.710937500000e-04	-0.00463672
6.711263020833e-04	-0.01247950
6.711588541667e-04	-0.02072651
6.711914062500e-04	-0.01618171
6.712239583333e-04	0.00006944
6.712565104167e-04	0.00627653
6.712890625000e-04	-0.00170876
6.713216145833e-04	-0.00437356
6.713541666667e-04	0.00081909
6.713867187500e-04	-0.00199248
6.714192708333e-04	-0.01013217
6.714518229167e-04	-0.01009327
6.714843750000e-04	-0.00623925
6.715169270833e-04	-0.00293001
6.715494791667e-04	0.00761503
6.715820312500e-04	0.01380386
6.716145833333e-04	-0.00350124
6.716471354167e-04	-0.01865364
6.716796875000e-04	0.00442566
6.717122395833e-04	0.03527209
6.717447916667e-04	0.02248948
6.717773437500e-04	-0.01218528
6.718098958333e-04	-0.01728801
6.718424479167e-04	-0.00277170
6.718750000000e-04	-0.00309757
6.719075520833e-04	-0.00995497
6.719401041667e-04	-0.00847074
6.719726562500e-04	-0.01068175
6.720052083333e-04	-0.01387322
6.720377604167e-04	-0.00020184
6.720703125000e-04	0.01436774
6.721028645833e-04	0.00488421
6.721354166667e-04	-0.00892589
6.721679687500e-04	0.00036394
6.722005208333e-04	0.01669366
6.722330729167e-04	0.01523178
6.722656250000e-04	0.00054449
6.722981770833e-04	-0.01425076
6.723307291667e-04	-0.02107988
6.723632812500e-04	-0.01303393
6.723958333333e-04	-0.00017499
6.724283854167e-04	-0.00096436
6.724609375000e-04	-0.00620168
6.724934895833e-04	0.00109942
6.725260416667e-04	0.00497794
6.725585937500e-04	-0.00685060
6.725911458333e-04	-0.00774037
6.726236979167e-04	0.01089760
6.726562500000e-04	0.01303317
6.726888020833e-04	-0.00867716
6.727213541667e-04	-0.01505947
6.727539062500e-04	0.00151788
6.727864583333e-04	0.00868847
6.728190104167e-04	0.00205658
6.728515625000e-04	0.00104120
6.728841145833e-04	0.00217606
6.729166666667e-04	-0.00099384
6.729492187500e-04	0.00390760
6.729817708333e-04	0.01368598
6.730143229167e-04	0.01004045
6.730468750000e-04	0.00191544
6.730794270833e-04	0.00815519
6.731119791667e-04	0.01602502
6.731445312500e-04	0.00878813
6.731770833333e-04	-0.00121385
6.732096354167e-04	-0.00168422
6.732421875000e-04	0.00148017
6.732747395833e-04	0.00625845
6.733072916667e-04	0.01146229
6.733398437500e-04	0.00492975
6.733723958333e-04	-0.01029503
6.734049479167e-04	-0.01136773
6.734375000000e-04	0.00188693
6.734700520833e-04	0.00660690
6.735026041667e-04	0.00327998
6.735351562500e-04	0.00879035
6.735677083333e-04	0.01265241
6.736002604167e-04	-0.00447126
6.736328125000e-04	-0.02474124
6.736653645833e-04	-0.01787949
6.736979166667e-04	0.00355856
6.737304687500e-04	0.00176169
6.737630208333e-04	-0.02142983
6.737955729167e-04	-0.02403648
6.738281250000e-04	0.00544601
6.738606770833e-04	0.02467251
6.738932291667e-04	0.00707200
6.739257812500e-04	-0.01439388
6.739583333333e-04	-0.00713547
6.739908854167e-04	0.00849087
6.740234375000e-04	0.00417900
6.740559895833e-04	-0.00961939
6.740885416667e-04	-0.01329983
6.741210937500e-04	-0.00842315
6.741536458333e-04	-0.00317578
6.741861979167e-04	-0.00319286
6.742187500000e-04	-0.01067783
6.742513020833e-04	-0.01318046
6.742838541667e-04	-0.00038246
6.743164062500e-04	0.00953884
6.743489583333e-04	0.00146371
6.743815104167e-04	-0.00453667
6.744140625000e-04	0.00333126
6.744466145833e-04	0.00235408
6.744791666667e-04	-0.01214804
6.745117187500e-04	-0.01436346
6.745442708333e-04	-0.00362046
6.745768229167e-04	-0.00058768
6.746093750000e-04	-0.00020548
6.746419270833e-04	0.00633017
6.746744791667e-04	0.00352080
6.747070312500e-04	-0.00801589
6.747395833333e-04	-0.00541030
6.747721354167e-04	0.00537148
6.748046875000e-04	0.00412655
6.748372395833e-04	0.00368901
6.748697916667e-04	0.01492511
6.749023437500e-04	0.01509308
6.749348958333e-04	0.00066771
6.749674479167e-04	-0.00066863
6.750000000000e-04	0.00943325
6.750325520833e-04	0.00713203
6.750651041667e-04	-0.00084819
6.750976562500e-04	-0.00176241
6.751302083333e-04	-0.00730563
6.751627604167e-04	-0.01432342
6.751953125000e-04	-0.00477197
6.752278645833e-04	0.00483023
6.752604166667e-04	-0.00679597
6.752929687500e-04	-0.01347229
6.753255208333e-04	0.00572454
6.753580729167e-04	0.01837029
6.753906250000e-04	0.00236633
6.754231770833e-04	-0.01354655
6.754557291667e-04	-0.00765252
6.754882812500e-04	0.00417584
6.755208333333e-04	0.00555110
6.755533854167e-04	0.00020285
6.755859375000e-04	0.00312090
6.756184895833e-04	0.02212406
6.756510416667e-04	0.03354891
6.756835937500e-04	0.00782798
6.757161458333e-04	-0.02864767
6.757486979167e-04	-0.02424217
6.757812500000e-04	0.00767518
6.758138020833e-04	0.01619346
6.758463541667e-04	0.00432761
6.758789062500e-04	0.00366699
6.759114583333e-04	0.00810685
6.759440104167e-04	0.00488464
6.759765625000e-04	0.00475538
6.760091145833e-04	0.00562450
6.760416666667e-04	-0.00064440
6.760742187500e-04	0.00349575
6.761067708333e-04	0.01844507
6.761393229167e-04	0.01001331
6.761718750000e-04	-0.01550062
6.762044270833e-04	-0.01083543
6.762369791667e-04	0.01541119
6.762695312500e-04	0.01208008
6.763020833333e-04	-0.01225870
6.763346354167e-04	-0.01100355
6.763671875000e-04	0.00859491
6.763997395833e-04	0.00886520
6.764322916667e-04	-0.00729455
6.764648437500e-04	-0.01341054
6.764973958333e-04	-0.00551236
6.765299479167e-04	0.00087453
6.765625000000e-04	-0.00568346
6.765950520833e-04	-0.01701686
6.766276041667e-04	-0.01390454
6.766601562500e-04	0.00058794
6.766927083333e-04	0.00530086
6.767252604167e-04	0.00484449
6.767578125000e-04	0.01519450
6.767903645833e-04	0.01738835
6.768229166667e-04	-0.00439961
6.768554687500e-04	-0.01683404
6.768880208333e-04	0.00003342
6.769205729167e-04	0.01040108
6.769531250000e-04	-0.00229881
6.769856770833e-04	-0.00714769
6.770182291667e-04	-0.00061794
6.770507812500e-04	-0.00983604
6.770833333333e-04	-0.02332552
6.771158854167e-04	-0.01261418
6.771484375000e-04	0.00668416
6.771809895833e-04	0.00784771
6.772135416667e-04	-0.00145626
6.772460937500e-04	-0.00748578
6.772786458333e-04	-0.00983358
6.773111979167e-04	-0.00479735
6.773437500000e-04	0.00515004
6.773763020833e-04	0.00494815
6.774088541667e-04	-0.00457890
6.774414062500e-04	-0.00749656
6.774739583333e-04	-0.00402744
6.775065104167e-04	-0.00513963
6.775390625000e-04	-0.01193084
6.775716145833e-04	-0.01929351
6.776041666667e-04	-0.01662155
6.776367187500e-04	0.00365950
6.776692708333e-04	0.01919115
6.777018229167e-04	0.00435767
6.777343750000e-04	-0.01430792
6.777669270833e-04	-0.00118581
6.777994791667e-04	0.01607497
6.778320312500e-04	0.00248691
6.778645833333e-04	-0.01334151
6.778971354167e-04	-0.00450328
6.779296875000e-04	0.00206969
6.779622395833e-04	-0.00497758
6.779947916667e-04	-0.00049909
6.780273437500e-04	0.00953530
6.780598958333e-04	0.00129069
6.780924479167e-04	-0.00805644
6.781250000000e-04	0.00033294
6.781575520833e-04	0.00659262
6.781901041667e-04	0.00306682
6.782226562500e-04	0.00493470
6.782552083333e-04	0.00178973
6.782877604167e-04	-0.01507352
6.783203125000e-04	-0.01467048
6.783528645833e-04	0.00952679
6.783854166667e-04	0.01290528
6.784179687500e-04	-0.01363384
6.784505208333e-04	-0.02694411
6.784830729167e-04	-0.01594408
6.785156250000e-04	-0.00531615
6.785481770833e-04	0.00237794
6.785807291667e-04	0.00927523
6.786132812500e-04	0.00089628
6.786458333333e-04	-0.01217052
6.786783854167e-04	-0.00504518
6.787109375000e-04	0.00564675
6.787434895833e-04	-0.00207710
6.787760416667e-04	-0.00173679
6.788085937500e-04	0.02215639
6.788411458333e-04	0.03005180
6.788736979167e-04	0.00486658
6.789062500000e-04	-0.01266076
6.789388020833e-04	-0.00486205
6.789713541667e-04	-0.00165488
6.790039062500e-04	-0.00948800
6.790364583333e-04	-0.00417413
6.790690104167e-04	0.00832463
6.791015625000e-04	0.00114472
6.791341145833e-04	-0.01769715
6.791666666667e-04	-0.02102096
6.791992187500e-04	-0.01225616
6.792317708333e-04	-0.00923215
6.792643229167e-04	-0.00529803
6.792968750000e-04	0.00812348
6.793294270833e-04	0.01074327
6.793619791667e-04	-0.00971402
6.793945312500e-04	-0.02456478
6.794270833333e-04	-0.01355363
6.794596354167e-04	-0.00372125
6.794921875000e-04	-0.01422623
6.795247395833e-04	-0.01858307
6.795572916667e-04	-0.00357859
6.795898437500e-04	0.00195550
6.796223958333e-04	-0.01015965
6.796549479167e-04	-0.01004668
6.796875000000e-04	0.00837476
6.797200520833e-04	0.01991754
6.797526041667e-04	0.01803021
6.797851562500e-04	0.01261789
6.798177083333e-04	0.00391700
6.798502604167e-04	-0.00364046
6.798828125000e-04	-0.00294911
6.799153645833e-04	-0.00667802
6.799479166667e-04	-0.01952135
6.799804687500e-04	-0.01563260
6.800130208333e-04	0.00908727
6.800455729167e-04	0.01883394
6.800781250000e-04	0.00603831
6.801106770833e-04	0.00247164
6.801432291667e-04	0.01135641
6.801757812500e-04	0.00980524
6.802083333333e-04	0.00376717
6.802408854167e-04	0.00769546
6.802734375000e-04	0.00895269
6.803059895833e-04	0.00354655
6.803385416667e-04	0.00860607
6.803710937500e-04	0.01593264
6.804036458333e-04	0.00171378
6.804361979167e-04	-0.01990746
6.804687500000e-04	-0.01845602
6.805013020833e-04	-0.00065411
6.805338541667e-04	0.00813113
6.805664062500e-04	0.00403371
6.805989583333e-04	-0.00326912
6.806315104167e-04	-0.00695600
6.806640625000e-04	-0.00283751
6.806966145833e-04	0.00487797
6.807291666667e-04	0.00527329
6.807617187500e-04	-0.00184640
6.807942708333e-04	-0.00459920
6.808268229167e-04	0.00434135
6.808593750000e-04	0.01775740
6.808919270833e-04	0.01739592
6.809244791667e-04	-0.00341359
6.809570312500e-04	-0.02064078
6.809895833333e-04	-0.01215337
6.810221354167e-04	0.00276466
6.810546875000e-04	0.00139789
6.810872395833e-04	0.00146851
6.811197916667e-04	0.01426380
6.811523437500e-04	0.01259998
6.811848958333e-04	-0.00590223
6.812174479167e-04	-0.00480311
6.812500000000e-04	0.01214019
6.812825520833e-04	0.00587063
6.813151041667e-04	-0.01320580
6.813476562500e-04	-0.00979227
6.813802083333e-04	-0.00126946
6.814127604167e-04	-0.01284926
6.814453125000e-04	-0.01721011
6.814778645833e-04	0.00176139
6.815104166667e-04	0.00856881
6.815429687500e-04	-0.00865779
6.815755208333e-04	-0.01532255
6.816080729167e-04	-0.00328000
6.816406250000e-04	0.00245713
6.816731770833e-04	0.00078967
6.817057291667e-04	0.00286717
6.817382812500e-04	-0.00480685
6.817708333333e-04	-0.02779649
6.818033854167e-04	-0.03684483
6.818359375000e-04	-0.01419046
6.818684895833e-04	0.01337150
6.819010416667e-04	0.01420679
6.819335937500e-04	-0.00473992
6.819661458333e-04	-0.01382216
6.819986979167e-04	-0.00487544
6.820312500000e-04	0.00263860
6.820638020833e-04	-0.00069430
6.820963541667e-04	-0.00068134
6.821289062500e-04	0.00652024
6.821614583333e-04	0.00539629
6.821940104167e-04	-0.00356850
6.822265625000e-04	-0.00347311
6.822591145833e-04	0.00318789
6.822916666667e-04	0.00276863
6.823242187500e-04	-0.00008789
6.823567708333e-04	0.00099489
6.823893229167e-04	-0.00117573
6.824218750000e-04	-0.00314372
6.824544270833e-04	0.00592388
6.824869791667e-04	0.01402020
6.825195312500e-04	0.00610867
6.825520833333e-04	-0.00433569
6.825846354167e-04	-0.00336863
6.826171875000e-04	0.00049854
6.826497395833e-04	0.00419339
6.826822916667e-04	0.01273830
6.827148437500e-04	0.01374594
6.827473958333e-04	-0.00121983
6.827799479167e-04	-0.01225868
6.828125000000e-04	-0.00774996
6.828450520833e-04	-0.00479247
6.828776041667e-04	-0.01133557
6.829101562500e-04	-0.01548563
6.829427083333e-04	-0.01183333
6.829752604167e-04	0.00036824
6.830078125000e-04	0.01868599
6.830403645833e-04	0.02025227
6.830729166667e-04	-0.00597995
6.831054687500e-04	-0.02225434
6.831380208333e-04	-0.00335741
6.831705729167e-04	0.01203022
6.832031250000e-04	0.00062444
6.832356770833e-04	0.00236809
6.832682291667e-04	0.02627551
6.833007812500e-04	0.02121036
6.833333333333e-04	-0.01233091
6.833658854167e-04	-0.01315775
6.833984375000e-04	0.01610535
6.834309895833e-04	0.01667400
6.834635416667e-04	-0.00268587
6.834960937500e-04	0.00755200
6.835286458333e-04	0.02442053
6.835611979167e-04	0.00260579
6.835937500000e-04	-0.02287995
6.836263020833e-04	-0.00600808
6.836588541667e-04	0.01751606
6.836914062500e-04	0.00711735
6.837239583333e-04	-0.00691973
6.837565104167e-04	0.00060567
6.837890625000e-04	0.00283237
6.838216145833e-04	-0.00406295
6.838541666667e-04	0.00827112
6.838867187500e-04	0.01915426
6.839192708333e-04	-0.01106790
6.839518229167e-04	-0.04415294
6.839843750000e-04	-0.02229360
6.840169270833e-04	0.01738826
6.840494791667e-04	0.01078262
6.840820312500e-04	-0.01424545
6.841145833333e-04	-0.00372219
6.841471354167e-04	0.01726188
6.841796875000e-04	0.00733902
6.842122395833e-04	-0.00955247
6.842447916667e-04	-0.00307859
6.842773437500e-04	0.00770326
6.843098958333e-04	0.00419587
6.843424479167e-04	-0.00161843
6.843750000000e-04	-0.00224870
6.844075520833e-04	-0.00169650
6.844401041667e-04	0.00149796
6.844726562500e-04	0.00477308
6.845052083333e-04	0.00338897
6.845377604167e-04	0.00530012
6.845703125000e-04	0.01060293
6.846028645833e-04	0.00403409
6.846354166667e-04	-0.00496862
6.846679687500e-04	0.00884345
6.847005208333e-04	0.02660386
6.847330729167e-04	0.01175436
6.847656250000e-04	-0.01383697
6.847981770833e-04	-0.00717051
6.848307291667e-04	0.01476733
6.848632812500e-04	0.01505051
6.848958333333e-04	0.00682468
6.849283854167e-04	0.01257777
6.849609375000e-04	0.01504090
6.849934895833e-04	-0.00081737
6.850260416667e-04	-0.01725871
6.850585937500e-04	-0.02005987
6.850911458333e-04	-0.01449628
6.851236979167e-04	-0.00533474
6.851562500000e-04	0.00254302
6.851888020833e-04	0.00118086
6.852213541667e-04	-0.00400324
6.852539062500e-04	-0.00096787
6.852864583333e-04	0.00494369
6.853190104167e-04	0.00136251
6.853515625000e-04	-0.00784409
6.853841145833e-04	-0.01127676
6.854166666667e-04	-0.00659756
6.854492187500e-04	0.00108176
6.854817708333e-04	0.00295382
6.855143229167e-04	-0.00733086
6.855468750000e-04	-0.02026586
6.855794270833e-04	-0.01765603
6.856119791667e-04	-0.00058430
6.856445312500e-04	0.00936866
6.856770833333e-04	0.00289586
6.857096354167e-04	-0.00359515
6.857421875000e-04	0.00258762
6.857747395833e-04	0.00669252
6.858072916667e-04	-0.00593264
6.858398437500e-04	-0.01490700
6.858723958333e-04	0.00356026
6.859049479167e-04	0.02520485
6.859375000000e-04	0.01535581
6.859700520833e-04	-0.00169719
6.860026041667e-04	0.01393119
6.860351562500e-04	0.03560110
6.860677083333e-04	0.01987155
6.861002604167e-04	-0.00678778
6.861328125000e-04	-0.00359991
6.861653645833e-04	0.00444103
6.861979166667e-04	-0.01138205
6.862304687500e-04	-0.02001255
6.862630208333e-04	-0.00114382
6.862955729167e-04	0.00960627
6.863281250000e-04	-0.00419189
6.863606770833e-04	-0.01044675
6.863932291667e-04	0.00173161
6.864257812500e-04	0.00724692
6.864583333333e-04	0.00038148
6.864908854167e-04	-0.00252940
6.865234375000e-04	0.00223704
6.865559895833e-04	0.01097798
6.865885416667e-04	0.02171401
6.866210937500e-04	0.02273191
6.866536458333e-04	0.00772307
6.866861979167e-04	-0.00594004
6.867187500000e-04	-0.00538406
6.867513020833e-04	-0.00196240
6.867838541667e-04	-0.00323568
6.868164062500e-04	-0.00329534
6.868489583333e-04	-0.00496511
6.868815104167e-04	-0.01078526
6.869140625000e-04	-0.00607330
6.869466145833e-04	0.01129181
6.869791666667e-04	0.01562541
6.870117187500e-04	-0.00107034
6.870442708333e-04	-0.01282828
6.870768229167e-04	-0.00995185
6.871093750000e-04	-0.01179346
6.871419270833e-04	-0.01906298
6.871744791667e-04	-0.01260758
6.872070312500e-04	0.00056110
6.872395833333e-04	0.00079151
6.872721354167e-04	0.00192151
6.873046875000e-04	0.02145407
6.873372395833e-04	0.03183609
6.873697916667e-04	0.00766005
6.874023437500e-04	-0.01663296
6.874348958333e-04	-0.00409547
6.874674479167e-04	0.01710292
6.875000000000e-04	0.00922634
6.875325520833e-04	-0.00718924
6.875651041667e-04	-0.00119504
6.875976562500e-04	0.01151798
6.876302083333e-04	0.00740250
6.876627604167e-04	-0.00492226
6.876953125000e-04	-0.01063353
6.877278645833e-04	-0.00642108
6.877604166667e-04	0.00812683
6.877929687500e-04	0.01972251
6.878255208333e-04	0.00860851
6.878580729167e-04	-0.01154205
6.878906250000e-04	-0.00898347
6.879231770833e-04	0.00883772
6.879557291667e-04	0.01317713
6.879882812500e-04	0.00805470
6.880208333333e-04	0.00657626
6.880533854167e-04	-0.00247755
6.880859375000e-04	-0.01609033
6.881184895833e-04	-0.00822100
6.881510416667e-04	0.01334008
6.881835937500e-04	0.01446307
6.882161458333e-04	-0.00149489
6.882486979167e-04	-0.00892571
6.882812500000e-04	-0.00941178
6.883138020833e-04	-0.00773780
6.883463541667e-04	0.00737938
6.883789062500e-04	0.02407434
6.884114583333e-04	0.01726580
6.884440104167e-04	0.00036194
6.884765625000e-04	-0.00351187
6.885091145833e-04	-0.00905688
6.885416666667e-04	-0.02511667
6.885742187500e-04	-0.02630898
6.886067708333e-04	-0.01251785
6.886393229167e-04	-0.01582293
6.886718750000e-04	-0.03156462
6.887044270833e-04	-0.02910310
6.887369791667e-04	-0.01660714
6.887695312500e-04	-0.01541717
6.888020833333e-04	-0.01300180
6.888346354167e-04	-0.00286199
6.888671875000e-04	-0.00673538
6.888997395833e-04	-0.02100124
6.889322916667e-04	-0.01641643
6.889648437500e-04	0.00015687
6.889973958333e-04	-0.00134572
6.890299479167e-04	-0.01517611
6.890625000000e-04	-0.01712250
6.890950520833e-04	-0.00870029
6.891276041667e-04	-0.00047703
6.891601562500e-04	0.00839758
6.891927083333e-04	0.01361075
6.892252604167e-04	0.00865987
6.892578125000e-04	0.00343152
6.892903645833e-04	0.00725455
6.893229166667e-04	0.00993698
6.893554687500e-04	0.00112516
6.893880208333e-04	-0.01369024
6.894205729167e-04	-0.02422134
6.894531250000e-04	-0.02377207
6.894856770833e-04	-0.01343961
6.895182291667e-04	-0.00773966
6.895507812500e-04	-0.01768659
6.895833333333e-04	-0.02903258
6.896158854167e-04	-0.02158624
6.896484375000e-04	-0.00059882
6.896809895833e-04	0.01384818
6.897135416667e-04	0.01369412
6.897460937500e-04	0.00453393
6.897786458333e-04	-0.00303182
6.898111979167e-04	-0.00064154
6.898437500000e-04	0.00646757
6.898763020833e-04	0.00545499
6.899088541667e-04	-0.00134713
6.899414062500e-04	-0.00109380
6.899739583333e-04	0.00538758
6.900065104167e-04	0.01009883
6.900390625000e-04	0.01402895
6.900716145833e-04	0.01348295
6.901041666667e-04	-0.00077511
6.901367187500e-04	-0.01443818
6.901692708333e-04	-0.00351261
6.902018229167e-04	0.01627083
6.902343750000e-04	0.01061913
6.902669270833e-04	-0.00752192
6.902994791667e-04	-0.00015115
6.903320312500e-04	0.02261110
6.903645833333e-04	0.02347919
6.903971354167e-04	0.00933201
6.904296875000e-04	0.01061129
6.904622395833e-04	0.01855447
6.904947916667e-04	0.00804018
6.905273437500e-04	-0.00962899
6.905598958333e-04	-0.01073497
6.905924479167e-04	-0.00141921
6.906250000000e-04	0.00288499
6.906575520833e-04	0.00445363
6.906901041667e-04	0.00628326
6.907226562500e-04	0.00330299
6.907552083333e-04	-0.00073161
6.907877604167e-04	0.00020214
6.908203125000e-04	-0.00338097
6.908528645833e-04	-0.01754545
6.908854166667e-04	-0.02407989
6.909179687500e-04	-0.00735575
6.909505208333e-04	0.01681219
6.909830729167e-04	0.02411192
6.910156250000e-04	0.01595694
6.910481770833e-04	0.01079190
6.910807291667e-04	0.01490720
6.911132812500e-04	0.01811600
6.911458333333e-04	0.01228510
6.911783854167e-04	0.00303256
6.912109375000e-04	0.00194343
6.912434895833e-04	0.01143325
6.912760416667e-04	0.02044651
6.913085937500e-04	0.01626403
6.913411458333e-04	0.00083248
6.913736979167e-04	-0.00838121
6.914062500000e-04	-0.00060519
6.914388020833e-04	0.01103846
6.914713541667e-04	0.01008924
6.915039062500e-04	0.00504973
6.915364583333e-04	0.01126030
6.915690104167e-04	0.01865079
6.916015625000e-04	0.01201349
6.916341145833e-04	0.00282536
6.916666666667e-04	0.00317948
6.916992187500e-04	-0.00107460
6.917317708333e-04	-0.01512557
6.917643229167e-04	-0.01671864
6.917968750000e-04	-0.00343388
6.918294270833e-04	-0.00412586
6.918619791667e-04	-0.02188976
6.918945312500e-04	-0.02605411
6.919270833333e-04	-0.01059179
6.919596354167e-04	-0.00074845
6.919921875000e-04	-0.00365575
6.920247395833e-04	-0.00341198
6.920572916667e-04	0.00568809
6.920898437500e-04	0.01540001
6.921223958333e-04	0.01778867
6.921549479167e-04	0.01107987
6.921875000000e-04	0.00440826
6.922200520833e-04	0.00607294
6.922526041667e-04	0.00422563
6.922851562500e-04	-0.00943653
6.923177083333e-04	-0.01102326
6.923502604167e-04	0.01333970
6.923828125000e-04	0.02980936
6.924153645833e-04	0.01465415
6.924479166667e-04	-0.00098310
6.924804687500e-04	0.00741989
6.925130208333e-04	0.01601785
6.925455729167e-04	0.00808967
6.925781250000e-04	0.00203447
6.926106770833e-04	0.00572160
6.926432291667e-04	0.00501659
6.926757812500e-04	-0.00278118
6.927083333333e-04	-0.00814724
6.927408854167e-04	-0.00629246
6.927734375000e-04	0.00288838
6.928059895833e-04	0.00971638
6.928385416667e-04	0.00155261
6.928710937500e-04	-0.00846355
6.929036458333e-04	0.00072776
6.929361979167e-04	0.01194592
6.929687500000e-04	0.00159526
6.930013020833e-04	-0.00859988
6.930338541667e-04	0.00087077
6.930664062500e-04	0.00387005
6.930989583333e-04	-0.00867702
6.931315104167e-04	-0.00587338
6.931640625000e-04	0.00935056
6.931966145833e-04	0.00525559
6.932291666667e-04	-0.00344458
6.932617187500e-04	0.00806324
6.932942708333e-04	0.01115513
6.933268229167e-04	-0.00753155
6.933593750000e-04	-0.00475044
6.933919270833e-04	0.02194233
6.934244791667e-04	0.01811240
6.934570312500e-04	-0.01438394
6.934895833333e-04	-0.02401038
6.935221354167e-04	-0.01477802
6.935546875000e-04	-0.01720096
6.935872395833e-04	-0.01563020
6.936197916667e-04	-0.00357290
6.936523437500e-04	-0.01132808
6.936848958333e-04	-0.02571744
6.937174479167e-04	-0.00710015
6.937500000000e-04	0.01701424
6.937825520833e-04	0.00649977
6.938151041667e-04	-0.00322136
6.938476562500e-04	0.01508693
6.938802083333e-04	0.01591035
6.939127604167e-04	-0.01295446
6.939453125000e-04	-0.01645496
6.939778645833e-04	0.01109043
6.940104166667e-04	0.01849871
6.940429687500e-04	0.00365901
6.940755208333e-04	-0.00057467
6.941080729167e-04	-0.00028083
6.941406250000e-04	-0.00728043
6.941731770833e-04	-0.00744260
6.942057291667e-04	-0.00573098
6.942382812500e-04	-0.01497774
6.942708333333e-04	-0.01133304
6.943033854167e-04	0.01463156
6.943359375000e-04	0.02218217
6.943684895833e-04	0.00004737
6.944010416667e-04	-0.01036767
6.944335937500e-04	-0.00027246
6.944661458333e-04	0.00446591
6.944986979167e-04	0.01191561
6.945312500000e-04	0.03064782
6.945638020833e-04	0.02436170
6.945963541667e-04	-0.01205129
6.946289062500e-04	-0.01964612
6.946614583333e-04	0.01800678
6.946940104167e-04	0.04036128
6.947265625000e-04	0.01865901
6.947591145833e-04	-0.00530656
6.947916666667e-04	-0.00448461
6.948242187500e-04	-0.00211664
6.948567708333e-04	-0.01675107
6.948893229167e-04	-0.03148318
6.949218750000e-04	-0.02434379
6.949544270833e-04	-0.00341719
6.949869791667e-04	0.00297411
6.950195312500e-04	-0.00842264
6.950520833333e-04	-0.01066043
6.950846354167e-04	0.00014030
6.951171875000e-04	-0.00195364
6.951497395833e-04	-0.01319602
6.951822916667e-04	-0.00414959
6.952148437500e-04	0.01536460
6.952473958333e-04	0.01295712
6.952799479167e-04	-0.00441569
6.953125000000e-04	-0.01511534
6.953450520833e-04	-0.02273845
6.953776041667e-04	-0.02324926
6.954101562500e-04	-0.00411180
6.954427083333e-04	0.00794010
6.954752604167e-04	-0.01393501
6.955078125000e-04	-0.03288915
6.955403645833e-04	-0.01473593
6.955729166667e-04	0.00350357
6.956054687500e-04	-0.00700362
6.956380208333e-04	-0.00955460
6.956705729167e-04	0.01501151
6.957031250000e-04	0.03047581
6.957356770833e-04	0.02134585
6.957682291667e-04	0.01037940
6.958007812500e-04	0.00429263
6.958333333333e-04	-0.00104459
6.958658854167e-04	0.00450205
6.958984375000e-04	0.01691015
6.959309895833e-04	0.01568326
6.959635416667e-04	0.00401799
6.959960937500e-04	-0.00133258
6.960286458333e-04	-0.00131742
6.960611979167e-04	0.00325631
6.960937500000e-04	0.01590295
6.961263020833e-04	0.01718548
6.961588541667e-04	-0.00657044
6.961914062500e-04	-0.02389211
6.962239583333e-04	-0.01068251
6.962565104167e-04	0.00225643
6.962890625000e-04	-0.00999661
6.963216145833e-04	-0.02063367
6.963541666667e-04	-0.00762958
6.963867187500e-04	0.00900058
6.964192708333e-04	0.00980460
6.964518229167e-04	0.00290806
6.964843750000e-04	0.00242854
6.965169270833e-04	0.00958851
6.965494791667e-04	0.01086581
6.965820312500e-04	-0.00461907
6.966145833333e-04	-0.01909695
6.966471354167e-04	-0.00790086
6.966796875000e-04	0.01190073
6.967122395833e-04	0.00751980
6.967447916667e-04	-0.00770245
6.967773437500e-04	-0.00334213
6.968098958333e-04	0.00762093
6.968424479167e-04	0.00285497
6.968750000000e-04	-0.00135618
6.969075520833e-04	0.00858552
6.969401041667e-04	0.01197084
6.969726562500e-04	0.00050726
6.970052083333e-04	-0.00542617
6.970377604167e-04	-0.00291954
6.970703125000e-04	-0.00818952
6.971028645833e-04	-0.01515136
6.971354166667e-04	-0.00732115
6.971679687500e-04	0.00396855
6.972005208333e-04	0.00002493
6.972330729167e-04	-0.00680683
6.972656250000e-04	0.00448197
6.972981770833e-04	0.02144102
6.973307291667e-04	0.01626148
6.973632812500e-04	-0.00587838
6.973958333333e-04	-0.01445822
6.974283854167e-04	-0.00406767
6.974609375000e-04	0.00258525
6.974934895833e-04	-0.00145261
6.975260416667e-04	-0.00227903
6.975585937500e-04	0.00286383
6.975911458333e-04	0.00748718
6.976236979167e-04	0.01339564
6.976562500000e-04	0.01712609
6.976888020833e-04	0.00953488
6.977213541667e-04	0.00212045
6.977539062500e-04	0.00993254
6.977864583333e-04	0.01645251
6.978190104167e-04	0.00581686
6.978515625000e-04	-0.00213345
6.978841145833e-04	0.00494877
6.979166666667e-04	0.00731880
6.979492187500e-04	0.00072547
6.979817708333e-04	0.00140516
6.980143229167e-04	0.00303218
6.980468750000e-04	-0.00261726
6.980794270833e-04	0.00315298
6.981119791667e-04	0.01751741
6.981445312500e-04	0.00799899
6.981770833333e-04	-0.01555795
6.982096354167e-04	-0.01395170
6.982421875000e-04	0.00003921
6.982747395833e-04	-0.00628133
6.983072916667e-04	-0.01530887
6.983398437500e-04	-0.00925677
6.983723958333e-04	-0.01165340
6.984049479167e-04	-0.02158025
6.984375000000e-04	-0.00934932
6.984700520833e-04	0.00972931
6.985026041667e-04	0.00660447
6.985351562500e-04	0.00556848
6.985677083333e-04	0.02393114
6.986002604167e-04	0.02696937
6.986328125000e-04	0.00732001
6.986653645833e-04	-0.00073873
6.986979166667e-04	-0.00163021
6.987304687500e-04	-0.01496152
6.987630208333e-04	-0.01286721
6.987955729167e-04	0.01287073
6.988281250000e-04	0.01285366
6.988606770833e-04	-0.01643989
6.988932291667e-04	-0.01933280
6.989257812500e-04	0.00085917
6.989583333333e-04	-0.00418864
6.989908854167e-04	-0.01759048
6.990234375000e-04	-0.00164758
6.990559895833e-04	0.01330453
6.990885416667e-04	-0.00110863
6.991210937500e-04	-0.00972617
6.991536458333e-04	0.00358600
6.991861979167e-04	0.00442906
6.992187500000e-04	-0.01029044
6.992513020833e-04	-0.00811066
6.992838541667e-04	0.00812492
6.993164062500e-04	0.01304521
6.993489583333e-04	0.00864456
6.993815104167e-04	0.00515330
6.994140625000e-04	-0.00037653
6.994466145833e-04	-0.00265304
6.994791666667e-04	0.00717681
6.995117187500e-04	0.01763812
6.995442708333e-04	0.01389666
6.995768229167e-04	0.00153725
6.996093750000e-04	-0.00585836
6.996419270833e-04	-0.00308105
6.996744791667e-04	0.00594513
6.997070312500e-04	0.01149205
6.997395833333e-04	0.00941646
6.997721354167e-04	0.00816646
6.998046875000e-04	0.01309068
6.998372395833e-04	0.01621624
6.998697916667e-04	0.01115909
6.999023437500e-04	0.00330145
6.999348958333e-04	0.00178010
6.999674479167e-04	0.00748547
7.000000000000e-04	0.00657464
7.000325520833e-04	-0.01109719
7.000651041667e-04	-0.02415048
7.000976562500e-04	-0.00826508
7.001302083333e-04	0.01276193
7.001627604167e-04	0.00572297
7.001953125000e-04	-0.00654486
7.002278645833e-04	0.00625236
7.002604166667e-04	0.01948017
7.002929687500e-04	0.01354584
7.003255208333e-04	0.01382732
7.003580729167e-04	0.01852742
7.003906250000e-04	-0.00118748
7.004231770833e-04	-0.01543152
7.004557291667e-04	0.01553872
7.004882812500e-04	0.04034330
7.005208333333e-04	0.00552813
7.005533854167e-04	-0.03403587
7.005859375000e-04	-0.02050481
7.006184895833e-04	0.00711775
7.006510416667e-04	0.00955166
7.006835937500e-04	0.00802239
7.007161458333e-04	0.00810370
7.007486979167e-04	-0.00448691
7.007812500000e-04	-0.00900666
7.008138020833e-04	0.00328965
7.008463541667e-04	-0.00054377
7.008789062500e-04	-0.01614828
7.009114583333e-04	-0.00612408
7.009440104167e-04	0.00981051
7.009765625000e-04	-0.00219940
7.010091145833e-04	-0.00924074
7.010416666667e-04	0.00845842
7.010742187500e-04	0.00486294
7.011067708333e-04	-0.01998585
7.011393229167e-04	-0.00692736
7.011718750000e-04	0.02656405
7.012044270833e-04	0.01295422
7.012369791667e-04	-0.01910125
7.012695312500e-04	-0.00234515
7.013020833333e-04	0.02909863
7.013346354167e-04	0.01508382
7.013671875000e-04	-0.01315446
7.013997395833e-04	-0.01084358
7.014322916667e-04	0.00029356
7.014648437500e-04	0.00084663
7.014973958333e-04	0.00630027
7.015299479167e-04	0.00982467
7.015625000000e-04	-0.00450209
7.015950520833e-04	-0.01334539
7.016276041667e-04	0.00123951
7.016601562500e-04	0.01162595
7.016927083333e-04	0.00150512
7.017252604167e-04	-0.00518244
7.017578125000e-04	0.00193636
7.017903645833e-04	0.00533223
7.018229166667e-04	0.00232080
7.018554687500e-04	0.00450819
7.018880208333e-04	0.00719755
7.019205729167e-04	0.00033218
7.019531250000e-04	-0.00988520
7.019856770833e-04	-0.01219731
7.020182291667e-04	-0.00436056
7.020507812500e-04	0.00662301
7.020833333333e-04	0.00666873
7.021158854167e-04	-0.00825893
7.021484375000e-04	-0.01618512
7.021809895833e-04	0.00009561
7.022135416667e-04	0.01692546
7.022460937500e-04	0.00592525
7.022786458333e-04	-0.01485174
7.023111979167e-04	-0.01462585
7.023437500000e-04	-0.00426857
7.023763020833e-04	-0.00611136
7.024088541667e-04	-0.00856522
7.024414062500e-04	0.00135431
7.024739583333e-04	0.00657559
7.025065104167e-04	-0.00118382
7.025390625000e-04	-0.00366879
7.025716145833e-04	0.00176079
7.026041666667e-04	-0.00051357
7.026367187500e-04	-0.00469459
7.026692708333e-04	0.00113007
7.027018229167e-04	0.00242141
7.027343750000e-04	-0.00862533
7.027669270833e-04	-0.01128221
7.027994791667e-04	-0.00155868
7.028320312500e-04	0.00171877
7.028645833333e-04	0.00362639
7.028971354167e-04	0.01539625
7.029296875000e-04	0.01575494
7.029622395833e-04	-0.00082340
7.029947916667e-04	0.00093332
7.030273437500e-04	0.01942994
7.030598958333e-04	0.00984376
7.030924479167e-04	-0.01641865
7.031250000000e-04	-0.00857336
7.031575520833e-04	0.01394942
7.031901041667e-04	0.00351792
7.032226562500e-04	-0.01037975
7.032552083333e-04	0.01193720
7.032877604167e-04	0.03163327
7.033203125000e-04	0.01726102
7.033528645833e-04	0.00659148
7.033854166667e-04	0.01348764
7.034179687500e-04	0.00383911
7.034505208333e-04	-0.01307949
7.034830729167e-04	-0.00214992
7.035156250000e-04	0.01399802
7.035481770833e-04	0.00525787
7.035807291667e-04	-0.00135464
7.036132812500e-04	0.00764862
7.036458333333e-04	0.00065039
7.036783854167e-04	-0.01482379
7.037109375000e-04	0.00040979
7.037434895833e-04	0.02264678
7.037760416667e-04	0.00518705
7.038085937500e-04	-0.02273725
7.038411458333e-04	-0.01301693
7.038736979167e-04	0.00939587
7.039062500000e-04	0.00566047
7.039388020833e-04	-0.00523859
7.039713541667e-04	0.00061253
7.040039062500e-04	0.00835019
7.040364583333e-04	0.00811601
7.040690104167e-04	0.01071490
7.041015625000e-04	0.01265499
7.041341145833e-04	0.00237104
7.041666666667e-04	-0.01082986
7.041992187500e-04	-0.01209679
7.042317708333e-04	-0.00321213
7.042643229167e-04	0.00927462
7.042968750000e-04	0.02276255
7.043294270833e-04	0.03070431
7.043619791667e-04	0.02703505
7.043945312500e-04	0.01489873
7.044270833333e-04	0.00041636
7.044596354167e-04	-0.01214284
7.044921875000e-04	-0.01758003
7.045247395833e-04	-0.01451456
7.045572916667e-04	-0.00854473
7.045898437500e-04	-0.00249827
7.046223958333e-04	0.00547294
7.046549479167e-04	0.01070467
7.046875000000e-04	0.00623933
7.047200520833e-04	-0.00068174
7.047526041667e-04	0.00298873
7.047851562500e-04	0.01158468
7.048177083333e-04	0.00762524
7.048502604167e-04	-0.00703378
7.048828125000e-04	-0.01169453
7.049153645833e-04	-0.00032807
7.049479166667e-04	0.00972520
7.049804687500e-04	0.00664852
7.050130208333e-04	-0.00024030
7.050455729167e-04	0.00049794
7.050781250000e-04	0.00549634
7.051106770833e-04	0.00547025
7.051432291667e-04	0.00011466
7.051757812500e-04	-0.00245709
7.052083333333e-04	0.00159070
7.052408854167e-04	0.00511013
7.052734375000e-04	0.00133006
7.053059895833e-04	-0.00251978
7.053385416667e-04	0.00394689
7.053710937500e-04	0.01292244
7.054036458333e-04	0.00757062
7.054361979167e-04	-0.00738862
7.054687500000e-04	-0.00782014
7.055013020833e-04	0.01092995
7.055338541667e-04	0.02120593
7.055664062500e-04	0.00453393
7.055989583333e-04	-0.01558159
7.056315104167e-04	-0.00973315
7.056640625000e-04	0.00744981
7.056966145833e-04	0.00495101
7.057291666667e-04	-0.00633559
7.057617187500e-04	0.00009415
7.057942708333e-04	0.00665602
7.058268229167e-04	-0.01009393
7.058593750000e-04	-0.01831694
7.058919270833e-04	0.00946552
7.059244791667e-04	0.02967389
7.059570312500e-04	0.00641185
7.059895833333e-04	-0.01786020
7.060221354167e-04	-0.00834083
7.060546875000e-04	0.00147940
7.060872395833e-04	-0.00646867
7.061197916667e-04	-0.00358347
7.061523437500e-04	0.00520926
7.061848958333e-04	-0.00917028
7.062174479167e-04	-0.02217083
7.062500000000e-04	-0.00391835
7.062825520833e-04	0.00966138
7.063151041667e-04	-0.00584862
7.063476562500e-04	-0.00940294
7.063802083333e-04	0.01007125
7.064127604167e-04	0.00690457
7.064453125000e-04	-0.01753828
7.064778645833e-04	-0.01754215
7.065104166667e-04	-0.00156131
7.065429687500e-04	-0.00251305
7.065755208333e-04	-0.00071387
7.066080729167e-04	0.02062323
7.066406250000e-04	0.02779517
7.066731770833e-04	0.01176236
7.067057291667e-04	0.00744915
7.067382812500e-04	0.01526577
7.067708333333e-04	0.00919377
7.068033854167e-04	0.00093069
7.068359375000e-04	0.00425617
7.068684895833e-04	-0.00387066
7.069010416667e-04	-0.02296381
7.069335937500e-04	-0.01756484
7.069661458333e-04	0.00595817
7.069986979167e-04	0.00998704
7.070312500000e-04	0.00258026
7.070638020833e-04	0.00871338
7.070963541667e-04	0.00916416
7.071289062500e-04	-0.01129096
7.071614583333e-04	-0.02124339
7.071940104167e-04	-0.00547482
7.072265625000e-04	0.00439443
7.072591145833e-04	-0.00782962
7.072916666667e-04	-0.02017765
7.073242187500e-04	-0.01788540
7.073567708333e-04	-0.00762204
7.073893229167e-04	0.00169529
7.074218750000e-04	0.00268808
7.074544270833e-04	-0.00375271
7.074869791667e-04	-0.00241324
7.075195312500e-04	0.01064573
7.075520833333e-04	0.01617555
7.075846354167e-04	0.00667353
7.076171875000e-04	-0.00114291
7.076497395833e-04	-0.00060855
7.076822916667e-04	-0.00156642
7.077148437500e-04	-0.00305544
7.077473958333e-04	0.00201043
7.077799479167e-04	0.00691162
7.078125000000e-04	0.00526580
7.078450520833e-04	0.00304144
7.078776041667e-04	0.00048222
7.079101562500e-04	-0.00729844
7.079427083333e-04	-0.00908589
7.079752604167e-04	0.00607588
7.080078125000e-04	0.01897800
7.080403645833e-04	0.00640975
7.080729166667e-04	-0.01698883
7.081054687500e-04	-0.02118612
7.081380208333e-04	-0.00627959
7.081705729167e-04	0.00785732
7.082031250000e-04	0.01407241
7.082356770833e-04	0.01218027
7.082682291667e-04	-0.00151213
7.083007812500e-04	-0.01654428
7.083333333333e-04	-0.01119854
7.083658854167e-04	0.01113125
7.083984375000e-04	0.02185344
7.084309895833e-04	0.01167752
7.084635416667e-04	0.00033209
7.084960937500e-04	0.00000736
7.085286458333e-04	0.00189891
7.085611979167e-04	-0.00266649
7.085937500000e-04	-0.01072794
7.086263020833e-04	-0.01221374
7.086588541667e-04	-0.00014967
7.086914062500e-04	0.01429869
7.087239583333e-04	0.01055524
7.087565104167e-04	-0.00648956
7.087890625000e-04	-0.01177702
7.088216145833e-04	-0.00611404
7.088541666667e-04	-0.00928039
7.088867187500e-04	-0.01276304
7.089192708333e-04	0.00099229
7.089518229167e-04	0.01280606
7.089843750000e-04	0.00299558
7.090169270833e-04	-0.00522921
7.090494791667e-04	0.00554964
7.090820312500e-04	0.01186241
7.091145833333e-04	0.00375201
7.091471354167e-04	0.00356051
7.091796875000e-04	0.01106989
7.092122395833e-04	0.00541831
7.092447916667e-04	-0.00463249
7.092773437500e-04	-0.00173612
7.093098958333e-04	0.00182037
7.093424479167e-04	-0.00078667
7.093750000000e-04	0.00547633
7.094075520833e-04	0.01164729
7.094401041667e-04	-0.00362780
7.094726562500e-04	-0.01843996
7.095052083333e-04	-0.00387381
7.095377604167e-04	0.01472383
7.095703125000e-04	0.00801233
7.096028645833e-04	-0.00143964
7.096354166667e-04	0.00562291
7.096679687500e-04	0.00651705
7.097005208333e-04	-0.00653894
7.097330729167e-04	-0.00862232
7.097656250000e-04	0.00314144
7.097981770833e-04	0.00837178
7.098307291667e-04	0.00728898
7.098632812500e-04	0.00852883
7.098958333333e-04	0.00375534
7.099283854167e-04	-0.00751366
7.099609375000e-04	-0.01124285
7.099934895833e-04	-0.01204615
7.100260416667e-04	-0.02276020
7.100585937500e-04	-0.02753522
7.100911458333e-04	-0.00795769
7.101236979167e-04	0.01471584
7.101562500000e-04	0.01220005
7.101888020833e-04	-0.00389650
7.102213541667e-04	-0.00852512
7.102539062500e-04	-0.00547994
7.102864583333e-04	-0.00827453
7.103190104167e-04	-0.00760384
7.103515625000e-04	0.00896507
7.103841145833e-04	0.02595227
7.104166666667e-04	0.02084859
7.104492187500e-04	0.00221673
7.104817708333e-04	-0.00549658
7.105143229167e-04	-0.00334164
7.105468750000e-04	-0.00750045
7.105794270833e-04	-0.01129133
7.106119791667e-04	0.00014049
7.106445312500e-04	0.01434192
7.106770833333e-04	0.01430519
7.107096354167e-04	0.01184627
7.107421875000e-04	0.01863582
7.107747395833e-04	0.02016960
7.108072916667e-04	0.01097814
7.108398437500e-04	0.00921801
7.108723958333e-04	0.01588754
7.109049479167e-04	0.01303518
7.109375000000e-04	0.00635666
7.109700520833e-04	0.01328183
7.110026041667e-04	0.02258625
7.110351562500e-04	0.01813648
7.110677083333e-04	0.01166217
7.111002604167e-04	0.01109700
7.111328125000e-04	0.00321739
7.111653645833e-04	-0.00793594
7.111979166667e-04	-0.00338526
7.112304687500e-04	0.00571835
7.112630208333e-04	-0.00249896
7.112955729167e-04	-0.01322888
7.113281250000e-04	-0.00572798
7.113606770833e-04	0.00531257
7.113932291667e-04	0.00604032
7.114257812500e-04	0.00807510
7.114583333333e-04	0.00986932
7.114908854167e-04	-0.00140687
7.115234375000e-04	-0.00713657
7.115559895833e-04	0.01220877
7.115885416667e-04	0.02826259
7.116210937500e-04	0.01659159
7.116536458333e-04	0.00659163
7.116861979167e-04	0.01757970
7.117187500000e-04	0.01810716
7.117513020833e-04	-0.00256413
7.117838541667e-04	-0.00919397
7.118164062500e-04	0.00513617
7.118489583333e-04	0.01004913
7.118815104167e-04	0.00465484
7.119140625000e-04	0.00677369
7.119466145833e-04	0.00269505
7.119791666667e-04	-0.01612776
7.120117187500e-04	-0.01883803
7.120442708333e-04	0.00290322
7.120768229167e-04	0.01011212
7.121093750000e-04	-0.00855560
7.121419270833e-04	-0.01840641
7.121744791667e-04	-0.00957530
7.122070312500e-04	-0.00494534
7.122395833333e-04	-0.00549928
7.122721354167e-04	0.00053630
7.123046875000e-04	0.00117144
7.123372395833e-04	-0.01145090
7.123697916667e-04	-0.01590390
7.124023437500e-04	0.00030014
7.124348958333e-04	0.01841790
7.124674479167e-04	0.01893504
7.125000000000e-04	0.00169960
7.125325520833e-04	-0.01914890
7.125651041667e-04	-0.02327711
7.125976562500e-04	-0.00676678
7.126302083333e-04	0.00628207
7.126627604167e-04	0.00092596
7.126953125000e-04	-0.00452556
7.127278645833e-04	0.00158175
7.127604166667e-04	0.00174715
7.127929687500e-04	-0.01109928
7.128255208333e-04	-0.01841123
7.128580729167e-04	-0.01088669
7.128906250000e-04	0.00200901
7.129231770833e-04	0.01063465
7.129557291667e-04	0.00757865
7.129882812500e-04	-0.00546410
7.130208333333e-04	-0.00911668
7.130533854167e-04	0.00214695
7.130859375000e-04	0.00249002
7.131184895833e-04	-0.01580102
7.131510416667e-04	-0.02478632
7.131835937500e-04	-0.02068615
7.132161458333e-04	-0.02860885
7.132486979167e-04	-0.03648262
7.132812500000e-04	-0.01356545
7.133138020833e-04	0.01570929
7.133463541667e-04	0.01127289
7.133789062500e-04	-0.00416555
7.134114583333e-04	0.00467673
7.134440104167e-04	0.01489405
7.134765625000e-04	-0.00006769
7.135091145833e-04	-0.01657747
END
