UNITS MM,10000;
EDIT proj;
ADD P2 :W0.000000  -5.0000,-1.0000 45.0000,-1.0000 45.0000,1.0000 -5.0000,1.0000;
  BEGIN_ASSOC
    ADD N2 :F1.000000 :R0 :T12345 'net=P1' 0.00, 0.00;
  END_ASSOC
ADD P3 :W0.000000  -5.0000,-10.0000 45.0000,-10.0000 45.0000,10.0000 -5.0000,10.0000;
ADD P5 :W0.000000  44.6000,1.8000 44.5977,1.8523 44.5909,1.9042 44.5796,1.9553 44.5638,2.0052 44.5438,2.0536 44.5196,2.1000 44.4915,2.1441 44.4596,2.1857 44.4243,2.2243 44.3857,2.2596 44.3441,2.2915 44.3000,2.3196 44.2536,2.3438 44.2052,2.3638 44.1553,2.3796 44.1042,2.3909 44.0523,2.3977 44.0000,2.4000 43.9477,2.3977 43.8958,2.3909 43.8447,2.3796 43.7948,2.3638 43.7464,2.3438 43.7000,2.3196 43.6559,2.2915 43.6143,2.2596 43.5757,2.2243 43.5404,2.1857 43.5085,2.1441 43.4804,2.1000 43.4562,2.0536 43.4362,2.0052 43.4204,1.9553 43.4091,1.9042 43.4023,1.8523 43.4000,1.8000 43.4023,1.7477 43.4091,1.6958 43.4204,1.6447 43.4362,1.5948 43.4562,1.5464 43.4804,1.5000 43.5085,1.4559 43.5404,1.4143 43.5757,1.3757 43.6143,1.3404 43.6559,1.3085 43.7000,1.2804 43.7464,1.2562 43.7948,1.2362 43.8447,1.2204 43.8958,1.2091 43.9477,1.2023 44.0000,1.2000 44.0523,1.2023 44.1042,1.2091 44.1553,1.2204 44.2052,1.2362 44.2536,1.2562 44.3000,1.2804 44.3441,1.3085 44.3857,1.3404 44.4243,1.3757 44.4596,1.4143 44.4915,1.4559 44.5196,1.5000 44.5438,1.5464 44.5638,1.5948 44.5796,1.6447 44.5909,1.6958 44.5977,1.7477 44.6000,1.8000;
ADD P5 :W0.000000  -0.9000,1.8000 -0.9023,1.8523 -0.9091,1.9042 -0.9204,1.9553 -0.9362,2.0052 -0.9562,2.0536 -0.9804,2.1000 -1.0085,2.1441 -1.0404,2.1857 -1.0757,2.2243 -1.1143,2.2596 -1.1559,2.2915 -1.2000,2.3196 -1.2464,2.3438 -1.2948,2.3638 -1.3447,2.3796 -1.3958,2.3909 -1.4477,2.3977 -1.5000,2.4000 -1.5523,2.3977 -1.6042,2.3909 -1.6553,2.3796 -1.7052,2.3638 -1.7536,2.3438 -1.8000,2.3196 -1.8441,2.2915 -1.8857,2.2596 -1.9243,2.2243 -1.9596,2.1857 -1.9915,2.1441 -2.0196,2.1000 -2.0438,2.0536 -2.0638,2.0052 -2.0796,1.9553 -2.0909,1.9042 -2.0977,1.8523 -2.1000,1.8000 -2.0977,1.7477 -2.0909,1.6958 -2.0796,1.6447 -2.0638,1.5948 -2.0438,1.5464 -2.0196,1.5000 -1.9915,1.4559 -1.9596,1.4143 -1.9243,1.3757 -1.8857,1.3404 -1.8441,1.3085 -1.8000,1.2804 -1.7536,1.2562 -1.7052,1.2362 -1.6553,1.2204 -1.6042,1.2091 -1.5523,1.2023 -1.5000,1.2000 -1.4477,1.2023 -1.3958,1.2091 -1.3447,1.2204 -1.2948,1.2362 -1.2464,1.2562 -1.2000,1.2804 -1.1559,1.3085 -1.1143,1.3404 -1.0757,1.3757 -1.0404,1.4143 -1.0085,1.4559 -0.9804,1.5000 -0.9562,1.5464 -0.9362,1.5948 -0.9204,1.6447 -0.9091,1.6958 -0.9023,1.7477 -0.9000,1.8000;
ADD P5 :W0.000000  -3.6000,1.8000 -3.6023,1.8523 -3.6091,1.9042 -3.6204,1.9553 -3.6362,2.0052 -3.6562,2.0536 -3.6804,2.1000 -3.7085,2.1441 -3.7404,2.1857 -3.7757,2.2243 -3.8143,2.2596 -3.8559,2.2915 -3.9000,2.3196 -3.9464,2.3438 -3.9948,2.3638 -4.0447,2.3796 -4.0958,2.3909 -4.1477,2.3977 -4.2000,2.4000 -4.2523,2.3977 -4.3042,2.3909 -4.3553,2.3796 -4.4052,2.3638 -4.4536,2.3438 -4.5000,2.3196 -4.5441,2.2915 -4.5857,2.2596 -4.6243,2.2243 -4.6596,2.1857 -4.6915,2.1441 -4.7196,2.1000 -4.7438,2.0536 -4.7638,2.0052 -4.7796,1.9553 -4.7909,1.9042 -4.7977,1.8523 -4.8000,1.8000 -4.7977,1.7477 -4.7909,1.6958 -4.7796,1.6447 -4.7638,1.5948 -4.7438,1.5464 -4.7196,1.5000 -4.6915,1.4559 -4.6596,1.4143 -4.6243,1.3757 -4.5857,1.3404 -4.5441,1.3085 -4.5000,1.2804 -4.4536,1.2562 -4.4052,1.2362 -4.3553,1.2204 -4.3042,1.2091 -4.2523,1.2023 -4.2000,1.2000 -4.1477,1.2023 -4.0958,1.2091 -4.0447,1.2204 -3.9948,1.2362 -3.9464,1.2562 -3.9000,1.2804 -3.8559,1.3085 -3.8143,1.3404 -3.7757,1.3757 -3.7404,1.4143 -3.7085,1.4559 -3.6804,1.5000 -3.6562,1.5464 -3.6362,1.5948 -3.6204,1.6447 -3.6091,1.6958 -3.6023,1.7477 -3.6000,1.8000;
ADD P5 :W0.000000  7.2000,1.8000 7.1977,1.8523 7.1909,1.9042 7.1796,1.9553 7.1638,2.0052 7.1438,2.0536 7.1196,2.1000 7.0915,2.1441 7.0596,2.1857 7.0243,2.2243 6.9857,2.2596 6.9441,2.2915 6.9000,2.3196 6.8536,2.3438 6.8052,2.3638 6.7553,2.3796 6.7042,2.3909 6.6523,2.3977 6.6000,2.4000 6.5477,2.3977 6.4958,2.3909 6.4447,2.3796 6.3948,2.3638 6.3464,2.3438 6.3000,2.3196 6.2559,2.2915 6.2143,2.2596 6.1757,2.2243 6.1404,2.1857 6.1085,2.1441 6.0804,2.1000 6.0562,2.0536 6.0362,2.0052 6.0204,1.9553 6.0091,1.9042 6.0023,1.8523 6.0000,1.8000 6.0023,1.7477 6.0091,1.6958 6.0204,1.6447 6.0362,1.5948 6.0562,1.5464 6.0804,1.5000 6.1085,1.4559 6.1404,1.4143 6.1757,1.3757 6.2143,1.3404 6.2559,1.3085 6.3000,1.2804 6.3464,1.2562 6.3948,1.2362 6.4447,1.2204 6.4958,1.2091 6.5477,1.2023 6.6000,1.2000 6.6523,1.2023 6.7042,1.2091 6.7553,1.2204 6.8052,1.2362 6.8536,1.2562 6.9000,1.2804 6.9441,1.3085 6.9857,1.3404 7.0243,1.3757 7.0596,1.4143 7.0915,1.4559 7.1196,1.5000 7.1438,1.5464 7.1638,1.5948 7.1796,1.6447 7.1909,1.6958 7.1977,1.7477 7.2000,1.8000;
ADD P5 :W0.000000  18.0000,1.8000 17.9977,1.8523 17.9909,1.9042 17.9796,1.9553 17.9638,2.0052 17.9438,2.0536 17.9196,2.1000 17.8915,2.1441 17.8596,2.1857 17.8243,2.2243 17.7857,2.2596 17.7441,2.2915 17.7000,2.3196 17.6536,2.3438 17.6052,2.3638 17.5553,2.3796 17.5042,2.3909 17.4523,2.3977 17.4000,2.4000 17.3477,2.3977 17.2958,2.3909 17.2447,2.3796 17.1948,2.3638 17.1464,2.3438 17.1000,2.3196 17.0559,2.2915 17.0143,2.2596 16.9757,2.2243 16.9404,2.1857 16.9085,2.1441 16.8804,2.1000 16.8562,2.0536 16.8362,2.0052 16.8204,1.9553 16.8091,1.9042 16.8023,1.8523 16.8000,1.8000 16.8023,1.7477 16.8091,1.6958 16.8204,1.6447 16.8362,1.5948 16.8562,1.5464 16.8804,1.5000 16.9085,1.4559 16.9404,1.4143 16.9757,1.3757 17.0143,1.3404 17.0559,1.3085 17.1000,1.2804 17.1464,1.2562 17.1948,1.2362 17.2447,1.2204 17.2958,1.2091 17.3477,1.2023 17.4000,1.2000 17.4523,1.2023 17.5042,1.2091 17.5553,1.2204 17.6052,1.2362 17.6536,1.2562 17.7000,1.2804 17.7441,1.3085 17.7857,1.3404 17.8243,1.3757 17.8596,1.4143 17.8915,1.4559 17.9196,1.5000 17.9438,1.5464 17.9638,1.5948 17.9796,1.6447 17.9909,1.6958 17.9977,1.7477 18.0000,1.8000;
ADD P5 :W0.000000  12.6000,1.8000 12.5977,1.8523 12.5909,1.9042 12.5796,1.9553 12.5638,2.0052 12.5438,2.0536 12.5196,2.1000 12.4915,2.1441 12.4596,2.1857 12.4243,2.2243 12.3857,2.2596 12.3441,2.2915 12.3000,2.3196 12.2536,2.3438 12.2052,2.3638 12.1553,2.3796 12.1042,2.3909 12.0523,2.3977 12.0000,2.4000 11.9477,2.3977 11.8958,2.3909 11.8447,2.3796 11.7948,2.3638 11.7464,2.3438 11.7000,2.3196 11.6559,2.2915 11.6143,2.2596 11.5757,2.2243 11.5404,2.1857 11.5085,2.1441 11.4804,2.1000 11.4562,2.0536 11.4362,2.0052 11.4204,1.9553 11.4091,1.9042 11.4023,1.8523 11.4000,1.8000 11.4023,1.7477 11.4091,1.6958 11.4204,1.6447 11.4362,1.5948 11.4562,1.5464 11.4804,1.5000 11.5085,1.4559 11.5404,1.4143 11.5757,1.3757 11.6143,1.3404 11.6559,1.3085 11.7000,1.2804 11.7464,1.2562 11.7948,1.2362 11.8447,1.2204 11.8958,1.2091 11.9477,1.2023 12.0000,1.2000 12.0523,1.2023 12.1042,1.2091 12.1553,1.2204 12.2052,1.2362 12.2536,1.2562 12.3000,1.2804 12.3441,1.3085 12.3857,1.3404 12.4243,1.3757 12.4596,1.4143 12.4915,1.4559 12.5196,1.5000 12.5438,1.5464 12.5638,1.5948 12.5796,1.6447 12.5909,1.6958 12.5977,1.7477 12.6000,1.8000;
ADD P5 :W0.000000  9.9000,1.8000 9.8977,1.8523 9.8909,1.9042 9.8796,1.9553 9.8638,2.0052 9.8438,2.0536 9.8196,2.1000 9.7915,2.1441 9.7596,2.1857 9.7243,2.2243 9.6857,2.2596 9.6441,2.2915 9.6000,2.3196 9.5536,2.3438 9.5052,2.3638 9.4553,2.3796 9.4042,2.3909 9.3523,2.3977 9.3000,2.4000 9.2477,2.3977 9.1958,2.3909 9.1447,2.3796 9.0948,2.3638 9.0464,2.3438 9.0000,2.3196 8.9559,2.2915 8.9143,2.2596 8.8757,2.2243 8.8404,2.1857 8.8085,2.1441 8.7804,2.1000 8.7562,2.0536 8.7362,2.0052 8.7204,1.9553 8.7091,1.9042 8.7023,1.8523 8.7000,1.8000 8.7023,1.7477 8.7091,1.6958 8.7204,1.6447 8.7362,1.5948 8.7562,1.5464 8.7804,1.5000 8.8085,1.4559 8.8404,1.4143 8.8757,1.3757 8.9143,1.3404 8.9559,1.3085 9.0000,1.2804 9.0464,1.2562 9.0948,1.2362 9.1447,1.2204 9.1958,1.2091 9.2477,1.2023 9.3000,1.2000 9.3523,1.2023 9.4042,1.2091 9.4553,1.2204 9.5052,1.2362 9.5536,1.2562 9.6000,1.2804 9.6441,1.3085 9.6857,1.3404 9.7243,1.3757 9.7596,1.4143 9.7915,1.4559 9.8196,1.5000 9.8438,1.5464 9.8638,1.5948 9.8796,1.6447 9.8909,1.6958 9.8977,1.7477 9.9000,1.8000;
ADD P5 :W0.000000  20.7000,1.8000 20.6977,1.8523 20.6909,1.9042 20.6796,1.9553 20.6638,2.0052 20.6438,2.0536 20.6196,2.1000 20.5915,2.1441 20.5596,2.1857 20.5243,2.2243 20.4857,2.2596 20.4441,2.2915 20.4000,2.3196 20.3536,2.3438 20.3052,2.3638 20.2553,2.3796 20.2042,2.3909 20.1523,2.3977 20.1000,2.4000 20.0477,2.3977 19.9958,2.3909 19.9447,2.3796 19.8948,2.3638 19.8464,2.3438 19.8000,2.3196 19.7559,2.2915 19.7143,2.2596 19.6757,2.2243 19.6404,2.1857 19.6085,2.1441 19.5804,2.1000 19.5562,2.0536 19.5362,2.0052 19.5204,1.9553 19.5091,1.9042 19.5023,1.8523 19.5000,1.8000 19.5023,1.7477 19.5091,1.6958 19.5204,1.6447 19.5362,1.5948 19.5562,1.5464 19.5804,1.5000 19.6085,1.4559 19.6404,1.4143 19.6757,1.3757 19.7143,1.3404 19.7559,1.3085 19.8000,1.2804 19.8464,1.2562 19.8948,1.2362 19.9447,1.2204 19.9958,1.2091 20.0477,1.2023 20.1000,1.2000 20.1523,1.2023 20.2042,1.2091 20.2553,1.2204 20.3052,1.2362 20.3536,1.2562 20.4000,1.2804 20.4441,1.3085 20.4857,1.3404 20.5243,1.3757 20.5596,1.4143 20.5915,1.4559 20.6196,1.5000 20.6438,1.5464 20.6638,1.5948 20.6796,1.6447 20.6909,1.6958 20.6977,1.7477 20.7000,1.8000;
ADD P5 :W0.000000  4.5000,1.8000 4.4977,1.8523 4.4909,1.9042 4.4796,1.9553 4.4638,2.0052 4.4438,2.0536 4.4196,2.1000 4.3915,2.1441 4.3596,2.1857 4.3243,2.2243 4.2857,2.2596 4.2441,2.2915 4.2000,2.3196 4.1536,2.3438 4.1052,2.3638 4.0553,2.3796 4.0042,2.3909 3.9523,2.3977 3.9000,2.4000 3.8477,2.3977 3.7958,2.3909 3.7447,2.3796 3.6948,2.3638 3.6464,2.3438 3.6000,2.3196 3.5559,2.2915 3.5143,2.2596 3.4757,2.2243 3.4404,2.1857 3.4085,2.1441 3.3804,2.1000 3.3562,2.0536 3.3362,2.0052 3.3204,1.9553 3.3091,1.9042 3.3023,1.8523 3.3000,1.8000 3.3023,1.7477 3.3091,1.6958 3.3204,1.6447 3.3362,1.5948 3.3562,1.5464 3.3804,1.5000 3.4085,1.4559 3.4404,1.4143 3.4757,1.3757 3.5143,1.3404 3.5559,1.3085 3.6000,1.2804 3.6464,1.2562 3.6948,1.2362 3.7447,1.2204 3.7958,1.2091 3.8477,1.2023 3.9000,1.2000 3.9523,1.2023 4.0042,1.2091 4.0553,1.2204 4.1052,1.2362 4.1536,1.2562 4.2000,1.2804 4.2441,1.3085 4.2857,1.3404 4.3243,1.3757 4.3596,1.4143 4.3915,1.4559 4.4196,1.5000 4.4438,1.5464 4.4638,1.5948 4.4796,1.6447 4.4909,1.6958 4.4977,1.7477 4.5000,1.8000;
ADD P5 :W0.000000  1.8000,1.8000 1.7977,1.8523 1.7909,1.9042 1.7796,1.9553 1.7638,2.0052 1.7438,2.0536 1.7196,2.1000 1.6915,2.1441 1.6596,2.1857 1.6243,2.2243 1.5857,2.2596 1.5441,2.2915 1.5000,2.3196 1.4536,2.3438 1.4052,2.3638 1.3553,2.3796 1.3042,2.3909 1.2523,2.3977 1.2000,2.4000 1.1477,2.3977 1.0958,2.3909 1.0447,2.3796 0.9948,2.3638 0.9464,2.3438 0.9000,2.3196 0.8559,2.2915 0.8143,2.2596 0.7757,2.2243 0.7404,2.1857 0.7085,2.1441 0.6804,2.1000 0.6562,2.0536 0.6362,2.0052 0.6204,1.9553 0.6091,1.9042 0.6023,1.8523 0.6000,1.8000 0.6023,1.7477 0.6091,1.6958 0.6204,1.6447 0.6362,1.5948 0.6562,1.5464 0.6804,1.5000 0.7085,1.4559 0.7404,1.4143 0.7757,1.3757 0.8143,1.3404 0.8559,1.3085 0.9000,1.2804 0.9464,1.2562 0.9948,1.2362 1.0447,1.2204 1.0958,1.2091 1.1477,1.2023 1.2000,1.2000 1.2523,1.2023 1.3042,1.2091 1.3553,1.2204 1.4052,1.2362 1.4536,1.2562 1.5000,1.2804 1.5441,1.3085 1.5857,1.3404 1.6243,1.3757 1.6596,1.4143 1.6915,1.4559 1.7196,1.5000 1.7438,1.5464 1.7638,1.5948 1.7796,1.6447 1.7909,1.6958 1.7977,1.7477 1.8000,1.8000;
ADD P5 :W0.000000  15.3000,1.8000 15.2977,1.8523 15.2909,1.9042 15.2796,1.9553 15.2638,2.0052 15.2438,2.0536 15.2196,2.1000 15.1915,2.1441 15.1596,2.1857 15.1243,2.2243 15.0857,2.2596 15.0441,2.2915 15.0000,2.3196 14.9536,2.3438 14.9052,2.3638 14.8553,2.3796 14.8042,2.3909 14.7523,2.3977 14.7000,2.4000 14.6477,2.3977 14.5958,2.3909 14.5447,2.3796 14.4948,2.3638 14.4464,2.3438 14.4000,2.3196 14.3559,2.2915 14.3143,2.2596 14.2757,2.2243 14.2404,2.1857 14.2085,2.1441 14.1804,2.1000 14.1562,2.0536 14.1362,2.0052 14.1204,1.9553 14.1091,1.9042 14.1023,1.8523 14.1000,1.8000 14.1023,1.7477 14.1091,1.6958 14.1204,1.6447 14.1362,1.5948 14.1562,1.5464 14.1804,1.5000 14.2085,1.4559 14.2404,1.4143 14.2757,1.3757 14.3143,1.3404 14.3559,1.3085 14.4000,1.2804 14.4464,1.2562 14.4948,1.2362 14.5447,1.2204 14.5958,1.2091 14.6477,1.2023 14.7000,1.2000 14.7523,1.2023 14.8042,1.2091 14.8553,1.2204 14.9052,1.2362 14.9536,1.2562 15.0000,1.2804 15.0441,1.3085 15.0857,1.3404 15.1243,1.3757 15.1596,1.4143 15.1915,1.4559 15.2196,1.5000 15.2438,1.5464 15.2638,1.5948 15.2796,1.6447 15.2909,1.6958 15.2977,1.7477 15.3000,1.8000;
ADD P5 :W0.000000  26.1000,1.8000 26.0977,1.8523 26.0909,1.9042 26.0796,1.9553 26.0638,2.0052 26.0438,2.0536 26.0196,2.1000 25.9915,2.1441 25.9596,2.1857 25.9243,2.2243 25.8857,2.2596 25.8441,2.2915 25.8000,2.3196 25.7536,2.3438 25.7052,2.3638 25.6553,2.3796 25.6042,2.3909 25.5523,2.3977 25.5000,2.4000 25.4477,2.3977 25.3958,2.3909 25.3447,2.3796 25.2948,2.3638 25.2464,2.3438 25.2000,2.3196 25.1559,2.2915 25.1143,2.2596 25.0757,2.2243 25.0404,2.1857 25.0085,2.1441 24.9804,2.1000 24.9562,2.0536 24.9362,2.0052 24.9204,1.9553 24.9091,1.9042 24.9023,1.8523 24.9000,1.8000 24.9023,1.7477 24.9091,1.6958 24.9204,1.6447 24.9362,1.5948 24.9562,1.5464 24.9804,1.5000 25.0085,1.4559 25.0404,1.4143 25.0757,1.3757 25.1143,1.3404 25.1559,1.3085 25.2000,1.2804 25.2464,1.2562 25.2948,1.2362 25.3447,1.2204 25.3958,1.2091 25.4477,1.2023 25.5000,1.2000 25.5523,1.2023 25.6042,1.2091 25.6553,1.2204 25.7052,1.2362 25.7536,1.2562 25.8000,1.2804 25.8441,1.3085 25.8857,1.3404 25.9243,1.3757 25.9596,1.4143 25.9915,1.4559 26.0196,1.5000 26.0438,1.5464 26.0638,1.5948 26.0796,1.6447 26.0909,1.6958 26.0977,1.7477 26.1000,1.8000;
ADD P5 :W0.000000  28.8000,1.8000 28.7977,1.8523 28.7909,1.9042 28.7796,1.9553 28.7638,2.0052 28.7438,2.0536 28.7196,2.1000 28.6915,2.1441 28.6596,2.1857 28.6243,2.2243 28.5857,2.2596 28.5441,2.2915 28.5000,2.3196 28.4536,2.3438 28.4052,2.3638 28.3553,2.3796 28.3042,2.3909 28.2523,2.3977 28.2000,2.4000 28.1477,2.3977 28.0958,2.3909 28.0447,2.3796 27.9948,2.3638 27.9464,2.3438 27.9000,2.3196 27.8559,2.2915 27.8143,2.2596 27.7757,2.2243 27.7404,2.1857 27.7085,2.1441 27.6804,2.1000 27.6562,2.0536 27.6362,2.0052 27.6204,1.9553 27.6091,1.9042 27.6023,1.8523 27.6000,1.8000 27.6023,1.7477 27.6091,1.6958 27.6204,1.6447 27.6362,1.5948 27.6562,1.5464 27.6804,1.5000 27.7085,1.4559 27.7404,1.4143 27.7757,1.3757 27.8143,1.3404 27.8559,1.3085 27.9000,1.2804 27.9464,1.2562 27.9948,1.2362 28.0447,1.2204 28.0958,1.2091 28.1477,1.2023 28.2000,1.2000 28.2523,1.2023 28.3042,1.2091 28.3553,1.2204 28.4052,1.2362 28.4536,1.2562 28.5000,1.2804 28.5441,1.3085 28.5857,1.3404 28.6243,1.3757 28.6596,1.4143 28.6915,1.4559 28.7196,1.5000 28.7438,1.5464 28.7638,1.5948 28.7796,1.6447 28.7909,1.6958 28.7977,1.7477 28.8000,1.8000;
ADD P5 :W0.000000  34.2000,1.8000 34.1977,1.8523 34.1909,1.9042 34.1796,1.9553 34.1638,2.0052 34.1438,2.0536 34.1196,2.1000 34.0915,2.1441 34.0596,2.1857 34.0243,2.2243 33.9857,2.2596 33.9441,2.2915 33.9000,2.3196 33.8536,2.3438 33.8052,2.3638 33.7553,2.3796 33.7042,2.3909 33.6523,2.3977 33.6000,2.4000 33.5477,2.3977 33.4958,2.3909 33.4447,2.3796 33.3948,2.3638 33.3464,2.3438 33.3000,2.3196 33.2559,2.2915 33.2143,2.2596 33.1757,2.2243 33.1404,2.1857 33.1085,2.1441 33.0804,2.1000 33.0562,2.0536 33.0362,2.0052 33.0204,1.9553 33.0091,1.9042 33.0023,1.8523 33.0000,1.8000 33.0023,1.7477 33.0091,1.6958 33.0204,1.6447 33.0362,1.5948 33.0562,1.5464 33.0804,1.5000 33.1085,1.4559 33.1404,1.4143 33.1757,1.3757 33.2143,1.3404 33.2559,1.3085 33.3000,1.2804 33.3464,1.2562 33.3948,1.2362 33.4447,1.2204 33.4958,1.2091 33.5477,1.2023 33.6000,1.2000 33.6523,1.2023 33.7042,1.2091 33.7553,1.2204 33.8052,1.2362 33.8536,1.2562 33.9000,1.2804 33.9441,1.3085 33.9857,1.3404 34.0243,1.3757 34.0596,1.4143 34.0915,1.4559 34.1196,1.5000 34.1438,1.5464 34.1638,1.5948 34.1796,1.6447 34.1909,1.6958 34.1977,1.7477 34.2000,1.8000;
ADD P5 :W0.000000  36.9000,1.8000 36.8977,1.8523 36.8909,1.9042 36.8796,1.9553 36.8638,2.0052 36.8438,2.0536 36.8196,2.1000 36.7915,2.1441 36.7596,2.1857 36.7243,2.2243 36.6857,2.2596 36.6441,2.2915 36.6000,2.3196 36.5536,2.3438 36.5052,2.3638 36.4553,2.3796 36.4042,2.3909 36.3523,2.3977 36.3000,2.4000 36.2477,2.3977 36.1958,2.3909 36.1447,2.3796 36.0948,2.3638 36.0464,2.3438 36.0000,2.3196 35.9559,2.2915 35.9143,2.2596 35.8757,2.2243 35.8404,2.1857 35.8085,2.1441 35.7804,2.1000 35.7562,2.0536 35.7362,2.0052 35.7204,1.9553 35.7091,1.9042 35.7023,1.8523 35.7000,1.8000 35.7023,1.7477 35.7091,1.6958 35.7204,1.6447 35.7362,1.5948 35.7562,1.5464 35.7804,1.5000 35.8085,1.4559 35.8404,1.4143 35.8757,1.3757 35.9143,1.3404 35.9559,1.3085 36.0000,1.2804 36.0464,1.2562 36.0948,1.2362 36.1447,1.2204 36.1958,1.2091 36.2477,1.2023 36.3000,1.2000 36.3523,1.2023 36.4042,1.2091 36.4553,1.2204 36.5052,1.2362 36.5536,1.2562 36.6000,1.2804 36.6441,1.3085 36.6857,1.3404 36.7243,1.3757 36.7596,1.4143 36.7915,1.4559 36.8196,1.5000 36.8438,1.5464 36.8638,1.5948 36.8796,1.6447 36.8909,1.6958 36.8977,1.7477 36.9000,1.8000;
ADD P5 :W0.000000  42.3000,1.8000 42.2977,1.8523 42.2909,1.9042 42.2796,1.9553 42.2638,2.0052 42.2438,2.0536 42.2196,2.1000 42.1915,2.1441 42.1596,2.1857 42.1243,2.2243 42.0857,2.2596 42.0441,2.2915 42.0000,2.3196 41.9536,2.3438 41.9052,2.3638 41.8553,2.3796 41.8042,2.3909 41.7523,2.3977 41.7000,2.4000 41.6477,2.3977 41.5958,2.3909 41.5447,2.3796 41.4948,2.3638 41.4464,2.3438 41.4000,2.3196 41.3559,2.2915 41.3143,2.2596 41.2757,2.2243 41.2404,2.1857 41.2085,2.1441 41.1804,2.1000 41.1562,2.0536 41.1362,2.0052 41.1204,1.9553 41.1091,1.9042 41.1023,1.8523 41.1000,1.8000 41.1023,1.7477 41.1091,1.6958 41.1204,1.6447 41.1362,1.5948 41.1562,1.5464 41.1804,1.5000 41.2085,1.4559 41.2404,1.4143 41.2757,1.3757 41.3143,1.3404 41.3559,1.3085 41.4000,1.2804 41.4464,1.2562 41.4948,1.2362 41.5447,1.2204 41.5958,1.2091 41.6477,1.2023 41.7000,1.2000 41.7523,1.2023 41.8042,1.2091 41.8553,1.2204 41.9052,1.2362 41.9536,1.2562 42.0000,1.2804 42.0441,1.3085 42.0857,1.3404 42.1243,1.3757 42.1596,1.4143 42.1915,1.4559 42.2196,1.5000 42.2438,1.5464 42.2638,1.5948 42.2796,1.6447 42.2909,1.6958 42.2977,1.7477 42.3000,1.8000;
ADD P5 :W0.000000  39.6000,1.8000 39.5977,1.8523 39.5909,1.9042 39.5796,1.9553 39.5638,2.0052 39.5438,2.0536 39.5196,2.1000 39.4915,2.1441 39.4596,2.1857 39.4243,2.2243 39.3857,2.2596 39.3441,2.2915 39.3000,2.3196 39.2536,2.3438 39.2052,2.3638 39.1553,2.3796 39.1042,2.3909 39.0523,2.3977 39.0000,2.4000 38.9477,2.3977 38.8958,2.3909 38.8447,2.3796 38.7948,2.3638 38.7464,2.3438 38.7000,2.3196 38.6559,2.2915 38.6143,2.2596 38.5757,2.2243 38.5404,2.1857 38.5085,2.1441 38.4804,2.1000 38.4562,2.0536 38.4362,2.0052 38.4204,1.9553 38.4091,1.9042 38.4023,1.8523 38.4000,1.8000 38.4023,1.7477 38.4091,1.6958 38.4204,1.6447 38.4362,1.5948 38.4562,1.5464 38.4804,1.5000 38.5085,1.4559 38.5404,1.4143 38.5757,1.3757 38.6143,1.3404 38.6559,1.3085 38.7000,1.2804 38.7464,1.2562 38.7948,1.2362 38.8447,1.2204 38.8958,1.2091 38.9477,1.2023 39.0000,1.2000 39.0523,1.2023 39.1042,1.2091 39.1553,1.2204 39.2052,1.2362 39.2536,1.2562 39.3000,1.2804 39.3441,1.3085 39.3857,1.3404 39.4243,1.3757 39.4596,1.4143 39.4915,1.4559 39.5196,1.5000 39.5438,1.5464 39.5638,1.5948 39.5796,1.6447 39.5909,1.6958 39.5977,1.7477 39.6000,1.8000;
ADD P5 :W0.000000  31.5000,1.8000 31.4977,1.8523 31.4909,1.9042 31.4796,1.9553 31.4638,2.0052 31.4438,2.0536 31.4196,2.1000 31.3915,2.1441 31.3596,2.1857 31.3243,2.2243 31.2857,2.2596 31.2441,2.2915 31.2000,2.3196 31.1536,2.3438 31.1052,2.3638 31.0553,2.3796 31.0042,2.3909 30.9523,2.3977 30.9000,2.4000 30.8477,2.3977 30.7958,2.3909 30.7447,2.3796 30.6948,2.3638 30.6464,2.3438 30.6000,2.3196 30.5559,2.2915 30.5143,2.2596 30.4757,2.2243 30.4404,2.1857 30.4085,2.1441 30.3804,2.1000 30.3562,2.0536 30.3362,2.0052 30.3204,1.9553 30.3091,1.9042 30.3023,1.8523 30.3000,1.8000 30.3023,1.7477 30.3091,1.6958 30.3204,1.6447 30.3362,1.5948 30.3562,1.5464 30.3804,1.5000 30.4085,1.4559 30.4404,1.4143 30.4757,1.3757 30.5143,1.3404 30.5559,1.3085 30.6000,1.2804 30.6464,1.2562 30.6948,1.2362 30.7447,1.2204 30.7958,1.2091 30.8477,1.2023 30.9000,1.2000 30.9523,1.2023 31.0042,1.2091 31.0553,1.2204 31.1052,1.2362 31.1536,1.2562 31.2000,1.2804 31.2441,1.3085 31.2857,1.3404 31.3243,1.3757 31.3596,1.4143 31.3915,1.4559 31.4196,1.5000 31.4438,1.5464 31.4638,1.5948 31.4796,1.6447 31.4909,1.6958 31.4977,1.7477 31.5000,1.8000;
ADD P5 :W0.000000  23.4000,1.8000 23.3977,1.8523 23.3909,1.9042 23.3796,1.9553 23.3638,2.0052 23.3438,2.0536 23.3196,2.1000 23.2915,2.1441 23.2596,2.1857 23.2243,2.2243 23.1857,2.2596 23.1441,2.2915 23.1000,2.3196 23.0536,2.3438 23.0052,2.3638 22.9553,2.3796 22.9042,2.3909 22.8523,2.3977 22.8000,2.4000 22.7477,2.3977 22.6958,2.3909 22.6447,2.3796 22.5948,2.3638 22.5464,2.3438 22.5000,2.3196 22.4559,2.2915 22.4143,2.2596 22.3757,2.2243 22.3404,2.1857 22.3085,2.1441 22.2804,2.1000 22.2562,2.0536 22.2362,2.0052 22.2204,1.9553 22.2091,1.9042 22.2023,1.8523 22.2000,1.8000 22.2023,1.7477 22.2091,1.6958 22.2204,1.6447 22.2362,1.5948 22.2562,1.5464 22.2804,1.5000 22.3085,1.4559 22.3404,1.4143 22.3757,1.3757 22.4143,1.3404 22.4559,1.3085 22.5000,1.2804 22.5464,1.2562 22.5948,1.2362 22.6447,1.2204 22.6958,1.2091 22.7477,1.2023 22.8000,1.2000 22.8523,1.2023 22.9042,1.2091 22.9553,1.2204 23.0052,1.2362 23.0536,1.2562 23.1000,1.2804 23.1441,1.3085 23.1857,1.3404 23.2243,1.3757 23.2596,1.4143 23.2915,1.4559 23.3196,1.5000 23.3438,1.5464 23.3638,1.5948 23.3796,1.6447 23.3909,1.6958 23.3977,1.7477 23.4000,1.8000;
ADD P5 :W0.000000  44.6000,4.5000 44.5977,4.5523 44.5909,4.6042 44.5796,4.6553 44.5638,4.7052 44.5438,4.7536 44.5196,4.8000 44.4915,4.8441 44.4596,4.8857 44.4243,4.9243 44.3857,4.9596 44.3441,4.9915 44.3000,5.0196 44.2536,5.0438 44.2052,5.0638 44.1553,5.0796 44.1042,5.0909 44.0523,5.0977 44.0000,5.1000 43.9477,5.0977 43.8958,5.0909 43.8447,5.0796 43.7948,5.0638 43.7464,5.0438 43.7000,5.0196 43.6559,4.9915 43.6143,4.9596 43.5757,4.9243 43.5404,4.8857 43.5085,4.8441 43.4804,4.8000 43.4562,4.7536 43.4362,4.7052 43.4204,4.6553 43.4091,4.6042 43.4023,4.5523 43.4000,4.5000 43.4023,4.4477 43.4091,4.3958 43.4204,4.3447 43.4362,4.2948 43.4562,4.2464 43.4804,4.2000 43.5085,4.1559 43.5404,4.1143 43.5757,4.0757 43.6143,4.0404 43.6559,4.0085 43.7000,3.9804 43.7464,3.9562 43.7948,3.9362 43.8447,3.9204 43.8958,3.9091 43.9477,3.9023 44.0000,3.9000 44.0523,3.9023 44.1042,3.9091 44.1553,3.9204 44.2052,3.9362 44.2536,3.9562 44.3000,3.9804 44.3441,4.0085 44.3857,4.0404 44.4243,4.0757 44.4596,4.1143 44.4915,4.1559 44.5196,4.2000 44.5438,4.2464 44.5638,4.2948 44.5796,4.3447 44.5909,4.3958 44.5977,4.4477 44.6000,4.5000;
ADD P5 :W0.000000  -0.9000,4.5000 -0.9023,4.5523 -0.9091,4.6042 -0.9204,4.6553 -0.9362,4.7052 -0.9562,4.7536 -0.9804,4.8000 -1.0085,4.8441 -1.0404,4.8857 -1.0757,4.9243 -1.1143,4.9596 -1.1559,4.9915 -1.2000,5.0196 -1.2464,5.0438 -1.2948,5.0638 -1.3447,5.0796 -1.3958,5.0909 -1.4477,5.0977 -1.5000,5.1000 -1.5523,5.0977 -1.6042,5.0909 -1.6553,5.0796 -1.7052,5.0638 -1.7536,5.0438 -1.8000,5.0196 -1.8441,4.9915 -1.8857,4.9596 -1.9243,4.9243 -1.9596,4.8857 -1.9915,4.8441 -2.0196,4.8000 -2.0438,4.7536 -2.0638,4.7052 -2.0796,4.6553 -2.0909,4.6042 -2.0977,4.5523 -2.1000,4.5000 -2.0977,4.4477 -2.0909,4.3958 -2.0796,4.3447 -2.0638,4.2948 -2.0438,4.2464 -2.0196,4.2000 -1.9915,4.1559 -1.9596,4.1143 -1.9243,4.0757 -1.8857,4.0404 -1.8441,4.0085 -1.8000,3.9804 -1.7536,3.9562 -1.7052,3.9362 -1.6553,3.9204 -1.6042,3.9091 -1.5523,3.9023 -1.5000,3.9000 -1.4477,3.9023 -1.3958,3.9091 -1.3447,3.9204 -1.2948,3.9362 -1.2464,3.9562 -1.2000,3.9804 -1.1559,4.0085 -1.1143,4.0404 -1.0757,4.0757 -1.0404,4.1143 -1.0085,4.1559 -0.9804,4.2000 -0.9562,4.2464 -0.9362,4.2948 -0.9204,4.3447 -0.9091,4.3958 -0.9023,4.4477 -0.9000,4.5000;
ADD P5 :W0.000000  -3.6000,4.5000 -3.6023,4.5523 -3.6091,4.6042 -3.6204,4.6553 -3.6362,4.7052 -3.6562,4.7536 -3.6804,4.8000 -3.7085,4.8441 -3.7404,4.8857 -3.7757,4.9243 -3.8143,4.9596 -3.8559,4.9915 -3.9000,5.0196 -3.9464,5.0438 -3.9948,5.0638 -4.0447,5.0796 -4.0958,5.0909 -4.1477,5.0977 -4.2000,5.1000 -4.2523,5.0977 -4.3042,5.0909 -4.3553,5.0796 -4.4052,5.0638 -4.4536,5.0438 -4.5000,5.0196 -4.5441,4.9915 -4.5857,4.9596 -4.6243,4.9243 -4.6596,4.8857 -4.6915,4.8441 -4.7196,4.8000 -4.7438,4.7536 -4.7638,4.7052 -4.7796,4.6553 -4.7909,4.6042 -4.7977,4.5523 -4.8000,4.5000 -4.7977,4.4477 -4.7909,4.3958 -4.7796,4.3447 -4.7638,4.2948 -4.7438,4.2464 -4.7196,4.2000 -4.6915,4.1559 -4.6596,4.1143 -4.6243,4.0757 -4.5857,4.0404 -4.5441,4.0085 -4.5000,3.9804 -4.4536,3.9562 -4.4052,3.9362 -4.3553,3.9204 -4.3042,3.9091 -4.2523,3.9023 -4.2000,3.9000 -4.1477,3.9023 -4.0958,3.9091 -4.0447,3.9204 -3.9948,3.9362 -3.9464,3.9562 -3.9000,3.9804 -3.8559,4.0085 -3.8143,4.0404 -3.7757,4.0757 -3.7404,4.1143 -3.7085,4.1559 -3.6804,4.2000 -3.6562,4.2464 -3.6362,4.2948 -3.6204,4.3447 -3.6091,4.3958 -3.6023,4.4477 -3.6000,4.5000;
ADD P5 :W0.000000  7.2000,4.5000 7.1977,4.5523 7.1909,4.6042 7.1796,4.6553 7.1638,4.7052 7.1438,4.7536 7.1196,4.8000 7.0915,4.8441 7.0596,4.8857 7.0243,4.9243 6.9857,4.9596 6.9441,4.9915 6.9000,5.0196 6.8536,5.0438 6.8052,5.0638 6.7553,5.0796 6.7042,5.0909 6.6523,5.0977 6.6000,5.1000 6.5477,5.0977 6.4958,5.0909 6.4447,5.0796 6.3948,5.0638 6.3464,5.0438 6.3000,5.0196 6.2559,4.9915 6.2143,4.9596 6.1757,4.9243 6.1404,4.8857 6.1085,4.8441 6.0804,4.8000 6.0562,4.7536 6.0362,4.7052 6.0204,4.6553 6.0091,4.6042 6.0023,4.5523 6.0000,4.5000 6.0023,4.4477 6.0091,4.3958 6.0204,4.3447 6.0362,4.2948 6.0562,4.2464 6.0804,4.2000 6.1085,4.1559 6.1404,4.1143 6.1757,4.0757 6.2143,4.0404 6.2559,4.0085 6.3000,3.9804 6.3464,3.9562 6.3948,3.9362 6.4447,3.9204 6.4958,3.9091 6.5477,3.9023 6.6000,3.9000 6.6523,3.9023 6.7042,3.9091 6.7553,3.9204 6.8052,3.9362 6.8536,3.9562 6.9000,3.9804 6.9441,4.0085 6.9857,4.0404 7.0243,4.0757 7.0596,4.1143 7.0915,4.1559 7.1196,4.2000 7.1438,4.2464 7.1638,4.2948 7.1796,4.3447 7.1909,4.3958 7.1977,4.4477 7.2000,4.5000;
ADD P5 :W0.000000  18.0000,4.5000 17.9977,4.5523 17.9909,4.6042 17.9796,4.6553 17.9638,4.7052 17.9438,4.7536 17.9196,4.8000 17.8915,4.8441 17.8596,4.8857 17.8243,4.9243 17.7857,4.9596 17.7441,4.9915 17.7000,5.0196 17.6536,5.0438 17.6052,5.0638 17.5553,5.0796 17.5042,5.0909 17.4523,5.0977 17.4000,5.1000 17.3477,5.0977 17.2958,5.0909 17.2447,5.0796 17.1948,5.0638 17.1464,5.0438 17.1000,5.0196 17.0559,4.9915 17.0143,4.9596 16.9757,4.9243 16.9404,4.8857 16.9085,4.8441 16.8804,4.8000 16.8562,4.7536 16.8362,4.7052 16.8204,4.6553 16.8091,4.6042 16.8023,4.5523 16.8000,4.5000 16.8023,4.4477 16.8091,4.3958 16.8204,4.3447 16.8362,4.2948 16.8562,4.2464 16.8804,4.2000 16.9085,4.1559 16.9404,4.1143 16.9757,4.0757 17.0143,4.0404 17.0559,4.0085 17.1000,3.9804 17.1464,3.9562 17.1948,3.9362 17.2447,3.9204 17.2958,3.9091 17.3477,3.9023 17.4000,3.9000 17.4523,3.9023 17.5042,3.9091 17.5553,3.9204 17.6052,3.9362 17.6536,3.9562 17.7000,3.9804 17.7441,4.0085 17.7857,4.0404 17.8243,4.0757 17.8596,4.1143 17.8915,4.1559 17.9196,4.2000 17.9438,4.2464 17.9638,4.2948 17.9796,4.3447 17.9909,4.3958 17.9977,4.4477 18.0000,4.5000;
ADD P5 :W0.000000  12.6000,4.5000 12.5977,4.5523 12.5909,4.6042 12.5796,4.6553 12.5638,4.7052 12.5438,4.7536 12.5196,4.8000 12.4915,4.8441 12.4596,4.8857 12.4243,4.9243 12.3857,4.9596 12.3441,4.9915 12.3000,5.0196 12.2536,5.0438 12.2052,5.0638 12.1553,5.0796 12.1042,5.0909 12.0523,5.0977 12.0000,5.1000 11.9477,5.0977 11.8958,5.0909 11.8447,5.0796 11.7948,5.0638 11.7464,5.0438 11.7000,5.0196 11.6559,4.9915 11.6143,4.9596 11.5757,4.9243 11.5404,4.8857 11.5085,4.8441 11.4804,4.8000 11.4562,4.7536 11.4362,4.7052 11.4204,4.6553 11.4091,4.6042 11.4023,4.5523 11.4000,4.5000 11.4023,4.4477 11.4091,4.3958 11.4204,4.3447 11.4362,4.2948 11.4562,4.2464 11.4804,4.2000 11.5085,4.1559 11.5404,4.1143 11.5757,4.0757 11.6143,4.0404 11.6559,4.0085 11.7000,3.9804 11.7464,3.9562 11.7948,3.9362 11.8447,3.9204 11.8958,3.9091 11.9477,3.9023 12.0000,3.9000 12.0523,3.9023 12.1042,3.9091 12.1553,3.9204 12.2052,3.9362 12.2536,3.9562 12.3000,3.9804 12.3441,4.0085 12.3857,4.0404 12.4243,4.0757 12.4596,4.1143 12.4915,4.1559 12.5196,4.2000 12.5438,4.2464 12.5638,4.2948 12.5796,4.3447 12.5909,4.3958 12.5977,4.4477 12.6000,4.5000;
ADD P5 :W0.000000  9.9000,4.5000 9.8977,4.5523 9.8909,4.6042 9.8796,4.6553 9.8638,4.7052 9.8438,4.7536 9.8196,4.8000 9.7915,4.8441 9.7596,4.8857 9.7243,4.9243 9.6857,4.9596 9.6441,4.9915 9.6000,5.0196 9.5536,5.0438 9.5052,5.0638 9.4553,5.0796 9.4042,5.0909 9.3523,5.0977 9.3000,5.1000 9.2477,5.0977 9.1958,5.0909 9.1447,5.0796 9.0948,5.0638 9.0464,5.0438 9.0000,5.0196 8.9559,4.9915 8.9143,4.9596 8.8757,4.9243 8.8404,4.8857 8.8085,4.8441 8.7804,4.8000 8.7562,4.7536 8.7362,4.7052 8.7204,4.6553 8.7091,4.6042 8.7023,4.5523 8.7000,4.5000 8.7023,4.4477 8.7091,4.3958 8.7204,4.3447 8.7362,4.2948 8.7562,4.2464 8.7804,4.2000 8.8085,4.1559 8.8404,4.1143 8.8757,4.0757 8.9143,4.0404 8.9559,4.0085 9.0000,3.9804 9.0464,3.9562 9.0948,3.9362 9.1447,3.9204 9.1958,3.9091 9.2477,3.9023 9.3000,3.9000 9.3523,3.9023 9.4042,3.9091 9.4553,3.9204 9.5052,3.9362 9.5536,3.9562 9.6000,3.9804 9.6441,4.0085 9.6857,4.0404 9.7243,4.0757 9.7596,4.1143 9.7915,4.1559 9.8196,4.2000 9.8438,4.2464 9.8638,4.2948 9.8796,4.3447 9.8909,4.3958 9.8977,4.4477 9.9000,4.5000;
ADD P5 :W0.000000  20.7000,4.5000 20.6977,4.5523 20.6909,4.6042 20.6796,4.6553 20.6638,4.7052 20.6438,4.7536 20.6196,4.8000 20.5915,4.8441 20.5596,4.8857 20.5243,4.9243 20.4857,4.9596 20.4441,4.9915 20.4000,5.0196 20.3536,5.0438 20.3052,5.0638 20.2553,5.0796 20.2042,5.0909 20.1523,5.0977 20.1000,5.1000 20.0477,5.0977 19.9958,5.0909 19.9447,5.0796 19.8948,5.0638 19.8464,5.0438 19.8000,5.0196 19.7559,4.9915 19.7143,4.9596 19.6757,4.9243 19.6404,4.8857 19.6085,4.8441 19.5804,4.8000 19.5562,4.7536 19.5362,4.7052 19.5204,4.6553 19.5091,4.6042 19.5023,4.5523 19.5000,4.5000 19.5023,4.4477 19.5091,4.3958 19.5204,4.3447 19.5362,4.2948 19.5562,4.2464 19.5804,4.2000 19.6085,4.1559 19.6404,4.1143 19.6757,4.0757 19.7143,4.0404 19.7559,4.0085 19.8000,3.9804 19.8464,3.9562 19.8948,3.9362 19.9447,3.9204 19.9958,3.9091 20.0477,3.9023 20.1000,3.9000 20.1523,3.9023 20.2042,3.9091 20.2553,3.9204 20.3052,3.9362 20.3536,3.9562 20.4000,3.9804 20.4441,4.0085 20.4857,4.0404 20.5243,4.0757 20.5596,4.1143 20.5915,4.1559 20.6196,4.2000 20.6438,4.2464 20.6638,4.2948 20.6796,4.3447 20.6909,4.3958 20.6977,4.4477 20.7000,4.5000;
ADD P5 :W0.000000  4.5000,4.5000 4.4977,4.5523 4.4909,4.6042 4.4796,4.6553 4.4638,4.7052 4.4438,4.7536 4.4196,4.8000 4.3915,4.8441 4.3596,4.8857 4.3243,4.9243 4.2857,4.9596 4.2441,4.9915 4.2000,5.0196 4.1536,5.0438 4.1052,5.0638 4.0553,5.0796 4.0042,5.0909 3.9523,5.0977 3.9000,5.1000 3.8477,5.0977 3.7958,5.0909 3.7447,5.0796 3.6948,5.0638 3.6464,5.0438 3.6000,5.0196 3.5559,4.9915 3.5143,4.9596 3.4757,4.9243 3.4404,4.8857 3.4085,4.8441 3.3804,4.8000 3.3562,4.7536 3.3362,4.7052 3.3204,4.6553 3.3091,4.6042 3.3023,4.5523 3.3000,4.5000 3.3023,4.4477 3.3091,4.3958 3.3204,4.3447 3.3362,4.2948 3.3562,4.2464 3.3804,4.2000 3.4085,4.1559 3.4404,4.1143 3.4757,4.0757 3.5143,4.0404 3.5559,4.0085 3.6000,3.9804 3.6464,3.9562 3.6948,3.9362 3.7447,3.9204 3.7958,3.9091 3.8477,3.9023 3.9000,3.9000 3.9523,3.9023 4.0042,3.9091 4.0553,3.9204 4.1052,3.9362 4.1536,3.9562 4.2000,3.9804 4.2441,4.0085 4.2857,4.0404 4.3243,4.0757 4.3596,4.1143 4.3915,4.1559 4.4196,4.2000 4.4438,4.2464 4.4638,4.2948 4.4796,4.3447 4.4909,4.3958 4.4977,4.4477 4.5000,4.5000;
ADD P5 :W0.000000  1.8000,4.5000 1.7977,4.5523 1.7909,4.6042 1.7796,4.6553 1.7638,4.7052 1.7438,4.7536 1.7196,4.8000 1.6915,4.8441 1.6596,4.8857 1.6243,4.9243 1.5857,4.9596 1.5441,4.9915 1.5000,5.0196 1.4536,5.0438 1.4052,5.0638 1.3553,5.0796 1.3042,5.0909 1.2523,5.0977 1.2000,5.1000 1.1477,5.0977 1.0958,5.0909 1.0447,5.0796 0.9948,5.0638 0.9464,5.0438 0.9000,5.0196 0.8559,4.9915 0.8143,4.9596 0.7757,4.9243 0.7404,4.8857 0.7085,4.8441 0.6804,4.8000 0.6562,4.7536 0.6362,4.7052 0.6204,4.6553 0.6091,4.6042 0.6023,4.5523 0.6000,4.5000 0.6023,4.4477 0.6091,4.3958 0.6204,4.3447 0.6362,4.2948 0.6562,4.2464 0.6804,4.2000 0.7085,4.1559 0.7404,4.1143 0.7757,4.0757 0.8143,4.0404 0.8559,4.0085 0.9000,3.9804 0.9464,3.9562 0.9948,3.9362 1.0447,3.9204 1.0958,3.9091 1.1477,3.9023 1.2000,3.9000 1.2523,3.9023 1.3042,3.9091 1.3553,3.9204 1.4052,3.9362 1.4536,3.9562 1.5000,3.9804 1.5441,4.0085 1.5857,4.0404 1.6243,4.0757 1.6596,4.1143 1.6915,4.1559 1.7196,4.2000 1.7438,4.2464 1.7638,4.2948 1.7796,4.3447 1.7909,4.3958 1.7977,4.4477 1.8000,4.5000;
ADD P5 :W0.000000  15.3000,4.5000 15.2977,4.5523 15.2909,4.6042 15.2796,4.6553 15.2638,4.7052 15.2438,4.7536 15.2196,4.8000 15.1915,4.8441 15.1596,4.8857 15.1243,4.9243 15.0857,4.9596 15.0441,4.9915 15.0000,5.0196 14.9536,5.0438 14.9052,5.0638 14.8553,5.0796 14.8042,5.0909 14.7523,5.0977 14.7000,5.1000 14.6477,5.0977 14.5958,5.0909 14.5447,5.0796 14.4948,5.0638 14.4464,5.0438 14.4000,5.0196 14.3559,4.9915 14.3143,4.9596 14.2757,4.9243 14.2404,4.8857 14.2085,4.8441 14.1804,4.8000 14.1562,4.7536 14.1362,4.7052 14.1204,4.6553 14.1091,4.6042 14.1023,4.5523 14.1000,4.5000 14.1023,4.4477 14.1091,4.3958 14.1204,4.3447 14.1362,4.2948 14.1562,4.2464 14.1804,4.2000 14.2085,4.1559 14.2404,4.1143 14.2757,4.0757 14.3143,4.0404 14.3559,4.0085 14.4000,3.9804 14.4464,3.9562 14.4948,3.9362 14.5447,3.9204 14.5958,3.9091 14.6477,3.9023 14.7000,3.9000 14.7523,3.9023 14.8042,3.9091 14.8553,3.9204 14.9052,3.9362 14.9536,3.9562 15.0000,3.9804 15.0441,4.0085 15.0857,4.0404 15.1243,4.0757 15.1596,4.1143 15.1915,4.1559 15.2196,4.2000 15.2438,4.2464 15.2638,4.2948 15.2796,4.3447 15.2909,4.3958 15.2977,4.4477 15.3000,4.5000;
ADD P5 :W0.000000  26.1000,4.5000 26.0977,4.5523 26.0909,4.6042 26.0796,4.6553 26.0638,4.7052 26.0438,4.7536 26.0196,4.8000 25.9915,4.8441 25.9596,4.8857 25.9243,4.9243 25.8857,4.9596 25.8441,4.9915 25.8000,5.0196 25.7536,5.0438 25.7052,5.0638 25.6553,5.0796 25.6042,5.0909 25.5523,5.0977 25.5000,5.1000 25.4477,5.0977 25.3958,5.0909 25.3447,5.0796 25.2948,5.0638 25.2464,5.0438 25.2000,5.0196 25.1559,4.9915 25.1143,4.9596 25.0757,4.9243 25.0404,4.8857 25.0085,4.8441 24.9804,4.8000 24.9562,4.7536 24.9362,4.7052 24.9204,4.6553 24.9091,4.6042 24.9023,4.5523 24.9000,4.5000 24.9023,4.4477 24.9091,4.3958 24.9204,4.3447 24.9362,4.2948 24.9562,4.2464 24.9804,4.2000 25.0085,4.1559 25.0404,4.1143 25.0757,4.0757 25.1143,4.0404 25.1559,4.0085 25.2000,3.9804 25.2464,3.9562 25.2948,3.9362 25.3447,3.9204 25.3958,3.9091 25.4477,3.9023 25.5000,3.9000 25.5523,3.9023 25.6042,3.9091 25.6553,3.9204 25.7052,3.9362 25.7536,3.9562 25.8000,3.9804 25.8441,4.0085 25.8857,4.0404 25.9243,4.0757 25.9596,4.1143 25.9915,4.1559 26.0196,4.2000 26.0438,4.2464 26.0638,4.2948 26.0796,4.3447 26.0909,4.3958 26.0977,4.4477 26.1000,4.5000;
ADD P5 :W0.000000  28.8000,4.5000 28.7977,4.5523 28.7909,4.6042 28.7796,4.6553 28.7638,4.7052 28.7438,4.7536 28.7196,4.8000 28.6915,4.8441 28.6596,4.8857 28.6243,4.9243 28.5857,4.9596 28.5441,4.9915 28.5000,5.0196 28.4536,5.0438 28.4052,5.0638 28.3553,5.0796 28.3042,5.0909 28.2523,5.0977 28.2000,5.1000 28.1477,5.0977 28.0958,5.0909 28.0447,5.0796 27.9948,5.0638 27.9464,5.0438 27.9000,5.0196 27.8559,4.9915 27.8143,4.9596 27.7757,4.9243 27.7404,4.8857 27.7085,4.8441 27.6804,4.8000 27.6562,4.7536 27.6362,4.7052 27.6204,4.6553 27.6091,4.6042 27.6023,4.5523 27.6000,4.5000 27.6023,4.4477 27.6091,4.3958 27.6204,4.3447 27.6362,4.2948 27.6562,4.2464 27.6804,4.2000 27.7085,4.1559 27.7404,4.1143 27.7757,4.0757 27.8143,4.0404 27.8559,4.0085 27.9000,3.9804 27.9464,3.9562 27.9948,3.9362 28.0447,3.9204 28.0958,3.9091 28.1477,3.9023 28.2000,3.9000 28.2523,3.9023 28.3042,3.9091 28.3553,3.9204 28.4052,3.9362 28.4536,3.9562 28.5000,3.9804 28.5441,4.0085 28.5857,4.0404 28.6243,4.0757 28.6596,4.1143 28.6915,4.1559 28.7196,4.2000 28.7438,4.2464 28.7638,4.2948 28.7796,4.3447 28.7909,4.3958 28.7977,4.4477 28.8000,4.5000;
ADD P5 :W0.000000  34.2000,4.5000 34.1977,4.5523 34.1909,4.6042 34.1796,4.6553 34.1638,4.7052 34.1438,4.7536 34.1196,4.8000 34.0915,4.8441 34.0596,4.8857 34.0243,4.9243 33.9857,4.9596 33.9441,4.9915 33.9000,5.0196 33.8536,5.0438 33.8052,5.0638 33.7553,5.0796 33.7042,5.0909 33.6523,5.0977 33.6000,5.1000 33.5477,5.0977 33.4958,5.0909 33.4447,5.0796 33.3948,5.0638 33.3464,5.0438 33.3000,5.0196 33.2559,4.9915 33.2143,4.9596 33.1757,4.9243 33.1404,4.8857 33.1085,4.8441 33.0804,4.8000 33.0562,4.7536 33.0362,4.7052 33.0204,4.6553 33.0091,4.6042 33.0023,4.5523 33.0000,4.5000 33.0023,4.4477 33.0091,4.3958 33.0204,4.3447 33.0362,4.2948 33.0562,4.2464 33.0804,4.2000 33.1085,4.1559 33.1404,4.1143 33.1757,4.0757 33.2143,4.0404 33.2559,4.0085 33.3000,3.9804 33.3464,3.9562 33.3948,3.9362 33.4447,3.9204 33.4958,3.9091 33.5477,3.9023 33.6000,3.9000 33.6523,3.9023 33.7042,3.9091 33.7553,3.9204 33.8052,3.9362 33.8536,3.9562 33.9000,3.9804 33.9441,4.0085 33.9857,4.0404 34.0243,4.0757 34.0596,4.1143 34.0915,4.1559 34.1196,4.2000 34.1438,4.2464 34.1638,4.2948 34.1796,4.3447 34.1909,4.3958 34.1977,4.4477 34.2000,4.5000;
ADD P5 :W0.000000  36.9000,4.5000 36.8977,4.5523 36.8909,4.6042 36.8796,4.6553 36.8638,4.7052 36.8438,4.7536 36.8196,4.8000 36.7915,4.8441 36.7596,4.8857 36.7243,4.9243 36.6857,4.9596 36.6441,4.9915 36.6000,5.0196 36.5536,5.0438 36.5052,5.0638 36.4553,5.0796 36.4042,5.0909 36.3523,5.0977 36.3000,5.1000 36.2477,5.0977 36.1958,5.0909 36.1447,5.0796 36.0948,5.0638 36.0464,5.0438 36.0000,5.0196 35.9559,4.9915 35.9143,4.9596 35.8757,4.9243 35.8404,4.8857 35.8085,4.8441 35.7804,4.8000 35.7562,4.7536 35.7362,4.7052 35.7204,4.6553 35.7091,4.6042 35.7023,4.5523 35.7000,4.5000 35.7023,4.4477 35.7091,4.3958 35.7204,4.3447 35.7362,4.2948 35.7562,4.2464 35.7804,4.2000 35.8085,4.1559 35.8404,4.1143 35.8757,4.0757 35.9143,4.0404 35.9559,4.0085 36.0000,3.9804 36.0464,3.9562 36.0948,3.9362 36.1447,3.9204 36.1958,3.9091 36.2477,3.9023 36.3000,3.9000 36.3523,3.9023 36.4042,3.9091 36.4553,3.9204 36.5052,3.9362 36.5536,3.9562 36.6000,3.9804 36.6441,4.0085 36.6857,4.0404 36.7243,4.0757 36.7596,4.1143 36.7915,4.1559 36.8196,4.2000 36.8438,4.2464 36.8638,4.2948 36.8796,4.3447 36.8909,4.3958 36.8977,4.4477 36.9000,4.5000;
ADD P5 :W0.000000  42.3000,4.5000 42.2977,4.5523 42.2909,4.6042 42.2796,4.6553 42.2638,4.7052 42.2438,4.7536 42.2196,4.8000 42.1915,4.8441 42.1596,4.8857 42.1243,4.9243 42.0857,4.9596 42.0441,4.9915 42.0000,5.0196 41.9536,5.0438 41.9052,5.0638 41.8553,5.0796 41.8042,5.0909 41.7523,5.0977 41.7000,5.1000 41.6477,5.0977 41.5958,5.0909 41.5447,5.0796 41.4948,5.0638 41.4464,5.0438 41.4000,5.0196 41.3559,4.9915 41.3143,4.9596 41.2757,4.9243 41.2404,4.8857 41.2085,4.8441 41.1804,4.8000 41.1562,4.7536 41.1362,4.7052 41.1204,4.6553 41.1091,4.6042 41.1023,4.5523 41.1000,4.5000 41.1023,4.4477 41.1091,4.3958 41.1204,4.3447 41.1362,4.2948 41.1562,4.2464 41.1804,4.2000 41.2085,4.1559 41.2404,4.1143 41.2757,4.0757 41.3143,4.0404 41.3559,4.0085 41.4000,3.9804 41.4464,3.9562 41.4948,3.9362 41.5447,3.9204 41.5958,3.9091 41.6477,3.9023 41.7000,3.9000 41.7523,3.9023 41.8042,3.9091 41.8553,3.9204 41.9052,3.9362 41.9536,3.9562 42.0000,3.9804 42.0441,4.0085 42.0857,4.0404 42.1243,4.0757 42.1596,4.1143 42.1915,4.1559 42.2196,4.2000 42.2438,4.2464 42.2638,4.2948 42.2796,4.3447 42.2909,4.3958 42.2977,4.4477 42.3000,4.5000;
ADD P5 :W0.000000  39.6000,4.5000 39.5977,4.5523 39.5909,4.6042 39.5796,4.6553 39.5638,4.7052 39.5438,4.7536 39.5196,4.8000 39.4915,4.8441 39.4596,4.8857 39.4243,4.9243 39.3857,4.9596 39.3441,4.9915 39.3000,5.0196 39.2536,5.0438 39.2052,5.0638 39.1553,5.0796 39.1042,5.0909 39.0523,5.0977 39.0000,5.1000 38.9477,5.0977 38.8958,5.0909 38.8447,5.0796 38.7948,5.0638 38.7464,5.0438 38.7000,5.0196 38.6559,4.9915 38.6143,4.9596 38.5757,4.9243 38.5404,4.8857 38.5085,4.8441 38.4804,4.8000 38.4562,4.7536 38.4362,4.7052 38.4204,4.6553 38.4091,4.6042 38.4023,4.5523 38.4000,4.5000 38.4023,4.4477 38.4091,4.3958 38.4204,4.3447 38.4362,4.2948 38.4562,4.2464 38.4804,4.2000 38.5085,4.1559 38.5404,4.1143 38.5757,4.0757 38.6143,4.0404 38.6559,4.0085 38.7000,3.9804 38.7464,3.9562 38.7948,3.9362 38.8447,3.9204 38.8958,3.9091 38.9477,3.9023 39.0000,3.9000 39.0523,3.9023 39.1042,3.9091 39.1553,3.9204 39.2052,3.9362 39.2536,3.9562 39.3000,3.9804 39.3441,4.0085 39.3857,4.0404 39.4243,4.0757 39.4596,4.1143 39.4915,4.1559 39.5196,4.2000 39.5438,4.2464 39.5638,4.2948 39.5796,4.3447 39.5909,4.3958 39.5977,4.4477 39.6000,4.5000;
ADD P5 :W0.000000  31.5000,4.5000 31.4977,4.5523 31.4909,4.6042 31.4796,4.6553 31.4638,4.7052 31.4438,4.7536 31.4196,4.8000 31.3915,4.8441 31.3596,4.8857 31.3243,4.9243 31.2857,4.9596 31.2441,4.9915 31.2000,5.0196 31.1536,5.0438 31.1052,5.0638 31.0553,5.0796 31.0042,5.0909 30.9523,5.0977 30.9000,5.1000 30.8477,5.0977 30.7958,5.0909 30.7447,5.0796 30.6948,5.0638 30.6464,5.0438 30.6000,5.0196 30.5559,4.9915 30.5143,4.9596 30.4757,4.9243 30.4404,4.8857 30.4085,4.8441 30.3804,4.8000 30.3562,4.7536 30.3362,4.7052 30.3204,4.6553 30.3091,4.6042 30.3023,4.5523 30.3000,4.5000 30.3023,4.4477 30.3091,4.3958 30.3204,4.3447 30.3362,4.2948 30.3562,4.2464 30.3804,4.2000 30.4085,4.1559 30.4404,4.1143 30.4757,4.0757 30.5143,4.0404 30.5559,4.0085 30.6000,3.9804 30.6464,3.9562 30.6948,3.9362 30.7447,3.9204 30.7958,3.9091 30.8477,3.9023 30.9000,3.9000 30.9523,3.9023 31.0042,3.9091 31.0553,3.9204 31.1052,3.9362 31.1536,3.9562 31.2000,3.9804 31.2441,4.0085 31.2857,4.0404 31.3243,4.0757 31.3596,4.1143 31.3915,4.1559 31.4196,4.2000 31.4438,4.2464 31.4638,4.2948 31.4796,4.3447 31.4909,4.3958 31.4977,4.4477 31.5000,4.5000;
ADD P5 :W0.000000  23.4000,4.5000 23.3977,4.5523 23.3909,4.6042 23.3796,4.6553 23.3638,4.7052 23.3438,4.7536 23.3196,4.8000 23.2915,4.8441 23.2596,4.8857 23.2243,4.9243 23.1857,4.9596 23.1441,4.9915 23.1000,5.0196 23.0536,5.0438 23.0052,5.0638 22.9553,5.0796 22.9042,5.0909 22.8523,5.0977 22.8000,5.1000 22.7477,5.0977 22.6958,5.0909 22.6447,5.0796 22.5948,5.0638 22.5464,5.0438 22.5000,5.0196 22.4559,4.9915 22.4143,4.9596 22.3757,4.9243 22.3404,4.8857 22.3085,4.8441 22.2804,4.8000 22.2562,4.7536 22.2362,4.7052 22.2204,4.6553 22.2091,4.6042 22.2023,4.5523 22.2000,4.5000 22.2023,4.4477 22.2091,4.3958 22.2204,4.3447 22.2362,4.2948 22.2562,4.2464 22.2804,4.2000 22.3085,4.1559 22.3404,4.1143 22.3757,4.0757 22.4143,4.0404 22.4559,4.0085 22.5000,3.9804 22.5464,3.9562 22.5948,3.9362 22.6447,3.9204 22.6958,3.9091 22.7477,3.9023 22.8000,3.9000 22.8523,3.9023 22.9042,3.9091 22.9553,3.9204 23.0052,3.9362 23.0536,3.9562 23.1000,3.9804 23.1441,4.0085 23.1857,4.0404 23.2243,4.0757 23.2596,4.1143 23.2915,4.1559 23.3196,4.2000 23.3438,4.2464 23.3638,4.2948 23.3796,4.3447 23.3909,4.3958 23.3977,4.4477 23.4000,4.5000;
ADD P5 :W0.000000  44.6000,7.2000 44.5977,7.2523 44.5909,7.3042 44.5796,7.3553 44.5638,7.4052 44.5438,7.4536 44.5196,7.5000 44.4915,7.5441 44.4596,7.5857 44.4243,7.6243 44.3857,7.6596 44.3441,7.6915 44.3000,7.7196 44.2536,7.7438 44.2052,7.7638 44.1553,7.7796 44.1042,7.7909 44.0523,7.7977 44.0000,7.8000 43.9477,7.7977 43.8958,7.7909 43.8447,7.7796 43.7948,7.7638 43.7464,7.7438 43.7000,7.7196 43.6559,7.6915 43.6143,7.6596 43.5757,7.6243 43.5404,7.5857 43.5085,7.5441 43.4804,7.5000 43.4562,7.4536 43.4362,7.4052 43.4204,7.3553 43.4091,7.3042 43.4023,7.2523 43.4000,7.2000 43.4023,7.1477 43.4091,7.0958 43.4204,7.0447 43.4362,6.9948 43.4562,6.9464 43.4804,6.9000 43.5085,6.8559 43.5404,6.8143 43.5757,6.7757 43.6143,6.7404 43.6559,6.7085 43.7000,6.6804 43.7464,6.6562 43.7948,6.6362 43.8447,6.6204 43.8958,6.6091 43.9477,6.6023 44.0000,6.6000 44.0523,6.6023 44.1042,6.6091 44.1553,6.6204 44.2052,6.6362 44.2536,6.6562 44.3000,6.6804 44.3441,6.7085 44.3857,6.7404 44.4243,6.7757 44.4596,6.8143 44.4915,6.8559 44.5196,6.9000 44.5438,6.9464 44.5638,6.9948 44.5796,7.0447 44.5909,7.0958 44.5977,7.1477 44.6000,7.2000;
ADD P5 :W0.000000  -0.9000,7.2000 -0.9023,7.2523 -0.9091,7.3042 -0.9204,7.3553 -0.9362,7.4052 -0.9562,7.4536 -0.9804,7.5000 -1.0085,7.5441 -1.0404,7.5857 -1.0757,7.6243 -1.1143,7.6596 -1.1559,7.6915 -1.2000,7.7196 -1.2464,7.7438 -1.2948,7.7638 -1.3447,7.7796 -1.3958,7.7909 -1.4477,7.7977 -1.5000,7.8000 -1.5523,7.7977 -1.6042,7.7909 -1.6553,7.7796 -1.7052,7.7638 -1.7536,7.7438 -1.8000,7.7196 -1.8441,7.6915 -1.8857,7.6596 -1.9243,7.6243 -1.9596,7.5857 -1.9915,7.5441 -2.0196,7.5000 -2.0438,7.4536 -2.0638,7.4052 -2.0796,7.3553 -2.0909,7.3042 -2.0977,7.2523 -2.1000,7.2000 -2.0977,7.1477 -2.0909,7.0958 -2.0796,7.0447 -2.0638,6.9948 -2.0438,6.9464 -2.0196,6.9000 -1.9915,6.8559 -1.9596,6.8143 -1.9243,6.7757 -1.8857,6.7404 -1.8441,6.7085 -1.8000,6.6804 -1.7536,6.6562 -1.7052,6.6362 -1.6553,6.6204 -1.6042,6.6091 -1.5523,6.6023 -1.5000,6.6000 -1.4477,6.6023 -1.3958,6.6091 -1.3447,6.6204 -1.2948,6.6362 -1.2464,6.6562 -1.2000,6.6804 -1.1559,6.7085 -1.1143,6.7404 -1.0757,6.7757 -1.0404,6.8143 -1.0085,6.8559 -0.9804,6.9000 -0.9562,6.9464 -0.9362,6.9948 -0.9204,7.0447 -0.9091,7.0958 -0.9023,7.1477 -0.9000,7.2000;
ADD P5 :W0.000000  -3.6000,7.2000 -3.6023,7.2523 -3.6091,7.3042 -3.6204,7.3553 -3.6362,7.4052 -3.6562,7.4536 -3.6804,7.5000 -3.7085,7.5441 -3.7404,7.5857 -3.7757,7.6243 -3.8143,7.6596 -3.8559,7.6915 -3.9000,7.7196 -3.9464,7.7438 -3.9948,7.7638 -4.0447,7.7796 -4.0958,7.7909 -4.1477,7.7977 -4.2000,7.8000 -4.2523,7.7977 -4.3042,7.7909 -4.3553,7.7796 -4.4052,7.7638 -4.4536,7.7438 -4.5000,7.7196 -4.5441,7.6915 -4.5857,7.6596 -4.6243,7.6243 -4.6596,7.5857 -4.6915,7.5441 -4.7196,7.5000 -4.7438,7.4536 -4.7638,7.4052 -4.7796,7.3553 -4.7909,7.3042 -4.7977,7.2523 -4.8000,7.2000 -4.7977,7.1477 -4.7909,7.0958 -4.7796,7.0447 -4.7638,6.9948 -4.7438,6.9464 -4.7196,6.9000 -4.6915,6.8559 -4.6596,6.8143 -4.6243,6.7757 -4.5857,6.7404 -4.5441,6.7085 -4.5000,6.6804 -4.4536,6.6562 -4.4052,6.6362 -4.3553,6.6204 -4.3042,6.6091 -4.2523,6.6023 -4.2000,6.6000 -4.1477,6.6023 -4.0958,6.6091 -4.0447,6.6204 -3.9948,6.6362 -3.9464,6.6562 -3.9000,6.6804 -3.8559,6.7085 -3.8143,6.7404 -3.7757,6.7757 -3.7404,6.8143 -3.7085,6.8559 -3.6804,6.9000 -3.6562,6.9464 -3.6362,6.9948 -3.6204,7.0447 -3.6091,7.0958 -3.6023,7.1477 -3.6000,7.2000;
ADD P5 :W0.000000  7.2000,7.2000 7.1977,7.2523 7.1909,7.3042 7.1796,7.3553 7.1638,7.4052 7.1438,7.4536 7.1196,7.5000 7.0915,7.5441 7.0596,7.5857 7.0243,7.6243 6.9857,7.6596 6.9441,7.6915 6.9000,7.7196 6.8536,7.7438 6.8052,7.7638 6.7553,7.7796 6.7042,7.7909 6.6523,7.7977 6.6000,7.8000 6.5477,7.7977 6.4958,7.7909 6.4447,7.7796 6.3948,7.7638 6.3464,7.7438 6.3000,7.7196 6.2559,7.6915 6.2143,7.6596 6.1757,7.6243 6.1404,7.5857 6.1085,7.5441 6.0804,7.5000 6.0562,7.4536 6.0362,7.4052 6.0204,7.3553 6.0091,7.3042 6.0023,7.2523 6.0000,7.2000 6.0023,7.1477 6.0091,7.0958 6.0204,7.0447 6.0362,6.9948 6.0562,6.9464 6.0804,6.9000 6.1085,6.8559 6.1404,6.8143 6.1757,6.7757 6.2143,6.7404 6.2559,6.7085 6.3000,6.6804 6.3464,6.6562 6.3948,6.6362 6.4447,6.6204 6.4958,6.6091 6.5477,6.6023 6.6000,6.6000 6.6523,6.6023 6.7042,6.6091 6.7553,6.6204 6.8052,6.6362 6.8536,6.6562 6.9000,6.6804 6.9441,6.7085 6.9857,6.7404 7.0243,6.7757 7.0596,6.8143 7.0915,6.8559 7.1196,6.9000 7.1438,6.9464 7.1638,6.9948 7.1796,7.0447 7.1909,7.0958 7.1977,7.1477 7.2000,7.2000;
ADD P5 :W0.000000  18.0000,7.2000 17.9977,7.2523 17.9909,7.3042 17.9796,7.3553 17.9638,7.4052 17.9438,7.4536 17.9196,7.5000 17.8915,7.5441 17.8596,7.5857 17.8243,7.6243 17.7857,7.6596 17.7441,7.6915 17.7000,7.7196 17.6536,7.7438 17.6052,7.7638 17.5553,7.7796 17.5042,7.7909 17.4523,7.7977 17.4000,7.8000 17.3477,7.7977 17.2958,7.7909 17.2447,7.7796 17.1948,7.7638 17.1464,7.7438 17.1000,7.7196 17.0559,7.6915 17.0143,7.6596 16.9757,7.6243 16.9404,7.5857 16.9085,7.5441 16.8804,7.5000 16.8562,7.4536 16.8362,7.4052 16.8204,7.3553 16.8091,7.3042 16.8023,7.2523 16.8000,7.2000 16.8023,7.1477 16.8091,7.0958 16.8204,7.0447 16.8362,6.9948 16.8562,6.9464 16.8804,6.9000 16.9085,6.8559 16.9404,6.8143 16.9757,6.7757 17.0143,6.7404 17.0559,6.7085 17.1000,6.6804 17.1464,6.6562 17.1948,6.6362 17.2447,6.6204 17.2958,6.6091 17.3477,6.6023 17.4000,6.6000 17.4523,6.6023 17.5042,6.6091 17.5553,6.6204 17.6052,6.6362 17.6536,6.6562 17.7000,6.6804 17.7441,6.7085 17.7857,6.7404 17.8243,6.7757 17.8596,6.8143 17.8915,6.8559 17.9196,6.9000 17.9438,6.9464 17.9638,6.9948 17.9796,7.0447 17.9909,7.0958 17.9977,7.1477 18.0000,7.2000;
ADD P5 :W0.000000  12.6000,7.2000 12.5977,7.2523 12.5909,7.3042 12.5796,7.3553 12.5638,7.4052 12.5438,7.4536 12.5196,7.5000 12.4915,7.5441 12.4596,7.5857 12.4243,7.6243 12.3857,7.6596 12.3441,7.6915 12.3000,7.7196 12.2536,7.7438 12.2052,7.7638 12.1553,7.7796 12.1042,7.7909 12.0523,7.7977 12.0000,7.8000 11.9477,7.7977 11.8958,7.7909 11.8447,7.7796 11.7948,7.7638 11.7464,7.7438 11.7000,7.7196 11.6559,7.6915 11.6143,7.6596 11.5757,7.6243 11.5404,7.5857 11.5085,7.5441 11.4804,7.5000 11.4562,7.4536 11.4362,7.4052 11.4204,7.3553 11.4091,7.3042 11.4023,7.2523 11.4000,7.2000 11.4023,7.1477 11.4091,7.0958 11.4204,7.0447 11.4362,6.9948 11.4562,6.9464 11.4804,6.9000 11.5085,6.8559 11.5404,6.8143 11.5757,6.7757 11.6143,6.7404 11.6559,6.7085 11.7000,6.6804 11.7464,6.6562 11.7948,6.6362 11.8447,6.6204 11.8958,6.6091 11.9477,6.6023 12.0000,6.6000 12.0523,6.6023 12.1042,6.6091 12.1553,6.6204 12.2052,6.6362 12.2536,6.6562 12.3000,6.6804 12.3441,6.7085 12.3857,6.7404 12.4243,6.7757 12.4596,6.8143 12.4915,6.8559 12.5196,6.9000 12.5438,6.9464 12.5638,6.9948 12.5796,7.0447 12.5909,7.0958 12.5977,7.1477 12.6000,7.2000;
ADD P5 :W0.000000  9.9000,7.2000 9.8977,7.2523 9.8909,7.3042 9.8796,7.3553 9.8638,7.4052 9.8438,7.4536 9.8196,7.5000 9.7915,7.5441 9.7596,7.5857 9.7243,7.6243 9.6857,7.6596 9.6441,7.6915 9.6000,7.7196 9.5536,7.7438 9.5052,7.7638 9.4553,7.7796 9.4042,7.7909 9.3523,7.7977 9.3000,7.8000 9.2477,7.7977 9.1958,7.7909 9.1447,7.7796 9.0948,7.7638 9.0464,7.7438 9.0000,7.7196 8.9559,7.6915 8.9143,7.6596 8.8757,7.6243 8.8404,7.5857 8.8085,7.5441 8.7804,7.5000 8.7562,7.4536 8.7362,7.4052 8.7204,7.3553 8.7091,7.3042 8.7023,7.2523 8.7000,7.2000 8.7023,7.1477 8.7091,7.0958 8.7204,7.0447 8.7362,6.9948 8.7562,6.9464 8.7804,6.9000 8.8085,6.8559 8.8404,6.8143 8.8757,6.7757 8.9143,6.7404 8.9559,6.7085 9.0000,6.6804 9.0464,6.6562 9.0948,6.6362 9.1447,6.6204 9.1958,6.6091 9.2477,6.6023 9.3000,6.6000 9.3523,6.6023 9.4042,6.6091 9.4553,6.6204 9.5052,6.6362 9.5536,6.6562 9.6000,6.6804 9.6441,6.7085 9.6857,6.7404 9.7243,6.7757 9.7596,6.8143 9.7915,6.8559 9.8196,6.9000 9.8438,6.9464 9.8638,6.9948 9.8796,7.0447 9.8909,7.0958 9.8977,7.1477 9.9000,7.2000;
ADD P5 :W0.000000  20.7000,7.2000 20.6977,7.2523 20.6909,7.3042 20.6796,7.3553 20.6638,7.4052 20.6438,7.4536 20.6196,7.5000 20.5915,7.5441 20.5596,7.5857 20.5243,7.6243 20.4857,7.6596 20.4441,7.6915 20.4000,7.7196 20.3536,7.7438 20.3052,7.7638 20.2553,7.7796 20.2042,7.7909 20.1523,7.7977 20.1000,7.8000 20.0477,7.7977 19.9958,7.7909 19.9447,7.7796 19.8948,7.7638 19.8464,7.7438 19.8000,7.7196 19.7559,7.6915 19.7143,7.6596 19.6757,7.6243 19.6404,7.5857 19.6085,7.5441 19.5804,7.5000 19.5562,7.4536 19.5362,7.4052 19.5204,7.3553 19.5091,7.3042 19.5023,7.2523 19.5000,7.2000 19.5023,7.1477 19.5091,7.0958 19.5204,7.0447 19.5362,6.9948 19.5562,6.9464 19.5804,6.9000 19.6085,6.8559 19.6404,6.8143 19.6757,6.7757 19.7143,6.7404 19.7559,6.7085 19.8000,6.6804 19.8464,6.6562 19.8948,6.6362 19.9447,6.6204 19.9958,6.6091 20.0477,6.6023 20.1000,6.6000 20.1523,6.6023 20.2042,6.6091 20.2553,6.6204 20.3052,6.6362 20.3536,6.6562 20.4000,6.6804 20.4441,6.7085 20.4857,6.7404 20.5243,6.7757 20.5596,6.8143 20.5915,6.8559 20.6196,6.9000 20.6438,6.9464 20.6638,6.9948 20.6796,7.0447 20.6909,7.0958 20.6977,7.1477 20.7000,7.2000;
ADD P5 :W0.000000  4.5000,7.2000 4.4977,7.2523 4.4909,7.3042 4.4796,7.3553 4.4638,7.4052 4.4438,7.4536 4.4196,7.5000 4.3915,7.5441 4.3596,7.5857 4.3243,7.6243 4.2857,7.6596 4.2441,7.6915 4.2000,7.7196 4.1536,7.7438 4.1052,7.7638 4.0553,7.7796 4.0042,7.7909 3.9523,7.7977 3.9000,7.8000 3.8477,7.7977 3.7958,7.7909 3.7447,7.7796 3.6948,7.7638 3.6464,7.7438 3.6000,7.7196 3.5559,7.6915 3.5143,7.6596 3.4757,7.6243 3.4404,7.5857 3.4085,7.5441 3.3804,7.5000 3.3562,7.4536 3.3362,7.4052 3.3204,7.3553 3.3091,7.3042 3.3023,7.2523 3.3000,7.2000 3.3023,7.1477 3.3091,7.0958 3.3204,7.0447 3.3362,6.9948 3.3562,6.9464 3.3804,6.9000 3.4085,6.8559 3.4404,6.8143 3.4757,6.7757 3.5143,6.7404 3.5559,6.7085 3.6000,6.6804 3.6464,6.6562 3.6948,6.6362 3.7447,6.6204 3.7958,6.6091 3.8477,6.6023 3.9000,6.6000 3.9523,6.6023 4.0042,6.6091 4.0553,6.6204 4.1052,6.6362 4.1536,6.6562 4.2000,6.6804 4.2441,6.7085 4.2857,6.7404 4.3243,6.7757 4.3596,6.8143 4.3915,6.8559 4.4196,6.9000 4.4438,6.9464 4.4638,6.9948 4.4796,7.0447 4.4909,7.0958 4.4977,7.1477 4.5000,7.2000;
ADD P5 :W0.000000  1.8000,7.2000 1.7977,7.2523 1.7909,7.3042 1.7796,7.3553 1.7638,7.4052 1.7438,7.4536 1.7196,7.5000 1.6915,7.5441 1.6596,7.5857 1.6243,7.6243 1.5857,7.6596 1.5441,7.6915 1.5000,7.7196 1.4536,7.7438 1.4052,7.7638 1.3553,7.7796 1.3042,7.7909 1.2523,7.7977 1.2000,7.8000 1.1477,7.7977 1.0958,7.7909 1.0447,7.7796 0.9948,7.7638 0.9464,7.7438 0.9000,7.7196 0.8559,7.6915 0.8143,7.6596 0.7757,7.6243 0.7404,7.5857 0.7085,7.5441 0.6804,7.5000 0.6562,7.4536 0.6362,7.4052 0.6204,7.3553 0.6091,7.3042 0.6023,7.2523 0.6000,7.2000 0.6023,7.1477 0.6091,7.0958 0.6204,7.0447 0.6362,6.9948 0.6562,6.9464 0.6804,6.9000 0.7085,6.8559 0.7404,6.8143 0.7757,6.7757 0.8143,6.7404 0.8559,6.7085 0.9000,6.6804 0.9464,6.6562 0.9948,6.6362 1.0447,6.6204 1.0958,6.6091 1.1477,6.6023 1.2000,6.6000 1.2523,6.6023 1.3042,6.6091 1.3553,6.6204 1.4052,6.6362 1.4536,6.6562 1.5000,6.6804 1.5441,6.7085 1.5857,6.7404 1.6243,6.7757 1.6596,6.8143 1.6915,6.8559 1.7196,6.9000 1.7438,6.9464 1.7638,6.9948 1.7796,7.0447 1.7909,7.0958 1.7977,7.1477 1.8000,7.2000;
ADD P5 :W0.000000  15.3000,7.2000 15.2977,7.2523 15.2909,7.3042 15.2796,7.3553 15.2638,7.4052 15.2438,7.4536 15.2196,7.5000 15.1915,7.5441 15.1596,7.5857 15.1243,7.6243 15.0857,7.6596 15.0441,7.6915 15.0000,7.7196 14.9536,7.7438 14.9052,7.7638 14.8553,7.7796 14.8042,7.7909 14.7523,7.7977 14.7000,7.8000 14.6477,7.7977 14.5958,7.7909 14.5447,7.7796 14.4948,7.7638 14.4464,7.7438 14.4000,7.7196 14.3559,7.6915 14.3143,7.6596 14.2757,7.6243 14.2404,7.5857 14.2085,7.5441 14.1804,7.5000 14.1562,7.4536 14.1362,7.4052 14.1204,7.3553 14.1091,7.3042 14.1023,7.2523 14.1000,7.2000 14.1023,7.1477 14.1091,7.0958 14.1204,7.0447 14.1362,6.9948 14.1562,6.9464 14.1804,6.9000 14.2085,6.8559 14.2404,6.8143 14.2757,6.7757 14.3143,6.7404 14.3559,6.7085 14.4000,6.6804 14.4464,6.6562 14.4948,6.6362 14.5447,6.6204 14.5958,6.6091 14.6477,6.6023 14.7000,6.6000 14.7523,6.6023 14.8042,6.6091 14.8553,6.6204 14.9052,6.6362 14.9536,6.6562 15.0000,6.6804 15.0441,6.7085 15.0857,6.7404 15.1243,6.7757 15.1596,6.8143 15.1915,6.8559 15.2196,6.9000 15.2438,6.9464 15.2638,6.9948 15.2796,7.0447 15.2909,7.0958 15.2977,7.1477 15.3000,7.2000;
ADD P5 :W0.000000  26.1000,7.2000 26.0977,7.2523 26.0909,7.3042 26.0796,7.3553 26.0638,7.4052 26.0438,7.4536 26.0196,7.5000 25.9915,7.5441 25.9596,7.5857 25.9243,7.6243 25.8857,7.6596 25.8441,7.6915 25.8000,7.7196 25.7536,7.7438 25.7052,7.7638 25.6553,7.7796 25.6042,7.7909 25.5523,7.7977 25.5000,7.8000 25.4477,7.7977 25.3958,7.7909 25.3447,7.7796 25.2948,7.7638 25.2464,7.7438 25.2000,7.7196 25.1559,7.6915 25.1143,7.6596 25.0757,7.6243 25.0404,7.5857 25.0085,7.5441 24.9804,7.5000 24.9562,7.4536 24.9362,7.4052 24.9204,7.3553 24.9091,7.3042 24.9023,7.2523 24.9000,7.2000 24.9023,7.1477 24.9091,7.0958 24.9204,7.0447 24.9362,6.9948 24.9562,6.9464 24.9804,6.9000 25.0085,6.8559 25.0404,6.8143 25.0757,6.7757 25.1143,6.7404 25.1559,6.7085 25.2000,6.6804 25.2464,6.6562 25.2948,6.6362 25.3447,6.6204 25.3958,6.6091 25.4477,6.6023 25.5000,6.6000 25.5523,6.6023 25.6042,6.6091 25.6553,6.6204 25.7052,6.6362 25.7536,6.6562 25.8000,6.6804 25.8441,6.7085 25.8857,6.7404 25.9243,6.7757 25.9596,6.8143 25.9915,6.8559 26.0196,6.9000 26.0438,6.9464 26.0638,6.9948 26.0796,7.0447 26.0909,7.0958 26.0977,7.1477 26.1000,7.2000;
ADD P5 :W0.000000  28.8000,7.2000 28.7977,7.2523 28.7909,7.3042 28.7796,7.3553 28.7638,7.4052 28.7438,7.4536 28.7196,7.5000 28.6915,7.5441 28.6596,7.5857 28.6243,7.6243 28.5857,7.6596 28.5441,7.6915 28.5000,7.7196 28.4536,7.7438 28.4052,7.7638 28.3553,7.7796 28.3042,7.7909 28.2523,7.7977 28.2000,7.8000 28.1477,7.7977 28.0958,7.7909 28.0447,7.7796 27.9948,7.7638 27.9464,7.7438 27.9000,7.7196 27.8559,7.6915 27.8143,7.6596 27.7757,7.6243 27.7404,7.5857 27.7085,7.5441 27.6804,7.5000 27.6562,7.4536 27.6362,7.4052 27.6204,7.3553 27.6091,7.3042 27.6023,7.2523 27.6000,7.2000 27.6023,7.1477 27.6091,7.0958 27.6204,7.0447 27.6362,6.9948 27.6562,6.9464 27.6804,6.9000 27.7085,6.8559 27.7404,6.8143 27.7757,6.7757 27.8143,6.7404 27.8559,6.7085 27.9000,6.6804 27.9464,6.6562 27.9948,6.6362 28.0447,6.6204 28.0958,6.6091 28.1477,6.6023 28.2000,6.6000 28.2523,6.6023 28.3042,6.6091 28.3553,6.6204 28.4052,6.6362 28.4536,6.6562 28.5000,6.6804 28.5441,6.7085 28.5857,6.7404 28.6243,6.7757 28.6596,6.8143 28.6915,6.8559 28.7196,6.9000 28.7438,6.9464 28.7638,6.9948 28.7796,7.0447 28.7909,7.0958 28.7977,7.1477 28.8000,7.2000;
ADD P5 :W0.000000  34.2000,7.2000 34.1977,7.2523 34.1909,7.3042 34.1796,7.3553 34.1638,7.4052 34.1438,7.4536 34.1196,7.5000 34.0915,7.5441 34.0596,7.5857 34.0243,7.6243 33.9857,7.6596 33.9441,7.6915 33.9000,7.7196 33.8536,7.7438 33.8052,7.7638 33.7553,7.7796 33.7042,7.7909 33.6523,7.7977 33.6000,7.8000 33.5477,7.7977 33.4958,7.7909 33.4447,7.7796 33.3948,7.7638 33.3464,7.7438 33.3000,7.7196 33.2559,7.6915 33.2143,7.6596 33.1757,7.6243 33.1404,7.5857 33.1085,7.5441 33.0804,7.5000 33.0562,7.4536 33.0362,7.4052 33.0204,7.3553 33.0091,7.3042 33.0023,7.2523 33.0000,7.2000 33.0023,7.1477 33.0091,7.0958 33.0204,7.0447 33.0362,6.9948 33.0562,6.9464 33.0804,6.9000 33.1085,6.8559 33.1404,6.8143 33.1757,6.7757 33.2143,6.7404 33.2559,6.7085 33.3000,6.6804 33.3464,6.6562 33.3948,6.6362 33.4447,6.6204 33.4958,6.6091 33.5477,6.6023 33.6000,6.6000 33.6523,6.6023 33.7042,6.6091 33.7553,6.6204 33.8052,6.6362 33.8536,6.6562 33.9000,6.6804 33.9441,6.7085 33.9857,6.7404 34.0243,6.7757 34.0596,6.8143 34.0915,6.8559 34.1196,6.9000 34.1438,6.9464 34.1638,6.9948 34.1796,7.0447 34.1909,7.0958 34.1977,7.1477 34.2000,7.2000;
ADD P5 :W0.000000  36.9000,7.2000 36.8977,7.2523 36.8909,7.3042 36.8796,7.3553 36.8638,7.4052 36.8438,7.4536 36.8196,7.5000 36.7915,7.5441 36.7596,7.5857 36.7243,7.6243 36.6857,7.6596 36.6441,7.6915 36.6000,7.7196 36.5536,7.7438 36.5052,7.7638 36.4553,7.7796 36.4042,7.7909 36.3523,7.7977 36.3000,7.8000 36.2477,7.7977 36.1958,7.7909 36.1447,7.7796 36.0948,7.7638 36.0464,7.7438 36.0000,7.7196 35.9559,7.6915 35.9143,7.6596 35.8757,7.6243 35.8404,7.5857 35.8085,7.5441 35.7804,7.5000 35.7562,7.4536 35.7362,7.4052 35.7204,7.3553 35.7091,7.3042 35.7023,7.2523 35.7000,7.2000 35.7023,7.1477 35.7091,7.0958 35.7204,7.0447 35.7362,6.9948 35.7562,6.9464 35.7804,6.9000 35.8085,6.8559 35.8404,6.8143 35.8757,6.7757 35.9143,6.7404 35.9559,6.7085 36.0000,6.6804 36.0464,6.6562 36.0948,6.6362 36.1447,6.6204 36.1958,6.6091 36.2477,6.6023 36.3000,6.6000 36.3523,6.6023 36.4042,6.6091 36.4553,6.6204 36.5052,6.6362 36.5536,6.6562 36.6000,6.6804 36.6441,6.7085 36.6857,6.7404 36.7243,6.7757 36.7596,6.8143 36.7915,6.8559 36.8196,6.9000 36.8438,6.9464 36.8638,6.9948 36.8796,7.0447 36.8909,7.0958 36.8977,7.1477 36.9000,7.2000;
ADD P5 :W0.000000  42.3000,7.2000 42.2977,7.2523 42.2909,7.3042 42.2796,7.3553 42.2638,7.4052 42.2438,7.4536 42.2196,7.5000 42.1915,7.5441 42.1596,7.5857 42.1243,7.6243 42.0857,7.6596 42.0441,7.6915 42.0000,7.7196 41.9536,7.7438 41.9052,7.7638 41.8553,7.7796 41.8042,7.7909 41.7523,7.7977 41.7000,7.8000 41.6477,7.7977 41.5958,7.7909 41.5447,7.7796 41.4948,7.7638 41.4464,7.7438 41.4000,7.7196 41.3559,7.6915 41.3143,7.6596 41.2757,7.6243 41.2404,7.5857 41.2085,7.5441 41.1804,7.5000 41.1562,7.4536 41.1362,7.4052 41.1204,7.3553 41.1091,7.3042 41.1023,7.2523 41.1000,7.2000 41.1023,7.1477 41.1091,7.0958 41.1204,7.0447 41.1362,6.9948 41.1562,6.9464 41.1804,6.9000 41.2085,6.8559 41.2404,6.8143 41.2757,6.7757 41.3143,6.7404 41.3559,6.7085 41.4000,6.6804 41.4464,6.6562 41.4948,6.6362 41.5447,6.6204 41.5958,6.6091 41.6477,6.6023 41.7000,6.6000 41.7523,6.6023 41.8042,6.6091 41.8553,6.6204 41.9052,6.6362 41.9536,6.6562 42.0000,6.6804 42.0441,6.7085 42.0857,6.7404 42.1243,6.7757 42.1596,6.8143 42.1915,6.8559 42.2196,6.9000 42.2438,6.9464 42.2638,6.9948 42.2796,7.0447 42.2909,7.0958 42.2977,7.1477 42.3000,7.2000;
ADD P5 :W0.000000  39.6000,7.2000 39.5977,7.2523 39.5909,7.3042 39.5796,7.3553 39.5638,7.4052 39.5438,7.4536 39.5196,7.5000 39.4915,7.5441 39.4596,7.5857 39.4243,7.6243 39.3857,7.6596 39.3441,7.6915 39.3000,7.7196 39.2536,7.7438 39.2052,7.7638 39.1553,7.7796 39.1042,7.7909 39.0523,7.7977 39.0000,7.8000 38.9477,7.7977 38.8958,7.7909 38.8447,7.7796 38.7948,7.7638 38.7464,7.7438 38.7000,7.7196 38.6559,7.6915 38.6143,7.6596 38.5757,7.6243 38.5404,7.5857 38.5085,7.5441 38.4804,7.5000 38.4562,7.4536 38.4362,7.4052 38.4204,7.3553 38.4091,7.3042 38.4023,7.2523 38.4000,7.2000 38.4023,7.1477 38.4091,7.0958 38.4204,7.0447 38.4362,6.9948 38.4562,6.9464 38.4804,6.9000 38.5085,6.8559 38.5404,6.8143 38.5757,6.7757 38.6143,6.7404 38.6559,6.7085 38.7000,6.6804 38.7464,6.6562 38.7948,6.6362 38.8447,6.6204 38.8958,6.6091 38.9477,6.6023 39.0000,6.6000 39.0523,6.6023 39.1042,6.6091 39.1553,6.6204 39.2052,6.6362 39.2536,6.6562 39.3000,6.6804 39.3441,6.7085 39.3857,6.7404 39.4243,6.7757 39.4596,6.8143 39.4915,6.8559 39.5196,6.9000 39.5438,6.9464 39.5638,6.9948 39.5796,7.0447 39.5909,7.0958 39.5977,7.1477 39.6000,7.2000;
ADD P5 :W0.000000  31.5000,7.2000 31.4977,7.2523 31.4909,7.3042 31.4796,7.3553 31.4638,7.4052 31.4438,7.4536 31.4196,7.5000 31.3915,7.5441 31.3596,7.5857 31.3243,7.6243 31.2857,7.6596 31.2441,7.6915 31.2000,7.7196 31.1536,7.7438 31.1052,7.7638 31.0553,7.7796 31.0042,7.7909 30.9523,7.7977 30.9000,7.8000 30.8477,7.7977 30.7958,7.7909 30.7447,7.7796 30.6948,7.7638 30.6464,7.7438 30.6000,7.7196 30.5559,7.6915 30.5143,7.6596 30.4757,7.6243 30.4404,7.5857 30.4085,7.5441 30.3804,7.5000 30.3562,7.4536 30.3362,7.4052 30.3204,7.3553 30.3091,7.3042 30.3023,7.2523 30.3000,7.2000 30.3023,7.1477 30.3091,7.0958 30.3204,7.0447 30.3362,6.9948 30.3562,6.9464 30.3804,6.9000 30.4085,6.8559 30.4404,6.8143 30.4757,6.7757 30.5143,6.7404 30.5559,6.7085 30.6000,6.6804 30.6464,6.6562 30.6948,6.6362 30.7447,6.6204 30.7958,6.6091 30.8477,6.6023 30.9000,6.6000 30.9523,6.6023 31.0042,6.6091 31.0553,6.6204 31.1052,6.6362 31.1536,6.6562 31.2000,6.6804 31.2441,6.7085 31.2857,6.7404 31.3243,6.7757 31.3596,6.8143 31.3915,6.8559 31.4196,6.9000 31.4438,6.9464 31.4638,6.9948 31.4796,7.0447 31.4909,7.0958 31.4977,7.1477 31.5000,7.2000;
ADD P5 :W0.000000  23.4000,7.2000 23.3977,7.2523 23.3909,7.3042 23.3796,7.3553 23.3638,7.4052 23.3438,7.4536 23.3196,7.5000 23.2915,7.5441 23.2596,7.5857 23.2243,7.6243 23.1857,7.6596 23.1441,7.6915 23.1000,7.7196 23.0536,7.7438 23.0052,7.7638 22.9553,7.7796 22.9042,7.7909 22.8523,7.7977 22.8000,7.8000 22.7477,7.7977 22.6958,7.7909 22.6447,7.7796 22.5948,7.7638 22.5464,7.7438 22.5000,7.7196 22.4559,7.6915 22.4143,7.6596 22.3757,7.6243 22.3404,7.5857 22.3085,7.5441 22.2804,7.5000 22.2562,7.4536 22.2362,7.4052 22.2204,7.3553 22.2091,7.3042 22.2023,7.2523 22.2000,7.2000 22.2023,7.1477 22.2091,7.0958 22.2204,7.0447 22.2362,6.9948 22.2562,6.9464 22.2804,6.9000 22.3085,6.8559 22.3404,6.8143 22.3757,6.7757 22.4143,6.7404 22.4559,6.7085 22.5000,6.6804 22.5464,6.6562 22.5948,6.6362 22.6447,6.6204 22.6958,6.6091 22.7477,6.6023 22.8000,6.6000 22.8523,6.6023 22.9042,6.6091 22.9553,6.6204 23.0052,6.6362 23.0536,6.6562 23.1000,6.6804 23.1441,6.7085 23.1857,6.7404 23.2243,6.7757 23.2596,6.8143 23.2915,6.8559 23.3196,6.9000 23.3438,6.9464 23.3638,6.9948 23.3796,7.0447 23.3909,7.0958 23.3977,7.1477 23.4000,7.2000;
ADD P5 :W0.000000  44.5500,9.0000 44.5477,9.0523 44.5409,9.1042 44.5296,9.1553 44.5138,9.2052 44.4938,9.2536 44.4696,9.3000 44.4415,9.3441 44.4096,9.3857 44.3743,9.4243 44.3357,9.4596 44.2941,9.4915 44.2500,9.5196 44.2036,9.5438 44.1552,9.5638 44.1053,9.5796 44.0542,9.5909 44.0023,9.5977 43.9500,9.6000 43.8977,9.5977 43.8458,9.5909 43.7947,9.5796 43.7448,9.5638 43.6964,9.5438 43.6500,9.5196 43.6059,9.4915 43.5643,9.4596 43.5257,9.4243 43.4904,9.3857 43.4585,9.3441 43.4304,9.3000 43.4062,9.2536 43.3862,9.2052 43.3704,9.1553 43.3591,9.1042 43.3523,9.0523 43.3500,9.0000 43.3523,8.9477 43.3591,8.8958 43.3704,8.8447 43.3862,8.7948 43.4062,8.7464 43.4304,8.7000 43.4585,8.6559 43.4904,8.6143 43.5257,8.5757 43.5643,8.5404 43.6059,8.5085 43.6500,8.4804 43.6964,8.4562 43.7448,8.4362 43.7947,8.4204 43.8458,8.4091 43.8977,8.4023 43.9500,8.4000 44.0023,8.4023 44.0542,8.4091 44.1053,8.4204 44.1552,8.4362 44.2036,8.4562 44.2500,8.4804 44.2941,8.5085 44.3357,8.5404 44.3743,8.5757 44.4096,8.6143 44.4415,8.6559 44.4696,8.7000 44.4938,8.7464 44.5138,8.7948 44.5296,8.8447 44.5409,8.8958 44.5477,8.9477 44.5500,9.0000;
ADD P5 :W0.000000  -0.9500,9.0000 -0.9523,9.0523 -0.9591,9.1042 -0.9704,9.1553 -0.9862,9.2052 -1.0062,9.2536 -1.0304,9.3000 -1.0585,9.3441 -1.0904,9.3857 -1.1257,9.4243 -1.1643,9.4596 -1.2059,9.4915 -1.2500,9.5196 -1.2964,9.5438 -1.3448,9.5638 -1.3947,9.5796 -1.4458,9.5909 -1.4977,9.5977 -1.5500,9.6000 -1.6023,9.5977 -1.6542,9.5909 -1.7053,9.5796 -1.7552,9.5638 -1.8036,9.5438 -1.8500,9.5196 -1.8941,9.4915 -1.9357,9.4596 -1.9743,9.4243 -2.0096,9.3857 -2.0415,9.3441 -2.0696,9.3000 -2.0938,9.2536 -2.1138,9.2052 -2.1296,9.1553 -2.1409,9.1042 -2.1477,9.0523 -2.1500,9.0000 -2.1477,8.9477 -2.1409,8.8958 -2.1296,8.8447 -2.1138,8.7948 -2.0938,8.7464 -2.0696,8.7000 -2.0415,8.6559 -2.0096,8.6143 -1.9743,8.5757 -1.9357,8.5404 -1.8941,8.5085 -1.8500,8.4804 -1.8036,8.4562 -1.7552,8.4362 -1.7053,8.4204 -1.6542,8.4091 -1.6023,8.4023 -1.5500,8.4000 -1.4977,8.4023 -1.4458,8.4091 -1.3947,8.4204 -1.3448,8.4362 -1.2964,8.4562 -1.2500,8.4804 -1.2059,8.5085 -1.1643,8.5404 -1.1257,8.5757 -1.0904,8.6143 -1.0585,8.6559 -1.0304,8.7000 -1.0062,8.7464 -0.9862,8.7948 -0.9704,8.8447 -0.9591,8.8958 -0.9523,8.9477 -0.9500,9.0000;
ADD P5 :W0.000000  -3.6500,9.0000 -3.6523,9.0523 -3.6591,9.1042 -3.6704,9.1553 -3.6862,9.2052 -3.7062,9.2536 -3.7304,9.3000 -3.7585,9.3441 -3.7904,9.3857 -3.8257,9.4243 -3.8643,9.4596 -3.9059,9.4915 -3.9500,9.5196 -3.9964,9.5438 -4.0448,9.5638 -4.0947,9.5796 -4.1458,9.5909 -4.1977,9.5977 -4.2500,9.6000 -4.3023,9.5977 -4.3542,9.5909 -4.4053,9.5796 -4.4552,9.5638 -4.5036,9.5438 -4.5500,9.5196 -4.5941,9.4915 -4.6357,9.4596 -4.6743,9.4243 -4.7096,9.3857 -4.7415,9.3441 -4.7696,9.3000 -4.7938,9.2536 -4.8138,9.2052 -4.8296,9.1553 -4.8409,9.1042 -4.8477,9.0523 -4.8500,9.0000 -4.8477,8.9477 -4.8409,8.8958 -4.8296,8.8447 -4.8138,8.7948 -4.7938,8.7464 -4.7696,8.7000 -4.7415,8.6559 -4.7096,8.6143 -4.6743,8.5757 -4.6357,8.5404 -4.5941,8.5085 -4.5500,8.4804 -4.5036,8.4562 -4.4552,8.4362 -4.4053,8.4204 -4.3542,8.4091 -4.3023,8.4023 -4.2500,8.4000 -4.1977,8.4023 -4.1458,8.4091 -4.0947,8.4204 -4.0448,8.4362 -3.9964,8.4562 -3.9500,8.4804 -3.9059,8.5085 -3.8643,8.5404 -3.8257,8.5757 -3.7904,8.6143 -3.7585,8.6559 -3.7304,8.7000 -3.7062,8.7464 -3.6862,8.7948 -3.6704,8.8447 -3.6591,8.8958 -3.6523,8.9477 -3.6500,9.0000;
ADD P5 :W0.000000  7.1500,9.0000 7.1477,9.0523 7.1409,9.1042 7.1296,9.1553 7.1138,9.2052 7.0938,9.2536 7.0696,9.3000 7.0415,9.3441 7.0096,9.3857 6.9743,9.4243 6.9357,9.4596 6.8941,9.4915 6.8500,9.5196 6.8036,9.5438 6.7552,9.5638 6.7053,9.5796 6.6542,9.5909 6.6023,9.5977 6.5500,9.6000 6.4977,9.5977 6.4458,9.5909 6.3947,9.5796 6.3448,9.5638 6.2964,9.5438 6.2500,9.5196 6.2059,9.4915 6.1643,9.4596 6.1257,9.4243 6.0904,9.3857 6.0585,9.3441 6.0304,9.3000 6.0062,9.2536 5.9862,9.2052 5.9704,9.1553 5.9591,9.1042 5.9523,9.0523 5.9500,9.0000 5.9523,8.9477 5.9591,8.8958 5.9704,8.8447 5.9862,8.7948 6.0062,8.7464 6.0304,8.7000 6.0585,8.6559 6.0904,8.6143 6.1257,8.5757 6.1643,8.5404 6.2059,8.5085 6.2500,8.4804 6.2964,8.4562 6.3448,8.4362 6.3947,8.4204 6.4458,8.4091 6.4977,8.4023 6.5500,8.4000 6.6023,8.4023 6.6542,8.4091 6.7053,8.4204 6.7552,8.4362 6.8036,8.4562 6.8500,8.4804 6.8941,8.5085 6.9357,8.5404 6.9743,8.5757 7.0096,8.6143 7.0415,8.6559 7.0696,8.7000 7.0938,8.7464 7.1138,8.7948 7.1296,8.8447 7.1409,8.8958 7.1477,8.9477 7.1500,9.0000;
ADD P5 :W0.000000  17.9500,9.0000 17.9477,9.0523 17.9409,9.1042 17.9296,9.1553 17.9138,9.2052 17.8938,9.2536 17.8696,9.3000 17.8415,9.3441 17.8096,9.3857 17.7743,9.4243 17.7357,9.4596 17.6941,9.4915 17.6500,9.5196 17.6036,9.5438 17.5552,9.5638 17.5053,9.5796 17.4542,9.5909 17.4023,9.5977 17.3500,9.6000 17.2977,9.5977 17.2458,9.5909 17.1947,9.5796 17.1448,9.5638 17.0964,9.5438 17.0500,9.5196 17.0059,9.4915 16.9643,9.4596 16.9257,9.4243 16.8904,9.3857 16.8585,9.3441 16.8304,9.3000 16.8062,9.2536 16.7862,9.2052 16.7704,9.1553 16.7591,9.1042 16.7523,9.0523 16.7500,9.0000 16.7523,8.9477 16.7591,8.8958 16.7704,8.8447 16.7862,8.7948 16.8062,8.7464 16.8304,8.7000 16.8585,8.6559 16.8904,8.6143 16.9257,8.5757 16.9643,8.5404 17.0059,8.5085 17.0500,8.4804 17.0964,8.4562 17.1448,8.4362 17.1947,8.4204 17.2458,8.4091 17.2977,8.4023 17.3500,8.4000 17.4023,8.4023 17.4542,8.4091 17.5053,8.4204 17.5552,8.4362 17.6036,8.4562 17.6500,8.4804 17.6941,8.5085 17.7357,8.5404 17.7743,8.5757 17.8096,8.6143 17.8415,8.6559 17.8696,8.7000 17.8938,8.7464 17.9138,8.7948 17.9296,8.8447 17.9409,8.8958 17.9477,8.9477 17.9500,9.0000;
ADD P5 :W0.000000  12.5500,9.0000 12.5477,9.0523 12.5409,9.1042 12.5296,9.1553 12.5138,9.2052 12.4938,9.2536 12.4696,9.3000 12.4415,9.3441 12.4096,9.3857 12.3743,9.4243 12.3357,9.4596 12.2941,9.4915 12.2500,9.5196 12.2036,9.5438 12.1552,9.5638 12.1053,9.5796 12.0542,9.5909 12.0023,9.5977 11.9500,9.6000 11.8977,9.5977 11.8458,9.5909 11.7947,9.5796 11.7448,9.5638 11.6964,9.5438 11.6500,9.5196 11.6059,9.4915 11.5643,9.4596 11.5257,9.4243 11.4904,9.3857 11.4585,9.3441 11.4304,9.3000 11.4062,9.2536 11.3862,9.2052 11.3704,9.1553 11.3591,9.1042 11.3523,9.0523 11.3500,9.0000 11.3523,8.9477 11.3591,8.8958 11.3704,8.8447 11.3862,8.7948 11.4062,8.7464 11.4304,8.7000 11.4585,8.6559 11.4904,8.6143 11.5257,8.5757 11.5643,8.5404 11.6059,8.5085 11.6500,8.4804 11.6964,8.4562 11.7448,8.4362 11.7947,8.4204 11.8458,8.4091 11.8977,8.4023 11.9500,8.4000 12.0023,8.4023 12.0542,8.4091 12.1053,8.4204 12.1552,8.4362 12.2036,8.4562 12.2500,8.4804 12.2941,8.5085 12.3357,8.5404 12.3743,8.5757 12.4096,8.6143 12.4415,8.6559 12.4696,8.7000 12.4938,8.7464 12.5138,8.7948 12.5296,8.8447 12.5409,8.8958 12.5477,8.9477 12.5500,9.0000;
ADD P5 :W0.000000  9.8500,9.0000 9.8477,9.0523 9.8409,9.1042 9.8296,9.1553 9.8138,9.2052 9.7938,9.2536 9.7696,9.3000 9.7415,9.3441 9.7096,9.3857 9.6743,9.4243 9.6357,9.4596 9.5941,9.4915 9.5500,9.5196 9.5036,9.5438 9.4552,9.5638 9.4053,9.5796 9.3542,9.5909 9.3023,9.5977 9.2500,9.6000 9.1977,9.5977 9.1458,9.5909 9.0947,9.5796 9.0448,9.5638 8.9964,9.5438 8.9500,9.5196 8.9059,9.4915 8.8643,9.4596 8.8257,9.4243 8.7904,9.3857 8.7585,9.3441 8.7304,9.3000 8.7062,9.2536 8.6862,9.2052 8.6704,9.1553 8.6591,9.1042 8.6523,9.0523 8.6500,9.0000 8.6523,8.9477 8.6591,8.8958 8.6704,8.8447 8.6862,8.7948 8.7062,8.7464 8.7304,8.7000 8.7585,8.6559 8.7904,8.6143 8.8257,8.5757 8.8643,8.5404 8.9059,8.5085 8.9500,8.4804 8.9964,8.4562 9.0448,8.4362 9.0947,8.4204 9.1458,8.4091 9.1977,8.4023 9.2500,8.4000 9.3023,8.4023 9.3542,8.4091 9.4053,8.4204 9.4552,8.4362 9.5036,8.4562 9.5500,8.4804 9.5941,8.5085 9.6357,8.5404 9.6743,8.5757 9.7096,8.6143 9.7415,8.6559 9.7696,8.7000 9.7938,8.7464 9.8138,8.7948 9.8296,8.8447 9.8409,8.8958 9.8477,8.9477 9.8500,9.0000;
ADD P5 :W0.000000  20.6500,9.0000 20.6477,9.0523 20.6409,9.1042 20.6296,9.1553 20.6138,9.2052 20.5938,9.2536 20.5696,9.3000 20.5415,9.3441 20.5096,9.3857 20.4743,9.4243 20.4357,9.4596 20.3941,9.4915 20.3500,9.5196 20.3036,9.5438 20.2552,9.5638 20.2053,9.5796 20.1542,9.5909 20.1023,9.5977 20.0500,9.6000 19.9977,9.5977 19.9458,9.5909 19.8947,9.5796 19.8448,9.5638 19.7964,9.5438 19.7500,9.5196 19.7059,9.4915 19.6643,9.4596 19.6257,9.4243 19.5904,9.3857 19.5585,9.3441 19.5304,9.3000 19.5062,9.2536 19.4862,9.2052 19.4704,9.1553 19.4591,9.1042 19.4523,9.0523 19.4500,9.0000 19.4523,8.9477 19.4591,8.8958 19.4704,8.8447 19.4862,8.7948 19.5062,8.7464 19.5304,8.7000 19.5585,8.6559 19.5904,8.6143 19.6257,8.5757 19.6643,8.5404 19.7059,8.5085 19.7500,8.4804 19.7964,8.4562 19.8448,8.4362 19.8947,8.4204 19.9458,8.4091 19.9977,8.4023 20.0500,8.4000 20.1023,8.4023 20.1542,8.4091 20.2053,8.4204 20.2552,8.4362 20.3036,8.4562 20.3500,8.4804 20.3941,8.5085 20.4357,8.5404 20.4743,8.5757 20.5096,8.6143 20.5415,8.6559 20.5696,8.7000 20.5938,8.7464 20.6138,8.7948 20.6296,8.8447 20.6409,8.8958 20.6477,8.9477 20.6500,9.0000;
ADD P5 :W0.000000  4.4500,9.0000 4.4477,9.0523 4.4409,9.1042 4.4296,9.1553 4.4138,9.2052 4.3938,9.2536 4.3696,9.3000 4.3415,9.3441 4.3096,9.3857 4.2743,9.4243 4.2357,9.4596 4.1941,9.4915 4.1500,9.5196 4.1036,9.5438 4.0552,9.5638 4.0053,9.5796 3.9542,9.5909 3.9023,9.5977 3.8500,9.6000 3.7977,9.5977 3.7458,9.5909 3.6947,9.5796 3.6448,9.5638 3.5964,9.5438 3.5500,9.5196 3.5059,9.4915 3.4643,9.4596 3.4257,9.4243 3.3904,9.3857 3.3585,9.3441 3.3304,9.3000 3.3062,9.2536 3.2862,9.2052 3.2704,9.1553 3.2591,9.1042 3.2523,9.0523 3.2500,9.0000 3.2523,8.9477 3.2591,8.8958 3.2704,8.8447 3.2862,8.7948 3.3062,8.7464 3.3304,8.7000 3.3585,8.6559 3.3904,8.6143 3.4257,8.5757 3.4643,8.5404 3.5059,8.5085 3.5500,8.4804 3.5964,8.4562 3.6448,8.4362 3.6947,8.4204 3.7458,8.4091 3.7977,8.4023 3.8500,8.4000 3.9023,8.4023 3.9542,8.4091 4.0053,8.4204 4.0552,8.4362 4.1036,8.4562 4.1500,8.4804 4.1941,8.5085 4.2357,8.5404 4.2743,8.5757 4.3096,8.6143 4.3415,8.6559 4.3696,8.7000 4.3938,8.7464 4.4138,8.7948 4.4296,8.8447 4.4409,8.8958 4.4477,8.9477 4.4500,9.0000;
ADD P5 :W0.000000  1.7500,9.0000 1.7477,9.0523 1.7409,9.1042 1.7296,9.1553 1.7138,9.2052 1.6938,9.2536 1.6696,9.3000 1.6415,9.3441 1.6096,9.3857 1.5743,9.4243 1.5357,9.4596 1.4941,9.4915 1.4500,9.5196 1.4036,9.5438 1.3552,9.5638 1.3053,9.5796 1.2542,9.5909 1.2023,9.5977 1.1500,9.6000 1.0977,9.5977 1.0458,9.5909 0.9947,9.5796 0.9448,9.5638 0.8964,9.5438 0.8500,9.5196 0.8059,9.4915 0.7643,9.4596 0.7257,9.4243 0.6904,9.3857 0.6585,9.3441 0.6304,9.3000 0.6062,9.2536 0.5862,9.2052 0.5704,9.1553 0.5591,9.1042 0.5523,9.0523 0.5500,9.0000 0.5523,8.9477 0.5591,8.8958 0.5704,8.8447 0.5862,8.7948 0.6062,8.7464 0.6304,8.7000 0.6585,8.6559 0.6904,8.6143 0.7257,8.5757 0.7643,8.5404 0.8059,8.5085 0.8500,8.4804 0.8964,8.4562 0.9448,8.4362 0.9947,8.4204 1.0458,8.4091 1.0977,8.4023 1.1500,8.4000 1.2023,8.4023 1.2542,8.4091 1.3053,8.4204 1.3552,8.4362 1.4036,8.4562 1.4500,8.4804 1.4941,8.5085 1.5357,8.5404 1.5743,8.5757 1.6096,8.6143 1.6415,8.6559 1.6696,8.7000 1.6938,8.7464 1.7138,8.7948 1.7296,8.8447 1.7409,8.8958 1.7477,8.9477 1.7500,9.0000;
ADD P5 :W0.000000  15.2500,9.0000 15.2477,9.0523 15.2409,9.1042 15.2296,9.1553 15.2138,9.2052 15.1938,9.2536 15.1696,9.3000 15.1415,9.3441 15.1096,9.3857 15.0743,9.4243 15.0357,9.4596 14.9941,9.4915 14.9500,9.5196 14.9036,9.5438 14.8552,9.5638 14.8053,9.5796 14.7542,9.5909 14.7023,9.5977 14.6500,9.6000 14.5977,9.5977 14.5458,9.5909 14.4947,9.5796 14.4448,9.5638 14.3964,9.5438 14.3500,9.5196 14.3059,9.4915 14.2643,9.4596 14.2257,9.4243 14.1904,9.3857 14.1585,9.3441 14.1304,9.3000 14.1062,9.2536 14.0862,9.2052 14.0704,9.1553 14.0591,9.1042 14.0523,9.0523 14.0500,9.0000 14.0523,8.9477 14.0591,8.8958 14.0704,8.8447 14.0862,8.7948 14.1062,8.7464 14.1304,8.7000 14.1585,8.6559 14.1904,8.6143 14.2257,8.5757 14.2643,8.5404 14.3059,8.5085 14.3500,8.4804 14.3964,8.4562 14.4448,8.4362 14.4947,8.4204 14.5458,8.4091 14.5977,8.4023 14.6500,8.4000 14.7023,8.4023 14.7542,8.4091 14.8053,8.4204 14.8552,8.4362 14.9036,8.4562 14.9500,8.4804 14.9941,8.5085 15.0357,8.5404 15.0743,8.5757 15.1096,8.6143 15.1415,8.6559 15.1696,8.7000 15.1938,8.7464 15.2138,8.7948 15.2296,8.8447 15.2409,8.8958 15.2477,8.9477 15.2500,9.0000;
ADD P5 :W0.000000  26.0500,9.0000 26.0477,9.0523 26.0409,9.1042 26.0296,9.1553 26.0138,9.2052 25.9938,9.2536 25.9696,9.3000 25.9415,9.3441 25.9096,9.3857 25.8743,9.4243 25.8357,9.4596 25.7941,9.4915 25.7500,9.5196 25.7036,9.5438 25.6552,9.5638 25.6053,9.5796 25.5542,9.5909 25.5023,9.5977 25.4500,9.6000 25.3977,9.5977 25.3458,9.5909 25.2947,9.5796 25.2448,9.5638 25.1964,9.5438 25.1500,9.5196 25.1059,9.4915 25.0643,9.4596 25.0257,9.4243 24.9904,9.3857 24.9585,9.3441 24.9304,9.3000 24.9062,9.2536 24.8862,9.2052 24.8704,9.1553 24.8591,9.1042 24.8523,9.0523 24.8500,9.0000 24.8523,8.9477 24.8591,8.8958 24.8704,8.8447 24.8862,8.7948 24.9062,8.7464 24.9304,8.7000 24.9585,8.6559 24.9904,8.6143 25.0257,8.5757 25.0643,8.5404 25.1059,8.5085 25.1500,8.4804 25.1964,8.4562 25.2448,8.4362 25.2947,8.4204 25.3458,8.4091 25.3977,8.4023 25.4500,8.4000 25.5023,8.4023 25.5542,8.4091 25.6053,8.4204 25.6552,8.4362 25.7036,8.4562 25.7500,8.4804 25.7941,8.5085 25.8357,8.5404 25.8743,8.5757 25.9096,8.6143 25.9415,8.6559 25.9696,8.7000 25.9938,8.7464 26.0138,8.7948 26.0296,8.8447 26.0409,8.8958 26.0477,8.9477 26.0500,9.0000;
ADD P5 :W0.000000  28.7500,9.0000 28.7477,9.0523 28.7409,9.1042 28.7296,9.1553 28.7138,9.2052 28.6938,9.2536 28.6696,9.3000 28.6415,9.3441 28.6096,9.3857 28.5743,9.4243 28.5357,9.4596 28.4941,9.4915 28.4500,9.5196 28.4036,9.5438 28.3552,9.5638 28.3053,9.5796 28.2542,9.5909 28.2023,9.5977 28.1500,9.6000 28.0977,9.5977 28.0458,9.5909 27.9947,9.5796 27.9448,9.5638 27.8964,9.5438 27.8500,9.5196 27.8059,9.4915 27.7643,9.4596 27.7257,9.4243 27.6904,9.3857 27.6585,9.3441 27.6304,9.3000 27.6062,9.2536 27.5862,9.2052 27.5704,9.1553 27.5591,9.1042 27.5523,9.0523 27.5500,9.0000 27.5523,8.9477 27.5591,8.8958 27.5704,8.8447 27.5862,8.7948 27.6062,8.7464 27.6304,8.7000 27.6585,8.6559 27.6904,8.6143 27.7257,8.5757 27.7643,8.5404 27.8059,8.5085 27.8500,8.4804 27.8964,8.4562 27.9448,8.4362 27.9947,8.4204 28.0458,8.4091 28.0977,8.4023 28.1500,8.4000 28.2023,8.4023 28.2542,8.4091 28.3053,8.4204 28.3552,8.4362 28.4036,8.4562 28.4500,8.4804 28.4941,8.5085 28.5357,8.5404 28.5743,8.5757 28.6096,8.6143 28.6415,8.6559 28.6696,8.7000 28.6938,8.7464 28.7138,8.7948 28.7296,8.8447 28.7409,8.8958 28.7477,8.9477 28.7500,9.0000;
ADD P5 :W0.000000  34.1500,9.0000 34.1477,9.0523 34.1409,9.1042 34.1296,9.1553 34.1138,9.2052 34.0938,9.2536 34.0696,9.3000 34.0415,9.3441 34.0096,9.3857 33.9743,9.4243 33.9357,9.4596 33.8941,9.4915 33.8500,9.5196 33.8036,9.5438 33.7552,9.5638 33.7053,9.5796 33.6542,9.5909 33.6023,9.5977 33.5500,9.6000 33.4977,9.5977 33.4458,9.5909 33.3947,9.5796 33.3448,9.5638 33.2964,9.5438 33.2500,9.5196 33.2059,9.4915 33.1643,9.4596 33.1257,9.4243 33.0904,9.3857 33.0585,9.3441 33.0304,9.3000 33.0062,9.2536 32.9862,9.2052 32.9704,9.1553 32.9591,9.1042 32.9523,9.0523 32.9500,9.0000 32.9523,8.9477 32.9591,8.8958 32.9704,8.8447 32.9862,8.7948 33.0062,8.7464 33.0304,8.7000 33.0585,8.6559 33.0904,8.6143 33.1257,8.5757 33.1643,8.5404 33.2059,8.5085 33.2500,8.4804 33.2964,8.4562 33.3448,8.4362 33.3947,8.4204 33.4458,8.4091 33.4977,8.4023 33.5500,8.4000 33.6023,8.4023 33.6542,8.4091 33.7053,8.4204 33.7552,8.4362 33.8036,8.4562 33.8500,8.4804 33.8941,8.5085 33.9357,8.5404 33.9743,8.5757 34.0096,8.6143 34.0415,8.6559 34.0696,8.7000 34.0938,8.7464 34.1138,8.7948 34.1296,8.8447 34.1409,8.8958 34.1477,8.9477 34.1500,9.0000;
ADD P5 :W0.000000  36.8500,9.0000 36.8477,9.0523 36.8409,9.1042 36.8296,9.1553 36.8138,9.2052 36.7938,9.2536 36.7696,9.3000 36.7415,9.3441 36.7096,9.3857 36.6743,9.4243 36.6357,9.4596 36.5941,9.4915 36.5500,9.5196 36.5036,9.5438 36.4552,9.5638 36.4053,9.5796 36.3542,9.5909 36.3023,9.5977 36.2500,9.6000 36.1977,9.5977 36.1458,9.5909 36.0947,9.5796 36.0448,9.5638 35.9964,9.5438 35.9500,9.5196 35.9059,9.4915 35.8643,9.4596 35.8257,9.4243 35.7904,9.3857 35.7585,9.3441 35.7304,9.3000 35.7062,9.2536 35.6862,9.2052 35.6704,9.1553 35.6591,9.1042 35.6523,9.0523 35.6500,9.0000 35.6523,8.9477 35.6591,8.8958 35.6704,8.8447 35.6862,8.7948 35.7062,8.7464 35.7304,8.7000 35.7585,8.6559 35.7904,8.6143 35.8257,8.5757 35.8643,8.5404 35.9059,8.5085 35.9500,8.4804 35.9964,8.4562 36.0448,8.4362 36.0947,8.4204 36.1458,8.4091 36.1977,8.4023 36.2500,8.4000 36.3023,8.4023 36.3542,8.4091 36.4053,8.4204 36.4552,8.4362 36.5036,8.4562 36.5500,8.4804 36.5941,8.5085 36.6357,8.5404 36.6743,8.5757 36.7096,8.6143 36.7415,8.6559 36.7696,8.7000 36.7938,8.7464 36.8138,8.7948 36.8296,8.8447 36.8409,8.8958 36.8477,8.9477 36.8500,9.0000;
ADD P5 :W0.000000  42.2500,9.0000 42.2477,9.0523 42.2409,9.1042 42.2296,9.1553 42.2138,9.2052 42.1938,9.2536 42.1696,9.3000 42.1415,9.3441 42.1096,9.3857 42.0743,9.4243 42.0357,9.4596 41.9941,9.4915 41.9500,9.5196 41.9036,9.5438 41.8552,9.5638 41.8053,9.5796 41.7542,9.5909 41.7023,9.5977 41.6500,9.6000 41.5977,9.5977 41.5458,9.5909 41.4947,9.5796 41.4448,9.5638 41.3964,9.5438 41.3500,9.5196 41.3059,9.4915 41.2643,9.4596 41.2257,9.4243 41.1904,9.3857 41.1585,9.3441 41.1304,9.3000 41.1062,9.2536 41.0862,9.2052 41.0704,9.1553 41.0591,9.1042 41.0523,9.0523 41.0500,9.0000 41.0523,8.9477 41.0591,8.8958 41.0704,8.8447 41.0862,8.7948 41.1062,8.7464 41.1304,8.7000 41.1585,8.6559 41.1904,8.6143 41.2257,8.5757 41.2643,8.5404 41.3059,8.5085 41.3500,8.4804 41.3964,8.4562 41.4448,8.4362 41.4947,8.4204 41.5458,8.4091 41.5977,8.4023 41.6500,8.4000 41.7023,8.4023 41.7542,8.4091 41.8053,8.4204 41.8552,8.4362 41.9036,8.4562 41.9500,8.4804 41.9941,8.5085 42.0357,8.5404 42.0743,8.5757 42.1096,8.6143 42.1415,8.6559 42.1696,8.7000 42.1938,8.7464 42.2138,8.7948 42.2296,8.8447 42.2409,8.8958 42.2477,8.9477 42.2500,9.0000;
ADD P5 :W0.000000  39.5500,9.0000 39.5477,9.0523 39.5409,9.1042 39.5296,9.1553 39.5138,9.2052 39.4938,9.2536 39.4696,9.3000 39.4415,9.3441 39.4096,9.3857 39.3743,9.4243 39.3357,9.4596 39.2941,9.4915 39.2500,9.5196 39.2036,9.5438 39.1552,9.5638 39.1053,9.5796 39.0542,9.5909 39.0023,9.5977 38.9500,9.6000 38.8977,9.5977 38.8458,9.5909 38.7947,9.5796 38.7448,9.5638 38.6964,9.5438 38.6500,9.5196 38.6059,9.4915 38.5643,9.4596 38.5257,9.4243 38.4904,9.3857 38.4585,9.3441 38.4304,9.3000 38.4062,9.2536 38.3862,9.2052 38.3704,9.1553 38.3591,9.1042 38.3523,9.0523 38.3500,9.0000 38.3523,8.9477 38.3591,8.8958 38.3704,8.8447 38.3862,8.7948 38.4062,8.7464 38.4304,8.7000 38.4585,8.6559 38.4904,8.6143 38.5257,8.5757 38.5643,8.5404 38.6059,8.5085 38.6500,8.4804 38.6964,8.4562 38.7448,8.4362 38.7947,8.4204 38.8458,8.4091 38.8977,8.4023 38.9500,8.4000 39.0023,8.4023 39.0542,8.4091 39.1053,8.4204 39.1552,8.4362 39.2036,8.4562 39.2500,8.4804 39.2941,8.5085 39.3357,8.5404 39.3743,8.5757 39.4096,8.6143 39.4415,8.6559 39.4696,8.7000 39.4938,8.7464 39.5138,8.7948 39.5296,8.8447 39.5409,8.8958 39.5477,8.9477 39.5500,9.0000;
ADD P5 :W0.000000  31.4500,9.0000 31.4477,9.0523 31.4409,9.1042 31.4296,9.1553 31.4138,9.2052 31.3938,9.2536 31.3696,9.3000 31.3415,9.3441 31.3096,9.3857 31.2743,9.4243 31.2357,9.4596 31.1941,9.4915 31.1500,9.5196 31.1036,9.5438 31.0552,9.5638 31.0053,9.5796 30.9542,9.5909 30.9023,9.5977 30.8500,9.6000 30.7977,9.5977 30.7458,9.5909 30.6947,9.5796 30.6448,9.5638 30.5964,9.5438 30.5500,9.5196 30.5059,9.4915 30.4643,9.4596 30.4257,9.4243 30.3904,9.3857 30.3585,9.3441 30.3304,9.3000 30.3062,9.2536 30.2862,9.2052 30.2704,9.1553 30.2591,9.1042 30.2523,9.0523 30.2500,9.0000 30.2523,8.9477 30.2591,8.8958 30.2704,8.8447 30.2862,8.7948 30.3062,8.7464 30.3304,8.7000 30.3585,8.6559 30.3904,8.6143 30.4257,8.5757 30.4643,8.5404 30.5059,8.5085 30.5500,8.4804 30.5964,8.4562 30.6448,8.4362 30.6947,8.4204 30.7458,8.4091 30.7977,8.4023 30.8500,8.4000 30.9023,8.4023 30.9542,8.4091 31.0053,8.4204 31.0552,8.4362 31.1036,8.4562 31.1500,8.4804 31.1941,8.5085 31.2357,8.5404 31.2743,8.5757 31.3096,8.6143 31.3415,8.6559 31.3696,8.7000 31.3938,8.7464 31.4138,8.7948 31.4296,8.8447 31.4409,8.8958 31.4477,8.9477 31.4500,9.0000;
ADD P5 :W0.000000  23.3500,9.0000 23.3477,9.0523 23.3409,9.1042 23.3296,9.1553 23.3138,9.2052 23.2938,9.2536 23.2696,9.3000 23.2415,9.3441 23.2096,9.3857 23.1743,9.4243 23.1357,9.4596 23.0941,9.4915 23.0500,9.5196 23.0036,9.5438 22.9552,9.5638 22.9053,9.5796 22.8542,9.5909 22.8023,9.5977 22.7500,9.6000 22.6977,9.5977 22.6458,9.5909 22.5947,9.5796 22.5448,9.5638 22.4964,9.5438 22.4500,9.5196 22.4059,9.4915 22.3643,9.4596 22.3257,9.4243 22.2904,9.3857 22.2585,9.3441 22.2304,9.3000 22.2062,9.2536 22.1862,9.2052 22.1704,9.1553 22.1591,9.1042 22.1523,9.0523 22.1500,9.0000 22.1523,8.9477 22.1591,8.8958 22.1704,8.8447 22.1862,8.7948 22.2062,8.7464 22.2304,8.7000 22.2585,8.6559 22.2904,8.6143 22.3257,8.5757 22.3643,8.5404 22.4059,8.5085 22.4500,8.4804 22.4964,8.4562 22.5448,8.4362 22.5947,8.4204 22.6458,8.4091 22.6977,8.4023 22.7500,8.4000 22.8023,8.4023 22.8542,8.4091 22.9053,8.4204 22.9552,8.4362 23.0036,8.4562 23.0500,8.4804 23.0941,8.5085 23.1357,8.5404 23.1743,8.5757 23.2096,8.6143 23.2415,8.6559 23.2696,8.7000 23.2938,8.7464 23.3138,8.7948 23.3296,8.8447 23.3409,8.8958 23.3477,8.9477 23.3500,9.0000;
ADD P5 :W0.000000  -0.9000,-9.0000 -0.9023,-8.9477 -0.9091,-8.8958 -0.9204,-8.8447 -0.9362,-8.7948 -0.9562,-8.7464 -0.9804,-8.7000 -1.0085,-8.6559 -1.0404,-8.6143 -1.0757,-8.5757 -1.1143,-8.5404 -1.1559,-8.5085 -1.2000,-8.4804 -1.2464,-8.4562 -1.2948,-8.4362 -1.3447,-8.4204 -1.3958,-8.4091 -1.4477,-8.4023 -1.5000,-8.4000 -1.5523,-8.4023 -1.6042,-8.4091 -1.6553,-8.4204 -1.7052,-8.4362 -1.7536,-8.4562 -1.8000,-8.4804 -1.8441,-8.5085 -1.8857,-8.5404 -1.9243,-8.5757 -1.9596,-8.6143 -1.9915,-8.6559 -2.0196,-8.7000 -2.0438,-8.7464 -2.0638,-8.7948 -2.0796,-8.8447 -2.0909,-8.8958 -2.0977,-8.9477 -2.1000,-9.0000 -2.0977,-9.0523 -2.0909,-9.1042 -2.0796,-9.1553 -2.0638,-9.2052 -2.0438,-9.2536 -2.0196,-9.3000 -1.9915,-9.3441 -1.9596,-9.3857 -1.9243,-9.4243 -1.8857,-9.4596 -1.8441,-9.4915 -1.8000,-9.5196 -1.7536,-9.5438 -1.7052,-9.5638 -1.6553,-9.5796 -1.6042,-9.5909 -1.5523,-9.5977 -1.5000,-9.6000 -1.4477,-9.5977 -1.3958,-9.5909 -1.3447,-9.5796 -1.2948,-9.5638 -1.2464,-9.5438 -1.2000,-9.5196 -1.1559,-9.4915 -1.1143,-9.4596 -1.0757,-9.4243 -1.0404,-9.3857 -1.0085,-9.3441 -0.9804,-9.3000 -0.9562,-9.2536 -0.9362,-9.2052 -0.9204,-9.1553 -0.9091,-9.1042 -0.9023,-9.0523 -0.9000,-9.0000;
ADD P5 :W0.000000  -3.6000,-9.0000 -3.6023,-8.9477 -3.6091,-8.8958 -3.6204,-8.8447 -3.6362,-8.7948 -3.6562,-8.7464 -3.6804,-8.7000 -3.7085,-8.6559 -3.7404,-8.6143 -3.7757,-8.5757 -3.8143,-8.5404 -3.8559,-8.5085 -3.9000,-8.4804 -3.9464,-8.4562 -3.9948,-8.4362 -4.0447,-8.4204 -4.0958,-8.4091 -4.1477,-8.4023 -4.2000,-8.4000 -4.2523,-8.4023 -4.3042,-8.4091 -4.3553,-8.4204 -4.4052,-8.4362 -4.4536,-8.4562 -4.5000,-8.4804 -4.5441,-8.5085 -4.5857,-8.5404 -4.6243,-8.5757 -4.6596,-8.6143 -4.6915,-8.6559 -4.7196,-8.7000 -4.7438,-8.7464 -4.7638,-8.7948 -4.7796,-8.8447 -4.7909,-8.8958 -4.7977,-8.9477 -4.8000,-9.0000 -4.7977,-9.0523 -4.7909,-9.1042 -4.7796,-9.1553 -4.7638,-9.2052 -4.7438,-9.2536 -4.7196,-9.3000 -4.6915,-9.3441 -4.6596,-9.3857 -4.6243,-9.4243 -4.5857,-9.4596 -4.5441,-9.4915 -4.5000,-9.5196 -4.4536,-9.5438 -4.4052,-9.5638 -4.3553,-9.5796 -4.3042,-9.5909 -4.2523,-9.5977 -4.2000,-9.6000 -4.1477,-9.5977 -4.0958,-9.5909 -4.0447,-9.5796 -3.9948,-9.5638 -3.9464,-9.5438 -3.9000,-9.5196 -3.8559,-9.4915 -3.8143,-9.4596 -3.7757,-9.4243 -3.7404,-9.3857 -3.7085,-9.3441 -3.6804,-9.3000 -3.6562,-9.2536 -3.6362,-9.2052 -3.6204,-9.1553 -3.6091,-9.1042 -3.6023,-9.0523 -3.6000,-9.0000;
ADD P5 :W0.000000  1.8000,-9.0000 1.7977,-8.9477 1.7909,-8.8958 1.7796,-8.8447 1.7638,-8.7948 1.7438,-8.7464 1.7196,-8.7000 1.6915,-8.6559 1.6596,-8.6143 1.6243,-8.5757 1.5857,-8.5404 1.5441,-8.5085 1.5000,-8.4804 1.4536,-8.4562 1.4052,-8.4362 1.3553,-8.4204 1.3042,-8.4091 1.2523,-8.4023 1.2000,-8.4000 1.1477,-8.4023 1.0958,-8.4091 1.0447,-8.4204 0.9948,-8.4362 0.9464,-8.4562 0.9000,-8.4804 0.8559,-8.5085 0.8143,-8.5404 0.7757,-8.5757 0.7404,-8.6143 0.7085,-8.6559 0.6804,-8.7000 0.6562,-8.7464 0.6362,-8.7948 0.6204,-8.8447 0.6091,-8.8958 0.6023,-8.9477 0.6000,-9.0000 0.6023,-9.0523 0.6091,-9.1042 0.6204,-9.1553 0.6362,-9.2052 0.6562,-9.2536 0.6804,-9.3000 0.7085,-9.3441 0.7404,-9.3857 0.7757,-9.4243 0.8143,-9.4596 0.8559,-9.4915 0.9000,-9.5196 0.9464,-9.5438 0.9948,-9.5638 1.0447,-9.5796 1.0958,-9.5909 1.1477,-9.5977 1.2000,-9.6000 1.2523,-9.5977 1.3042,-9.5909 1.3553,-9.5796 1.4052,-9.5638 1.4536,-9.5438 1.5000,-9.5196 1.5441,-9.4915 1.5857,-9.4596 1.6243,-9.4243 1.6596,-9.3857 1.6915,-9.3441 1.7196,-9.3000 1.7438,-9.2536 1.7638,-9.2052 1.7796,-9.1553 1.7909,-9.1042 1.7977,-9.0523 1.8000,-9.0000;
ADD P5 :W0.000000  4.5000,-9.0000 4.4977,-8.9477 4.4909,-8.8958 4.4796,-8.8447 4.4638,-8.7948 4.4438,-8.7464 4.4196,-8.7000 4.3915,-8.6559 4.3596,-8.6143 4.3243,-8.5757 4.2857,-8.5404 4.2441,-8.5085 4.2000,-8.4804 4.1536,-8.4562 4.1052,-8.4362 4.0553,-8.4204 4.0042,-8.4091 3.9523,-8.4023 3.9000,-8.4000 3.8477,-8.4023 3.7958,-8.4091 3.7447,-8.4204 3.6948,-8.4362 3.6464,-8.4562 3.6000,-8.4804 3.5559,-8.5085 3.5143,-8.5404 3.4757,-8.5757 3.4404,-8.6143 3.4085,-8.6559 3.3804,-8.7000 3.3562,-8.7464 3.3362,-8.7948 3.3204,-8.8447 3.3091,-8.8958 3.3023,-8.9477 3.3000,-9.0000 3.3023,-9.0523 3.3091,-9.1042 3.3204,-9.1553 3.3362,-9.2052 3.3562,-9.2536 3.3804,-9.3000 3.4085,-9.3441 3.4404,-9.3857 3.4757,-9.4243 3.5143,-9.4596 3.5559,-9.4915 3.6000,-9.5196 3.6464,-9.5438 3.6948,-9.5638 3.7447,-9.5796 3.7958,-9.5909 3.8477,-9.5977 3.9000,-9.6000 3.9523,-9.5977 4.0042,-9.5909 4.0553,-9.5796 4.1052,-9.5638 4.1536,-9.5438 4.2000,-9.5196 4.2441,-9.4915 4.2857,-9.4596 4.3243,-9.4243 4.3596,-9.3857 4.3915,-9.3441 4.4196,-9.3000 4.4438,-9.2536 4.4638,-9.2052 4.4796,-9.1553 4.4909,-9.1042 4.4977,-9.0523 4.5000,-9.0000;
ADD P5 :W0.000000  7.2000,-9.0000 7.1977,-8.9477 7.1909,-8.8958 7.1796,-8.8447 7.1638,-8.7948 7.1438,-8.7464 7.1196,-8.7000 7.0915,-8.6559 7.0596,-8.6143 7.0243,-8.5757 6.9857,-8.5404 6.9441,-8.5085 6.9000,-8.4804 6.8536,-8.4562 6.8052,-8.4362 6.7553,-8.4204 6.7042,-8.4091 6.6523,-8.4023 6.6000,-8.4000 6.5477,-8.4023 6.4958,-8.4091 6.4447,-8.4204 6.3948,-8.4362 6.3464,-8.4562 6.3000,-8.4804 6.2559,-8.5085 6.2143,-8.5404 6.1757,-8.5757 6.1404,-8.6143 6.1085,-8.6559 6.0804,-8.7000 6.0562,-8.7464 6.0362,-8.7948 6.0204,-8.8447 6.0091,-8.8958 6.0023,-8.9477 6.0000,-9.0000 6.0023,-9.0523 6.0091,-9.1042 6.0204,-9.1553 6.0362,-9.2052 6.0562,-9.2536 6.0804,-9.3000 6.1085,-9.3441 6.1404,-9.3857 6.1757,-9.4243 6.2143,-9.4596 6.2559,-9.4915 6.3000,-9.5196 6.3464,-9.5438 6.3948,-9.5638 6.4447,-9.5796 6.4958,-9.5909 6.5477,-9.5977 6.6000,-9.6000 6.6523,-9.5977 6.7042,-9.5909 6.7553,-9.5796 6.8052,-9.5638 6.8536,-9.5438 6.9000,-9.5196 6.9441,-9.4915 6.9857,-9.4596 7.0243,-9.4243 7.0596,-9.3857 7.0915,-9.3441 7.1196,-9.3000 7.1438,-9.2536 7.1638,-9.2052 7.1796,-9.1553 7.1909,-9.1042 7.1977,-9.0523 7.2000,-9.0000;
ADD P5 :W0.000000  9.9000,-9.0000 9.8977,-8.9477 9.8909,-8.8958 9.8796,-8.8447 9.8638,-8.7948 9.8438,-8.7464 9.8196,-8.7000 9.7915,-8.6559 9.7596,-8.6143 9.7243,-8.5757 9.6857,-8.5404 9.6441,-8.5085 9.6000,-8.4804 9.5536,-8.4562 9.5052,-8.4362 9.4553,-8.4204 9.4042,-8.4091 9.3523,-8.4023 9.3000,-8.4000 9.2477,-8.4023 9.1958,-8.4091 9.1447,-8.4204 9.0948,-8.4362 9.0464,-8.4562 9.0000,-8.4804 8.9559,-8.5085 8.9143,-8.5404 8.8757,-8.5757 8.8404,-8.6143 8.8085,-8.6559 8.7804,-8.7000 8.7562,-8.7464 8.7362,-8.7948 8.7204,-8.8447 8.7091,-8.8958 8.7023,-8.9477 8.7000,-9.0000 8.7023,-9.0523 8.7091,-9.1042 8.7204,-9.1553 8.7362,-9.2052 8.7562,-9.2536 8.7804,-9.3000 8.8085,-9.3441 8.8404,-9.3857 8.8757,-9.4243 8.9143,-9.4596 8.9559,-9.4915 9.0000,-9.5196 9.0464,-9.5438 9.0948,-9.5638 9.1447,-9.5796 9.1958,-9.5909 9.2477,-9.5977 9.3000,-9.6000 9.3523,-9.5977 9.4042,-9.5909 9.4553,-9.5796 9.5052,-9.5638 9.5536,-9.5438 9.6000,-9.5196 9.6441,-9.4915 9.6857,-9.4596 9.7243,-9.4243 9.7596,-9.3857 9.7915,-9.3441 9.8196,-9.3000 9.8438,-9.2536 9.8638,-9.2052 9.8796,-9.1553 9.8909,-9.1042 9.8977,-9.0523 9.9000,-9.0000;
ADD P5 :W0.000000  12.6000,-9.0000 12.5977,-8.9477 12.5909,-8.8958 12.5796,-8.8447 12.5638,-8.7948 12.5438,-8.7464 12.5196,-8.7000 12.4915,-8.6559 12.4596,-8.6143 12.4243,-8.5757 12.3857,-8.5404 12.3441,-8.5085 12.3000,-8.4804 12.2536,-8.4562 12.2052,-8.4362 12.1553,-8.4204 12.1042,-8.4091 12.0523,-8.4023 12.0000,-8.4000 11.9477,-8.4023 11.8958,-8.4091 11.8447,-8.4204 11.7948,-8.4362 11.7464,-8.4562 11.7000,-8.4804 11.6559,-8.5085 11.6143,-8.5404 11.5757,-8.5757 11.5404,-8.6143 11.5085,-8.6559 11.4804,-8.7000 11.4562,-8.7464 11.4362,-8.7948 11.4204,-8.8447 11.4091,-8.8958 11.4023,-8.9477 11.4000,-9.0000 11.4023,-9.0523 11.4091,-9.1042 11.4204,-9.1553 11.4362,-9.2052 11.4562,-9.2536 11.4804,-9.3000 11.5085,-9.3441 11.5404,-9.3857 11.5757,-9.4243 11.6143,-9.4596 11.6559,-9.4915 11.7000,-9.5196 11.7464,-9.5438 11.7948,-9.5638 11.8447,-9.5796 11.8958,-9.5909 11.9477,-9.5977 12.0000,-9.6000 12.0523,-9.5977 12.1042,-9.5909 12.1553,-9.5796 12.2052,-9.5638 12.2536,-9.5438 12.3000,-9.5196 12.3441,-9.4915 12.3857,-9.4596 12.4243,-9.4243 12.4596,-9.3857 12.4915,-9.3441 12.5196,-9.3000 12.5438,-9.2536 12.5638,-9.2052 12.5796,-9.1553 12.5909,-9.1042 12.5977,-9.0523 12.6000,-9.0000;
ADD P5 :W0.000000  15.3000,-9.0000 15.2977,-8.9477 15.2909,-8.8958 15.2796,-8.8447 15.2638,-8.7948 15.2438,-8.7464 15.2196,-8.7000 15.1915,-8.6559 15.1596,-8.6143 15.1243,-8.5757 15.0857,-8.5404 15.0441,-8.5085 15.0000,-8.4804 14.9536,-8.4562 14.9052,-8.4362 14.8553,-8.4204 14.8042,-8.4091 14.7523,-8.4023 14.7000,-8.4000 14.6477,-8.4023 14.5958,-8.4091 14.5447,-8.4204 14.4948,-8.4362 14.4464,-8.4562 14.4000,-8.4804 14.3559,-8.5085 14.3143,-8.5404 14.2757,-8.5757 14.2404,-8.6143 14.2085,-8.6559 14.1804,-8.7000 14.1562,-8.7464 14.1362,-8.7948 14.1204,-8.8447 14.1091,-8.8958 14.1023,-8.9477 14.1000,-9.0000 14.1023,-9.0523 14.1091,-9.1042 14.1204,-9.1553 14.1362,-9.2052 14.1562,-9.2536 14.1804,-9.3000 14.2085,-9.3441 14.2404,-9.3857 14.2757,-9.4243 14.3143,-9.4596 14.3559,-9.4915 14.4000,-9.5196 14.4464,-9.5438 14.4948,-9.5638 14.5447,-9.5796 14.5958,-9.5909 14.6477,-9.5977 14.7000,-9.6000 14.7523,-9.5977 14.8042,-9.5909 14.8553,-9.5796 14.9052,-9.5638 14.9536,-9.5438 15.0000,-9.5196 15.0441,-9.4915 15.0857,-9.4596 15.1243,-9.4243 15.1596,-9.3857 15.1915,-9.3441 15.2196,-9.3000 15.2438,-9.2536 15.2638,-9.2052 15.2796,-9.1553 15.2909,-9.1042 15.2977,-9.0523 15.3000,-9.0000;
ADD P5 :W0.000000  18.0000,-9.0000 17.9977,-8.9477 17.9909,-8.8958 17.9796,-8.8447 17.9638,-8.7948 17.9438,-8.7464 17.9196,-8.7000 17.8915,-8.6559 17.8596,-8.6143 17.8243,-8.5757 17.7857,-8.5404 17.7441,-8.5085 17.7000,-8.4804 17.6536,-8.4562 17.6052,-8.4362 17.5553,-8.4204 17.5042,-8.4091 17.4523,-8.4023 17.4000,-8.4000 17.3477,-8.4023 17.2958,-8.4091 17.2447,-8.4204 17.1948,-8.4362 17.1464,-8.4562 17.1000,-8.4804 17.0559,-8.5085 17.0143,-8.5404 16.9757,-8.5757 16.9404,-8.6143 16.9085,-8.6559 16.8804,-8.7000 16.8562,-8.7464 16.8362,-8.7948 16.8204,-8.8447 16.8091,-8.8958 16.8023,-8.9477 16.8000,-9.0000 16.8023,-9.0523 16.8091,-9.1042 16.8204,-9.1553 16.8362,-9.2052 16.8562,-9.2536 16.8804,-9.3000 16.9085,-9.3441 16.9404,-9.3857 16.9757,-9.4243 17.0143,-9.4596 17.0559,-9.4915 17.1000,-9.5196 17.1464,-9.5438 17.1948,-9.5638 17.2447,-9.5796 17.2958,-9.5909 17.3477,-9.5977 17.4000,-9.6000 17.4523,-9.5977 17.5042,-9.5909 17.5553,-9.5796 17.6052,-9.5638 17.6536,-9.5438 17.7000,-9.5196 17.7441,-9.4915 17.7857,-9.4596 17.8243,-9.4243 17.8596,-9.3857 17.8915,-9.3441 17.9196,-9.3000 17.9438,-9.2536 17.9638,-9.2052 17.9796,-9.1553 17.9909,-9.1042 17.9977,-9.0523 18.0000,-9.0000;
ADD P5 :W0.000000  23.4000,-9.0000 23.3977,-8.9477 23.3909,-8.8958 23.3796,-8.8447 23.3638,-8.7948 23.3438,-8.7464 23.3196,-8.7000 23.2915,-8.6559 23.2596,-8.6143 23.2243,-8.5757 23.1857,-8.5404 23.1441,-8.5085 23.1000,-8.4804 23.0536,-8.4562 23.0052,-8.4362 22.9553,-8.4204 22.9042,-8.4091 22.8523,-8.4023 22.8000,-8.4000 22.7477,-8.4023 22.6958,-8.4091 22.6447,-8.4204 22.5948,-8.4362 22.5464,-8.4562 22.5000,-8.4804 22.4559,-8.5085 22.4143,-8.5404 22.3757,-8.5757 22.3404,-8.6143 22.3085,-8.6559 22.2804,-8.7000 22.2562,-8.7464 22.2362,-8.7948 22.2204,-8.8447 22.2091,-8.8958 22.2023,-8.9477 22.2000,-9.0000 22.2023,-9.0523 22.2091,-9.1042 22.2204,-9.1553 22.2362,-9.2052 22.2562,-9.2536 22.2804,-9.3000 22.3085,-9.3441 22.3404,-9.3857 22.3757,-9.4243 22.4143,-9.4596 22.4559,-9.4915 22.5000,-9.5196 22.5464,-9.5438 22.5948,-9.5638 22.6447,-9.5796 22.6958,-9.5909 22.7477,-9.5977 22.8000,-9.6000 22.8523,-9.5977 22.9042,-9.5909 22.9553,-9.5796 23.0052,-9.5638 23.0536,-9.5438 23.1000,-9.5196 23.1441,-9.4915 23.1857,-9.4596 23.2243,-9.4243 23.2596,-9.3857 23.2915,-9.3441 23.3196,-9.3000 23.3438,-9.2536 23.3638,-9.2052 23.3796,-9.1553 23.3909,-9.1042 23.3977,-9.0523 23.4000,-9.0000;
ADD P5 :W0.000000  20.7000,-9.0000 20.6977,-8.9477 20.6909,-8.8958 20.6796,-8.8447 20.6638,-8.7948 20.6438,-8.7464 20.6196,-8.7000 20.5915,-8.6559 20.5596,-8.6143 20.5243,-8.5757 20.4857,-8.5404 20.4441,-8.5085 20.4000,-8.4804 20.3536,-8.4562 20.3052,-8.4362 20.2553,-8.4204 20.2042,-8.4091 20.1523,-8.4023 20.1000,-8.4000 20.0477,-8.4023 19.9958,-8.4091 19.9447,-8.4204 19.8948,-8.4362 19.8464,-8.4562 19.8000,-8.4804 19.7559,-8.5085 19.7143,-8.5404 19.6757,-8.5757 19.6404,-8.6143 19.6085,-8.6559 19.5804,-8.7000 19.5562,-8.7464 19.5362,-8.7948 19.5204,-8.8447 19.5091,-8.8958 19.5023,-8.9477 19.5000,-9.0000 19.5023,-9.0523 19.5091,-9.1042 19.5204,-9.1553 19.5362,-9.2052 19.5562,-9.2536 19.5804,-9.3000 19.6085,-9.3441 19.6404,-9.3857 19.6757,-9.4243 19.7143,-9.4596 19.7559,-9.4915 19.8000,-9.5196 19.8464,-9.5438 19.8948,-9.5638 19.9447,-9.5796 19.9958,-9.5909 20.0477,-9.5977 20.1000,-9.6000 20.1523,-9.5977 20.2042,-9.5909 20.2553,-9.5796 20.3052,-9.5638 20.3536,-9.5438 20.4000,-9.5196 20.4441,-9.4915 20.4857,-9.4596 20.5243,-9.4243 20.5596,-9.3857 20.5915,-9.3441 20.6196,-9.3000 20.6438,-9.2536 20.6638,-9.2052 20.6796,-9.1553 20.6909,-9.1042 20.6977,-9.0523 20.7000,-9.0000;
ADD P5 :W0.000000  31.5000,-9.0000 31.4977,-8.9477 31.4909,-8.8958 31.4796,-8.8447 31.4638,-8.7948 31.4438,-8.7464 31.4196,-8.7000 31.3915,-8.6559 31.3596,-8.6143 31.3243,-8.5757 31.2857,-8.5404 31.2441,-8.5085 31.2000,-8.4804 31.1536,-8.4562 31.1052,-8.4362 31.0553,-8.4204 31.0042,-8.4091 30.9523,-8.4023 30.9000,-8.4000 30.8477,-8.4023 30.7958,-8.4091 30.7447,-8.4204 30.6948,-8.4362 30.6464,-8.4562 30.6000,-8.4804 30.5559,-8.5085 30.5143,-8.5404 30.4757,-8.5757 30.4404,-8.6143 30.4085,-8.6559 30.3804,-8.7000 30.3562,-8.7464 30.3362,-8.7948 30.3204,-8.8447 30.3091,-8.8958 30.3023,-8.9477 30.3000,-9.0000 30.3023,-9.0523 30.3091,-9.1042 30.3204,-9.1553 30.3362,-9.2052 30.3562,-9.2536 30.3804,-9.3000 30.4085,-9.3441 30.4404,-9.3857 30.4757,-9.4243 30.5143,-9.4596 30.5559,-9.4915 30.6000,-9.5196 30.6464,-9.5438 30.6948,-9.5638 30.7447,-9.5796 30.7958,-9.5909 30.8477,-9.5977 30.9000,-9.6000 30.9523,-9.5977 31.0042,-9.5909 31.0553,-9.5796 31.1052,-9.5638 31.1536,-9.5438 31.2000,-9.5196 31.2441,-9.4915 31.2857,-9.4596 31.3243,-9.4243 31.3596,-9.3857 31.3915,-9.3441 31.4196,-9.3000 31.4438,-9.2536 31.4638,-9.2052 31.4796,-9.1553 31.4909,-9.1042 31.4977,-9.0523 31.5000,-9.0000;
ADD P5 :W0.000000  34.2000,-9.0000 34.1977,-8.9477 34.1909,-8.8958 34.1796,-8.8447 34.1638,-8.7948 34.1438,-8.7464 34.1196,-8.7000 34.0915,-8.6559 34.0596,-8.6143 34.0243,-8.5757 33.9857,-8.5404 33.9441,-8.5085 33.9000,-8.4804 33.8536,-8.4562 33.8052,-8.4362 33.7553,-8.4204 33.7042,-8.4091 33.6523,-8.4023 33.6000,-8.4000 33.5477,-8.4023 33.4958,-8.4091 33.4447,-8.4204 33.3948,-8.4362 33.3464,-8.4562 33.3000,-8.4804 33.2559,-8.5085 33.2143,-8.5404 33.1757,-8.5757 33.1404,-8.6143 33.1085,-8.6559 33.0804,-8.7000 33.0562,-8.7464 33.0362,-8.7948 33.0204,-8.8447 33.0091,-8.8958 33.0023,-8.9477 33.0000,-9.0000 33.0023,-9.0523 33.0091,-9.1042 33.0204,-9.1553 33.0362,-9.2052 33.0562,-9.2536 33.0804,-9.3000 33.1085,-9.3441 33.1404,-9.3857 33.1757,-9.4243 33.2143,-9.4596 33.2559,-9.4915 33.3000,-9.5196 33.3464,-9.5438 33.3948,-9.5638 33.4447,-9.5796 33.4958,-9.5909 33.5477,-9.5977 33.6000,-9.6000 33.6523,-9.5977 33.7042,-9.5909 33.7553,-9.5796 33.8052,-9.5638 33.8536,-9.5438 33.9000,-9.5196 33.9441,-9.4915 33.9857,-9.4596 34.0243,-9.4243 34.0596,-9.3857 34.0915,-9.3441 34.1196,-9.3000 34.1438,-9.2536 34.1638,-9.2052 34.1796,-9.1553 34.1909,-9.1042 34.1977,-9.0523 34.2000,-9.0000;
ADD P5 :W0.000000  28.8000,-9.0000 28.7977,-8.9477 28.7909,-8.8958 28.7796,-8.8447 28.7638,-8.7948 28.7438,-8.7464 28.7196,-8.7000 28.6915,-8.6559 28.6596,-8.6143 28.6243,-8.5757 28.5857,-8.5404 28.5441,-8.5085 28.5000,-8.4804 28.4536,-8.4562 28.4052,-8.4362 28.3553,-8.4204 28.3042,-8.4091 28.2523,-8.4023 28.2000,-8.4000 28.1477,-8.4023 28.0958,-8.4091 28.0447,-8.4204 27.9948,-8.4362 27.9464,-8.4562 27.9000,-8.4804 27.8559,-8.5085 27.8143,-8.5404 27.7757,-8.5757 27.7404,-8.6143 27.7085,-8.6559 27.6804,-8.7000 27.6562,-8.7464 27.6362,-8.7948 27.6204,-8.8447 27.6091,-8.8958 27.6023,-8.9477 27.6000,-9.0000 27.6023,-9.0523 27.6091,-9.1042 27.6204,-9.1553 27.6362,-9.2052 27.6562,-9.2536 27.6804,-9.3000 27.7085,-9.3441 27.7404,-9.3857 27.7757,-9.4243 27.8143,-9.4596 27.8559,-9.4915 27.9000,-9.5196 27.9464,-9.5438 27.9948,-9.5638 28.0447,-9.5796 28.0958,-9.5909 28.1477,-9.5977 28.2000,-9.6000 28.2523,-9.5977 28.3042,-9.5909 28.3553,-9.5796 28.4052,-9.5638 28.4536,-9.5438 28.5000,-9.5196 28.5441,-9.4915 28.5857,-9.4596 28.6243,-9.4243 28.6596,-9.3857 28.6915,-9.3441 28.7196,-9.3000 28.7438,-9.2536 28.7638,-9.2052 28.7796,-9.1553 28.7909,-9.1042 28.7977,-9.0523 28.8000,-9.0000;
ADD P5 :W0.000000  26.1000,-9.0000 26.0977,-8.9477 26.0909,-8.8958 26.0796,-8.8447 26.0638,-8.7948 26.0438,-8.7464 26.0196,-8.7000 25.9915,-8.6559 25.9596,-8.6143 25.9243,-8.5757 25.8857,-8.5404 25.8441,-8.5085 25.8000,-8.4804 25.7536,-8.4562 25.7052,-8.4362 25.6553,-8.4204 25.6042,-8.4091 25.5523,-8.4023 25.5000,-8.4000 25.4477,-8.4023 25.3958,-8.4091 25.3447,-8.4204 25.2948,-8.4362 25.2464,-8.4562 25.2000,-8.4804 25.1559,-8.5085 25.1143,-8.5404 25.0757,-8.5757 25.0404,-8.6143 25.0085,-8.6559 24.9804,-8.7000 24.9562,-8.7464 24.9362,-8.7948 24.9204,-8.8447 24.9091,-8.8958 24.9023,-8.9477 24.9000,-9.0000 24.9023,-9.0523 24.9091,-9.1042 24.9204,-9.1553 24.9362,-9.2052 24.9562,-9.2536 24.9804,-9.3000 25.0085,-9.3441 25.0404,-9.3857 25.0757,-9.4243 25.1143,-9.4596 25.1559,-9.4915 25.2000,-9.5196 25.2464,-9.5438 25.2948,-9.5638 25.3447,-9.5796 25.3958,-9.5909 25.4477,-9.5977 25.5000,-9.6000 25.5523,-9.5977 25.6042,-9.5909 25.6553,-9.5796 25.7052,-9.5638 25.7536,-9.5438 25.8000,-9.5196 25.8441,-9.4915 25.8857,-9.4596 25.9243,-9.4243 25.9596,-9.3857 25.9915,-9.3441 26.0196,-9.3000 26.0438,-9.2536 26.0638,-9.2052 26.0796,-9.1553 26.0909,-9.1042 26.0977,-9.0523 26.1000,-9.0000;
ADD P5 :W0.000000  42.3000,-9.0000 42.2977,-8.9477 42.2909,-8.8958 42.2796,-8.8447 42.2638,-8.7948 42.2438,-8.7464 42.2196,-8.7000 42.1915,-8.6559 42.1596,-8.6143 42.1243,-8.5757 42.0857,-8.5404 42.0441,-8.5085 42.0000,-8.4804 41.9536,-8.4562 41.9052,-8.4362 41.8553,-8.4204 41.8042,-8.4091 41.7523,-8.4023 41.7000,-8.4000 41.6477,-8.4023 41.5958,-8.4091 41.5447,-8.4204 41.4948,-8.4362 41.4464,-8.4562 41.4000,-8.4804 41.3559,-8.5085 41.3143,-8.5404 41.2757,-8.5757 41.2404,-8.6143 41.2085,-8.6559 41.1804,-8.7000 41.1562,-8.7464 41.1362,-8.7948 41.1204,-8.8447 41.1091,-8.8958 41.1023,-8.9477 41.1000,-9.0000 41.1023,-9.0523 41.1091,-9.1042 41.1204,-9.1553 41.1362,-9.2052 41.1562,-9.2536 41.1804,-9.3000 41.2085,-9.3441 41.2404,-9.3857 41.2757,-9.4243 41.3143,-9.4596 41.3559,-9.4915 41.4000,-9.5196 41.4464,-9.5438 41.4948,-9.5638 41.5447,-9.5796 41.5958,-9.5909 41.6477,-9.5977 41.7000,-9.6000 41.7523,-9.5977 41.8042,-9.5909 41.8553,-9.5796 41.9052,-9.5638 41.9536,-9.5438 42.0000,-9.5196 42.0441,-9.4915 42.0857,-9.4596 42.1243,-9.4243 42.1596,-9.3857 42.1915,-9.3441 42.2196,-9.3000 42.2438,-9.2536 42.2638,-9.2052 42.2796,-9.1553 42.2909,-9.1042 42.2977,-9.0523 42.3000,-9.0000;
ADD P5 :W0.000000  44.6000,-9.0000 44.5977,-8.9477 44.5909,-8.8958 44.5796,-8.8447 44.5638,-8.7948 44.5438,-8.7464 44.5196,-8.7000 44.4915,-8.6559 44.4596,-8.6143 44.4243,-8.5757 44.3857,-8.5404 44.3441,-8.5085 44.3000,-8.4804 44.2536,-8.4562 44.2052,-8.4362 44.1553,-8.4204 44.1042,-8.4091 44.0523,-8.4023 44.0000,-8.4000 43.9477,-8.4023 43.8958,-8.4091 43.8447,-8.4204 43.7948,-8.4362 43.7464,-8.4562 43.7000,-8.4804 43.6559,-8.5085 43.6143,-8.5404 43.5757,-8.5757 43.5404,-8.6143 43.5085,-8.6559 43.4804,-8.7000 43.4562,-8.7464 43.4362,-8.7948 43.4204,-8.8447 43.4091,-8.8958 43.4023,-8.9477 43.4000,-9.0000 43.4023,-9.0523 43.4091,-9.1042 43.4204,-9.1553 43.4362,-9.2052 43.4562,-9.2536 43.4804,-9.3000 43.5085,-9.3441 43.5404,-9.3857 43.5757,-9.4243 43.6143,-9.4596 43.6559,-9.4915 43.7000,-9.5196 43.7464,-9.5438 43.7948,-9.5638 43.8447,-9.5796 43.8958,-9.5909 43.9477,-9.5977 44.0000,-9.6000 44.0523,-9.5977 44.1042,-9.5909 44.1553,-9.5796 44.2052,-9.5638 44.2536,-9.5438 44.3000,-9.5196 44.3441,-9.4915 44.3857,-9.4596 44.4243,-9.4243 44.4596,-9.3857 44.4915,-9.3441 44.5196,-9.3000 44.5438,-9.2536 44.5638,-9.2052 44.5796,-9.1553 44.5909,-9.1042 44.5977,-9.0523 44.6000,-9.0000;
ADD P5 :W0.000000  39.6000,-9.0000 39.5977,-8.9477 39.5909,-8.8958 39.5796,-8.8447 39.5638,-8.7948 39.5438,-8.7464 39.5196,-8.7000 39.4915,-8.6559 39.4596,-8.6143 39.4243,-8.5757 39.3857,-8.5404 39.3441,-8.5085 39.3000,-8.4804 39.2536,-8.4562 39.2052,-8.4362 39.1553,-8.4204 39.1042,-8.4091 39.0523,-8.4023 39.0000,-8.4000 38.9477,-8.4023 38.8958,-8.4091 38.8447,-8.4204 38.7948,-8.4362 38.7464,-8.4562 38.7000,-8.4804 38.6559,-8.5085 38.6143,-8.5404 38.5757,-8.5757 38.5404,-8.6143 38.5085,-8.6559 38.4804,-8.7000 38.4562,-8.7464 38.4362,-8.7948 38.4204,-8.8447 38.4091,-8.8958 38.4023,-8.9477 38.4000,-9.0000 38.4023,-9.0523 38.4091,-9.1042 38.4204,-9.1553 38.4362,-9.2052 38.4562,-9.2536 38.4804,-9.3000 38.5085,-9.3441 38.5404,-9.3857 38.5757,-9.4243 38.6143,-9.4596 38.6559,-9.4915 38.7000,-9.5196 38.7464,-9.5438 38.7948,-9.5638 38.8447,-9.5796 38.8958,-9.5909 38.9477,-9.5977 39.0000,-9.6000 39.0523,-9.5977 39.1042,-9.5909 39.1553,-9.5796 39.2052,-9.5638 39.2536,-9.5438 39.3000,-9.5196 39.3441,-9.4915 39.3857,-9.4596 39.4243,-9.4243 39.4596,-9.3857 39.4915,-9.3441 39.5196,-9.3000 39.5438,-9.2536 39.5638,-9.2052 39.5796,-9.1553 39.5909,-9.1042 39.5977,-9.0523 39.6000,-9.0000;
ADD P5 :W0.000000  36.9000,-9.0000 36.8977,-8.9477 36.8909,-8.8958 36.8796,-8.8447 36.8638,-8.7948 36.8438,-8.7464 36.8196,-8.7000 36.7915,-8.6559 36.7596,-8.6143 36.7243,-8.5757 36.6857,-8.5404 36.6441,-8.5085 36.6000,-8.4804 36.5536,-8.4562 36.5052,-8.4362 36.4553,-8.4204 36.4042,-8.4091 36.3523,-8.4023 36.3000,-8.4000 36.2477,-8.4023 36.1958,-8.4091 36.1447,-8.4204 36.0948,-8.4362 36.0464,-8.4562 36.0000,-8.4804 35.9559,-8.5085 35.9143,-8.5404 35.8757,-8.5757 35.8404,-8.6143 35.8085,-8.6559 35.7804,-8.7000 35.7562,-8.7464 35.7362,-8.7948 35.7204,-8.8447 35.7091,-8.8958 35.7023,-8.9477 35.7000,-9.0000 35.7023,-9.0523 35.7091,-9.1042 35.7204,-9.1553 35.7362,-9.2052 35.7562,-9.2536 35.7804,-9.3000 35.8085,-9.3441 35.8404,-9.3857 35.8757,-9.4243 35.9143,-9.4596 35.9559,-9.4915 36.0000,-9.5196 36.0464,-9.5438 36.0948,-9.5638 36.1447,-9.5796 36.1958,-9.5909 36.2477,-9.5977 36.3000,-9.6000 36.3523,-9.5977 36.4042,-9.5909 36.4553,-9.5796 36.5052,-9.5638 36.5536,-9.5438 36.6000,-9.5196 36.6441,-9.4915 36.6857,-9.4596 36.7243,-9.4243 36.7596,-9.3857 36.7915,-9.3441 36.8196,-9.3000 36.8438,-9.2536 36.8638,-9.2052 36.8796,-9.1553 36.8909,-9.1042 36.8977,-9.0523 36.9000,-9.0000;
ADD P5 :W0.000000  -3.5500,-7.2000 -3.5523,-7.1477 -3.5591,-7.0958 -3.5704,-7.0447 -3.5862,-6.9948 -3.6062,-6.9464 -3.6304,-6.9000 -3.6585,-6.8559 -3.6904,-6.8143 -3.7257,-6.7757 -3.7643,-6.7404 -3.8059,-6.7085 -3.8500,-6.6804 -3.8964,-6.6562 -3.9448,-6.6362 -3.9947,-6.6204 -4.0458,-6.6091 -4.0977,-6.6023 -4.1500,-6.6000 -4.2023,-6.6023 -4.2542,-6.6091 -4.3053,-6.6204 -4.3552,-6.6362 -4.4036,-6.6562 -4.4500,-6.6804 -4.4941,-6.7085 -4.5357,-6.7404 -4.5743,-6.7757 -4.6096,-6.8143 -4.6415,-6.8559 -4.6696,-6.9000 -4.6938,-6.9464 -4.7138,-6.9948 -4.7296,-7.0447 -4.7409,-7.0958 -4.7477,-7.1477 -4.7500,-7.2000 -4.7477,-7.2523 -4.7409,-7.3042 -4.7296,-7.3553 -4.7138,-7.4052 -4.6938,-7.4536 -4.6696,-7.5000 -4.6415,-7.5441 -4.6096,-7.5857 -4.5743,-7.6243 -4.5357,-7.6596 -4.4941,-7.6915 -4.4500,-7.7196 -4.4036,-7.7438 -4.3552,-7.7638 -4.3053,-7.7796 -4.2542,-7.7909 -4.2023,-7.7977 -4.1500,-7.8000 -4.0977,-7.7977 -4.0458,-7.7909 -3.9947,-7.7796 -3.9448,-7.7638 -3.8964,-7.7438 -3.8500,-7.7196 -3.8059,-7.6915 -3.7643,-7.6596 -3.7257,-7.6243 -3.6904,-7.5857 -3.6585,-7.5441 -3.6304,-7.5000 -3.6062,-7.4536 -3.5862,-7.4052 -3.5704,-7.3553 -3.5591,-7.3042 -3.5523,-7.2523 -3.5500,-7.2000;
ADD P5 :W0.000000  -0.8500,-7.2000 -0.8523,-7.1477 -0.8591,-7.0958 -0.8704,-7.0447 -0.8862,-6.9948 -0.9062,-6.9464 -0.9304,-6.9000 -0.9585,-6.8559 -0.9904,-6.8143 -1.0257,-6.7757 -1.0643,-6.7404 -1.1059,-6.7085 -1.1500,-6.6804 -1.1964,-6.6562 -1.2448,-6.6362 -1.2947,-6.6204 -1.3458,-6.6091 -1.3977,-6.6023 -1.4500,-6.6000 -1.5023,-6.6023 -1.5542,-6.6091 -1.6053,-6.6204 -1.6552,-6.6362 -1.7036,-6.6562 -1.7500,-6.6804 -1.7941,-6.7085 -1.8357,-6.7404 -1.8743,-6.7757 -1.9096,-6.8143 -1.9415,-6.8559 -1.9696,-6.9000 -1.9938,-6.9464 -2.0138,-6.9948 -2.0296,-7.0447 -2.0409,-7.0958 -2.0477,-7.1477 -2.0500,-7.2000 -2.0477,-7.2523 -2.0409,-7.3042 -2.0296,-7.3553 -2.0138,-7.4052 -1.9938,-7.4536 -1.9696,-7.5000 -1.9415,-7.5441 -1.9096,-7.5857 -1.8743,-7.6243 -1.8357,-7.6596 -1.7941,-7.6915 -1.7500,-7.7196 -1.7036,-7.7438 -1.6552,-7.7638 -1.6053,-7.7796 -1.5542,-7.7909 -1.5023,-7.7977 -1.4500,-7.8000 -1.3977,-7.7977 -1.3458,-7.7909 -1.2947,-7.7796 -1.2448,-7.7638 -1.1964,-7.7438 -1.1500,-7.7196 -1.1059,-7.6915 -1.0643,-7.6596 -1.0257,-7.6243 -0.9904,-7.5857 -0.9585,-7.5441 -0.9304,-7.5000 -0.9062,-7.4536 -0.8862,-7.4052 -0.8704,-7.3553 -0.8591,-7.3042 -0.8523,-7.2523 -0.8500,-7.2000;
ADD P5 :W0.000000  -3.5500,-1.8000 -3.5523,-1.7477 -3.5591,-1.6958 -3.5704,-1.6447 -3.5862,-1.5948 -3.6062,-1.5464 -3.6304,-1.5000 -3.6585,-1.4559 -3.6904,-1.4143 -3.7257,-1.3757 -3.7643,-1.3404 -3.8059,-1.3085 -3.8500,-1.2804 -3.8964,-1.2562 -3.9448,-1.2362 -3.9947,-1.2204 -4.0458,-1.2091 -4.0977,-1.2023 -4.1500,-1.2000 -4.2023,-1.2023 -4.2542,-1.2091 -4.3053,-1.2204 -4.3552,-1.2362 -4.4036,-1.2562 -4.4500,-1.2804 -4.4941,-1.3085 -4.5357,-1.3404 -4.5743,-1.3757 -4.6096,-1.4143 -4.6415,-1.4559 -4.6696,-1.5000 -4.6938,-1.5464 -4.7138,-1.5948 -4.7296,-1.6447 -4.7409,-1.6958 -4.7477,-1.7477 -4.7500,-1.8000 -4.7477,-1.8523 -4.7409,-1.9042 -4.7296,-1.9553 -4.7138,-2.0052 -4.6938,-2.0536 -4.6696,-2.1000 -4.6415,-2.1441 -4.6096,-2.1857 -4.5743,-2.2243 -4.5357,-2.2596 -4.4941,-2.2915 -4.4500,-2.3196 -4.4036,-2.3438 -4.3552,-2.3638 -4.3053,-2.3796 -4.2542,-2.3909 -4.2023,-2.3977 -4.1500,-2.4000 -4.0977,-2.3977 -4.0458,-2.3909 -3.9947,-2.3796 -3.9448,-2.3638 -3.8964,-2.3438 -3.8500,-2.3196 -3.8059,-2.2915 -3.7643,-2.2596 -3.7257,-2.2243 -3.6904,-2.1857 -3.6585,-2.1441 -3.6304,-2.1000 -3.6062,-2.0536 -3.5862,-2.0052 -3.5704,-1.9553 -3.5591,-1.9042 -3.5523,-1.8523 -3.5500,-1.8000;
ADD P5 :W0.000000  -0.8500,-4.5000 -0.8523,-4.4477 -0.8591,-4.3958 -0.8704,-4.3447 -0.8862,-4.2948 -0.9062,-4.2464 -0.9304,-4.2000 -0.9585,-4.1559 -0.9904,-4.1143 -1.0257,-4.0757 -1.0643,-4.0404 -1.1059,-4.0085 -1.1500,-3.9804 -1.1964,-3.9562 -1.2448,-3.9362 -1.2947,-3.9204 -1.3458,-3.9091 -1.3977,-3.9023 -1.4500,-3.9000 -1.5023,-3.9023 -1.5542,-3.9091 -1.6053,-3.9204 -1.6552,-3.9362 -1.7036,-3.9562 -1.7500,-3.9804 -1.7941,-4.0085 -1.8357,-4.0404 -1.8743,-4.0757 -1.9096,-4.1143 -1.9415,-4.1559 -1.9696,-4.2000 -1.9938,-4.2464 -2.0138,-4.2948 -2.0296,-4.3447 -2.0409,-4.3958 -2.0477,-4.4477 -2.0500,-4.5000 -2.0477,-4.5523 -2.0409,-4.6042 -2.0296,-4.6553 -2.0138,-4.7052 -1.9938,-4.7536 -1.9696,-4.8000 -1.9415,-4.8441 -1.9096,-4.8857 -1.8743,-4.9243 -1.8357,-4.9596 -1.7941,-4.9915 -1.7500,-5.0196 -1.7036,-5.0438 -1.6552,-5.0638 -1.6053,-5.0796 -1.5542,-5.0909 -1.5023,-5.0977 -1.4500,-5.1000 -1.3977,-5.0977 -1.3458,-5.0909 -1.2947,-5.0796 -1.2448,-5.0638 -1.1964,-5.0438 -1.1500,-5.0196 -1.1059,-4.9915 -1.0643,-4.9596 -1.0257,-4.9243 -0.9904,-4.8857 -0.9585,-4.8441 -0.9304,-4.8000 -0.9062,-4.7536 -0.8862,-4.7052 -0.8704,-4.6553 -0.8591,-4.6042 -0.8523,-4.5523 -0.8500,-4.5000;
ADD P5 :W0.000000  -3.5500,-4.5000 -3.5523,-4.4477 -3.5591,-4.3958 -3.5704,-4.3447 -3.5862,-4.2948 -3.6062,-4.2464 -3.6304,-4.2000 -3.6585,-4.1559 -3.6904,-4.1143 -3.7257,-4.0757 -3.7643,-4.0404 -3.8059,-4.0085 -3.8500,-3.9804 -3.8964,-3.9562 -3.9448,-3.9362 -3.9947,-3.9204 -4.0458,-3.9091 -4.0977,-3.9023 -4.1500,-3.9000 -4.2023,-3.9023 -4.2542,-3.9091 -4.3053,-3.9204 -4.3552,-3.9362 -4.4036,-3.9562 -4.4500,-3.9804 -4.4941,-4.0085 -4.5357,-4.0404 -4.5743,-4.0757 -4.6096,-4.1143 -4.6415,-4.1559 -4.6696,-4.2000 -4.6938,-4.2464 -4.7138,-4.2948 -4.7296,-4.3447 -4.7409,-4.3958 -4.7477,-4.4477 -4.7500,-4.5000 -4.7477,-4.5523 -4.7409,-4.6042 -4.7296,-4.6553 -4.7138,-4.7052 -4.6938,-4.7536 -4.6696,-4.8000 -4.6415,-4.8441 -4.6096,-4.8857 -4.5743,-4.9243 -4.5357,-4.9596 -4.4941,-4.9915 -4.4500,-5.0196 -4.4036,-5.0438 -4.3552,-5.0638 -4.3053,-5.0796 -4.2542,-5.0909 -4.2023,-5.0977 -4.1500,-5.1000 -4.0977,-5.0977 -4.0458,-5.0909 -3.9947,-5.0796 -3.9448,-5.0638 -3.8964,-5.0438 -3.8500,-5.0196 -3.8059,-4.9915 -3.7643,-4.9596 -3.7257,-4.9243 -3.6904,-4.8857 -3.6585,-4.8441 -3.6304,-4.8000 -3.6062,-4.7536 -3.5862,-4.7052 -3.5704,-4.6553 -3.5591,-4.6042 -3.5523,-4.5523 -3.5500,-4.5000;
ADD P5 :W0.000000  -0.8500,-1.8000 -0.8523,-1.7477 -0.8591,-1.6958 -0.8704,-1.6447 -0.8862,-1.5948 -0.9062,-1.5464 -0.9304,-1.5000 -0.9585,-1.4559 -0.9904,-1.4143 -1.0257,-1.3757 -1.0643,-1.3404 -1.1059,-1.3085 -1.1500,-1.2804 -1.1964,-1.2562 -1.2448,-1.2362 -1.2947,-1.2204 -1.3458,-1.2091 -1.3977,-1.2023 -1.4500,-1.2000 -1.5023,-1.2023 -1.5542,-1.2091 -1.6053,-1.2204 -1.6552,-1.2362 -1.7036,-1.2562 -1.7500,-1.2804 -1.7941,-1.3085 -1.8357,-1.3404 -1.8743,-1.3757 -1.9096,-1.4143 -1.9415,-1.4559 -1.9696,-1.5000 -1.9938,-1.5464 -2.0138,-1.5948 -2.0296,-1.6447 -2.0409,-1.6958 -2.0477,-1.7477 -2.0500,-1.8000 -2.0477,-1.8523 -2.0409,-1.9042 -2.0296,-1.9553 -2.0138,-2.0052 -1.9938,-2.0536 -1.9696,-2.1000 -1.9415,-2.1441 -1.9096,-2.1857 -1.8743,-2.2243 -1.8357,-2.2596 -1.7941,-2.2915 -1.7500,-2.3196 -1.7036,-2.3438 -1.6552,-2.3638 -1.6053,-2.3796 -1.5542,-2.3909 -1.5023,-2.3977 -1.4500,-2.4000 -1.3977,-2.3977 -1.3458,-2.3909 -1.2947,-2.3796 -1.2448,-2.3638 -1.1964,-2.3438 -1.1500,-2.3196 -1.1059,-2.2915 -1.0643,-2.2596 -1.0257,-2.2243 -0.9904,-2.1857 -0.9585,-2.1441 -0.9304,-2.1000 -0.9062,-2.0536 -0.8862,-2.0052 -0.8704,-1.9553 -0.8591,-1.9042 -0.8523,-1.8523 -0.8500,-1.8000;
ADD P5 :W0.000000  4.5500,-4.5000 4.5477,-4.4477 4.5409,-4.3958 4.5296,-4.3447 4.5138,-4.2948 4.4938,-4.2464 4.4696,-4.2000 4.4415,-4.1559 4.4096,-4.1143 4.3743,-4.0757 4.3357,-4.0404 4.2941,-4.0085 4.2500,-3.9804 4.2036,-3.9562 4.1552,-3.9362 4.1053,-3.9204 4.0542,-3.9091 4.0023,-3.9023 3.9500,-3.9000 3.8977,-3.9023 3.8458,-3.9091 3.7947,-3.9204 3.7448,-3.9362 3.6964,-3.9562 3.6500,-3.9804 3.6059,-4.0085 3.5643,-4.0404 3.5257,-4.0757 3.4904,-4.1143 3.4585,-4.1559 3.4304,-4.2000 3.4062,-4.2464 3.3862,-4.2948 3.3704,-4.3447 3.3591,-4.3958 3.3523,-4.4477 3.3500,-4.5000 3.3523,-4.5523 3.3591,-4.6042 3.3704,-4.6553 3.3862,-4.7052 3.4062,-4.7536 3.4304,-4.8000 3.4585,-4.8441 3.4904,-4.8857 3.5257,-4.9243 3.5643,-4.9596 3.6059,-4.9915 3.6500,-5.0196 3.6964,-5.0438 3.7448,-5.0638 3.7947,-5.0796 3.8458,-5.0909 3.8977,-5.0977 3.9500,-5.1000 4.0023,-5.0977 4.0542,-5.0909 4.1053,-5.0796 4.1552,-5.0638 4.2036,-5.0438 4.2500,-5.0196 4.2941,-4.9915 4.3357,-4.9596 4.3743,-4.9243 4.4096,-4.8857 4.4415,-4.8441 4.4696,-4.8000 4.4938,-4.7536 4.5138,-4.7052 4.5296,-4.6553 4.5409,-4.6042 4.5477,-4.5523 4.5500,-4.5000;
ADD P5 :W0.000000  4.5500,-1.8000 4.5477,-1.7477 4.5409,-1.6958 4.5296,-1.6447 4.5138,-1.5948 4.4938,-1.5464 4.4696,-1.5000 4.4415,-1.4559 4.4096,-1.4143 4.3743,-1.3757 4.3357,-1.3404 4.2941,-1.3085 4.2500,-1.2804 4.2036,-1.2562 4.1552,-1.2362 4.1053,-1.2204 4.0542,-1.2091 4.0023,-1.2023 3.9500,-1.2000 3.8977,-1.2023 3.8458,-1.2091 3.7947,-1.2204 3.7448,-1.2362 3.6964,-1.2562 3.6500,-1.2804 3.6059,-1.3085 3.5643,-1.3404 3.5257,-1.3757 3.4904,-1.4143 3.4585,-1.4559 3.4304,-1.5000 3.4062,-1.5464 3.3862,-1.5948 3.3704,-1.6447 3.3591,-1.6958 3.3523,-1.7477 3.3500,-1.8000 3.3523,-1.8523 3.3591,-1.9042 3.3704,-1.9553 3.3862,-2.0052 3.4062,-2.0536 3.4304,-2.1000 3.4585,-2.1441 3.4904,-2.1857 3.5257,-2.2243 3.5643,-2.2596 3.6059,-2.2915 3.6500,-2.3196 3.6964,-2.3438 3.7448,-2.3638 3.7947,-2.3796 3.8458,-2.3909 3.8977,-2.3977 3.9500,-2.4000 4.0023,-2.3977 4.0542,-2.3909 4.1053,-2.3796 4.1552,-2.3638 4.2036,-2.3438 4.2500,-2.3196 4.2941,-2.2915 4.3357,-2.2596 4.3743,-2.2243 4.4096,-2.1857 4.4415,-2.1441 4.4696,-2.1000 4.4938,-2.0536 4.5138,-2.0052 4.5296,-1.9553 4.5409,-1.9042 4.5477,-1.8523 4.5500,-1.8000;
ADD P5 :W0.000000  1.8500,-7.2000 1.8477,-7.1477 1.8409,-7.0958 1.8296,-7.0447 1.8138,-6.9948 1.7938,-6.9464 1.7696,-6.9000 1.7415,-6.8559 1.7096,-6.8143 1.6743,-6.7757 1.6357,-6.7404 1.5941,-6.7085 1.5500,-6.6804 1.5036,-6.6562 1.4552,-6.6362 1.4053,-6.6204 1.3542,-6.6091 1.3023,-6.6023 1.2500,-6.6000 1.1977,-6.6023 1.1458,-6.6091 1.0947,-6.6204 1.0448,-6.6362 0.9964,-6.6562 0.9500,-6.6804 0.9059,-6.7085 0.8643,-6.7404 0.8257,-6.7757 0.7904,-6.8143 0.7585,-6.8559 0.7304,-6.9000 0.7062,-6.9464 0.6862,-6.9948 0.6704,-7.0447 0.6591,-7.0958 0.6523,-7.1477 0.6500,-7.2000 0.6523,-7.2523 0.6591,-7.3042 0.6704,-7.3553 0.6862,-7.4052 0.7062,-7.4536 0.7304,-7.5000 0.7585,-7.5441 0.7904,-7.5857 0.8257,-7.6243 0.8643,-7.6596 0.9059,-7.6915 0.9500,-7.7196 0.9964,-7.7438 1.0448,-7.7638 1.0947,-7.7796 1.1458,-7.7909 1.1977,-7.7977 1.2500,-7.8000 1.3023,-7.7977 1.3542,-7.7909 1.4053,-7.7796 1.4552,-7.7638 1.5036,-7.7438 1.5500,-7.7196 1.5941,-7.6915 1.6357,-7.6596 1.6743,-7.6243 1.7096,-7.5857 1.7415,-7.5441 1.7696,-7.5000 1.7938,-7.4536 1.8138,-7.4052 1.8296,-7.3553 1.8409,-7.3042 1.8477,-7.2523 1.8500,-7.2000;
ADD P5 :W0.000000  4.5500,-7.2000 4.5477,-7.1477 4.5409,-7.0958 4.5296,-7.0447 4.5138,-6.9948 4.4938,-6.9464 4.4696,-6.9000 4.4415,-6.8559 4.4096,-6.8143 4.3743,-6.7757 4.3357,-6.7404 4.2941,-6.7085 4.2500,-6.6804 4.2036,-6.6562 4.1552,-6.6362 4.1053,-6.6204 4.0542,-6.6091 4.0023,-6.6023 3.9500,-6.6000 3.8977,-6.6023 3.8458,-6.6091 3.7947,-6.6204 3.7448,-6.6362 3.6964,-6.6562 3.6500,-6.6804 3.6059,-6.7085 3.5643,-6.7404 3.5257,-6.7757 3.4904,-6.8143 3.4585,-6.8559 3.4304,-6.9000 3.4062,-6.9464 3.3862,-6.9948 3.3704,-7.0447 3.3591,-7.0958 3.3523,-7.1477 3.3500,-7.2000 3.3523,-7.2523 3.3591,-7.3042 3.3704,-7.3553 3.3862,-7.4052 3.4062,-7.4536 3.4304,-7.5000 3.4585,-7.5441 3.4904,-7.5857 3.5257,-7.6243 3.5643,-7.6596 3.6059,-7.6915 3.6500,-7.7196 3.6964,-7.7438 3.7448,-7.7638 3.7947,-7.7796 3.8458,-7.7909 3.8977,-7.7977 3.9500,-7.8000 4.0023,-7.7977 4.0542,-7.7909 4.1053,-7.7796 4.1552,-7.7638 4.2036,-7.7438 4.2500,-7.7196 4.2941,-7.6915 4.3357,-7.6596 4.3743,-7.6243 4.4096,-7.5857 4.4415,-7.5441 4.4696,-7.5000 4.4938,-7.4536 4.5138,-7.4052 4.5296,-7.3553 4.5409,-7.3042 4.5477,-7.2523 4.5500,-7.2000;
ADD P5 :W0.000000  1.8500,-1.8000 1.8477,-1.7477 1.8409,-1.6958 1.8296,-1.6447 1.8138,-1.5948 1.7938,-1.5464 1.7696,-1.5000 1.7415,-1.4559 1.7096,-1.4143 1.6743,-1.3757 1.6357,-1.3404 1.5941,-1.3085 1.5500,-1.2804 1.5036,-1.2562 1.4552,-1.2362 1.4053,-1.2204 1.3542,-1.2091 1.3023,-1.2023 1.2500,-1.2000 1.1977,-1.2023 1.1458,-1.2091 1.0947,-1.2204 1.0448,-1.2362 0.9964,-1.2562 0.9500,-1.2804 0.9059,-1.3085 0.8643,-1.3404 0.8257,-1.3757 0.7904,-1.4143 0.7585,-1.4559 0.7304,-1.5000 0.7062,-1.5464 0.6862,-1.5948 0.6704,-1.6447 0.6591,-1.6958 0.6523,-1.7477 0.6500,-1.8000 0.6523,-1.8523 0.6591,-1.9042 0.6704,-1.9553 0.6862,-2.0052 0.7062,-2.0536 0.7304,-2.1000 0.7585,-2.1441 0.7904,-2.1857 0.8257,-2.2243 0.8643,-2.2596 0.9059,-2.2915 0.9500,-2.3196 0.9964,-2.3438 1.0448,-2.3638 1.0947,-2.3796 1.1458,-2.3909 1.1977,-2.3977 1.2500,-2.4000 1.3023,-2.3977 1.3542,-2.3909 1.4053,-2.3796 1.4552,-2.3638 1.5036,-2.3438 1.5500,-2.3196 1.5941,-2.2915 1.6357,-2.2596 1.6743,-2.2243 1.7096,-2.1857 1.7415,-2.1441 1.7696,-2.1000 1.7938,-2.0536 1.8138,-2.0052 1.8296,-1.9553 1.8409,-1.9042 1.8477,-1.8523 1.8500,-1.8000;
ADD P5 :W0.000000  1.8500,-4.5000 1.8477,-4.4477 1.8409,-4.3958 1.8296,-4.3447 1.8138,-4.2948 1.7938,-4.2464 1.7696,-4.2000 1.7415,-4.1559 1.7096,-4.1143 1.6743,-4.0757 1.6357,-4.0404 1.5941,-4.0085 1.5500,-3.9804 1.5036,-3.9562 1.4552,-3.9362 1.4053,-3.9204 1.3542,-3.9091 1.3023,-3.9023 1.2500,-3.9000 1.1977,-3.9023 1.1458,-3.9091 1.0947,-3.9204 1.0448,-3.9362 0.9964,-3.9562 0.9500,-3.9804 0.9059,-4.0085 0.8643,-4.0404 0.8257,-4.0757 0.7904,-4.1143 0.7585,-4.1559 0.7304,-4.2000 0.7062,-4.2464 0.6862,-4.2948 0.6704,-4.3447 0.6591,-4.3958 0.6523,-4.4477 0.6500,-4.5000 0.6523,-4.5523 0.6591,-4.6042 0.6704,-4.6553 0.6862,-4.7052 0.7062,-4.7536 0.7304,-4.8000 0.7585,-4.8441 0.7904,-4.8857 0.8257,-4.9243 0.8643,-4.9596 0.9059,-4.9915 0.9500,-5.0196 0.9964,-5.0438 1.0448,-5.0638 1.0947,-5.0796 1.1458,-5.0909 1.1977,-5.0977 1.2500,-5.1000 1.3023,-5.0977 1.3542,-5.0909 1.4053,-5.0796 1.4552,-5.0638 1.5036,-5.0438 1.5500,-5.0196 1.5941,-4.9915 1.6357,-4.9596 1.6743,-4.9243 1.7096,-4.8857 1.7415,-4.8441 1.7696,-4.8000 1.7938,-4.7536 1.8138,-4.7052 1.8296,-4.6553 1.8409,-4.6042 1.8477,-4.5523 1.8500,-4.5000;
ADD P5 :W0.000000  9.9500,-7.2000 9.9477,-7.1477 9.9409,-7.0958 9.9296,-7.0447 9.9138,-6.9948 9.8938,-6.9464 9.8696,-6.9000 9.8415,-6.8559 9.8096,-6.8143 9.7743,-6.7757 9.7357,-6.7404 9.6941,-6.7085 9.6500,-6.6804 9.6036,-6.6562 9.5552,-6.6362 9.5053,-6.6204 9.4542,-6.6091 9.4023,-6.6023 9.3500,-6.6000 9.2977,-6.6023 9.2458,-6.6091 9.1947,-6.6204 9.1448,-6.6362 9.0964,-6.6562 9.0500,-6.6804 9.0059,-6.7085 8.9643,-6.7404 8.9257,-6.7757 8.8904,-6.8143 8.8585,-6.8559 8.8304,-6.9000 8.8062,-6.9464 8.7862,-6.9948 8.7704,-7.0447 8.7591,-7.0958 8.7523,-7.1477 8.7500,-7.2000 8.7523,-7.2523 8.7591,-7.3042 8.7704,-7.3553 8.7862,-7.4052 8.8062,-7.4536 8.8304,-7.5000 8.8585,-7.5441 8.8904,-7.5857 8.9257,-7.6243 8.9643,-7.6596 9.0059,-7.6915 9.0500,-7.7196 9.0964,-7.7438 9.1448,-7.7638 9.1947,-7.7796 9.2458,-7.7909 9.2977,-7.7977 9.3500,-7.8000 9.4023,-7.7977 9.4542,-7.7909 9.5053,-7.7796 9.5552,-7.7638 9.6036,-7.7438 9.6500,-7.7196 9.6941,-7.6915 9.7357,-7.6596 9.7743,-7.6243 9.8096,-7.5857 9.8415,-7.5441 9.8696,-7.5000 9.8938,-7.4536 9.9138,-7.4052 9.9296,-7.3553 9.9409,-7.3042 9.9477,-7.2523 9.9500,-7.2000;
ADD P5 :W0.000000  9.9500,-4.5000 9.9477,-4.4477 9.9409,-4.3958 9.9296,-4.3447 9.9138,-4.2948 9.8938,-4.2464 9.8696,-4.2000 9.8415,-4.1559 9.8096,-4.1143 9.7743,-4.0757 9.7357,-4.0404 9.6941,-4.0085 9.6500,-3.9804 9.6036,-3.9562 9.5552,-3.9362 9.5053,-3.9204 9.4542,-3.9091 9.4023,-3.9023 9.3500,-3.9000 9.2977,-3.9023 9.2458,-3.9091 9.1947,-3.9204 9.1448,-3.9362 9.0964,-3.9562 9.0500,-3.9804 9.0059,-4.0085 8.9643,-4.0404 8.9257,-4.0757 8.8904,-4.1143 8.8585,-4.1559 8.8304,-4.2000 8.8062,-4.2464 8.7862,-4.2948 8.7704,-4.3447 8.7591,-4.3958 8.7523,-4.4477 8.7500,-4.5000 8.7523,-4.5523 8.7591,-4.6042 8.7704,-4.6553 8.7862,-4.7052 8.8062,-4.7536 8.8304,-4.8000 8.8585,-4.8441 8.8904,-4.8857 8.9257,-4.9243 8.9643,-4.9596 9.0059,-4.9915 9.0500,-5.0196 9.0964,-5.0438 9.1448,-5.0638 9.1947,-5.0796 9.2458,-5.0909 9.2977,-5.0977 9.3500,-5.1000 9.4023,-5.0977 9.4542,-5.0909 9.5053,-5.0796 9.5552,-5.0638 9.6036,-5.0438 9.6500,-5.0196 9.6941,-4.9915 9.7357,-4.9596 9.7743,-4.9243 9.8096,-4.8857 9.8415,-4.8441 9.8696,-4.8000 9.8938,-4.7536 9.9138,-4.7052 9.9296,-4.6553 9.9409,-4.6042 9.9477,-4.5523 9.9500,-4.5000;
ADD P5 :W0.000000  9.9500,-1.8000 9.9477,-1.7477 9.9409,-1.6958 9.9296,-1.6447 9.9138,-1.5948 9.8938,-1.5464 9.8696,-1.5000 9.8415,-1.4559 9.8096,-1.4143 9.7743,-1.3757 9.7357,-1.3404 9.6941,-1.3085 9.6500,-1.2804 9.6036,-1.2562 9.5552,-1.2362 9.5053,-1.2204 9.4542,-1.2091 9.4023,-1.2023 9.3500,-1.2000 9.2977,-1.2023 9.2458,-1.2091 9.1947,-1.2204 9.1448,-1.2362 9.0964,-1.2562 9.0500,-1.2804 9.0059,-1.3085 8.9643,-1.3404 8.9257,-1.3757 8.8904,-1.4143 8.8585,-1.4559 8.8304,-1.5000 8.8062,-1.5464 8.7862,-1.5948 8.7704,-1.6447 8.7591,-1.6958 8.7523,-1.7477 8.7500,-1.8000 8.7523,-1.8523 8.7591,-1.9042 8.7704,-1.9553 8.7862,-2.0052 8.8062,-2.0536 8.8304,-2.1000 8.8585,-2.1441 8.8904,-2.1857 8.9257,-2.2243 8.9643,-2.2596 9.0059,-2.2915 9.0500,-2.3196 9.0964,-2.3438 9.1448,-2.3638 9.1947,-2.3796 9.2458,-2.3909 9.2977,-2.3977 9.3500,-2.4000 9.4023,-2.3977 9.4542,-2.3909 9.5053,-2.3796 9.5552,-2.3638 9.6036,-2.3438 9.6500,-2.3196 9.6941,-2.2915 9.7357,-2.2596 9.7743,-2.2243 9.8096,-2.1857 9.8415,-2.1441 9.8696,-2.1000 9.8938,-2.0536 9.9138,-2.0052 9.9296,-1.9553 9.9409,-1.9042 9.9477,-1.8523 9.9500,-1.8000;
ADD P5 :W0.000000  7.2500,-7.2000 7.2477,-7.1477 7.2409,-7.0958 7.2296,-7.0447 7.2138,-6.9948 7.1938,-6.9464 7.1696,-6.9000 7.1415,-6.8559 7.1096,-6.8143 7.0743,-6.7757 7.0357,-6.7404 6.9941,-6.7085 6.9500,-6.6804 6.9036,-6.6562 6.8552,-6.6362 6.8053,-6.6204 6.7542,-6.6091 6.7023,-6.6023 6.6500,-6.6000 6.5977,-6.6023 6.5458,-6.6091 6.4947,-6.6204 6.4448,-6.6362 6.3964,-6.6562 6.3500,-6.6804 6.3059,-6.7085 6.2643,-6.7404 6.2257,-6.7757 6.1904,-6.8143 6.1585,-6.8559 6.1304,-6.9000 6.1062,-6.9464 6.0862,-6.9948 6.0704,-7.0447 6.0591,-7.0958 6.0523,-7.1477 6.0500,-7.2000 6.0523,-7.2523 6.0591,-7.3042 6.0704,-7.3553 6.0862,-7.4052 6.1062,-7.4536 6.1304,-7.5000 6.1585,-7.5441 6.1904,-7.5857 6.2257,-7.6243 6.2643,-7.6596 6.3059,-7.6915 6.3500,-7.7196 6.3964,-7.7438 6.4448,-7.7638 6.4947,-7.7796 6.5458,-7.7909 6.5977,-7.7977 6.6500,-7.8000 6.7023,-7.7977 6.7542,-7.7909 6.8053,-7.7796 6.8552,-7.7638 6.9036,-7.7438 6.9500,-7.7196 6.9941,-7.6915 7.0357,-7.6596 7.0743,-7.6243 7.1096,-7.5857 7.1415,-7.5441 7.1696,-7.5000 7.1938,-7.4536 7.2138,-7.4052 7.2296,-7.3553 7.2409,-7.3042 7.2477,-7.2523 7.2500,-7.2000;
ADD P5 :W0.000000  7.2500,-1.8000 7.2477,-1.7477 7.2409,-1.6958 7.2296,-1.6447 7.2138,-1.5948 7.1938,-1.5464 7.1696,-1.5000 7.1415,-1.4559 7.1096,-1.4143 7.0743,-1.3757 7.0357,-1.3404 6.9941,-1.3085 6.9500,-1.2804 6.9036,-1.2562 6.8552,-1.2362 6.8053,-1.2204 6.7542,-1.2091 6.7023,-1.2023 6.6500,-1.2000 6.5977,-1.2023 6.5458,-1.2091 6.4947,-1.2204 6.4448,-1.2362 6.3964,-1.2562 6.3500,-1.2804 6.3059,-1.3085 6.2643,-1.3404 6.2257,-1.3757 6.1904,-1.4143 6.1585,-1.4559 6.1304,-1.5000 6.1062,-1.5464 6.0862,-1.5948 6.0704,-1.6447 6.0591,-1.6958 6.0523,-1.7477 6.0500,-1.8000 6.0523,-1.8523 6.0591,-1.9042 6.0704,-1.9553 6.0862,-2.0052 6.1062,-2.0536 6.1304,-2.1000 6.1585,-2.1441 6.1904,-2.1857 6.2257,-2.2243 6.2643,-2.2596 6.3059,-2.2915 6.3500,-2.3196 6.3964,-2.3438 6.4448,-2.3638 6.4947,-2.3796 6.5458,-2.3909 6.5977,-2.3977 6.6500,-2.4000 6.7023,-2.3977 6.7542,-2.3909 6.8053,-2.3796 6.8552,-2.3638 6.9036,-2.3438 6.9500,-2.3196 6.9941,-2.2915 7.0357,-2.2596 7.0743,-2.2243 7.1096,-2.1857 7.1415,-2.1441 7.1696,-2.1000 7.1938,-2.0536 7.2138,-2.0052 7.2296,-1.9553 7.2409,-1.9042 7.2477,-1.8523 7.2500,-1.8000;
ADD P5 :W0.000000  7.2500,-4.5000 7.2477,-4.4477 7.2409,-4.3958 7.2296,-4.3447 7.2138,-4.2948 7.1938,-4.2464 7.1696,-4.2000 7.1415,-4.1559 7.1096,-4.1143 7.0743,-4.0757 7.0357,-4.0404 6.9941,-4.0085 6.9500,-3.9804 6.9036,-3.9562 6.8552,-3.9362 6.8053,-3.9204 6.7542,-3.9091 6.7023,-3.9023 6.6500,-3.9000 6.5977,-3.9023 6.5458,-3.9091 6.4947,-3.9204 6.4448,-3.9362 6.3964,-3.9562 6.3500,-3.9804 6.3059,-4.0085 6.2643,-4.0404 6.2257,-4.0757 6.1904,-4.1143 6.1585,-4.1559 6.1304,-4.2000 6.1062,-4.2464 6.0862,-4.2948 6.0704,-4.3447 6.0591,-4.3958 6.0523,-4.4477 6.0500,-4.5000 6.0523,-4.5523 6.0591,-4.6042 6.0704,-4.6553 6.0862,-4.7052 6.1062,-4.7536 6.1304,-4.8000 6.1585,-4.8441 6.1904,-4.8857 6.2257,-4.9243 6.2643,-4.9596 6.3059,-4.9915 6.3500,-5.0196 6.3964,-5.0438 6.4448,-5.0638 6.4947,-5.0796 6.5458,-5.0909 6.5977,-5.0977 6.6500,-5.1000 6.7023,-5.0977 6.7542,-5.0909 6.8053,-5.0796 6.8552,-5.0638 6.9036,-5.0438 6.9500,-5.0196 6.9941,-4.9915 7.0357,-4.9596 7.0743,-4.9243 7.1096,-4.8857 7.1415,-4.8441 7.1696,-4.8000 7.1938,-4.7536 7.2138,-4.7052 7.2296,-4.6553 7.2409,-4.6042 7.2477,-4.5523 7.2500,-4.5000;
ADD P5 :W0.000000  12.6500,-4.5000 12.6477,-4.4477 12.6409,-4.3958 12.6296,-4.3447 12.6138,-4.2948 12.5938,-4.2464 12.5696,-4.2000 12.5415,-4.1559 12.5096,-4.1143 12.4743,-4.0757 12.4357,-4.0404 12.3941,-4.0085 12.3500,-3.9804 12.3036,-3.9562 12.2552,-3.9362 12.2053,-3.9204 12.1542,-3.9091 12.1023,-3.9023 12.0500,-3.9000 11.9977,-3.9023 11.9458,-3.9091 11.8947,-3.9204 11.8448,-3.9362 11.7964,-3.9562 11.7500,-3.9804 11.7059,-4.0085 11.6643,-4.0404 11.6257,-4.0757 11.5904,-4.1143 11.5585,-4.1559 11.5304,-4.2000 11.5062,-4.2464 11.4862,-4.2948 11.4704,-4.3447 11.4591,-4.3958 11.4523,-4.4477 11.4500,-4.5000 11.4523,-4.5523 11.4591,-4.6042 11.4704,-4.6553 11.4862,-4.7052 11.5062,-4.7536 11.5304,-4.8000 11.5585,-4.8441 11.5904,-4.8857 11.6257,-4.9243 11.6643,-4.9596 11.7059,-4.9915 11.7500,-5.0196 11.7964,-5.0438 11.8448,-5.0638 11.8947,-5.0796 11.9458,-5.0909 11.9977,-5.0977 12.0500,-5.1000 12.1023,-5.0977 12.1542,-5.0909 12.2053,-5.0796 12.2552,-5.0638 12.3036,-5.0438 12.3500,-5.0196 12.3941,-4.9915 12.4357,-4.9596 12.4743,-4.9243 12.5096,-4.8857 12.5415,-4.8441 12.5696,-4.8000 12.5938,-4.7536 12.6138,-4.7052 12.6296,-4.6553 12.6409,-4.6042 12.6477,-4.5523 12.6500,-4.5000;
ADD P5 :W0.000000  12.6500,-1.8000 12.6477,-1.7477 12.6409,-1.6958 12.6296,-1.6447 12.6138,-1.5948 12.5938,-1.5464 12.5696,-1.5000 12.5415,-1.4559 12.5096,-1.4143 12.4743,-1.3757 12.4357,-1.3404 12.3941,-1.3085 12.3500,-1.2804 12.3036,-1.2562 12.2552,-1.2362 12.2053,-1.2204 12.1542,-1.2091 12.1023,-1.2023 12.0500,-1.2000 11.9977,-1.2023 11.9458,-1.2091 11.8947,-1.2204 11.8448,-1.2362 11.7964,-1.2562 11.7500,-1.2804 11.7059,-1.3085 11.6643,-1.3404 11.6257,-1.3757 11.5904,-1.4143 11.5585,-1.4559 11.5304,-1.5000 11.5062,-1.5464 11.4862,-1.5948 11.4704,-1.6447 11.4591,-1.6958 11.4523,-1.7477 11.4500,-1.8000 11.4523,-1.8523 11.4591,-1.9042 11.4704,-1.9553 11.4862,-2.0052 11.5062,-2.0536 11.5304,-2.1000 11.5585,-2.1441 11.5904,-2.1857 11.6257,-2.2243 11.6643,-2.2596 11.7059,-2.2915 11.7500,-2.3196 11.7964,-2.3438 11.8448,-2.3638 11.8947,-2.3796 11.9458,-2.3909 11.9977,-2.3977 12.0500,-2.4000 12.1023,-2.3977 12.1542,-2.3909 12.2053,-2.3796 12.2552,-2.3638 12.3036,-2.3438 12.3500,-2.3196 12.3941,-2.2915 12.4357,-2.2596 12.4743,-2.2243 12.5096,-2.1857 12.5415,-2.1441 12.5696,-2.1000 12.5938,-2.0536 12.6138,-2.0052 12.6296,-1.9553 12.6409,-1.9042 12.6477,-1.8523 12.6500,-1.8000;
ADD P5 :W0.000000  15.3500,-4.5000 15.3477,-4.4477 15.3409,-4.3958 15.3296,-4.3447 15.3138,-4.2948 15.2938,-4.2464 15.2696,-4.2000 15.2415,-4.1559 15.2096,-4.1143 15.1743,-4.0757 15.1357,-4.0404 15.0941,-4.0085 15.0500,-3.9804 15.0036,-3.9562 14.9552,-3.9362 14.9053,-3.9204 14.8542,-3.9091 14.8023,-3.9023 14.7500,-3.9000 14.6977,-3.9023 14.6458,-3.9091 14.5947,-3.9204 14.5448,-3.9362 14.4964,-3.9562 14.4500,-3.9804 14.4059,-4.0085 14.3643,-4.0404 14.3257,-4.0757 14.2904,-4.1143 14.2585,-4.1559 14.2304,-4.2000 14.2062,-4.2464 14.1862,-4.2948 14.1704,-4.3447 14.1591,-4.3958 14.1523,-4.4477 14.1500,-4.5000 14.1523,-4.5523 14.1591,-4.6042 14.1704,-4.6553 14.1862,-4.7052 14.2062,-4.7536 14.2304,-4.8000 14.2585,-4.8441 14.2904,-4.8857 14.3257,-4.9243 14.3643,-4.9596 14.4059,-4.9915 14.4500,-5.0196 14.4964,-5.0438 14.5448,-5.0638 14.5947,-5.0796 14.6458,-5.0909 14.6977,-5.0977 14.7500,-5.1000 14.8023,-5.0977 14.8542,-5.0909 14.9053,-5.0796 14.9552,-5.0638 15.0036,-5.0438 15.0500,-5.0196 15.0941,-4.9915 15.1357,-4.9596 15.1743,-4.9243 15.2096,-4.8857 15.2415,-4.8441 15.2696,-4.8000 15.2938,-4.7536 15.3138,-4.7052 15.3296,-4.6553 15.3409,-4.6042 15.3477,-4.5523 15.3500,-4.5000;
ADD P5 :W0.000000  15.3500,-1.8000 15.3477,-1.7477 15.3409,-1.6958 15.3296,-1.6447 15.3138,-1.5948 15.2938,-1.5464 15.2696,-1.5000 15.2415,-1.4559 15.2096,-1.4143 15.1743,-1.3757 15.1357,-1.3404 15.0941,-1.3085 15.0500,-1.2804 15.0036,-1.2562 14.9552,-1.2362 14.9053,-1.2204 14.8542,-1.2091 14.8023,-1.2023 14.7500,-1.2000 14.6977,-1.2023 14.6458,-1.2091 14.5947,-1.2204 14.5448,-1.2362 14.4964,-1.2562 14.4500,-1.2804 14.4059,-1.3085 14.3643,-1.3404 14.3257,-1.3757 14.2904,-1.4143 14.2585,-1.4559 14.2304,-1.5000 14.2062,-1.5464 14.1862,-1.5948 14.1704,-1.6447 14.1591,-1.6958 14.1523,-1.7477 14.1500,-1.8000 14.1523,-1.8523 14.1591,-1.9042 14.1704,-1.9553 14.1862,-2.0052 14.2062,-2.0536 14.2304,-2.1000 14.2585,-2.1441 14.2904,-2.1857 14.3257,-2.2243 14.3643,-2.2596 14.4059,-2.2915 14.4500,-2.3196 14.4964,-2.3438 14.5448,-2.3638 14.5947,-2.3796 14.6458,-2.3909 14.6977,-2.3977 14.7500,-2.4000 14.8023,-2.3977 14.8542,-2.3909 14.9053,-2.3796 14.9552,-2.3638 15.0036,-2.3438 15.0500,-2.3196 15.0941,-2.2915 15.1357,-2.2596 15.1743,-2.2243 15.2096,-2.1857 15.2415,-2.1441 15.2696,-2.1000 15.2938,-2.0536 15.3138,-2.0052 15.3296,-1.9553 15.3409,-1.9042 15.3477,-1.8523 15.3500,-1.8000;
ADD P5 :W0.000000  12.6500,-7.2000 12.6477,-7.1477 12.6409,-7.0958 12.6296,-7.0447 12.6138,-6.9948 12.5938,-6.9464 12.5696,-6.9000 12.5415,-6.8559 12.5096,-6.8143 12.4743,-6.7757 12.4357,-6.7404 12.3941,-6.7085 12.3500,-6.6804 12.3036,-6.6562 12.2552,-6.6362 12.2053,-6.6204 12.1542,-6.6091 12.1023,-6.6023 12.0500,-6.6000 11.9977,-6.6023 11.9458,-6.6091 11.8947,-6.6204 11.8448,-6.6362 11.7964,-6.6562 11.7500,-6.6804 11.7059,-6.7085 11.6643,-6.7404 11.6257,-6.7757 11.5904,-6.8143 11.5585,-6.8559 11.5304,-6.9000 11.5062,-6.9464 11.4862,-6.9948 11.4704,-7.0447 11.4591,-7.0958 11.4523,-7.1477 11.4500,-7.2000 11.4523,-7.2523 11.4591,-7.3042 11.4704,-7.3553 11.4862,-7.4052 11.5062,-7.4536 11.5304,-7.5000 11.5585,-7.5441 11.5904,-7.5857 11.6257,-7.6243 11.6643,-7.6596 11.7059,-7.6915 11.7500,-7.7196 11.7964,-7.7438 11.8448,-7.7638 11.8947,-7.7796 11.9458,-7.7909 11.9977,-7.7977 12.0500,-7.8000 12.1023,-7.7977 12.1542,-7.7909 12.2053,-7.7796 12.2552,-7.7638 12.3036,-7.7438 12.3500,-7.7196 12.3941,-7.6915 12.4357,-7.6596 12.4743,-7.6243 12.5096,-7.5857 12.5415,-7.5441 12.5696,-7.5000 12.5938,-7.4536 12.6138,-7.4052 12.6296,-7.3553 12.6409,-7.3042 12.6477,-7.2523 12.6500,-7.2000;
ADD P5 :W0.000000  15.3500,-7.2000 15.3477,-7.1477 15.3409,-7.0958 15.3296,-7.0447 15.3138,-6.9948 15.2938,-6.9464 15.2696,-6.9000 15.2415,-6.8559 15.2096,-6.8143 15.1743,-6.7757 15.1357,-6.7404 15.0941,-6.7085 15.0500,-6.6804 15.0036,-6.6562 14.9552,-6.6362 14.9053,-6.6204 14.8542,-6.6091 14.8023,-6.6023 14.7500,-6.6000 14.6977,-6.6023 14.6458,-6.6091 14.5947,-6.6204 14.5448,-6.6362 14.4964,-6.6562 14.4500,-6.6804 14.4059,-6.7085 14.3643,-6.7404 14.3257,-6.7757 14.2904,-6.8143 14.2585,-6.8559 14.2304,-6.9000 14.2062,-6.9464 14.1862,-6.9948 14.1704,-7.0447 14.1591,-7.0958 14.1523,-7.1477 14.1500,-7.2000 14.1523,-7.2523 14.1591,-7.3042 14.1704,-7.3553 14.1862,-7.4052 14.2062,-7.4536 14.2304,-7.5000 14.2585,-7.5441 14.2904,-7.5857 14.3257,-7.6243 14.3643,-7.6596 14.4059,-7.6915 14.4500,-7.7196 14.4964,-7.7438 14.5448,-7.7638 14.5947,-7.7796 14.6458,-7.7909 14.6977,-7.7977 14.7500,-7.8000 14.8023,-7.7977 14.8542,-7.7909 14.9053,-7.7796 14.9552,-7.7638 15.0036,-7.7438 15.0500,-7.7196 15.0941,-7.6915 15.1357,-7.6596 15.1743,-7.6243 15.2096,-7.5857 15.2415,-7.5441 15.2696,-7.5000 15.2938,-7.4536 15.3138,-7.4052 15.3296,-7.3553 15.3409,-7.3042 15.3477,-7.2523 15.3500,-7.2000;
ADD P5 :W0.000000  20.7500,-7.2000 20.7477,-7.1477 20.7409,-7.0958 20.7296,-7.0447 20.7138,-6.9948 20.6938,-6.9464 20.6696,-6.9000 20.6415,-6.8559 20.6096,-6.8143 20.5743,-6.7757 20.5357,-6.7404 20.4941,-6.7085 20.4500,-6.6804 20.4036,-6.6562 20.3552,-6.6362 20.3053,-6.6204 20.2542,-6.6091 20.2023,-6.6023 20.1500,-6.6000 20.0977,-6.6023 20.0458,-6.6091 19.9947,-6.6204 19.9448,-6.6362 19.8964,-6.6562 19.8500,-6.6804 19.8059,-6.7085 19.7643,-6.7404 19.7257,-6.7757 19.6904,-6.8143 19.6585,-6.8559 19.6304,-6.9000 19.6062,-6.9464 19.5862,-6.9948 19.5704,-7.0447 19.5591,-7.0958 19.5523,-7.1477 19.5500,-7.2000 19.5523,-7.2523 19.5591,-7.3042 19.5704,-7.3553 19.5862,-7.4052 19.6062,-7.4536 19.6304,-7.5000 19.6585,-7.5441 19.6904,-7.5857 19.7257,-7.6243 19.7643,-7.6596 19.8059,-7.6915 19.8500,-7.7196 19.8964,-7.7438 19.9448,-7.7638 19.9947,-7.7796 20.0458,-7.7909 20.0977,-7.7977 20.1500,-7.8000 20.2023,-7.7977 20.2542,-7.7909 20.3053,-7.7796 20.3552,-7.7638 20.4036,-7.7438 20.4500,-7.7196 20.4941,-7.6915 20.5357,-7.6596 20.5743,-7.6243 20.6096,-7.5857 20.6415,-7.5441 20.6696,-7.5000 20.6938,-7.4536 20.7138,-7.4052 20.7296,-7.3553 20.7409,-7.3042 20.7477,-7.2523 20.7500,-7.2000;
ADD P5 :W0.000000  20.7500,-1.8000 20.7477,-1.7477 20.7409,-1.6958 20.7296,-1.6447 20.7138,-1.5948 20.6938,-1.5464 20.6696,-1.5000 20.6415,-1.4559 20.6096,-1.4143 20.5743,-1.3757 20.5357,-1.3404 20.4941,-1.3085 20.4500,-1.2804 20.4036,-1.2562 20.3552,-1.2362 20.3053,-1.2204 20.2542,-1.2091 20.2023,-1.2023 20.1500,-1.2000 20.0977,-1.2023 20.0458,-1.2091 19.9947,-1.2204 19.9448,-1.2362 19.8964,-1.2562 19.8500,-1.2804 19.8059,-1.3085 19.7643,-1.3404 19.7257,-1.3757 19.6904,-1.4143 19.6585,-1.4559 19.6304,-1.5000 19.6062,-1.5464 19.5862,-1.5948 19.5704,-1.6447 19.5591,-1.6958 19.5523,-1.7477 19.5500,-1.8000 19.5523,-1.8523 19.5591,-1.9042 19.5704,-1.9553 19.5862,-2.0052 19.6062,-2.0536 19.6304,-2.1000 19.6585,-2.1441 19.6904,-2.1857 19.7257,-2.2243 19.7643,-2.2596 19.8059,-2.2915 19.8500,-2.3196 19.8964,-2.3438 19.9448,-2.3638 19.9947,-2.3796 20.0458,-2.3909 20.0977,-2.3977 20.1500,-2.4000 20.2023,-2.3977 20.2542,-2.3909 20.3053,-2.3796 20.3552,-2.3638 20.4036,-2.3438 20.4500,-2.3196 20.4941,-2.2915 20.5357,-2.2596 20.5743,-2.2243 20.6096,-2.1857 20.6415,-2.1441 20.6696,-2.1000 20.6938,-2.0536 20.7138,-2.0052 20.7296,-1.9553 20.7409,-1.9042 20.7477,-1.8523 20.7500,-1.8000;
ADD P5 :W0.000000  18.0500,-7.2000 18.0477,-7.1477 18.0409,-7.0958 18.0296,-7.0447 18.0138,-6.9948 17.9938,-6.9464 17.9696,-6.9000 17.9415,-6.8559 17.9096,-6.8143 17.8743,-6.7757 17.8357,-6.7404 17.7941,-6.7085 17.7500,-6.6804 17.7036,-6.6562 17.6552,-6.6362 17.6053,-6.6204 17.5542,-6.6091 17.5023,-6.6023 17.4500,-6.6000 17.3977,-6.6023 17.3458,-6.6091 17.2947,-6.6204 17.2448,-6.6362 17.1964,-6.6562 17.1500,-6.6804 17.1059,-6.7085 17.0643,-6.7404 17.0257,-6.7757 16.9904,-6.8143 16.9585,-6.8559 16.9304,-6.9000 16.9062,-6.9464 16.8862,-6.9948 16.8704,-7.0447 16.8591,-7.0958 16.8523,-7.1477 16.8500,-7.2000 16.8523,-7.2523 16.8591,-7.3042 16.8704,-7.3553 16.8862,-7.4052 16.9062,-7.4536 16.9304,-7.5000 16.9585,-7.5441 16.9904,-7.5857 17.0257,-7.6243 17.0643,-7.6596 17.1059,-7.6915 17.1500,-7.7196 17.1964,-7.7438 17.2448,-7.7638 17.2947,-7.7796 17.3458,-7.7909 17.3977,-7.7977 17.4500,-7.8000 17.5023,-7.7977 17.5542,-7.7909 17.6053,-7.7796 17.6552,-7.7638 17.7036,-7.7438 17.7500,-7.7196 17.7941,-7.6915 17.8357,-7.6596 17.8743,-7.6243 17.9096,-7.5857 17.9415,-7.5441 17.9696,-7.5000 17.9938,-7.4536 18.0138,-7.4052 18.0296,-7.3553 18.0409,-7.3042 18.0477,-7.2523 18.0500,-7.2000;
ADD P5 :W0.000000  18.0500,-4.5000 18.0477,-4.4477 18.0409,-4.3958 18.0296,-4.3447 18.0138,-4.2948 17.9938,-4.2464 17.9696,-4.2000 17.9415,-4.1559 17.9096,-4.1143 17.8743,-4.0757 17.8357,-4.0404 17.7941,-4.0085 17.7500,-3.9804 17.7036,-3.9562 17.6552,-3.9362 17.6053,-3.9204 17.5542,-3.9091 17.5023,-3.9023 17.4500,-3.9000 17.3977,-3.9023 17.3458,-3.9091 17.2947,-3.9204 17.2448,-3.9362 17.1964,-3.9562 17.1500,-3.9804 17.1059,-4.0085 17.0643,-4.0404 17.0257,-4.0757 16.9904,-4.1143 16.9585,-4.1559 16.9304,-4.2000 16.9062,-4.2464 16.8862,-4.2948 16.8704,-4.3447 16.8591,-4.3958 16.8523,-4.4477 16.8500,-4.5000 16.8523,-4.5523 16.8591,-4.6042 16.8704,-4.6553 16.8862,-4.7052 16.9062,-4.7536 16.9304,-4.8000 16.9585,-4.8441 16.9904,-4.8857 17.0257,-4.9243 17.0643,-4.9596 17.1059,-4.9915 17.1500,-5.0196 17.1964,-5.0438 17.2448,-5.0638 17.2947,-5.0796 17.3458,-5.0909 17.3977,-5.0977 17.4500,-5.1000 17.5023,-5.0977 17.5542,-5.0909 17.6053,-5.0796 17.6552,-5.0638 17.7036,-5.0438 17.7500,-5.0196 17.7941,-4.9915 17.8357,-4.9596 17.8743,-4.9243 17.9096,-4.8857 17.9415,-4.8441 17.9696,-4.8000 17.9938,-4.7536 18.0138,-4.7052 18.0296,-4.6553 18.0409,-4.6042 18.0477,-4.5523 18.0500,-4.5000;
ADD P5 :W0.000000  20.7500,-4.5000 20.7477,-4.4477 20.7409,-4.3958 20.7296,-4.3447 20.7138,-4.2948 20.6938,-4.2464 20.6696,-4.2000 20.6415,-4.1559 20.6096,-4.1143 20.5743,-4.0757 20.5357,-4.0404 20.4941,-4.0085 20.4500,-3.9804 20.4036,-3.9562 20.3552,-3.9362 20.3053,-3.9204 20.2542,-3.9091 20.2023,-3.9023 20.1500,-3.9000 20.0977,-3.9023 20.0458,-3.9091 19.9947,-3.9204 19.9448,-3.9362 19.8964,-3.9562 19.8500,-3.9804 19.8059,-4.0085 19.7643,-4.0404 19.7257,-4.0757 19.6904,-4.1143 19.6585,-4.1559 19.6304,-4.2000 19.6062,-4.2464 19.5862,-4.2948 19.5704,-4.3447 19.5591,-4.3958 19.5523,-4.4477 19.5500,-4.5000 19.5523,-4.5523 19.5591,-4.6042 19.5704,-4.6553 19.5862,-4.7052 19.6062,-4.7536 19.6304,-4.8000 19.6585,-4.8441 19.6904,-4.8857 19.7257,-4.9243 19.7643,-4.9596 19.8059,-4.9915 19.8500,-5.0196 19.8964,-5.0438 19.9448,-5.0638 19.9947,-5.0796 20.0458,-5.0909 20.0977,-5.0977 20.1500,-5.1000 20.2023,-5.0977 20.2542,-5.0909 20.3053,-5.0796 20.3552,-5.0638 20.4036,-5.0438 20.4500,-5.0196 20.4941,-4.9915 20.5357,-4.9596 20.5743,-4.9243 20.6096,-4.8857 20.6415,-4.8441 20.6696,-4.8000 20.6938,-4.7536 20.7138,-4.7052 20.7296,-4.6553 20.7409,-4.6042 20.7477,-4.5523 20.7500,-4.5000;
ADD P5 :W0.000000  18.0500,-1.8000 18.0477,-1.7477 18.0409,-1.6958 18.0296,-1.6447 18.0138,-1.5948 17.9938,-1.5464 17.9696,-1.5000 17.9415,-1.4559 17.9096,-1.4143 17.8743,-1.3757 17.8357,-1.3404 17.7941,-1.3085 17.7500,-1.2804 17.7036,-1.2562 17.6552,-1.2362 17.6053,-1.2204 17.5542,-1.2091 17.5023,-1.2023 17.4500,-1.2000 17.3977,-1.2023 17.3458,-1.2091 17.2947,-1.2204 17.2448,-1.2362 17.1964,-1.2562 17.1500,-1.2804 17.1059,-1.3085 17.0643,-1.3404 17.0257,-1.3757 16.9904,-1.4143 16.9585,-1.4559 16.9304,-1.5000 16.9062,-1.5464 16.8862,-1.5948 16.8704,-1.6447 16.8591,-1.6958 16.8523,-1.7477 16.8500,-1.8000 16.8523,-1.8523 16.8591,-1.9042 16.8704,-1.9553 16.8862,-2.0052 16.9062,-2.0536 16.9304,-2.1000 16.9585,-2.1441 16.9904,-2.1857 17.0257,-2.2243 17.0643,-2.2596 17.1059,-2.2915 17.1500,-2.3196 17.1964,-2.3438 17.2448,-2.3638 17.2947,-2.3796 17.3458,-2.3909 17.3977,-2.3977 17.4500,-2.4000 17.5023,-2.3977 17.5542,-2.3909 17.6053,-2.3796 17.6552,-2.3638 17.7036,-2.3438 17.7500,-2.3196 17.7941,-2.2915 17.8357,-2.2596 17.8743,-2.2243 17.9096,-2.1857 17.9415,-2.1441 17.9696,-2.1000 17.9938,-2.0536 18.0138,-2.0052 18.0296,-1.9553 18.0409,-1.9042 18.0477,-1.8523 18.0500,-1.8000;
ADD P5 :W0.000000  26.1500,-7.2000 26.1477,-7.1477 26.1409,-7.0958 26.1296,-7.0447 26.1138,-6.9948 26.0938,-6.9464 26.0696,-6.9000 26.0415,-6.8559 26.0096,-6.8143 25.9743,-6.7757 25.9357,-6.7404 25.8941,-6.7085 25.8500,-6.6804 25.8036,-6.6562 25.7552,-6.6362 25.7053,-6.6204 25.6542,-6.6091 25.6023,-6.6023 25.5500,-6.6000 25.4977,-6.6023 25.4458,-6.6091 25.3947,-6.6204 25.3448,-6.6362 25.2964,-6.6562 25.2500,-6.6804 25.2059,-6.7085 25.1643,-6.7404 25.1257,-6.7757 25.0904,-6.8143 25.0585,-6.8559 25.0304,-6.9000 25.0062,-6.9464 24.9862,-6.9948 24.9704,-7.0447 24.9591,-7.0958 24.9523,-7.1477 24.9500,-7.2000 24.9523,-7.2523 24.9591,-7.3042 24.9704,-7.3553 24.9862,-7.4052 25.0062,-7.4536 25.0304,-7.5000 25.0585,-7.5441 25.0904,-7.5857 25.1257,-7.6243 25.1643,-7.6596 25.2059,-7.6915 25.2500,-7.7196 25.2964,-7.7438 25.3448,-7.7638 25.3947,-7.7796 25.4458,-7.7909 25.4977,-7.7977 25.5500,-7.8000 25.6023,-7.7977 25.6542,-7.7909 25.7053,-7.7796 25.7552,-7.7638 25.8036,-7.7438 25.8500,-7.7196 25.8941,-7.6915 25.9357,-7.6596 25.9743,-7.6243 26.0096,-7.5857 26.0415,-7.5441 26.0696,-7.5000 26.0938,-7.4536 26.1138,-7.4052 26.1296,-7.3553 26.1409,-7.3042 26.1477,-7.2523 26.1500,-7.2000;
ADD P5 :W0.000000  26.1500,-1.8000 26.1477,-1.7477 26.1409,-1.6958 26.1296,-1.6447 26.1138,-1.5948 26.0938,-1.5464 26.0696,-1.5000 26.0415,-1.4559 26.0096,-1.4143 25.9743,-1.3757 25.9357,-1.3404 25.8941,-1.3085 25.8500,-1.2804 25.8036,-1.2562 25.7552,-1.2362 25.7053,-1.2204 25.6542,-1.2091 25.6023,-1.2023 25.5500,-1.2000 25.4977,-1.2023 25.4458,-1.2091 25.3947,-1.2204 25.3448,-1.2362 25.2964,-1.2562 25.2500,-1.2804 25.2059,-1.3085 25.1643,-1.3404 25.1257,-1.3757 25.0904,-1.4143 25.0585,-1.4559 25.0304,-1.5000 25.0062,-1.5464 24.9862,-1.5948 24.9704,-1.6447 24.9591,-1.6958 24.9523,-1.7477 24.9500,-1.8000 24.9523,-1.8523 24.9591,-1.9042 24.9704,-1.9553 24.9862,-2.0052 25.0062,-2.0536 25.0304,-2.1000 25.0585,-2.1441 25.0904,-2.1857 25.1257,-2.2243 25.1643,-2.2596 25.2059,-2.2915 25.2500,-2.3196 25.2964,-2.3438 25.3448,-2.3638 25.3947,-2.3796 25.4458,-2.3909 25.4977,-2.3977 25.5500,-2.4000 25.6023,-2.3977 25.6542,-2.3909 25.7053,-2.3796 25.7552,-2.3638 25.8036,-2.3438 25.8500,-2.3196 25.8941,-2.2915 25.9357,-2.2596 25.9743,-2.2243 26.0096,-2.1857 26.0415,-2.1441 26.0696,-2.1000 26.0938,-2.0536 26.1138,-2.0052 26.1296,-1.9553 26.1409,-1.9042 26.1477,-1.8523 26.1500,-1.8000;
ADD P5 :W0.000000  26.1500,-4.5000 26.1477,-4.4477 26.1409,-4.3958 26.1296,-4.3447 26.1138,-4.2948 26.0938,-4.2464 26.0696,-4.2000 26.0415,-4.1559 26.0096,-4.1143 25.9743,-4.0757 25.9357,-4.0404 25.8941,-4.0085 25.8500,-3.9804 25.8036,-3.9562 25.7552,-3.9362 25.7053,-3.9204 25.6542,-3.9091 25.6023,-3.9023 25.5500,-3.9000 25.4977,-3.9023 25.4458,-3.9091 25.3947,-3.9204 25.3448,-3.9362 25.2964,-3.9562 25.2500,-3.9804 25.2059,-4.0085 25.1643,-4.0404 25.1257,-4.0757 25.0904,-4.1143 25.0585,-4.1559 25.0304,-4.2000 25.0062,-4.2464 24.9862,-4.2948 24.9704,-4.3447 24.9591,-4.3958 24.9523,-4.4477 24.9500,-4.5000 24.9523,-4.5523 24.9591,-4.6042 24.9704,-4.6553 24.9862,-4.7052 25.0062,-4.7536 25.0304,-4.8000 25.0585,-4.8441 25.0904,-4.8857 25.1257,-4.9243 25.1643,-4.9596 25.2059,-4.9915 25.2500,-5.0196 25.2964,-5.0438 25.3448,-5.0638 25.3947,-5.0796 25.4458,-5.0909 25.4977,-5.0977 25.5500,-5.1000 25.6023,-5.0977 25.6542,-5.0909 25.7053,-5.0796 25.7552,-5.0638 25.8036,-5.0438 25.8500,-5.0196 25.8941,-4.9915 25.9357,-4.9596 25.9743,-4.9243 26.0096,-4.8857 26.0415,-4.8441 26.0696,-4.8000 26.0938,-4.7536 26.1138,-4.7052 26.1296,-4.6553 26.1409,-4.6042 26.1477,-4.5523 26.1500,-4.5000;
ADD P5 :W0.000000  31.5500,-7.2000 31.5477,-7.1477 31.5409,-7.0958 31.5296,-7.0447 31.5138,-6.9948 31.4938,-6.9464 31.4696,-6.9000 31.4415,-6.8559 31.4096,-6.8143 31.3743,-6.7757 31.3357,-6.7404 31.2941,-6.7085 31.2500,-6.6804 31.2036,-6.6562 31.1552,-6.6362 31.1053,-6.6204 31.0542,-6.6091 31.0023,-6.6023 30.9500,-6.6000 30.8977,-6.6023 30.8458,-6.6091 30.7947,-6.6204 30.7448,-6.6362 30.6964,-6.6562 30.6500,-6.6804 30.6059,-6.7085 30.5643,-6.7404 30.5257,-6.7757 30.4904,-6.8143 30.4585,-6.8559 30.4304,-6.9000 30.4062,-6.9464 30.3862,-6.9948 30.3704,-7.0447 30.3591,-7.0958 30.3523,-7.1477 30.3500,-7.2000 30.3523,-7.2523 30.3591,-7.3042 30.3704,-7.3553 30.3862,-7.4052 30.4062,-7.4536 30.4304,-7.5000 30.4585,-7.5441 30.4904,-7.5857 30.5257,-7.6243 30.5643,-7.6596 30.6059,-7.6915 30.6500,-7.7196 30.6964,-7.7438 30.7448,-7.7638 30.7947,-7.7796 30.8458,-7.7909 30.8977,-7.7977 30.9500,-7.8000 31.0023,-7.7977 31.0542,-7.7909 31.1053,-7.7796 31.1552,-7.7638 31.2036,-7.7438 31.2500,-7.7196 31.2941,-7.6915 31.3357,-7.6596 31.3743,-7.6243 31.4096,-7.5857 31.4415,-7.5441 31.4696,-7.5000 31.4938,-7.4536 31.5138,-7.4052 31.5296,-7.3553 31.5409,-7.3042 31.5477,-7.2523 31.5500,-7.2000;
ADD P5 :W0.000000  34.2500,-7.2000 34.2477,-7.1477 34.2409,-7.0958 34.2296,-7.0447 34.2138,-6.9948 34.1938,-6.9464 34.1696,-6.9000 34.1415,-6.8559 34.1096,-6.8143 34.0743,-6.7757 34.0357,-6.7404 33.9941,-6.7085 33.9500,-6.6804 33.9036,-6.6562 33.8552,-6.6362 33.8053,-6.6204 33.7542,-6.6091 33.7023,-6.6023 33.6500,-6.6000 33.5977,-6.6023 33.5458,-6.6091 33.4947,-6.6204 33.4448,-6.6362 33.3964,-6.6562 33.3500,-6.6804 33.3059,-6.7085 33.2643,-6.7404 33.2257,-6.7757 33.1904,-6.8143 33.1585,-6.8559 33.1304,-6.9000 33.1062,-6.9464 33.0862,-6.9948 33.0704,-7.0447 33.0591,-7.0958 33.0523,-7.1477 33.0500,-7.2000 33.0523,-7.2523 33.0591,-7.3042 33.0704,-7.3553 33.0862,-7.4052 33.1062,-7.4536 33.1304,-7.5000 33.1585,-7.5441 33.1904,-7.5857 33.2257,-7.6243 33.2643,-7.6596 33.3059,-7.6915 33.3500,-7.7196 33.3964,-7.7438 33.4448,-7.7638 33.4947,-7.7796 33.5458,-7.7909 33.5977,-7.7977 33.6500,-7.8000 33.7023,-7.7977 33.7542,-7.7909 33.8053,-7.7796 33.8552,-7.7638 33.9036,-7.7438 33.9500,-7.7196 33.9941,-7.6915 34.0357,-7.6596 34.0743,-7.6243 34.1096,-7.5857 34.1415,-7.5441 34.1696,-7.5000 34.1938,-7.4536 34.2138,-7.4052 34.2296,-7.3553 34.2409,-7.3042 34.2477,-7.2523 34.2500,-7.2000;
ADD P5 :W0.000000  34.2500,-4.5000 34.2477,-4.4477 34.2409,-4.3958 34.2296,-4.3447 34.2138,-4.2948 34.1938,-4.2464 34.1696,-4.2000 34.1415,-4.1559 34.1096,-4.1143 34.0743,-4.0757 34.0357,-4.0404 33.9941,-4.0085 33.9500,-3.9804 33.9036,-3.9562 33.8552,-3.9362 33.8053,-3.9204 33.7542,-3.9091 33.7023,-3.9023 33.6500,-3.9000 33.5977,-3.9023 33.5458,-3.9091 33.4947,-3.9204 33.4448,-3.9362 33.3964,-3.9562 33.3500,-3.9804 33.3059,-4.0085 33.2643,-4.0404 33.2257,-4.0757 33.1904,-4.1143 33.1585,-4.1559 33.1304,-4.2000 33.1062,-4.2464 33.0862,-4.2948 33.0704,-4.3447 33.0591,-4.3958 33.0523,-4.4477 33.0500,-4.5000 33.0523,-4.5523 33.0591,-4.6042 33.0704,-4.6553 33.0862,-4.7052 33.1062,-4.7536 33.1304,-4.8000 33.1585,-4.8441 33.1904,-4.8857 33.2257,-4.9243 33.2643,-4.9596 33.3059,-4.9915 33.3500,-5.0196 33.3964,-5.0438 33.4448,-5.0638 33.4947,-5.0796 33.5458,-5.0909 33.5977,-5.0977 33.6500,-5.1000 33.7023,-5.0977 33.7542,-5.0909 33.8053,-5.0796 33.8552,-5.0638 33.9036,-5.0438 33.9500,-5.0196 33.9941,-4.9915 34.0357,-4.9596 34.0743,-4.9243 34.1096,-4.8857 34.1415,-4.8441 34.1696,-4.8000 34.1938,-4.7536 34.2138,-4.7052 34.2296,-4.6553 34.2409,-4.6042 34.2477,-4.5523 34.2500,-4.5000;
ADD P5 :W0.000000  31.5500,-4.5000 31.5477,-4.4477 31.5409,-4.3958 31.5296,-4.3447 31.5138,-4.2948 31.4938,-4.2464 31.4696,-4.2000 31.4415,-4.1559 31.4096,-4.1143 31.3743,-4.0757 31.3357,-4.0404 31.2941,-4.0085 31.2500,-3.9804 31.2036,-3.9562 31.1552,-3.9362 31.1053,-3.9204 31.0542,-3.9091 31.0023,-3.9023 30.9500,-3.9000 30.8977,-3.9023 30.8458,-3.9091 30.7947,-3.9204 30.7448,-3.9362 30.6964,-3.9562 30.6500,-3.9804 30.6059,-4.0085 30.5643,-4.0404 30.5257,-4.0757 30.4904,-4.1143 30.4585,-4.1559 30.4304,-4.2000 30.4062,-4.2464 30.3862,-4.2948 30.3704,-4.3447 30.3591,-4.3958 30.3523,-4.4477 30.3500,-4.5000 30.3523,-4.5523 30.3591,-4.6042 30.3704,-4.6553 30.3862,-4.7052 30.4062,-4.7536 30.4304,-4.8000 30.4585,-4.8441 30.4904,-4.8857 30.5257,-4.9243 30.5643,-4.9596 30.6059,-4.9915 30.6500,-5.0196 30.6964,-5.0438 30.7448,-5.0638 30.7947,-5.0796 30.8458,-5.0909 30.8977,-5.0977 30.9500,-5.1000 31.0023,-5.0977 31.0542,-5.0909 31.1053,-5.0796 31.1552,-5.0638 31.2036,-5.0438 31.2500,-5.0196 31.2941,-4.9915 31.3357,-4.9596 31.3743,-4.9243 31.4096,-4.8857 31.4415,-4.8441 31.4696,-4.8000 31.4938,-4.7536 31.5138,-4.7052 31.5296,-4.6553 31.5409,-4.6042 31.5477,-4.5523 31.5500,-4.5000;
ADD P5 :W0.000000  31.5500,-1.8000 31.5477,-1.7477 31.5409,-1.6958 31.5296,-1.6447 31.5138,-1.5948 31.4938,-1.5464 31.4696,-1.5000 31.4415,-1.4559 31.4096,-1.4143 31.3743,-1.3757 31.3357,-1.3404 31.2941,-1.3085 31.2500,-1.2804 31.2036,-1.2562 31.1552,-1.2362 31.1053,-1.2204 31.0542,-1.2091 31.0023,-1.2023 30.9500,-1.2000 30.8977,-1.2023 30.8458,-1.2091 30.7947,-1.2204 30.7448,-1.2362 30.6964,-1.2562 30.6500,-1.2804 30.6059,-1.3085 30.5643,-1.3404 30.5257,-1.3757 30.4904,-1.4143 30.4585,-1.4559 30.4304,-1.5000 30.4062,-1.5464 30.3862,-1.5948 30.3704,-1.6447 30.3591,-1.6958 30.3523,-1.7477 30.3500,-1.8000 30.3523,-1.8523 30.3591,-1.9042 30.3704,-1.9553 30.3862,-2.0052 30.4062,-2.0536 30.4304,-2.1000 30.4585,-2.1441 30.4904,-2.1857 30.5257,-2.2243 30.5643,-2.2596 30.6059,-2.2915 30.6500,-2.3196 30.6964,-2.3438 30.7448,-2.3638 30.7947,-2.3796 30.8458,-2.3909 30.8977,-2.3977 30.9500,-2.4000 31.0023,-2.3977 31.0542,-2.3909 31.1053,-2.3796 31.1552,-2.3638 31.2036,-2.3438 31.2500,-2.3196 31.2941,-2.2915 31.3357,-2.2596 31.3743,-2.2243 31.4096,-2.1857 31.4415,-2.1441 31.4696,-2.1000 31.4938,-2.0536 31.5138,-2.0052 31.5296,-1.9553 31.5409,-1.9042 31.5477,-1.8523 31.5500,-1.8000;
ADD P5 :W0.000000  34.2500,-1.8000 34.2477,-1.7477 34.2409,-1.6958 34.2296,-1.6447 34.2138,-1.5948 34.1938,-1.5464 34.1696,-1.5000 34.1415,-1.4559 34.1096,-1.4143 34.0743,-1.3757 34.0357,-1.3404 33.9941,-1.3085 33.9500,-1.2804 33.9036,-1.2562 33.8552,-1.2362 33.8053,-1.2204 33.7542,-1.2091 33.7023,-1.2023 33.6500,-1.2000 33.5977,-1.2023 33.5458,-1.2091 33.4947,-1.2204 33.4448,-1.2362 33.3964,-1.2562 33.3500,-1.2804 33.3059,-1.3085 33.2643,-1.3404 33.2257,-1.3757 33.1904,-1.4143 33.1585,-1.4559 33.1304,-1.5000 33.1062,-1.5464 33.0862,-1.5948 33.0704,-1.6447 33.0591,-1.6958 33.0523,-1.7477 33.0500,-1.8000 33.0523,-1.8523 33.0591,-1.9042 33.0704,-1.9553 33.0862,-2.0052 33.1062,-2.0536 33.1304,-2.1000 33.1585,-2.1441 33.1904,-2.1857 33.2257,-2.2243 33.2643,-2.2596 33.3059,-2.2915 33.3500,-2.3196 33.3964,-2.3438 33.4448,-2.3638 33.4947,-2.3796 33.5458,-2.3909 33.5977,-2.3977 33.6500,-2.4000 33.7023,-2.3977 33.7542,-2.3909 33.8053,-2.3796 33.8552,-2.3638 33.9036,-2.3438 33.9500,-2.3196 33.9941,-2.2915 34.0357,-2.2596 34.0743,-2.2243 34.1096,-2.1857 34.1415,-2.1441 34.1696,-2.1000 34.1938,-2.0536 34.2138,-2.0052 34.2296,-1.9553 34.2409,-1.9042 34.2477,-1.8523 34.2500,-1.8000;
ADD P5 :W0.000000  28.8500,-1.8000 28.8477,-1.7477 28.8409,-1.6958 28.8296,-1.6447 28.8138,-1.5948 28.7938,-1.5464 28.7696,-1.5000 28.7415,-1.4559 28.7096,-1.4143 28.6743,-1.3757 28.6357,-1.3404 28.5941,-1.3085 28.5500,-1.2804 28.5036,-1.2562 28.4552,-1.2362 28.4053,-1.2204 28.3542,-1.2091 28.3023,-1.2023 28.2500,-1.2000 28.1977,-1.2023 28.1458,-1.2091 28.0947,-1.2204 28.0448,-1.2362 27.9964,-1.2562 27.9500,-1.2804 27.9059,-1.3085 27.8643,-1.3404 27.8257,-1.3757 27.7904,-1.4143 27.7585,-1.4559 27.7304,-1.5000 27.7062,-1.5464 27.6862,-1.5948 27.6704,-1.6447 27.6591,-1.6958 27.6523,-1.7477 27.6500,-1.8000 27.6523,-1.8523 27.6591,-1.9042 27.6704,-1.9553 27.6862,-2.0052 27.7062,-2.0536 27.7304,-2.1000 27.7585,-2.1441 27.7904,-2.1857 27.8257,-2.2243 27.8643,-2.2596 27.9059,-2.2915 27.9500,-2.3196 27.9964,-2.3438 28.0448,-2.3638 28.0947,-2.3796 28.1458,-2.3909 28.1977,-2.3977 28.2500,-2.4000 28.3023,-2.3977 28.3542,-2.3909 28.4053,-2.3796 28.4552,-2.3638 28.5036,-2.3438 28.5500,-2.3196 28.5941,-2.2915 28.6357,-2.2596 28.6743,-2.2243 28.7096,-2.1857 28.7415,-2.1441 28.7696,-2.1000 28.7938,-2.0536 28.8138,-2.0052 28.8296,-1.9553 28.8409,-1.9042 28.8477,-1.8523 28.8500,-1.8000;
ADD P5 :W0.000000  28.8500,-4.5000 28.8477,-4.4477 28.8409,-4.3958 28.8296,-4.3447 28.8138,-4.2948 28.7938,-4.2464 28.7696,-4.2000 28.7415,-4.1559 28.7096,-4.1143 28.6743,-4.0757 28.6357,-4.0404 28.5941,-4.0085 28.5500,-3.9804 28.5036,-3.9562 28.4552,-3.9362 28.4053,-3.9204 28.3542,-3.9091 28.3023,-3.9023 28.2500,-3.9000 28.1977,-3.9023 28.1458,-3.9091 28.0947,-3.9204 28.0448,-3.9362 27.9964,-3.9562 27.9500,-3.9804 27.9059,-4.0085 27.8643,-4.0404 27.8257,-4.0757 27.7904,-4.1143 27.7585,-4.1559 27.7304,-4.2000 27.7062,-4.2464 27.6862,-4.2948 27.6704,-4.3447 27.6591,-4.3958 27.6523,-4.4477 27.6500,-4.5000 27.6523,-4.5523 27.6591,-4.6042 27.6704,-4.6553 27.6862,-4.7052 27.7062,-4.7536 27.7304,-4.8000 27.7585,-4.8441 27.7904,-4.8857 27.8257,-4.9243 27.8643,-4.9596 27.9059,-4.9915 27.9500,-5.0196 27.9964,-5.0438 28.0448,-5.0638 28.0947,-5.0796 28.1458,-5.0909 28.1977,-5.0977 28.2500,-5.1000 28.3023,-5.0977 28.3542,-5.0909 28.4053,-5.0796 28.4552,-5.0638 28.5036,-5.0438 28.5500,-5.0196 28.5941,-4.9915 28.6357,-4.9596 28.6743,-4.9243 28.7096,-4.8857 28.7415,-4.8441 28.7696,-4.8000 28.7938,-4.7536 28.8138,-4.7052 28.8296,-4.6553 28.8409,-4.6042 28.8477,-4.5523 28.8500,-4.5000;
ADD P5 :W0.000000  28.8500,-7.2000 28.8477,-7.1477 28.8409,-7.0958 28.8296,-7.0447 28.8138,-6.9948 28.7938,-6.9464 28.7696,-6.9000 28.7415,-6.8559 28.7096,-6.8143 28.6743,-6.7757 28.6357,-6.7404 28.5941,-6.7085 28.5500,-6.6804 28.5036,-6.6562 28.4552,-6.6362 28.4053,-6.6204 28.3542,-6.6091 28.3023,-6.6023 28.2500,-6.6000 28.1977,-6.6023 28.1458,-6.6091 28.0947,-6.6204 28.0448,-6.6362 27.9964,-6.6562 27.9500,-6.6804 27.9059,-6.7085 27.8643,-6.7404 27.8257,-6.7757 27.7904,-6.8143 27.7585,-6.8559 27.7304,-6.9000 27.7062,-6.9464 27.6862,-6.9948 27.6704,-7.0447 27.6591,-7.0958 27.6523,-7.1477 27.6500,-7.2000 27.6523,-7.2523 27.6591,-7.3042 27.6704,-7.3553 27.6862,-7.4052 27.7062,-7.4536 27.7304,-7.5000 27.7585,-7.5441 27.7904,-7.5857 27.8257,-7.6243 27.8643,-7.6596 27.9059,-7.6915 27.9500,-7.7196 27.9964,-7.7438 28.0448,-7.7638 28.0947,-7.7796 28.1458,-7.7909 28.1977,-7.7977 28.2500,-7.8000 28.3023,-7.7977 28.3542,-7.7909 28.4053,-7.7796 28.4552,-7.7638 28.5036,-7.7438 28.5500,-7.7196 28.5941,-7.6915 28.6357,-7.6596 28.6743,-7.6243 28.7096,-7.5857 28.7415,-7.5441 28.7696,-7.5000 28.7938,-7.4536 28.8138,-7.4052 28.8296,-7.3553 28.8409,-7.3042 28.8477,-7.2523 28.8500,-7.2000;
ADD P5 :W0.000000  42.3500,-7.2000 42.3477,-7.1477 42.3409,-7.0958 42.3296,-7.0447 42.3138,-6.9948 42.2938,-6.9464 42.2696,-6.9000 42.2415,-6.8559 42.2096,-6.8143 42.1743,-6.7757 42.1357,-6.7404 42.0941,-6.7085 42.0500,-6.6804 42.0036,-6.6562 41.9552,-6.6362 41.9053,-6.6204 41.8542,-6.6091 41.8023,-6.6023 41.7500,-6.6000 41.6977,-6.6023 41.6458,-6.6091 41.5947,-6.6204 41.5448,-6.6362 41.4964,-6.6562 41.4500,-6.6804 41.4059,-6.7085 41.3643,-6.7404 41.3257,-6.7757 41.2904,-6.8143 41.2585,-6.8559 41.2304,-6.9000 41.2062,-6.9464 41.1862,-6.9948 41.1704,-7.0447 41.1591,-7.0958 41.1523,-7.1477 41.1500,-7.2000 41.1523,-7.2523 41.1591,-7.3042 41.1704,-7.3553 41.1862,-7.4052 41.2062,-7.4536 41.2304,-7.5000 41.2585,-7.5441 41.2904,-7.5857 41.3257,-7.6243 41.3643,-7.6596 41.4059,-7.6915 41.4500,-7.7196 41.4964,-7.7438 41.5448,-7.7638 41.5947,-7.7796 41.6458,-7.7909 41.6977,-7.7977 41.7500,-7.8000 41.8023,-7.7977 41.8542,-7.7909 41.9053,-7.7796 41.9552,-7.7638 42.0036,-7.7438 42.0500,-7.7196 42.0941,-7.6915 42.1357,-7.6596 42.1743,-7.6243 42.2096,-7.5857 42.2415,-7.5441 42.2696,-7.5000 42.2938,-7.4536 42.3138,-7.4052 42.3296,-7.3553 42.3409,-7.3042 42.3477,-7.2523 42.3500,-7.2000;
ADD P5 :W0.000000  44.6500,-4.5000 44.6477,-4.4477 44.6409,-4.3958 44.6296,-4.3447 44.6138,-4.2948 44.5938,-4.2464 44.5696,-4.2000 44.5415,-4.1559 44.5096,-4.1143 44.4743,-4.0757 44.4357,-4.0404 44.3941,-4.0085 44.3500,-3.9804 44.3036,-3.9562 44.2552,-3.9362 44.2053,-3.9204 44.1542,-3.9091 44.1023,-3.9023 44.0500,-3.9000 43.9977,-3.9023 43.9458,-3.9091 43.8947,-3.9204 43.8448,-3.9362 43.7964,-3.9562 43.7500,-3.9804 43.7059,-4.0085 43.6643,-4.0404 43.6257,-4.0757 43.5904,-4.1143 43.5585,-4.1559 43.5304,-4.2000 43.5062,-4.2464 43.4862,-4.2948 43.4704,-4.3447 43.4591,-4.3958 43.4523,-4.4477 43.4500,-4.5000 43.4523,-4.5523 43.4591,-4.6042 43.4704,-4.6553 43.4862,-4.7052 43.5062,-4.7536 43.5304,-4.8000 43.5585,-4.8441 43.5904,-4.8857 43.6257,-4.9243 43.6643,-4.9596 43.7059,-4.9915 43.7500,-5.0196 43.7964,-5.0438 43.8448,-5.0638 43.8947,-5.0796 43.9458,-5.0909 43.9977,-5.0977 44.0500,-5.1000 44.1023,-5.0977 44.1542,-5.0909 44.2053,-5.0796 44.2552,-5.0638 44.3036,-5.0438 44.3500,-5.0196 44.3941,-4.9915 44.4357,-4.9596 44.4743,-4.9243 44.5096,-4.8857 44.5415,-4.8441 44.5696,-4.8000 44.5938,-4.7536 44.6138,-4.7052 44.6296,-4.6553 44.6409,-4.6042 44.6477,-4.5523 44.6500,-4.5000;
ADD P5 :W0.000000  42.3500,-1.8000 42.3477,-1.7477 42.3409,-1.6958 42.3296,-1.6447 42.3138,-1.5948 42.2938,-1.5464 42.2696,-1.5000 42.2415,-1.4559 42.2096,-1.4143 42.1743,-1.3757 42.1357,-1.3404 42.0941,-1.3085 42.0500,-1.2804 42.0036,-1.2562 41.9552,-1.2362 41.9053,-1.2204 41.8542,-1.2091 41.8023,-1.2023 41.7500,-1.2000 41.6977,-1.2023 41.6458,-1.2091 41.5947,-1.2204 41.5448,-1.2362 41.4964,-1.2562 41.4500,-1.2804 41.4059,-1.3085 41.3643,-1.3404 41.3257,-1.3757 41.2904,-1.4143 41.2585,-1.4559 41.2304,-1.5000 41.2062,-1.5464 41.1862,-1.5948 41.1704,-1.6447 41.1591,-1.6958 41.1523,-1.7477 41.1500,-1.8000 41.1523,-1.8523 41.1591,-1.9042 41.1704,-1.9553 41.1862,-2.0052 41.2062,-2.0536 41.2304,-2.1000 41.2585,-2.1441 41.2904,-2.1857 41.3257,-2.2243 41.3643,-2.2596 41.4059,-2.2915 41.4500,-2.3196 41.4964,-2.3438 41.5448,-2.3638 41.5947,-2.3796 41.6458,-2.3909 41.6977,-2.3977 41.7500,-2.4000 41.8023,-2.3977 41.8542,-2.3909 41.9053,-2.3796 41.9552,-2.3638 42.0036,-2.3438 42.0500,-2.3196 42.0941,-2.2915 42.1357,-2.2596 42.1743,-2.2243 42.2096,-2.1857 42.2415,-2.1441 42.2696,-2.1000 42.2938,-2.0536 42.3138,-2.0052 42.3296,-1.9553 42.3409,-1.9042 42.3477,-1.8523 42.3500,-1.8000;
ADD P5 :W0.000000  44.6500,-1.8000 44.6477,-1.7477 44.6409,-1.6958 44.6296,-1.6447 44.6138,-1.5948 44.5938,-1.5464 44.5696,-1.5000 44.5415,-1.4559 44.5096,-1.4143 44.4743,-1.3757 44.4357,-1.3404 44.3941,-1.3085 44.3500,-1.2804 44.3036,-1.2562 44.2552,-1.2362 44.2053,-1.2204 44.1542,-1.2091 44.1023,-1.2023 44.0500,-1.2000 43.9977,-1.2023 43.9458,-1.2091 43.8947,-1.2204 43.8448,-1.2362 43.7964,-1.2562 43.7500,-1.2804 43.7059,-1.3085 43.6643,-1.3404 43.6257,-1.3757 43.5904,-1.4143 43.5585,-1.4559 43.5304,-1.5000 43.5062,-1.5464 43.4862,-1.5948 43.4704,-1.6447 43.4591,-1.6958 43.4523,-1.7477 43.4500,-1.8000 43.4523,-1.8523 43.4591,-1.9042 43.4704,-1.9553 43.4862,-2.0052 43.5062,-2.0536 43.5304,-2.1000 43.5585,-2.1441 43.5904,-2.1857 43.6257,-2.2243 43.6643,-2.2596 43.7059,-2.2915 43.7500,-2.3196 43.7964,-2.3438 43.8448,-2.3638 43.8947,-2.3796 43.9458,-2.3909 43.9977,-2.3977 44.0500,-2.4000 44.1023,-2.3977 44.1542,-2.3909 44.2053,-2.3796 44.2552,-2.3638 44.3036,-2.3438 44.3500,-2.3196 44.3941,-2.2915 44.4357,-2.2596 44.4743,-2.2243 44.5096,-2.1857 44.5415,-2.1441 44.5696,-2.1000 44.5938,-2.0536 44.6138,-2.0052 44.6296,-1.9553 44.6409,-1.9042 44.6477,-1.8523 44.6500,-1.8000;
ADD P5 :W0.000000  36.9500,-4.5000 36.9477,-4.4477 36.9409,-4.3958 36.9296,-4.3447 36.9138,-4.2948 36.8938,-4.2464 36.8696,-4.2000 36.8415,-4.1559 36.8096,-4.1143 36.7743,-4.0757 36.7357,-4.0404 36.6941,-4.0085 36.6500,-3.9804 36.6036,-3.9562 36.5552,-3.9362 36.5053,-3.9204 36.4542,-3.9091 36.4023,-3.9023 36.3500,-3.9000 36.2977,-3.9023 36.2458,-3.9091 36.1947,-3.9204 36.1448,-3.9362 36.0964,-3.9562 36.0500,-3.9804 36.0059,-4.0085 35.9643,-4.0404 35.9257,-4.0757 35.8904,-4.1143 35.8585,-4.1559 35.8304,-4.2000 35.8062,-4.2464 35.7862,-4.2948 35.7704,-4.3447 35.7591,-4.3958 35.7523,-4.4477 35.7500,-4.5000 35.7523,-4.5523 35.7591,-4.6042 35.7704,-4.6553 35.7862,-4.7052 35.8062,-4.7536 35.8304,-4.8000 35.8585,-4.8441 35.8904,-4.8857 35.9257,-4.9243 35.9643,-4.9596 36.0059,-4.9915 36.0500,-5.0196 36.0964,-5.0438 36.1448,-5.0638 36.1947,-5.0796 36.2458,-5.0909 36.2977,-5.0977 36.3500,-5.1000 36.4023,-5.0977 36.4542,-5.0909 36.5053,-5.0796 36.5552,-5.0638 36.6036,-5.0438 36.6500,-5.0196 36.6941,-4.9915 36.7357,-4.9596 36.7743,-4.9243 36.8096,-4.8857 36.8415,-4.8441 36.8696,-4.8000 36.8938,-4.7536 36.9138,-4.7052 36.9296,-4.6553 36.9409,-4.6042 36.9477,-4.5523 36.9500,-4.5000;
ADD P5 :W0.000000  36.9500,-7.2000 36.9477,-7.1477 36.9409,-7.0958 36.9296,-7.0447 36.9138,-6.9948 36.8938,-6.9464 36.8696,-6.9000 36.8415,-6.8559 36.8096,-6.8143 36.7743,-6.7757 36.7357,-6.7404 36.6941,-6.7085 36.6500,-6.6804 36.6036,-6.6562 36.5552,-6.6362 36.5053,-6.6204 36.4542,-6.6091 36.4023,-6.6023 36.3500,-6.6000 36.2977,-6.6023 36.2458,-6.6091 36.1947,-6.6204 36.1448,-6.6362 36.0964,-6.6562 36.0500,-6.6804 36.0059,-6.7085 35.9643,-6.7404 35.9257,-6.7757 35.8904,-6.8143 35.8585,-6.8559 35.8304,-6.9000 35.8062,-6.9464 35.7862,-6.9948 35.7704,-7.0447 35.7591,-7.0958 35.7523,-7.1477 35.7500,-7.2000 35.7523,-7.2523 35.7591,-7.3042 35.7704,-7.3553 35.7862,-7.4052 35.8062,-7.4536 35.8304,-7.5000 35.8585,-7.5441 35.8904,-7.5857 35.9257,-7.6243 35.9643,-7.6596 36.0059,-7.6915 36.0500,-7.7196 36.0964,-7.7438 36.1448,-7.7638 36.1947,-7.7796 36.2458,-7.7909 36.2977,-7.7977 36.3500,-7.8000 36.4023,-7.7977 36.4542,-7.7909 36.5053,-7.7796 36.5552,-7.7638 36.6036,-7.7438 36.6500,-7.7196 36.6941,-7.6915 36.7357,-7.6596 36.7743,-7.6243 36.8096,-7.5857 36.8415,-7.5441 36.8696,-7.5000 36.8938,-7.4536 36.9138,-7.4052 36.9296,-7.3553 36.9409,-7.3042 36.9477,-7.2523 36.9500,-7.2000;
ADD P5 :W0.000000  36.9500,-1.8000 36.9477,-1.7477 36.9409,-1.6958 36.9296,-1.6447 36.9138,-1.5948 36.8938,-1.5464 36.8696,-1.5000 36.8415,-1.4559 36.8096,-1.4143 36.7743,-1.3757 36.7357,-1.3404 36.6941,-1.3085 36.6500,-1.2804 36.6036,-1.2562 36.5552,-1.2362 36.5053,-1.2204 36.4542,-1.2091 36.4023,-1.2023 36.3500,-1.2000 36.2977,-1.2023 36.2458,-1.2091 36.1947,-1.2204 36.1448,-1.2362 36.0964,-1.2562 36.0500,-1.2804 36.0059,-1.3085 35.9643,-1.3404 35.9257,-1.3757 35.8904,-1.4143 35.8585,-1.4559 35.8304,-1.5000 35.8062,-1.5464 35.7862,-1.5948 35.7704,-1.6447 35.7591,-1.6958 35.7523,-1.7477 35.7500,-1.8000 35.7523,-1.8523 35.7591,-1.9042 35.7704,-1.9553 35.7862,-2.0052 35.8062,-2.0536 35.8304,-2.1000 35.8585,-2.1441 35.8904,-2.1857 35.9257,-2.2243 35.9643,-2.2596 36.0059,-2.2915 36.0500,-2.3196 36.0964,-2.3438 36.1448,-2.3638 36.1947,-2.3796 36.2458,-2.3909 36.2977,-2.3977 36.3500,-2.4000 36.4023,-2.3977 36.4542,-2.3909 36.5053,-2.3796 36.5552,-2.3638 36.6036,-2.3438 36.6500,-2.3196 36.6941,-2.2915 36.7357,-2.2596 36.7743,-2.2243 36.8096,-2.1857 36.8415,-2.1441 36.8696,-2.1000 36.8938,-2.0536 36.9138,-2.0052 36.9296,-1.9553 36.9409,-1.9042 36.9477,-1.8523 36.9500,-1.8000;
ADD P5 :W0.000000  44.6500,-7.2000 44.6477,-7.1477 44.6409,-7.0958 44.6296,-7.0447 44.6138,-6.9948 44.5938,-6.9464 44.5696,-6.9000 44.5415,-6.8559 44.5096,-6.8143 44.4743,-6.7757 44.4357,-6.7404 44.3941,-6.7085 44.3500,-6.6804 44.3036,-6.6562 44.2552,-6.6362 44.2053,-6.6204 44.1542,-6.6091 44.1023,-6.6023 44.0500,-6.6000 43.9977,-6.6023 43.9458,-6.6091 43.8947,-6.6204 43.8448,-6.6362 43.7964,-6.6562 43.7500,-6.6804 43.7059,-6.7085 43.6643,-6.7404 43.6257,-6.7757 43.5904,-6.8143 43.5585,-6.8559 43.5304,-6.9000 43.5062,-6.9464 43.4862,-6.9948 43.4704,-7.0447 43.4591,-7.0958 43.4523,-7.1477 43.4500,-7.2000 43.4523,-7.2523 43.4591,-7.3042 43.4704,-7.3553 43.4862,-7.4052 43.5062,-7.4536 43.5304,-7.5000 43.5585,-7.5441 43.5904,-7.5857 43.6257,-7.6243 43.6643,-7.6596 43.7059,-7.6915 43.7500,-7.7196 43.7964,-7.7438 43.8448,-7.7638 43.8947,-7.7796 43.9458,-7.7909 43.9977,-7.7977 44.0500,-7.8000 44.1023,-7.7977 44.1542,-7.7909 44.2053,-7.7796 44.2552,-7.7638 44.3036,-7.7438 44.3500,-7.7196 44.3941,-7.6915 44.4357,-7.6596 44.4743,-7.6243 44.5096,-7.5857 44.5415,-7.5441 44.5696,-7.5000 44.5938,-7.4536 44.6138,-7.4052 44.6296,-7.3553 44.6409,-7.3042 44.6477,-7.2523 44.6500,-7.2000;
ADD P5 :W0.000000  39.6500,-7.2000 39.6477,-7.1477 39.6409,-7.0958 39.6296,-7.0447 39.6138,-6.9948 39.5938,-6.9464 39.5696,-6.9000 39.5415,-6.8559 39.5096,-6.8143 39.4743,-6.7757 39.4357,-6.7404 39.3941,-6.7085 39.3500,-6.6804 39.3036,-6.6562 39.2552,-6.6362 39.2053,-6.6204 39.1542,-6.6091 39.1023,-6.6023 39.0500,-6.6000 38.9977,-6.6023 38.9458,-6.6091 38.8947,-6.6204 38.8448,-6.6362 38.7964,-6.6562 38.7500,-6.6804 38.7059,-6.7085 38.6643,-6.7404 38.6257,-6.7757 38.5904,-6.8143 38.5585,-6.8559 38.5304,-6.9000 38.5062,-6.9464 38.4862,-6.9948 38.4704,-7.0447 38.4591,-7.0958 38.4523,-7.1477 38.4500,-7.2000 38.4523,-7.2523 38.4591,-7.3042 38.4704,-7.3553 38.4862,-7.4052 38.5062,-7.4536 38.5304,-7.5000 38.5585,-7.5441 38.5904,-7.5857 38.6257,-7.6243 38.6643,-7.6596 38.7059,-7.6915 38.7500,-7.7196 38.7964,-7.7438 38.8448,-7.7638 38.8947,-7.7796 38.9458,-7.7909 38.9977,-7.7977 39.0500,-7.8000 39.1023,-7.7977 39.1542,-7.7909 39.2053,-7.7796 39.2552,-7.7638 39.3036,-7.7438 39.3500,-7.7196 39.3941,-7.6915 39.4357,-7.6596 39.4743,-7.6243 39.5096,-7.5857 39.5415,-7.5441 39.5696,-7.5000 39.5938,-7.4536 39.6138,-7.4052 39.6296,-7.3553 39.6409,-7.3042 39.6477,-7.2523 39.6500,-7.2000;
ADD P5 :W0.000000  39.6500,-1.8000 39.6477,-1.7477 39.6409,-1.6958 39.6296,-1.6447 39.6138,-1.5948 39.5938,-1.5464 39.5696,-1.5000 39.5415,-1.4559 39.5096,-1.4143 39.4743,-1.3757 39.4357,-1.3404 39.3941,-1.3085 39.3500,-1.2804 39.3036,-1.2562 39.2552,-1.2362 39.2053,-1.2204 39.1542,-1.2091 39.1023,-1.2023 39.0500,-1.2000 38.9977,-1.2023 38.9458,-1.2091 38.8947,-1.2204 38.8448,-1.2362 38.7964,-1.2562 38.7500,-1.2804 38.7059,-1.3085 38.6643,-1.3404 38.6257,-1.3757 38.5904,-1.4143 38.5585,-1.4559 38.5304,-1.5000 38.5062,-1.5464 38.4862,-1.5948 38.4704,-1.6447 38.4591,-1.6958 38.4523,-1.7477 38.4500,-1.8000 38.4523,-1.8523 38.4591,-1.9042 38.4704,-1.9553 38.4862,-2.0052 38.5062,-2.0536 38.5304,-2.1000 38.5585,-2.1441 38.5904,-2.1857 38.6257,-2.2243 38.6643,-2.2596 38.7059,-2.2915 38.7500,-2.3196 38.7964,-2.3438 38.8448,-2.3638 38.8947,-2.3796 38.9458,-2.3909 38.9977,-2.3977 39.0500,-2.4000 39.1023,-2.3977 39.1542,-2.3909 39.2053,-2.3796 39.2552,-2.3638 39.3036,-2.3438 39.3500,-2.3196 39.3941,-2.2915 39.4357,-2.2596 39.4743,-2.2243 39.5096,-2.1857 39.5415,-2.1441 39.5696,-2.1000 39.5938,-2.0536 39.6138,-2.0052 39.6296,-1.9553 39.6409,-1.9042 39.6477,-1.8523 39.6500,-1.8000;
ADD P5 :W0.000000  39.6500,-4.5000 39.6477,-4.4477 39.6409,-4.3958 39.6296,-4.3447 39.6138,-4.2948 39.5938,-4.2464 39.5696,-4.2000 39.5415,-4.1559 39.5096,-4.1143 39.4743,-4.0757 39.4357,-4.0404 39.3941,-4.0085 39.3500,-3.9804 39.3036,-3.9562 39.2552,-3.9362 39.2053,-3.9204 39.1542,-3.9091 39.1023,-3.9023 39.0500,-3.9000 38.9977,-3.9023 38.9458,-3.9091 38.8947,-3.9204 38.8448,-3.9362 38.7964,-3.9562 38.7500,-3.9804 38.7059,-4.0085 38.6643,-4.0404 38.6257,-4.0757 38.5904,-4.1143 38.5585,-4.1559 38.5304,-4.2000 38.5062,-4.2464 38.4862,-4.2948 38.4704,-4.3447 38.4591,-4.3958 38.4523,-4.4477 38.4500,-4.5000 38.4523,-4.5523 38.4591,-4.6042 38.4704,-4.6553 38.4862,-4.7052 38.5062,-4.7536 38.5304,-4.8000 38.5585,-4.8441 38.5904,-4.8857 38.6257,-4.9243 38.6643,-4.9596 38.7059,-4.9915 38.7500,-5.0196 38.7964,-5.0438 38.8448,-5.0638 38.8947,-5.0796 38.9458,-5.0909 38.9977,-5.0977 39.0500,-5.1000 39.1023,-5.0977 39.1542,-5.0909 39.2053,-5.0796 39.2552,-5.0638 39.3036,-5.0438 39.3500,-5.0196 39.3941,-4.9915 39.4357,-4.9596 39.4743,-4.9243 39.5096,-4.8857 39.5415,-4.8441 39.5696,-4.8000 39.5938,-4.7536 39.6138,-4.7052 39.6296,-4.6553 39.6409,-4.6042 39.6477,-4.5523 39.6500,-4.5000;
ADD P5 :W0.000000  42.3500,-4.5000 42.3477,-4.4477 42.3409,-4.3958 42.3296,-4.3447 42.3138,-4.2948 42.2938,-4.2464 42.2696,-4.2000 42.2415,-4.1559 42.2096,-4.1143 42.1743,-4.0757 42.1357,-4.0404 42.0941,-4.0085 42.0500,-3.9804 42.0036,-3.9562 41.9552,-3.9362 41.9053,-3.9204 41.8542,-3.9091 41.8023,-3.9023 41.7500,-3.9000 41.6977,-3.9023 41.6458,-3.9091 41.5947,-3.9204 41.5448,-3.9362 41.4964,-3.9562 41.4500,-3.9804 41.4059,-4.0085 41.3643,-4.0404 41.3257,-4.0757 41.2904,-4.1143 41.2585,-4.1559 41.2304,-4.2000 41.2062,-4.2464 41.1862,-4.2948 41.1704,-4.3447 41.1591,-4.3958 41.1523,-4.4477 41.1500,-4.5000 41.1523,-4.5523 41.1591,-4.6042 41.1704,-4.6553 41.1862,-4.7052 41.2062,-4.7536 41.2304,-4.8000 41.2585,-4.8441 41.2904,-4.8857 41.3257,-4.9243 41.3643,-4.9596 41.4059,-4.9915 41.4500,-5.0196 41.4964,-5.0438 41.5448,-5.0638 41.5947,-5.0796 41.6458,-5.0909 41.6977,-5.0977 41.7500,-5.1000 41.8023,-5.0977 41.8542,-5.0909 41.9053,-5.0796 41.9552,-5.0638 42.0036,-5.0438 42.0500,-5.0196 42.0941,-4.9915 42.1357,-4.9596 42.1743,-4.9243 42.2096,-4.8857 42.2415,-4.8441 42.2696,-4.8000 42.2938,-4.7536 42.3138,-4.7052 42.3296,-4.6553 42.3409,-4.6042 42.3477,-4.5523 42.3500,-4.5000;
ADD P5 :W0.000000  23.4500,-7.2000 23.4477,-7.1477 23.4409,-7.0958 23.4296,-7.0447 23.4138,-6.9948 23.3938,-6.9464 23.3696,-6.9000 23.3415,-6.8559 23.3096,-6.8143 23.2743,-6.7757 23.2357,-6.7404 23.1941,-6.7085 23.1500,-6.6804 23.1036,-6.6562 23.0552,-6.6362 23.0053,-6.6204 22.9542,-6.6091 22.9023,-6.6023 22.8500,-6.6000 22.7977,-6.6023 22.7458,-6.6091 22.6947,-6.6204 22.6448,-6.6362 22.5964,-6.6562 22.5500,-6.6804 22.5059,-6.7085 22.4643,-6.7404 22.4257,-6.7757 22.3904,-6.8143 22.3585,-6.8559 22.3304,-6.9000 22.3062,-6.9464 22.2862,-6.9948 22.2704,-7.0447 22.2591,-7.0958 22.2523,-7.1477 22.2500,-7.2000 22.2523,-7.2523 22.2591,-7.3042 22.2704,-7.3553 22.2862,-7.4052 22.3062,-7.4536 22.3304,-7.5000 22.3585,-7.5441 22.3904,-7.5857 22.4257,-7.6243 22.4643,-7.6596 22.5059,-7.6915 22.5500,-7.7196 22.5964,-7.7438 22.6448,-7.7638 22.6947,-7.7796 22.7458,-7.7909 22.7977,-7.7977 22.8500,-7.8000 22.9023,-7.7977 22.9542,-7.7909 23.0053,-7.7796 23.0552,-7.7638 23.1036,-7.7438 23.1500,-7.7196 23.1941,-7.6915 23.2357,-7.6596 23.2743,-7.6243 23.3096,-7.5857 23.3415,-7.5441 23.3696,-7.5000 23.3938,-7.4536 23.4138,-7.4052 23.4296,-7.3553 23.4409,-7.3042 23.4477,-7.2523 23.4500,-7.2000;
ADD P5 :W0.000000  23.4500,-4.5000 23.4477,-4.4477 23.4409,-4.3958 23.4296,-4.3447 23.4138,-4.2948 23.3938,-4.2464 23.3696,-4.2000 23.3415,-4.1559 23.3096,-4.1143 23.2743,-4.0757 23.2357,-4.0404 23.1941,-4.0085 23.1500,-3.9804 23.1036,-3.9562 23.0552,-3.9362 23.0053,-3.9204 22.9542,-3.9091 22.9023,-3.9023 22.8500,-3.9000 22.7977,-3.9023 22.7458,-3.9091 22.6947,-3.9204 22.6448,-3.9362 22.5964,-3.9562 22.5500,-3.9804 22.5059,-4.0085 22.4643,-4.0404 22.4257,-4.0757 22.3904,-4.1143 22.3585,-4.1559 22.3304,-4.2000 22.3062,-4.2464 22.2862,-4.2948 22.2704,-4.3447 22.2591,-4.3958 22.2523,-4.4477 22.2500,-4.5000 22.2523,-4.5523 22.2591,-4.6042 22.2704,-4.6553 22.2862,-4.7052 22.3062,-4.7536 22.3304,-4.8000 22.3585,-4.8441 22.3904,-4.8857 22.4257,-4.9243 22.4643,-4.9596 22.5059,-4.9915 22.5500,-5.0196 22.5964,-5.0438 22.6448,-5.0638 22.6947,-5.0796 22.7458,-5.0909 22.7977,-5.0977 22.8500,-5.1000 22.9023,-5.0977 22.9542,-5.0909 23.0053,-5.0796 23.0552,-5.0638 23.1036,-5.0438 23.1500,-5.0196 23.1941,-4.9915 23.2357,-4.9596 23.2743,-4.9243 23.3096,-4.8857 23.3415,-4.8441 23.3696,-4.8000 23.3938,-4.7536 23.4138,-4.7052 23.4296,-4.6553 23.4409,-4.6042 23.4477,-4.5523 23.4500,-4.5000;
ADD P5 :W0.000000  23.4500,-1.8000 23.4477,-1.7477 23.4409,-1.6958 23.4296,-1.6447 23.4138,-1.5948 23.3938,-1.5464 23.3696,-1.5000 23.3415,-1.4559 23.3096,-1.4143 23.2743,-1.3757 23.2357,-1.3404 23.1941,-1.3085 23.1500,-1.2804 23.1036,-1.2562 23.0552,-1.2362 23.0053,-1.2204 22.9542,-1.2091 22.9023,-1.2023 22.8500,-1.2000 22.7977,-1.2023 22.7458,-1.2091 22.6947,-1.2204 22.6448,-1.2362 22.5964,-1.2562 22.5500,-1.2804 22.5059,-1.3085 22.4643,-1.3404 22.4257,-1.3757 22.3904,-1.4143 22.3585,-1.4559 22.3304,-1.5000 22.3062,-1.5464 22.2862,-1.5948 22.2704,-1.6447 22.2591,-1.6958 22.2523,-1.7477 22.2500,-1.8000 22.2523,-1.8523 22.2591,-1.9042 22.2704,-1.9553 22.2862,-2.0052 22.3062,-2.0536 22.3304,-2.1000 22.3585,-2.1441 22.3904,-2.1857 22.4257,-2.2243 22.4643,-2.2596 22.5059,-2.2915 22.5500,-2.3196 22.5964,-2.3438 22.6448,-2.3638 22.6947,-2.3796 22.7458,-2.3909 22.7977,-2.3977 22.8500,-2.4000 22.9023,-2.3977 22.9542,-2.3909 23.0053,-2.3796 23.0552,-2.3638 23.1036,-2.3438 23.1500,-2.3196 23.1941,-2.2915 23.2357,-2.2596 23.2743,-2.2243 23.3096,-2.1857 23.3415,-2.1441 23.3696,-2.1000 23.3938,-2.0536 23.4138,-2.0052 23.4296,-1.9553 23.4409,-1.9042 23.4477,-1.8523 23.4500,-1.8000;
SAVE;
