64.888433283252567
59.949884083748117
56.975338009395088
56.45466471472534
54.723538338040058
53.917876143336152
53.183541741594972
52.294747909206855
50.530046188813664
50.156029186935719
49.458627522193105
48.18384610377467
48.160451194352476
48.136642140799644
48.086059554948605
48.052426205285933
47.619569467559373
47.511806850668442
47.084667120024548
47.070603775461045
46.93890664542171
46.864416920577604
46.341978431227176
45.955088497583461
45.68983824668436
45.43817631979875
45.433612146135687
45.300564808653519
45.14998159637134
44.899091454753901
44.42962199657434
43.967232239766069
43.959528344562507
43.515415041537366
43.434629471492407
43.352333614479448
43.153324274003353
43.028703856385739
42.784107902679381
42.692844488062043
42.571355534505727
42.444700169610783
42.051395587022327
41.894937685924241
41.876854304455684
41.704465861194265
41.288721577619036
41.153151547216311
41.07388263626185
40.9237496851716
40.085853350210776
39.867734697290935
39.790937418680123
39.716605112376136
39.611913433768763
39.434421600576592
39.152261292639508
39.149827203504636
38.794571322563911
38.61153920073405
38.565820904505692
38.510222906494221
38.255489270407317
38.131451041554406
37.971370252188073
37.969286193230204
37.835491451411279
37.8317737000487
37.73324115994329
37.7220259742774
37.721587031509777
37.666653795938934
37.212231353016094
37.200553813148638
37.013522118449188
36.935860424245476
36.834496613505429
36.782544348130337
36.595022118162312
36.562836901772158
36.540381113811705
36.375542373108637
36.179673626865501
36.11924976881383
35.97199051650054
35.793919359181466
35.720709093562924
35.545901403770536
35.412812533755535
35.409681265358969
35.084109191819273
34.78640356621441
34.687400459534302
34.682589782540049
34.621981374076015
34.418417750834905
34.165201388782698
34.065979479550919
34.01311415316998
33.860192962364465
33.827972432370686
33.816928123474838
33.773537030271314
33.739485206952935
33.687144683353942
33.672745381730209
33.53948620909312
33.495836918229045
33.231906156709073
33.165865899726882
33.103079560528911
32.990086040587386
32.951591654375576
32.664184628006787
32.638093424021029
32.583037920126266
32.374380861606951
32.323312296645341
32.195081671983665
32.137950544877405
32.007131573502619
31.917006113597452
31.88836772430669
31.878092493904617
31.776701590654294
31.726053516817419
31.694770053673917
31.451304649083404
31.297643275725441
31.266841842306942
31.131337948362336
30.998514543566667
30.853202928270008
30.815588655552261
30.789264522566803
30.776101335721119
30.740480479734938
30.580567098769212
30.543936974085998
30.514296514026746
30.376971812002779
30.376790102552924
30.332821978521558
30.315012752446528
30.310774402003684
30.277999226884717
30.274288664865576
30.178388643745652
30.093677164552115
30.082585389515707
30.082383085671122
30.022235407414971
29.975154901499955
29.960301397410717
29.918325906707498
29.857356097544365
29.834957441988365
29.818043162480116
29.792333984618271
29.684370496458076
29.651246681444203
29.634323478499848
29.560650608727912
29.527909244901629
29.488778976216199
29.180144753967443
29.115450848302913
28.95317472633705
28.922190001303111
28.81843581115788
28.766247012947456
28.729441193537152
28.603477929416766
28.572281142926723
28.512602002177037
28.509488428378646
28.400119527326691
28.321995477852358
28.250623983531653
28.221400062234757
28.069879124511026
28.065456724092407
28.046167463263547
27.796720513575156
27.749291431385856
27.527590740823427
27.525826306760219
27.49932100759635
27.481836835792972
27.412425634072044
27.376306843478456
27.334828301921348
27.328394492889444
27.300701963733705
27.090488938380076
27.024067627026358
26.985994480008639
26.984335291586643
26.972143948262495
26.904163766986564
26.900623383763829
26.614896305400112
26.599021321767662
26.597696126585181
26.585795225948601
26.581204377244202
26.562391332059953
26.554638165613994
26.434586911511907
26.424725186080082
26.411179693923117
26.391515737793299
26.37147058192318
26.331529666208358
26.318362149083249
26.262671417536531
26.183243455744844
26.131118377715893
26.000676498771583
25.971527287118828
25.883039752439952
25.878785427100844
25.832325336915243
25.743695171105514
25.71731164438803
25.704606684408539
25.698677239986523
25.644158427837372
25.545614823303438
25.433146669039392
25.429048983483632
25.364075111159551
25.351943388245889
25.21066457404886
25.179818988983829
25.059741978395149
24.908756172605369
24.897658183922662
24.846023015825448
24.814051210763996
24.802354379130733
24.760372749957948
24.665517173274353
24.662516038335266
24.643029161064923
24.625461248809966
24.607150388577534
24.479596861605881
24.444851639967403
24.333552238776591
24.274742012198168
24.272354499443903
24.237959811837673
24.186277120973863
24.13596515104831
24.116827990021346
24.078072576503782
24.072622797713308
24.043359696035676
24.039896258122631
23.990193525518787
23.979162658211461
23.955001980998869
23.893199109019935
23.866545029671911
23.818563087921991
23.798186930231847
23.760842134919752
23.732293384195113
23.71843838257691
23.635435564857335
23.62788359025285
23.598352051234478
23.577773156579664
23.556192791552409
23.498318931825406
23.472369785522822
23.427532685254462
23.421211381161161
23.384007745716396
23.373039390481569
23.340906623330831
23.311342797389457
23.295710291375457
23.270575244933916
23.25865478690303
23.257217230479107
23.235121898411446
23.137799617377063
23.115710569675013
23.09973090847074
23.092838084686004
23.076557327451656
23.0560445922696
23.05285997830385
23.029108317530643
23.023186664733448
23.020272328807138
22.996325475319392
22.909064935429395
22.858437648144019
22.82317074566631
22.792487615028303
22.730975478816681
22.614419746632194
22.61358502317513
22.607740964296536
22.533886879081837
22.466215053916432
22.458370221598557
22.457172701953603
22.431817958607077
22.431058323252859
22.346461622529215
22.343364121023946
22.310267092546507
22.308441988480393
22.304574467599721
22.282981345064901
22.278098463437086
22.267983908617964
22.129091854110467
22.123203800784072
22.093221294294477
22.093027760192648
22.08803797409012
22.075579208442132
22.061852434267632
22.05328442298611
22.050095451711165
22.022723718316648
21.919591702601448
21.898531782639783
21.882488567254459
21.877696211730264
21.845431446138761
21.774677819100795
21.761391984472667
21.738488708767886
21.708985316199211
21.669242211661295
21.657301089553894
21.657026083919888
21.65278443310633
21.629760500518771
21.594286491043324
21.580680130752562
21.57406982415436
21.563771731345629
21.47819784238775
21.470444608335239
21.429753854511929
21.393972984682193
21.37425024978516
21.357443062070281
21.338212711700219
21.330795268222371
21.2986475141707
21.286177838637009
21.278923768160858
21.275122868185044
21.24922437299271
21.241463911077624
21.220346848430022
21.141075458218285
21.104978905603623
21.055076657140052
20.9987893530901
20.981448468383107
20.975104784574626
20.974118573063684
20.969145921183983
20.922298694585447
20.911949610188881
20.857024577784365
20.836787002013143
20.827584114929362
20.788335230912267
20.763424992992906
20.758478916085867
20.755736650735905
20.743231773905578
20.729283421999504
20.718838690788317
20.7102665306166
20.708409580027759
20.694189715016485
20.670280489210398
20.603772270508003
20.601073741130772
20.596513137715078
20.581230240303093
20.571329875688203
20.555731316629885
20.547378102300744
20.495196887813048
20.490715781476428
20.484442485352307
20.459466925269243
20.444628136781358
20.441905352825998
20.433857651387648
20.407199643074197
20.390891786755478
20.382192737476775
20.359751246514403
20.354673176981656
20.346634305371296
20.343443763158668
20.342827954746198
20.315779569772662
20.293766688981453
20.24831668213179
20.212024624822799
20.211006417117602
20.206974541528432
20.164671312286604
20.160366045956945
20.133458626485758
20.077294596347965
20.069425501564165
20.023584068722656
20.00854629812542
19.997984738713747
19.991548816174859
19.983790062871805
19.92486418321743
19.900087862339721
19.892655782049069
19.867303455103194
19.865090752555112
19.85439556477888
19.832075426366615
19.825911935422528
19.805525745285095
19.800172338023092
19.798601674138872
19.72239676317286
19.677536315517688
19.659746725420025
19.627306020244948
19.617719665479964
19.597936307784249
19.581381200837001
19.581080237362404
19.540603701692881
19.528243470491798
19.503813759405489
19.483287920355494
19.465979349916353
19.460752819802316
19.444825491741589
19.409477273186006
19.402368279851302
19.401216664360629
19.329866517126025
19.311895679187035
19.252205798728706
19.236530962236877
19.230932946175326
19.228827895193358
19.202941785038075
19.181699405379042
19.171349932965523
19.133492221645554
19.119199825992283
19.107132697248733
19.094481501271442
19.093395401192616
19.075466010924838
19.060145415962872
19.048709367558573
19.036128490246824
19.001773672412106
18.997676221277363
18.980093189074633
18.974200855797367
18.965986249934538
18.964611679928694
18.963523055411539
18.958928010506174
18.956479944844816
18.940049548207387
18.90884973655324
18.892749769876151
18.880088378177184
18.866127275175455
18.860918861478151
18.845843700478742
18.842531474419246
18.82942985445516
18.82455863240348
18.821683887903532
18.806794065848884
18.804175956320076
18.794161589293584
18.757324135916146
18.752717561711609
18.737759624466126
18.699168106649783
18.683918603174572
18.675943358333519
18.644650609230794
18.631232249147118
18.622924154287343
18.615094301047826
18.573398390141573
18.559197088923479
18.557684669884683
18.515525206861817
18.510881228320173
18.489011028348759
18.480536472276224
18.473798235414034
18.401516635837048
18.391643392464033
18.374666737495239
18.373034747612405
18.352320668977114
18.33207944596618
18.321788738824093
18.277722876932305
18.256271054803008
18.221090961764968
18.211008701819686
18.181795339980209
18.169714187752497
18.169108704867174
18.157403168428747
18.154098845476515
18.135298492247475
18.100992718633464
18.061104482509279
18.057637360271432
18.020370474479058
17.989321398636772
17.970135299305728
17.956554947147577
17.947103553488628
17.933547284184417
17.931306402524545
17.910363331270897
17.889978633404429
17.877203260624032
17.866885215206658
17.844110347470231
17.838060178002628
17.830882852481498
17.764433986278952
17.754258409125857
17.753668956364788
17.713150602552041
17.692711568030241
17.68874139783124
17.686625330026427
17.676629052341916
17.671035834923465
17.633978440615198
17.630995006931734
17.619893734284329
17.595176016967422
17.592411997145788
17.580076868789874
17.546057452666169
17.522224492873065
17.515028346570077
17.513861427564475
17.510349275659706
17.485689177443913
17.472312230122512
17.46773637666114
17.429811444357249
17.429130148614863
17.423276544112547
17.42307691163801
17.417052410518675
17.401598229294635
17.398004203873288
17.371260995829218
17.363566034779854
17.356781163324992
17.336593674687276
17.263530658695949
17.259496061752721
17.249999805889313
17.247144827453763
17.224178895194964
17.222732273336039
17.172671530706811
17.15424341438008
17.142858428354515
17.136508736792091
17.136394043085229
17.110990845632116
17.109079394235266
17.076239333091522
17.071678536273474
17.064423582176278
17.063377435479069
17.025278270714711
17.009552786379349
16.99852135934977
16.978862458298316
16.978631263100723
16.949535302326773
16.947077711021446
16.945746370270736
16.908558113789191
16.901311724067202
16.890724289139921
16.878281114083279
16.875774857851191
16.854027609352229
16.847443443532871
16.836822625354642
16.831705896158912
16.825801102737117
16.815833447308712
16.791783028572777
16.776781075074638
16.77177411863445
16.771136483895322
16.769074511726419
16.74818864469762
16.747103960363088
16.74601727114397
16.743021496759003
16.733097177717774
16.709065146983523
16.688497152918906
16.675859739901039
16.675609443761527
16.663483476556856
16.663416835269405
16.635410071302061
16.628338999813458
16.621303788727804
16.619977926862862
16.616473545197355
16.612626193962004
16.571197103925858
16.530471362693334
16.524789575979757
16.521029844623911
16.518626955628193
16.511698812069895
16.50768826231576
16.500606018035651
16.489789341128137
16.481540676428239
16.467405071655072
16.461718609008376
16.455284320365895
16.443391262460061
16.430690372058006
16.419828603618924
16.38779033217099
16.385227905641219
16.352913179044481
16.352124090650399
16.346259162241356
16.334003577437834
16.31128684111528
16.290690892383633
16.241403597644414
16.19958240171723
16.174626376172363
16.158061589008817
16.155208135116784
16.149834737619074
16.145560980426968
16.137147822686767
16.132410336564568
16.120136470211623
16.086454927532465
16.085490918666597
16.064827937221594
16.061361103702538
16.056849759462239
16.053463859708856
16.033152298317187
16.022550841688126
16.005307852064092
16.001221098919817
15.983164557428728
15.959472252573779
15.936158492738095
15.93120438460774
15.889548698642155
15.888004226194489
15.887743173550557
15.875970059934156
15.86839404365994
15.832952572944183
15.829219102319996
15.81985686272912
15.808775705034773
15.779894061496359
15.777773221647484
15.769813826209957
15.762209330210677
15.755315398840377
15.748416046010398
15.720354362540066
15.693450391489218
15.689554492417512
15.670035711874643
15.668259606430928
15.667870902130291
15.665041831097952
15.663235561416474
15.661136854728763
15.64949580784041
15.643218732065487
15.636398037341399
15.634011590997073
15.627497703337337
15.625718658765443
15.622287465448606
15.616410413286987
15.598393878231549
15.594175265902003
15.592852435221911
15.586254234669022
15.580335206611521
15.577760926612484
15.571633912556422
15.571024680636524
15.567114498157403
15.551537417726015
15.549308504539948
15.540221173658651
15.513533189874265
15.493149097197048
15.470405455172857
15.45795424601797
15.432093792781123
15.426549839997652
15.400634293164224
15.375737080519368
15.370153732514435
15.363873370927694
15.362787778293178
15.359735817021622
15.358297391742623
15.352034234138241
15.348294904864273
15.339850602187076
15.325819866339895
15.322673779218539
15.28550372091172
15.283132949838333
15.26716390933843
15.263298164464846
15.243123738808995
15.233413879031843
15.219705538092924
15.214778062944607
15.198392323136904
15.179592064968061
15.174885319596177
15.167282575053891
15.1610978954697
15.155408201390744
15.148641024329107
15.147441251681961
15.141589235965641
15.138969436052824
15.135202426929858
15.125358568561296
15.124942037172806
15.114513482642732
15.107068179838913
15.103173365978563
15.098492484410119
15.071025361378112
15.048841942041832
15.047619314316682
15.041546584798803
15.032733785031159
15.018416123600494
14.998052839232148
14.991665135292102
14.988243036167386
14.97399564827448
14.96354968062977
14.953489221076461
14.949750370311655
14.947570430605646
14.934915763396747
14.908560901103101
14.891498955845305
14.887409309441933
14.88173877477662
14.881122715933421
14.871639269535637
14.819378905939015
14.778718626909345
14.747109564881756
14.738418827914751
14.725511977017606
14.69145805673006
14.688664113955866
14.688283568352809
14.671745513428348
14.653812231646437
14.647921354265225
14.637383412958016
14.627433225547678
14.622473268005947
14.615989802245439
14.615065186551101
14.60946011465413
14.605194480371589
14.58863081962966
14.585103565111694
14.582645984985092
14.543961310733003
14.540459721879698
14.534831236392925
14.526376282323634
14.525467149572835
14.516463535877849
14.515625470845473
14.493578962531206
14.488354173003689
14.482985649806269
14.438460802395863
14.429126110942127
14.424300908452318
14.421144792711955
14.413872883200556
14.410334441941503
14.387235749702649
14.386976944900374
14.373684052448819
14.369692231494517
14.357163807772379
14.356958285553588
14.356309185671215
14.327731496719364
14.327159767736447
14.289485637457505
14.286884695040962
14.282835937249846
14.282218524406636
14.279869330118563
14.277638199609509
14.275101769293929
14.26661837566002
14.252321595204316
14.251274891499943
14.250363336555097
14.248665222227299
14.247186858965017
14.2361483761456
14.232513279205234
14.190100438463425
14.180280932705569
14.170887585459178
14.160603548718917
14.159222041439167
14.151912452872406
14.146673896227561
14.128920344794199
14.119884686804642
14.098671285395136
14.08941993029608
14.086641816895426
14.084913798182249
14.084495647369938
14.06015949701251
14.0535116702039
14.045170410948787
14.037255896485595
14.035075721043244
14.029113759870402
14.023556652489168
14.011632701041295
14.005587482748906
14.00255715346858
14.000701899990311
13.994934116245446
13.991144096330933
13.981452735154637
13.979365241024656
13.967751872224307
13.96103793792925
13.953271127365264
13.946144106006665
13.943566669523072
13.935007727901459
13.929994667419578
13.907973334176667
13.8939676670977
13.88373260983362
13.883380517437116
13.881027741528971
13.866926458741281
13.863096001006781
13.850321201307651
13.84423111663447
13.833473554741902
13.82600876234134
13.823151800104847
13.803826833180269
13.801635604450635
13.796104495992571
13.79573004442207
13.787102131345007
13.749293294823776
13.742243609114656
13.742148953243024
13.740634532666199
13.73492509229056
13.723808445302208
13.720112637765046
13.714722699118386
13.713390605383479
13.689028539208808
13.679653918541392
13.678167389692783
13.660476228834041
13.65677125781785
13.656004337683738
13.650388582623458
13.646540234876625
13.634296621118494
13.613237478745695
13.610478125062096
13.607762633673254
13.605429754469228
13.604654609048817
13.587669863779228
13.580813816609488
13.575489752276669
13.570001928869097
13.566380087117206
13.564046263564309
13.541122498331811
13.540159017003718
13.533128005509433
13.520050619333905
13.516703793666952
13.511295264724772
13.498797296459223
13.4958256581769
13.484145876041095
13.461362529900299
13.459475789681104
13.457242657044745
13.455658432431703
13.44686649552348
13.444183582360184
13.443285394775719
13.426727427687739
13.424400423817218
13.423695331569622
13.421872902217816
13.421786049840767
13.420187056439024
13.419646063665269
13.419573326908857
13.41484093909015
13.41175281693228
13.399696893936735
13.388462967375878
13.383690493404908
13.365913556988055
13.36129783661076
13.355188433227495
13.351067438716512
13.350780002179247
13.344191134176427
13.339610559113519
13.339266045370902
13.333016347457088
13.332878831385232
13.322327393796504
13.319697219618584
13.311570142464971
13.3010580570099
13.294706913811348
13.2934689524871
13.287507404891235
13.275176296939188
13.247120662182695
13.238085224220972
13.207888660608671
13.197406319650229
13.195219600020149
13.175933350068002
13.172551910712563
13.167177707223791
13.16316789366935
13.16110840321609
13.15813254757739
13.141745651043184
13.132149932179029
13.127248465708544
13.118666171301575
13.11329563090891
13.110539360256581
13.098066557102021
13.091257946850057
13.090966196983324
13.084512347556432
13.075505582969994
13.075373895875023
13.075027036272692
13.071894686686676
13.065543534367416
13.05433150825953
13.05415940995351
13.048164288679798
13.030971368225977
13.021446245142721
13.01764802945463
13.014694433392723
12.989773751382993
12.989641478623955
12.983892141669228
12.982791784493884
12.973979090631653
12.97350321612633
12.963753481072487
12.956847182925062
12.956692496705628
12.954480674783252
12.953532731330714
12.935510292405407
12.923920804163021
12.921477067831823
12.916939973536209
12.915400240723184
12.91481643324
12.909352988703009
12.89535153289134
12.890643602318489
12.88987077193412
12.883448382923673
12.872229763023485
12.869734115338572
12.857079072536326
12.833741061405732
12.832919658823597
12.829690865396451
12.824020223728636
12.815445616933628
12.813915602573735
12.813866684015421
12.813537534502363
12.809893199486956
12.806525556468912
12.802526213313369
12.799114055571788
12.799065259792462
12.797976824619205
12.785861561174753
12.781587011598377
12.779095047386733
12.772462929070816
12.764883314722756
12.760953712203275
12.755184151354376
12.753800820927601
12.748015806138842
12.747626909388352
12.72824511979074
12.711575776968308
12.696353353537782
12.673709714529602
12.667749591113758
12.639473459518397
12.637832890527548
12.635372449093341
12.632305237842793
12.630501912322226
12.623600708212381
12.620697280442743
12.62032200286855
12.609752047206072
12.605450867130555
12.591768145045787
12.588264771286104
12.583920473900806
12.576375389611506
12.570018360439638
12.564530881843073
12.563055410192851
12.562007903391972
12.54692559053356
12.539968696800425
12.535975034748374
12.533293040673076
12.527465042846222
12.524081199074599
12.515705661837119
12.510050728441241
12.500842843747455
12.494719223715988
12.483523040111526
12.483269969233083
12.481874750090684
12.479680601495341
12.476615388463905
12.475796224032326
12.47336884126018
12.470732007533531
12.465953449614991
12.45185826687641
12.448732612010538
12.448154613954159
12.446767552570023
12.443124128935361
12.440881660784843
12.435154445648884
12.433797049328785
12.422846371858171
12.42209326796991
12.421212835375181
12.419027182275293
12.391473786694931
12.391089530869129
12.380743681029843
12.369732247417014
12.368908800311733
12.366143656238622
12.36313543836288
12.357562104423518
12.355547880202685
12.347362596142814
12.34337072291232
12.34026247445359
12.332902725994124
12.310723183619626
12.305156541922818
12.296682881052066
12.278492675399756
12.268795979015136
12.268552705759976
12.266997674342633
12.253682521267523
12.245418132902342
12.238427199751682
12.236482998554864
12.233059862022097
12.229116676481743
12.226809793649203
12.208096495574535
12.202178638166126
12.199490075212122
12.194939168470199
12.180445724868353
12.177600242495181
12.166282811205228
12.164538115571725
12.162131507669708
12.157001592533195
12.153200441103063
12.152036756748759
12.149191666553303
12.129150007072418
12.126333833930053
12.123190225564858
12.121398971478698
12.114438100839925
12.110140070729935
12.109374650954033
12.101968026275866
12.099962476429843
12.095436830905285
12.091125296668707
12.070618192490729
12.069353588139935
12.065404607749194
12.057794716994282
12.05524905191931
12.046804696736881
12.04606924376661
12.038937315450044
12.023249976643406
12.017056643979403
12.002566402445686
11.988578549482314
11.980969765699522
11.971752751827474
11.964512024232125
11.941882135346626
11.936175356871267
11.934586794523954
11.929547882348576
11.921104230498358
11.920908854184294
11.920802442423893
11.912967298731761
11.912463864555747
11.911999744557159
11.909424617019685
11.906875724848799
11.90347152225276
11.902556101056803
11.884028792616409
11.880422415030258
11.879255970611313
11.876262130045319
11.873345666669259
11.872459447944632
11.868898813795099
11.863708314997393
11.841735500292378
11.83814499408572
11.832111497013981
11.829896864682082
11.828237390977185
11.810817499496384
11.804397892694038
11.803558427165408
11.79347965212086
11.783751757599187
11.769187433277805
11.765778540896449
11.753992112936704
11.748276161308938
11.748269669620004
11.744668105617809
11.744400785419087
11.744262231782308
11.731485861849483
11.729475815614792
11.727996055836361
11.722408791102321
11.720399611546611
11.710814643737772
11.708889995342039
11.704487126894008
11.692232469174993
11.688027254377674
11.6878770045463
11.685112781846298
11.681910872313509
11.681232354705649
11.669918686212171
11.668569940158363
11.66386250546533
11.647250130990194
11.644162252413111
11.641114870414794
11.635891408386779
11.633147079873405
11.626215084700563
11.622743530989524
11.599697795028469
11.599097414994691
11.598855459060964
11.597515833987321
11.591687431531973
11.586792844281884
11.581494554438683
11.581389392362601
11.580491796392961
11.577909105936275
11.570885059910918
11.567582949629998
11.561818068533501
11.556762193433377
11.55479927427875
11.552158678868638
11.550027617452198
11.549122271048246
11.546819308508997
11.54469090536446
11.542736181763178
11.538001252363447
11.536216499846285
11.534572023577693
11.530376373208796
11.520932594800668
11.514620177125467
11.509441351025698
11.50748323464355
11.493695511392007
11.491691616196739
11.487181889633414
11.486238444244387
11.476035978983575
11.474923216546664
11.459829284010665
11.449807048323281
11.4492658946688
11.449080647191833
11.447278059428564
11.447263224284308
11.44670650233371
11.435891656205131
11.433530579532619
11.429590134405528
11.414587278828657
11.412678822477922
11.403330663184779
11.401693344775603
11.390841014078761
11.382412542417196
11.376778107208253
11.37645049844884
11.365376734495239
11.361540598832203
11.361501061974156
11.358867035477227
11.356990095254693
11.354539902898161
11.345601875007198
11.345431291175336
11.344486658870379
11.337845122893054
11.328773835243936
11.322706106353641
11.312206940862197
11.298766579348635
11.283278257212528
11.279056540371869
11.274489727428588
11.270513714295081
11.270027173822816
11.269702375904265
11.264811480842162
11.263183903873223
11.254496100401308
11.253899527998858
11.250492059658207
11.247885113960482
11.242705656626653
11.241337318474844
11.238399857455008
11.237946658598794
11.234473231912149
11.233210085130908
11.231676754398721
11.2252906953031
11.225040778793412
11.221933997988623
11.221007371890591
11.218036741112179
11.216178859179955
11.213828933512094
11.212153441625286
11.20868592498686
11.203036432613665
11.193832377280383
11.174418961730606
11.163471886121267
11.15194660409664
11.151247304872664
11.149825991938394
11.146610035236858
11.146360402145842
11.142619273154686
11.141140768677266
11.138705904680769
11.136892580303771
11.133783581512358
11.129110728800795
11.128820008709036
11.1287908029189
11.114232662491352
11.106624518311159
11.10079095753364
11.096352248579484
11.091483954309686
11.084960481579806
11.06995464145856
11.068255378528482
11.064615588646198
11.062655020286932
11.054420074333871
11.045970456053565
11.045200651102007
11.041992607795994
11.037529253410526
11.020794083357917
11.018624156548647
11.017320052422811
11.016079185347051
11.013970536506026
11.010233963787861
11.006959604929667
10.996552330431873
10.989594268175688
10.987585210512012
10.959620397804443
10.955492753899108
10.95514112403929
10.954510008190862
10.941288779284136
10.939598180363506
10.933951832685434
10.928787623554747
10.925221876706122
10.917398673889393
10.908709422830725
10.901562453630625
10.898006191395547
10.89683099207118
10.896728468269332
10.896608743393536
10.895802893068335
10.893400577322328
10.886369308019228
10.876718932530899
10.876392751902022
10.875048699514734
10.870585464247245
10.861462898876333
10.849970194477825
10.847304243603238
10.846762220769952
10.842026323904788
10.840465338360904
10.838170742379102
10.837378939292472
10.824610290752704
10.820672671107591
10.818869964921744
10.81096686720606
10.807074871420202
10.794486255684474
10.787951559041481
10.776149009654887
10.772309386658396
10.765899968612706
10.759510488834682
10.754381431859141
10.751702862266587
10.746694825143999
10.741287290694098
10.731764889471723
10.726888873492291
10.722454801781749
10.719031512891187
10.71188097765932
10.710529961750005
10.707424140836249
10.703744855593262
10.698601375466533
10.695713991141291
10.689805249981815
10.688238675297743
10.66759400719962
10.665306312499325
10.661903617167512
10.661294636346309
10.660473942002398
10.654050695156947
10.652208543425417
10.647297058195999
10.646896190502954
10.636163659166794
10.635150746685923
10.632436251557673
10.627777853626771
10.625943318443696
10.621012464868636
10.617309054922869
10.610228391664053
10.603568110322534
10.602645531980903
10.601339470053141
10.600898853137256
10.594858886215016
10.591880708428379
10.589575241467022
10.581251251906439
10.578047671600835
10.567334111716566
10.563492864795917
10.561463423124426
10.558591407010123
10.558123121991825
10.555674529140074
10.555017813342376
10.554431149407694
10.55130904526629
10.549925653330712
10.548060499464402
10.547471984315255
10.534086904783265
10.523249800854849
10.519915598409353
10.510078892240175
10.500594214967478
10.493517364953766
10.489579670315269
10.483712667334416
10.480582688153117
10.479636360232165
10.475967687856338
10.471390401167206
10.467807362288827
10.463286203843287
10.451633837686989
10.449837401068574
10.442844284879644
10.442285422419546
10.440487855514601
10.436031496466009
10.433129512760919
10.431223161905484
10.421808590747103
10.417574185503533
10.416474000758171
10.414881976728585
10.405742003878306
10.392570479392218
10.391376993718474
10.387591620630191
10.386503380230357
10.386141157010508
10.382873377534032
10.381119858219403
10.380815693802527
10.370318421103477
10.364589904990492
10.36395751882103
10.356713943827449
10.345827508179783
10.340896871549187
10.329220033830614
10.327399944518188
10.32616794253722
10.315339685321927
10.312228860859744
10.308205338907005
10.306763746032528
10.302701334855211
10.302000956270728
10.282615884868516
10.282500459427769
10.281711123594567
10.268127047789823
10.2631715114273
10.263066717873658
10.262972809277029
10.260083124425645
10.257007767319191
10.248099145032175
10.245847515684021
10.241308035789954
10.238722471532832
10.233944904236013
10.232767357325686
10.2323469419284
10.230500304303474
10.22707225015014
10.213187523000212
10.211688804426226
10.205303467812728
10.20508871258289
10.20176591541566
10.190504017564892
10.182871144810317
10.182532047887037
10.17717081239058
10.173830647342186
10.168464767840737
10.153456251063581
10.150637946929349
10.150268942797421
10.147856713063275
10.142096122882561
10.14044054631383
10.137277763807425
10.137184956663946
10.133459560022983
10.129087658845505
10.124420492531375
10.118377374980774
10.114108688855735
10.105557932652232
10.104010377574703
10.101153093355297
10.100579380199463
10.088280950386732
10.084855606340023
10.080146436687716
10.077207857187886
10.07650237805848
10.075811808515148
10.075129436398614
10.07354070169716
10.066584710070375
10.061148216415033
10.057650054641943
10.05490699413742
10.054087689866902
10.051496809319264
10.048170248247004
10.047853758437796
10.039803010737028
10.039313224923065
10.037393758455693
10.035089172492672
10.031413737795374
10.024825056935137
10.024817840281653
10.023364498943799
10.021369947133421
10.013107583120938
10.011303685974775
10.003825338035503
9.9985453887354705
9.9963991261090115
9.9959265922374207
9.9934678257892564
9.992284240220112
9.9886811988705855
9.9839309226534674
9.9812171980852575
9.9767369987234478
9.9751973569620507
9.9736851321711395
9.973105314962929
9.9655313817839382
9.9593327071238527
9.9574235747543423
9.9528443026984394
9.9526669309512474
9.9477746340733866
9.9395560592970273
9.937598712157989
9.9339195626059418
9.9264975851308304
9.9198934288200356
9.9124272879282742
9.9098062145650321
9.8951259865748522
9.8907587015314462
9.8857163261068592
9.8837902831931412
9.882768554883862
9.878528420862299
9.8748553276067419
9.8737945371008351
9.865268532897181
9.863084556493499
9.8624035592904615
9.8615945988805116
9.8577091303962128
9.8535950445294755
9.8489843861545872
9.8476483579445535
9.8435024549714143
9.8413029532619696
9.8380540451288532
9.8373237758133882
9.8371644029954002
9.8366819123740985
9.8352546391059352
9.8351323457203268
9.8341894608343789
9.8312186254135998
9.8305023139844963
9.8266852227557582
9.8190573332663948
9.811563127051981
9.8077689776830699
9.8020191468436373
9.79727626685224
9.7901026835790663
9.7895337844294286
9.784359575977609
9.7714839404590847
9.7699448978404835
9.7698334070130457
9.7693657354408927
9.7682183819241839
9.7677063001675286
9.7609659843336019
9.7571136525733646
9.7540877093636293
9.7505367216368839
9.7497998406797031
9.7497342571713492
9.7467832832524621
9.742370685193098
9.739807986178695
9.7381035987675588
9.7345512924650546
9.7339868188407213
9.7316783641429154
9.7301688075527277
9.7267949891028884
9.7264133814499676
9.7243967380909702
9.7183984062832653
9.713296088208601
9.7132179781657655
9.708935633536699
9.7078755070986222
9.7023597848224377
9.6981745844228122
9.6958701140446149
9.6953640802946861
9.6731580413530356
9.6707124008851437
9.6675176432429382
9.6641768532409067
9.6640699978847202
9.6613290923335224
9.6603571657803879
9.655902124519546
9.6548813820685879
9.6522094523873569
9.6513230572235038
9.6434287954863258
9.6220516811885037
9.6215337195126214
9.6180602132496311
9.6136952016300921
9.6125896448944506
9.6122304954544902
9.6079589412782234
9.6038174556375093
9.6024413630839138
9.6003005563518897
9.5869201602994849
9.5810125931003984
9.5804445431883831
9.5747327922728545
9.5698319136803178
9.5684182434285692
9.5654237147764789
9.5617550988243334
9.558304029847827
9.5537027992782555
9.5523974631213147
9.5497266469374633
9.5359795764779918
9.5320584884247044
9.5316639291639671
9.5314692628296172
9.5308925534827882
9.5295384159822749
9.5237170037960031
9.5221176631242077
9.5214725180948196
9.5212200809464278
9.5179414182139563
9.5177828353632812
9.5165160161877687
9.5157626489912133
9.5125090409050035
9.5063991960568135
9.5058817551062305
9.4982813705880069
9.4909690725013043
9.4748969665932634
9.4697031464633064
9.4683288658236826
9.4643375369088858
9.4627357504022402
9.4620841525735564
9.4591743372809862
9.4585545305746237
9.4574907521388578
9.4562636410343792
9.4555250695881981
9.4471146163286797
9.4425052874286131
9.4415163641914148
9.4404629791329189
9.4320810266239388
9.4312334837442702
9.4299307757130446
9.4200339469349164
9.4135700257454218
9.4079999567103094
9.4067855978380486
9.4061153667078106
9.4008540523873023
9.3908376000649252
9.3905148013911468
9.379259348709315
9.3775727532643103
9.3715237128601689
9.3696458246710428
9.3656969270147243
9.3596790784940627
9.3570101690664576
9.3451973424545631
9.3438871936843331
9.3434676729404984
9.3413989101573165
9.3295368396907552
9.3274492938408677
9.3255147615358194
9.313933923911268
9.3133659648379883
9.3073149956046919
9.3012286036760123
9.2991883968742322
9.2951666656532534
9.2907815036691286
9.2826249396538056
9.2766230260375337
9.2749168533022992
9.2701670671522596
9.2566910603815824
9.2534285873178863
9.2517650274378092
9.2501936057817087
9.2495801919201348
9.2444820512183039
9.2430626698151084
9.2382169649172603
9.2381078769765406
9.234026505175688
9.2300485669771124
9.2297331345236628
9.2245178116172042
9.2242691633921243
9.2229932176615215
9.2160576586068448
9.2158987327383421
9.2130613682689422
9.2129999514761511
9.210717749346589
9.2081588177490357
9.1957219781372874
9.1956467350300013
9.1949696993620247
9.1940234356455655
9.1908975904444574
9.1868992283858741
9.1845846781895109
9.1828026056264243
9.1813882702967629
9.1721302698749092
9.1715609945222472
9.1708603040841314
9.1680339564514881
9.1667969982500868
9.1641327129869872
9.1596843911820507
9.1594696079056508
9.1593914497799833
9.1593012972527799
9.1570983786196294
9.1563425022688971
9.1542448347032348
9.1478606291363267
9.1466356098419936
9.1459707149829672
9.1451754807895895
9.1433362781665259
9.1379815978660588
9.1370630159994715
9.1317281429569377
9.1316944448951549
9.1309720000830819
9.1290469823620732
9.1242213866583803
9.1213154413907223
9.1193672537967796
9.1182679850653727
9.1178942373862615
9.1154409509933689
9.1116716981562895
9.1106870782280662
9.1097784776496553
9.1044424271226561
9.1021279712339176
9.0974402406909611
9.0935514307264427
9.0935012748672186
9.091114909882462
9.0897015970267443
9.0892156575976983
9.0830872996163023
9.0804262787379617
9.0774568440079868
9.0739226567393807
9.072843609503499
9.0718824776248272
9.0704508359303428
9.0674682279011716
9.0574073468910665
9.0560138868539486
9.0514155961875939
9.0505421356951796
9.050495579655303
9.0491376114224398
9.0471658484154887
9.0463675391808316
9.0411235632007578
9.0375768181602236
9.0363130346249729
9.0338845513393089
9.032882034871248
9.0302718271850928
9.0299387694442377
9.0288341772563054
9.0280462496544764
9.0227583128543341
9.0220068118324281
9.0168459564251542
9.0142945926714031
9.0111568125410226
9.0089189982528453
9.0074844079921288
9.0034345765849153
9.0006884767555881
8.9909257829669968
8.9882140468950471
8.9780740880712351
8.9743376248106408
8.9702134003770357
8.9659532796519485
8.9602283477122917
8.9556748919392746
8.9545928111528692
8.9529448684817723
8.9466281687587408
8.9446492422203772
8.9442423598752807
8.9440529039301655
8.9369590535941583
8.936366595263932
8.9324956032903859
8.9317466890518631
8.9291244097082956
8.9290715405647525
8.9288178455017579
8.9251949909742319
8.9240760559746253
8.9230552935816387
8.9215654613921309
8.9209439847803012
8.9171178011252721
8.9126044479167668
8.9101078033065129
8.9098253248102139
8.9091747807547907
8.9040545362042547
8.9013048052179933
8.9008331155471669
8.8994075720997188
8.8977411123107437
8.8942225941636153
8.8925857409449893
8.890435784183401
8.8850439496211155
8.8768551932085646
8.8731529137024872
8.8729236570291068
8.870449665493803
8.8606917862695322
8.8602463103960787
8.8598337286651017
8.8592370479091702
8.8550192433375976
8.8465404088531354
8.844239326276794
8.8378852958706631
8.8372189693844394
8.837171161307916
8.8367960857270464
8.835973593310058
8.8312688510861594
8.8274902665159569
8.8267499274439594
8.8257381507964894
8.8094889850405416
8.8032835081086951
8.7958151752492988
8.7936820648282907
8.7927405709091904
8.7903784651148769
8.787571693977462
8.7808672752298307
8.774526621661515
8.760534333045376
8.7559801224496407
8.7537158711979117
8.7536142340451111
8.7531630716420175
8.7488092779235416
8.7455195084574786
8.7396887001388635
8.7327508439322905
8.732654171506482
8.732636714965702
8.732458313545056
8.7314273751390914
8.7289433398367784
8.728534918047032
8.7248804199985894
8.7235000607200384
8.7203401988893408
8.7199079343394157
8.7146478453949037
8.7111162040596852
8.710898251652063
8.7107722392811073
8.7100997621337122
8.7076755658815337
8.7070542786922545
8.7016277559695894
8.7013842658300558
8.7006784568012687
8.7001772123522567
8.6932389688294407
8.6902917549795298
8.6892816833172208
8.6886451378476064
8.6852689863940675
8.682895488843636
8.680722471357722
8.6746270655577682
8.6682685141487141
8.6647513547878869
8.6599477783697179
8.6529777778797872
8.6497178360599332
8.6443481851810144
8.6413711953649095
8.6361456813219597
8.63331325498552
8.6329418646382354
8.6315978542671061
8.6277069126707229
8.6266203453766739
8.6264398937849034
8.6249697015281388
8.6183534323045041
8.6181500230077006
8.6173666671664435
8.6112797447960894
8.6067297618985474
8.6059237334470602
8.6012548198498564
8.6006737631271282
8.5972514697317237
8.5919768514566925
8.5914391952522617
8.5873751822306659
8.5872207544629031
8.5871255373160817
8.5856562040580311
8.5851466355161374
8.5834638003759114
8.5824162845222673
8.5788693853749969
8.5786842023869276
8.5780170280243357
8.5777728622531004
8.5775976167135202
8.5773376067583431
8.5769006969150219
8.5727871479306739
8.5602556141953308
8.5584749535881901
8.5566678192238541
8.5515979102611279
8.548324570718826
8.5462231247456053
8.5460491879091638
8.5449736336151769
8.5431092816948659
8.5419764833410667
8.5382248168353669
8.5377116152438592
8.5343460951672405
8.5304519107796004
8.5300508934672568
8.5271874873126876
8.5267610929724338
8.5245381042247654
8.5190598721640374
8.5126226033299535
8.5113238120061876
8.5108021838540004
8.50697660524588
8.5050122998592741
8.5048116968315437
8.4994691781330829
8.496866787150001
8.4947163765712013
8.4921023695307785
8.4893894004097383
8.4874074842272904
8.4838991615791901
8.4823449814324388
8.4798752928371606
8.4763662362169221
8.4686398083790078
8.4675557303841522
8.4665876136085565
8.4607758701554729
8.4602569489962249
8.4580216087164537
8.4529846990039061
8.4460773789621832
8.4412621751317243
8.4346333604366741
8.4340751226160684
8.4319923570590145
8.4218943077021073
8.4211227702428015
8.4155101460908135
8.4148396031758885
8.4140979860955394
8.4053491355527292
8.4045748503747149
8.4031318504734145
8.3987207570772053
8.395923169564405
8.3944258492735493
8.3888178432587317
8.3869234196480775
8.3843394394465172
8.3787610074722583
8.3718405458073661
8.3691365250432526
8.368750263814162
8.3678357791526317
8.3630972703102113
8.361666268424818
8.3592644256063959
8.357779440388093
8.354575093842751
8.353052027386811
8.3519748746362481
8.3518911373904992
8.350669145580687
8.3490827304338655
8.3442415731174755
8.3406344924900964
8.3380606142348572
8.334082179810995
8.3273000671952087
8.3236233276945626
8.3232234187813798
8.3205893036920546
8.3180786764178691
8.3151074475060742
8.3112169685700099
8.3111103246106772
8.3056328568300763
8.3009584788508857
8.2962575942558026
8.2956831164343949
8.2920598482959758
8.2884961032381774
8.2877372232681985
8.2806221113913416
8.2802704712955553
8.2793159414355575
8.2790972509162817
8.2782653262371806
8.2753646562566043
8.2745728155624025
8.2743040437553166
8.2725467021127947
8.2713456052176841
8.2712292713878863
8.2688480376198896
8.2669966503503023
8.2607942431861776
8.2552295983486257
8.2542340976758837
8.251793348646034
8.2507980366809033
8.2507695861761494
8.2500680894262413
8.249280709572627
8.2468594952268059
8.2429635739205036
8.2405387388052436
8.236472286519696
8.2323537626344407
8.2308619776063203
8.2210502465779793
8.2205651430267341
8.2190684990383289
8.2185188926818231
8.207575906772707
8.2040450741048847
8.1988330058654704
8.1973709391719325
8.1965904369013103
8.19041303855915
8.1900430868476022
8.1877895940552516
8.1875609864144785
8.1862231531951295
8.1847412815992264
8.1821506755901154
8.1797627473523846
8.1771128465274572
8.1733822168189434
8.1713394196976292
8.1692419058531058
8.1691478704197547
8.1690637716185481
8.1689037450782713
8.1680689758759364
8.1666423761134688
8.1602651557955426
8.1591033094917904
8.1522161186756943
8.1473834589387195
8.1446976037587575
8.1426417447021091
8.1403434006656035
8.1402800922821665
8.1401248891663958
8.1396196912189858
8.1384714333455968
8.1383145703767799
8.1373603045381042
8.1340275183607371
8.1317799493959431
8.1312258935874073
8.1290774845878175
8.1274902017821908
8.1196050035002454
8.1192689716046456
8.1189613151365982
8.116911311350659
8.1152514823881798
8.1137958705507103
8.11230182676276
8.1084685672250387
8.102938248570652
8.1015246089660415
8.1012395382251956
8.1007222538466994
8.1000918170423297
8.0949321782351102
8.0947548894423456
8.0940658562612331
8.089120649698609
8.0837226228805275
8.0831179361913463
8.0828667168146264
8.0731132766980682
8.0730116914065686
8.0726279711012232
8.0684010697564723
8.0680363045129635
8.0656163433377195
8.0651897278743974
8.0558814864553376
8.0528405074578906
8.0417292765513047
8.0398965614296856
8.0397090773881192
8.039254348974417
8.0386961174765652
8.0374857610629746
8.0342564716412497
8.0297997773645218
8.0294007091538298
8.0271675372659956
8.0264284720303856
8.0255247147673039
8.0232029162810807
8.016191572660329
8.0122640869211583
8.0058016354411254
8.0053637741467227
7.9994396036992486
7.9913814384883644
7.9888484958814523
7.9876955053999339
7.986622692554743
7.9848458768362871
7.9824451078409471
7.9809848443063727
7.978548092336216
7.97747070199354
7.9749625897282517
7.9744394537426233
7.967486973753819
7.96176889527759
7.959599217207475
7.9562128855722083
7.956019132222381
7.9467615948532773
7.9460808368070444
7.945794660905098
7.9451509380204204
7.9440590487304394
7.9408881225123231
7.936974477152603
7.9362554170328874
7.9334716162037981
7.9230010190903926
7.9191874438181209
7.9141210755128899
7.9122443077728848
7.9110588259910521
7.9084582948743511
7.9027474695685909
7.9022118295895636
7.9013153683408568
7.8989044896253677
7.8962405105442981
7.8960924942078146
7.8949481696260895
7.8948981554223652
7.8947759584434865
7.8936040039265389
7.8925179829041596
7.8906551197190851
7.8870084328040573
7.8857490554744389
7.8837228732692628
7.8822227625751031
7.8818721149425643
7.8774303064009441
7.8725691251467937
7.871437429747802
7.8714079149917193
7.869915900065398
7.8690011933206421
7.8669248698518013
7.8663887022184404
7.8636111573978011
7.8586834875399223
7.8572170071532277
7.8571227137876498
7.8532451782533661
7.8524062973048787
7.8504803025901699
7.8473429801104038
7.8453266269529038
7.8443220687044244
7.8410581369679466
7.8401315982691004
7.8387896414407621
7.8384544359357005
7.8363303478601836
7.8316040072307604
7.8303928802266691
7.8217405127933706
7.8199817603709114
7.8174794661557252
7.8171016240685738
7.8061377087853172
7.8046296400322142
7.8016931358748272
7.7947266784166294
7.7908217617864679
7.7888085874584387
7.7871174108244192
7.7855462871129939
7.7813107868622771
7.7783151471677714
7.7766592487762276
7.7746732341035276
7.7739449147424651
7.7730981057942241
7.7670450202391681
7.7644660178467797
7.7642570976217948
7.7626193793687346
7.7570117921616042
7.7556730601397037
7.7523343468243215
7.7512469910145692
7.7510146769285004
7.7510001219381826
7.7501651439861563
7.7474863850676261
7.7472833073316725
7.7458875462942265
7.7442429585339383
7.7432147280075512
7.7400401657240243
7.7392809497054449
7.738791622214249
7.7311979430085689
7.7298490142086527
7.7285196376374756
7.7269721774361777
7.7257177768128793
7.7220062098239248
7.7211698978913592
7.7187656462227014
7.7074351021119138
7.7044241403727662
7.7023326902604943
7.699784506867652
7.6997157707608688
7.6996516705505309
7.6975270756522596
7.6942859677362723
7.6917904436575126
7.6880832091352351
7.6861971324418148
7.682066354254383
7.6805069124986982
7.6798861486891301
7.6793595928256009
7.6756196631019664
7.6723869133877276
7.669255537524359
7.6692323749515969
7.6640029980086846
7.6638830507397024
7.663837478889973
7.6632462939860533
7.6617701534286526
7.6564765671773758
7.6537958217357742
7.6488715175669331
7.6464087224726827
7.6413041489101063
7.6383818080295169
7.6375390052987058
7.6372526404702059
7.6359713970929812
7.6358625040932724
7.6356172782340543
7.6352205218318012
7.6335324765261143
7.6333272539637687
7.6254960931473974
7.6227642345375299
7.6201715994641201
7.6193946642637904
7.6164548063947368
7.6147893314866346
7.6147105853681154
7.614149690526987
7.6139113684151374
7.6110840097129966
7.6089105561751085
7.6081017624566929
7.6055529115682914
7.6037987744495155
7.6023170965941143
7.6017287168232288
7.5993654591662239
7.5991492440758375
7.597776706790385
7.5961015360286179
7.5936023797758443
7.5933863412859131
7.5912607960984655
7.5911822502198616
7.5846742411332473
7.5843526597647211
7.5823290536437735
7.5796729665194977
7.5788788269140417
7.5761903182872201
7.5760664275918428
7.5760040563505306
7.5759738569628716
7.5758426502975773
7.5730860676335396
7.5723987375724677
7.5720450566379052
7.568133378883461
7.5675064091225925
7.5672835076100036
7.5631507357367598
7.5590437655435796
7.5527965665345711
7.5497874001001861
7.5480865599205096
7.545091188801206
7.5437326903999713
7.5384735193890489
7.5329617715593384
7.5321889407009328
7.5315832890270933
7.528002705027955
7.5251044730699324
7.525103017770177
7.5188983611306277
7.5149316735286007
7.513807170303906
7.511059855563146
7.5082625274300394
7.5064414049610173
7.506229765220624
7.5033189726213401
7.5028446806314566
7.4974224224171024
7.4934788309823084
7.4904757979041374
7.4884812904549642
7.485813671733502
7.4840944703247958
7.4840342504410087
7.4835981729772163
7.4792599157130457
7.4760754280426998
7.4679758292630973
7.4647191586062469
7.4637929535060543
7.4632874633549049
7.4569609719603989
7.4556285107397535
7.4539228178828809
7.4533262989648925
7.4532904787904588
7.4450633830971897
7.4436949016200646
7.4426268948004601
7.4387730815230757
7.4367353425536447
7.4335337583159289
7.4317935708271898
7.4290514440247915
7.4263247051402255
7.4212207216504229
7.4178178947923046
7.4172434927137845
7.4162941145697916
7.415723000459332
7.4147084843936968
7.4129100425943006
7.4114596184934571
7.4028270980755533
7.4026249820296659
7.4022292086892234
7.4017493340928979
7.4016943880686217
7.3999523471554438
7.3983460508458068
7.3976217386808303
7.3955502154434818
7.3955249460353665
7.3951674121767494
7.3880903529692148
7.3878331256130192
7.3862876293538804
7.3836351463604437
7.3829515447983578
7.3809222660657019
7.3807223777911988
7.3791314217669273
7.3781258196401591
7.3724968497404468
7.3700771582508331
7.3671704294042577
7.3648218460308419
7.3638603258549162
7.3633749669308459
7.3609008256947099
7.3588279958896763
7.3574699853752348
7.3573535586071932
7.3524598265517591
7.3516759314834541
7.3465619767437156
7.3432253086411645
7.3427466580518832
7.342174667322741
7.3412611423381993
7.3404545415864222
7.3351264450598039
7.3325837060729731
7.3309494888856648
7.3302660127985479
7.3292586661215049
7.3276100963436237
7.3237709091523095
7.3230119391346671
7.3189432690606591
7.3184074254425378
7.316345390190377
7.3161582863760124
7.3156335358632738
7.3154330613284069
7.3150318452359109
7.3130248200176924
7.3129646449502888
7.3129524488455653
7.3127193338412031
7.3084204898918896
7.3056026329538275
7.3053383965260243
7.3033888348109777
7.3000264677131455
7.2977817518135222
7.2945549166932437
7.2907518901924426
7.2900081236238501
7.2870276883830547
7.2870237663732818
7.2867875954242498
7.2867006180439571
7.2847459019836611
7.2837291280520269
7.2806538312477
7.2797316072269158
7.2796697137110229
7.2775886108907786
7.2753409760072838
7.2748852847833456
7.2744841206673012
7.2734746440208085
7.2726278129959425
7.2718391888277223
7.2714181573860923
7.27069083340246
7.2671356218841359
7.2612418724459262
7.2612053207368676
7.2602835993569519
7.2560082105500614
7.2526705891562875
7.2526653473327807
7.2519572979546822
7.2507228229654155
7.248403178681877
7.2446904625208086
7.2427649185863618
7.238904098766481
7.2342566317840218
7.2338815253803439
7.2332722376681664
7.2329348136655405
7.2268713574200385
7.2243414169621341
7.2239721910208186
7.2237281845803656
7.2197469706395951
7.2189512358813781
7.2144086523729456
7.2069108329870533
7.2004071323245391
7.1996185245888737
7.1994318295988755
7.1971014515100764
7.1968401281934717
7.1962505038644213
7.1950204954739645
7.1916766102241141
7.18808003446697
7.18549247409734
7.182890632500329
7.1828401028412951
7.1767733768923287
7.1758044682762243
7.1747317773483328
7.1740141454830768
7.1721024992680587
7.1708734891076755
7.1705350204340244
7.1689010166241625
7.1676148387141669
7.1673818541919667
7.1635926855486876
7.1603909252824298
7.1551682008043835
7.1549956251610674
7.1530746747628484
7.1510042188791445
7.1477518335717454
7.1469599885676498
7.1463607672966862
7.1462625349222897
7.1438796773862565
7.1434876638204994
7.1423188387381771
7.1393745866588691
7.136373051196701
7.1356307809822903
7.1346206729377348
7.1325840730278527
7.1322739838816132
7.1301505961064038
7.122214807800983
7.1214604181269099
7.120033243587903
7.1163826766925578
7.1161636037876201
7.1138862918000783
7.1104718227044419
7.1096112546430241
7.1094556338967472
7.1065452782568315
7.1058837498084211
7.105556050435478
7.1043925515309736
7.1043208074385316
7.1030464205909931
7.1026383556868655
7.1013240313979908
7.0970000072298829
7.0953378417121868
7.0867595296460069
7.0867300731071801
7.0827390733009103
7.0826385197923987
7.0826313981178748
7.0756264136659404
7.0725594502377156
7.0714057797684298
7.0685787557878488
7.065904201568646
7.0636509835851502
7.0623373481571807
7.0621769412209492
7.0607784947381935
7.0596791553287765
7.0582744804920088
7.0566816129598093
7.0559232697844569
7.0519192320917945
7.046827538734993
7.0450403441546161
7.0430067838662369
7.0413708288203933
7.040212612685897
7.0389195398629409
7.0383007984978807
7.0364713416047628
7.0334026552246156
7.0303775910430968
7.0265316897992918
7.0257724327815421
7.0240791670632703
7.0195864128740748
7.0193946790504658
7.019109615838639
7.0186701746831206
7.0183660182266312
7.0175086122650834
7.0132419619321622
7.0122666707214236
7.011460295698142
7.0107887426925375
7.0098834582381517
7.0085324245209666
7.006826032410153
7.0067742834591709
7.0063683963130137
7.0053003341709106
7.0051166058242407
7.0006669025648245
6.9977082244213671
6.9967483262175367
6.9960627889377616
6.995331168230372
6.9942781164909134
6.9930497040208319
6.9907133409331284
6.9892948514773821
6.9881546573277831
6.9833911855962745
6.9808710528006008
6.980844673802939
6.979888005081567
6.9765697431139735
6.975236122267817
6.9716855846342813
6.970942361881586
6.9682143956138827
6.9675325885734738
6.9625797562378366
6.962481829925915
6.9613352603201246
6.9577858058159361
6.957002938153118
6.9551682908682944
6.9523145977222702
6.9498234633016844
6.9471588326698326
6.9469950339223461
6.9465187959165915
6.9448676211129232
6.9440233493788073
6.9400658956164891
6.9376533533111306
6.9374392358648542
6.9373338536762121
6.9312052915409668
6.9309889085441592
6.9291606694614014
6.9282764482755566
6.9279084751347577
6.927887460237482
6.9257982427013145
6.9254375723467936
6.9248476235808081
6.9225587094732886
6.9224056529945148
6.9222838900605419
6.9209885667891466
6.9201866034863793
6.9195842958464846
6.9178936144585874
6.917439389104981
6.9156807330024481
6.9142841129936246
6.9140071607669515
6.9122191917960327
6.9103870620203196
6.9095912546475962
6.9088964259560166
6.9084513604129292
6.9075922522374604
6.9069645243890028
6.9054843246295867
6.9031492865614714
6.9029743504760059
6.9008463770539983
6.900235457244122
6.8966315204002058
6.890675228241661
6.887469590016968
6.8859652337794692
6.8831244852809803
6.8798220604243863
6.8764644514023505
6.8756211719714191
6.8696654172271829
6.8663953098740018
6.8654569520825532
6.8639001705558389
6.8636329404650889
6.8624422336658988
6.8584900918293048
6.8567941575289719
6.8555335631664649
6.8550381524738846
6.8521758547023133
6.8504063342940791
6.8480507707175597
6.8477687885925089
6.8446226573026534
6.8434475807484425
6.8431961909728347
6.8427240610048168
6.841364087535621
6.8413012671800848
6.8402705622428339
6.8385611371183455
6.8330071783820223
6.8299870294326057
6.827794797015029
6.82732325481365
6.8257956134474069
6.824373462887797
6.8242989287836089
6.8233200980283222
6.821250848320032
6.8209960477128684
6.8198565266386568
6.8184522585984499
6.8178204330436669
6.8117792981208058
6.8102738509061016
6.8097454135079936
6.8056445076669103
6.8047370153191942
6.8005975600259134
6.7984253318865591
6.797794913968108
6.7975464911206123
6.7911349447133951
6.7877719405063024
6.7872354114216398
6.786671612887571
6.7861603036446754
6.7861138242396271
6.7842155513405666
6.7830032910299236
6.7804317529041551
6.7763735372150471
6.7762349385663727
6.7746223575254669
6.7731585305900115
6.7670384494903875
6.7660695613064457
6.7622543833436763
6.7620053089792425
6.7616820932308936
6.7613140156454481
6.7604228355550751
6.7571799492379601
6.7553041491469301
6.7547350887256705
6.7538387778271209
6.7533027330492263
6.7524052894837467
6.7520563346277651
6.7509062701198452
6.7507557669672584
6.7499288101222898
6.7475923752922933
6.74711935511153
6.7461876757748218
6.7454143217879388
6.7442649979827678
6.7441564830370853
6.7428350533137325
6.7426824925300215
6.7401205555421138
6.7398158747047354
6.7394489698537416
6.7378529045768119
6.7375576050127961
6.737529144579927
6.7362347064475783
6.7354974733089277
6.7346844530728891
6.7314565801118142
6.7299383892186544
6.7271885196588723
6.7270077894512967
6.7268798708171156
6.725949677979786
6.7258312199262349
6.7256238270536004
6.722164352364941
6.7215310217079471
6.7166445964747057
6.7164328581337305
6.7116383949284684
6.7095640767340887
6.7089402601798049
6.7072909455088459
6.706575298229116
6.7054484393447842
6.7043071476609191
6.7032168523064497
6.7031896105503073
6.7006319664010947
6.6998096672205767
6.6993256757565671
6.6936454550334599
6.6930312874564715
6.691987760609023
6.6906765041935987
6.6855963359928694
6.6845268541462044
6.6838136154367085
6.6830169824920613
6.6825969518202335
6.6817417916825983
6.6814447008807347
6.6810061269573335
6.6808966549729281
6.6798766803056386
6.6771383850188002
6.6765156779525654
6.6758676677434661
6.67578453465363
6.6754648423085658
6.6727600915045073
6.671786776274705
6.6709116874973331
6.6690373960327785
6.6679764979350526
6.6597000239601067
6.6577986620960719
6.6554852199294343
6.651417347586257
6.6506026253167283
6.6491392639182045
6.6475625368121563
6.6462693060063431
6.6459281479153418
6.6433772394945274
6.6405428544432175
6.6391515752837593
6.637588704768473
6.6375080861702127
6.635962268798389
6.6353533273033491
6.6346175650136008
6.6326563695760754
6.6298239288588121
6.6274194335120216
6.6266653746626956
6.6262996267877128
6.6254042529467148
6.6241313159033579
6.6223030300898085
6.619875220618896
6.6165660604525653
6.6109688720399546
6.6085938186847715
6.6071097669410932
6.6003275848049201
6.5969916167627582
6.5934023348686646
6.5927346562482745
6.591508092458513
6.5907219617137462
6.5865182700734675
6.5851415770957287
6.5851013807593937
6.5834611221317454
6.5828624810927483
6.5817192868850229
6.5812223155740748
6.5783386325311035
6.5775317839461058
6.5750321400541942
6.5737450342855297
6.5708945343061202
6.5707705391911535
6.5683920809339558
6.5661181683509691
6.5654661681869904
6.5639561508722428
6.5638894955101064
6.5628840196682336
6.5607220806669915
6.5601967705442323
6.5592672177319598
6.5572890728694206
6.5568171584222439
6.5559201432039309
6.5530177707338542
6.5511790843786866
6.5506869879382235
6.5499786321392719
6.5477733107083296
6.5463855543556271
6.5450128701961372
6.5443692814226777
6.5440247771225826
6.5439033865945113
6.5414647080783075
6.5356493804685654
6.5348696627411389
6.5339328627868634
6.5318616263406337
6.5314695519410577
6.526534579267552
6.5259042938238476
6.5248359620308953
6.5196799943628081
6.5191590465173856
6.5166203731436143
6.5163199428328396
6.5144424008796893
6.5134839688617658
6.5105647591401752
6.5085085872237993
6.507635660370533
6.5054393377368998
6.5054021917808402
6.5051392646564308
6.5039353285428048
6.5036129266154719
6.4989570332134985
6.4988610633895671
6.4986909160340449
6.4977435640054502
6.4950505735029234
6.4948212295069983
6.4921894144765275
6.4920014530210768
6.4903774830980483
6.4890822862161643
6.4890345568848087
6.4847754852768338
6.4839159028848012
6.4818124282886833
6.4805891900931556
6.4761191869583614
6.4744745203923193
6.4740305843734527
6.4682764029373336
6.4591096504186254
6.4579706922184554
6.4540781652090997
6.4526608338988893
6.4524100466781018
6.450256207260459
6.4493068142362038
6.444260186824974
6.4441232025053639
6.443346226472376
6.440720801376167
6.4389997611898542
6.4375654940057219
6.4364529249185969
6.4361995093617326
6.4347446713295264
6.4321679802052261
6.4311836812762788
6.4309509853519122
6.4305293401133552
6.4304943615377317
6.4289398599086001
6.4284200914214731
6.4260848330139018
6.4255566219606104
6.4220651736720749
6.4220127584918263
6.4196926793834725
6.4196510451710118
6.4155009907950866
6.4150443060236073
6.4143528964220344
6.4112728081823791
6.4108374473190031
6.4108169373310497
6.4099898679074059
6.4098498734892067
6.4094325305022073
6.4078872849987647
6.4065358943416664
6.4055001809967562
6.4038501109159487
6.4037968475978664
6.4015711202208214
6.398894898416299
6.3984883483203303
6.3978515842603798
6.39176999645841
6.3890459215064235
6.3880145271568605
6.3872017942256427
6.3853089000878418
6.3812311083081834
6.3798035995413205
6.3770856813299055
6.3770763321699357
6.375255048570172
6.369577305702145
6.3693213942475593
6.3667224985964266
6.3652368603846998
6.3638383366160616
6.3621791805598793
6.3617040366584527
6.3615728967696832
6.3608216466880743
6.3581456955392275
6.3575879248045295
6.3572533549610926
6.3553875652671064
6.3549827087598443
6.3541699776585547
6.3538389032575822
6.3509282171916803
6.3500636550747416
6.3477698606427442
6.345846722231153
6.3441461910513235
6.3437016393211136
6.3427610324714969
6.3426047073730576
6.3416791675410975
6.3407373402670775
6.3365984883167172
6.3299212003058072
6.3272838026649882
6.3244019648256522
6.3231051773124687
6.3227663903784306
6.3210711984838541
6.3200961890433147
6.318750549546321
6.3181321325187598
6.3133367482941924
6.3122114852607156
6.3113691063239319
6.3110195868398593
6.3096831210986508
6.3096073906055716
6.308384243939221
6.3038415718776992
6.3037036919366756
6.3036853241034336
6.301264784993398
6.3001558747342949
6.2995783729669768
6.2985145291482452
6.2973927062423751
6.2969041854235908
6.2947714322497328
6.2931107420942505
6.2914132683304711
6.2898268708877696
6.2855640514760154
6.2839065412851687
6.2837588712751211
6.2833346988204877
6.2832403061658555
6.2801769569560442
6.2791322796374249
6.2777415136313879
6.2738920191329424
6.2734560818417417
6.272359278747687
6.2708371228111597
6.2680842691594734
6.2666633134810308
6.2666427416497337
6.2665580454832064
6.2641673370407531
6.2620219000108452
6.2616514439757465
6.2609497561188778
6.2563988407402125
6.2541530581333804
6.2541080895777377
6.253637782988803
6.2532190489758577
6.2512898162235153
6.2458944121003803
6.2451580785945175
6.2419582924182224
6.2416822461861425
6.2403062497613817
6.2394316604202986
6.2386986884004312
6.238426642109788
6.2360722786042242
6.2339213282769332
6.2334938663934922
6.2300741265473762
6.2280188308024993
6.2266158669445266
6.226006632730944
6.2229159387575983
6.2215414885117957
6.219690707031881
6.2183743045943256
6.2160071127931475
6.2143468091376741
6.2134314576643135
6.2112042055917902
6.2111187253442761
6.2110621489638822
6.2101629913600886
6.207244722222768
6.2044364315067986
6.203379176778844
6.2029256968405635
6.202691439596709
6.1980371577795621
6.1977913019977029
6.1975158038741442
6.1975030066460182
6.196009173899137
6.1936477624894692
6.1933856151196629
6.1920882575529737
6.1917219641071508
6.1909810272830272
6.1891125419984991
6.1890504643875808
6.1875331247935756
6.1856868002385808
6.1846830092189151
6.1842265658043321
6.1838464491834246
6.1786762785824099
6.1783451144185131
6.1780049130351848
6.1778921816992538
6.1771868523648061
6.1743420458000573
6.1742366446240178
6.1731244594125627
6.1726498380058734
6.1723073348731905
6.172140168098891
6.1699369480227659
6.1650088739223898
6.1647564429729522
6.1638247189512514
6.1624497654553894
6.1599935064320892
6.1596517261052934
6.1589744653841159
6.158874614108341
6.1578956869796775
6.1566330171005959
6.1521536040184071
6.1515348756263792
6.1486385752402466
6.1476606766566233
6.144918463316408
6.1444226862503868
6.1423597704916553
6.1417283270961747
6.1384395589062413
6.1355131384054067
6.1327692806415222
6.1314289922758185
6.1310945363234692
6.1285264895158758
6.1270819242787153
6.1251838570532318
6.1246125337255126
6.1245710448645108
6.1222291406432232
6.1208459087604465
6.1181268018787565
6.1180703228341438
6.1170040415389346
6.1165215675428
6.1164552697979557
6.1155934693546925
6.1148058125571589
6.1111733442086686
6.1093546180998892
6.1090840252409508
6.1084072790232451
6.1056244815942913
6.1051139953128866
6.1032436378019863
6.1027775123938994
6.1001459596958902
6.0979181168195318
6.0948595242693413
6.0873101009715933
6.0863882120731754
6.0858068227071689
6.0853004924406502
6.0851527613146912
6.083903096398366
6.0813328364397812
6.0807030059960461
6.0754095612660537
6.0752581326195347
6.0744703669817799
6.072709655927607
6.0717513662809024
6.0694394503847064
6.0692292914141852
6.0689540686631265
6.0681824128429591
6.06677680263613
6.0637508934272208
6.0612618891098755
6.0611983637865912
6.0602952653444877
6.0566878626101159
6.0558977325974377
6.0549129647286648
6.0532785007502365
6.0519072783957828
6.0516532364457492
6.0514635595059474
6.0491782546770789
6.0483402375463493
6.0416480286552661
6.0415774637273483
6.0407611420398046
6.0373778793424222
6.0373102035240889
6.0355387195754027
6.0348681987472448
6.0342322537393134
6.0324572842456883
6.030442288176566
6.0291646215651378
6.0287006238497369
6.0276364605866686
6.0261816802201196
6.0252905066624205
6.0237984581508437
6.0201088860431149
6.0172453032786501
6.0167591483020244
6.0158691852261699
6.0136502213514218
6.0099001862303316
6.0097301591906778
6.0091623420623614
6.0082183851875977
6.0070615195823374
6.0060401191539077
6.0007978121525456
6.0007448419437486
6.0001630175265612
5.9982233729262608
5.9978691893446303
5.9978369244855996
5.997772765800816
5.9973646884709888
5.9936247177159245
5.991338406357368
5.9910189975693937
5.9867266775073951
5.9846464941721775
5.9831995668499278
5.983003409652242
5.9826437374261277
5.9822020949590433
5.9815628087645569
5.9815381493720494
5.9790403227180207
5.9771359001933675
5.9750014101034123
5.9733372000415352
5.9723443586231557
5.9722518361812975
5.9698080760337477
5.9697275983801541
5.9678264040169928
5.9673372751698022
5.9652837326931429
5.9642925530799102
5.9641774644665002
5.9637496622582029
5.9636244234446805
5.9617769338442086
5.9611054515313162
5.9602645730231441
5.9589680579906235
5.9545293083928712
5.9538831752503754
5.9517075336408771
5.9515140821989618
5.9483449788157525
5.9478002128398799
5.9468766919427445
5.9466484308944603
5.9402151278598243
5.9396553749566081
5.939254824361293
5.9364723999415894
5.935967816002055
5.9352882236156717
5.9346134363593714
5.9332254552236989
5.9329121271109662
5.9326143805946767
5.930746463735276
5.9305855261789651
5.9267015055078582
5.9260465210131281
5.9247491691300853
5.9218738165619058
5.9217636619395826
5.9214663297022527
5.9214135458041905
5.9207994933169514
5.920024930873292
5.9193257699061528
5.9190390802809922
5.918852531201849
5.9176439790330058
5.9158624126635599
5.9146367204419672
5.9130514232900406
5.9129535407564155
5.9123772880340422
5.9117800442303627
5.908294014873646
5.9082534162208642
5.9080988216007615
5.9077429761812787
5.9069016821565956
5.906274427783984
5.9023595469246501
5.9009911412319553
5.9001888202547521
5.8996908641464358
5.8990176563596446
5.8980595504431301
5.8950635261450781
5.8941315997143136
5.8934956345975209
5.8932048522246463
5.892283325895308
5.8896312276469978
5.8886490364200466
5.8886398712913257
5.8874999095856797
5.8858790855042349
5.8856255736787269
5.8845457809094253
5.8828250232929866
5.8787137226827646
5.8786629767113663
5.8747317325143547
5.8744436767248258
5.8733267829007314
5.8723233027093178
5.8712688537216193
5.8676689790282364
5.8675223622510693
5.8672563407187601
5.8640389584342554
5.8633914309963089
5.8624310466229543
5.8620342860063364
5.8586938990274264
5.8569178802097817
5.8535724462459902
5.8523946792302928
5.8522339047743106
5.8490254428168553
5.8486982305884148
5.8466398778912394
5.8452457469488825
5.8446750656283255
5.8443847394513178
5.8420544902855776
5.8400168420164249
5.8400137839859241
5.8398398678549945
5.8352332237102935
5.8347213828497857
5.8345600482244899
5.8316052953714985
5.8312968695981278
5.8245152051606146
5.8238781816824359
5.8228625605581961
5.8219107837514761
5.8216562545384258
5.8203248399583041
5.8195009865343845
5.8194130250205838
5.8190447416824522
5.8182007736744463
5.8180673479983191
5.8173824261170166
5.8169343880565298
5.8168834603049779
5.8156189624762691
5.8154428020283477
5.8144998389879738
5.8135732860387304
5.8126778808135793
5.8103554166071882
5.8082230800056927
5.805438782269694
5.8037280182378277
5.8020233651479627
5.8004546581365668
5.8002904395050141
5.7975778124531576
5.7965747688985028
5.7934094205211792
5.7926217951974124
5.7923522205796276
5.7907090302293227
5.7902424280470317
5.7896571172051594
5.7891046920348126
5.786981382020147
5.7842515316202894
5.782403580099043
5.7823121407626266
5.7821450204524432
5.7803568673808838
5.7802926257451333
5.7800866503619233
5.7780133767983806
5.7766516178989509
5.7739381704437935
5.7712530638744468
5.7701601795533195
5.769735579540062
5.7672314118049517
5.7668937035266774
5.766002549522244
5.7657878431329319
5.7633690790853525
5.7620230650131816
5.7615653269414295
5.7612614242279081
5.7600475793955965
5.7583184290018714
5.7583087107646742
5.7567812808048435
5.7562771287550687
5.7560022183473327
5.7550434232189795
5.754146345874994
5.7531467445783617
5.7513008101862981
5.7483401819970901
5.747899262401182
5.7478363257560874
5.7476005456305161
5.7458186788033156
5.7446603799841656
5.7439947360619144
5.7438606153011067
5.7432306552201693
5.7423133521767316
5.7421744048990879
5.7392683634154151
5.7374712516839592
5.7363787228654575
5.733491372360306
5.7333609187531378
5.7322444720286869
5.7314377543242383
5.7287154083432421
5.7236330940796938
5.7219514533966356
5.7202922935672085
5.7202850484415597
5.7202745436784053
5.7198793726367407
5.7188569084409133
5.7187674776778143
5.7170158565878522
5.7163710513113184
5.7159666658747845
5.7126057741467422
5.7119618420449481
5.7074255143773147
5.7069264980999073
5.7068577457949674
5.7063121995389245
5.7061773004994913
5.7059516188355461
5.701262141671954
5.7006052734747366
5.6973667010122044
5.6972112544764659
5.6967007472940097
5.6962042958077825
5.6949277328694645
5.6935331199343144
5.6912567550809543
5.6910471076927234
5.6905991865497834
5.6904575395766281
5.6879073971795915
5.6878312527366184
5.6862886319562636
5.6862730501853607
5.6825794247284529
5.6806416979468946
5.6800129989591035
5.6797739998019816
5.6785711848195817
5.6774604856350539
5.6767018094174055
5.6763866908697844
5.6756791361173766
5.6745024749966513
5.6739144732521112
5.672628405874887
5.6703595089405407
5.6688795554720164
5.6652533081387588
5.6652492819496718
5.6636892916177661
5.6634530722024738
5.6628680550946155
5.6620160148005345
5.6605510839209163
5.6600017604397479
5.6586389430109634
5.6570206223759998
5.6558718589319028
5.6536111922503309
5.6532670796044853
5.6524888555491017
5.6524490708546224
5.6517529449037385
5.6509638324161715
5.650276487787508
5.6488260530827068
5.6477020665254578
5.6466963559736039
5.6455981217328102
5.6452105409939293
5.6447436097226369
5.6441794466575121
5.6431274826819351
5.6416883063605967
5.6410823891947039
5.6397538239906053
5.6395111153042485
5.639238377611381
5.6391682493946265
5.6379685253067775
5.6355303768373126
5.6342242451730087
5.6341060624705959
5.6327028052172468
5.6326876350142667
5.632263898292666
5.6305652663947212
5.6296479627508758
5.6271895260828302
5.626073446148335
5.6242405634164179
5.6234637495624371
5.6228675012701173
5.6226117068011083
5.6225725818954722
5.6220007033378971
5.6217317116649976
5.6215279992291203
5.621151029418586
5.619399542993408
5.6193711508430475
5.6153128888614665
5.6149967156765044
5.6144235560442013
5.6122204650821583
5.6118539827052745
5.6100460074915715
5.606873467507099
5.6055850021482332
5.6033655314515096
5.6012824469011147
5.5992249879445595
5.5988460149377577
5.5953149311447437
5.5931809323110269
5.5930161145936497
5.5908664447691034
5.5887471584145407
5.5878177058859437
5.586288537490292
5.5845248921678046
5.5839781706947864
5.5837603886546843
5.5780331801366421
5.5759749491429371
5.5745562462557876
5.5743849333711744
5.5742135679425484
5.5729097549626001
5.5720579307759124
5.5719513992952008
5.5716759486609018
5.5695847898111737
5.5678741329290329
5.5665416786334507
5.561844782563993
5.5605636508490273
5.55852318355773
5.5560182750590057
5.5549535134064554
5.5545571284635376
5.5490152338832681
5.5477293906563121
5.5473205049191741
5.5469234772727489
5.5453981185386896
5.5448689147017411
5.5435452485679058
5.5370554196352346
5.5361474970350422
5.5343711393351622
5.5340874924149803
5.5315698109833242
5.5312228915782624
5.5282264506676242
5.5280875632325941
5.5258107210580203
5.5236847481513642
5.5210960065894588
5.5139251800034259
5.5138317816293787
5.5113379396905264
5.5107583033292524
5.5103010714082501
5.510095987314374
5.5094409844883767
5.5081150436645672
5.5077977766700164
5.5076880140824036
5.5075958391347175
5.507408045003694
5.5072064861821497
5.5067778849491384
5.5064375034842374
5.5058007813261627
5.5044470882106333
5.5041825878224921
5.5029088251132308
5.5017598813043262
5.5017082318441801
5.5000726166119565
5.4994802445056408
5.4980132423563033
5.49711171611313
5.4964913821865569
5.496060048128423
5.4918760584355644
5.4907492476074768
5.4900523764281619
5.4872738374532863
5.4853790315206474
5.4851495492384856
5.4786912069528029
5.4779141900824726
5.4771067840972041
5.4762424514264056
5.4757658469131494
5.475009876980935
5.4744714313069114
5.4729223048730864
5.4726423668728978
5.4692891465867284
5.4657116859137505
5.4653498343121161
5.4593312897616135
5.457174974548697
5.4570256192646269
5.4554959412693957
5.4535633545249169
5.4515113537543467
5.4501987151988898
5.4469671701946822
5.4456079451462376
5.4445164588992396
5.4437709217803398
5.4372799402677385
5.4367015831423657
5.4364696775867074
5.434112413879495
5.4329599840152483
5.4323127797883188
5.432054959376206
5.4292368540324754
5.4288018178886039
5.42824152284844
5.427802921700235
5.4275274374045077
5.4263198623719431
5.4203502567223447
5.4198910968634628
5.419121601253357
5.4182389417010999
5.4177574306719087
5.4172089790408355
5.4169638045995594
5.4169007316749775
5.4134745097327235
5.4134457667941209
5.4122711331288311
5.411724673085228
5.4115629466414656
5.4101915326664116
5.4097736301449801
5.4090410372847737
5.4089425418218759
5.4065382138503608
5.4062786610910898
5.4039619521261608
5.401984209762368
5.4007739258639473
5.3976716684212169
5.397507308278799
5.3973873142957576
5.3963987295251457
5.3950676158326463
5.3932680336793259
5.3910066542631725
5.3908023393730948
5.3903565485503906
5.3866749978313591
5.386665169406208
5.3857224950893992
5.385347163261371
5.3848188623071644
5.3846868128989795
5.3838791573587166
5.3825067871330257
5.3812781789603603
5.3804770893906007
5.3803755051931637
5.3803482456354166
5.3796175367380599
5.3785720233935512
5.376613025019366
5.3754613754062195
5.3731275286767168
5.3705365034000474
5.370327936507743
5.3698880772912929
5.369788080438223
5.3681939465899928
5.3648113625936542
5.3642154827125736
5.3619748531877303
5.3602363103814588
5.3602305051375039
5.3575709879453619
5.3571802700836084
5.3558075204385132
5.3538928556329877
5.3535617196863043
5.3532919208248195
5.3514906855378896
5.3509420855507432
5.3509371029356556
5.3501492219700975
5.3498272214217435
5.3495763643629859
5.3482521796872824
5.3460545244474726
5.3459237389199661
5.3451073445818356
5.3432102707773099
5.3413953003456545
5.3412904023119454
5.3411516769826557
5.3402212007796299
5.33738549977316
5.3367957738253615
5.3349025472557763
5.3340531663584985
5.3327941405570725
5.3325736182527814
5.3325136174479546
5.3321128865974607
5.330180238117288
5.3290255779029474
5.328750284405837
5.3268623006217926
5.3268621405146099
5.3250215437525776
5.3243574075330482
5.3235910811242393
5.323079951741839
5.3217150970145726
5.3214022529740372
5.3206468405687986
5.3179547059915953
5.3174895373524693
5.3172487220001434
5.3158802689017506
5.3158640149793186
5.3156260036257601
5.3148041634518277
5.3133134641479183
5.3129898107037796
5.3121221242705223
5.3108126450869406
5.3103742522961976
5.309478566249906
5.3071788034046392
5.3036102358441299
5.3034059113784044
5.3032973496327873
5.3028683867616886
5.3025458983607923
5.2994272359671974
5.2994050013569787
5.2987653346928552
5.2980510261363705
5.2974786366941311
5.2950601672565636
5.2930210939587026
5.2913438158454875
5.2911492386028698
5.2909613964756907
5.2885704256537638
5.2885024858681833
5.2882716052035033
5.2882087778685003
5.28637305695087
5.2861916492584928
5.2859567507697687
5.2854797900479742
5.2848948588965134
5.2833536087947577
5.2822379697975812
5.2781442518734076
5.27758642532224
5.2771851460564436
5.2767779719592589
5.2763941507142391
5.2760845123349895
5.2755679050152446
5.2747839881357788
5.2746224285288195
5.2743640656195314
5.2743562189345443
5.2720185134964446
5.2701050809534147
5.2691943748442229
5.2683026650869511
5.2650268735727241
5.2646902496933707
5.2641302612053948
5.2608138536976075
5.2584576762897939
5.2584060221780939
5.2569155178421365
5.2546485009413173
5.2537578700073304
5.2528338494571241
5.2516394862755309
5.25126921649347
5.2506791968801734
5.2504631082623261
5.2501295969989954
5.2494234932651729
5.2487127954144777
5.2465459044859468
5.2464326683272109
5.246399332810646
5.2450304903951332
5.2440547670224946
5.2411397979589127
5.2402802236050761
5.2398086241182105
5.2392478944817622
5.2365392199513501
5.2360694377854315
5.2345800052691507
5.2341402411722351
5.233634702290284
5.2305737586735921
5.2289238691121138
5.2272640991185098
5.2269882246555941
5.2267871320256658
5.2256283577782474
5.2251315074664992
5.2251298793044594
5.2242414566907742
5.21936638863182
5.2191423020436547
5.2185584518670582
5.2133356077339643
5.2089645470938972
5.2086768206388854
5.2083532814898765
5.2070800319660471
5.2070231716540576
5.206238010482668
5.2061103860316553
5.2035593696224787
5.2006234985867801
5.2002061686471714
5.1977891641519998
5.1964889225641189
5.1950520958836979
5.1939260900887048
5.1934884894974909
5.1934528454282898
5.1932197227386032
5.1884760834873491
5.1884417675520265
5.1866262343757885
5.1866102890330401
5.1844244727085984
5.1842559918915319
5.1832188910036026
5.1816938815748932
5.1803800753170455
5.1802134072439463
5.1798980696517232
5.1784768565329902
5.1784442644827449
5.1781254573544988
5.1779169652236563
5.1765339606865632
5.171628722222092
5.171438570491949
5.17106198944699
5.1692600300479414
5.1689775731572123
5.1683210614474522
5.1654819609868774
5.1619907544798407
5.1604721815695775
5.1579918203378581
5.1576938188299346
5.1565881195210066
5.1560911045988549
5.1559854960920672
5.1555186057058631
5.1539633626550438
5.1539184183257367
5.1528919465467995
5.1519168025609785
5.1494717784252568
5.1489300680427901
5.1474041357251359
5.145106025790338
5.1449257755793703
5.1442483443724702
5.1441897042099693
5.1439382736522887
5.1432200227691869
5.142932015944818
5.1410395347885407
5.1407318854355948
5.1405944377665875
5.1404759404166631
5.1386574275491954
5.1375759500380287
5.137326677737537
5.1366015267227327
5.1359779220938488
5.1338608603318372
5.1335201174268121
5.1298921976629401
5.1290040167786524
5.1284145652374331
5.1283454843426828
5.1277176839550718
5.1276583113613325
5.1273832084581068
5.1261610296708744
5.1248537214219647
5.1232160784672693
5.1226816364719481
5.1216891972124268
5.1209007497026766
5.1195037742570388
5.118908095360494
5.1178377509792217
5.1167523925931224
5.116386512932606
5.1161184262456034
5.1160866467531978
5.115752586984974
5.1153309766386563
5.1150341878912302
5.1145746037329785
5.1108363735712841
5.110473220622227
5.1100446281181844
5.1081401477173518
5.1079975452147943
5.1078902449726398
5.1076675477025724
5.1056042464443241
5.1043910037010978
5.102334370657827
5.1018101466678019
5.1015794279173958
5.1015059338633328
5.1012449790539245
5.1000155583693045
5.0989433132515982
5.0983427838726119
5.0957972599373207
5.0950415332678665
5.0939329136872562
5.0922875855781724
5.0913462012928967
5.0880910895140206
5.0877477436386007
5.0874661069264482
5.0859029879477333
5.0852380116133507
5.084619841323474
5.0807568290077043
5.078902342237317
5.0778856243572399
5.0765749805859288
5.0760863118462254
5.0756569202828112
5.0737897840587136
5.0710462537376895
5.0706027515501253
5.0705499137818997
5.0679757011460955
5.067868535033881
5.0674835985351709
5.0672442560204027
5.0648643449666864
5.0620987810715317
5.0607957972185647
5.0601777648831225
5.059888179337114
5.05961300742484
5.0591266430552553
5.0544373998270791
5.0518135244467333
5.0506162955748843
5.0505763432320272
5.0498345461690226
5.0461758872651226
5.045684238380491
5.0436853460240272
5.0432831637706617
5.0426574897032621
5.0416227750887357
5.039929283814585
5.0397210835297219
5.0373263122796859
5.0370735000253672
5.0356426917029999
5.0353956895560152
5.0350629909030742
5.0334613785800268
5.0331231962660468
5.0325822226676218
5.0324766559202718
5.0324414314276327
5.0323730497935832
5.0310133074587524
5.0300916713055628
5.028405981115224
5.0282647318589557
5.02773183030176
5.0263601824731632
5.0252363968721561
5.025013006654822
5.024751514258619
5.0246240287886614
5.0246227938707708
5.0227577375136532
5.0216136784550196
5.0208510858535043
5.0206781138951539
5.0184476535060112
5.0166812276727661
5.0162214840557429
5.0161735202516029
5.0151834606454164
5.0132382448523041
5.0116416452824382
5.0106180340112028
5.0101748420786993
5.0098178908089279
5.0096114744587679
5.008381287487607
5.0077462863724058
5.0031017240692881
5.0026020503856765
5.0018345166832878
5.0009275929379733
5.0006816434241488
4.9995726774715443
4.9991707975191142
4.9984445305947487
4.9980101460743542
4.997780906047252
4.9977205835396061
4.997531904871547
4.9973241474250232
4.9963475192757789
4.9960536239946336
4.9955011080132925
4.9946622521395296
4.9942581673869473
4.9938024645979837
4.9926850170678545
4.9919399727789724
4.9917815062006525
4.9908049988010035
4.9901008324059486
4.9891566071218341
4.9887781016304169
4.988513224348984
4.9854686752434407
4.9838658347574203
4.9814385307393607
4.9799798982755155
4.9798485500653253
4.978479429790446
4.9782760929515213
4.9771109094708006
4.9768405993311085
4.9752028871078808
4.9742546172328712
4.9718256421243918
4.9716550575087215
4.968917721866994
4.968070726492658
4.9651975421590304
4.9643618265294345
4.9640731451458713
4.963761230947215
4.9631739631512906
4.9624863504450181
4.962291904142238
4.9610306092393177
4.9606450108743729
4.960176988550594
4.9584310531386349
4.9546638225815602
4.9506257725715441
4.9500732660122457
4.9496622465686677
4.9484856129329833
4.9471966049037102
4.945735508917589
4.9454598010022019
4.9453975123252816
4.944392806628616
4.9441188051483547
4.9438039473143558
4.9433202208590128
4.9432939096895412
4.9420346755429554
4.9411368807478331
4.9410010744965787
4.9404893952233708
4.9401351342804416
4.9397214145028379
4.9387251065237345
4.9382467817491662
4.9375753597825538
4.9375596326477496
4.936787918385142
4.9361107064053771
4.9337113395776324
4.9329157729944972
4.9326616603209308
4.9321265199688824
4.9319252201730777
4.9315090382540658
4.9305776510465131
4.9293321162867185
4.9290312053944216
4.9252854329385283
4.9251465258607459
4.923374888903405
4.9223718918925501
4.9221580940887302
4.9212550009014597
4.9196142319915843
4.9195608612275654
4.9182305008159286
4.9175079876558954
4.9163000784994475
4.9148741099505946
4.914621474467725
4.9145593970962915
4.9132570634235995
4.9129402953106256
4.9126604811877304
4.9107234411425518
4.909102182417338
4.9085955556097236
4.9078941377995813
4.9071000367598829
4.9043747177997634
4.9043725299069454
4.9040630637361904
4.9024894608047509
4.9019303743493179
4.90190510719352
4.9014249214609942
4.9008609516159467
4.9001417858918739
4.8985876635750447
4.8969472403903387
4.8966505201583166
4.8960305270828659
4.8958688786897593
4.8945276607646244
4.8928398197322371
4.892596833823271
4.8919124604953801
4.8907226654507223
4.8895991601328452
4.8870660216404298
4.8866308633648208
4.8864364278881878
4.886391757599438
4.8862137379510884
4.8857752819103748
4.8855977115749285
4.8840487046062355
4.8838936585088
4.8831861234625329
4.88261822218512
4.8824086455474305
4.882369645818601
4.8807116399284123
4.8805757517893191
4.8804485341751134
4.879410372081443
4.8783490957314459
4.8762958917795602
4.8749685534460019
4.8739954970016086
4.8729090495305671
4.8709932410088124
4.8702540506845704
4.8701883107872286
4.8696339214517703
4.8691135939484393
4.8682337575294241
4.8675834733902112
4.8669815072486617
4.8653853088862373
4.8642953822329593
4.864220509553868
4.8632232944088845
4.8607979270190276
4.8602229307815756
4.8579961370564142
4.8576342826944368
4.8553850303904609
4.8550419798907631
4.8541576094717476
4.8526743140254895
4.8518280135460898
4.8499128281893729
4.8495153093580194
4.8484705000042476
4.8483044588876787
4.8480251262008034
4.8472874147399825
4.8470022406227349
4.845345405584621
4.8448334453620872
4.8434831290942579
4.8434095928881664
4.8425516895199587
4.841415577269907
4.839602219439632
4.8388251560906896
4.8386404056447851
4.8374366048987554
4.8371034959981838
4.8351226408253503
4.8347639562045499
4.8345526381261061
4.8339116050536886
4.8332373365233101
4.8326632848173166
4.831519234082446
4.8309830267986928
4.8278472171222147
4.8270944908482472
4.8267801687083614
4.8241576996293514
4.821460363327315
4.8214422448126504
4.8214392481804556
4.8211909182737775
4.8208985864048879
4.8205528083530655
4.8196975026242121
4.8195849468069909
4.818370090739938
4.8168919043301868
4.8164791213547096
4.8160309468426945
4.8152973907367409
4.8144784352812282
4.8142152067895294
4.8139356231023722
4.8136924804406158
4.8133189316282508
4.812729147383128
4.8123917096133466
4.8088838911849221
4.8085365516135194
4.8079358905157807
4.8074308246445021
4.8065293077664055
4.8034669394382723
4.8032965440222464
4.8022926943733433
4.8017426126775549
4.8013417693327902
4.8007286355250436
4.8006955373993696
4.8001483317781108
4.7999426260537987
4.7993466350808731
4.79893256520986
4.7971125790306228
4.7966043723595453
4.7958599075351502
4.7953954135717183
4.7943414241714546
4.7930953282409927
4.7909433048803569
4.7900826430535659
4.7867239912819475
4.7855007135896965
4.784661982511798
4.7835561200259846
4.7769093934578404
4.7757196388555263
4.7750909555273244
4.7741894493588521
4.7732808953919683
4.7690745156383132
4.7675058819266241
4.7666288539812482
4.7655739153564705
4.7648139422041131
4.7646577955660954
4.7630114767713989
4.7626098515490636
4.7588187013046044
4.7588091964557835
4.7572648988984065
4.757263590982002
4.7547381320046993
4.7541473035550128
4.7536107606365903
4.7494223474008317
4.7471260159072495
4.7470990992055055
4.7463954228632907
4.7460310254547231
4.7454567083928225
4.7450023153242755
4.7449716826854633
4.7443219429678072
4.7439971336274507
4.7423917067588235
4.7403499094488879
4.7401325451578549
4.7392198516852133
4.7383554306162843
4.7381190824231441
4.7376839861708016
4.7362783951238852
4.7361606870481552
4.7357383602440759
4.7334260931673118
4.7327933216689937
4.7325301865911591
4.7309794811725263
4.7307425975505408
4.729306082824106
4.7288399419973741
4.7283293560081638
4.727822927820168
4.7233010039502403
4.7225612945096325
4.7223237880451396
4.7219365973989866
4.7215697347151133
4.7198444763937504
4.7186797606210886
4.718468603740444
4.7181417880327041
4.7177949111204667
4.7177555760823218
4.7173863387229966
4.7171709971917588
4.7156114025179043
4.7152856748556511
4.7148505919935957
4.7143493584561709
4.713907293399628
4.7130083627819994
4.7129577842379575
4.7121041192544464
4.7117909591743876
4.7101889606601981
4.710179819322474
4.7101738752912423
4.7076361292873212
4.705435510058618
4.705180058174494
4.699978993934729
4.6985821732605428
4.6929526477127972
4.6921660498107922
4.6917304242796609
4.6905065058861384
4.6900166700454085
4.6872685923726021
4.6871947980459643
4.686282541169418
4.6857695440893679
4.6848851940460481
4.682929604858848
4.6824275148819607
4.6822037826416558
4.6817566425683816
4.6815071103544588
4.6773803879126481
4.6752210586375034
4.6749211429528872
4.6739749939704707
4.6728004164415946
4.66572754568121
4.6652797258848437
4.6647390862824381
4.6629340449887833
4.6619395425754364
4.6610964788119933
4.660030845468965
4.6594617439351138
4.6589650581118587
4.658625388317021
4.6573236305689525
4.6569656191455211
4.6542996669776171
4.6525246323283769
4.6511005972997275
4.6507727473618967
4.6506475827520681
4.6486681999168642
4.6485452599533534
4.6461230262345588
4.645700236564946
4.6456719468105705
4.6451693786152255
4.6449808311265173
4.6449245247882294
4.6439584458069536
4.6438015230226224
4.6424860974138307
4.6413527079204302
4.6384399874874012
4.6379360541182937
4.6375960966526879
4.6364543795494955
4.6360820664376003
4.6358992541289483
4.6332304920065868
4.6331084093705321
4.6329204151782246
4.6316124927338382
4.6312499160357197
4.6310773513065797
4.6308866702628837
4.6307845728429502
4.6307789618641015
4.6287792308863276
4.6268259626570014
4.6267890596704584
4.6256121385115483
4.6251452083499318
4.6245111056983763
4.6236645621330581
4.6223585014685344
4.6211611322554704
4.6208984438970955
4.6203567417981395
4.6203086235623925
4.6190361832520139
4.6182082076200377
4.6180628067260585
4.6179121063220094
4.6162090531283813
4.6158770102897746
4.6156629861696619
4.6140605083355064
4.6132441033689222
4.6122259064194138
4.6100769640362911
4.6093496306816624
4.6093447441969646
4.6088926228963345
4.6076644561092372
4.6053034179951116
4.6026705537559938
4.6000610973841702
4.599831429923313
4.5971548450951323
4.5962954657632631
4.5952203960641418
4.5951534970394396
4.5946150974917979
4.5946135462097528
4.5920171144807753
4.5888135816182922
4.588431224058569
4.587476853192106
4.5870163508564561
4.5863162776686597
4.5855523159991387
4.5842405230977823
4.582997401783409
4.5822981227803359
4.5812913307829692
4.5792042706684111
4.5763261902633285
4.5756675049952618
4.5749622567987007
4.5746047111165797
4.5738633927998524
4.571607325197693
4.5713380602998921
4.5707450708157529
4.5706145668573646
4.5701156335987614
4.5658829006167405
4.5648775801010206
4.5612564969006018
4.5610658866918872
4.5600189321721203
4.5596239072795637
4.5596160035215343
4.558167847985005
4.5567315449972918
4.5518005285213006
4.5486854367979275
4.5484872873078954
4.5477078903445625
4.5471880926486792
4.5442940838054184
4.5439349724589375
4.5432910251751357
4.5413114046690115
4.541303905910099
4.5385066262737794
4.5354883854526582
4.5353826396336503
4.5344806471707733
4.5344335894995549
4.5342538631548699
4.5338714357738388
4.5326397378545185
4.5325237351916003
4.5308720428911293
4.5291454041036463
4.5284524908424979
4.5277950943133352
4.5266335360405465
4.5249877653005166
4.5247419452867481
4.5238275286549321
4.5229462751715639
4.5200669930827875
4.5193219259255901
4.5189554732359154
4.5180709978100602
4.5180260102726564
4.517125780658386
4.5160082158414925
4.5153493223607892
4.5137033558432957
4.5127757284958907
4.5118009021314078
4.5103499409022643
4.5102717384702435
4.509362142227312
4.5091260846725838
4.5062860268599705
4.5056970848292863
4.5050689895951361
4.5046042567711
4.504364063555367
4.5035689617717933
4.5035611628511081
4.5016241997123627
4.5007733333730915
4.4982347620729408
4.4979716069802134
4.4978735001507948
4.4971897841713586
4.495530969443851
4.4921601052862092
4.4897202804591281
4.4893621415682041
4.4887676214560859
4.4873062625763671
4.4867162197959836
4.4865538960695162
4.4860398582983638
4.4837433453760678
4.483041522319227
4.4826738813135272
4.4824920080040975
4.482205541689563
4.4818634493621259
4.480772170270277
4.480441147474445
4.4798262464933538
4.4796093401428188
4.4790517867041748
4.478647225838956
4.4783047734937629
4.477768799621785
4.4776508403869419
4.476929324545857
4.4764541665150697
4.4755702890097648
4.4752013442720235
4.4733478007578729
4.4731278889477002
4.472152360784909
4.4719046146328454
4.4717785217978427
4.4712090117432615
4.471086046934122
4.471060021936264
4.4709665112426649
4.4709574300857833
4.4691851226931298
4.4675125621667444
4.4670378110194831
4.467010330991994
4.4669818443025644
4.4664875284830385
4.4642657754147868
4.462713189778774
4.4609490291958389
4.4605407997503512
4.4604727158920685
4.4595055545765003
4.4590424331520415
4.4584574291428138
4.4578025855913372
4.4572270745035283
4.4542404917377016
4.4531319273091379
4.4529557551241563
4.4509552193872004
4.4493667108254726
4.4473009467669158
4.4466511763003096
4.4453055375471022
4.444229713841283
4.4438716256028385
4.4429897208696199
4.4410335775176693
4.4375147692215933
4.4371343349260224
4.435610887236658
4.4345498889485402
4.4344020846461296
4.4334042023654101
4.4332634668036013
4.4327366458103343
4.4318075389156641
4.4305209228382356
4.4294292996126696
4.4294282443263819
4.4293721989701398
4.4261852985776056
4.4251039256310989
4.4250350170808082
4.4239682728221226
4.423653712419819
4.4221026542046564
4.4168677095032667
4.4159037659840026
4.4157366894673995
4.4153171103658666
4.4149619651513605
4.4143287890665279
4.4140173401740128
4.4128151967226579
4.4117266375651081
4.4116585129807779
4.411046061635906
4.4106766680446086
4.4098138147455597
4.4090571994006602
4.4088533761880786
4.4069091941440623
4.4063899855527104
4.4063523578057406
4.4054820134737751
4.4050938489266986
4.4031200797714627
4.4017954072963716
4.401250476800838
4.3997013344206204
4.3974508153149001
4.3970206496251372
4.3936331104336466
4.3928631299323708
4.3925693287211027
4.3920811450880395
4.3899229920333704
4.3896998432981595
4.3852351183995726
4.3842240648063457
4.3839439759510288
4.3836965458530255
4.3834355110114052
4.3833558918694226
4.382434744572099
4.3815610905873585
4.3804905709791946
4.3803334182573979
4.3802842155412502
4.3793025353513846
4.3785419015748896
4.3782099236185381
4.3774672824243135
4.37739013113314
4.3765870385087746
4.3758888429668366
4.3749486864599616
4.3747516382931479
4.3725673594714856
4.3719831994909422
4.3718225430671831
4.3714823991025078
4.371206562175785
4.3690653372875232
4.3631333604670024
4.3608531618981496
4.3602629723203945
4.3597069292455579
4.3562311091216275
4.3535332222566145
4.3529172464460641
4.3528310561105039
4.3519275983911108
4.3511640992508704
4.3509811221392063
4.3482585461280285
4.3479426398127821
4.3478470937781335
4.34783643622192
4.3475641890714876
4.3447435477456402
4.3443487413571749
4.3436565737391968
4.343481669491422
4.3400366974059832
4.3391064628200704
4.3380465283139094
4.3356198136083419
4.3348039307708222
4.3338074818612915
4.3336871459389901
4.3329547035148757
4.3323718021742783
4.3309916403132735
4.3248762502086286
4.3248366367751752
4.3244529366594247
4.3227760354417519
4.3221397032909934
4.3215706009869841
4.3193980073825093
4.3187387046903236
4.3181010095929393
4.3175487075893013
4.316532454606909
4.3163195543281141
4.31558749991546
4.3143699321788898
4.3131647107860189
4.3130739963202194
4.3114860329384932
4.3103790350573261
4.3095427560293293
4.3082723955095705
4.3069348073792062
4.3065758966499637
4.3062559542630359
4.3059491606356772
4.305904253048765
4.3058218552440728
4.3040075269033622
4.3030389616162212
4.3029155323944357
4.3009582607320302
4.2993353110133272
4.2991941306651729
4.2985316331195866
4.2980620746544167
4.2975522198492389
4.2971093906073676
4.2967517796756241
4.2959144286819866
4.2956939378779309
4.2941987681404603
4.2937554158726359
4.2931954445449794
4.2924584880230752
4.2915797144151311
4.2879811406911719
4.2869310293722851
4.2865509591165845
4.2859854629581875
4.2848757426302111
4.2836763158959679
4.2832736777737184
4.2805244878901316
4.2802198261459568
4.2778306500237608
4.2750181160314824
4.2747630875916593
4.2729510704432672
4.2728892626499961
4.272757934319988
4.2706238841776134
4.270341121533435
4.2690738766399567
4.2685916878016492
4.2667901641728081
4.265545786398385
4.2651610134017481
4.2641419329280215
4.2639141846681392
4.2638895969177684
4.2626251496707361
4.2616365901543354
4.2607256034325962
4.2575686609992118
4.2565800570709271
4.2565645632899543
4.2560203729314221
4.2557792230937324
4.2544775628598579
4.2537941247577633
4.2510343035086136
4.2509578847140155
4.250002863790133
4.2496493679402683
4.2478090474257906
4.2477814449950335
4.2476882590362797
4.2476337327135738
4.2473484462067432
4.2453453913600434
4.2445270180734695
4.2434290198597617
4.2432370746577597
4.2418899474107397
4.240184982983024
4.2382130838978362
4.2381013892236963
4.2371669078558938
4.2369412724850655
4.2366049743931145
4.2356506931537696
4.2355909149646918
4.2352588166436629
4.2351458584438326
4.2348558818328375
4.2342178488533087
4.2330211994223319
4.2322226457667877
4.2303086592604711
4.2276982648173203
4.2275779214072964
4.2271448152811679
4.2263826704441128
4.2260039647515386
4.2256405027573498
4.2246811204202821
4.2223241870507193
4.2206926915064829
4.2196028268573196
4.2195374052140373
4.2193926785624454
4.2193364710062697
4.2190623478943348
4.2187968001685903
4.2175359325810851
4.2171899851540866
4.2168151385636614
4.2164993464972254
4.2145609795822239
4.2138456816016019
4.213832769840864
4.2137891182806628
4.2120542400847878
4.2107469642981252
4.2105553453330211
4.2075713864386479
4.2071942143198013
4.2064260858116675
4.2048666074540462
4.2037765676912215
4.2029657544935359
4.2027005061858187
4.2010412318890742
4.2007034252755586
4.200112620254834
4.1990852753411065
4.1989063315661408
4.1974852379804695
4.197244256165547
4.1967842150975248
4.1963002879642586
4.1951024870194322
4.1945751521048562
4.1941246980087232
4.1939739407163561
4.1929447014655548
4.1928342955818225
4.1923458066358474
4.1901548006054874
4.1883597973387223
4.1875453626954426
4.1871174698425788
4.1844224500286016
4.1844199858719957
4.1843569662433406
4.1842002450442353
4.1831082164311661
4.1829520652128807
4.1817367906590741
4.1817349554738472
4.1813840797535624
4.1803499464543998
4.1795949333659959
4.1774808717821026
4.1757523353046269
4.1756513808917157
4.1756499253760451
4.1739476757899787
4.1733998995949921
4.1728950997866034
4.171855441713558
4.1682065702732896
4.167737447838344
4.167545812019303
4.167213343295427
4.1668631578508082
4.1655457756498446
4.1654797708008138
4.1650043080730335
4.1647040992556743
4.1642048388874029
4.1629643102478511
4.1627433718139821
4.1621929930845196
4.1612702747741235
4.160951629601275
4.1599363288276052
4.1577084052035991
4.1571244691406743
4.1547509101918783
4.1542253553914597
4.1527381781672261
4.152171725072761
4.1515471459479505
4.1512911892047084
4.1509700609527069
4.1495015193729872
4.1468945244073101
4.146054303242261
4.1457495086499332
4.1448708238707903
4.1434773598562078
4.140976786058995
4.1403006437501819
4.1401102336756761
4.1399593488843225
4.1389625283168359
4.1380488139313947
4.1374594801734323
4.1351780587497649
4.134342401868512
4.1334494514234335
4.1328358148065849
4.1319270303515614
4.1304680783006802
4.130374924091015
4.1301325896380812
4.1300903537656719
4.1290519315747689
4.1283048165761578
4.127866817754013
4.12739723813052
4.1272222327131427
4.1267051891284217
4.1265821512689769
4.1260161542037936
4.1259948331461098
4.1248978768866582
4.1247554715466217
4.124560127693452
4.1242665607469391
4.1242199691766253
4.1222083990405336
4.122145846963595
4.1218268875014452
4.1215473401629916
4.1214553722613827
4.1213152692201831
4.1208998706196507
4.1201434780025936
4.1197843173155153
4.1191636071708704
4.1191036074050817
4.118854917444807
4.1175254403460411
4.116832060111129
4.1167284137004838
4.1150430073732034
4.1147642127318091
4.1135900288661356
4.1129877253168576
4.1115069109908733
4.111150825820399
4.1111254675064615
4.1110433387692638
4.1108685049793303
4.1104358565229102
4.1094045427311574
4.1087282335310293
4.1076796698790936
4.1075472655888392
4.1053378522888941
4.1052278086563101
4.1047159104716036
4.104577037320472
4.1020263093716691
4.1008189144565543
4.1006254182250856
4.1000903113546832
4.0998497522691757
4.0992154490457855
4.0961018535132041
4.0958035749125346
4.0954121068677312
4.0904863990870926
4.090311445290955
4.0900931978258903
4.089929639985896
4.0895193609424343
4.0891221135227473
4.0877463172682615
4.0844160148058455
4.0842282666809604
4.0841476878765608
4.0840080839023534
4.0829358943128033
4.0825672684503456
4.0815303863334425
4.0814488897583159
4.0813515509076348
4.081035564053602
4.080555440960846
4.0801913766459599
4.0796123269919624
4.0792362482315347
4.0790830633200432
4.0776603634754558
4.0775921425141073
4.0773557994005527
4.0766152231827242
4.0763085856330248
4.0743257635938619
4.0726677135984879
4.0703223498096284
4.0701772142936443
4.0690408791552821
4.0680034555027031
4.0679913926196996
4.0677793718273474
4.0675651353899029
4.0673526353938332
4.0673099139215729
4.0670454151853148
4.0667365743942074
4.0662315814722048
4.065443246356959
4.0621919506610285
4.0612550743255502
4.0610512408385286
4.0606479135947557
4.0606259382271004
4.0582957668866895
4.0578142055208852
4.0567185997265769
4.056607209372868
4.0559746086500139
4.0551302851386852
4.0548030978634477
4.0539120836117624
4.0531366060261851
4.0529423964334086
4.0529373887788998
4.0509184308739927
4.0492969561464118
4.0488942175619034
4.0486705950017212
4.0485315389479855
4.0475200674499163
4.0458372345822253
4.0456472879273999
4.0455666396543544
4.0445189204635881
4.043617581003093
4.0411265162015644
4.0407163009472278
4.0400590721244889
4.0397802605543456
4.037415293742554
4.0362368998454459
4.0360081209540715
4.0342265795394709
4.0327899520441246
4.0324774804198551
4.0310286330020748
4.0301664374762423
4.028260937476424
4.0279664373856985
4.0278016157523009
4.027568373066293
4.0267101414116881
4.026691768149572
4.0257466620438596
4.0251924083741928
4.0239187742308271
4.0231711077007128
4.0222422051020921
4.0213659826072163
4.0199008033384471
4.0190320828887591
4.018905394297545
4.0185889859371953
4.0185230768680542
4.015851873271389
4.0145887162028275
4.0134660356491079
4.0129266328233975
4.012157260228034
4.0108105422056548
4.0099008052941558
4.009072064324509
4.0081386948703077
4.007981776520678
4.0069822347136537
4.0066726319201855
4.0058099025873375
4.0055485032995497
4.0029233718000325
4.002222580559855
4.0014935592881793
4.0013523014797183
4.0013109436131815
4.0011316372867203
4.0007452001026884
4.0007231566226853
4.0006312226978293
4.0005786739803284
3.9986792079322901
3.9981724991704231
3.9971619468217132
3.9968110499146121
3.9964704550108938
3.9952244812487718
3.9945136911349897
3.9928028252652652
3.9917958402729292
3.9915495802863199
3.9913677239042369
3.9909811640967825
3.9907581508017209
3.9894835541502611
3.9894583766974376
3.9883932082364919
3.985786348223693
3.9855463224483558
3.98062424025927
3.9797925775367098
3.9794029467749739
3.9789624897033455
3.9788772652490287
3.9782702763894537
3.9782541516348791
3.977473142415529
3.9747618668450242
3.9744378716757511
3.973183089350524
3.9729023903112908
3.9723993037596168
3.9723906106561926
3.9710286014091296
3.9709011310132505
3.9705052181715286
3.9691070354577631
3.9680944509004603
3.9680799789766867
3.9670325115615834
3.9665524695797596
3.9652121261520659
3.9638387772103321
3.9637907275462063
3.9634834625650033
3.9631935766913062
3.9624279660369099
3.9611332873932099
3.9607514656193761
3.9596489680712006
3.9595934727269588
3.9589604426341314
3.958691332350901
3.9576758674371977
3.9558002801445906
3.9545767711270985
3.9542203615906728
3.9526737527412936
3.9525454082178362
3.9509686322994306
3.9508401981695807
3.9499811278431625
3.947965792432691
3.9476765033493848
3.9469324734874944
3.9445997630488669
3.9444068250786706
3.9442558304858695
3.9434099086826939
3.9430917076766487
3.9416309154385911
3.9393729746555035
3.9386732835486606
3.9385464762772751
3.9378231397781951
3.937200064751631
3.9362339942569879
3.9336657869174418
3.9331997962227354
3.9325702541511545
3.9320413385522599
3.9319230224835353
3.9314115714358864
3.9307664365763539
3.9302391867625937
3.9293878773832027
3.9292163109864555
3.9288935268659588
3.9251827511078896
3.9210798815713077
3.9183340898883956
3.9170855169359475
3.9167463500556563
3.916658106932652
3.9150837549309778
3.9141016467261238
3.914015480740102
3.9139813816121105
3.9139133928687615
3.9136022050435315
3.9130049197110282
3.9125219850355109
3.9124497473230653
3.9112239322027884
3.9098748840034472
3.90972494466883
3.9096714860689259
3.9087396153115064
3.9071712317639715
3.9068107849595481
3.9064503369636898
3.9059432768660587
3.9053430936362483
3.9050821548140511
3.9048712050633352
3.9031479209713842
3.90256662041031
3.9019756261696341
3.8987850376082669
3.8971835821053533
3.8971746022821656
3.8967799008060289
3.8967527718555797
3.8962514145962794
3.8961453802655095
3.8961226948068268
3.8957133926143381
3.8950518691921667
3.8933890393794655
3.8932898773377129
3.8918212690282394
3.8915350614126121
3.8909789516047955
3.8907969286000865
3.8897356697991929
3.8896148322936366
3.8892851109724327
3.8892542257980014
3.8889016785843813
3.8886006361742753
3.8876279793504405
3.8874128887227091
3.8848933372573424
3.8848241210966901
3.8847781691530123
3.8839400765021068
3.8839142162981655
3.8834157228641186
3.883386948266681
3.8828865851032388
3.8820317307642025
3.881539229319912
3.8812657744031855
3.879558658739827
3.8776834756708976
3.876199077115043
3.8761660421214676
3.8756374572929784
3.8754710892494395
3.8748938869945362
3.8737884773726368
3.8714994989217391
3.871481343074445
3.8713369887413442
3.871200706810328
3.8707748842021172
3.8690256757234991
3.8675695402457193
3.8670404989810829
3.8664985084540731
3.8657916093780633
3.8652036574991819
3.8651600682585565
3.8643115828232082
3.8638116155877276
3.8620480431051387
3.8617982982453287
3.8612249085063137
3.8607871149788529
3.8594054884645224
3.8588829663195972
3.8583838326187401
3.8561635719901259
3.8557274556068237
3.8554976211857559
3.8554157532856306
3.8542893057082974
3.8541007923694637
3.8538214011076568
3.852197077411101
3.8501400963311423
3.8495863436856363
3.8484707071357391
3.8472746099785167
3.8456297922937246
3.8446443269862787
3.8434352978300037
3.8433018050750047
3.843153145386105
3.8430900067814848
3.8419873202176489
3.8413394946835639
3.8407185875011307
3.8395624019122359
3.8378516341317437
3.8377152186958381
3.8373515597139982
3.835148435125995
3.8331303794859575
3.8321526087105267
3.8317846315401511
3.8304295960912289
3.8295840576596984
3.8292537314714914
3.8261977635898927
3.8258607409345533
3.8250042404915923
3.8233446372444209
3.8212162277770769
3.8211597850683563
3.8200298250861415
3.8198270909264664
3.8187182795210877
3.817188132678428
3.8169029573665454
3.8156560102233605
3.8155790693965685
3.815384841658592
3.8148097108325461
3.8142991378074895
3.8136404734030074
3.8136036526526813
3.8117218325251527
3.8111648948955041
3.8107635256369048
3.8106782050167265
3.8103619202675598
3.8094792491549585
3.8085696949947674
3.8083957811289335
3.8058107357037425
3.8045903263737548
3.8036558120558936
3.8036393539449933
3.8026313271360115
3.8020471868414631
3.801593946136347
3.8015130449134014
3.8010407241051829
3.8007892624983621
3.8001172423216287
3.7981288568524221
3.7977848879511664
3.7976776933184779
3.7975301825853429
3.7972338532549106
3.7969948030799419
3.7968757241569322
3.7960692893944952
3.7946434156512723
3.7936129899535689
3.7919808932066688
3.7914282569126514
3.7912140693321459
3.7895957126547146
3.7886003286622545
3.7870878113628641
3.7858377356430668
3.7857902507818197
3.7851535529272815
3.7845306594510544
3.7830400263996742
3.783016312202065
3.7829688022850272
3.7821948681085029
3.7803052740094301
3.7801052526903409
3.7798949607789525
3.7796377577964519
3.7795794249028551
3.7792027236335484
3.7787048718543543
3.7785485556177951
3.7742614891177899
3.7741235959394115
3.7736649461713441
3.7732846780094111
3.772330337762396
3.772026294963517
3.7719954350196776
3.7710479979643226
3.7706322009883637
3.7705779784287872
3.7698116080865725
3.7688272060681842
3.7686936021100057
3.7676221436557493
3.7671261575150345
3.7651742437029139
3.7650617737548746
3.7650162371738811
3.7616878605030015
3.7600831389584966
3.759755656928641
3.7587137725078659
3.7586488175187283
3.758175030729658
3.7576015129765858
3.7575999158746511
3.757378161890915
3.7568869524792587
3.756190150006923
3.7558553693157588
3.755606491327526
3.755287921408065
3.7550263354357818
3.7543756128878321
3.7540752211517434
3.7537420322372417
3.7532702198154055
3.7530924384947384
3.7522480295200342
3.7512367160669338
3.7509298943705454
3.7502625175767768
3.7498116523624554
3.7496094790502732
3.7493344546527161
3.7489929720913282
3.7485780155482002
3.7478589614841287
3.7467534502673341
3.7450197000859973
3.7444768516518847
3.7443391623622717
3.7442024415730222
3.7428864012981844
3.7421612280094503
3.7416960364513021
3.7398760728060081
3.738904885618791
3.7379997625066901
3.7378871913885843
3.7375328378484958
3.7362987327487582
3.735326265041238
3.7331849335190403
3.7328458757969489
3.7315702114393772
3.7307561162492124
3.7301352483666301
3.7297704668280747
3.7288655635919397
3.7285748556812743
3.7274338265896465
3.7264436080540313
3.7260243219263276
3.7244057675384243
3.7243446717073723
3.7230254420689373
3.7226452831267327
3.7209883817189509
3.7206625855022035
3.7203083840883164
3.7189597093009965
3.7186103716781904
3.718278310699437
3.7178933331319586
3.7178218540779806
3.7175060561798081
3.716818370803979
3.7160554365305702
3.7156326317982966
3.7144245858788962
3.7133439091548932
3.7128518128128798
3.7122243081886737
3.7099625775411118
3.7086631151551512
3.7085264648305443
3.7084701603979
3.7081499442000014
3.7069929453904802
3.7065750171660663
3.7063446496050663
3.7063216324101242
3.706204369906644
3.7061023714868435
3.7050783388868482
3.7040896918474293
3.7031014670718019
3.7020798256595469
3.7006242869116552
3.6994370144867008
3.6977945683359432
3.6976988101751265
3.6971722312320319
3.6967094731882879
3.6953632849713398
3.6945023794635787
3.6919853879509317
3.6918751560912715
3.6915400680997266
3.6911040096614798
3.6910003638314848
3.6908578737382118
3.6898660399847834
3.6897170703328706
3.6889590513054236
3.6883753050335817
3.6879407981548158
3.6878957106468571
3.6878342434306695
3.6877420949583253
3.6874371603422991
3.6869716313464092
3.686541046450031
3.6864491168000089
3.6860189677141131
3.6858637003179848
3.6843622687652462
3.6836809341618371
3.6836583652423487
3.6835478868348237
3.6824873847040815
3.6824814030514688
3.6818880694522518
3.6816405257156637
3.6813130833997278
3.6800319726900552
3.6796338881891471
3.6787360901277819
3.6767542988325652
3.6767436093175672
3.6753255603223809
3.6751977381316778
3.6751316985839027
3.674938182804818
3.6726438054522932
3.6706147817296912
3.6689608037385097
3.6686449252207085
3.6683571827009196
3.6682360014876214
3.6679249727403458
3.6674995250110975
3.667415106771303
3.6673205399539071
3.6666103225086593
3.6665662623637738
3.6662191539714382
3.6661966161342474
3.6659739570519094
3.665715982479397
3.6650886531778992
3.6649892857503183
3.664765017589108
3.6634624276847236
3.6614415446715376
3.6613892359465643
3.6602994791743333
3.659236989515231
3.6579774211362817
3.6576970966343865
3.6573572675780968
3.6570390797746595
3.65702137445167
3.6547805562660147
3.653942119543748
3.6524832819722386
3.6522465635705985
3.6522060596259349
3.6512702670041404
3.6501658854377101
3.6498369909757775
3.6488210549405018
3.6484276858211375
3.6481513500531855
3.6475503052598643
3.6446204608249007
3.6443205537732712
3.6437745486537274
3.6415692908894317
3.640174632667827
3.6401185307798203
3.639891412252477
3.6388177211603772
3.6387672177812251
3.6386876790030382
3.638283849024718
3.6382395595697106
3.6374673384106795
3.6366456454923939
3.6349689391011113
3.6333377497249959
3.6332634889793414
3.6330850455296129
3.629236674643002
3.6289677335337212
3.6286269643401807
3.6285860106439469
3.6274829080689663
3.6272325597230846
3.6260479946025845
3.6257416838518788
3.6254444786764881
3.6246777658063003
3.6224151596544978
3.6224042665708649
3.621854639376223
3.6208970130935878
3.6207831296804946
3.6187642027381415
3.6181950978044983
3.6179205930640195
3.6176655126493942
3.6161436376071494
3.6153563359602865
3.6135017536251159
3.6133563651284244
3.6127409977982974
3.6126090582868535
3.612260990970606
3.6119248214823365
3.6115670117396186
3.6115474133975072
3.6111404768584676
3.6106804120049656
3.6088187088568975
3.6080358164164581
3.606801609423866
3.606568949997893
3.6062582103560339
3.6057732517833556
3.6055425715038751
3.6053471875264549
3.6048322010555229
3.6032036728224055
3.6022393285319803
3.6021502053127419
3.6017197372563068
3.6015795462825335
3.6012449901561894
3.6001518406861419
3.6000677676124964
3.5976456979499551
3.5975658923884732
3.5973116896924773
3.5966902786785266
3.5961306322706017
3.5952908390401821
3.594230402056211
3.5941813894333952
3.5940549708538492
3.5926798165414078
3.5909446033966579
3.5894953779379271
3.5893940596371539
3.5890923929672831
3.5880917993824237
3.587904741735441
3.5873954992965866
3.5849129865521903
3.5840569377748634
3.5832749827901571
3.5823870019523314
3.5821894999951982
3.5813489971035666
3.5805036872069396
3.5803183220656911
3.5796720759328449
3.5792211796424787
3.5792049254173222
3.5786178821726233
3.5783962698751561
3.5783352767521839
3.5779900904937669
3.5779783120964734
3.5777323345619658
3.5772171224156626
3.576629534035674
3.5760191133078707
3.5757974587929695
3.5756321816651329
3.5755639306724767
3.5739267520342426
3.5732534642602474
3.571675931400907
3.5715857821611539
3.571178878169659
3.5709812097328792
3.5700523227958274
3.5689646434060709
3.5680848772686273
3.567288336397751
3.5664317442178666
3.5652191391420311
3.5650478343320322
3.5644257604367722
3.5619420968217317
3.5619024699761495
3.561426257371556
3.5605353002568498
3.5600872176191216
3.5599045103155103
3.5593951523944884
3.5579911165109177
3.5572054332366316
3.5554224051778607
3.5548662458980576
3.5546344106697032
3.5543033045419032
3.5541759890205018
3.5539819479603478
3.5538928922916915
3.5536100787778584
3.5528796113219041
3.5525301504845284
3.5505123855487439
3.5501162887916511
3.5490166732024422
3.5489939753407893
3.5477178196714263
3.5462954876587411
3.5457642835618932
3.5453871858515242
3.5450623608828691
3.5436451830860727
3.5418024537258512
3.5408635715878334
3.5407519656861601
3.5400372885813653
3.5399773594194617
3.5394705988165449
3.5385229426601232
3.5380969446120667
3.5380219950587812
3.5370910615252056
3.53660975849695
3.5350589976726314
3.5344572117398392
3.5331148031601334
3.5329256141740797
3.5328443353823125
3.5327190405807039
3.5325991534677899
3.5312731030075173
3.5309761898860592
3.5304977092036549
3.5288797391158115
3.5280790481406004
3.5278599402398219
3.5277273357576089
3.5274336990226303
3.5271722695507228
3.5255102244520895
3.5251297064293641
3.5249603122679725
3.524934275094985
3.5244637378155321
3.5244350426092401
3.5234933547589473
3.5231006443983786
3.522519187669694
3.5221247687228043
3.5216728907001102
3.5207656633079329
3.519739790019544
3.5182957502489369
3.5172037706696782
3.5132359985790083
3.5131717475255746
3.5107128718256351
3.5098750215206103
3.5095764482587124
3.5092927680643369
3.5091307216475363
3.5089828617539207
3.508792462682973
3.5086914317964246
3.5084125733014182
3.5082988427357074
3.5071731599245868
3.5067387058214181
3.5060383340703001
3.5053551841193666
3.5048709664686264
3.504598904027286
3.5045085122084028
3.504366612266459
3.5041146164491797
3.5037642697203939
3.5030278260397814
3.5018236038884951
3.5014433672504164
3.501031190852264
3.5007816790031039
3.5003580264771155
3.5001644940137751
3.4997963488071608
3.4997065038701125
3.4978279520327384
3.4964268680069708
3.4943859944403619
3.4941465591368388
3.4940913591832685
3.4939834407923844
3.4934252436185358
3.4929917135170849
3.4889253227158603
3.4874197847867316
3.4858188351551962
3.4854567090495507
3.4845569777533631
3.4830761642343706
3.4827767497009372
3.4826659699770612
3.4820942497761362
3.4802795286838895
3.479752277983442
3.479399860543364
3.4790069947392004
3.4788730755090609
3.4784224562354349
3.4782275326422845
3.4759258105300215
3.4747556569695948
3.4744376832869364
3.4743325974506076
3.4742163182850354
3.4739224893142517
3.4737947507489064
3.4726694434327223
3.4726131574203465
3.4723740799467153
3.4717677014438606
3.47169112935957
3.4703374256727275
3.4697466433321602
3.4686970092046767
3.4681302344894571
3.4678846725914689
3.4667707422649618
3.4662767913911519
3.4642406145199436
3.4636521266520033
3.4630890574545794
3.4624126463844953
3.4617135153993916
3.460827547778567
3.4599964431870807
3.4594621010604576
3.459358933937315
3.4591403212061693
3.4588957848179094
3.4554760959328803
3.4551853288611722
3.4548546016350428
3.4544926152440318
3.4543990799595266
3.4537621161378111
3.4533817582230362
3.4533044113920495
3.4531611960412745
3.4519950843388112
3.451500479494765
3.4514608600774763
3.4513334158226701
3.4507723085808708
3.4505264737940138
3.4498991406492054
3.4495413897681542
3.449421211689204
3.4491673581396962
3.4487809861841079
3.4486083673234402
3.4478192661620568
3.4476781136274379
3.4455494754290847
3.4452098298373746
3.4443089229899586
3.4439739746328115
3.4435711253031873
3.4433288702133988
3.4431820172959471
3.443057485973724
3.4430312258584741
3.4418012625570635
3.4405760719861287
3.4405460720870487
3.4404461046710741
3.4400121186218811
3.4397272978974565
3.4394435099667047
3.4382626310893785
3.437761333734656
3.4369673955176041
3.4363781712265875
3.4362088411133707
3.4352939173940245
3.434514969510301
3.4344547248244259
3.4332371262950017
3.4330508516023053
3.4316473567270469
3.4294730440094123
3.4291458975129645
3.4289592035849559
3.4284296854980139
3.427366142700393
3.4267743093641414
3.4264861718283237
3.4262143182475908
3.425494402067097
3.4251820868113185
3.4249927214330631
3.4249710449894724
3.4245096806893258
3.4234023633411974
3.4209593963412375
3.41977161588138
3.4191826484603776
3.4190263804747065
3.4181128849468965
3.4178853125792874
3.4148812869848379
3.4146394480058722
3.4143485446273365
3.4140711468703695
3.4139962097081495
3.4135030760858958
3.4131134021561551
3.4124055600924703
3.411881523822804
3.4117127811797268
3.4108529312670455
3.4104751855921154
3.4097253134627614
3.40902713907336
3.4083472088051168
3.4080868165368758
3.4074042862280631
3.406972071983652
3.4061336331091634
3.4060747647375713
3.4041617844343555
3.4023234290291002
3.4019563693812875
3.3996086595779946
3.3995567193079781
3.3992353109948819
3.3989891464788182
3.3985681486088675
3.398529628347891
3.3972729240189645
3.3969695088616878
3.3969324941537762
3.3965196833815638
3.3962793437651086
3.3959152470413256
3.3932863686728836
3.3929586853476708
3.3891095544978542
3.3889672807215541
3.3886027196488939
3.3881583820976071
3.3876875012684797
3.3874268270639041
3.3872422152262947
3.3872122834579268
3.3861376774976297
3.3858950357580389
3.3854597944646789
3.3853448640574806
3.3847169601534146
3.3844611188706408
3.3844409206453858
3.3831231312177104
3.3828211032182653
3.3825426960681488
3.3822938629763857
3.381340213655017
3.381328916360304
3.3798893179808762
3.3791502168169965
3.3790878394067847
3.3773112276739203
3.3761641085663401
3.3760198271090101
3.3754212590538488
3.3747676407407909
3.3739399408650637
3.3729967820809064
3.3729714811520353
3.3723193116982686
3.372267459012217
3.3721080894784761
3.37176333769502
3.3713877259007896
3.370605099202963
3.3705038342176241
3.3695201782737589
3.3690681162331249
3.3679435448761774
3.367497749013094
3.3647511817805063
3.3646346370211369
3.3645113257381056
3.3636147950304016
3.3635108219365213
3.362498491460252
3.3616463593831121
3.361506152971502
3.3613340566370149
3.3607501712716399
3.3604031476074789
3.3592679565597399
3.3589137350945171
3.3573323658423697
3.3559782932507942
3.355916553365625
3.3558039510553299
3.3544145370651339
3.3531510755548513
3.3527697185340957
3.3523456104423648
3.3505344445304259
3.3502930467127809
3.3500405927883987
3.34845404711823
3.3465084601440913
3.3438952346899726
3.3433281723369497
3.3424786653730409
3.3422758980616893
3.3422200635562067
3.3414911311165092
3.3414071179626483
3.3413588224691737
3.3406863399065254
3.3406424067237448
3.340472548558922
3.3396112822104085
3.3371386719020188
3.3367859115609924
3.3364206608323075
3.3362819373559938
3.335854308599052
3.335448045025315
3.3352473063580117
3.3351104768434019
3.3338628985312879
3.3337955124507723
3.3324583185611889
3.3324025014404373
3.3301172865408901
3.3299918510671178
3.3298163536260548
3.3282988297503664
3.3280669748084106
3.3272223392145555
3.3261649453118882
3.3259947550554263
3.3246059569243283
3.3240852140109935
3.3237541244862583
3.3230008395955495
3.322673243242162
3.3208889704979594
3.320562590895161
3.320312244380117
3.3188966076494113
3.3149777234586741
3.3144777572676198
3.3137244192242807
3.3133730157897459
3.3132592370497287
3.3120907861587998
3.3112823090731482
3.3102221243079932
3.3093306128567543
3.3087477374293317
3.3084741293364202
3.308335215441371
3.3071642000732862
3.3044342371680249
3.303481255205428
3.3031938765942601
3.3030013948873647
3.3027653525419516
3.3016972284901462
3.301402330146098
3.3000495160436745
3.3000079503215698
3.2988285146487901
3.2979392034084416
3.2960408495308329
3.2953924144406201
3.294730384430089
3.2943749474848927
3.2939976101229869
3.2937798004602512
3.2937331225632276
3.2936650608984195
3.2929094746519256
3.2923539385032723
3.2919334307298525
3.290498743103619
3.2897881975259069
3.288855501454667
3.287457921272595
3.2871497683934376
3.2868058399483862
3.2864505230424723
3.2840257321570845
3.2840132290463702
3.2838057645105811
3.283763604906957
3.2833006063085199
3.2829497467215312
3.2826709821851132
3.2814891760679035
3.2809579436060496
3.2806276193685497
3.2804823812711756
3.2800473519737263
3.2793713688075838
3.2785338422722483
3.2781060149674222
3.2777595963208204
3.2772133967930039
3.2770830820881862
3.276937009267944
3.2766331797327326
3.2757176828246308
3.2748701884895715
3.2745321414416377
3.2737591717202901
3.2736043969113311
3.2732884074843862
3.2721095427351687
3.2719038884343816
3.2703235364449625
3.2696471539150074
3.2679967688860221
3.2674122654559117
3.2671821369557046
3.2671054821361767
3.2662336110499868
3.2661239975519067
3.2655982647917621
3.2652135581316903
3.2641941375533721
3.2635977503850793
3.2630994083328182
3.2628129356823514
3.261019250886295
3.2610003914562671
3.2608390096384499
3.260748222702385
3.2604886596120051
3.2602489154231367
3.2597258871348016
3.2596049435657655
3.2586558482270687
3.2582710853389365
3.2570985280586418
3.256974689141741
3.2564472541152205
3.2552935075004368
3.2544199258062276
3.2541661367807535
3.2538514235479123
3.2536542844483116
3.2532856429846366
3.2508927851385652
3.250394875090691
3.2500987694982468
3.2493186298541641
3.2490365206400242
3.2488844423318866
3.2472525721909857
3.2458707989339199
3.2452857847941101
3.2450667224795025
3.24358997490291
3.243148269426217
3.2422200045927378
3.2417509661441515
3.2417394395210741
3.2404890205347234
3.2404130158915976
3.2387509836143944
3.2379477833914212
3.2360394087382427
3.2355121376532474
3.2345894152154329
3.2344208216106467
3.2342318006697921
3.2342187249723922
3.2342170359112026
3.2326531200367508
3.2324785002672427
3.2324398765206492
3.2323959272616389
3.2316364956991195
3.2316232488773067
3.2301283507233305
3.2299241573236861
3.2292604643986618
3.2267773808001259
3.2264050832630873
3.2262264956247892
3.2257036281360185
3.2246986689495052
3.2244507838393259
3.2241806796461301
3.2234806120077444
3.2211559749070591
3.220475287196412
3.2204233810764324
3.2201055279602144
3.2197263440739414
3.2187265384480028
3.2177700026237255
3.2174514583392764
3.2160743759086814
3.2158321506763712
3.2158026867860396
3.2146897006732957
3.2146122356623934
3.2141774095618856
3.2132372237371234
3.2129158061746783
3.211455519214033
3.2113272598242371
3.2098077773402194
3.2095648178311316
3.2092498326310333
3.2085787718919829
3.2084187708830507
3.2072519379497466
3.2071225447476048
3.2059121310951979
3.2045586542527151
3.2040653433276125
3.2037168949563108
3.2034959699289662
3.2028438627255329
3.2022276965558403
3.2020596241035548
3.2017975035803703
3.2016529145644346
3.2008964039286054
3.200455419918053
3.2003972609928586
3.1984680677737933
3.1979945527635927
3.1978630128458545
3.1976439494643412
3.1976194241093707
3.1973760066967962
3.1969524385271582
3.1959656870700792
3.1956096131611198
3.1950878761029151
3.1943842435026655
3.192828488460751
3.1925843851234093
3.1925092792738194
3.1922545348525233
3.1909320791176432
3.1907650503971365
3.1890343225222932
3.1886858932495068
3.1874572593359742
3.1873123509718884
3.1867974277786262
3.1863473634780775
3.1859150086420835
3.1845480812572835
3.1842110271291224
3.1831183756976418
3.1827046128570329
3.182324943296857
3.1800916957334047
3.1798710446240879
3.1793365593516896
3.1789437695556044
3.1787720678002951
3.1784188167281395
3.1783392827041617
3.17748433963874
3.1774048345642596
3.1765987582904187
3.1759857449739131
3.1758282854840236
3.1755658455547153
3.1729966662395981
3.1726745559672294
3.1726299190972167
3.1719418645803095
3.1716148400241657
3.1702491226828768
3.169650258123013
3.1683317892408471
3.1682830735460605
3.1678744793061933
3.1674517822054162
3.1668935141089345
3.1668617624406723
3.1655426623635985
3.1654307536879114
3.165143254644827
3.1644221986705454
3.1641950820031579
3.1635414073700301
3.1608072549911839
3.1605107370453727
3.1604119758570635
3.1597890042982817
3.1594422480766449
3.1586790428033682
3.1575175726841209
3.1573459295240469
3.1568111887951864
3.1562750740130205
3.1554680448287162
3.1541319881960401
3.1539114758171194
3.1538069460720424
3.1530080649376888
3.151431477716844
3.1512352102639305
3.1496290854304791
3.1494039726029861
3.1492574998718776
3.1492401177376892
3.1484452964762917
3.1482863302512629
3.1479106879975247
3.1478212499840668
3.147565351026075
3.1475530322293372
3.147443056219569
3.1470986862558084
3.1468869453273149
3.1468287377646091
3.1467055249211127
3.1466208494867032
3.146026310934952
3.1458702566583217
3.1452728122737357
3.144628470136607
3.1445808870812844
3.1440316569719911
3.1433142790091058
3.1430417067355698
3.1415969596987581
3.1409612708770891
3.140833641316684
3.1384037598302115
3.1383152664112122
3.1381527598318377
3.1370431224069772
3.1367527564506283
3.13627750842765
3.136222144601454
3.13515416323489
3.1346145230606437
3.1340234441576622
3.1335431798009394
3.132813962051697
3.132671187773592
3.1322415377600432
3.1313133118629883
3.1309131144480782
3.1303069275002882
3.1300849515894535
3.129557740093786
3.129432106165924
3.1293052733682756
3.1291822404574119
3.1286664125216554
3.1280643580675989
3.1275905432159887
3.1267011225390906
3.1266843960420432
3.1266471643785998
3.1265039634351739
3.1261907121667889
3.125866084345243
3.1258545179536497
3.1254972883767138
3.1254470810784651
3.1245750348826573
3.1242885928549411
3.1242271671806474
3.1237236138581959
3.1234075314599079
3.123175127432757
3.1229306839779643
3.1225665895334012
3.1222714257553341
3.1219113151656703
3.1218470299048828
3.1217647357851708
3.1209562104035382
3.1198572079975921
3.1198321556098234
3.1186146792447178
3.1177531489592654
3.1172332858722855
3.1167689535508338
3.1163282483661665
3.1150010982295102
3.1144503908595809
3.1142840919228076
3.1138889111656041
3.11322280548527
3.1114262269566346
3.1106244998414936
3.1105173026816604
3.1100557109830849
3.1093603893558313
3.108879168168504
3.108236903745099
3.1069736923364077
3.1064505040336496
3.106035249511709
3.1051949319434402
3.1046861760993987
3.1039979449751933
3.1037113711645414
3.1036700103931354
3.1029800176602813
3.1028521237086757
3.101527388696216
3.1007422036615631
3.0991635638612181
3.0987387472230967
3.0984671293243835
3.0981138759412139
3.0972714308235991
3.0960048779257172
3.0960029987922995
3.0953565198002599
3.094992542443046
3.0948190170139802
3.0942219140299563
3.0934620169029921
3.0929471226735474
3.0923264791341349
3.0921331100529161
3.0918794827741065
3.0913761237455062
3.0906704839277022
3.0892994557488627
3.0889233049304843
3.0886295757358462
3.0881229858318435
3.0881218773438452
3.0874046201244405
3.0865167844795356
3.0850417384708857
3.084890960080017
3.0844508372428381
3.0836596387330935
3.0830965941652688
3.0824552016381039
3.0822412584936631
3.0815496816268784
3.0812787937776602
3.0810814266257252
3.0803860128445302
3.0796995147079436
3.0792430622254772
3.0789621219145631
3.0781928590111329
3.0779240698462829
3.0776818062749749
3.0775986270763021
3.0775207862371263
3.0766656405437982
3.0753765080648052
3.0752804673870648
3.0745579160865342
3.0742005776625154
3.072815461310288
3.0719238545905716
3.0718228863808346
3.0705608110104037
3.0702734757245778
3.0700917177508424
3.0697511691115378
3.0692239999611095
3.0681858411181797
3.0675244076332082
3.0673835467417061
3.0660574606408932
3.0660318743397181
3.0656953558360684
3.0654002946558703
3.064774436551994
3.0641369154058768
3.0639867961698632
3.0639813492625101
3.0639672758865935
3.063694775693051
3.0628743625594339
3.0623432979354921
3.0622806986077804
3.0618461243479063
3.0605716748711043
3.0603573692824755
3.0592286877672317
3.0572274354972238
3.0570211371609703
3.0568647603562211
3.0563463655493286
3.0562033875106107
3.0560874089570174
3.0559882277209915
3.0558887992698951
3.0558611850003712
3.0555594928152132
3.0546576632853006
3.054025134080419
3.0507522055363783
3.050022755523877
3.0497722012014172
3.0481905696738529
3.0475143580010484
3.0474799295333037
3.0472885494919399
3.0467534246965893
3.0458135432756324
3.045668881720629
3.0448617518278849
3.0447820617235499
3.0441885548032577
3.0439241899306984
3.0435160785774471
3.0430978040106247
3.0426298032943406
3.0423478060249418
3.042108642566542
3.0420898584519005
3.0418698307679453
3.0408885526780809
3.0400608676589189
3.0389239495870677
3.0375688034155592
3.0369561424234264
3.0365416398157601
3.0364612614125068
3.0364249815242044
3.0359494478422744
3.0354777408917335
3.0349351909136177
3.0344002527898795
3.0337707707495256
3.0334800573693088
3.03215215011098
3.0317905838645007
3.0314805594902778
3.0313295796007274
3.0310939081174753
3.0299339146055204
3.0282427766927187
3.0281220635619381
3.0273531737934198
3.0247819453135953
3.0243362536901768
3.0242061118868717
3.0238750283023275
3.0237643130347145
3.0226855346334349
3.0223260910115179
3.0223151719659507
3.0221682471087563
3.0217642889631451
3.0211381879727832
3.020684783185557
3.020617463975638
3.0191662760460463
3.018967884378565
3.0179592815226468
3.0175341042781265
3.0166892443241262
3.01653607092913
3.0154700144302211
3.0152699889000774
3.0152226421903503
3.0147893457241608
3.0133524769491906
3.0114988559347253
3.0113860822543734
3.0112220783332475
3.0111602123073711
3.0110026212419174
3.0102011744157329
3.0091556051654074
3.008812958027677
3.0086527027180048
3.0077165150035134
3.0076129940936265
3.0069906540995763
3.0060439218260462
3.0054169723987236
3.0049996173930045
3.0049983046252198
3.0049087971338322
3.0035321517244475
3.0032994618594353
3.0031458281470145
3.0031170000856631
3.0029836998129036
3.0023457985012545
3.0006237636788131
3.0004362446989989
2.9998433485749345
2.9996261353367024
2.9986356155620597
2.9986300960374188
2.9985074700175973
2.9977988165750271
2.99772546106793
2.9975637229996672
2.9975003397874529
2.9973884240130579
2.9969970550450902
2.9969616314667653
2.9967186734048008
2.9958073423298015
2.9948080927264096
2.9946375676820196
2.9945636697482763
2.9934728057229902
2.992938786939062
2.9925414529616008
2.9922989651518836
2.9922018434502404
2.9917235924636705
2.9915838867566324
2.9909230547709296
2.9898545681217166
2.9893893159178679
2.9893368895076398
2.9889119692194739
2.9874690188744109
2.9870724247873821
2.9867950502012266
2.9867698560626006
2.9850107167322886
2.9846899546601149
2.9845421815974533
2.9840341773878434
2.9840217239619422
2.9835300511702556
2.9831216209628653
2.9829010419370219
2.9828492575435015
2.9822213734405247
2.9817768853172035
2.9817143326878099
2.9816336514934845
2.9815518254109468
2.9802102293819939
2.9798563253050387
2.9786326656369053
2.976673236638947
2.9755809377157791
2.9754181653391218
2.9749837412554045
2.9743831363658324
2.9739419219344749
2.973912949031257
2.9738414752015614
2.9738022538057822
2.9729694913348488
2.9729362192503559
2.9726739743154691
2.9709585829622025
2.9708650120318061
2.9704942566346495
2.9704499655627052
2.9703098422562437
2.9702606593621663
2.9700644539830812
2.9688452742468225
2.9685744472774385
2.9682633923380957
2.9681369169390548
2.9676681942715843
2.9669956269749505
2.96676944687592
2.9664384798336898
2.9663029033026227
2.965112290476529
2.9650588831403177
2.964217664127327
2.9637183420236246
2.963006484948798
2.9625375694981768
2.9625050978988496
2.9623826683271437
2.9615713030228767
2.9607012062308238
2.9601031219781162
2.9599679261546696
2.9593680491485777
2.9591700584047884
2.9589163704778647
2.9572983200725664
2.9568539775413338
2.9568425827720763
2.9566079356775186
2.9564687089985795
2.9558857076076399
2.9548284632929369
2.9532557504202708
2.9532226383704394
2.9530575765857696
2.9530368650853842
2.9527956705350196
2.952643060666893
2.9523757500742969
2.951859278981007
2.9516290102977298
2.9505710008868
2.9501830421907003
2.9486753769259222
2.947508493694627
2.9474309936586889
2.9474221906220999
2.9466898406274926
2.9463411163809554
2.9459700127941808
2.945209469475178
2.9451977089471493
2.9450493607212893
2.9449842812973808
2.9449051646181701
2.9445491116258253
2.9444689165099582
2.9444371848286779
2.9437591124031233
2.9429702864739635
2.9429640865118931
2.9427999648288137
2.9425199470750805
2.9417569468393698
2.941117463702918
2.9397265549917924
2.9392525651167221
2.9389087624403714
2.9386177989459568
2.9382297392715988
2.9379225658904153
2.9373363759247431
2.9373242285360277
2.9371418551125377
2.9369831583273549
2.9368798777928489
2.9364812981678305
2.9355901311180821
2.935392856697034
2.9340515762071075
2.9338588230567355
2.9335266339725186
2.9333491564825342
2.9331486246504253
2.9330078079954154
2.9323678676152531
2.9318914834490606
2.9314455723517834
2.9309017192246487
2.930409097576236
2.9302615736839694
2.92984905611686
2.9295883178541486
2.9293156200307271
2.9288517518675956
2.9282193832955139
2.9271763729047398
2.9271386014856198
2.9270621641610504
2.9268516776372464
2.9255685989384754
2.9249605445503928
2.9248410670503109
2.9242779345295609
2.9232334497047687
2.9227557000533269
2.9227474842986876
2.9224917651143452
2.9219657448832526
2.921761411668379
2.9213528910365612
2.9199282236108459
2.9195577674871815
2.9177331369479642
2.9176843783856419
2.9173249884324908
2.9172799891896579
2.9171106864653771
2.9163963154837984
2.9161740630510011
2.9158550717536027
2.9157805113995465
2.9148883835870141
2.9142484796819783
2.9140566794280489
2.9134744371771992
2.913267044047394
2.9130847879803934
2.9129589931961286
2.9123117094085451
2.9120525857709203
2.91096388000242
2.9098416596287251
2.9074789682010369
2.9072626047023626
2.9070238333833509
2.9068612144053443
2.9058482325615222
2.9056043894560886
2.9055308550845385
2.9054769856791038
2.9053606743972797
2.9052526178048761
2.9050748321086166
2.9045402593360916
2.9017991414861277
2.9013431362099085
2.9012177758475701
2.901033846590499
2.9008182761179011
2.9006371478154733
2.9002193998371166
2.8997607371623642
2.8995141814780916
2.8994908150207839
2.8994238527081282
2.8984976788691759
2.89845440697228
2.897934510733577
2.8975387427990635
2.8972879471231625
2.8965391733000923
2.896260082045182
2.8954531859823991
2.8947950245922933
2.8944675520237522
2.8944599398140491
2.89428374187565
2.89331609206792
2.8930327915926672
2.8927604018377844
2.8920585493627127
2.8915753679192906
2.8914252397438487
2.8904980377684306
2.8903438948787397
2.8901569673421408
2.889861795305932
2.8898410666236671
2.8895346016770231
2.8892973216756239
2.8887985683679465
2.8885952766316625
2.8882084525932061
2.8881105243402994
2.8873089275674726
2.8869318622974927
2.8868117424887174
2.8856395986652323
2.8855189787445252
2.8854433974841069
2.8842006936767448
2.8838459524921403
2.883296918598881
2.8832455723734176
2.8821794308884763
2.8821582044303589
2.8818716727091025
2.8814400339577038
2.8811368529484342
2.8804465051321682
2.880413684504354
2.8797551387094762
2.8796844486895634
2.8789700682981532
2.8781728348500804
2.876895732071989
2.8752323600863763
2.8750535383591553
2.8749105898457277
2.8742470263573647
2.8740389118898872
2.8730611973254425
2.872842617235726
2.8724851555343593
2.8719708387910887
2.8709187516328423
2.870424223480101
2.869641470650881
2.8691755503648317
2.8689347703834032
2.8688057813798409
2.8687997785258843
2.8681797775178581
2.8675303512246693
2.8673572064553001
2.865288046017251
2.8650676767635153
2.8640179776237282
2.8637444998591111
2.8635210165193636
2.8620903190024771
2.8620396884502908
2.8618657545769812
2.8601253820200236
2.8600888363888348
2.8599601598618869
2.8592138260613771
2.8591806680035559
2.8586795777865004
2.8586602498502462
2.8581838341600312
2.8581128246838361
2.8563586611232807
2.8551910847650035
2.8538457748642387
2.8531965209247723
2.8527747816222897
2.8526511938023744
2.8512711638506549
2.8509856416376396
2.8507593441936843
2.8498578206301288
2.8486768544755607
2.8486133482094451
2.8473323940622852
2.8458513634715574
2.8458210048204182
2.8456472634639725
2.8453067123339779
2.84498447198107
2.8445305997763626
2.8425546720331645
2.8415217024275248
2.8414533818141372
2.8409194884863034
2.8407410722677384
2.8401139706024336
2.8393506767310881
2.8391355218721404
2.8389268354946515
2.8388769074900604
2.8386398248002478
2.838579526921412
2.8383764521043431
2.8382254623949934
2.838020352431688
2.8370051537795473
2.8369087536038111
2.836066828840099
2.8359265468807857
2.8346257617802819
2.8345319079140721
2.8338141210949597
2.8327526465477471
2.8318295539283906
2.8309263776996274
2.8302424528194159
2.8300745100796703
2.8300385909570869
2.8295897702941915
2.8295119565415918
2.8293387036072501
2.8291877517520021
2.8284487457824783
2.8284135406454545
2.8283427708771476
2.8277607251695578
2.827512994258083
2.8272921905937687
2.8260533681246387
2.8260033718406117
2.825901400330185
2.8257880347272932
2.8246995260795185
2.8231105133569376
2.8230495021627329
2.8228054161203415
2.822663989641486
2.822113112554169
2.8202381650322357
2.8196236931804028
2.8195826128812
2.8181287099288355
2.8175050508455719
2.8173825385994937
2.8173820240668954
2.8168217943006564
2.8156832976170469
2.8151478188436014
2.814709735688004
2.8137892191346983
2.8135409906609987
2.8132800080809908
2.8131151435746236
2.8117275768693246
2.811668335023549
2.8108681786026803
2.8101851820834325
2.8096251116382467
2.8095106125539275
2.8078459835888219
2.8062052214266275
2.8059633256916685
2.8058110466989046
2.8056480562322905
2.8055342013185651
2.8044879711756217
2.804152428692587
2.8038614139420384
2.8032118476109216
2.8025469526923019
2.802283366696761
2.8016782302435921
2.8012225883858299
2.8006208613914647
2.8006078491785193
2.8004804631408309
2.8003134314407179
2.7991264523622954
2.7985664910929788
2.7982846472900351
2.7981228893425749
2.7966980106807058
2.7953750626257912
2.7946783460962137
2.794519393065757
2.7940143632092775
2.7939049633631461
2.7930068130593648
2.7922965155577311
2.7910833461787994
2.7907264873173347
2.7906998829797458
2.7896964467887884
2.7896458160948372
2.7876175169353776
2.7854864276928071
2.7853764744414682
2.7852423321870803
2.7841729931066292
2.7839751999627342
2.7833148869503939
2.7832739841330483
2.7828694106454366
2.7821605018286637
2.7820804990460806
2.7819661956145745
2.7811560114231155
2.7807888579838473
2.7800593943928491
2.7796087048193501
2.7786326091374995
2.7781771937901327
2.7777301344539627
2.7758743410119515
2.77509456572266
2.7750336334307542
2.7740012337488706
2.7736055763483858
2.7733713255888497
2.7732985032874837
2.7732201531451941
2.7727857232153967
2.7721808120004945
2.7714598356087001
2.7712210206090142
2.7698530820457079
2.7695798748118694
2.7694307776133442
2.7685403671224358
2.7680923206179999
2.767920045482644
2.7677596699675626
2.7674524974090517
2.7673079544276136
2.7668601655144367
2.7666523679431867
2.7666294477962179
2.76596753617534
2.7646327736214147
2.7618307122742336
2.7605995386267259
2.7599571691510261
2.7598468701961223
2.7597309213525834
2.7596038973665675
2.7583234972568516
2.7581184996009225
2.7577578603094297
2.7575763442117096
2.7575552014534339
2.7574581928373179
2.7570908902019049
2.7568961884584984
2.7562075308146272
2.7554988101840472
2.7547372164288499
2.753881299572448
2.7536604445467203
2.7532859749573548
2.752197362520735
2.7518287561914323
2.7512989102904215
2.7505170245159292
2.7504295553785409
2.7501209802510704
2.7491087988605107
2.7486875565787323
2.7486697583503479
2.7484572872697859
2.748053117152025
2.7473109204254227
2.7472033910117641
2.7464712008014982
2.7454141916340746
2.745407898045094
2.7443725304549766
2.7440821031123819
2.7439397389933728
2.7432526690337471
2.7430429297438548
2.7417541799509864
2.7411985520904061
2.7411439482906674
2.7411222578112251
2.7401663527372464
2.7400675446461875
2.7389834387484902
2.7384232224200087
2.7383331786547727
2.7378919856619528
2.7376451679092089
2.7375981197705577
2.7372613937460879
2.7363957100349952
2.7362412156199154
2.7353252261659859
2.7353014217483946
2.73510483415996
2.7350944065903304
2.7349571597531219
2.7334761457017525
2.7328640090585434
2.731618589434829
2.7314080509969587
2.7310191435187967
2.7309372205910263
2.7308650907042669
2.7304485783077119
2.7294326883141449
2.7287936953569996
2.7287451111659089
2.7284370121635892
2.7278169338015466
2.7277899760978066
2.7274258333981782
2.7260136170010387
2.7255649635302324
2.7254566916989278
2.7254135784985096
2.7254108404885509
2.7245132778920409
2.7239132102950365
2.7224671004610426
2.7222821428874342
2.7222290941330178
2.7201844853993138
2.7199697769893114
2.7191063535042752
2.7184367785442447
2.7179867534518372
2.71747290336033
2.7170567412066489
2.7170315812371824
2.7167388295155739
2.716382930502256
2.7163438177641455
2.7149669521855344
2.7147231129769436
2.7142925647552159
2.7137903560367547
2.7137301777861547
2.713416673583644
2.712307139645953
2.7116229138244363
2.7106620549466562
2.710575449601297
2.7103645906764955
2.710083898644942
2.7099973953718783
2.7090427155781223
2.7082574570363298
2.7074795811863428
2.7074123895807229
2.7061323960604855
2.7055477359340938
2.7049651477701233
2.704584831126549
2.704359143608368
2.7021220367970225
2.7016546743495025
2.7012404136851615
2.7009785232336179
2.7007901443196038
2.7006062145703069
2.6998786302786488
2.6985211396274154
2.6978531210906707
2.6977197349667947
2.6968901795942259
2.6966244545920564
2.6965934277141113
2.696406188221506
2.6957502576518877
2.6926470064765762
2.6925047397368536
2.6924363813265195
2.6922377406642237
2.6920751984282751
2.6920666586342685
2.6917903299221706
2.690455953728307
2.6888738576381543
2.6880767654664122
2.6876227514683055
2.6876099379360432
2.6865460086125119
2.6861479814723079
2.686086396685857
2.6853601268094138
2.6853429711139167
2.6853114353895666
2.6848066499030172
2.6840281411174631
2.6837202755096836
2.6836640727554926
2.6833807884776584
2.6833667574013367
2.6826782910959781
2.6826418805467642
2.6823198739622085
2.6821387058464032
2.6817322522255269
2.6816877206993088
2.6813030472475492
2.6803196958298661
2.6797852474379016
2.6795253280086184
2.6783309523459584
2.677786305123762
2.6777390135797936
2.6768648459736752
2.6766528691483926
2.6765782102654105
2.6754671371240351
2.6743439348459854
2.6730496440551681
2.6728795295508148
2.6721800753012444
2.6719918206293656
2.6719655511214073
2.6718392363903463
2.6708854423907726
2.6707487890853034
2.6700567273205644
2.6694382556246588
2.6690015301260646
2.6686942275726007
2.6681256397919992
2.6672102893446108
2.6660880810673215
2.6658199207688797
2.6656074674259824
2.6654541184177791
2.66508287478079
2.665067165475139
2.6649366349977806
2.6645815481476069
2.6645695790276469
2.6644957531184876
2.6644277055447878
2.6634071913789552
2.6630520435787139
2.6627994219319291
2.6626917318617238
2.662568716867332
2.6622165448706445
2.6615896125955474
2.6615701391228548
2.6615454688770126
2.6611906026680221
2.6601623750488552
2.6600660927853874
2.6600487821910632
2.6599969737683367
2.659672199319278
2.6592072173387562
2.6589006057865001
2.6577741159899957
2.6570452037499468
2.6560344813512704
2.655441544526727
2.655172815260844
2.6551430473727122
2.6551309561589029
2.6541092768183994
2.6536881094405786
2.6532221122748387
2.6531329963864456
2.6522065210469843
2.6521797588230944
2.6520118714549823
2.6506518464795232
2.6494385209127804
2.6491600542064138
2.6490525448530753
2.6487916001210392
2.6487669539442908
2.6468109764232794
2.6466118489834685
2.6458986298659037
2.645733791468027
2.6453963633607742
2.6451059558671113
2.6442268500805581
2.6441550793249853
2.6437823014213384
2.6432083136995521
2.6429671665435839
2.6428505345325002
2.6423765945826481
2.642054655270961
2.6412290970199357
2.6407986295664534
2.6404277427577587
2.6404088503092442
2.6401774839865242
2.6393753614692042
2.6388742086392236
2.6387218593488071
2.6385144718006841
2.6382833169630171
2.6382552281272003
2.6382411282178411
2.6381819868538372
2.6378920712419691
2.6375468891434122
2.6366519652761973
2.636636166821801
2.6366306853908221
2.6351060846703356
2.6348674485815917
2.6346190291416742
2.634313565177409
2.633938234096671
2.6330282818105237
2.6327062862444581
2.6322112901549009
2.6319401763891888
2.629658869612197
2.6296467004787791
2.628711542603213
2.6286016191490198
2.6281669455671697
2.6270979167760822
2.6269068620759177
2.6266783765883859
2.6259152484502679
2.6258595004663654
2.6256637230363062
2.6254059320099126
2.6251920787810121
2.6249185049471624
2.6234979211833136
2.6229796436781672
2.6229662095005453
2.6226571723284473
2.6224594007756665
2.6215328241165321
2.6210168100018172
2.6203074130654467
2.6195289856491741
2.6185911543256464
2.6184154593732307
2.618367800055978
2.6178193197499797
2.6177860128173447
2.6170230792130038
2.6165427542023081
2.6164880814576779
2.615632902050351
2.6154499016815045
2.6154089210316749
2.6150351135267851
2.6149504812272117
2.6146356908117796
2.6137439422273814
2.6136638703664485
2.6136246401455367
2.6130740555497129
2.6123992528098383
2.612201664513992
2.6112015433544427
2.6107656768217811
2.6104676883904459
2.608745716655565
2.6086114004359584
2.6056456679845477
2.6053797811910937
2.6048993789635095
2.60478382334118
2.604680147412322
2.6044842460327602
2.6036780421390482
2.6029611709748171
2.6027771649036038
2.6026745231112058
2.601850629716135
2.6018238186400513
2.6017243552848153
2.6011374398868243
2.6003681380246704
2.6003021809308455
2.5996158183393763
2.5992876395861275
2.5991823797560678
2.5989736848229126
2.5986591004054187
2.5984953181707429
2.597633016595509
2.5975747019638948
2.5971741449965671
2.5971243983804175
2.5968745573680225
2.5957515639280846
2.595626449914612
2.5955225105666622
2.5951514329535801
2.5943401765921084
2.5941715788244637
2.593560896127594
2.5923071596122833
2.5920743935632116
2.5917049169518038
2.5911513051563411
2.5910706197547504
2.5898378975658471
2.5892738724494673
2.5892705610760256
2.5890341751661494
2.5888423082301362
2.5885570900361485
2.5885014497104941
2.5875899499614783
2.587569241286471
2.5864769304562949
2.5851250761823059
2.5841731187961372
2.5837136279516772
2.5831785845565887
2.5829204844300357
2.5829165957988058
2.5823837818833759
2.5814282927279559
2.5813183451264359
2.58131741577842
2.5808050213462184
2.5805147426955481
2.5802956726691368
2.5798930783851985
2.5796677285009522
2.5790414729178099
2.578594585276603
2.5784664771555206
2.5780970745273022
2.578037291293418
2.5780067557743411
2.5779326590329141
2.5777479913594759
2.5777454008624496
2.5763461750148733
2.5748965239363932
2.57470294766149
2.5731934758838668
2.5716670111888376
2.5713915672796572
2.5709558941935011
2.570074353342048
2.5695892015033053
2.5691660291957477
2.5691283208435687
2.5690059246108681
2.5688389054709515
2.5657005275439686
2.5656680058013572
2.5654162934967983
2.565414778266649
2.5653284330087982
2.5638195734563296
2.5634713973831835
2.5632538006823147
2.5630097984423701
2.562850183799426
2.5627243079469828
2.5625039757686157
2.5614613843172265
2.5608603952495748
2.5596456328893851
2.5587338966025071
2.5586192218745647
2.5582645862414704
2.5578524572644841
2.5578370623801763
2.5567729584282493
2.556547595946677
2.5554083977203104
2.5547083285151517
2.5539713944760134
2.5535991593622476
2.552308696189808
2.5518320373940031
2.5516713192821583
2.5511748779191099
2.5508053598171774
2.5507531560122048
2.5505919484197013
2.550268666317681
2.5502442224279238
2.5499521875329063
2.5489639228124741
2.5481718670928197
2.5481297918372579
2.5478605485795609
2.5468062999655832
2.5462271300452262
2.545662082012262
2.5454262717569724
2.5452456820450782
2.5447584427773218
2.5435515168657177
2.5431994921433159
2.5417136885695459
2.5411511195289256
2.5411076718187817
2.5408226451608491
2.5406022980138552
2.5393553418082355
2.5386971625300192
2.5384333318421417
2.5383493575431046
2.5376256745702963
2.5369434648255758
2.5368795294563649
2.5364153951750739
2.5363048002366235
2.536123859697113
2.5358933241481503
2.535261590789696
2.5352481379004104
2.5348227266749199
2.5337930914311908
2.5337181290677049
2.5335003774711713
2.5334762999051623
2.5331201324841777
2.5330484905455593
2.532899393145537
2.5328389337231716
2.5319432558652633
2.5316811510972945
2.5316162420370811
2.5313433928069835
2.5310533146361989
2.5310475069409062
2.5308660386190276
2.5306830131710112
2.5299486368213535
2.5275975337023771
2.5273031211423698
2.527063083775452
2.5270017984293318
2.5267035080552738
2.5264169216441736
2.525940515924717
2.524746673602456
2.5238517088404491
2.5221544712993227
2.5220767697032849
2.5220577604109975
2.5216907322719173
2.5203356730869659
2.5202625905317619
2.5202583017180928
2.5201400331071468
2.5200623333654457
2.5190713171542085
2.5190142688310426
2.5186963409226824
2.5182626104756709
2.5169687081914112
2.515550539249642
2.5150330090736346
2.5147359830284173
2.514613285787227
2.5143885238294783
2.514083424070539
2.5140612762609971
2.5140249037015074
2.5137214245349804
2.5136915227441965
2.5134966077029346
2.5127245029265874
2.5122626778301327
2.5121114566464291
2.5117527522530811
2.5115081283804082
2.5114771002962164
2.5106634941516197
2.5103940438356434
2.5102866340849559
2.5101346094436852
2.5090522767127603
2.5089178455656804
2.5087105353002368
2.5085246412487279
2.5084009794494939
2.5081523627464506
2.5080435668328431
2.5075590108992669
2.5070914556319539
2.506987011660895
2.5062465611565239
2.5058530156471983
2.5052901437642614
2.504873768746938
2.5043694228516165
2.5041563190676754
2.5036892479681123
2.5035245260093526
2.5027869360401938
2.5024825155986981
2.5024089240567511
2.5023099827417887
2.5019358599993633
2.5009828192314965
2.5007864641004018
2.4996025251156566
2.4995928062407926
2.4995346777371781
2.4992295197797252
2.4990407265853039
2.498800251931041
2.4986623175366325
2.4982510810633918
2.4979398271359696
2.497676534150628
2.4976295282172596
2.4973619358131369
2.4973302039022109
2.495788000156439
2.4945878254330638
2.4945318282599813
2.4945007081887387
2.494409512998383
2.4932067557271176
2.493072569550113
2.4926081903508708
2.4925598536309361
2.4921734399139845
2.4920380148083416
2.4918429192359666
2.4910425635797999
2.490804444545403
2.4906664170805093
2.489874762832196
2.4880668307817801
2.4872727951521605
2.4865572277004118
2.4862259392998491
2.4857566941273115
2.4852826851511667
2.4847964771646756
2.4840894887628409
2.4836965127663531
2.4828796555053341
2.4814584489697427
2.4814547183344855
2.4814191286399581
2.4810836274119015
2.4804913921498204
2.4800435323518064
2.4799447549091838
2.4798990374041399
2.4798195849169673
2.4796893835597986
2.4793680682724095
2.4784835344737286
2.4780668955241372
2.4770434446170149
2.4765931213415735
2.4765849287038058
2.4763280048326046
2.476133111769891
2.4747808331132051
2.4745050710326519
2.4738149531840237
2.4735819475755778
2.4734436206667128
2.4728165209337996
2.4722502470749284
2.4719084292832592
2.4718806223260348
2.4713438602855815
2.4712158916105267
2.4711510339930474
2.4710257051623707
2.4707268131928739
2.4703334329176476
2.4697011616511801
2.4686828812078385
2.4682693237653619
2.4669716608232757
2.4668418498428397
2.4654167667603453
2.4636416714015583
2.4632775582350988
2.4626783888751964
2.4626170829466854
2.46256885400047
2.462291130527956
2.4622532583970034
2.4622529204404158
2.4612823906972783
2.4612462327949971
2.461109313161475
2.4608831669868545
2.4608651052712149
2.4608313473180412
2.4597918462382258
2.4595814458992979
2.4594326388149312
2.4590481390118102
2.4589524997160788
2.4583507164651075
2.4582685652612639
2.4574239863369192
2.4570617173547888
2.4567944543969933
2.4566040834716034
2.4564559881936314
2.456454920696244
2.455586149695169
2.4550538284917507
2.455006868236782
2.4535691632774217
2.4535454272254378
2.4534387007273892
2.4531470253972261
2.4528680868173209
2.452718739837215
2.4524199850564901
2.4523497652955197
2.4519144819306584
2.4518875365727664
2.4517635274144642
2.451613508654237
2.4510741884559333
2.4506522736421883
2.4505080886231574
2.4503414762785356
2.4502358093930363
2.4499106487613038
2.4494187291639964
2.4493366407829402
2.4482389939416374
2.4480462931312079
2.4478188320413516
2.4472735177649385
2.4468435651908536
2.44649572504377
2.4462883292222037
2.4460480634981834
2.4460291100137059
2.445664532259916
2.445576920827321
2.4448213191725428
2.4445687222360859
2.4427043710667755
2.4421198913362194
2.441655813021768
2.4415226746096823
2.4413004452690568
2.4405565844634918
2.4404466490711401
2.4396790501472938
2.4394836351797116
2.4393223795778134
2.4389338262041305
2.4387188455065272
2.438675438162158
2.4381806823378236
2.4381608682764564
2.4376571355794052
2.4364077876141894
2.4359130935297753
2.4353986797486962
2.4352951723296354
2.4347952566933175
2.434184622855291
2.434095800539656
2.4340529993056803
2.433951076906649
2.4324620733165516
2.4322809244980736
2.4319868157114493
2.4298571967100528
2.4297508320538035
2.4295457402113922
2.4295247058356275
2.4292146803591068
2.4291789120175986
2.428965344500968
2.4287823683632301
2.4285290731534217
2.4279071471003824
2.4274906100863811
2.4274484000914391
2.4259953606212581
2.4258157813685846
2.4257266603047114
2.4253324019922045
2.4250702463366736
2.424961480049582
2.4247133953752993
2.4234650050936239
2.423226511948477
2.4225130051376995
2.4223954191915316
2.422230091772315
2.4221416529327766
2.4220284427303369
2.4220282779826672
2.4219791409170224
2.4214460865031686
2.4214300972078227
2.4212814794386919
2.4211597536160929
2.4209837313558653
2.4206589310047262
2.4204834542634854
2.4203142132800877
2.4200107366161694
2.4196994997688552
2.4192256427626422
2.4187191274122775
2.4186777039780964
2.4185294900056422
2.4180754121305794
2.4180286474937018
2.4171698482496651
2.4170562072440602
2.4169982508771501
2.4169496406645274
2.4167512153784516
2.4164208975265211
2.4161817786180166
2.4158778139744292
2.4158704068824322
2.4156627705575087
2.4154314550979366
2.4152937293114944
2.4146712764691278
2.4142724786302701
2.4140212368850071
2.4131032514057842
2.4128274131174927
2.411288289239006
2.4111999159983282
2.4100861973852248
2.408958895733591
2.4087275571072886
2.4085187156418222
2.407551534913722
2.4075511761920447
2.4075090526689671
2.4074714664452346
2.4072595512233796
2.407234645508646
2.4065509425738032
2.4061956637505157
2.4057761171017304
2.4054770110913521
2.4053590937430918
2.4046789023031239
2.4045188004166067
2.4044953335109018
2.4043066976823373
2.404270470774708
2.4034324003214191
2.403386225001789
2.4018009134042528
2.4015801863189847
2.4006644915728064
2.3994672362791891
2.3992925489663897
2.3989485113917777
2.3989264168028859
2.3980941680516636
2.3979623472341172
2.397746933804902
2.3975287167135382
2.3970347192317867
2.3957505379690094
2.3957053538449489
2.3956313309981545
2.3930465675734967
2.392739760521561
2.3920386833552749
2.3918655916890361
2.3917663590355374
2.3917374769479558
2.3915933925800514
2.3913241388892188
2.3906957860915292
2.3906375067178378
2.3900656901436061
2.3898243424989771
2.3897467793322082
2.3893347592153917
2.3892972182738501
2.3888092955582958
2.3888084353391768
2.3882155621881553
2.3882008663929106
2.3881914150796892
2.3867183716887292
2.3865864302328563
2.3865056040934363
2.3862788069096639
2.385875691236786
2.385873557423031
2.384865152138588
2.3845536994008816
2.3843406688354865
2.3825628618975538
2.3822842989223307
2.3816348874187687
2.3810139010768325
2.3806177917652538
2.3803805274025671
2.3796420328236083
2.3795747787884407
2.3790428015246796
2.3765251911859617
2.3757798213701502
2.3756312007909339
2.3749240082280365
2.3748171173462742
2.3741411002913622
2.3736023224008238
2.3734217741666117
2.3730321753703434
2.372309126098521
2.3722509939736027
2.3720981403431387
2.3719451372115605
2.3716013468271577
2.371529601053501
2.3714676384033417
2.3707315517955423
2.3703863328645394
2.3700533383838267
2.3697764894431868
2.3692075922209463
2.3691122469483927
2.3690478804363395
2.368245217009231
2.3674648952426454
2.3672849677334047
2.3669893793765602
2.366338226648363
2.3655825758811737
2.365064552990904
2.3648719661405067
2.3645845542139567
2.3642730968244212
2.363970030069348
2.3635432230965816
2.3631056700612505
2.3624900867454568
2.362211345156731
2.3621113997799634
2.3615981087247624
2.3615383266504635
2.3609435898552364
2.360753955097362
2.3603855649284355
2.3601978081936048
2.3599188194555176
2.3598000187299779
2.3597218645682494
2.3593995631598941
2.3588736349098447
2.3576455762619277
2.357634898293913
2.3575207146263297
2.3574777037828674
2.3561920486744534
2.3559999011883295
2.3559742425135646
2.3558834263164892
2.3557499836892002
2.354539946193674
2.3542161520658369
2.3540162283626636
2.3538915330687629
2.3514085190864686
2.3513906020962043
2.3509149460710899
2.3508782477316994
2.3508669301393255
2.3504751643376367
2.3502611141387528
2.3494285721814134
2.3492019560622648
2.3484311940886293
2.3484111853469156
2.348311381624844
2.3481847140396139
2.3480234125877537
2.348001507303751
2.3478249802938214
2.3476192099214459
2.3473460860701394
2.3472414925576808
2.3462287187063775
2.3461253560057806
2.3458134981121477
2.3457673308482123
2.3457220032631598
2.3450634077292025
2.3447080357718213
2.3440374845690166
2.3436886183692587
2.3436144435271231
2.3434882381333151
2.3431117671803277
2.3430758202953843
2.3430559421421209
2.3427071059983482
2.3419727563893464
2.3418866823157503
2.3414708398667399
2.3407921597312509
2.3401556645995982
2.339589088117386
2.3395429024597183
2.338600399879935
2.3379946545207853
2.3378888405752964
2.337110719034829
2.3370733958061414
2.3367985104687641
2.3367976336648804
2.3367351326920205
2.3364206901886893
2.3361400479657957
2.3359610586074906
2.3357312874247929
2.3343690045433778
2.3339654420029383
2.333451536924172
2.3328008223738039
2.3326800161167269
2.3324198325448791
2.3320397694743491
2.331194861495558
2.3303811175807612
2.3303295536823758
2.3302473464648008
2.3290856586690869
2.3281390526791341
2.328047790985238
2.327588731082388
2.3274091496439029
2.3270161778243215
2.3268812241713226
2.3267276398060135
2.3266909952279287
2.3261830136522259
2.3260739406849331
2.3260716686441332
2.3253861083258549
2.3246338315132458
2.3235476727622473
2.3224804931414176
2.3220974978383895
2.3213717380083865
2.3213176554618054
2.3210489603816158
2.3203019889766909
2.3202093427421824
2.3194220407129702
2.3191297120887069
2.3183678376065648
2.3180535606542341
2.3171822292663427
2.3170454344666753
2.3165229159815124
2.3158948073757291
2.3150139044217242
2.3149564456028284
2.3148636713685389
2.3145188720615777
2.3137322099757784
2.3130400881769102
2.3123719080538736
2.3122599504408954
2.3119619236834614
2.3118649026437437
2.3118041647351451
2.3114441691392678
2.3114208336474444
2.3113524570346051
2.3108847880033885
2.310773572790684
2.3103360777936621
2.3103314922437947
2.3099387094705022
2.3095415987694055
2.3090395773267218
2.3090057938410018
2.3083270106342635
2.3079819465828075
2.3069201725565947
2.3067653268709472
2.3066556009668036
2.3056889381731529
2.3041466451490629
2.3040905621857539
2.3040806322086627
2.3035428426485591
2.3027907508052232
2.3027883518493324
2.3026411197621752
2.3023112504180072
2.3022433662180517
2.3013136378475889
2.3012331353666182
2.3010194368697467
2.3009133943939224
2.3008608882755506
2.300397645393446
2.2995332343902031
2.2990067097919384
2.2983672615917605
2.2978969320252545
2.297801562069588
2.2975864003385769
2.2973221304211182
2.2967518828050011
2.2961311790370837
2.2960099804020384
2.2958083895644541
2.2950115946563008
2.2945970963371689
2.2941649213015105
2.2941440261694876
2.2936344516767639
2.2935163527081617
2.2933884498850396
2.2931113032336423
2.2926544224400036
2.292427628927427
2.2923463440015914
2.2922223007923557
2.2919532356221599
2.2918700993847287
2.2915127504926001
2.2908411273227993
2.2904445720129933
2.289610502654519
2.2889431432215543
2.2883596594685298
2.288076411824262
2.2876337377161597
2.2870055202331319
2.2863322230073253
2.2862312633282524
2.285594723336223
2.2853605963826062
2.2843023586069102
2.283697381580406
2.2836318532483419
2.2835773692995507
2.2834733586735858
2.2823799377208283
2.2820427393418576
2.2819769810896933
2.2811827386449726
2.2810855965919035
2.2809956786451626
2.2802128987721066
2.2801103171136381
2.2800935531793369
2.2800390824449943
2.2797977313634745
2.2795588282487986
2.2793262882781988
2.2785884966345527
2.278566917538098
2.2781330871594196
2.2777556860480357
2.2769086977684352
2.2762821957622528
2.2757173301029918
2.2757168151914438
2.275626088705061
2.2755356779739664
2.2750766101984885
2.2745943759509428
2.2744420918208847
2.2743742258854596
2.2743561015664948
2.2742495994993615
2.2740198476249396
2.2736888493679799
2.2736727034887139
2.2736204883025644
2.2724709564552028
2.2723899717881864
2.2719873957554721
2.2715943987921063
2.2707881756856469
2.2697529826189093
2.2692529034341637
2.2686034934541883
2.2681434555056241
2.2680024213159999
2.2675155214324909
2.2673275391489982
2.266943660614952
2.2664448000140771
2.2649004333442986
2.2641853824390146
2.2639888213865622
2.2636282814617426
2.2634268441895862
2.2632972605646988
2.2632164704791333
2.2623767562109385
2.2619246990700286
2.2613891516280611
2.2612688063964326
2.2612148593192352
2.2601944509549643
2.2595849872562885
2.2595233684505356
2.259291324410543
2.2579785090034439
2.2577693129970933
2.2576954226919388
2.2567887465465359
2.2563907345639937
2.2557129294534746
2.2549214531527553
2.2547914402535456
2.2547882083500621
2.2547787017914138
2.2541512767936269
2.2538536376430702
2.2535463302819037
2.253408969999469
2.2530030148121636
2.2528705258186088
2.2522552963470024
2.2520956103216729
2.2515354348412271
2.2512085404072515
2.2511461938156732
2.2508629437022813
2.2508288386018824
2.2506162014085151
2.2502795857931357
2.2499782761109235
2.2492307924646062
2.2487659559599322
2.2486128082014045
2.2480474217926059
2.2477727471997291
2.2474914114162132
2.2474809949818808
2.247207001465211
2.2470819018315686
2.2470731336385055
2.2466696553657957
2.2465853715250801
2.2455726733963441
2.2448100485521643
2.244786600353494
2.2442111204855189
2.2439498953836901
2.2435734818749138
2.2426608853545136
2.2424452179170595
2.242257225984956
2.2420011600387357
2.2419817705464964
2.2413789551542691
2.2405578194253302
2.2403500685665012
2.2401531798898286
2.2401436890168887
2.240138885141234
2.2399709234376957
2.2397317885031933
2.2392139043906343
2.239063743303042
2.2382074628368405
2.2381996333364738
2.2375763486821389
2.2365449605869729
2.2354133658401278
2.2353289241791177
2.235112583162957
2.2345921438023337
2.2337368035052436
2.2336681775752685
2.2330987400524398
2.2324771485194836
2.2318694184178924
2.2317696140938992
2.231695726555762
2.2311968252488961
2.2311333325704821
2.2305538091842161
2.2302611892845414
2.2302376653655664
2.2302165897131001
2.22942704948048
2.2292782916337677
2.2291453198910101
2.2272155610575277
2.2268202162636865
2.2267794175543298
2.2258216451012807
2.2251826525720584
2.2249875535879422
2.2246328299667346
2.2245946502615852
2.2235232496137987
2.223235787075962
2.2230074828092996
2.2229463305214092
2.2221793280815811
2.222067798682307
2.2220195488862675
2.2210184070112122
2.2206123016681318
2.2203020052308964
2.2202939553062446
2.2201327919454581
2.2199043592164558
2.2198452927620815
2.2195774283534373
2.2183447173825566
2.218028313904246
2.2176552943409562
2.217431101206742
2.2169469436129647
2.2151049741971747
2.2143541047163331
2.2142929255559176
2.2140309750014713
2.2135554011411904
2.2133892066209713
2.2133864889159183
2.2131397549927403
2.2128331541057968
2.2124589429506401
2.2119410389116623
2.2115929574646129
2.2115106293443856
2.2108795220685469
2.2106240732274909
2.2103356675524233
2.2098272737018756
2.2097494651369169
2.2096888568353474
2.2087246744441118
2.2076403589715987
2.2076177375457489
2.2074821236072699
2.2073546918389475
2.2072619741070949
2.2070479663888518
2.2069072127159655
2.2064442900833088
2.2061958606222731
2.2055811127800768
2.2044786306649558
2.2042698021392688
2.2032417109346834
2.2031261565361397
2.20264273152404
2.2024732983268676
2.2019572639591836
2.2011026700389347
2.1997923644401256
2.1995919317836319
2.1992149221715396
2.1990373990407379
2.198978124120869
2.198837727199848
2.1983595446596014
2.1983303336878848
2.1976457188147269
2.1973804655601952
2.1970523092874301
2.1961521530670285
2.1955991277285429
2.1953953346626491
2.1952635197572263
2.1950882754907517
2.1950309165198538
2.1944565194500489
2.1944037141165436
2.1938956031636039
2.1930921395604606
2.1930491386536057
2.1927330115518382
2.1923894252099343
2.1918009198796744
2.1916451738226983
2.1907202040447982
2.1906358470615093
2.1906324816852907
2.1904901741280867
2.1904814340690728
2.1902925600617373
2.1896433228668686
2.1887109598067997
2.1878830364294757
2.1875338398277919
2.1874390392199672
2.1871873274683318
2.1864304385731015
2.1858426058292513
2.185582565859336
2.1846531945096941
2.1838674752611391
2.1837744913179318
2.1837231049057322
2.183328401907048
2.1833131062115951
2.1822514837358029
2.1820264312693771
2.1811547389060157
2.1811179807665866
2.1800883934378783
2.1800829931959846
2.1795413443894542
2.179186843702456
2.1786100633519734
2.1785704516881221
2.1785281617671575
2.1783182578683955
2.1781248471641876
2.1773082955807306
2.1772655295163843
2.1763788266721154
2.1757769339177018
2.1752178152078105
2.1745461563382094
2.1743774314603548
2.1739578108481474
2.1739191811230949
2.1735399930171782
2.173432345781654
2.1723897738746767
2.1723116574770347
2.1722392536251274
2.1714806390928834
2.1710846205062437
2.1708876539139865
2.1704880618355502
2.1698629810373871
2.1697583536119676
2.1691561991215567
2.1688995357637846
2.1682893463142152
2.167226300476166
2.1671939852298294
2.1666231521704584
2.1659952438375587
2.1658370717966831
2.1654901639288542
2.165345195851498
2.1652687842338314
2.1651149690267695
2.1650566905171784
2.1639284259253002
2.1637918575577308
2.1637514549658095
2.1635516828661365
2.1630938324790945
2.1629311399883386
2.1629218105740704
2.1621268807042822
2.1620044796864391
2.1619395547798885
2.1611862582885615
2.1610049179209927
2.160944505698903
2.1602412888057523
2.1602222791427246
2.1600584155525135
2.1599578217355941
2.1598112261137397
2.1597180117513233
2.1583775822245381
2.1580927202356652
2.1575126179065025
2.1573941463469892
2.1573540543961274
2.1573453820507567
2.1564913177207341
2.1560983081383847
2.1559405402799174
2.1554043041676918
2.1547355424752963
2.1544726397512846
2.1544547183099052
2.1544389415107523
2.154111177511373
2.1537564318984264
2.1532095503367605
2.1524244604559688
2.1524199701411026
2.1523204020706772
2.1520546651565011
2.1496265720776724
2.1493958206364483
2.1491567556006972
2.1490740208954215
2.1488785775466939
2.1488321313012824
2.1486785557479937
2.1486126512046471
2.1485655693400822
2.1484579388734018
2.1483779412164967
2.148044742321249
2.1479326968452153
2.1479250779100862
2.1474831775285592
2.147168008334873
2.1469798358291663
2.14633995719573
2.146042298039109
2.1456126557587294
2.1455689313121149
2.1448386940376576
2.1446252021482195
2.1445877204814834
2.1442975023180408
2.1438482715793015
2.1438427721511286
2.1433311164204354
2.1429746099336575
2.1426776808437542
2.1423943656662301
2.1420711136388904
2.1417631125081193
2.1412090119464868
2.1410143004370243
2.1408677268612846
2.1408554031628402
2.1405201744543998
2.1399609644139854
2.1395108446922166
2.1394662601402308
2.1394149047125244
2.1388416481711432
2.1385811575883351
2.138484205663651
2.1384674112571123
2.1379687597170034
2.1376161970030658
2.1372523820451756
2.137150637623598
2.1369431125208234
2.136451363758296
2.1364504948010001
2.1363350719520713
2.1361491523800424
2.1361168501478427
2.1358435338936097
2.1356175608183543
2.1353560509715543
2.1348114125901989
2.1347273304025913
2.1345920023196556
2.1345055086414848
2.133886739168771
2.1328692578728883
2.132773564368486
2.1322934588158797
2.1320537947534786
2.1314244202627379
2.1313246745207359
2.1312884872959956
2.1309504659321186
2.1306908550373054
2.1292641469960691
2.1291917817949595
2.1289411542637704
2.1283124178562542
2.1278234135897995
2.1278002659329252
2.1277968992856149
2.1275361916676339
2.1274310509905119
2.1266268760390461
2.1259261491035111
2.1258282541750844
2.1257767294749201
2.1255424679125219
2.125465307838279
2.1253650372879154
2.1252354004350793
2.1249689023976681
2.124859948909283
2.1236916182757235
2.1236651523106773
2.1233118018302162
2.1232339738998318
2.1224946322946208
2.1224509174604949
2.1214796105845717
2.1213845489794618
2.1210743944963126
2.120964074663017
2.1209347855952791
2.1206436924022727
2.1206336186365169
2.1204365192067756
2.1204186217038203
2.1202821545053805
2.1186255977459365
2.1184391246180354
2.117913856917661
2.1177253766443185
2.1175093663177602
2.1169965545563523
2.1166701288631518
2.1164840939530323
2.1163853362574256
2.1161744954451445
2.1161599108026308
2.1160801992366967
2.1159351693847439
2.1158995179346385
2.1151345155977777
2.1142159130910136
2.1142140719168756
2.1140295710696342
2.1135006241031808
2.1133217000588767
2.113269578225204
2.113243192972007
2.1130201908150648
2.1128412144603606
2.1126389761205826
2.1122155941021568
2.1121904069939705
2.1121503671278683
2.111817491273579
2.1116547849853839
2.1113776266888
2.110730038206361
2.1103169086642413
2.1101774349661211
2.1097477485177136
2.1097261143612158
2.1094284221193496
2.109155322125837
2.1090448117774141
2.1090412247939003
2.108841120078222
2.1088212933906156
2.1087131148082228
2.1086039208649532
2.1085885906493731
2.1081270208243921
2.1079468315156253
2.1069096990413874
2.1059129833342234
2.1057150113440777
2.1055235369045122
2.1054568028004463
2.1052607367980047
2.1047789079637056
2.1046633431521249
2.103988047031077
2.1037074945931242
2.103593651696706
2.1029024799103535
2.1028669196933918
2.1021245151051082
2.1020584607856647
2.100786422455267
2.1006354214790677
2.1005735480817993
2.1003249491547362
2.1002461672693058
2.1001375759525711
2.1000765391813747
2.0995811193582798
2.0993436984734166
2.0991310004517958
2.0988101879243315
2.0979520899871704
2.097623929031792
2.0969397539396164
2.0968263447474791
2.0962485665498387
2.0962388187391454
2.0960119035410232
2.0959341828902112
2.095918765941934
2.0955169302270313
2.0954778523882887
2.09481613784174
2.0943615758057681
2.0939998660170365
2.0938142458733977
2.093684880877432
2.0932836747201078
2.0930257611576164
2.0922403452759188
2.0916953444577411
2.0913013551078872
2.0911776011820633
2.0909141887320448
2.0906045521636933
2.0905698329474212
2.0900780582435559
2.0900660695938624
2.0898617817213623
2.0894712005342413
2.0891537050493634
2.0890791055449123
2.0882187747748318
2.0880070231647716
2.0879946282730537
2.0877386329448386
2.0876137320597672
2.0872942102206107
2.087146898475392
2.0868758428846292
2.0865414371774622
2.0863055507390409
2.0861055778066788
2.0860146542369336
2.0850094307905835
2.0848584028008998
2.0841343765500793
2.0841289784502433
2.0839265139214769
2.0838374593942368
2.0831943577067733
2.0820134098854113
2.0820109002951313
2.0813526169948697
2.0808936077868418
2.0805918081187613
2.0800955572095905
2.0797391023549214
2.0796105918726977
2.0793784708942966
2.0793409023701908
2.0791001682751005
2.078250812201857
2.0780999386248409
2.0780614521534564
2.0780243223497683
2.0779314540686382
2.0779254727870686
2.0775187818987346
2.0774910711557917
2.0773514685696157
2.0772754115333938
2.0763310902957208
2.0762556285873841
2.0753266964417163
2.0751679812021759
2.0749347729077905
2.0748735685126238
2.0743734361192394
2.0740804316637709
2.0732958486666129
2.0732900015694073
2.0729252067550856
2.0725110374931961
2.072503647374579
2.0720432348215705
2.0714374748234685
2.0705108874292417
2.0702275029784114
2.0698397813819476
2.0697991344929618
2.0694997617741975
2.0694853320793616
2.0689671957003806
2.0689470968234942
2.0680996078178846
2.0675533821173269
2.0669472277016383
2.0664457487225976
2.06639174057569
2.0656198461044135
2.0655540516111954
2.0654721019507933
2.0652770378812235
2.0652507952712753
2.065029314502544
2.0644525741222068
2.0635830884573974
2.0627955553666237
2.0621882343898337
2.062132247436812
2.0612175202027632
2.0611140204859599
2.0607555320876871
2.0599861592364763
2.0595983928757664
2.0594461555786805
2.0592274978122962
2.0589195945843368
2.0586814761542795
2.0586626128950138
2.0580938626273229
2.0574638080603189
2.0572215759497481
2.0570406978566318
2.0566147923984657
2.0565555738463366
2.0562448106135989
2.0556392242710841
2.0553332172429535
2.0550629549409809
2.0550573947847135
2.055020076395202
2.054248271296689
2.0542212020744279
2.0539526471691576
2.0528361681799203
2.052827574814803
2.0527968419308995
2.0527887701898608
2.0527642430025428
2.0523233804418135
2.0517247324814814
2.0515892837264511
2.0512888170251173
2.0512253305262536
2.0507717360963125
2.0505705152183968
2.0489466398817093
2.0489229141093728
2.0486832476516623
2.0486001627835231
2.0482248512041852
2.0481148183511113
2.0477237850303283
2.0475210462052114
2.0475056400515061
2.0470984555803708
2.0468370869497616
2.0451729116440793
2.0449840469149856
2.0448854861148407
2.0448328105466378
2.0446544284281423
2.0444085290096123
2.0442281556684669
2.0440009609005756
2.0439754129784724
2.0431645466732928
2.0428643154308461
2.0424560727647343
2.0423919680339888
2.0422237112474475
2.0421646710095374
2.0418464767968523
2.0415987744545059
2.0413693004570259
2.0411336103902258
2.0411162513093801
2.040893829602147
2.0406451250066193
2.0405818989848514
2.0405606396095997
2.0402824980398964
2.0392016399469126
2.0391769893107874
2.0387805789160276
2.0383431341491636
2.0379107155353839
2.0373464810886257
2.0369416266785003
2.0368234308245836
2.0367427754317871
2.0366634980426106
2.03660963541485
2.0360962405826366
2.0357365124472966
2.035562308623776
2.0352930344655613
2.0352803462155862
2.0351296577891578
2.0340527351949356
2.0340095285532507
2.033474243696987
2.032826588163783
2.0327049752068334
2.0325355084742607
2.0321374362808586
2.0318948553154756
2.0317987305866572
2.0309954854773773
2.0299644393539618
2.029361554943482
2.0284929461551462
2.0283487786365964
2.0281356755038664
2.0278971223579259
2.0272851454522001
2.0268333388918975
2.0265343122951389
2.0261701015281073
2.0257924177180833
2.0252511370028636
2.0251187551170853
2.0249211498265178
2.0248908116595952
2.0245869061165167
2.0245442616837743
2.0244414500851344
2.024320419320178
2.0242487214295375
2.0241079031222915
2.0240804631230302
2.0240235268446902
2.0238775492197676
2.0236109288936199
2.0235564493752549
2.0234869498318528
2.0234796679392844
2.0234763792820254
2.0228418545804181
2.0228290304477561
2.0228168176133292
2.0226817233592111
2.0222959563352254
2.0221560691344229
2.021981782953739
2.0216100292248349
2.0213479304559567
2.0212208139375232
2.0207453651986014
2.0207135605016471
2.0199694413290255
2.0198888843478509
2.0196935583712952
2.0195503851426921
2.0194062465607332
2.0190294565276039
2.0187769585569875
2.0187537099191455
2.0181421390275549
2.0180449878875772
2.0177666881802536
2.0174244263758632
2.01699107517415
2.016634421597963
2.016303136164534
2.0157001782686508
2.0156123945872753
2.015156824881343
2.0143389424970097
2.0139380870815429
2.0139303654020844
2.0133989219696491
2.013124198104657
2.0125772321041411
2.0124002973295108
2.0123334057806406
2.0122406651032376
2.0118769011568167
2.0114697180586814
2.0114626371204909
2.0111789938103968
2.0111204550027737
2.0107234242154814
2.010404803047154
2.010267164563126
2.0102398230631304
2.009946208650057
2.0099336301179074
2.0099018818971377
2.0096603496606402
2.0096229654734716
2.0094871713653406
2.0093329686096872
2.0088468290322399
2.0086377631572963
2.008609436560151
2.0084050504458113
2.0073243111047101
2.0066799081750339
2.0066053598283822
2.0065971017658053
2.0064230032577419
2.0063073037589318
2.0057375779304172
2.0055880735880045
2.0055056151756547
2.0052804776401589
2.005244307397914
2.0051436502437534
2.0051145407035653
2.0049818400432424
2.0049087695718031
2.0049050516009101
2.0040207923513442
2.003859114884238
2.0036379347592095
2.0036270112459706
2.0024409328436201
2.0023799028907461
2.0023784394557627
2.0022605576645605
2.0021466602624312
2.0019789235398764
2.0008619073262852
2.0004850225753437
1.9995661492030277
1.9994749965480456
1.999440281894743
1.9991005277958098
1.9990964156469324
1.9985938358738178
1.9984392119793353
1.9984065027651736
1.9978914196647477
1.9977869847941965
1.9976074900906415
1.9975120243005628
1.996688700499218
1.996525057379215
1.9963069528415074
1.996281492488605
1.9956595345242776
1.9956387627296219
1.9956203772441392
1.9954709601610514
1.9954267351644188
1.9950079399522398
1.9949863379329027
1.9946813939295402
1.9944502291795758
1.9944461675479719
1.9944138865861243
1.99413686499249
1.9936434918716983
1.9936271149510756
1.9934238802248117
1.9929520783541728
1.991540061863019
1.9914991727674767
1.9912949661291171
1.9911393426095894
1.9910468946187216
1.9908782400513956
1.9908730001005566
1.9908462500704154
1.9903647214169982
1.9902458979211612
1.9901373768312791
1.990086210231401
1.9896350898065507
1.9892979556319534
1.989203031370145
1.9891447913125162
1.9891037339033237
1.9891026343958631
1.9890788488703701
1.989037510970642
1.9890247907158545
1.9890150800786695
1.9885685653703433
1.9880755368372505
1.9874273747896332
1.9873257924589456
1.9871686380183722
1.9868867164407229
1.9864749132957273
1.9864167470263772
1.9861682131473657
1.9859722602681231
1.9856459377122875
1.9852596234759445
1.985186593464884
1.9848012819611043
1.9847518779445017
1.9845605275133607
1.9843908489020268
1.9843032847468536
1.9842651664633133
1.9842120246848736
1.9839620850917388
1.9833609196635329
1.9832566913178185
1.9820537603866322
1.9817075331088512
1.9816960394670158
1.981188477039846
1.9811587073739358
1.9810729440121293
1.9808034891024935
1.9807753334546854
1.9798975024346088
1.9794585193195773
1.9793300785731371
1.9792938990689817
1.9791813494881989
1.9791633037394925
1.9787735571951768
1.9785402529399831
1.9782976961273862
1.9782961059416881
1.9781716795851563
1.978036019479499
1.9779603201356564
1.9778131702596353
1.9769566591907706
1.9768294216730646
1.9758977667241344
1.975325210681206
1.9748232041971756
1.9746165537456812
1.9745294485986478
1.9745099753931254
1.9740666003186609
1.9740405073073939
1.973920363843445
1.9731264440298366
1.9731138083778439
1.9730099831070766
1.9724924644909583
1.9723747346066915
1.9722959404724161
1.9722455440620847
1.9722188318677047
1.9721756267659465
1.9719607654472755
1.9718977936505757
1.9718512201858678
1.9715883238432195
1.9715862714937571
1.9712208035721013
1.9706586490996354
1.9706365058765161
1.9705790834599779
1.9705403283065974
1.9703863765971494
1.9702932402226219
1.9701882489545623
1.9700001900942123
1.9699447324006549
1.9699313634864906
1.9697719919780849
1.9684061294907809
1.9683857727929506
1.9665795620737874
1.9661633040470368
1.9658713339721554
1.9658702874475167
1.9656776209775855
1.9654227002828815
1.9654182472719792
1.9653135957712098
1.9652549458846809
1.9651222332842602
1.9637263361634472
1.963684494017609
1.9628692740486204
1.9619172975048651
1.9609618979403234
1.9609266046832889
1.960862570634849
1.9606116126903612
1.9602628866043859
1.9602282224571188
1.9601874579312513
1.9598635653605481
1.9597497962064778
1.9595474211954933
1.9593683688743795
1.9593179314368994
1.957774099626107
1.9577712262303621
1.9569548023647305
1.9564910237120894
1.9559439740794105
1.955530039707589
1.9551458015281753
1.9550192687860009
1.9549020866515081
1.954601640801396
1.9541682773036348
1.9534900798757748
1.9532754111178332
1.9530244797387017
1.9528133060197015
1.9528110834041366
1.9513678877878127
1.9513152802880291
1.9511618937260933
1.9507809240581266
1.950647085023697
1.9506162157105011
1.9504286789762117
1.9502185927484916
1.9501867378941227
1.9501498229451808
1.9500181924370814
1.9494201980452179
1.9493463271989588
1.9490210285659439
1.9485263772849053
1.948408141887634
1.947987802883296
1.947795787274208
1.9477624343201354
1.9476199399115426
1.9469740828663697
1.9468211410246468
1.9463986563032083
1.9460796738694222
1.9460378226463375
1.9458444048006662
1.9446746679626317
1.9438668038793325
1.9436950435136382
1.9435024021593699
1.9429504114380218
1.9429370086392512
1.9428027694731858
1.9419652086680785
1.9414220883657982
1.9411987988226942
1.940469565639755
1.9401710369834206
1.9400753950507463
1.9399873264031742
1.9394784940400402
1.9394531975841223
1.9390557617268085
1.938814159522958
1.9384233011475407
1.9384129170227578
1.9377727552846717
1.9373610106567962
1.9372876193912876
1.9370458100526482
1.9365598131414758
1.9362262163308708
1.9361748435480399
1.9358212477857879
1.9351367689269636
1.9348573974330951
1.934705232390395
1.934667780749372
1.934133981047405
1.9335303388192071
1.9327857309158412
1.9324097736866683
1.9321816378379169
1.9319885977223841
1.9318922971383601
1.9316959935509612
1.9315120113753825
1.9313824467236345
1.9313328409030202
1.9312053763258501
1.9309029297294076
1.9306783708514208
1.9303079900617979
1.9301729652174409
1.9300663174068227
1.9299305119823613
1.9294608264885706
1.9290542405579949
1.9289924011467123
1.9283251285529708
1.9280510680136596
1.927854512264364
1.9277957196843345
1.9272318594261706
1.9269562189731231
1.9269467964515441
1.9268976031407017
1.9264933330274585
1.9264023951637346
1.9256752393372849
1.9243813079101184
1.9242099712661851
1.9240680106168517
1.92406396502805
1.9237709613782024
1.9237447114417927
1.9236994696615715
1.9236471801550676
1.9236081376530807
1.9231769782447756
1.9228689655708784
1.9228414880373943
1.9227584006899556
1.922634092605255
1.9226006245865856
1.9224250773835752
1.922241596988167
1.9217083018000862
1.921621752820641
1.9215710980968266
1.9214839865284288
1.9209553725722228
1.9208998615888466
1.9201767979342572
1.920099740118246
1.9195394974954536
1.9193060456388811
1.9192201579224166
1.9184611810919718
1.9180677212030504
1.9162693039879954
1.9162652459013423
1.9161192970228844
1.9159865802603349
1.9159377532221682
1.915333208295336
1.9150021285529302
1.9149879527918063
1.9139688879027126
1.9139142922024857
1.9124587858605337
1.9124330602978938
1.9122311111145209
1.9115123717837084
1.9113628767799247
1.9111583457288555
1.9109732688264844
1.9106117186318936
1.9099038646186226
1.9096415135770892
1.909475052135339
1.9090817931665793
1.9087967750356156
1.9081362125558134
1.9081020591495559
1.9081002011194381
1.9080394413961208
1.9080302920002761
1.9075924067987453
1.9075381419429469
1.9072579893658204
1.9069248330978752
1.9068583167356778
1.9067047337441907
1.9066181187730096
1.9064702622797878
1.9063548597708075
1.9052157034587847
1.904773428855181
1.9043262176218945
1.9043041428410374
1.9040326189456533
1.9040245619650475
1.9024846417002848
1.9021501427011145
1.9020871506144559
1.9020610316628848
1.9017534630577164
1.9016519940543262
1.9016153824643769
1.9015385753706242
1.9001467147733664
1.8999625897613095
1.8992755536539079
1.8988811906746565
1.8986397273526561
1.8986202816585349
1.8976669921946019
1.8974758012857114
1.8973263968166263
1.8972950167360665
1.8971010210133998
1.8970498707865477
1.896497852154976
1.8964647905917509
1.8964590711952136
1.8962331492545883
1.8962028754060583
1.8959112648600487
1.8957679083056549
1.8956734757639586
1.8955144149721397
1.895305075827278
1.8944060186561218
1.894089497850427
1.8935398560851791
1.8934292518867197
1.8923621576249952
1.8920128216328074
1.8912845900849815
1.8910883906748888
1.8900879050350108
1.8900435569844585
1.8897547894527575
1.8895053753031523
1.8894193276305331
1.8890493345013382
1.8883228881790399
1.8882530638333952
1.8878078339853706
1.8877935924202893
1.8874835468736484
1.8873511251760884
1.887110265717916
1.8870252881383189
1.8868033900917285
1.8866598276531978
1.8860318332938311
1.8856379889348565
1.8852438141455152
1.8850734279013917
1.8849258378781608
1.8848499701324517
1.884838370834552
1.8847822892402131
1.8847405753787381
1.8845897658088855
1.8839210925041305
1.8831928255028101
1.8831839760805504
1.88288369610518
1.8828789541714479
1.8820763292881588
1.8817277526307152
1.8814896446324294
1.8812751456811587
1.8809978707956849
1.8807725512436586
1.8804946820189219
1.8802885373974112
1.8796116313618705
1.8786931261394684
1.8781210063630314
1.8780003910359213
1.8779746578994583
1.8778347882017963
1.8777935234913594
1.8777849143615963
1.8777769642743558
1.8777051516522263
1.8776661402917529
1.8776296993918549
1.8772828834550552
1.8772704717126856
1.877192840670832
1.8771559164763889
1.8771498502315132
1.8769849855980834
1.8767549128829069
1.8760286526795791
1.8760130769059429
1.8755430385735889
1.8755190684334235
1.8750894414318886
1.8750455765978047
1.8750098642221398
1.8748489297320565
1.8747930215761999
1.8747256691430207
1.8742372244359533
1.8742216922081341
1.874158145630298
1.8740177645279266
1.8735836717834193
1.8735307256778886
1.8730080885603295
1.8729046681003767
1.8726485265128507
1.8721468950051419
1.8719389599002627
1.8719298804257076
1.8717320152488326
1.8715712028068259
1.8711049486668989
1.8706388895546373
1.8706111863455732
1.870017565079203
1.8699613430513782
1.8695984119497973
1.8692091110140163
1.8687500373877082
1.8685285517887276
1.8680329818632968
1.8676604240029739
1.8673298141114885
1.8671776594879692
1.86716806535219
1.8670660646623303
1.8665985531468725
1.8661823460008471
1.8658691133337602
1.8656489789300499
1.8652285449936186
1.8640730566807777
1.8637244116277651
1.863669624223629
1.8635316909364612
1.8635062468794497
1.8631485979461482
1.8627196673465882
1.8621596267029807
1.8617873039584631
1.8615862302819415
1.8615855622536495
1.861311910499456
1.8610357956643633
1.8610194550228298
1.8603760690194004
1.8602031031056234
1.8601468524517322
1.8601133311430342
1.8596979459040754
1.8596977590643935
1.8591334511044659
1.8588785474074645
1.8584907646537161
1.8584206376121322
1.8580918458306332
1.8579865644461664
1.8576213821101302
1.8575650845064697
1.8574997242214468
1.8573985461471536
1.857391304215287
1.8571568959978209
1.8571512828388013
1.8571304474148664
1.8569227696595945
1.8568520577314067
1.8568346545104875
1.856636559997989
1.8561055832264151
1.8560272887306715
1.8555544682007834
1.8554935404022934
1.8546412148630527
1.8543747212924202
1.8542311541252727
1.8540589104218024
1.8537417644264516
1.8522588237139059
1.8521827942684019
1.8517041507347589
1.8516275918612768
1.8515593481522741
1.8511846710485824
1.8510452266113731
1.8506014690174111
1.850566900934695
1.8503128852112911
1.8501209967048982
1.84969968304349
1.849545866534362
1.8493073370840902
1.8488190645446994
1.8485456782996865
1.8485456577612738
1.8485268413897098
1.8484885382315737
1.8478802992024856
1.8477998514251528
1.8477248521660379
1.8473626508330594
1.8468578082849263
1.8468161924906576
1.8467443557661907
1.8462356101693862
1.8460798103992182
1.846074013700836
1.8458432477934721
1.8456048130866003
1.8450734840771057
1.8450721745661043
1.8448976513135393
1.8448944327039614
1.8447133344888338
1.8446516607512804
1.8445427647960966
1.8445063314405985
1.8443741011117942
1.8438330853371014
1.8436393416513905
1.8429305661375022
1.8429057383825123
1.8428783299484894
1.8428405884559285
1.8425233238248722
1.8424853833042241
1.8416406438745883
1.8415585392706331
1.841196493735656
1.8406170390566914
1.8402418874171438
1.8402341040479906
1.8401903206165251
1.839760900325845
1.8388898374234741
1.8388365194082033
1.8384285817947208
1.8382216699957292
1.8382123679291211
1.8379171488724975
1.8378483781192818
1.8375997945876348
1.8375044010063257
1.8374165977898875
1.8373275202753259
1.8365302125612373
1.8363488312104932
1.8363254368211306
1.8362785259293612
1.8360463847697843
1.8357600763390853
1.835726074143031
1.8356810304549753
1.8352031181023243
1.8338927903389801
1.8337817279683062
1.8331555132099766
1.8327182496950996
1.8322488960394767
1.832078383146954
1.8316513321837513
1.8313975382007148
1.8307068304785727
1.830604875244588
1.8302807509570964
1.8290523176193954
1.8289678495921684
1.8286252919595931
1.8283024084419575
1.8282287365548648
1.8278512521588368
1.8278168905866503
1.827456763463726
1.8271261147961286
1.8270333249149697
1.8269437421509913
1.8268330993209705
1.82669007394454
1.8263418300121743
1.8263219556975656
1.8260454276850333
1.8259402670021307
1.8258864823501126
1.8252169477719244
1.8251722290069945
1.8243702930285961
1.8243050404964456
1.8241263658082001
1.8241105045223789
1.8234973084621968
1.8230513996338717
1.8227044520707953
1.8226494028562663
1.8224734581755964
1.8221881238501063
1.8221468439807234
1.8219714526593589
1.8218473114669855
1.8217808497910728
1.8216778764823065
1.8213418456818271
1.8208465719673792
1.820553944679048
1.8202131707671934
1.8202084668028677
1.8198968854938884
1.8198620267986276
1.8197515907020603
1.8195676388660322
1.8193628475589099
1.819163576601424
1.8189931224014775
1.8184299123427756
1.8181560450778911
1.8180395978780446
1.8178914225027023
1.8176432241760865
1.8174365734085547
1.8173995097703071
1.8169322559759369
1.8166097658115641
1.8161031252794237
1.8157155308181538
1.8153189389617048
1.8150668812792488
1.8146372942957518
1.8142079808468452
1.8139765569799484
1.8138624330580324
1.8137864357960223
1.8134582163713802
1.8129151352689594
1.8128520998470319
1.8125117899950001
1.8120415166377124
1.8120229247530222
1.8120171634028266
1.8119297372718774
1.8117462533301643
1.8116965251578656
1.8116554526746378
1.8116217932384413
1.8114805811253429
1.8114748042068416
1.8109034959385744
1.8097927201032928
1.8096297563755346
1.8095890612522587
1.8094454052289346
1.8093930759568757
1.8092816921714037
1.8092020787660774
1.8086120353658042
1.8084853414283539
1.8084272777856847
1.8079925001798776
1.8072716238414099
1.8072337591177989
1.8071787697944779
1.8068353331982825
1.8064539879269912
1.8064017418666027
1.8063848702633132
1.8052931582994292
1.8042109883348501
1.8035081064611267
1.8032811133104563
1.8030909967054736
1.8026687552654572
1.8025847347871611
1.8024729272494746
1.8022368537990714
1.8017557828626156
1.8016021378261182
1.8010733790307323
1.8008911826555303
1.8007556385057013
1.8005239171214169
1.800449083583306
1.8003272827857215
1.800217366063559
1.7999186509622467
1.7993509768738838
1.799337249153822
1.7987647970974276
1.7982116168372311
1.7978460399072063
1.7978109948128718
1.7976504904367854
1.7975115422026524
1.7973030094286828
1.796808645038898
1.7968045893620548
1.7965251453861133
1.7956385005331785
1.7955875091710549
1.7955277186441674
1.7947812891383721
1.7947368510599928
1.794646071006416
1.7944098699616866
1.7940883933872569
1.7937732772313553
1.7933536428996462
1.7930378570781171
1.7928119769113864
1.7927454652656869
1.7925558271454856
1.7924427586358753
1.7923888814340856
1.7923600093868099
1.7918922293193575
1.7908073155109221
1.7907670641158133
1.7904297292529918
1.7903171820892489
1.7902325944213791
1.7898773530293748
1.7897483652579538
1.7895613177039735
1.7895023851903233
1.7892908469890008
1.7892650071896972
1.7891792751487572
1.7890430841187166
1.7889108214360019
1.7887983135130796
1.7886876015089064
1.788344203967299
1.7883212287722159
1.7874863301425283
1.7873394416061561
1.7872745917044857
1.7870299078850049
1.7868008359872605
1.7857473437004334
1.7854679758801824
1.7854556366196574
1.7852427771775163
1.7847964771727538
1.7844759662742546
1.7841554677823368
1.7838310124612977
1.7836583473885685
1.7833184805492612
1.783154168890029
1.7830265949146662
1.7829824600334137
1.7819943806056309
1.7816658004186845
1.781432670497455
1.7811771096296722
1.7811319585582273
1.7811243758183215
1.7806142064723451
1.7805365377666478
1.7802678091010793
1.7801972175731913
1.7801585680767107
1.7799618436378899
1.7798813314120427
1.7793523189302902
1.7780171649839849
1.7777818480336203
1.7775755480398303
1.7771029951295119
1.7769396864336942
1.7768210272392011
1.7763690272808104
1.7762988253424901
1.7759793099708894
1.7753455607845141
1.7752482263231981
1.7750962832962747
1.7750449074312964
1.7746779780545956
1.7742040704520463
1.773926659828746
1.7737637411424334
1.7737247085093502
1.7734620960070648
1.7725728188064382
1.7725591549916131
1.7724466015584073
1.7722189479786337
1.7719782679737199
1.7719507414220177
1.7717128517479999
1.771039171989641
1.7710319252539799
1.7710186297843398
1.7702646785143321
1.7699103640264642
1.7697482124156316
1.7694982358447202
1.769312903499682
1.7689792294691933
1.7688044739272737
1.7687867033234801
1.7687491463192482
1.7682640574827282
1.7680430811273757
1.7678440139028293
1.767374080428787
1.7672284235182345
1.7666353677048605
1.7665999820577862
1.7665053694974666
1.7663246504172745
1.7660340765433207
1.7656602695251429
1.7649575720285009
1.7645802587462378
1.764329219056628
1.7638189476902313
1.763796632187326
1.7632825296670482
1.7629475067949776
1.7628447793534945
1.7627415716844377
1.7624167256262286
1.7621904051748127
1.7620649150999985
1.7613229390652572
1.7612791993079004
1.7607019783437858
1.7603839645057067
1.7603014378775879
1.7602857617144991
1.7600290166439716
1.7598980252997731
1.7597136307516188
1.7593725018117166
1.7588305126612747
1.7587836619659907
1.758685504543821
1.758136421880431
1.7577252531661538
1.7577229779598287
1.7577050231499913
1.7575939213223704
1.7573217549242017
1.7570853834892899
1.7568633077472455
1.756602652230812
1.7564998922819088
1.7556730850557336
1.7556091242356457
1.7552263859827388
1.7549123300839895
1.7547815768635566
1.754613972806067
1.7543738457030225
1.7541433354028466
1.7541210889861569
1.7539807462610861
1.7537042868925568
1.7536176356008533
1.7530797742497994
1.7526707562939159
1.7525666974473586
1.7522628281046853
1.7521401440440574
1.7520397764425857
1.7518484647138284
1.7514631141839501
1.7513160296922827
1.7512064989518181
1.7506486161606347
1.7503839584718479
1.7503691104734707
1.75026675312725
1.7498024119390321
1.7496515081610104
1.7496486313671475
1.749470967475919
1.7492104261647154
1.749171688801537
1.7491009024041315
1.7486461302623453
1.7485749105851798
1.7483618689882077
1.7483201738127139
1.7471815427888795
1.7469407563616
1.7465809320944745
1.7465540153076544
1.7459191741886402
1.7457502119801587
1.7457357813246934
1.744704467839155
1.7436212041918535
1.7431256617030269
1.7430671335896615
1.7429277183694332
1.7420973873080163
1.7415097748129631
1.7414805063922612
1.7410171264088177
1.7409267123937111
1.740906463092381
1.7408640953091346
1.7408398339631377
1.740829219258192
1.7406355475230282
1.7401299586106695
1.7399943007367471
1.7399276557072099
1.7397403868378025
1.7393303188567686
1.7389427977419409
1.7387513724181147
1.7385781965128391
1.7384587263802962
1.7382333972275232
1.7379745164290274
1.7377591522344462
1.7375753814776986
1.737516164686028
1.7374982026408397
1.7373848242822976
1.7373359196682785
1.7369298185755719
1.7367198262422134
1.73581308095766
1.7356053461785996
1.7352440399655158
1.7351864842238165
1.7348846249213907
1.7341313103481584
1.7340898845445218
1.7335710523951982
1.733251797525023
1.7331176172026368
1.7330856019088321
1.732832554891528
1.7327562817831204
1.7321457637529025
1.7319712044605391
1.7318678317735032
1.7313630450763966
1.731247135036853
1.7307499021474748
1.7307439280455115
1.7306940840189011
1.7304229941178189
1.7303541863232597
1.7302016592150253
1.7296669655515804
1.7287479042459239
1.7286375872250512
1.7284936474915591
1.7284003070519127
1.7283403807183557
1.7276009106963872
1.727444974495661
1.7274195494407214
1.7270996113921007
1.7269131348944504
1.7268373985613736
1.7267600586653622
1.7266697049450332
1.7261315069848855
1.7256415062193247
1.7255656862551834
1.7255374941428454
1.725390144483566
1.7251774123034644
1.7251222868462961
1.7251039664731187
1.7249197963548377
1.724831096697504
1.7247484949183882
1.724492443678209
1.7244758441438941
1.7242586376271392
1.7235902980695057
1.7232970507265271
1.7232557443214873
1.7226771327208048
1.7226475475831391
1.7225689998229319
1.7225543445095257
1.7221288154702745
1.7220142706263637
1.721016132111618
1.7209736480050906
1.7202028980749513
1.7201280346399055
1.7199656316678182
1.7199158773272378
1.7197225105512202
1.7192881442091215
1.7189793725854463
1.7187508496272026
1.718618733321565
1.7184982687087542
1.7184957045986617
1.7181948899008137
1.7180636879507327
1.7176589270584957
1.7176084516016321
1.7175973950381351
1.7174868865576858
1.7174722984739987
1.7173402157814894
1.7172110342345215
1.7170797742677426
1.7169383499908732
1.7167566632688864
1.716670501153337
1.7165167217437338
1.7165084886201158
1.7164673715358061
1.7162462572459165
1.715863519939721
1.7158553819935911
1.7157558025445985
1.7157422072193438
1.7156628209485563
1.7152619647774954
1.7149972630298171
1.7143022265865093
1.7141757281817744
1.7134055439107192
1.7130961483973997
1.7129496447006431
1.7126622300013066
1.7120949553066185
1.7119939373383943
1.7117780198069465
1.7117302834242327
1.7112087025645408
1.7111796314169716
1.7111151959385682
1.710831012682132
1.7103118291658568
1.7096279274135913
1.709600858647504
1.7085679760188495
1.7084960071306519
1.7083286333984065
1.7080868974676235
1.7079841621821865
1.7079689729576017
1.7075117121403693
1.7070077531520245
1.7070042030043275
1.7069389229392924
1.7067709978343095
1.7065032374434506
1.7062325426042639
1.7061508249836057
1.705011323976096
1.7049554192365572
1.7048886346359029
1.7046820986937634
1.7046636065285461
1.7046355438632816
1.7044488158590279
1.7042884497509025
1.7031713932708055
1.703165511972957
1.7031318953781522
1.7030835267802686
1.7025504296741805
1.7022627945493258
1.7021637082762213
1.701942393168222
1.701539967938966
1.7014464348436238
1.7007738943573396
1.7006633028245435
1.700469775428209
1.7002411436704172
1.6996595678796864
1.6996534002841899
1.6994966004210157
1.6992976472268506
1.6990393821936487
1.6990130715459228
1.6989242668218669
1.6987214163796203
1.6984848739836103
1.6980295523490303
1.6974533941389012
1.6972170544410252
1.6970201153232745
1.6966376309014244
1.6962104225646968
1.6960719104608779
1.6951330685749206
1.6950999438774348
1.694794902676392
1.6944473491218583
1.6942548329029801
1.6940871620477731
1.6939576986927529
1.6937306777789767
1.6936279735981505
1.6931817869842332
1.6930638407697032
1.6929996397977807
1.6926535414046684
1.6926507583863304
1.6924850700206269
1.691901279531135
1.6913640226087572
1.6913117599200116
1.6912938170374034
1.6906727976193685
1.6905175794759653
1.6905015851966896
1.690435782614131
1.6903943229860445
1.6903257315956128
1.6900764590797961
1.6898183777980611
1.6897427644858789
1.6888902464283664
1.6887774888546589
1.6882735437635297
1.6880684894749209
1.6879559863199687
1.6873997722061642
1.6873598826195957
1.6873068681888261
1.6867596156453488
1.6866627476939053
1.686179526023885
1.6861121498753808
1.6858433530846173
1.685662488432732
1.6855997002363934
1.6855741023054713
1.6853714694511115
1.6842871168345257
1.6841920919921181
1.6834434007654657
1.6834063479925951
1.6833606383965465
1.6824552923876748
1.6819386629511164
1.6817535873877274
1.6812309871622295
1.680986526362108
1.6806909808323278
1.680585950872177
1.6803896971847918
1.6803386421712947
1.6801151855916676
1.6796491944718366
1.679308166490961
1.6789543888053013
1.6786089026316096
1.6783645371917091
1.6776792017028412
1.6774243697713742
1.6773046331647454
1.677095689358294
1.6770884098234762
1.6767514758060911
1.676545353065142
1.6765038437508759
1.6762619496940874
1.6761725332706363
1.6758550622834436
1.6757089766400399
1.675637019056655
1.6755918882979768
1.6755381074880142
1.6751253752348296
1.6750905784808228
1.6748983962127577
1.6747957050978777
1.6747681073100935
1.6744755995795364
1.6743457650798093
1.6742231859690471
1.6741187058301985
1.6740193145103701
1.6731164763119413
1.6728398246274778
1.6726332623979387
1.6722166984308477
1.6721127778563494
1.6720577413535307
1.6717730288118637
1.6715526822674378
1.671491176739361
1.671419091542907
1.6713436895076341
1.6709442997555113
1.670870375323009
1.6703184504950179
1.670121983326085
1.6698506276652592
1.6692195367262019
1.6689938815001923
1.668901874832093
1.6684705288596711
1.6683904957418305
1.6681098463930908
1.6675953556577503
1.6675044357646316
1.667492767575647
1.6664118107115928
1.6661856707620091
1.6654048799227814
1.6647336155802515
1.6645159850651918
1.664465546367184
1.6642465952535987
1.6640331503546715
1.6625612573520829
1.6625099736355937
1.6624629801574669
1.6623669675514645
1.6623225944915647
1.6622430830340429
1.6619446390871828
1.6612872435919186
1.6611453005929331
1.6610684912803861
1.6610301755385242
1.660593330650405
1.660560276300816
1.6595722255575709
1.6595612975731195
1.6594425457821798
1.6592854798375822
1.6590562922165273
1.6587066883385435
1.6582983135941272
1.6579100447849624
1.6578418768532983
1.6578350848246324
1.6577187065147641
1.6576788785903143
1.6575362868645374
1.6574531291713328
1.6573484257813484
1.6573093534870664
1.6567903743593824
1.6565928118733659
1.6556989740548036
1.6554597291969417
1.6552261768904557
1.6551861762681495
1.6550881862138678
1.655032105090968
1.6549206248553361
1.6548585650837451
1.6548278906821701
1.6547513302632433
1.6545655381730999
1.6543696981370324
1.6541106565731891
1.6539277455892667
1.6537463933199748
1.6536481646360057
1.6536233102018409
1.6534714423737866
1.6534284758949513
1.6532770852789542
1.6531973904961965
1.6531349442831147
1.652611734531515
1.6523896459252603
1.652181732087787
1.6520686115111796
1.6517530634457951
1.6515810400868924
1.6512872957280997
1.6510361776386497
1.6510272301760101
1.650642711158365
1.6504910871820464
1.6503627919751809
1.6502318095377086
1.6500534848692399
1.65004515170213
1.649998482871164
1.6494159158468629
1.6488720118683569
1.6483437676394679
1.6483368912067071
1.648233666634547
1.6481746891857569
1.6478438651643312
1.6478405694808824
1.6476590352810327
1.647608362402976
1.6470557690798833
1.6465250642042883
1.6465044331840122
1.646487587207621
1.646463507651192
1.6460420529005533
1.6456678625277139
1.6454806635242416
1.6453555819921404
1.6453286622824983
1.6452763665449415
1.6450837842336121
1.6440570146289959
1.6440528299839388
1.6439741669608345
1.6436757364766967
1.6433859516589389
1.6432203798142788
1.6430959692032774
1.6427834318615646
1.6422848239863375
1.6413637956355465
1.6411072492379613
1.6410618446085279
1.6408051997201858
1.6406385436156463
1.6406127143306453
1.6404685880643888
1.6403544068540263
1.6402660834744964
1.6401883608394143
1.6399248563611866
1.6398663667332565
1.6395437825106951
1.6394420456045868
1.6390577501402626
1.6389377039257893
1.6389340554390399
1.6386928614513732
1.6384772763891629
1.6384293795535887
1.6383254553855147
1.6380617130324235
1.6380605237574799
1.637886200698718
1.6376350428746265
1.6370106362543813
1.6366802620977381
1.6365820063548349
1.6359023414409324
1.6358847504461596
1.6358291813325898
1.6357849879076585
1.6356624777901372
1.6355371608805276
1.6354348111628607
1.6352688727778104
1.6352174191509692
1.6351346921570016
1.6350982755160834
1.6350410714510075
1.6348560522669764
1.6348433075085373
1.634256219385974
1.6340621457327482
1.6336845405106366
1.6336343726325706
1.6334597031583056
1.6333706804441541
1.6333420877765537
1.632957989496127
1.6326612838158028
1.6325339967362222
1.6318496061622101
1.6316073149152668
1.6314196447574243
1.6312583814635528
1.6311911100969292
1.6308078286656378
1.6305979613140555
1.6305168826591387
1.6300097233232451
1.6299686442212604
1.6299424191957508
1.6298769397414428
1.6298430355899829
1.6297201703053299
1.6292283098402973
1.629218577113817
1.6291835572591273
1.6289351730081967
1.6284050558370644
1.6281368787397488
1.6280514001014819
1.6280449783500581
1.6276767412566857
1.6275403662876926
1.6272885417697711
1.6272324052034171
1.6269069206566225
1.6265978400532659
1.6265101112980489
1.6257882634671772
1.6256274740334136
1.6255220324054984
1.6253986682524522
1.6249104792397098
1.6242580891794856
1.6237596390534221
1.6236621481951783
1.6235412181911593
1.6234231973877153
1.623297728188777
1.6232731336084769
1.6230641175926956
1.622664905370278
1.6221276698579572
1.6221211459675935
1.6220299351853495
1.6218175243416142
1.6216849645215476
1.6216701771892394
1.6212285358543324
1.6208010844987204
1.6206573064806244
1.6206132907274124
1.6198673895057558
1.6195745720373944
1.6191837913791602
1.6186212455573865
1.61850632269365
1.6184715929333429
1.6183773517295257
1.6174996598865643
1.6168673375765266
1.6168171066357364
1.6161954490734425
1.6161084512034865
1.6159857994447366
1.6153999797714997
1.6143093958198973
1.6141509143098434
1.6139605386514713
1.6134373207026647
1.6133448109485782
1.613324375633481
1.6129723693431697
1.6125884436611777
1.6123879409743955
1.6123459803812623
1.6122201890560044
1.6120960550118932
1.6118564373877582
1.6116288020678708
1.6114005974290275
1.6113879085906999
1.6112474556872729
1.611197446251369
1.6109702870510527
1.6108985382818992
1.6099584907440336
1.6098055451810418
1.6097648529594948
1.6097198904789072
1.6095518542847507
1.6095058078750724
1.6092046532753523
1.6091153764859627
1.6089685211428117
1.6088303144957339
1.6087393795654104
1.6086516621406854
1.6072742824756525
1.6069269048330983
1.6069206761548602
1.6064781779803032
1.606431849874614
1.6063142171574849
1.6062077704955722
1.6058232335554867
1.6057690344139499
1.6055770465875514
1.6054950578038656
1.605403206730736
1.6053208603542743
1.6052151275234261
1.6038713988637991
1.6037512131281446
1.6032971088996066
1.6032754267956406
1.6030762802947867
1.6029554859567341
1.6029491343495568
1.6028796084579116
1.602481447997844
1.602128188685815
1.6017243251024793
1.6016458145139347
1.6013388915319806
1.6009647009981527
1.6008382736222726
1.6007785297131458
1.6004495209536467
1.6002172341417829
1.6001920597070467
1.6000489622003804
1.5999884176845058
1.5998578753694281
1.5997295273034453
1.5994326425839374
1.5994111879852075
1.5993533448407358
1.5990410949791964
1.5989558456648214
1.5986831185574104
1.5985784106598082
1.5984859010072776
1.5983501159682016
1.5981667079247652
1.5981188828428827
1.5969723591731908
1.5966273575858387
1.5964545414655293
1.5962219463152878
1.5962057787321371
1.5961948214021782
1.5961723540808948
1.5961040265957982
1.5955767279294872
1.5954701401263913
1.5953776947523688
1.5953097659947169
1.5952168744549822
1.5948492229913036
1.5947821970981919
1.5943632256031772
1.5943084861723491
1.5941329752600852
1.5940869417916128
1.5939915753464748
1.5939658533857188
1.5939385222262001
1.5938733962242086
1.5935419052482875
1.5932325161540115
1.5932102503276442
1.5931907952669193
1.5931827565088885
1.592872404982461
1.5928264215034766
1.5924968106753135
1.5922874329634036
1.5921269288120015
1.5920403169874229
1.5918929020889483
1.5917934145925556
1.5907249307688212
1.5906710314461665
1.5902301764726028
1.5893949968967633
1.5880095074634308
1.5878913237224781
1.5876063972699024
1.5874921286995987
1.5873676948544573
1.5869419473302806
1.5867265308549947
1.5864761177349829
1.5862304818513469
1.5861156376892422
1.5860566789152213
1.5858932829352268
1.5858338752063619
1.5855853385522625
1.5854511351537226
1.5854429914688493
1.5853164083719193
1.5852658134070432
1.585190950713889
1.5850263490624308
1.584609438641623
1.5845917157910194
1.5845029760648477
1.5838866333313613
1.5835118426953094
1.5834177631542514
1.5833921061753209
1.5830421303145692
1.5825923655626988
1.5824828713395158
1.5824802296576397
1.5824505106850371
1.5820106893922672
1.5819018307330084
1.5815004136887769
1.5814967132740565
1.5814923092802209
1.5812189302963695
1.5810296556111283
1.5804839571533451
1.5803259921910182
1.5802825268354705
1.5802188905716787
1.5800143098497472
1.5797772555950313
1.5797585960894802
1.5796208053373884
1.5795448858484096
1.5793417099286551
1.5792840115478231
1.5791490432699564
1.5789800058254966
1.5786671029389108
1.5786205619648326
1.5784903893789737
1.5783971673852422
1.5782722181248827
1.5780982902079819
1.5775020699054527
1.5772419626868206
1.5771134882071931
1.5770443452363492
1.5768845754759055
1.5767396535393863
1.5766982141401162
1.5765077839515893
1.5764372310620904
1.5759223306594301
1.5756150494732686
1.575246647138439
1.5751771940869532
1.5751524603633296
1.5748544862474472
1.5748524153307955
1.5747206212562892
1.5743249798024779
1.5743196509302635
1.5742813233334298
1.5741203461242173
1.5740618963182809
1.5739640165860824
1.57344093205973
1.573279370010382
1.5730524799565506
1.5730496133059544
1.5723164482939418
1.5721928738826414
1.5721498991425042
1.5721433238422491
1.5717807023832062
1.5717004945152102
1.5715996429395098
1.5715071657302861
1.571160750732127
1.5710948112441765
1.5710896856143168
1.5707690028182193
1.5702704898778588
1.5702298576552212
1.5700219663603916
1.5697015570371902
1.5696657098655047
1.5696284254507871
1.5695389064891025
1.5690000384237486
1.568879697753377
1.5685411500365225
1.5677959827378947
1.5676504483453779
1.5675618801227036
1.5673995274330663
1.5668906164659839
1.5667273737595073
1.5666201649017544
1.5665833750279441
1.5664424477575738
1.5662157978297642
1.5659112132960951
1.5658555904350675
1.5658205072375246
1.5654925271308813
1.5654205446647671
1.5650266080735116
1.5646035092054151
1.5645249344482632
1.5643574190677845
1.5639768058260843
1.5638514691886685
1.5638216329088663
1.5636640972306204
1.5630958065777627
1.5630241528795379
1.5629526187627882
1.5623308256711483
1.5623206484621583
1.5621208081835254
1.5621200277809821
1.5614009649356064
1.5610743487563452
1.5606833373792517
1.5606430438894874
1.560358414034178
1.5600838182430077
1.5597008723224453
1.5595362229561007
1.5591196851532008
1.5591001525640464
1.5589769152472983
1.5589014163156245
1.5588449508042277
1.5582944290375953
1.5582210523678688
1.5577884211645967
1.5577100329804512
1.5576392608035525
1.5573910539124216
1.5572997947349398
1.5564998224700566
1.5564342625353815
1.5561426080533338
1.5561162007445941
1.5558753047154732
1.555837168945684
1.5552375819302517
1.555204862014711
1.5549468639157185
1.5549035454458331
1.5546183108225313
1.5545118169618
1.5545017511125943
1.5540017713982719
1.5534140096241891
1.5531758980650281
1.5530236943561782
1.5529915293911742
1.55298226364523
1.5529666673456206
1.5528546944421389
1.5527682172973905
1.5522441409656424
1.5522284657716741
1.5522119167987987
1.5521598814218138
1.552075140039024
1.5520390885741653
1.5519256155292693
1.5519220776596856
1.5516534741767987
1.5516373177817888
1.551596368736351
1.551465845032564
1.551081608296641
1.55103448713626
1.5509363949691697
1.5507948449390352
1.5505907949164301
1.5501878732150123
1.5501673182792131
1.5499212910875595
1.5498428863405411
1.5495321648982565
1.5493782414506252
1.549184986008499
1.5491487011900986
1.5487322586124026
1.5486094063828242
1.5485005067972206
1.5479534899459642
1.5477481605300252
1.5476747324762727
1.5473118142951641
1.5468970110804348
1.546806607795701
1.5463641608497605
1.5463547121202177
1.546324718665095
1.5460932332182171
1.5460596360884873
1.5457711531525635
1.545431681577359
1.5453710726701844
1.5449134699643587
1.5448283561497127
1.5448058428282625
1.5448057864555227
1.5441846820678011
1.5441836437338394
1.5435891348954049
1.5432111313874879
1.5429447020032554
1.5422030478402455
1.5420729466625964
1.5420580546702773
1.541772064024781
1.5416957794610875
1.5416773107776898
1.5416088434646489
1.5415001383344464
1.5414780043436882
1.5413362318479349
1.5411805750198784
1.5408437667884913
1.5400533338304778
1.5398145983321891
1.5397012155110652
1.5394784532472754
1.5394556826944121
1.5393683101310045
1.5388041568054185
1.5385503621308889
1.5385000733313516
1.5383473366864502
1.5381432033172147
1.5381068816096224
1.5370863055520849
1.5369514388875312
1.5369217679460572
1.5366368529367325
1.5363967868083102
1.5362050312197446
1.5359915892556284
1.5359914170792204
1.535798860771848
1.5357836037494494
1.5356036138772839
1.535137235592354
1.5350006194373151
1.5349659913374225
1.5348509075116781
1.5348157009755579
1.534739925012653
1.5343518978419657
1.5339644040295455
1.5338309341017182
1.533459206566349
1.5333331787764715
1.5331294730707925
1.5325421872214868
1.5323202079837228
1.5318878097189388
1.5318359792623242
1.5317553908502051
1.5317386651221121
1.5314011798949936
1.5312298811639755
1.5309946722122074
1.5307538434071273
1.5306583615480649
1.530624122599777
1.5303589322736177
1.5303045713274896
1.530095732836827
1.5291278545642928
1.5290779267536929
1.5285464176340264
1.5285422159392548
1.5281070221427366
1.5277949893158065
1.5275146178223464
1.5265231699088035
1.5264475342446189
1.5264430081989568
1.5263812184726941
1.5263122660315835
1.526018685831477
1.5254598260700485
1.5249423627177254
1.5241180977549496
1.5241025553610974
1.5233109855384204
1.5232503072628509
1.5229126953892882
1.5228564116592715
1.52276358297435
1.5220729100073054
1.5219909086826251
1.5219704985852498
1.5219691621159896
1.5213445334200819
1.521279234909277
1.5212336813513641
1.5211021904281345
1.5208156298186128
1.5203881854540333
1.5202983149625435
1.5201974152469311
1.5201165349134715
1.5198209497998603
1.5189264401044487
1.5188421901484399
1.5187735703895171
1.5182378841218653
1.5181875400238549
1.5180250106348145
1.5177455414999994
1.517696334209111
1.5169480792499881
1.5167121481411345
1.5166947403139774
1.516367898517837
1.5162428814254645
1.5160593534841276
1.5160155441654166
1.5155934272295841
1.5155896402078404
1.5155189281639938
1.5150918170758549
1.5150561399826521
1.5149962644421424
1.5148403583304981
1.5144539616627406
1.5141872952705289
1.5137990386130558
1.5135063309876482
1.5132999266215559
1.5131399102774958
1.5131124325129059
1.5129560832097797
1.5127940656435579
1.5123931366335299
1.5122331088825443
1.5120302631499374
1.5119283143879707
1.5117100138621824
1.5115135397704802
1.5112488878109636
1.5110350193373825
1.5109883923424405
1.5107692207033336
1.510511920733677
1.5103342476600237
1.5102138240697569
1.5098863689264497
1.5092477927703458
1.5092121263793392
1.508782252750954
1.5086161995903811
1.5083305337700097
1.5082228691892408
1.5079974220238241
1.5078083958852453
1.5072776661621303
1.5066896131664671
1.5062834592433467
1.5062618942906061
1.506238658462157
1.5061712274123988
1.5058694307264999
1.5056254332690908
1.5048380340969945
1.5046429377641655
1.5046231887302242
1.5041326574383147
1.5033061587437533
1.5031688379027508
1.5024127869158643
1.5022422561256359
1.5022277850865804
1.5021569686109666
1.5017828915319795
1.5017772994845204
1.5015831920600504
1.5014560155706276
1.5014084151192488
1.5007789273779422
1.5007286885293307
1.5005119509736531
1.5002648189622771
1.4997219496014675
1.4993596675313832
1.499254921640482
1.4991157071985335
1.4991104744420998
1.4983660259360463
1.4983026481019548
1.4980421757022993
1.4980306402003603
1.4979640819973348
1.4974438549170299
1.4974236287018203
1.4973868178114551
1.4973860760884163
1.4972174012736688
1.4969357893558628
1.4968852338982059
1.4966291045601376
1.4963427556378586
1.4961719349361884
1.4960917391802453
1.4959187368282389
1.4956911720269326
1.4949915835014849
1.4949009930364938
1.494391506530343
1.4939165212598493
1.4939132664420898
1.4938648791289972
1.4927235316312153
1.4925203118398587
1.4923290753599949
1.4920875520717247
1.4919395844392338
1.491849455150239
1.4915163911502638
1.4914521745710565
1.491422088724079
1.4913844006694257
1.4912554082684033
1.4910729749335621
1.4907253509465168
1.4905025966964656
1.4902051786889075
1.4900780303481589
1.4898434859000869
1.4897651171454416
1.4894190032979218
1.4891126944835293
1.4890403543243889
1.4888159382154484
1.4886607250815991
1.4885565215937737
1.4884554699704331
1.4883813084441808
1.4883296706130196
1.4881119091049562
1.4880755219386745
1.4880121598741289
1.4877753460711487
1.4877459077821726
1.4876012087969077
1.4875219672040947
1.4872748459610399
1.487208707877741
1.4867057168678379
1.4866888978453487
1.4859023475572977
1.485231217734625
1.4851845764139691
1.4851569273216307
1.4851550894319436
1.484754313320864
1.4844074098467381
1.4842742102841424
1.4836019976668704
1.4834704156592013
1.483356068116958
1.483119018709022
1.48295182930438
1.4823864877718955
1.4822205898899865
1.4821749566485625
1.4817806357710435
1.481701557960426
1.4816491183256266
1.4815661743729196
1.4812599706437541
1.4812443315964363
1.4811500744241906
1.4811202749145345
1.4807934771403788
1.480614742035129
1.4804849019219075
1.4804306011782367
1.4803747499515498
1.4803249621228844
1.4801769575667136
1.4797442761582604
1.4796639319283815
1.4794437610461064
1.4789344496070214
1.478920632978842
1.4788741429279533
1.4782637914669596
1.4781292396489092
1.4778941899958609
1.4778105530478349
1.4776720720291425
1.4774166320150612
1.4773716302207134
1.4769717376159472
1.4769493171325594
1.47652568445958
1.4761958485812974
1.4759559145423322
1.475736954753553
1.475473468936352
1.4754109044343526
1.4752334375673228
1.474596080889736
1.4743206058247014
1.4743068853289116
1.4741312341252277
1.4738342137300204
1.4737547594777132
1.4736074488200501
1.473334228725848
1.4732947384090405
1.4731531541646279
1.4728206737808147
1.4725209633187131
1.4725124478827425
1.4724333579074138
1.4713726778896177
1.4711036499207366
1.4708095613496448
1.4704652627041666
1.4704142282875681
1.4703151782025139
1.4702940114218144
1.4701680804934778
1.4697685803920639
1.4697290450314471
1.469559077566422
1.4688984788704993
1.4688968528577095
1.4686055112466578
1.4685564907103792
1.4684877396829867
1.4680595901965077
1.4674085675097877
1.4673766910028447
1.4671267670970316
1.4669999056634655
1.4669796945811802
1.4666543316184806
1.4664950105312671
1.466439248520071
1.4661672802240917
1.4658467945580105
1.4656304228376187
1.465499434913049
1.4653121043074864
1.4649843662702691
1.464913524155387
1.4648672496411344
1.4648652008491172
1.4645882584560002
1.464216808229335
1.4641085451470457
1.4640046914245741
1.4639803026230405
1.4636708709527171
1.4630416878439192
1.4630096833364277
1.462832979489501
1.4626943807619144
1.4624910575986407
1.4622120658242466
1.4621875876574195
1.4620975814158412
1.4620634676187081
1.4617768170246923
1.4616944210137393
1.461630841441562
1.4610964075614912
1.4609505864930865
1.4608536362060998
1.4608501044403108
1.4604184513360041
1.4602194255701677
1.4600122554892252
1.4598848335879031
1.4597651974557808
1.4588461982533218
1.4587295083652712
1.4584547046437513
1.4583116854525788
1.4578952317464249
1.4563274725131095
1.4562621465561518
1.4560187436700769
1.4559154619487893
1.4557945101333325
1.4551229713261753
1.454293310329775
1.4540548477448816
1.4539364738100933
1.4539278629143237
1.4538111498467181
1.4535498113349428
1.4535261668132995
1.4528285352453714
1.4527333791826911
1.4527304352301353
1.4526900036116492
1.4524595122368229
1.4524310727444889
1.4524249171884052
1.4519091816505065
1.451801104664022
1.4514027397345866
1.4509746053694856
1.450938098608374
1.4507702354433198
1.4506444756941339
1.4504267861896856
1.4502366545058822
1.4499726487325382
1.4496946471329351
1.4493995429318522
1.449374309971539
1.4490015349209191
1.4488403221610553
1.4487050280254707
1.4486336508082933
1.4484693537512392
1.4483448569055153
1.4481685981668488
1.4481601643872413
1.4480320043642205
1.4479259251092986
1.4478781351622239
1.4478411347754148
1.4477044703997948
1.4473945964756874
1.447292615724767
1.4472717399728303
1.44726647925348
1.4468750702034772
1.4463448564627437
1.4462357096618852
1.4461835180414724
1.4461803895491336
1.4460183874720263
1.4460166346895913
1.445908456186263
1.4457697945382535
1.4457000324047584
1.4456156496389219
1.4455814945419945
1.4451573150853603
1.4447536142839561
1.4447006658996322
1.4444083187556653
1.4443006592597643
1.4441483351517885
1.4439928769900932
1.4437501500179513
1.4431948057546127
1.4430497693947462
1.4430463388874821
1.4425403537836474
1.4423099136851287
1.4417679661306211
1.4414659856450147
1.4414481414742142
1.4410463161895868
1.4410186387632569
1.4409955663720717
1.4408238547862013
1.4406446300667648
1.4406163987433296
1.4405948622067741
1.4405798291355465
1.4404462165269454
1.4403617130405593
1.4402692784279996
1.4401626849172353
1.4395989969696579
1.4394178521583689
1.4392485163459026
1.4391942067522101
1.4391122825051215
1.4391065506528178
1.4387730370917777
1.4387728851348176
1.4384005304339627
1.4383251995248434
1.4378707721837551
1.4371433217389686
1.4371265655596013
1.4369922528850247
1.4360809456568806
1.4360487156232986
1.4360218317737881
1.4359625915702772
1.4359145080012168
1.4358541023554254
1.4355968799334569
1.4355554135028883
1.435487658798321
1.4354008618545879
1.4351301381176609
1.4348014574467571
1.4345387817809971
1.4345262968146355
1.4345062491957874
1.434427183752182
1.4344004836041175
1.4340602494323373
1.433987335542813
1.4338190141112599
1.4337059287363718
1.4335674976423762
1.4330995111305462
1.4328015734933841
1.432794409348884
1.4325380518499962
1.4324416172694112
1.4324203716681971
1.4323945198504344
1.4322788524711791
1.4321962363190301
1.4321570673491075
1.4321363028771605
1.4320558950832363
1.4316922500791562
1.4314832187949951
1.4313129025305991
1.4311940686636391
1.4311809624461871
1.4311780823819156
1.4307890540357595
1.4306782482197959
1.4305855097537461
1.4305553266114848
1.4303407174686738
1.4301873916876717
1.4301014881151872
1.4297887032580754
1.4294539432876663
1.4292074144611684
1.4291900963842297
1.4291115560593268
1.4288985055461578
1.4287655709465077
1.428688384001134
1.4285835269869236
1.428529996566835
1.4280405148116844
1.4279806509972524
1.4279802000538302
1.4278762930587194
1.4273936353280048
1.4273251285098869
1.4269599979749286
1.42653291037609
1.4261894234805912
1.4259178129851575
1.4257659622285881
1.4252433322157951
1.4249579588613062
1.4249295014940215
1.4248729300335004
1.4246832624519732
1.4246588623503165
1.4245838835325895
1.4245716726694371
1.4245602972601881
1.4245543865106616
1.4244185582529529
1.4244132894434389
1.4243437949477764
1.4242843322194727
1.4240857636567086
1.42378703525497
1.4234929743341564
1.4233865711747686
1.4232427271539443
1.4231435188267378
1.4231123437490416
1.4230158575381719
1.4228888245438029
1.4228735422326915
1.4228412322885871
1.4227750850640577
1.4224670393135586
1.4221521453297714
1.4217994801194487
1.4209790632698036
1.4208597797889961
1.4206934283283215
1.420494673560559
1.420297875950598
1.4202194687148584
1.4198063111019614
1.419561395165218
1.4194316414613861
1.4193567456256269
1.4191401137464272
1.4190325291787957
1.418966583896873
1.4187306582032986
1.4186273214003942
1.4185583072756962
1.4184907600855623
1.4183148992796004
1.4179759706911519
1.4178285408831364
1.4177995481232757
1.4177803192036171
1.4177395569017217
1.4176203099291795
1.4175065911672891
1.4171291368308445
1.41583189722352
1.4157175030146585
1.4156773809577659
1.415235612437987
1.4152159288922384
1.4151674011080202
1.4151661641793984
1.4148764488522936
1.4147873713491452
1.4147620566271777
1.4147060111174392
1.4144987612474635
1.4143880231048773
1.4143006506802704
1.4141960603753094
1.4141677858479698
1.4138844917642499
1.4138099392246339
1.413804138750828
1.4137290583659987
1.4131843833057591
1.4131834953666356
1.4130113770569506
1.4129552145581983
1.4125309468567075
1.4123583930325607
1.4121136311811111
1.411966770201968
1.4119454384948313
1.4117681288226096
1.4114986434528856
1.4114737100416115
1.41141587578968
1.4114151395263062
1.4114088058403698
1.4110487636351654
1.4110133489881291
1.4109495835211348
1.4103265004939116
1.4101949196006234
1.410156102738453
1.4100928281907459
1.4095305122567219
1.4095014171340396
1.4093986493616155
1.4092561625034625
1.4090265328723306
1.4089842696159067
1.4088800211309445
1.4083610085161307
1.4083115090191689
1.407979889047684
1.4079669826340808
1.4076623204371606
1.4068223279782666
1.406809702610246
1.4068022196162346
1.4066021286037516
1.4065547855162015
1.4063229543423716
1.4062970597916427
1.4059343992717295
1.4058370519166727
1.4056044494590056
1.4055437975778087
1.4050804304797777
1.4049125028503271
1.4047228187464893
1.4044955965266956
1.4044211935310824
1.4043584058602674
1.4036448915416748
1.4035184804238205
1.4029406603903594
1.402771596899941
1.4027232241142045
1.4026653025043798
1.4025286394903367
1.4021963306009446
1.4018861252025194
1.4017357801237584
1.4016659077578024
1.4014147386542779
1.401390727827404
1.4012773550307485
1.4011074660853027
1.4010827420985819
1.4010370378973496
1.4007187603074829
1.4005565091283421
1.4004148548485573
1.4001567813914633
1.3998153937869899
1.399661740664371
1.399262312553621
1.399098797015994
1.3989070874942244
1.3988996969279592
1.3988160137209733
1.398796273687746
1.3987557949972187
1.3986533100509546
1.3982165279649206
1.3981561763379531
1.3980932063003781
1.3976212311949279
1.397295423775879
1.3972168953046058
1.3971882412273811
1.3971826477631699
1.3970999594178131
1.3964401827032167
1.3962282366450067
1.3956370182337843
1.3955819125004818
1.3951597472030977
1.3950596594515912
1.394923573239008
1.3948995733067946
1.3946233012995912
1.3946096338248837
1.3944322540168912
1.394148559228878
1.3935995780868136
1.3933770101529011
1.3930053395494935
1.3929923592245541
1.3927797552120282
1.3927655477158434
1.3927169583010968
1.392439993588821
1.3923684957002622
1.3922827088122429
1.3920208934450096
1.3919673917998752
1.3919620676321458
1.391412690558067
1.3907222416920209
1.390554088473422
1.390485597307122
1.3903808731216003
1.3900767794919566
1.3900299180138578
1.3900099101782795
1.3897284852733436
1.3890986061273736
1.3890664003104702
1.388433934201865
1.3882090568444811
1.3881595060152023
1.3877182809581776
1.3870678624336013
1.3869468358238914
1.3858444500878269
1.3852280173537259
1.385088122763722
1.3846951936519676
1.3844837465170052
1.3842866080433165
1.3839682068123895
1.3839117770715337
1.38351884080073
1.383148771264006
1.3830151960728927
1.3827076531170028
1.3826995541891556
1.3826281771138782
1.382619133676585
1.3822062075248498
1.3819810682124731
1.3818637748007498
1.3818580564369676
1.3818447119032073
1.3815500083345333
1.3815141773268136
1.3812350178375008
1.3812186051953681
1.3803793445904191
1.3798994991623608
1.3796781592637897
1.3795597442375536
1.379435751278983
1.3793439554958462
1.3788585913016485
1.3788479085305914
1.378343538127113
1.3782857623608868
1.3782229400008781
1.3777056241048435
1.3774296531413979
1.3771075633744581
1.3767003450526401
1.3765617072533018
1.3764058557620713
1.3762805579608282
1.3761923554290945
1.3760776921780105
1.3760609850966654
1.3756699071174534
1.3756631053364354
1.3756088909117725
1.3754485880009599
1.3752784374629778
1.3751363656512821
1.374706944800715
1.3744851007592152
1.374477042378611
1.3744451992104869
1.374264950825508
1.3742251293485441
1.3740206905429613
1.373907642740833
1.3738713168462133
1.3737873197702324
1.3737647725926727
1.373716558298566
1.3736981946381579
1.3734985131867894
1.3734135102141423
1.373263294339323
1.3730653142769558
1.3730342614115907
1.3726680189582905
1.3725238711159675
1.3722752280214234
1.3720703885014303
1.3719915442599238
1.3719697488121141
1.3719183933235517
1.3718249394411606
1.3717469456269133
1.3716869660356534
1.3713034117745697
1.3712790202010678
1.3709298587711698
1.3705379620545812
1.3705229360065136
1.3702875867424809
1.3702418285868825
1.3699976575133377
1.3696464346664188
1.3695439776192553
1.3688588084037188
1.3686316394157521
1.3685851726448159
1.3682409437098615
1.3681073819365479
1.3680054511789415
1.3678662706808977
1.3672299397367056
1.3671097208996319
1.366981772031487
1.3667760241409015
1.3667305206513483
1.366610496666449
1.3665202223538118
1.3664833687422444
1.3662542608651111
1.366132877679753
1.3660295532697999
1.3659839084483671
1.3657112293789195
1.3653411948434853
1.3651230676984714
1.3645486263639972
1.3644426348812093
1.3643934263417137
1.3642451822064909
1.3641572918428935
1.3641175768231188
1.3639965236589873
1.3639775347220198
1.3638998776962326
1.3634584038700801
1.3629175516164069
1.362653940049376
1.3623718700493639
1.3619793653057886
1.3618597269998713
1.3609545112854784
1.3607995903964825
1.3606932386662844
1.3603459552051371
1.3603045497409711
1.3601237613016059
1.3600467763385085
1.3598311784369688
1.3598113941527383
1.3596796141176046
1.359555364855273
1.3591981179863106
1.3590820078289032
1.358839399249719
1.3588172382115746
1.3583675417799939
1.3582787003857955
1.3582595117257334
1.3582326623249277
1.3578562973513235
1.3576986638049504
1.3576612189893016
1.3576237824843886
1.3576221832625053
1.3576155763454043
1.3575905078337247
1.3573649787349593
1.3571595820883531
1.3568944449757101
1.3563842889284881
1.3563606103342005
1.3563036195764013
1.3562694011514063
1.3559933748372304
1.3557109626721562
1.3554423422031849
1.355341702571929
1.3552839504562446
1.3552661950123752
1.3552303233198129
1.3550290671408116
1.3545617385746389
1.3544659422654663
1.3542920689062752
1.3540319106423226
1.3539754577639109
1.3537462198608592
1.3532930054742895
1.3532109371643786
1.3530036096465248
1.3528626259800289
1.35279467013187
1.3526853335307463
1.352566266195983
1.3520044967465863
1.3519009732471481
1.3509978934637301
1.350868043908835
1.3508122534804985
1.3507496725118833
1.3505404185035528
1.3505308385475461
1.350520639126658
1.3504908861077087
1.3504696730288983
1.3504489801501138
1.3504394238549098
1.3498254630840854
1.3496359597962242
1.3496183640619794
1.3495928332985838
1.3495790295531167
1.34948956375577
1.3493163439878253
1.3490487554441766
1.3480689716126966
1.3480259865439259
1.3479705976084559
1.3475609829857533
1.3471882806956779
1.3466971040211948
1.3463828917640159
1.346227617654665
1.3459562497999846
1.3458845619533844
1.3458634694277809
1.3458600134756757
1.3456144930257472
1.3455465827959854
1.34550760119062
1.3453379057438626
1.3451378576328754
1.3449077148367465
1.3447312290880911
1.3445525550675674
1.3444211690575936
1.3442951123160682
1.344068654513989
1.3440080527042648
1.3440076027111758
1.343983818813371
1.3435470516681547
1.3434929482361462
1.3434138227348351
1.3433312120355001
1.3431940865451921
1.3430560717558597
1.3428317131393424
1.3425272229563716
1.3423827491892923
1.3421141861712653
1.3420356202838362
1.3418349464220016
1.3416679193015058
1.3415257040864295
1.3414024878430557
1.3412557384727051
1.3411011550317709
1.3409344076014926
1.3408021214892973
1.3407863854849142
1.340584480543886
1.3405843736081176
1.3404811110494694
1.3404057684998285
1.3404007527153601
1.340354869113499
1.340290559304905
1.339792003149435
1.3392268960105291
1.3390335102988611
1.3390166397952821
1.3388465597494819
1.3388284124504279
1.3386488389456206
1.3386204611121859
1.3384090312994161
1.3383308556446323
1.338259966532539
1.3382105198726491
1.338078660760756
1.338012315185978
1.3375438301580191
1.3374797908552045
1.3373587409560741
1.3372802537605728
1.3372252661745583
1.3371158692929985
1.3369220472542076
1.3364706188857767
1.3358559433394157
1.3356974466003138
1.3353109217347972
1.3352247851719867
1.3345300624728416
1.3344675858335089
1.3343349502432253
1.3342113867243937
1.33362503070657
1.3333503541085248
1.3330506062521672
1.3329589006132403
1.3328990780333834
1.3323285191567904
1.3321659128716798
1.3320557924581602
1.3319505594902048
1.331753598854116
1.3316311614781511
1.331608536708786
1.3315224227252194
1.331330723074839
1.3308448994540991
1.3307541976401083
1.3304566724188434
1.3302223421651869
1.3301066023720771
1.3298104644818118
1.3296621267760456
1.3295878949962512
1.3294456584734329
1.3294078950079675
1.3292881541157193
1.3292720535113691
1.329257793359589
1.3292540798710222
1.3290059585986895
1.3289661816777476
1.3286235626825897
1.3284500782706672
1.3284390781540591
1.3284305679397457
1.328089425779011
1.3278045228404134
1.3277695643728686
1.3277059424221869
1.3275745195849851
1.3273808808069076
1.3271736589278835
1.3269356421487342
1.3268206747899707
1.325941103729569
1.3258045606689564
1.3257594025382915
1.3257546959899162
1.3256832188642567
1.3256789109064746
1.3253570969543216
1.3253304277246163
1.3250465148198645
1.3250180662149658
1.3249371498193496
1.3248031710686963
1.3246501489047382
1.3244105066684466
1.3242710305759602
1.3238059117827161
1.323783018169983
1.3237588160463811
1.323694653417878
1.3236380476711822
1.3235008366325431
1.3232750051059528
1.3232665493138873
1.3231726831311326
1.323168095880193
1.3231409890290344
1.3228850990175813
1.3228024804430094
1.3227848948885788
1.3219510730227138
1.3218854998286083
1.3216253328876797
1.3215246725844045
1.3213010715292528
1.3211498138594537
1.3208307328895526
1.3207866338699565
1.3199788159560746
1.3197680882872607
1.3197659137053523
1.3190935489105535
1.3188784454642937
1.3187577676729281
1.3186302499372591
1.3183537153587372
1.3182025791526659
1.3181072787469386
1.317394104818806
1.3173625031161929
1.3168989606961652
1.3166719589077627
1.3164186994236704
1.3161782982847385
1.3154464644609067
1.3153952800565933
1.3152481162288141
1.3151938787442417
1.3147686527720672
1.3146294802342162
1.3145355274987287
1.3144246384599327
1.3143637844802176
1.3141426640572007
1.3140874249619867
1.3138434603431839
1.3138179282178817
1.3137236687305858
1.3136845767533738
1.3135006730160799
1.3132818603722618
1.3130667825370532
1.3127827779064081
1.3127192590111019
1.3124267922899735
1.3119244721622754
1.3110125534388055
1.3105754201431592
1.3105304878881745
1.3104276110651814
1.3103943196909409
1.3103218498691775
1.3101911019938628
1.3100410371047313
1.3100320443642468
1.3099677165445505
1.3097602342970478
1.3095280348242238
1.3094278153721437
1.3094003395782097
1.3093604147096718
1.3093123971090537
1.3091817003618802
1.3089693300986545
1.3088553030596637
1.3087558549082325
1.308708893106153
1.3086179185380977
1.3085444106653468
1.3081314104615274
1.3080040650268736
1.3078508504067159
1.3073165238601687
1.3073140127593603
1.3070972356044623
1.3068031914004499
1.3066238184802057
1.3065502298404761
1.3064218392457085
1.3063749067871206
1.3063128050666142
1.3062701214124695
1.3061923678015601
1.3057073615896564
1.3056645252808929
1.3056286589737314
1.3054944565380888
1.3049204487195134
1.3048856063315126
1.3046069579096995
1.3042425030585758
1.3039163352085676
1.3037711115640265
1.303615484720952
1.3034862519911552
1.3030369480556647
1.3030165634308217
1.3029544528312178
1.302867993128396
1.3023538895101041
1.3023404730800481
1.302255550868314
1.3020511386502547
1.3018985497118229
1.3016533610920691
1.301556923012763
1.3014507577613148
1.3010424119703288
1.3006102468845813
1.3004563054407199
1.3001706919331859
1.2999726067031265
1.2999339603940767
1.2998524690604341
1.2996001486678994
1.2994527886784788
1.299374658838349
1.2993326437519301
1.2992507861954055
1.2991048627198851
1.2988628204047354
1.2988611080083099
1.2988485451881817
1.2987561807484693
1.2987327734510394
1.298685822589237
1.2986856088227141
1.298622279326348
1.2984514740824258
1.2983252601622692
1.2982561030544737
1.2978777482835337
1.2977620023467613
1.2976399510378385
1.2975804006295097
1.2975244287261174
1.2972415101906789
1.2971741358037199
1.2970424745167852
1.2969857800104996
1.2967743146416393
1.2966774131112508
1.2965601437801417
1.2963351722247394
1.2962989475276887
1.2962933025795185
1.2962218218092521
1.296158487134802
1.2958287002802997
1.2944910909283556
1.2943234615840375
1.2943020303706829
1.2939730262988844
1.2936109673218374
1.2936084720042644
1.2936041706336818
1.2935930136641569
1.2935750425560415
1.2934819894320073
1.2927615582309528
1.2922064820647132
1.2920584890272551
1.2915510316457421
1.2914941253958803
1.2911691558577874
1.2911337733129946
1.2909674674320109
1.2908012094241461
1.2907121945985334
1.2904951308687873
1.2904922479956966
1.2904482603449492
1.2904128333042792
1.2902665871591266
1.2901503829749281
1.2900437347108933
1.2899002496389482
1.2892328429750621
1.2887892892845645
1.2887401543959012
1.2887202661906969
1.2884575827832274
1.2879852243497321
1.2879281275719325
1.2876555989507492
1.2876554682958932
1.286997429624025
1.2869578368563444
1.2869397513546288
1.2868241720131592
1.286722944121909
1.2865878461118514
1.2861049314546558
1.2860829718018836
1.2859447217124107
1.2857940901880152
1.285793557015303
1.2856400067650364
1.28551440449051
1.2854837736727451
1.285309684197524
1.2852064534592369
1.2851357505879073
1.2849420192897534
1.2848945769106237
1.2845315255350633
1.2844809316240502
1.2844709259687592
1.2844114019398989
1.2840303454178241
1.2840237351503816
1.2840004360436394
1.2838358115288124
1.2834392872936966
1.2832588989643507
1.28314291574482
1.2831395921168547
1.2828045033341429
1.2827558418109251
1.2826679685176843
1.2826606684526185
1.2821946652069687
1.2821919339877519
1.2820466846105061
1.2820322045121555
1.2816800948254545
1.2814166679163255
1.2813439125595367
1.2809832986295544
1.2807413029688244
1.2807174014033038
1.2806666422105599
1.2806349612106656
1.2805396849861499
1.2804942920313598
1.2801706087147426
1.2800764419711825
1.2800173717955585
1.2797188392932544
1.279463721514126
1.2790595921026839
1.278872869324897
1.2781640780110546
1.2781538507104098
1.2778769974590507
1.2776400105345063
1.2774035239313617
1.2771687761665418
1.2771282983297734
1.2766297859576585
1.2766242487377351
1.2766182103726442
1.2763615787675564
1.2763461553072593
1.2759405999293114
1.2759045955115951
1.2757891814435978
1.2757272088388882
1.2757165446548413
1.2755904794107156
1.2755856315489622
1.2755001113884252
1.2752403057077648
1.2751005473842492
1.2748229596005702
1.2743433502828887
1.2743194675406762
1.2741850507069177
1.2738250849385115
1.27374704132207
1.2733482801348723
1.2732980214892675
1.2731745295544761
1.2730419936832746
1.2730389241374533
1.2725802075106771
1.2722558288045693
1.2721684938372124
1.2718731243755048
1.2717692487804302
1.2716156096433318
1.2711879348170794
1.2706001328411005
1.2705904369817265
1.2703801334387435
1.2701591745446188
1.2701396040622082
1.270042402584582
1.2700295961356185
1.2700072076521733
1.2699024113550272
1.2697459103121571
1.2696417735042005
1.2694944921394145
1.2688428220399901
1.2688014587641061
1.2686000215453146
1.2683971311340223
1.2682975363531546
1.2678685613263085
1.2678643301295782
1.2676023182930192
1.2674678962352584
1.2672227151910913
1.2671105624862837
1.2670470728614693
1.266945524457368
1.2668977001019295
1.2664554750701762
1.2663170431117858
1.2661049977209464
1.2658511151228142
1.2656922255098129
1.2655264255651266
1.2653363344916637
1.2652975561584294
1.2648970558039514
1.2647952570670891
1.264561254030484
1.2645044988512462
1.2644525279562793
1.2644344667494842
1.2642178278512688
1.2640483541228829
1.2637747437777913
1.263571686200589
1.2634956815919762
1.2634649396279463
1.2634369892709292
1.2631273760731108
1.2630286837546456
1.2629374699392859
1.2629286672282585
1.262824860800261
1.2627567990168556
1.2624717774919776
1.2620478708277671
1.2619611813981968
1.2619445779599543
1.2615699987852305
1.2612653889923202
1.2611349156883049
1.2608690244260063
1.2608501652745798
1.2607514857124602
1.2607406327877231
1.2607024907711055
1.260518751551317
1.2603855655194092
1.2603716367610081
1.2601351179174858
1.259912272366001
1.2595239572110353
1.2594801069646093
1.2590755971016792
1.2587212002546297
1.2586969274623279
1.2586070791134043
1.2585487048772119
1.2584306513853785
1.2584074375354901
1.2583267404680378
1.2582423964920377
1.2581566155983033
1.2577040548759397
1.2576055054341777
1.2575244584579843
1.2573536552014717
1.2572469842128522
1.2571959687426566
1.2570324454835688
1.2567395594451107
1.2565749011157474
1.2563351641188136
1.2560210646676091
1.2559966785789423
1.2555461761249116
1.2553835160496158
1.2553178072440669
1.2551570711244702
1.254720044230069
1.2546335989213773
1.2546287244394696
1.2543924799899522
1.2542201785530789
1.2531577968754375
1.2530863427954695
1.2529374284143224
1.2528742008697815
1.2528219381465209
1.2521909547084416
1.2521822079595877
1.2521346545753624
1.2520875457267664
1.2520458194362423
1.2520430116011438
1.2519370811114632
1.2518712234855232
1.2518602052735066
1.2518103939080387
1.2517526748364813
1.2515380679885399
1.2513523613692565
1.251272844362213
1.2511154950199754
1.2509810244974156
1.2508769358175023
1.2507108568985408
1.2506288357508579
1.250555190155938
1.2503002341526432
1.2501300824496133
1.2499019706163725
1.2498925373682439
1.2498736386676366
1.249850248441343
1.2496889566493026
1.249388323105735
1.2493645929524502
1.2489020159644582
1.2486199633850175
1.2484841011014896
1.2484412280167569
1.2484262787418272
1.2483963753887184
1.2483319137056399
1.2479486624622982
1.2474897732642203
1.2466021903950628
1.246406166923731
1.2462583637381777
1.2461907371143364
1.2461877336175669
1.2461780471736055
1.2455800712587033
1.2454233774249217
1.2454057393742248
1.2451683800886575
1.2450436128287872
1.245011633421953
1.2447373276956903
1.2443764354346507
1.2443072203727163
1.2437024010820086
1.2436767923476482
1.2436554529318014
1.2434497165185929
1.2433554280329606
1.2433242076994977
1.2432991965380085
1.2432811114410742
1.2429176495621284
1.2429074355896865
1.242568414348592
1.2423836223042715
1.2421915610417762
1.2419806929276342
1.241950013511516
1.2418139357338644
1.2417366297885342
1.2413382110764264
1.2412843448169031
1.2411380933279101
1.2411021212201148
1.2410806673985351
1.2405474432774464
1.2404531147583813
1.240376844860783
1.240175358487692
1.2399122962198834
1.2398817464700769
1.2398542546284359
1.2398304186193314
1.2397918333120792
1.2396398989669031
1.2395280544311271
1.239465849481082
1.2392782361026835
1.2391795898555182
1.2389859972659871
1.2387640498461441
1.2378999688017041
1.2378846219461246
1.2377947661500373
1.2374978007152164
1.2372951435845054
1.2372767391208015
1.2372149118799474
1.2371949518147336
1.2371913361807449
1.2368557867323495
1.2362510361650778
1.2360609206672579
1.2358301722847693
1.2356801727524558
1.2354888742612331
1.2353818451838587
1.23528363165493
1.2349321202271608
1.2345491949042458
1.2344312286580357
1.234240492539856
1.2339340677918078
1.2333647196611104
1.2332856022452892
1.2331116471510828
1.2330440614770086
1.2328566233904132
1.2326991576420243
1.2325829684524159
1.2325736930486899
1.2324940120075325
1.2324001554679964
1.2323352509563985
1.2322316570192646
1.2316667570329896
1.2314350163110925
1.2310515172894225
1.2310266699115331
1.2308548554161036
1.230827075140112
1.2307014753749044
1.2303256155803977
1.2299701982411695
1.2296369607664923
1.2296100833360875
1.2296031552105262
1.2294723785983979
1.2293652715316787
1.2291447164337577
1.2290857454364266
1.2286274428712882
1.2284977599421578
1.2282247205406234
1.2280435769924394
1.2277698017357679
1.2277606406666794
1.2273451149549732
1.2270236357641873
1.2264505220524304
1.2263301126732786
1.2262834899881752
1.2262630473580334
1.2262040160140595
1.2260926338381029
1.2259504220050672
1.2257351410368871
1.2256828777475386
1.2256657834923987
1.2253773062041409
1.2253272751041635
1.2252958231831914
1.2252363541514621
1.2252139198160814
1.2247498835590132
1.2247355081715585
1.2243074498435649
1.2241322508300516
1.2237907716725354
1.2237629870274098
1.223684808876546
1.223674443908447
1.223625131248844
1.2235708805821435
1.2234780217794747
1.2233415015519669
1.2232925741826373
1.2231320327988739
1.2231264859457307
1.2229119135387976
1.2228302845173626
1.2227906905678174
1.2227245247055616
1.2225530179930795
1.2220875804927198
1.222077698651449
1.2218056714031706
1.2217781883303296
1.2217584015690632
1.2216786373458801
1.221275986648791
1.2207915298597525
1.2207615373466221
1.2205023986906134
1.2204778582690208
1.2203379035368378
1.2202395276890263
1.2202110011546694
1.2200366554699638
1.2199348668432315
1.2199031988101527
1.2195221704453754
1.2193203035435083
1.2191752003760699
1.2190709578312919
1.2190673585773526
1.2190510763566558
1.2188448820102398
1.2185358440562903
1.2183927941394292
1.218356827984423
1.2181963642934883
1.2180679915275741
1.2179823990598155
1.2179803027308236
1.2177823715971536
1.2173852698052727
1.2169630873196515
1.2168464301559707
1.2167636177609746
1.2167351766784706
1.2163852086235885
1.2161463656072671
1.2160541198325707
1.2160534749282874
1.2160304594429814
1.2155290372527974
1.2153136337210144
1.2151304943678001
1.2149440098472604
1.2145952003476819
1.2143776093774525
1.2141355071256301
1.2139523597003334
1.2139461137031755
1.2138142362792808
1.2137190702219747
1.2131597026359724
1.2130683861139637
1.2129460817392159
1.212919671112465
1.2129003616324601
1.212686853957176
1.212668738880224
1.2126609728005013
1.2119491507440816
1.2119402255268898
1.2117114406970682
1.2116921235815061
1.2116142885357573
1.2115760472250408
1.2114460965661737
1.2114289282965083
1.2113792520704125
1.2113158473350452
1.2113096158939878
1.2110607721170381
1.2109306161956324
1.2108813902618591
1.2107578424031524
1.2105900228618118
1.2102370629934602
1.2102236366550145
1.2100602637117366
1.2099637390701923
1.2099297126992659
1.2099294330079697
1.2098282497451593
1.2097460361180601
1.2096944616142249
1.2096884410518041
1.2093889037835814
1.2090688246886696
1.2090183512988801
1.2081170626699693
1.2079478946956554
1.2078887949561474
1.2076753454230054
1.207642416316401
1.2074961412067227
1.2074211555314718
1.2073499431614654
1.2073435021095682
1.2071855619545977
1.2069895609909036
1.2067730027786858
1.2062604556148879
1.2060598841625512
1.2060125081042683
1.2059070962336815
1.2057225782993046
1.205601640270769
1.2055299167617299
1.2055247264025559
1.2054489041274883
1.2054265478966275
1.2053309101414424
1.2052845672561137
1.2048756606486561
1.2047305282956047
1.2046271141139047
1.204056569426232
1.2040436440948807
1.2039236005620815
1.203921288344705
1.2038533045894124
1.2036226101693932
1.2035198808753467
1.2034493195886999
1.2032629169172475
1.2031766669753243
1.203105158760194
1.2030922646063749
1.2030342867881993
1.2030299620411078
1.2029742829680909
1.2028211652564365
1.2027296991164811
1.202462938064548
1.202408518220079
1.2022972969804284
1.2022914713808572
1.2022549881374789
1.202176290775983
1.2021087170989504
1.2018580144727882
1.201792927327709
1.2016932696768863
1.20141350116339
1.2014090709470848
1.2013438772173073
1.2011416290538817
1.2010542684810372
1.2009830893410602
1.2007127695332864
1.2007097188023297
1.2005648748331119
1.2004596773882874
1.2003419299421554
1.2001865827206493
1.2001747104334146
1.1999398563132742
1.1997765543269963
1.1997119947498687
1.1996116393796852
1.1996014854154313
1.199556538287933
1.1995022143042169
1.1994897389866348
1.1994832549404264
1.1991907115383507
1.1991483442874111
1.1990545139414637
1.1989205540061085
1.1989017220563107
1.1987545535303008
1.1986984621954335
1.1985258340782459
1.1982605130045387
1.1981940700390432
1.1979693231672526
1.1976698907307479
1.1976423631697763
1.1970452591035774
1.1969944958718584
1.1969199737761649
1.1967360868049874
1.1964842496683523
1.1960616617178217
1.1957381027185396
1.1956005545347583
1.1955847864806359
1.1955720774520788
1.1953965420778168
1.1953962732148224
1.1951516573462588
1.1951167879499647
1.1949899366605881
1.194981794673136
1.1947766902624539
1.1945445658124907
1.1943562498947433
1.1943415841932907
1.1941097898651176
1.1940747196948327
1.1938437533810975
1.1937521576338925
1.1936658504982591
1.1935404753505594
1.1932148002849265
1.1931867399905658
1.1927504196328476
1.1927086823548834
1.1926718097618458
1.1919771770796947
1.1919619583675511
1.1918784778140021
1.1918256622274492
1.1916587647792551
1.1915710927313024
1.1915672138282423
1.1914967684018472
1.1913734405695224
1.1912360160460345
1.1911552550747107
1.1910782350168254
1.1910020284638023
1.1907578352311601
1.1907463554890516
1.1906542772716533
1.1900920780959141
1.1896462803373866
1.1895266041779584
1.1891731764084548
1.1891656062270308
1.189114202837384
1.1887770054657971
1.1886142417334904
1.1884556313567907
1.1884086121759776
1.1883431465053731
1.1879043581514068
1.1871604892825931
1.1869488138871533
1.1868990235902133
1.1867278563311245
1.1865134222486047
1.1864771860571304
1.1864123322969495
1.1864113068031699
1.186210922443264
1.1856807319936267
1.1855501106584416
1.1849035864000557
1.1846318491567172
1.1844547490479986
1.1843053464619573
1.1842514369898063
1.184122324311218
1.1838364111965456
1.1837397555379909
1.1837089210841836
1.1835954114578
1.1835672375837203
1.1834422967994285
1.1834001340941203
1.1833967568200279
1.1832907911234782
1.1832188153641028
1.1831678143079039
1.1831378432367465
1.183108384010426
1.1830049082821907
1.1827315442638242
1.1827273636555367
1.1826735633313104
1.1825834925182817
1.1825008517752178
1.1823380380216986
1.1822681112807478
1.1820765825675592
1.182050532178359
1.1818406711347393
1.1818247690444867
1.1818167342557131
1.181501301130766
1.1814987779528081
1.1814529954420829
1.1814074816638909
1.18126795723777
1.1812385597303914
1.1812307175885244
1.1811593193392222
1.1810869988091464
1.1809802382993604
1.1806435783405584
1.1805610228091454
1.180023592215494
1.1799831843001312
1.1799241674966017
1.1797898016073176
1.1795800729174641
1.1790372789468178
1.1790332227361542
1.1790075044456747
1.1787243584357001
1.1787055324133158
1.178631566812582
1.1784666640838599
1.1782693668149435
1.1782176087426297
1.1780715024720234
1.178009412619426
1.17727473645092
1.1770194881772633
1.1766066484317237
1.1765953280525925
1.1765264772858874
1.1765044157964795
1.1760463608442671
1.1758377977504375
1.1757472770505892
1.1749068090668084
1.1748630490930458
1.1747413240705782
1.1746945539516209
1.1745195572103397
1.1744280557040199
1.1744210192712736
1.174370651596325
1.1743398768415012
1.1741263025854565
1.1740500248857568
1.1740452084975648
1.174025507766848
1.1736715794975199
1.1736375601965516
1.1735138083281413
1.1734837569964069
1.173378314783764
1.173199180921547
1.1731301262774962
1.1729668612419282
1.1722251420054028
1.172200139685972
1.1720818085137026
1.1719658934051449
1.1716544699289526
1.1716466814432944
1.1715958721399073
1.1715500335175795
1.1714491774016955
1.1711244171314381
1.1710919916809122
1.170815817290868
1.17032422306468
1.1703218993884057
1.1700814224989813
1.1698465123386399
1.1698240113195701
1.1697670338949449
1.1696639178281325
1.1695915842949802
1.169394406057811
1.1692828134173847
1.1689442601365565
1.1688926024649415
1.1688769133475339
1.1686498632404774
1.1683066524866419
1.1678398470187499
1.1676135095091922
1.1674429129338424
1.1672472391621131
1.1672310929713592
1.1672225660705369
1.1672068697950935
1.1671193217601374
1.1669108562923551
1.1668475638327631
1.1667630752705311
1.1664888961786331
1.1663883754583872
1.1661205331104256
1.1658099827855049
1.1657374138960015
1.1652893575644578
1.1652295253602465
1.1651284553752261
1.1649862062287966
1.1649285402265681
1.1648304582028828
1.1645103208284202
1.1644374047466419
1.1642975829497435
1.1641913742504706
1.1639645386268564
1.1639528299059858
1.1639403254904237
1.163815526977096
1.1633351464443384
1.1631975363021017
1.1631868850233356
1.1631606054583665
1.163158132911905
1.1630823037829465
1.16269195224151
1.1625396940428268
1.1625046547124105
1.1624056072403579
1.1623574688778928
1.1621997936054671
1.162042902698974
1.1617970051396791
1.1615328993384979
1.1615206645178859
1.1615096344162652
1.1611664835363322
1.1610502390144029
1.1609728718940422
1.1605279904292338
1.160459796626083
1.160230845304711
1.1601742753858533
1.1600577384254422
1.1599160143379577
1.1598358537916795
1.1593729240471213
1.1593588912435024
1.1592490612766151
1.1591742750652823
1.1591681324041008
1.1591616848373785
1.1590019543162473
1.1585568565856323
1.1584958580065405
1.1584767203029045
1.1582989597231845
1.1582332000595286
1.1581671692806665
1.1580777395944843
1.1579826958381823
1.1579470301086217
1.1573628291412972
1.1571135542413402
1.1570121031167333
1.1568297688492408
1.1560805284525939
1.1560094404361436
1.1558459456911283
1.1558033261681906
1.1553391132493334
1.1550718877532278
1.154996185520752
1.1548262985106816
1.1547790315389495
1.154757350788808
1.1547496169824489
1.1546987425831783
1.1545212427254594
1.1539544512094528
1.1538648255095945
1.1532377468929862
1.1530630677626783
1.1528369529368525
1.1526429944059746
1.1525964330442282
1.1523120393250581
1.1522244857091826
1.1521899223513432
1.1519852358922125
1.1517686171773258
1.1517473316497482
1.1515796365374886
1.1513090600454976
1.1511201869718508
1.1509950495310091
1.150962802974683
1.1509117026086213
1.1504907302549874
1.1504646204472908
1.1504625766571555
1.1504572862189799
1.150205620401519
1.1501422902945828
1.1501286577436467
1.1497990995776759
1.1495705717114941
1.1493716939386467
1.149128265503546
1.149124829486009
1.1491213287570241
1.1490967160649725
1.1488077117376227
1.1487804845002516
1.1487473162266946
1.1486368325237644
1.1485396914675734
1.1484898386594529
1.1484059600235357
1.1483782248536958
1.1482864285982346
1.1478417411068103
1.1478196752003831
1.1475124759703283
1.1471493046337133
1.1471187485852805
1.146960425011897
1.1467506448335985
1.1466985147004325
1.1466752369561988
1.1463317772688633
1.1461552948925655
1.1457425079199757
1.1453627728590965
1.1452667815938868
1.1452369180600426
1.145007608633787
1.1449554669144582
1.1449060516731255
1.1448546098583661
1.1447288351150184
1.1445997050136607
1.1443300207916423
1.1441371009591816
1.1439288449546394
1.1439146548887773
1.1436707754819329
1.1434257805798131
1.1433474244311834
1.1433417841333011
1.1430381921397226
1.1427010706816179
1.1424413668298989
1.1424347045553975
1.1422204329314187
1.1421083249501525
1.1420365104058054
1.1419880961975195
1.1417607977314921
1.1416306887601653
1.1415346119187033
1.1415149204869177
1.141474404861361
1.1414450966063685
1.1411591932473619
1.1409534887966142
1.1407656004935562
1.1405613318490913
1.1404044466608922
1.1403814790533724
1.1402876342691777
1.1402009271861009
1.1401177533260625
1.1398488568602596
1.139756457079891
1.1396627550321228
1.1392827835234167
1.1392703650570466
1.1389602469110904
1.1389308569554533
1.1388892578211525
1.1387092251216573
1.1382443418651667
1.1380832145585951
1.1380733419493476
1.1378971386933598
1.1375344199384883
1.1374674593803376
1.1373773003757053
1.1373036471356115
1.136926579136307
1.1368448466900161
1.1368388733080754
1.1367393720559407
1.1367349496280836
1.1367291408105973
1.1365437882298144
1.1362214724660569
1.1360750457431636
1.1357878509405068
1.1357414316220604
1.1356705275930055
1.1353559099266231
1.1352324931733624
1.1351128649824112
1.1350670287362565
1.1350044476411012
1.1349521904078208
1.1348224504015951
1.1346530715865701
1.1346073667539327
1.1345606574879685
1.1343068601968966
1.1342590070839156
1.1337285586047257
1.1335433011327509
1.1332768586744311
1.1330870339417056
1.1330249277823883
1.1328810405311833
1.1323924743557263
1.132291953208453
1.1322080109919082
1.1321872172244452
1.1321555437549362
1.1321449457582979
1.1319885597328023
1.1316544417226169
1.1313291509973107
1.1311165094379561
1.1308939063534347
1.1305775990792424
1.1303893577705784
1.1301319608168992
1.1298684388425428
1.1298174722442973
1.1296022375774328
1.129505633161326
1.1294601490668237
1.1291738173216335
1.1290001569187802
1.1289950229639898
1.1287858187678295
1.1287580800625197
1.1285596363397432
1.1284595992735647
1.1283535335837693
1.128104098246824
1.1280224770444323
1.1279891749897097
1.1277409896637083
1.127401743097485
1.1273529731757002
1.1273244474385082
1.1271233373558418
1.126817013867349
1.1267715383685126
1.1267693619280306
1.12674287090362
1.1267052564174913
1.1266722571884014
1.1265677327275008
1.1265530381280504
1.1264014280570389
1.1260346294919437
1.1260248115454716
1.1259493514877204
1.1259376537838068
1.1258454082140039
1.1258152487460367
1.1257963500023551
1.1256156706016307
1.1253513299207043
1.1252855758565516
1.1251992772281494
1.1246788557191976
1.1245672252029795
1.1243084254283666
1.1242048285645987
1.124087482039166
1.124019711263597
1.1239499904064965
1.1238643950010223
1.1237478602867679
1.123692807917587
1.1236252366771939
1.1235523047328086
1.1235300627078852
1.1233283305184087
1.1232154672801968
1.1228611535134583
1.122851654824301
1.1227189996200841
1.1226429861798553
1.1224726238511749
1.1224720128647769
1.1224167026619594
1.122379092018436
1.1223304915065679
1.1221161409668328
1.1221128014724107
1.1220884004282761
1.1220190262349166
1.1219716937694857
1.1218074791673915
1.1214999167238109
1.1214541341720898
1.1213576187929524
1.1210721181412913
1.1209989718715059
1.1209025878868137
1.1207285851106186
1.1206934364496237
1.1203928037877766
1.120278962615276
1.1201886564601611
1.1201213895305284
1.1200615165782899
1.1197431522292023
1.1195552050801989
1.1195128358677777
1.1194846214230798
1.1193138779127538
1.1190225345008378
1.118938188229615
1.1189078792714833
1.1187468825398099
1.118740523250342
1.1186227459410238
1.1186225930037483
1.118491363023435
1.1179292804475895
1.117911377629315
1.1178444172978557
1.1177575670927993
1.1176831532028302
1.1176051579001693
1.1175455116513713
1.1174951851642703
1.1174546892007287
1.1173494890848596
1.1172777081490988
1.1171174479029511
1.1168822005671222
1.1168435287772296
1.1166840791902917
1.1165778133979982
1.1160265606639699
1.1158429235264038
1.1158412190034799
1.1155898793512293
1.1153790305942866
1.1152330212965924
1.11521849438063
1.1151813096020275
1.1150876416540243
1.1150850612448497
1.1146308843939279
1.1145425531597473
1.114542463924614
1.1142824539750684
1.1138382092416164
1.1138203042290002
1.1138112388132335
1.1136305110181168
1.1135858961905356
1.1135203451734494
1.113494618768557
1.1131300341018735
1.1129735824186395
1.1129611112818159
1.1129359138847525
1.1129067658555625
1.1129061494344608
1.1128059036986129
1.1127323104079263
1.1126870398655093
1.1125719686908195
1.1125691470944519
1.1123075530344555
1.112176740937014
1.1120655527536458
1.1120159722017595
1.1117844422120555
1.1113703947819455
1.111365784794667
1.1108398973775548
1.1106282330151811
1.1104192580533871
1.1103231086619134
1.1103003253383177
1.1101647744931158
1.1100367368496804
1.1096723019648334
1.1095300901618523
1.1094831979742339
1.1094660334640267
1.1094027739460961
1.1091847735104758
1.1090917803699014
1.1089692372524573
1.1088470162528199
1.1085856941412555
1.1083756758598029
1.108353957509673
1.1078839400505958
1.1078017123839321
1.1077514475031236
1.1076739696923363
1.1074763648627812
1.1072920530229051
1.1069696373392821
1.1066975505083931
1.1065125803903579
1.1061131231267061
1.1059003100512625
1.1057009169583081
1.1055988576753695
1.1055648954912716
1.1053519240687597
1.1052543139165307
1.105111893790514
1.1048158376814619
1.1046145408904411
1.1046081007490012
1.104579361354092
1.1043882825529352
1.1043328598783808
1.1042749306655792
1.1042149420461196
1.1040161736607743
1.1039441366502503
1.1037603064982082
1.103756056482873
1.1035691399699428
1.1034644741683588
1.1034138391757424
1.1033552991436277
1.1031168648291545
1.1029922817825619
1.1028813255954075
1.1028338375661719
1.1026256945233996
1.1024737751029625
1.1024158230552024
1.1024096210506003
1.1022050327380046
1.1021568306357108
1.1020362166126116
1.101806490759959
1.1017047611826229
1.1014826982359498
1.1012874881291235
1.1011422925665661
1.10101809833113
1.1008102120651848
1.1007545484225165
1.1007327863165026
1.1005333546397549
1.0999462553216386
1.0996652757153005
1.0995264587059073
1.099116870321547
1.0990546567912693
1.0989821047698722
1.0988977588942399
1.0987701450944822
1.0986637413702633
1.0985392724040757
1.0984004805883771
1.0983240915004842
1.0982932856168952
1.097870811798827
1.0977668662345967
1.0976132383126618
1.0975864916804881
1.0974846192078156
1.0973918492862911
1.097347204408045
1.0972290854172153
1.0970596089005675
1.096999337797584
1.0969148415398964
1.096857226011994
1.096787009072131
1.0967314887888162
1.0965513286728756
1.0962384726682002
1.0961329022130164
1.0960096692182273
1.0959139879319044
1.0958651945685038
1.0957693012184218
1.0955998301676375
1.0955633170299128
1.0954985339856278
1.0954722238025141
1.0954514746147432
1.095403958139336
1.0950309039609725
1.0948228278417489
1.0948170431801911
1.0947957800131385
1.0947322693062798
1.0944921625836781
1.0944398054107054
1.0943119394010901
1.0940640842449754
1.0939560825462804
1.0939298282783092
1.0939275629356511
1.0936781079825257
1.0936628117118545
1.0936535309910282
1.093591146851199
1.0935371465904316
1.0934455123733451
1.0933641378167207
1.0932810293224258
1.0932106264485035
1.0930454903018212
1.092736448289116
1.0925645653196063
1.0923689274642445
1.091992491459264
1.0918693969844941
1.0917481738400385
1.0914645807862497
1.0913425771914202
1.0913264672133174
1.091170890126989
1.0909281670749182
1.0907375599639852
1.0904788290270548
1.0901161708888145
1.0901126431300989
1.0899855508338647
1.0899754629427483
1.0897726761500599
1.0895955893853262
1.0895351331914689
1.089347010734919
1.0892628981319596
1.0891709624763628
1.0891010797097842
1.0889005021398661
1.0884040549863754
1.0883346274209857
1.088226646740766
1.0881955038648401
1.0880390381371146
1.0879634093803141
1.0879601752170807
1.0875730582113621
1.0874605955740413
1.087404971465882
1.0871690835218089
1.0870924640900901
1.0870339749333853
1.0869356463548547
1.0867191578716719
1.0866302608987399
1.0859784298861153
1.0858871626457918
1.0858242072519624
1.0858225433784432
1.0857873136334601
1.0855276357328754
1.0854889633220013
1.0853149433406026
1.085250137529234
1.0849675177935616
1.0849439678345441
1.0848143197512587
1.084723991615423
1.0846940466838508
1.0846616459646821
1.0844396625599273
1.084314009066033
1.0843073148241247
1.0840645458329614
1.0839177923443546
1.0838405264372568
1.0836092569237086
1.083378712869896
1.0832294787482271
1.0830041565714541
1.0828288192719977
1.0827823524438638
1.0825578339870334
1.0824486985555055
1.0820206981630924
1.08190034017752
1.0817632154982009
1.0815943035962197
1.0815766581137092
1.0815616256591614
1.0813015048239387
1.0812764605819429
1.0810101774782186
1.0809884035660002
1.0806902750742799
1.0806687587574584
1.0806579147198414
1.0803987854623602
1.0802695305380012
1.0801656088879539
1.0801615794135355
1.0799802437228998
1.0798034455175909
1.0797923463415424
1.079765766783674
1.079622364460864
1.079458312094181
1.0789488015632522
1.0788738590047977
1.0786945498312119
1.0785813204527852
1.0783016438138116
1.0780175618369432
1.0778142262753472
1.0777948926836411
1.077646864499775
1.077611989377266
1.0775769254737881
1.077507639949373
1.0772259550857075
1.077039916579023
1.0770090694589418
1.0769314415507407
1.0769225580777393
1.0768928016799124
1.0764963239883425
1.0764743980491458
1.0760411371177372
1.0758787789221742
1.0758040368271526
1.0751515981162645
1.0750757014669587
1.074958721326787
1.0748953918211031
1.0748684726818665
1.0746772431613065
1.0742504321290793
1.0742377171367268
1.0741343304330877
1.0738715977478572
1.0737548761297511
1.0733432237942078
1.0732699368813035
1.0730826519581553
1.072984650033924
1.072787229483545
1.0727539702273692
1.0721306231432359
1.0721129399548426
1.071987267388824
1.0716529092722842
1.0715829122458298
1.07152737268929
1.0714992853521794
1.0714823561114724
1.0712371252063455
1.0711421153692804
1.0709086477027459
1.0708737670710393
1.0705211686064564
1.0704971920115942
1.0704040601271487
1.0703993158020484
1.0703554606160988
1.0701079538424474
1.0699318059442198
1.0698237491833524
1.0698055226801162
1.0696718756528767
1.0696235480358303
1.0693414841914379
1.0693050022150974
1.0692813254556714
1.0691486398528232
1.0690210139207132
1.0690165470792989
1.0689635672689466
1.0688122891638869
1.0685868632924105
1.0684246422160695
1.0683824655018541
1.0682455668682982
1.0681966849763047
1.0679007627411579
1.0671309149533632
1.0671258452962924
1.0670775033063762
1.0670604891851572
1.067013967776038
1.0669861753922902
1.0662094987255573
1.0661612874160715
1.0658614807251485
1.0657878594479999
1.0653153892448579
1.064821917617083
1.0642907218970443
1.0642176195720772
1.0642158565937649
1.0639734630122988
1.063940935733833
1.0637401362937684
1.0635861384653158
1.0635382058152802
1.0634864720677657
1.0634734305957936
1.0631304126082775
1.0628819183840961
1.0627487103203477
1.0626771912664184
1.0625262286744162
1.0624197451019834
1.0624159031014651
1.0623807218429078
1.0622857987793459
1.0621852993513339
1.0621466955360859
1.0617227903698947
1.0615003946920449
1.0614782941130307
1.0613570017808855
1.0612625557517366
1.0612326491501376
1.0610730449845973
1.0607919346828618
1.0607654940184867
1.0606547896110416
1.0603393061064443
1.0603056995159457
1.0600970042841913
1.0599753049808438
1.0597783498852564
1.0597655659914123
1.0597621975764695
1.059761458984716
1.0592586646030755
1.0591475708674578
1.0591138893522711
1.058946406370773
1.0589320237197271
1.0589101650101915
1.0588977736593577
1.0588436813136755
1.0586548343202347
1.058647883014318
1.0585740470760674
1.0585735198157165
1.0584311811991522
1.0583992682382533
1.0582655513094976
1.0582255876636957
1.058217067411604
1.058150472724223
1.0580757812808295
1.0580472952600264
1.0580138237742376
1.057953314835419
1.0577184191764784
1.0574911211737437
1.0573142067854695
1.0571943308864944
1.0571620420884253
1.057123921362966
1.0571094040382163
1.0570656534339891
1.0565617368314093
1.0564601226269654
1.0563477561293295
1.0562179060938843
1.0558009787927702
1.0556628681225071
1.0556591800576276
1.0554358174233365
1.0553741409997488
1.0553112376776277
1.0550196554986759
1.054630411415951
1.0545762345835636
1.0545392849280433
1.0543518137526673
1.0543079018836035
1.0539922597126137
1.0539871378039525
1.0537697758567166
1.0537614095308026
1.0537190250106798
1.0535626944553169
1.0533511687798065
1.0532380846412785
1.0529693834766647
1.0526574278668568
1.0525051329799024
1.0520731686097216
1.0518850558055775
1.0518375524109906
1.0518057499715809
1.0517593820754823
1.0516535742900557
1.0515708578137242
1.0514786606219335
1.0514199034206557
1.0512656528311328
1.0509727262574946
1.0509126869348233
1.0506506120559758
1.0505836376843678
1.0505123782122427
1.0500895920992899
1.0498817142875725
1.0498529952815907
1.0495726222055379
1.0494971897026983
1.0494520362200066
1.0492911766409385
1.049233298484421
1.049215751064841
1.0491185561116374
1.0491123350459515
1.0489270539057707
1.0489212818436979
1.0488113050032601
1.0485707280488636
1.048518715631958
1.0479448655844243
1.0478157053492714
1.047801700149132
1.0477289539943793
1.0477014747080631
1.0475456245873855
1.0472045833314616
1.0470599285338924
1.0470517759900035
1.0469952533478497
1.0468740834641457
1.0467812375206158
1.0467506241235256
1.0464644365659781
1.046335130492356
1.0460620046519551
1.0460501336410812
1.0456010582939665
1.0454050020028651
1.0453838814816954
1.0453394954159343
1.0453302760694023
1.0451830594254072
1.045054717505169
1.044997406929026
1.0447808334554647
1.0445005828664851
1.0444688113027227
1.0443897314191795
1.0443579444709965
1.0441759567437716
1.0440384312778368
1.0438481833691631
1.0438168399060317
1.0434956289368664
1.0433859150396525
1.0433075438780901
1.0431764686188081
1.0430935681435978
1.0425038749652535
1.0424487613948952
1.042120656701063
1.0420027228819697
1.0418458516814795
1.0418231019034108
1.0418119236438241
1.0417721672802671
1.0415054636133909
1.0413569008926611
1.0413536648855457
1.0412200908835454
1.041190759613335
1.0411452841374162
1.0411142065583119
1.0409659108024361
1.0409420797408833
1.040818226596969
1.0407445279873948
1.0407152382071081
1.0406200429944525
1.0406196424936982
1.0403016667700165
1.0401450364839855
1.0395546658793984
1.0395129331769875
1.0394935622090116
1.0394864244254771
1.0394106420248179
1.0392635655099984
1.0390298394536528
1.0390059467191457
1.038952051295968
1.03880702412614
1.0386478464968658
1.0385419815162855
1.0385154884890402
1.0382601286632813
1.0382563032177305
1.0382044851293595
1.0381744292433412
1.0381106009799743
1.038062360348903
1.037984490897905
1.037573868327528
1.0374323205266665
1.0369238022132092
1.0367924749820125
1.0367642776787391
1.0367044427618997
1.0363144064681331
1.0360580213344122
1.0360561083048989
1.0360463351571254
1.0360250756436573
1.0359278265880498
1.0359231607468651
1.0358271442935274
1.0356760168348209
1.0355570374797107
1.035398517055043
1.0353702951013102
1.0352262409946458
1.0352219843476627
1.0350906189568581
1.0350144518863322
1.0343873054000445
1.0343807438492916
1.0340993231815878
1.0340921895946706
1.0340811769216376
1.0339669349196954
1.0339494105524842
1.0339241571714743
1.0338334000775447
1.0335210302667108
1.0333957927652828
1.0333754807683837
1.0333601897505325
1.0331553555317012
1.033144340013854
1.0329143267954828
1.0327437356937006
1.0322968493879849
1.0322777540886678
1.0321358873490385
1.0320553557498182
1.032020558167615
1.0317567276049131
1.0317514177691087
1.0315867183002398
1.0315242961156175
1.0314753960852112
1.0314571508169477
1.0314130397132637
1.0313144302130337
1.0312116072698128
1.0310546604100019
1.0308641774005141
1.0308171986585435
1.0305157512369154
1.0304216691106198
1.0303296502901182
1.0302643133244769
1.0302476743337914
1.0301006638892702
1.0300068102639179
1.0297212997044847
1.0296893633738873
1.0295720690048342
1.0294165166918257
1.0293470386255934
1.0293144998151507
1.0290537736200938
1.0288362060958673
1.0286849491160008
1.0286844978268832
1.0286614851304641
1.028620472874382
1.0284653779046724
1.0284418952071925
1.0283791658906956
1.0281197355637843
1.028076150852129
1.0280459447902359
1.0280102707025207
1.0279564499131451
1.02792196171744
1.0275573993558595
1.0273668282115698
1.0273561261084794
1.027338428405961
1.027206733374211
1.0271636376927535
1.0271587574004972
1.027142172309893
1.0270241183441806
1.0269715857004478
1.0268838780163312
1.0268188648094794
1.0267924922786786
1.0266754267105447
1.0266446232781101
1.0266198120904126
1.0265443424280172
1.0264099422935404
1.0263643064522237
1.0263050870832136
1.0262316601464871
1.0261600318142214
1.0261375376320885
1.0258695697204088
1.025844141930669
1.0257755219827525
1.0256794578730326
1.0254865416973447
1.0254561039421166
1.0253747715376036
1.0253691184877014
1.0253637040686832
1.0252915571578636
1.0252524148964051
1.025162931994636
1.0249919976011186
1.024954010373917
1.0249029163800318
1.0248754918951377
1.024868474608563
1.0245757951521595
1.0243300593078157
1.0238064185556266
1.0237339244807431
1.0236896690201609
1.0232902287410033
1.0230050799354071
1.0228509121030185
1.0228476133316551
1.0227527766955835
1.0224136991451223
1.0223732279527011
1.0220567941415615
1.0220329235181591
1.0219841220184476
1.0219339114256754
1.0218829147917616
1.0216009089185878
1.0214319188827505
1.0213765742983694
1.0212556320679149
1.021052733056494
1.0210095736300735
1.0209669209896772
1.0208450540358509
1.020809611084575
1.0207206582876258
1.0206619076129761
1.0206120212762213
1.0203507342900946
1.0203374256938009
1.0202508859926298
1.0201842823376663
1.0200973027171818
1.0200242657435765
1.0199262673417286
1.0197864241131853
1.019671236478195
1.0193334370709297
1.0192304319667742
1.0192090908517906
1.0191027186073311
1.0190150575654318
1.0189108106510814
1.0185235002984969
1.018336713508543
1.0181594407636734
1.0181339004439405
1.0180983585337915
1.0176779281425443
1.0176242362432915
1.0174901090331028
1.0173121835276686
1.0172735036768175
1.0171198896954503
1.0168862281850295
1.0167208376072692
1.0165930780084709
1.0165897559298647
1.0164863364867016
1.0163012465538819
1.0161243694923665
1.0160514608888072
1.0160081160920498
1.0158043333166562
1.0157940705265527
1.0156953965633939
1.0156380504861064
1.0156177327116762
1.0156168053798302
1.0155979945662617
1.0154704722078431
1.0154110801933356
1.0152867779855017
1.0151340295346618
1.0149861358961274
1.0149259617835578
1.0148440709363966
1.0148238110626708
1.0148194142484379
1.0145907798669969
1.0144128909983783
1.014159428730778
1.0141418726309093
1.0138648113906548
1.0138294633257963
1.0134987746577371
1.0134539826819189
1.0134461421200951
1.0131737430726984
1.0130141206679031
1.0129911704742327
1.0129199072903592
1.0129105313862066
1.0128998571566525
1.0128135287637725
1.0125605271397826
1.0124334475499244
1.0123817765724503
1.0123090438053028
1.0120620521070129
1.0117286896665205
1.0116582277298489
1.0114933836504263
1.011452719501404
1.0114177424454114
1.0113746030125748
1.0112849462387186
1.0110792631894598
1.0110543278844404
1.0109754531868536
1.0108406448319562
1.0107266611297201
1.0105455321931112
1.0105362389081221
1.0105249002425387
1.0102685240585492
1.0102441337727424
1.0101471442624728
1.0097500388865448
1.0097235840034116
1.0095717472264865
1.0094781898536045
1.0094577425216478
1.0092968880776791
1.0092746120041149
1.0092532863811943
1.0091737868592268
1.0088532375963999
1.0087995038047863
1.0085096194431593
1.0083591983497406
1.0083426747488733
1.0082249223253625
1.0081836742311379
1.0081779538822648
1.0080973468137311
1.0079362112848862
1.0077839346266544
1.0077364116552212
1.0076696566844823
1.0072407202689682
1.0071156877381175
1.0070964670724085
1.0070567671610235
1.0070014070622846
1.0069377895761473
1.0066657186942096
1.0066325497115634
1.0065211222734987
1.006512912884461
1.0065000031731939
1.0064733660990555
1.006455039437272
1.0064397096798974
1.0063647683051147
1.0062852322551397
1.0062753882426398
1.0061927172949283
1.0061064846357355
1.0060689795124953
1.006036661923873
1.0060066399748793
1.0055659196695406
1.0053382583888248
1.0053229420109475
1.0051641071232102
1.0050452707305624
1.0048311185260057
1.0046344496546196
1.004465551410713
1.0040589436930285
1.0040305511399918
1.0039438698404968
1.0039028237004595
1.003841604851351
1.0037948704569006
1.0037681237295477
1.0037656786119529
1.0037507914559576
1.0037390166510303
1.0037346185974967
1.0037071654766354
1.0036482452127049
1.0036261068102492
1.0036171079576091
1.0031946766997564
1.0030167629120825
1.0029611168334374
1.0028719408775317
1.0025414812980054
1.0021454665194229
1.0021389407327568
1.0017906808414034
1.0017839709172494
1.0017758926288902
1.0017341510589988
1.0014263311373675
1.0013944185358457
1.0013465274936251
1.0010898890055893
1.0009287948928256
1.0007609255015399
1.000759418944166
1.0007145359091723
1.0006922219339034
1.0006302683188295
1.000468047409232
1.0004614906647558
1.0003743985892135
0.99995661638339139
0.99994215844072898
0.99992542863292067
0.99985205026867896
0.99975647460911587
0.99974912593195608
0.99973392867752786
0.99969073217493976
0.99959846199263325
0.99948457783281497
0.99922870181666934
0.99896657519465093
0.99860021351049333
0.99843677408428344
0.99826437308991878
0.99802830650298513
0.99797786466419403
0.997946478705111
0.99790553120591841
0.99769464138189534
0.99768225050542714
0.99761365395071189
0.99732690114871725
0.99731550089009202
0.99714266448868349
0.99705415571158618
0.99690682128157204
0.99684549261581579
0.99681004085117353
0.99634038846206208
0.99633481858503203
0.99625341501930809
0.99621990700058793
0.99604108115992362
0.99588989242329762
0.99588604082340049
0.99569008960402527
0.99559621094961848
0.99559359085147725
0.99553149190707946
0.99510801777720037
0.99491651643240886
0.99481252087361305
0.99478359285454887
0.99464948772856587
0.99460309790900869
0.99459890269820206
0.99457273860383277
0.99446772283957918
0.99444617443445293
0.99439399127949923
0.99439135271559442
0.99432901384247863
0.99431910459723283
0.99425175587021164
0.99424235325966792
0.9941238635936156
0.99395431609326002
0.9939249892641604
0.99379453296973941
0.99379415927285097
0.99376068781655169
0.99365361489528603
0.99362883494991228
0.99349440643007536
0.99348278918802491
0.99310841660112115
0.99300895411256729
0.99299128840903839
0.99288568754187012
0.99255050298897596
0.99248942271665219
0.99241208081746857
0.99238843915812047
0.99216960820311706
0.99213654445999244
0.99206188104661108
0.9919230805788708
0.99181381459545725
0.99163324574447653
0.99163175517465607
0.99161644771794999
0.99140492177232364
0.99127902103021992
0.9912093244478607
0.99108844094815851
0.99108059841299012
0.99090918223090307
0.99089544771580662
0.99082243228452571
0.99077072138829547
0.99074615334311378
0.99074036417024325
0.99068363934187709
0.990642074437457
0.99053099843416159
0.99040728420529855
0.99030306032269788
0.99026800851651309
0.99012541372276619
0.98985089485223798
0.98984028950972891
0.98977132613936658
0.98973229026674425
0.98952190369157811
0.98911558824545154
0.98898701252032062
0.98896517160615605
0.98886549129521972
0.98879817280422866
0.98872924100718429
0.98819134811196696
0.98795741057988806
0.98787875404528513
0.98785639631768574
0.98744458898271803
0.98731423968845278
0.98710950706921108
0.98707569622191182
0.98704506488816268
0.98699795993643902
0.98678245764411032
0.98673066731530368
0.98662008996317385
0.98659477034022547
0.98618069204360592
0.9860621768424902
0.98601251969209025
0.98593748134661974
0.98593746762549106
0.98591839360378952
0.98590127206638922
0.9858983812545592
0.98569192054805388
0.98559967429349427
0.98544302816117846
0.98532157753829841
0.98529712513531875
0.98521926083855349
0.98520993264628987
0.98496386734662966
0.98487486107389055
0.9847374141008246
0.98464343527547715
0.98462625387479086
0.9846099307324091
0.98431594875185924
0.98428950678788019
0.98403439973042817
0.98402059213288839
0.98392740454355243
0.98387627670441191
0.98382145374767593
0.98378646702953998
0.98376202096113341
0.98340666410399624
0.98334781757318113
0.9833469540626395
0.98310196521330395
0.98295820169453496
0.98292642855428991
0.98264980027822302
0.98250850644771126
0.98249720749657687
0.98246504064418283
0.98245424240683288
0.9823880070071479
0.98237609511650137
0.98216457007696223
0.98213866383849857
0.98210357255115288
0.98186555676247289
0.98184132729435247
0.98183661221540497
0.98167858112454287
0.98136804695868485
0.98100808919352445
0.98095030323830257
0.980911100227713
0.98089119056494212
0.98084893071593737
0.98080493301840355
0.98062292103571591
0.98054694426651845
0.98053085241342441
0.98046317230415392
0.9803741348268582
0.98018101120344991
0.97994239447454556
0.97991440683763387
0.97990049956522551
0.97982118138639718
0.97961744478701451
0.97960528824152537
0.97956105062452292
0.97939695342217736
0.9793567571169336
0.97934921126205499
0.97934885318147025
0.97934123640534498
0.97913191663260679
0.97912348011414441
0.97891629601102625
0.97875363120636949
0.97799153693883945
0.97787457649795873
0.97783084586808311
0.9777685038083207
0.97768505946440221
0.97750724401673494
0.97749415774881965
0.97728264142527166
0.97727590745699788
0.97708010823387115
0.97667113286976581
0.9763124596808973
0.976206614362368
0.97607228687140435
0.97601342998926888
0.97600522406325718
0.97581093710939826
0.97579835124443604
0.9757875004428499
0.97546148054914072
0.97538562408194451
0.97529814061829145
0.97509313815048659
0.9750922203737199
0.97508719959291301
0.9750696180426931
0.97504202683431074
0.9749124406509232
0.97480125840970355
0.97479875754541845
0.97417347748977701
0.97374078093473193
0.97362745330878409
0.97331573497107438
0.97331071641779499
0.97330679761189731
0.97315052352617126
0.97278086652268037
0.97270160610920198
0.9726604700193221
0.97259347679298325
0.97258880882841992
0.97257379056402382
0.97251231376090042
0.97251187576392206
0.97248792623656599
0.97230861517325207
0.97229099395015062
0.9722711107446681
0.97209399674657615
0.9720594350526196
0.97187619487136301
0.97176395591979936
0.97164947390754142
0.97161064404722297
0.97160909958228636
0.97148116927935768
0.97147990528941974
0.971321115048151
0.97132091752968863
0.97118388086410379
0.97110389715061185
0.97056641207950078
0.97028577839360541
0.97024357696519981
0.97014940644894232
0.96994906658872093
0.96966872758635214
0.96962323850685272
0.96957432438468005
0.9695680905366828
0.96956364474761803
0.96951971829949646
0.96890868683851405
0.96888069576968394
0.96881779539298107
0.96875804717609793
0.96866113436321
0.9686465085233954
0.96857685630251611
0.96853771829769786
0.9684401756614146
0.96843720727043803
0.96832371934472061
0.96831852457757495
0.96802484615398798
0.96774675300969226
0.96771913863510683
0.96750614365614929
0.96741198927547756
0.96732544023037903
0.96689647082476682
0.96684271273037636
0.96682588552878812
0.96674629948217017
0.96631921753931138
0.96626269588699221
0.96615653495835996
0.96612452886263223
0.9661050305452954
0.96608077516791213
0.9660361032068564
0.96587325907980881
0.96580519311219348
0.96578438186569215
0.96571483350125931
0.9655374312477959
0.96523106444445361
0.96517614386885175
0.96515649927498559
0.96504426381923947
0.96502497711073676
0.96501075154980098
0.96495003105337529
0.96491410493746876
0.96491312652765115
0.96468288470452535
0.96454237362890693
0.96454095111476845
0.96443584640510982
0.96440746668499
0.9643829804020877
0.9643566438273532
0.96428640516047492
0.96426199115768352
0.96393455839213993
0.96390455811838205
0.96383555300172108
0.96380832400034266
0.9635180874444792
0.96350212153332138
0.96344550924184602
0.96308060511718319
0.96304246015316242
0.96285918886108768
0.96280533753877739
0.96263811903776442
0.96262132822298796
0.96242155010556318
0.9623935436148795
0.9623521926997457
0.96173508358984516
0.96154680382586022
0.96153994622585304
0.96132982517068188
0.96129473326834047
0.96126212914451203
0.96109814338091137
0.96106051089632027
0.9609812565389646
0.96083855065774582
0.96079748176089619
0.96072579580234252
0.96069883677386581
0.96068748216793021
0.96022231665652591
0.96017045521746991
0.96015065741586869
0.95999097224253749
0.95946541547258801
0.9594068678906702
0.95928115797963265
0.95925754249149564
0.95900745685500177
0.95896320338620844
0.95892505519284077
0.95877005874985977
0.95869141024671978
0.95859108982260854
0.95854782120216875
0.95845855448158379
0.95832240216595876
0.95818832206122451
0.95808265637938028
0.95797576323386158
0.95784200595929891
0.95775305317708548
0.95774340851090478
0.95759660794161239
0.95753852487816304
0.95746470568250031
0.95730584678760289
0.9571428714544401
0.95712883223832079
0.95707394255837774
0.95693917114789329
0.95693315200347917
0.95691955007068252
0.95682531697326267
0.95664422496065649
0.95664390540009103
0.95648450018177134
0.95645250153838357
0.95636367672521994
0.95632051645210614
0.95618328358772964
0.95614384375675421
0.95606470038004709
0.95591515415088357
0.95583737908100941
0.95577551289222551
0.95561164493884931
0.95557338197898933
0.95547133212913127
0.95546299028791193
0.9554396011256262
0.95531657376943291
0.9551821676623945
0.95516486375831522
0.9550897635715917
0.95508213691546884
0.95505264867704098
0.95501719592882073
0.95492560843003704
0.9548577443860593
0.95481462787887661
0.95464874814987022
0.95462017309515323
0.95452723513101656
0.95452455595280528
0.95443640457052326
0.95443257255004965
0.95442428165659243
0.95431767861740058
0.95430242663057907
0.95428124847324269
0.95415605236627188
0.95403751903002521
0.95402900804964075
0.95383343283988253
0.95368005579191206
0.95362675760704674
0.95342031369026559
0.95303659752699421
0.95300612766567994
0.95291503581734227
0.95289482791899094
0.95284948052572782
0.95275095679316346
0.95273421687207038
0.95272160266238493
0.95250344132190079
0.9524798341463131
0.95235910413348057
0.95208312228307823
0.95198692252270922
0.95195052293326721
0.95188775785415891
0.95183865117887712
0.95167768734341174
0.9515676543280519
0.95143712622149368
0.95137339264705501
0.95136310339362229
0.95129469095481523
0.95126766151778996
0.9512289132934304
0.95119889193622087
0.95104909018813488
0.95101487226156345
0.95071443918009912
0.95068089954982504
0.95055806847450874
0.95033878766238877
0.95031461663465477
0.95022422713673216
0.95021037508052519
0.95000726925705781
0.94992662201265332
0.94983081566960226
0.94966593471232619
0.94946983586157929
0.94925790696838386
0.94896253782474538
0.94895285513112027
0.9488966925102853
0.94880839546230844
0.94872962192138843
0.9486565525394185
0.94862812043894895
0.94860730254986525
0.94819699551389114
0.94818215791052674
0.94816038083726817
0.94809282690290086
0.94806114288821908
0.9480522598332185
0.94781974983575212
0.94778893131002984
0.94747180150660104
0.94746869146911195
0.94745145125386088
0.94741626579100413
0.94737912945810521
0.94721159758189943
0.94704950765377083
0.94689307644096843
0.94689180279135909
0.94687863947239514
0.94686336921098224
0.94686164727676936
0.94683317657868837
0.946680039605301
0.94662270854181119
0.94648176541411022
0.94646977672720678
0.94632871052096468
0.94614456097034072
0.94609921515050988
0.9460668365276047
0.94602868304748888
0.94600631592817985
0.94599779933351791
0.94591461997458315
0.94586898915356921
0.94584501455208048
0.94570881295039455
0.94570653389275694
0.9456631909422939
0.94560603837474444
0.94559311955178982
0.94535245366253073
0.94516349069700578
0.94507765188879811
0.94496268270473038
0.9448851637621315
0.94465674413090095
0.94456582738580375
0.94441903181787079
0.94438303767807563
0.94437550935980008
0.94433469542687898
0.94422781392809318
0.94421160261533943
0.94394928067668638
0.94385609999845599
0.94385007058160342
0.94371938314352077
0.94332299272260745
0.94321840088392417
0.94321222869814203
0.94312516093361176
0.94304265516414454
0.94280175153127022
0.94275486665525232
0.94263190311932088
0.94256405545630528
0.9422991910454902
0.94226427321008321
0.94220844522009428
0.9421811790680068
0.94207745015990152
0.94204997372803811
0.94191474263964992
0.94187246624860055
0.94183900796802822
0.94170409285414791
0.94167779684646191
0.9416655093804106
0.94162079262132725
0.94137840045266685
0.94108362608111773
0.94085390729080243
0.94072950303601433
0.94072346338127411
0.94069011918435175
0.94065096392162584
0.94035128145152769
0.94032269757974363
0.94023120104500113
0.9401831735717967
0.94009078809990543
0.94009048392644112
0.9400590862447743
0.93983337637100439
0.9397986893461554
0.93975016597709837
0.93934643321291833
0.93929311203527643
0.93909470330024036
0.9387940678307044
0.9385480400473607
0.93820776309668141
0.93817923548166637
0.93813129629899628
0.93801059412920029
0.93798191196699676
0.93795405546814514
0.93793577534118011
0.93774882960427131
0.93769855209703268
0.93766569193218297
0.93746688408688961
0.93737437200848495
0.93715901575163096
0.93688124750281598
0.93678395468381737
0.93677855653408015
0.93676106746202215
0.936535074689545
0.93626536608218625
0.93624433719960876
0.93603119981126504
0.93594182733918563
0.93569527161511401
0.93562292005036674
0.93561958207296203
0.93561839933987723
0.93548522810334267
0.93541702766834656
0.93508889320624433
0.93496533834305551
0.93495737081205699
0.93493289760016762
0.93471859331084084
0.9344520078065105
0.9341932392027944
0.93407498004320255
0.9340717111784711
0.93404766191576294
0.9339128678047286
0.93384583710070179
0.93374053661601231
0.93353010181257479
0.93352184385521342
0.93335361710568865
0.93328488796838993
0.93307314577169387
0.93273817542236892
0.93269844590871942
0.93263422909826554
0.9326012579490337
0.93241322979127272
0.93228293129637785
0.93227405591133594
0.93225552613480289
0.93212278958929751
0.93209878149847325
0.93167178014124785
0.93152674728676355
0.93148899428157272
0.93145884748978336
0.93140776416309945
0.93132010759796713
0.93124308432658787
0.93118059342454784
0.93111584979505757
0.93092295890402377
0.93082839585217547
0.93076629028712354
0.93060319501492883
0.93057298403327693
0.93051726018993042
0.93039063264920119
0.93020048223732621
0.92999955184018857
0.92990974906853174
0.92983888446856344
0.92982769322440884
0.92930212571001825
0.92929865003124146
0.92915591691586574
0.92911662000895323
0.92894318484106686
0.92881891043129439
0.92874800380750078
0.92872164055632278
0.92871976080095431
0.92867670797532531
0.92860563832538889
0.92858531991496063
0.92858054362162024
0.92836546409616361
0.92820798708158792
0.92819188462329949
0.9281242304120032
0.92806650563595705
0.92780340984639864
0.92778383300973555
0.92768271949517411
0.92760302011000217
0.92744629722164273
0.92726878646713784
0.92724570742414203
0.92714682827350348
0.92712616299273032
0.92703923884688966
0.92694058175924066
0.92693049165404695
0.92628774183833285
0.926231024032654
0.92616245532927599
0.92612827770743988
0.92604973460760354
0.92602743683896493
0.92598344582572412
0.92596681992154495
0.92559894932892195
0.92551330577600477
0.92511367511770248
0.92488687479788501
0.92484802602762584
0.92475568595267843
0.92461080512313387
0.92460309857635359
0.9246012827854565
0.92452100779070345
0.92446778223822523
0.92439440820182017
0.92439032960841705
0.92436946440527679
0.92408751588146532
0.92407378655536909
0.92402982842016268
0.92391174812795918
0.92370075753852077
0.92366860199207135
0.9234536461070556
0.92342697026885789
0.92329750622347928
0.92329182189534342
0.9230876822653451
0.92307146241163307
0.92286453887473063
0.92284024509762086
0.92270627977778952
0.92264483922364227
0.92257230424923631
0.92254849138138806
0.92224737269996604
0.92217491448279965
0.92210054814458975
0.92200148741298393
0.92196798492499166
0.92196741777917735
0.92195938296461877
0.9218248154267551
0.92173583089947619
0.92148531162377922
0.92102117503677117
0.92089316501808971
0.92083175119897698
0.92082644247192325
0.92071063347865578
0.92067950677456911
0.92066297660623964
0.92057575608979292
0.92054293665993214
0.92048925955101268
0.92040166632887377
0.92033453185500602
0.92027007657911331
0.92026181923867489
0.92020579348894238
0.92009839726790488
0.91995361456555425
0.91995198702995207
0.9197090513333307
0.91969869338823762
0.9196729790175171
0.91961621900458046
0.91958088175868791
0.91947152511988484
0.91942315919868756
0.9192512015300317
0.91922567633719543
0.91902348816910429
0.91902264104608178
0.91901551841088414
0.91882427693769964
0.91880032939642053
0.91873833717290576
0.91854114027311817
0.91834789231037317
0.91824708928534426
0.91823446773160422
0.9182161995320437
0.91818148832656243
0.91810829719048892
0.91786469327484121
0.9178223176516912
0.91769502131625358
0.91767435601657599
0.91767046864663004
0.91764067693454032
0.91756373244971168
0.91739407754145819
0.91705381499351557
0.91692792131509648
0.91674937004284685
0.91654781315690959
0.91647543770931217
0.91640644447890629
0.91628691854777722
0.91627695696530986
0.91620954532359222
0.91610088787072352
0.91592556614000908
0.91558325211970404
0.91545900250886525
0.91534715329698901
0.91520826956498391
0.91518848858307988
0.91517758028576623
0.91506865045966745
0.91502782927935156
0.91501313380505567
0.91492176006225501
0.91489082741438876
0.91487565868039378
0.91472881138450612
0.91469736552631253
0.91466831433539897
0.91463731427067463
0.91461558560752321
0.9145833998519135
0.91456923740253193
0.91448117784502758
0.91421802705978583
0.91419299568466017
0.91389612241797535
0.91379176997807732
0.91360746150046501
0.91351937244787762
0.91348830137469472
0.9133904078393561
0.9130352308114783
0.91301324000031536
0.91295093121527893
0.91273517548144123
0.91260953275476075
0.91246934802842905
0.91242711177508284
0.91233843661767666
0.91233558685571381
0.91220579502401944
0.91191645907005747
0.91190757558055369
0.91180128657985793
0.91180059836544802
0.91178340045727657
0.91168802943881211
0.91167574778730165
0.91166897603509101
0.91156290261010253
0.91147998957024245
0.91144566727102716
0.91131048670418002
0.9111462698961954
0.91103325582017181
0.91090182891047466
0.91073086224900446
0.91069258941605935
0.91054012767103221
0.91019365014633347
0.91001394873422192
0.90990825381067852
0.90983225374013121
0.90973702120541555
0.90970088672651961
0.90960333607225508
0.90959236702021562
0.90952993081065092
0.90938983202307699
0.90933810585355235
0.90926809116528495
0.90923612423833255
0.90918720592394653
0.90898219004176528
0.90872774965585701
0.90864921051949243
0.90841012640250118
0.90840834823582184
0.90838951537337209
0.90822261251026859
0.9082211056408247
0.90799954825223839
0.90796415967696942
0.90794488712825194
0.90791102725789041
0.90788296966050663
0.90780220003912881
0.90773844401095238
0.90765820814963671
0.90759158156246422
0.90748651995780971
0.90748406986874919
0.9072491274618989
0.90712822132457993
0.90703966045564166
0.90700150101464827
0.90685606439984867
0.90659878175900288
0.90642633280508766
0.90622926137688931
0.90616298522148397
0.90604303790277663
0.90602727506748426
0.90588980561665622
0.9057781707834216
0.90569845701255447
0.90558341739758141
0.90548057354244682
0.90541674673702432
0.90541413921536096
0.90530272890263952
0.90526153102112106
0.90500352606849988
0.90461758499451095
0.90438858722393056
0.90430830441215471
0.90425960224972879
0.90411674362524941
0.9040513163448054
0.9040093911167052
0.90399421015933212
0.90394449801698418
0.90383369927230284
0.90377218620178879
0.90370812532803035
0.90369068047205825
0.90361167395959308
0.90321602935936551
0.90315618980538848
0.90313246379284584
0.90298754051181684
0.90293204732084298
0.90288574385927634
0.90276121876062743
0.90253655208774597
0.90252519695406064
0.90248011456605448
0.90243561840075459
0.9023752789037095
0.90236113045307464
0.90229216858006189
0.90220778740646457
0.90215227080191229
0.90209131505656104
0.9020266419447811
0.90186074112192616
0.90151410503098128
0.90146187161700697
0.90145246323875539
0.90143721912988839
0.90128323968231905
0.90120884027580983
0.90097227113440559
0.90083814284127806
0.90080540056357683
0.90070169034153535
0.90069337189229381
0.90060020406035057
0.9004456520610431
0.90043838928986442
0.90038819921498481
0.90037455545762901
0.90035725235467801
0.90031528122293114
0.90025387493971432
0.90017628075841727
0.90015906126921053
0.90006209242777335
0.90004310146964761
0.89976787781383216
0.899720810495373
0.8996970249659888
0.89965311499328304
0.89961271347713256
0.8995139308301181
0.8994290329637965
0.89935361902392807
0.89929428143782897
0.89894387418460342
0.89877787501280704
0.89866309887129792
0.89848414395028287
0.89839021064962898
0.89817655411071229
0.89812698542373492
0.89808605733528091
0.89805383149870877
0.89785971996401515
0.89780313803145795
0.89771777200608183
0.8972518357669832
0.89724219504277625
0.89718261900330631
0.89713806829951737
0.8970139928653198
0.89690296079440435
0.89689641418336219
0.89689233365004828
0.89681745496235332
0.8967289688485891
0.89653304461515393
0.89640161566649801
0.89638470733080478
0.89636849238614769
0.89633411120864848
0.89615993725794363
0.89593362295500101
0.89568390336647996
0.89567809995671932
0.89565226610184812
0.8956209884999099
0.89557708057289886
0.89554436789332259
0.8955082272271655
0.89530657393384394
0.89506304735894104
0.89481901682284248
0.89479115029476963
0.89471149305165198
0.8944446918607758
0.89437788499557169
0.89421590575227983
0.8942055142929346
0.89408644315394104
0.894018425829606
0.89382545264557212
0.89377598190802654
0.8937619976624297
0.89353865282802258
0.8934295023504697
0.8932987884706669
0.89328137883680958
0.89319909285009991
0.89305946099352995
0.89281233434304308
0.89270397171445381
0.89252210235482587
0.89229106076077658
0.89179663675183785
0.89160681133822495
0.89142467271341963
0.89126474422157476
0.89120345350703023
0.89116025492954865
0.89115521052304203
0.8911519795256998
0.89093191928762316
0.89092859598477869
0.89078441808596609
0.890652574838111
0.89058929112812601
0.89041442441640639
0.89037108407700849
0.89032688562578499
0.89031513820962327
0.89028652245602324
0.88985622651063567
0.88980795114973432
0.88967252257908747
0.88958602660101938
0.88955191906948339
0.88945121227562252
0.88944717693732989
0.88940673304475582
0.88939542699622764
0.88935151893362629
0.88910314414290503
0.88901499910050308
0.88891048624312885
0.88875548205977795
0.88871676334052518
0.88866363456738962
0.88858141091694443
0.88833341964796009
0.88820690324756058
0.88810431463440997
0.88808982476494047
0.88807077837095716
0.88769391880693127
0.88769302475667577
0.88755827054141501
0.88755822497610637
0.88722725598643459
0.88717286546759866
0.88708434181797002
0.88702685699797623
0.88692287510009371
0.88664415125492413
0.88646006757785867
0.88631000928312886
0.88607417147166867
0.88595126208212427
0.88586732517954447
0.88535706780604262
0.88528527587055039
0.88514958038183611
0.88501335241871515
0.88487499520455104
0.88482414822675171
0.88474882234276875
0.88466930149533585
0.88460850692004755
0.88448434124868036
0.88438106688204976
0.88413568232053708
0.88412560346794333
0.88411045279386102
0.88404916557283653
0.88403324733462252
0.88399883056438711
0.88386878803377489
0.88384208984291834
0.88367703194566338
0.88363341415240804
0.883501852413622
0.88342835670194697
0.88342439435332931
0.88329387589403463
0.88324245228113596
0.88304680332801255
0.88300839097126826
0.88277056417075328
0.88263536452652924
0.88224695862812519
0.88210161082751737
0.88187455696585204
0.88180398499181778
0.88176884100149699
0.88171146370070297
0.88162203638194914
0.88119008714904368
0.88114746050074977
0.8811249266853286
0.88105646947243976
0.88104336557299168
0.88069504768090212
0.88068004960739721
0.88063358477882847
0.8804918224852667
0.88035089822308221
0.88034972384510901
0.87998118944388193
0.87995558166369925
0.87988122242226807
0.87984647024384188
0.87953215123086759
0.87946185221583439
0.87937163695704057
0.87931548520753189
0.8791556932092649
0.8790216879881908
0.87897315388050234
0.87893056048561957
0.878889844628024
0.87878151724109121
0.878731322955005
0.87819629900398066
0.87814657070306468
0.87809693775879283
0.87805269823490351
0.87801186749360161
0.87784868518863002
0.87752618781026803
0.87751268928129889
0.87750691575667872
0.87723447215893713
0.87704605133057489
0.876581690144005
0.87643415055474005
0.87617886116150256
0.87612926582658268
0.87612607728616321
0.87609283995609488
0.87590795265047561
0.87589521784244195
0.8758783658338124
0.87582256453244633
0.87577288535004094
0.87567310180616742
0.87567280152216398
0.8756351521284238
0.87563126349929088
0.87559079757296099
0.8755473822844283
0.87540507197914175
0.87523933739590132
0.87523445569859915
0.87519294747417831
0.87510558800724902
0.8750929367630701
0.87491759786834422
0.87489378949134922
0.87483721804339054
0.87479236166126728
0.87474437624016821
0.8747027881646241
0.87469285672435926
0.87465459551954983
0.87461947970212894
0.87457845822297153
0.87455462617137614
0.87452627341433342
0.87449679881829356
0.87447814484264552
0.87438839399450219
0.87438211594833981
0.87428457480760868
0.87419548592188745
0.87383438860075191
0.87371045564865346
0.87369096796997492
0.87367321023455169
0.87357871935899434
0.87336402019556181
0.87300381187838305
0.87299807340253077
0.87299044996411312
0.87269763289943436
0.87236251928600117
0.87222173812944648
0.87215370827081717
0.87169425830632874
0.87151364332864401
0.87148980734784098
0.87141890883618578
0.87116559084934941
0.87102801282232167
0.87095113138336711
0.87091976456473763
0.87091596122090176
0.87073472267188523
0.87068426593329107
0.87054421916422131
0.87050156005946533
0.87049267662574648
0.87046248997948972
0.87046139238532794
0.8703608915999671
0.87032927853147724
0.87015482576800529
0.87014491597616284
0.86999560928072606
0.86996228216195637
0.86995574827671718
0.86994025747498926
0.86979718470460543
0.86978228254860923
0.86973672497717436
0.86948375049198212
0.8694638979874294
0.86943625781284928
0.86930977030982926
0.8692965495756183
0.86918977365521166
0.8690583568771153
0.86905255578680496
0.86885406101075324
0.86883165508918669
0.86874075835209608
0.86854014808495306
0.86848658747276586
0.86840421239577859
0.86833579179676335
0.86830580326996409
0.8682820781157039
0.86818504946457509
0.86810098660232504
0.8680881174698547
0.86807688643537495
0.86768256844287495
0.86753216731498772
0.86737127229535793
0.86717035783782592
0.86716377760466612
0.86706430350186481
0.86706235514280094
0.86702070156324373
0.86691895875731129
0.86666533030217108
0.86665985832962877
0.86642208906070584
0.86640487891293583
0.86619525218337534
0.8659978074543252
0.86593868973641808
0.86592140258542583
0.86585644323690547
0.86580397150956512
0.86578192461342496
0.86561738247503206
0.86560613919145712
0.86548998465380944
0.86545554181084638
0.8653312121476564
0.86521106512922652
0.86511738642809799
0.86491933650823105
0.8646466070600386
0.86459340501616466
0.86441418930121894
0.8640457851439991
0.86400276396172426
0.8639543656690617
0.86388883665641936
0.86383898906631074
0.86377849067272217
0.8636010731324506
0.86357670229209615
0.86352837627436585
0.86341139927053523
0.86336868920128029
0.86330903183358476
0.86329056041647922
0.86326721797498018
0.86326421423744215
0.86322024505308748
0.86307301766824773
0.86298557775795526
0.86297018170014583
0.8629159480407983
0.86287758284695915
0.86270548282137705
0.86269985474766364
0.86265439097206598
0.86238061388912945
0.86228753948319337
0.86226503305510294
0.8622522334533077
0.86221954243487875
0.86219261324612451
0.86201991544731815
0.86195764687753895
0.8619188552126873
0.86186208491820016
0.86184830369002119
0.86180264067681245
0.86174534392122759
0.86173707653157638
0.86165171877293045
0.86119487323613808
0.86118260433632765
0.86113815589332943
0.86106231918077558
0.86105806461361345
0.86101639293362842
0.86099901120762579
0.86095362841225831
0.86086446115957271
0.86078259571031435
0.86053939600426888
0.86049231269120319
0.86034642866463629
0.86034457088149963
0.86029497913442898
0.8601686650412651
0.86010656071010216
0.85992215387531334
0.85990093878166818
0.85967842802484784
0.85964011240635518
0.85962491633740601
0.85956460836575277
0.85948119696232905
0.85940364533384961
0.85930030363812626
0.85923074097468266
0.85914337238571914
0.85899348585503976
0.8589047105393548
0.8588192056103009
0.85870359704641497
0.85863352994646258
0.85860268380741855
0.85845691308988437
0.85836654746653585
0.85813469946394849
0.85807941851226455
0.8580549486324528
0.85805139376141637
0.85802114849304179
0.8579764233058359
0.8578580031006765
0.85753727453606898
0.8574431440594602
0.85732346168194551
0.85721995068731671
0.85711422408046889
0.85710590596571823
0.85691400788760175
0.85676500404348255
0.8566223570762993
0.85658701829425632
0.8565151069606538
0.85648571738776313
0.85644929941087422
0.8562705590316485
0.85623702948545832
0.85617311802321949
0.85603649926641634
0.85601986741345226
0.85587980290961696
0.85586093905525196
0.85579355533261847
0.855736273131254
0.8556885442966099
0.85566403106652544
0.85554929842559357
0.85541476341239953
0.85538516773115281
0.85522693058603438
0.85513911642645879
0.85512701393384216
0.85506257431212707
0.85473925911615123
0.85465764738847083
0.85453937983650197
0.85451243441142599
0.85450991972066037
0.85429594921589114
0.85426712908600999
0.85417961600488745
0.85408334450502388
0.85407426526784447
0.8540216520406263
0.8540195898640246
0.85394126818708105
0.85382648365283942
0.8538006168095803
0.85378778323559434
0.85374306573752246
0.85364882102660278
0.85359422151322839
0.85353655472021361
0.85348428477425442
0.8534568069688655
0.8532452944872263
0.85317088370656546
0.85307656485027716
0.85298744270076898
0.85286769479790103
0.85283141176026489
0.85277928845576978
0.85256347488170192
0.85251126867438054
0.85244721678548807
0.85243081858580838
0.85242122335086223
0.85237257552158152
0.85197514843633781
0.85168936249070848
0.85164324666460334
0.85161508834272037
0.85152875101943915
0.85146517130309451
0.85140588315943633
0.85138096820007136
0.8513592937691512
0.85117871240200138
0.85111718959621552
0.8510681847830559
0.85101577827668906
0.85086940536950861
0.85086868395428761
0.85083780066920423
0.85081265955469987
0.85080994404878052
0.85078687288796739
0.85066380399318564
0.85058876606313949
0.85052512178671391
0.85052327599854449
0.85042225363776958
0.85038260796695608
0.85035580805227629
0.85011676580943552
0.85006602355902605
0.8499580341145283
0.84975522662232339
0.84970149416233376
0.84941387109468114
0.84934636397012264
0.84928446046110628
0.84925847816981592
0.84915472283287152
0.84910622082951004
0.84906306362964368
0.84905240858198572
0.84884237454415767
0.84877557151561944
0.84870641704682748
0.84866463953453619
0.84863905367348536
0.84858623616970685
0.84850317462450076
0.84819985739965076
0.84805763516185384
0.84793125446220763
0.84784496669243858
0.84765977516560098
0.84760854826640797
0.84737232297493692
0.847354836083129
0.84728541083533593
0.84725595525231767
0.8472291857426747
0.84703217472486259
0.84700177908278629
0.84694191838477817
0.84677873601269649
0.84677285035659988
0.84667521875794605
0.84666391079722603
0.8461293218914383
0.84604595511377889
0.84597240014771269
0.84584463438147695
0.84579622884187899
0.84567540475303249
0.84563974611243464
0.84555162708104958
0.84554561204872536
0.84528717393603059
0.8452194840575884
0.8451508462153895
0.84514709793412701
0.84513062889422885
0.84491816290201038
0.84489578682836441
0.84482761331881318
0.84463417864064538
0.84458908199486704
0.84438427004231775
0.84437850396339864
0.84413801811237477
0.84375678243677121
0.84369506031559605
0.84360571892273306
0.84358908626693818
0.8435772691613187
0.84348024360290264
0.84322546893336447
0.84300053397745345
0.84298039602613606
0.84289424870032226
0.84286126031646769
0.84281755125901225
0.84273005498670561
0.84261897776427852
0.84254085204909823
0.84250601301071593
0.842357128048007
0.84235089907241445
0.84223367972703322
0.84218115537104432
0.84214263541161061
0.84211128342689701
0.8420836134579297
0.84208212704985086
0.8420798965431987
0.84205393174425147
0.84168755804004769
0.84168317718045049
0.8416095055213314
0.84130500382131512
0.84125550009232208
0.84123390043466506
0.84119243171532454
0.84110411816667729
0.84092908545742451
0.84084951047701728
0.84079435526285173
0.84065682731782876
0.84061326765641009
0.84060442094524901
0.84018754013222963
0.84018135222424539
0.84014914571512345
0.83996594331285912
0.83981437178452401
0.83977267608192852
0.83963538054262832
0.83961581999803414
0.83961344144343864
0.83937194183795727
0.83923663160090023
0.83900636086718239
0.838985883048597
0.83890089470553963
0.83883338813014718
0.83873122521466192
0.83872168876471664
0.8386356285621841
0.83852335509978115
0.83837600137321067
0.83802738107468067
0.83779657190223544
0.83775680875124947
0.83767102321344489
0.83758906867604443
0.83756960631221578
0.83756101666160854
0.83737686409388556
0.83737628482260384
0.83726851100236299
0.83725798374859184
0.83718236418576764
0.83715359569362457
0.83696900029023436
0.83695488835689047
0.83691694763104973
0.83685768264932936
0.83684096948657694
0.83668421004297577
0.83661215739861494
0.83654655542287804
0.83640934597721484
0.83639187082633215
0.83632900202533556
0.83629368842628038
0.83616135457164475
0.83605348835287863
0.83593146251176342
0.83591616026231119
0.83587811875766149
0.83585328143781912
0.83582021709110044
0.83562627341644224
0.83562533043625964
0.83558717125023929
0.83546846456699231
0.8352755120948232
0.83503936952827051
0.83501054220330506
0.83497908783825703
0.83495404489270142
0.83491378336174971
0.83488136291546178
0.83482671100451522
0.8347305195527146
0.83449792240453224
0.8344772695989241
0.83441752127723423
0.83428878439940157
0.83408062410170247
0.83405418848823121
0.83397996800130714
0.83392182185391206
0.83390766659398996
0.83386938062535343
0.83383896647522893
0.83369380588509867
0.83366589155309867
0.83346744543425277
0.83315166287135289
0.83309136839179987
0.83302172574651079
0.83288423868076389
0.8328659404623916
0.8328644298726573
0.83272212110216515
0.83265985807826592
0.83259853684145324
0.83259483930127864
0.83259347673669548
0.83243062078561569
0.83235289526627632
0.83230130028344196
0.83208603381667312
0.83206484521624502
0.83200621077377557
0.83196027575905729
0.8318532716276682
0.83174711094331166
0.83173769780375084
0.83152566643500792
0.83148716076160112
0.83129289767205417
0.83125660964931047
0.83123338838915262
0.83121469949776794
0.83116631470394897
0.83113538768317652
0.83113029601059318
0.83100872530970027
0.83100797711851093
0.8310054050731166
0.83095445147248892
0.83089299634733538
0.83054071856350442
0.83051498097730236
0.83045578522011021
0.83040282503822405
0.83032119243113089
0.83027148773954029
0.8301963656387098
0.83018860189048871
0.8299760894671312
0.82995920808401036
0.82987970192519322
0.82983232908492655
0.82974128719170415
0.82971058366436246
0.8295444050957903
0.82944765657181307
0.82928477842579673
0.82921986945616089
0.82921764398092468
0.82918491746763356
0.82915597997935375
0.82903666604375481
0.82896087968305987
0.82895061564642103
0.82890746950664151
0.82869243481424226
0.82852329053456497
0.8282961910366432
0.82820040873928313
0.82813755823586432
0.82803944681870034
0.828031156191397
0.82799276667248767
0.82797829065856465
0.82795331474199496
0.82791193895510695
0.82790313740664634
0.82787950639919194
0.82780220790130754
0.8276978127904332
0.82752273336845883
0.82738671772756256
0.827370706459579
0.82734228836815993
0.82723259661800563
0.82712469517196663
0.82700639374330831
0.82697532679383357
0.82692501546636554
0.82659105280113299
0.8265185922081002
0.82647267144508219
0.82644701790662867
0.82641147297656992
0.82625283489572632
0.82623662278486254
0.82621545669412577
0.82618211027119082
0.8261551617647821
0.82608374159274056
0.82603231491772255
0.82597480224284137
0.8259615779341215
0.82584239624864497
0.82569973780944073
0.82526980573732678
0.82520119469022601
0.82507560185542039
0.82505930203575106
0.82486116897306705
0.82480698177248823
0.82472794468749944
0.82459765134168039
0.824157548320952
0.8240666878395454
0.82406333079153937
0.82404730834656803
0.82396797082222351
0.82372395146540622
0.82370091204525853
0.82369381206868075
0.82365834158429929
0.82347489201065649
0.82334393602417377
0.82327086310794861
0.82322646876045769
0.82315883646537391
0.82314344891785451
0.82311157747823038
0.82280307889622095
0.82241895404693888
0.82227415993750919
0.82223004013851186
0.82214111190712358
0.82209642557562768
0.82204182973621198
0.82190362240730119
0.82180996978887721
0.82179857367748088
0.82174520548926266
0.82144249477492648
0.82142361156698296
0.82124298238592996
0.82096524844566465
0.82088140447649682
0.82075694717488024
0.82075367139816979
0.82054545196672024
0.82050825577953579
0.8205000154965606
0.82039732793744846
0.82033171195455956
0.82015817230201737
0.82004202169341334
0.81994782281309231
0.81981756265638062
0.81981072956505818
0.819671741413035
0.8196121310510377
0.81958190284385568
0.81949019576415938
0.81947998512461406
0.81936011127009245
0.81930342509276211
0.81930290941176698
0.81928702680816046
0.81922145780304734
0.81915350107983265
0.81899240325178047
0.81886717660516339
0.8188038396771139
0.81871753569265426
0.81870832282540706
0.81845820110626177
0.81836467987554673
0.81830775284332291
0.81828984571470509
0.8182832831232546
0.81821811499657982
0.81812328482627394
0.81807135661535835
0.817972825317969
0.81795878948138689
0.81778370559269364
0.81768989834893535
0.8176557045460362
0.81760955712564864
0.81757285036151905
0.81755582404554628
0.81750446232814655
0.81741627648741344
0.81733249508948991
0.8172496239237319
0.81724074399039726
0.81723268985083619
0.8171611502727506
0.81710652140769768
0.81694572848984393
0.81693236157408855
0.81686041109929997
0.81669633609460823
0.81642058270367213
0.81637971685451216
0.8163396601052777
0.81633861266821495
0.81627160364922624
0.8161864528586551
0.81616113060556505
0.81603987105554021
0.81600430569168736
0.81594658192174163
0.81548622652970137
0.81528776727447116
0.81525863010203847
0.81517708174448333
0.81517015297549456
0.81503606029425368
0.81498881419918578
0.81489575585206686
0.81489265712153836
0.8148783500266864
0.81486754907719816
0.8146445754585695
0.81457269232670382
0.81453626264018608
0.81432312917428262
0.81431683014668366
0.81429551140504464
0.81416570078226469
0.81394107459919085
0.81391924568129836
0.81377657817964899
0.8137481880986821
0.81352712858117726
0.81342058625180935
0.8134025533304382
0.81330717119937646
0.8131844459064006
0.81312908535779049
0.81309876359354927
0.81295933867946146
0.8128897611278677
0.81270232233779183
0.81253860498522279
0.81245635290157148
0.81240726765568616
0.81238586830629878
0.81226240094236146
0.81194370674490257
0.81190795866645782
0.81181377836241542
0.81178194120863156
0.81177832183061727
0.81177238061171841
0.81166667478490795
0.81165720173919731
0.81159533770601933
0.81159368271063514
0.81132333385969169
0.81128795655117603
0.81115051464010279
0.81112916144921965
0.81111066919089103
0.81108137301391237
0.81088486027011386
0.8107902565034002
0.81065713563327479
0.81063301416337696
0.81058210640252137
0.81047123794957721
0.80998432536816523
0.80995767971697408
0.80993578809482381
0.80984308091686596
0.80962149475925915
0.80960015918577377
0.80948284060144871
0.80936288896251596
0.80925160062167023
0.80915878538388908
0.80910823789960806
0.80899349886400662
0.80899260968777709
0.8089848499827974
0.80897446006910623
0.80878430304637094
0.80875042230556493
0.80868072088848364
0.80866180630095341
0.80851326313507221
0.80850434697631335
0.80849327938977988
0.80846467615402751
0.80825897466648122
0.80820939263504776
0.80817772737721116
0.80816318029750267
0.80801539224993546
0.80800556371510446
0.80796104658153434
0.8078629712415164
0.80774711084262318
0.80773288297893364
0.80771733909352772
0.80766726061873029
0.8073344132555399
0.80733257312472562
0.80723465391910443
0.80721388170197106
0.80720071135553451
0.806891092318752
0.80683942163020916
0.80679829109564372
0.80678760639826297
0.80675781651459366
0.80670381132415814
0.80669794125084437
0.80668872663424052
0.80667140184660024
0.80655803975742757
0.80634896314133042
0.80628740339765859
0.80624935565970246
0.80619552726633081
0.80614171131346157
0.80603039377639785
0.80600747530856298
0.80591309675348954
0.80587545296354524
0.80568543732309361
0.80556255533781917
0.80542346306787582
0.80540026656908792
0.80538940225542022
0.80525905661958752
0.80515692600657429
0.80493572445409511
0.80485773647431458
0.80485346487253628
0.80481360131862867
0.80479374863938602
0.80478886311679942
0.80472737563141017
0.80471885958073119
0.80468670851608715
0.80460127192545094
0.80456685941455486
0.80447984753836654
0.80443966379939402
0.80434873914289462
0.80420758686853799
0.80419150901868153
0.80415998246849196
0.80414385151636525
0.8041030545796678
0.8041029492412779
0.80408935472967913
0.80405951966845024
0.80405236314890294
0.8039054083320154
0.80387772742535446
0.80367199127112732
0.80359483238532603
0.80354871296024266
0.80348830700534002
0.80343938368477119
0.80341476861173733
0.80331581204100944
0.80329551833025936
0.80327100419503628
0.8032441329501242
0.80313492164688438
0.80310227520074196
0.80289313391299055
0.80268096191352811
0.80263132485751998
0.80258989133793734
0.80249452313799174
0.80225915675668669
0.80225406160851997
0.80218226296662332
0.80196254357869012
0.80189067220236276
0.80174840901625766
0.80173287405407112
0.80170943895581392
0.80154893855620191
0.80153563056530186
0.80138904411185707
0.80135621157208414
0.80129750391843835
0.80121511112242383
0.80115707841291173
0.80114208509659479
0.80110980831257239
0.80109835861823142
0.80109722548948059
0.80103050959136057
0.80097684694214411
0.8008656046397844
0.80084122583302975
0.80083060101000525
0.80072078283021075
0.80070289307580356
0.80068192255253579
0.80066744831203196
0.80049648946615393
0.80034124024337927
0.80029878179729397
0.8002412598551828
0.80016918781048019
0.80007174355237509
0.80006661570347815
0.8000645988414522
0.79996194612598193
0.79991147671808815
0.7998728810585829
0.79983609178635695
0.79968061741904917
0.79956359883232264
0.79954380994586904
0.79954331170059478
0.79953872749529231
0.79953136963287386
0.79938454488225974
0.79937517387366752
0.79929694611409752
0.79927664247358088
0.79925210850130346
0.79922246497323302
0.79921747976867175
0.79918821781099703
0.79901451695977821
0.79900161748512777
0.79899020442576318
0.79897151657011334
0.79894434422722649
0.79889908744123528
0.79879475348011308
0.7987336258109704
0.79860517796425212
0.79840820553124958
0.79835281715376405
0.79833173881393305
0.79823942904754697
0.79822979818481465
0.79821025366524001
0.79814962986772253
0.79804055150540909
0.797969810099045
0.79788774777017824
0.79788339616034687
0.79783898181665958
0.79780749004749041
0.79774440993182449
0.79757162055819542
0.79747976851709035
0.7974672726602855
0.79744382511449918
0.79742369458148432
0.79726334173300528
0.79706000938505106
0.79700899086735
0.79693672064124887
0.79678797629274867
0.79678633632777085
0.79675165545340154
0.79665215818645607
0.79652997686256155
0.79650427564888893
0.79638749647075557
0.79623028776125115
0.79620761078106872
0.79599048211065127
0.79585553662923691
0.79543011497446192
0.79539658943890568
0.79527168056588682
0.7952659684096296
0.79501085200654065
0.79496004385398067
0.79495057841988326
0.79491501318116597
0.79483475651696189
0.79436629900085431
0.79421004979984
0.7941827331560547
0.79408925166335165
0.79408081598681779
0.79403686395722617
0.79379742479210724
0.79376329394480782
0.793703888083788
0.79365585141160633
0.79338637205285412
0.7933742403601024
0.79320343512075109
0.79318717224025337
0.79314697695577663
0.79312096906903351
0.79302606465537873
0.79293099875131301
0.79276901319096083
0.79257305483925244
0.79250214900867144
0.79248857272009676
0.79248642124160773
0.79242688775921877
0.79225685461410578
0.79222660224311825
0.79212196496189036
0.79195684084477935
0.79184238076451663
0.79181392983378074
0.79180077947292671
0.79176652505302192
0.79170693044852725
0.79138327753013593
0.79137114327892411
0.79090387554024533
0.79088412265180286
0.7907162199966522
0.79065096923923117
0.79053694906809002
0.79039044148750481
0.79019892273009673
0.78987494745314513
0.78976543823557133
0.78971585542861167
0.78970908257184835
0.78968254508014468
0.78958449017703458
0.78952847906413914
0.78951553293805909
0.78949139768897747
0.7894432306190815
0.78919249643776734
0.78905259788898929
0.78901534279986252
0.78881560993134747
0.78867335422025908
0.78851237295023002
0.78851037821450776
0.78844255184133993
0.78842502368800882
0.78840536733909905
0.78837265721710026
0.78826328850321714
0.78820232793915157
0.78817093112722802
0.78801017553006936
0.78797794825350131
0.78792057417666395
0.78787669593125587
0.78780845241094932
0.78776564474608923
0.78764310440484442
0.78755041825266947
0.78746378236671688
0.78739515032915852
0.78734452158157953
0.78713472363026737
0.7870281330603881
0.78698970583040062
0.78676752648828641
0.78673014881269954
0.78666517703291883
0.78642738673975343
0.78621632048141477
0.78614147115629696
0.78586919936469757
0.78585500665093533
0.78578046586931738
0.78575150929064441
0.78557963972116929
0.78549521528197352
0.78524357752250029
0.78520501871017012
0.78513307081334116
0.7849608340780001
0.78478116030807443
0.78472142428375324
0.7845608346500208
0.78453656816842465
0.78435340055239655
0.78397043514654019
0.78388777615251759
0.78375891723716307
0.78360896001776847
0.78356071563112129
0.7834250259691572
0.78330546444074489
0.78325092821333109
0.78313582684501948
0.78302073048816023
0.78291407168700533
0.78274203899819039
0.78266400305126982
0.78263890824760662
0.78258202040567748
0.78243840687949961
0.78242130015519562
0.78241207880234165
0.78238844939439189
0.78237200034425936
0.78227917706567185
0.78214582409477162
0.7821447311103078
0.78212578145334399
0.78190243748974586
0.78187796790223885
0.78183574107640907
0.78174586594867934
0.78162537336654303
0.78159817633730022
0.78155822753605531
0.78147997213762566
0.78145236433833687
0.78142400048194749
0.78116496443279537
0.78113333642667893
0.78098155725690943
0.78097826130635828
0.78092125462321782
0.78088249388819786
0.78085289853773743
0.78080418457477041
0.78078156039625635
0.78077125221624344
0.78074465157239292
0.78073854000771292
0.78073596237984133
0.78066206423059048
0.7806443526042417
0.78057624861593833
0.78057308335973075
0.78053022291582996
0.78052009214327378
0.78044888411723257
0.7804396244711459
0.78032470214489136
0.78031965921683044
0.78028199014932698
0.7802756014931973
0.7802474534433802
0.78012227798454969
0.78001389896579698
0.77972937227531625
0.77963288675981457
0.77957712912554622
0.77936829141201402
0.77936637377610385
0.77934767723790332
0.77934254643495104
0.77920149676260975
0.7791700120168501
0.77914935304214672
0.77906700765683157
0.77903776070581687
0.77892241746319579
0.77884664518739588
0.77882896497932275
0.77872619895960171
0.77871565829779199
0.77868290452357947
0.77807279475180691
0.77807152739206842
0.77799896056484907
0.77792816342903726
0.77774765903936927
0.77768552897533294
0.77750990163044686
0.7774395748409012
0.7773673950202834
0.77719267941834591
0.77717770956243737
0.77714025336368975
0.77713524956959845
0.77706061378630353
0.77700982578416422
0.77692117247681824
0.77671860307739649
0.77668805876421176
0.77659214222173756
0.77658301900971394
0.77657693198496414
0.77631721647669605
0.77630299944853143
0.77629090910540122
0.77625826670664211
0.77623375212585555
0.77620924068230257
0.77610013174557124
0.77598404038748925
0.77593576027572797
0.77573261693051054
0.77565766829773497
0.7756019235217011
0.77557238220695857
0.77540323120726196
0.77539569432134836
0.77518575890629116
0.77493006580488966
0.77491863196623356
0.77470775947797765
0.77468888915551359
0.77451756047830478
0.77445260872996446
0.77432828459437231
0.77416207396298831
0.77415849359577893
0.77403090816304743
0.7738546333375026
0.77383944738394839
0.77379159180314872
0.77371234793118882
0.77368458303169763
0.77358374960134635
0.77355029851953461
0.77344667669203249
0.77336671241697752
0.77328346494480205
0.77314920764717898
0.77297943406320746
0.772964516118675
0.77287925633556487
0.77273835810475011
0.7726135797517647
0.77254046193948067
0.77251831924976488
0.77232929938597661
0.77216067776833297
0.77214702857484607
0.7721274641866831
0.7720430229519516
0.77199640730573915
0.77192201731576604
0.77172615530022393
0.77163552327917573
0.77162488999856005
0.77147799369438619
0.77133591150327363
0.77123974681118801
0.77119539101368528
0.77117292695557915
0.77115714144974334
0.77112565901674079
0.77093087694921691
0.77086860094791354
0.77054358919558708
0.77052039982896625
0.77047823394224513
0.77043843295622072
0.77032194400152842
0.77015789973174431
0.7701291523737025
0.77003529138564586
0.76985893668317784
0.76977803687932089
0.76974654327940073
0.76952248536256473
0.7692016301694895
0.76905718579572813
0.76903854081095235
0.76890575155104324
0.76885800805655424
0.76879584085682617
0.76868554895510433
0.76846427506737114
0.76845478703317416
0.76842921699033639
0.76842220274416784
0.768285740365101
0.76823559557177157
0.76820877376284002
0.76820371612173255
0.76817097600187745
0.76802089725668055
0.76790915995143716
0.76783265723527927
0.76779361591325368
0.76772385812389154
0.76770314802920803
0.76762966344874872
0.76745491771857932
0.76745230429801481
0.76743103026511605
0.76740367927816389
0.76735036938710866
0.76728585357039847
0.76719098548413123
0.76700042194143947
0.76695379106293105
0.76686875102579488
0.76678676519560574
0.76676184461916697
0.76675319712585366
0.76667025726309701
0.76658271040098058
0.76646674005913917
0.76644927658403239
0.76641415521858314
0.76639111673792182
0.76621808856950535
0.76619126111622504
0.76582582817270717
0.76571932821326072
0.76546159284201232
0.76535120554017289
0.76533653663111334
0.76518052304373518
0.76512536697929645
0.76501583045045729
0.76493660205539971
0.76488990972907234
0.7647956096926215
0.76478295925176298
0.7647393409183838
0.76462803340850849
0.76461925278439524
0.76450859635639745
0.76430561974613953
0.76428677324558647
0.76426556157916326
0.76426141848145168
0.76365450283735958
0.76359761248022517
0.76346274366385658
0.76338324562558224
0.7633100363646308
0.76315873585725513
0.76280558784902253
0.76259231519167792
0.76259161874754777
0.76241592604987762
0.76236080679014906
0.76220271422512476
0.76200293981415224
0.76199337550681467
0.76190523982878544
0.76169609674388283
0.76167227139216609
0.76162388510274015
0.76156657859050192
0.76149939773530861
0.76149696898406483
0.76144937549441305
0.76142191804461445
0.76133332989187175
0.76112455247406263
0.76098554419458453
0.76095452226349936
0.7608987229261257
0.76089660294040917
0.76089251835535165
0.76049791933903554
0.76049150280154199
0.76044130211035277
0.76034099171782255
0.76030818728005678
0.76030736121741915
0.7602494496077028
0.76021451313919319
0.75998677638294665
0.75983273534604023
0.75981961591355196
0.75977105441567616
0.75961327969944559
0.75955880346840809
0.75941415558200642
0.75920157373672703
0.75908878223057519
0.75903169886329724
0.75902719048361389
0.75883903691562049
0.75869315733575338
0.75862326334696872
0.75861791213323149
0.75861583499376162
0.75849445064967513
0.758264427317352
0.75821290174197575
0.75820292014250823
0.75820138137240811
0.75812524114879909
0.75810417912363059
0.75800822086730779
0.75796002955533093
0.75795185854408931
0.7578850823974258
0.7577469556075066
0.75772178820617142
0.75771991509093273
0.75726376782850235
0.75723094833157012
0.75713345195463388
0.75706634535336403
0.75701030789620971
0.75698257271357461
0.75696613643500732
0.75693702773919203
0.75685024738818896
0.75681566036748837
0.75680401653296703
0.75679573677512235
0.75678968572450811
0.75677192904400559
0.75674086974505028
0.75667113170484124
0.75662159705824661
0.75660398585022981
0.75658552081829311
0.75657476728535566
0.75650942444116731
0.75648939746216159
0.75644274179933768
0.75637654335652493
0.75636885727424286
0.75619412296450361
0.75595930053416027
0.75592215033981058
0.75590043532694151
0.75589974376820157
0.75566429339735997
0.75565880763015758
0.75558458566805786
0.75541657923922445
0.75497817821993907
0.75489187703118754
0.75466048696197063
0.75461033279766976
0.75456949720619604
0.75451174936253707
0.75438416624916782
0.75436976623073004
0.754357979428808
0.75435279681706047
0.75423743116755948
0.75422627416432886
0.75422081437940203
0.75421604929153596
0.75416241852774613
0.75404476200920545
0.75398372979088291
0.75398081696677721
0.75389576938091163
0.75387121024020531
0.75379654243595773
0.75373816216480283
0.75369686402813785
0.75368097254466049
0.75368023509580473
0.75366382847488356
0.75357257601677008
0.75355133168686361
0.75351900897349577
0.75340062847933109
0.75326555371750392
0.75310228621506248
0.75306008875042341
0.75294855699083918
0.75285014711675957
0.75282257508655626
0.75254990332698812
0.75244518527100857
0.7522148442833213
0.75217679288227157
0.75192769489352063
0.75189958299112758
0.75180699156759578
0.75172102673567964
0.75165388805345246
0.75162624539843459
0.75134811399148982
0.7512867005217041
0.7509700243502121
0.75090467155278351
0.75086015488945068
0.75072638542073988
0.75047571238562127
0.75046791417443059
0.75034332817223648
0.75023544628836825
0.75017547780154159
0.75012134352153825
0.74984180350943963
0.74949614509043982
0.74947217360066876
0.74944694843604387
0.74940437084295031
0.7493603289656996
0.7492512531263793
0.74923373814486283
0.74894626466989833
0.74892353812746548
0.74880995107374682
0.7485674745362384
0.748531328383779
0.74852489001602229
0.74849530123188912
0.74847190501627214
0.74842513787771714
0.74820347652662111
0.74815851382805931
0.74797789687001814
0.74795725835261162
0.74783834169658647
0.74772726146140478
0.7476535136459268
0.74749763127976221
0.74734641477714836
0.7473016723384629
0.74726843748851579
0.74717945747704795
0.74710478339351905
0.74707859008708111
0.7468373156603697
0.74674593643563858
0.74671546920094267
0.74670613165321664
0.74667104707049758
0.74660726621582052
0.74651496116520366
0.74637609975026786
0.74619673422824495
0.74612231587694489
0.74610499734588731
0.74597274466864882
0.74595922943111637
0.74578624370542645
0.74573873573629201
0.74573204507105284
0.74560190482883892
0.74547885960319726
0.7454348384297701
0.74518198814193992
0.74514295048207102
0.74506991548988188
0.74504731349954723
0.7449930770015124
0.74481129590851469
0.74479742657180759
0.74453582610275104
0.74443126411623273
0.74442254859392121
0.74432692119331767
0.74432474009111671
0.74429369191045458
0.74423988295244725
0.74416391437423568
0.74409169479947368
0.74366325388447618
0.743616886021785
0.74350079317329421
0.74338729536874459
0.74336920758816771
0.74335140848499481
0.74312924468682251
0.74312104135362922
0.74307268066418874
0.74295242923089044
0.742853988981519
0.74284028302586513
0.74282031814104821
0.74235258165147089
0.742250139913185
0.74222536880230883
0.74212235692404294
0.74207602676314777
0.74194141502765953
0.74180131039508979
0.74176712369625919
0.74162644408935519
0.74145008561548498
0.74126716308023244
0.74114916087194027
0.74098618886477552
0.74074585967330042
0.74059772862965412
0.7405556929275624
0.74053613201727353
0.74042935786459596
0.7404177484802883
0.74040760663305571
0.74031904835033313
0.74020988243267138
0.74019488933364874
0.74009761349195013
0.73995567591869493
0.73977567665166566
0.7397739635109265
0.73968326469802026
0.73967161838763273
0.73962906289340657
0.73947879620128698
0.73947186361068573
0.7394550042092356
0.73943945148552093
0.73942230084034355
0.73917395953527609
0.73915642366429646
0.73906485689860368
0.73890442610757379
0.73883580613463251
0.73871110853756028
0.73860668874770452
0.73859284988538221
0.73857687046322362
0.73853914590148884
0.73848367044399121
0.73846234766707919
0.73835806400094461
0.73829696721261362
0.73827218939279904
0.73825195284966671
0.73810872089784407
0.73799863363222085
0.73799450930997568
0.73799229758642004
0.73783133272686374
0.73766826091246374
0.73765748412639043
0.7376255179957758
0.73755530683713211
0.73746938279970586
0.73732032835286021
0.73717005368014366
0.73715464102713368
0.73713308114574105
0.73708907782156152
0.73675642987892609
0.7366647328883924
0.73653532371668162
0.73651506747151219
0.73651280056032253
0.73650852839787972
0.73647565404465698
0.73642805467118844
0.73639601821901135
0.73635885363259512
0.73635635766646446
0.73626821650068752
0.73622278021375842
0.73607196504602279
0.73590169656558535
0.73571008549061645
0.73560728983504642
0.73555509674994368
0.73547683351030158
0.73545081764531028
0.73543044947513714
0.73537235758066632
0.73532418138991251
0.73518138443497094
0.73507294366795106
0.73497689295622959
0.73494174582719707
0.73489471688606944
0.73477119736914953
0.73456630373871268
0.73455247989332462
0.73454662369590829
0.73452496244949894
0.73446266735150689
0.73428722213267861
0.734193422313973
0.73398837338608913
0.73392483097214556
0.73388281487830942
0.73382469142189122
0.73359561771010928
0.73356360892530648
0.73353504216275633
0.73352200175270987
0.73340584309259427
0.73326276392121326
0.73311197855703525
0.73303648973240765
0.73295774643102252
0.73290815526458808
0.73287746282501465
0.73285265746070016
0.73276023849226624
0.73262141114389112
0.73250962059471381
0.73240834329262305
0.73231583160742075
0.73216532024681724
0.73195359689157191
0.73174806346484589
0.73173372472735376
0.73171162721988581
0.73166647574642107
0.73153875160345694
0.73152323770683914
0.73147433050438893
0.7313301408327314
0.73123001881364158
0.73117391433339607
0.73113503235064059
0.73112993403987869
0.73098943233287861
0.73091392205557015
0.7306611892678524
0.73056721523409862
0.73051187994126643
0.73048957511953705
0.73045036399095919
0.7303063167015984
0.73030028596829466
0.73024787138214842
0.73018592083922018
0.73016399196171378
0.73012083975737407
0.73006843050174053
0.73000991849579355
0.72995222588988629
0.72990107923879655
0.72980555393285418
0.72965676094218213
0.72957813368319713
0.72957310544442344
0.7295128176196416
0.72946324949337116
0.72931411967259607
0.7291329636324213
0.72907676717702818
0.72906914551695545
0.72901697254244058
0.7289594431046853
0.72894788686472978
0.72863802988490867
0.72863350253592074
0.728483573621588
0.72848041084665294
0.7284286067713317
0.72840256960726812
0.72839034262347513
0.72831898419723329
0.72827800037370871
0.72805977648013454
0.72801745559042996
0.72800933065450357
0.72790749224556262
0.72790406729323109
0.72789027364483216
0.727778863803896
0.72777866232615074
0.72774632195055922
0.72773213886699128
0.72772674116556579
0.72757198298172943
0.72727102236466901
0.7272343341190689
0.72715341131156208
0.72712540511693424
0.72712273582119469
0.72696603306669549
0.72690666768608148
0.72684786829563708
0.72679073456020504
0.7267745640536758
0.72677170031843674
0.72677078793802108
0.72672363464602208
0.72664490831177786
0.72658546544552016
0.72655969540527876
0.72655403878871516
0.72653301808741122
0.72637171725810756
0.72636010418300589
0.72631349639869525
0.72617013743915637
0.72602412510436409
0.72598248308704327
0.7259817237363112
0.72593656461608957
0.72543344549086253
0.72514238309307721
0.72510847669533363
0.72505965045392995
0.72498238412051463
0.72488279466687855
0.72481707467158119
0.72478577140044276
0.72450712356571723
0.72448201434037585
0.72447663758694991
0.72419711948775212
0.72419264197969513
0.72414925313047196
0.72385437834828403
0.72375670091907285
0.72373890912403882
0.72358467366150891
0.7234058613426726
0.72338271105423457
0.72332037357580192
0.72330876346733042
0.72311254723749752
0.7230982620622467
0.72309090043348179
0.72300405621224939
0.72291926347260882
0.7227715776666761
0.72276778373158834
0.72270863520312778
0.72256299404562108
0.72232719934385559
0.72227480107091979
0.72222920142084457
0.72213740886744993
0.72212618702361409
0.72209510598775029
0.72206258076843788
0.72202115544214085
0.72183589494352784
0.72181537883340785
0.72172500695241226
0.72152196252646084
0.72123576742461593
0.72107683127028865
0.72095831293386337
0.72094281080774647
0.72090834568647122
0.72088734284728162
0.72087459202575532
0.72068786024784448
0.72065088275085409
0.72024981228714247
0.72016188917143376
0.72014262157512277
0.72012398688233936
0.72012098807969283
0.72003020447926658
0.72002258978366152
0.7199684241974238
0.71993021005101232
0.7198861270246657
0.71987128384514676
0.71982102128109848
0.71972350784100581
0.71940741077532722
0.71940627474268337
0.71928964613627677
0.71912936207228817
0.7190382108697484
0.71897893345872477
0.71897322675505548
0.7189420961249442
0.71860772450955623
0.71850110567458014
0.71830385947667874
0.71828502320167864
0.71821099540155009
0.71812889299557792
0.71801692957893648
0.71800519229622206
0.71792216941478559
0.71781524421964416
0.71771413445799637
0.71757302244266663
0.71754707041640708
0.71753275186925825
0.71749713667189585
0.71743500542541772
0.71736079199759284
0.71724762618225546
0.71721491492751777
0.71712429480524631
0.71708018899778136
0.71703846851114916
0.71694736184024499
0.71694575610203914
0.7168715845072009
0.71680953774086431
0.71674884725438748
0.71668030314356035
0.71662587330936867
0.71662100978715981
0.71656138948217074
0.71654291520897562
0.71651680635711701
0.71644772004811574
0.71642769778162529
0.71635372898543015
0.71631766810662811
0.71630584543613907
0.7163006066228188
0.71629828212263813
0.71624426659802587
0.71623094102054907
0.71621097498558717
0.71601836895255955
0.71588809213913451
0.7158500286805316
0.71572846309639582
0.7156848977562611
0.71544394016016755
0.71541414171914619
0.71535328708527535
0.71513033964558514
0.71509210713507154
0.7150654911953287
0.71502345137258971
0.71493706806578161
0.71491480858169543
0.71485917462765947
0.71478992600533453
0.71475561184834302
0.71470678164432511
0.71456228366464669
0.71452924661173534
0.71449274695501475
0.71445421234796536
0.71437820918232264
0.71437191682389856
0.71435557845657249
0.71417402138459107
0.714173969563758
0.71415716231948212
0.71412588582959247
0.71408844455536724
0.71403446516370928
0.71402943776551164
0.71396098970340438
0.71387019702881738
0.71384397645741926
0.71373239448377002
0.71332883341474695
0.71326650604648256
0.71322812304775918
0.71322056728122285
0.71312778279102496
0.71312715517910319
0.71310076616119278
0.71308146988910404
0.71308109736035197
0.71301776200234002
0.71285912862776113
0.7127328942532497
0.71260976388653086
0.71256312164681035
0.7125368576685186
0.71241997601099361
0.71237828900541755
0.71237136089080277
0.71230449469539325
0.71229909998191887
0.71222657148830393
0.71222014871711892
0.71221941045859571
0.71220832097195186
0.71216410036448874
0.71211870710930669
0.712028752739715
0.71202651494982128
0.7120135727795982
0.71188399304333316
0.71176836628469198
0.71175329125987385
0.71162988126463134
0.71138660480613902
0.71136022733385684
0.7113418696151117
0.71133804304544401
0.71119141971531097
0.71117390735926822
0.71116346615898618
0.71115355149494774
0.71108815221571398
0.71100154732280174
0.7109838260453486
0.71095351165721454
0.710837736923985
0.7107708142371375
0.71053211614607992
0.71047426680808956
0.71041064959291012
0.71024422448202507
0.7101090186690755
0.71006952055382888
0.71005458082836281
0.70981185814067815
0.7098060908770405
0.70978938347035814
0.70972118877197299
0.70970892894704307
0.70966546027607591
0.70947589508102982
0.70937473013813579
0.70935284944036059
0.70930812854885306
0.70927427319876424
0.70902710338499397
0.70889929918672612
0.70884217880705436
0.70875406817709152
0.70875186418833658
0.70851563699885989
0.70845327459921048
0.7083824440700397
0.70827835946522877
0.70823054618331005
0.70822796207327443
0.70820439916772493
0.70812167244338298
0.70811694367212341
0.70764924280392816
0.70746036804563983
0.70741559369219986
0.70737224357499073
0.70718673634577345
0.70702486463203662
0.70701402492895227
0.706909945224096
0.70689047854525311
0.70684575274561279
0.70682603190911486
0.70681132894482779
0.70674817542607449
0.70666548017110831
0.70655729751100793
0.70642722083105014
0.7062967272316194
0.70618506673079495
0.70605113049705781
0.70602775763593528
0.70595414847746774
0.70580289209424385
0.70559315705704928
0.70557957730453214
0.70551950305480249
0.70536874680737971
0.70533583545505674
0.70530001369895812
0.70505699784250631
0.70505059080406729
0.70501610491076583
0.70501330902855797
0.70500062494615823
0.70499759960759589
0.70498722261341296
0.70497669241577532
0.70487667008111254
0.70479476597030122
0.70477069621142174
0.7046825667262191
0.70463496719352692
0.70456480851641179
0.70445995951098828
0.70416884972405991
0.70394645704734082
0.70383230132787611
0.70376517937695993
0.7036759106983993
0.70366846927588733
0.70364468091450127
0.70361076118157617
0.70359073510227388
0.7035119588946912
0.70349370913741793
0.70345681582380193
0.70309829821420522
0.70306790704973765
0.70304269552369492
0.70293707200959399
0.70279796926404348
0.70279382854608063
0.70261533213235183
0.70253249570277321
0.70249542998063486
0.70244229614767983
0.70242897447456909
0.70231244530679771
0.70230958630373297
0.7022663766832149
0.70217902570443447
0.70197504881571537
0.70191158123936415
0.70189910133251565
0.70180190714392332
0.70176569297043734
0.70159770062154925
0.70158927924904391
0.701581668427955
0.70151137521708895
0.7014916312394105
0.7014535141574566
0.70144846382819537
0.70144352295903789
0.70144150663515148
0.70142946985983246
0.70128942050198795
0.70118861175965286
0.70109706830184593
0.70096097435421234
0.70093881114754997
0.70086242182708836
0.70085376785296982
0.70084223613868191
0.70082706969755471
0.70082186215553699
0.70078638745237254
0.70075554660503703
0.70067687028299774
0.70066536523085832
0.70064437173206406
0.7004238142908118
0.70041663129774412
0.700411282934433
0.700342273538757
0.70026413329203085
0.70026138709210906
0.70013174484844365
0.70010094761163066
0.69995208851526081
0.69992909715560025
0.69976761305935542
0.69974386471322869
0.69971159018876794
0.6996754178540685
0.69955632873251572
0.69953439919531346
0.69952901013397428
0.69946794011537627
0.69946218670573412
0.69943081038533428
0.69932829918867689
0.69912945739457089
0.69911405905130375
0.69908786922625432
0.69902590763292305
0.69900122258797615
0.6989384324834732
0.69888081619947873
0.6988663221325262
0.69880050005089622
0.69868402748242198
0.69861538358700404
0.69861464659930905
0.69851643787975026
0.69844790469419893
0.69842782348203902
0.69842411475356125
0.69839017634565637
0.69812831718858004
0.69812525428776651
0.69800974495197809
0.69798778984295096
0.69798346531522071
0.69796428831685053
0.6978402243593046
0.6977949534419704
0.69767251831443744
0.69766194439583873
0.6976507040670471
0.69759322202360485
0.6975429617778508
0.6975206293903693
0.69750165197083314
0.6974965458676704
0.69740884550824667
0.69739104582184419
0.69735059373162078
0.69730469285532637
0.69708015498223075
0.69703501829309344
0.69700936451344742
0.69695257110143272
0.69689483726062595
0.69688476161783752
0.69687759762689527
0.69687701514634559
0.69683202497881069
0.69673398237798512
0.69664561688374504
0.69661151017599132
0.69659921012445924
0.69658597090013785
0.69645585257859666
0.69643317517776937
0.69637678677416071
0.69635098178684496
0.69632647300484363
0.69632522792444818
0.69631683029055846
0.69630475016058702
0.69614017803790329
0.69608622806908171
0.69607722565326013
0.69600420074064073
0.69587761906917645
0.6957645297393481
0.69575293879629951
0.69575246178590389
0.69557233250941153
0.69556698039007181
0.69526810910566994
0.69523893545500981
0.69521521930203911
0.69517209457094198
0.69514511929627343
0.69504604545056692
0.69504160695938932
0.69501330177528808
0.69492075898559724
0.694907821571355
0.6948350644222433
0.69479816937518113
0.69476211997918746
0.69474326881437198
0.69470924261362721
0.69469686585953272
0.69466021292136748
0.694646524962788
0.69464065254134089
0.69458587789992143
0.69436404089375137
0.69434042531272566
0.69430201345787612
0.69425346597500415
0.69416245652514375
0.69407497432142262
0.69406830852732093
0.69406309488926876
0.69406164294954975
0.69395286499442299
0.69392272635942565
0.69374182287538866
0.69354192650406654
0.69347458585012656
0.69336385543445478
0.6932946477451517
0.69320954283629954
0.69308871521702708
0.69298245082576126
0.69283609450136763
0.69277357744754564
0.69276694630984614
0.69273536700755467
0.69270697065090314
0.69269269363977237
0.69264943531513379
0.69263954533579875
0.69262452181956513
0.69251826737584954
0.69250649441243095
0.69232559433494401
0.69230489047464561
0.69221031100727715
0.69216909343772504
0.69215470103164634
0.69214062028392487
0.69209186549962287
0.69200654665834704
0.69200000868181721
0.6919582933095425
0.69193693916338128
0.69188840705712829
0.69187740770020545
0.69186741438265964
0.69179902526335924
0.69176027113930205
0.6916886242455168
0.69168477382801097
0.69167875314785443
0.69167684741127144
0.69167465587688459
0.69160113583181348
0.69154062046577969
0.69152137314758033
0.69135352955166507
0.6912232951047993
0.69113738014333415
0.69106737768766902
0.69101176357780592
0.69100706834129721
0.6909054225251865
0.69086509274790642
0.69079521105606057
0.69079012424346264
0.69076510529639423
0.69076249535728163
0.69062134736063818
0.6905905212296749
0.69034923853285712
0.69031723836091741
0.69030409470489629
0.6902052201525759
0.69017301727049452
0.69001698951192103
0.69000418701162725
0.68999154425528986
0.68993426690763127
0.68992456242634725
0.68991551585780864
0.68991225905210918
0.68989121753870453
0.68988217235829352
0.68987807463809481
0.68979088433536784
0.68974839827343404
0.68967244542965422
0.68953439379209847
0.68943348303620733
0.68941261399832132
0.68940852237596129
0.68924457922467353
0.68921851531090172
0.68913971673140928
0.6890856587252977
0.68907648763930807
0.68895370887768825
0.6889406941485573
0.68892190236800299
0.68885031867175772
0.68884653975438337
0.68876905324891513
0.68873845670443556
0.68873583781973646
0.68872762989539005
0.68872235635811385
0.68871148860997444
0.68866605638438094
0.6886632594063542
0.68828169353461122
0.68827872637834953
0.68815147750941863
0.68810290655425665
0.68806099468347415
0.68797251233033063
0.68795336547454478
0.68782993117207103
0.68778225051959996
0.68772523883641024
0.68769273002493903
0.68766527684048118
0.6876004172214808
0.68749561246262936
0.68739746369055132
0.68738287518216012
0.68735429642037782
0.68734520801751209
0.68733652850775806
0.68731356044035163
0.68725723860458154
0.68713766328875248
0.68689300046528612
0.68669335566022605
0.6866476194736636
0.68651243397398565
0.68644585627651511
0.68627538826006884
0.68616379810131189
0.68616076178168928
0.68615456073350678
0.68614309769127724
0.68614097562565957
0.68613622166871935
0.68613050095901695
0.68611313322778789
0.68605191600183801
0.68603506892745003
0.68594762459764302
0.68594389700858582
0.68590270631022143
0.68584406504638373
0.68575727231058947
0.68568869299642599
0.68568512196525755
0.68559326675028787
0.68550124457897754
0.68539596934990465
0.68533897998969906
0.68522842251545724
0.68519097272294505
0.68505857333992526
0.68497061527852332
0.68495689804339077
0.68494739105784563
0.68493109502589844
0.68487073796275033
0.68479967720556933
0.68470452333906184
0.6845215973593084
0.68437186021073726
0.68425966364473356
0.68410008549565748
0.68408433074250841
0.68405128275771654
0.68400415549455407
0.68399617735056828
0.683825375438045
0.6837420140685091
0.6837376415641836
0.6835251438723553
0.6834915155609127
0.68337948703685891
0.6832497157733477
0.68322821971406866
0.68321313932278149
0.68310562366919358
0.68296957691850357
0.68295882811618447
0.68285456794563604
0.68280216882934852
0.68258397428033624
0.68243581965510935
0.68239417562755533
0.68229075012415319
0.68228247002905096
0.68202548368027405
0.68196962483172363
0.68196844124882117
0.68196420445235229
0.68188774215514736
0.68182153737577722
0.68173872971306515
0.68171608795714611
0.68167920049561836
0.68165009875882132
0.68158433222249581
0.68153553484995777
0.68144991364572249
0.68144563708228156
0.68140809771325739
0.6812787182474187
0.68113076896723757
0.68111695968367103
0.68110294389418458
0.6810151715553614
0.68073703613524017
0.68069528184245742
0.68049803917410112
0.68041185979317154
0.68032273423175493
0.68029115969525078
0.68025991122756324
0.68023146843897664
0.68010079749272234
0.68005669441479877
0.68004681148239376
0.6800070183431085
0.67997964528891697
0.67997961160416454
0.67997256712613452
0.67988841251918697
0.67987974540852425
0.67970395074813073
0.67958149570845772
0.67950233553956452
0.67946662303514715
0.67929117444774445
0.67926401177030382
0.67914007163787393
0.67909137419826937
0.67903902640853797
0.67901968772954813
0.67888722695796955
0.67886802350240472
0.67883169330804993
0.67875240947696591
0.67874979581480921
0.67860013703857369
0.67851742984995111
0.67844510169923933
0.67843073298554302
0.67842980544203912
0.67830698261340105
0.67825638200112914
0.678245085604819
0.67806920441585739
0.67805726632502772
0.67803340756083208
0.67801532790956831
0.67796477017693046
0.67791266470370526
0.67786658568473102
0.67779450696563281
0.67773168740424439
0.67760794690013793
0.67758296635837478
0.67739884357217683
0.67731543850420006
0.67725770536409491
0.67724875848616117
0.67716375145093388
0.67691994471437955
0.67690989755198816
0.67686480015793815
0.67679078238757839
0.67661552737776109
0.67660978860081544
0.67635914805745601
0.6762458293400514
0.6762216844534239
0.67620906539082248
0.67619051328676605
0.67618668106744195
0.67613716214083175
0.67612258204888009
0.6761097163877906
0.67610817800359135
0.67605629627464048
0.67604935277095934
0.67601942688044014
0.67600734969998555
0.6758783237339695
0.67583381627405459
0.67572596317412259
0.67570856791072365
0.6756931858541374
0.67559668777107362
0.67555468931816898
0.67552702916961338
0.67551170035522001
0.67531881878597377
0.67524866550390283
0.67520849344992817
0.67520561866777618
0.67511404164744959
0.67511271802422468
0.67485414304219327
0.67484502347427833
0.67480246456912962
0.67479845384232251
0.6747371170155182
0.67462334986601624
0.67458140029164482
0.67456984737781811
0.67450031261488408
0.67443168834795042
0.67442817761292717
0.67425522033729057
0.67423548941046529
0.67413280185023472
0.67395443516416076
0.67378195686282205
0.67371044837627114
0.67359305673534142
0.67349764591827743
0.67344750863091052
0.67339476563365475
0.67329369963938501
0.67320253310448863
0.67310977860274313
0.67298784288433544
0.67291175658878877
0.67290890352584631
0.67284990526064481
0.67276678473843388
0.6725552486342592
0.67243507878501019
0.67230092812122588
0.67225048938486887
0.67224369899229064
0.67216872424450935
0.67209954818711548
0.67198747068540809
0.67190213375726771
0.6718706329007309
0.67182570602803415
0.67179864724045091
0.67171771062467034
0.67159528373944188
0.6715377369499077
0.67150717266166415
0.67150706269111016
0.67143695530509806
0.67142846403343048
0.67124447527578479
0.67101523408969366
0.67100719381013185
0.67095092681921475
0.67085057192364417
0.67082439127254556
0.67079249063126667
0.67069574572735613
0.67067483492988078
0.67062522579893802
0.67054957724765474
0.67054902471879874
0.67049507527433805
0.67021162349057739
0.6701819728500642
0.67016676845877843
0.6700463230679683
0.67001195630206933
0.66996129787593528
0.66990433442197572
0.66982026670747807
0.66978153587796285
0.6696958562043267
0.66964420331396957
0.66964278615379691
0.66962518753100309
0.66961385540777585
0.66958355302000094
0.66955135128718701
0.66946191441287661
0.66942349646836508
0.66930245737829552
0.66927535652094439
0.6691494195171378
0.66914811313545619
0.66903979254057067
0.66894297655804713
0.66892033095185843
0.66887315821862359
0.66868476823624912
0.6686697896434608
0.66865115697008237
0.66856009786224047
0.66837230805509407
0.66833738480599569
0.66818232803509825
0.66809930618450886
0.66804356762691042
0.66792876481478769
0.66779505285483731
0.66777986413046964
0.66767342506073912
0.66735651506559113
0.66726867514704191
0.66724910730568432
0.66719754393990949
0.66718883248836869
0.66693924776363533
0.66690536328758965
0.66686062490241482
0.66682577276692012
0.66677236777579596
0.66673978207300622
0.66668787399632656
0.66665140240090448
0.66649712708955944
0.66628826479644743
0.66625784873729033
0.66609707970703802
0.66602537622201174
0.66595763369130367
0.66593679289385166
0.66580609250321965
0.66577346360692935
0.6657251425923878
0.6656917923799921
0.66566658088118535
0.66563679035905476
0.66554698345471641
0.66553587209890341
0.66553136854643113
0.66542275229888337
0.66535815333400727
0.66535619748084718
0.66523599020818125
0.66521239087906681
0.66511923306364706
0.66506983094609706
0.66499032534404079
0.66498768895111637
0.66484409890283436
0.66480571371712105
0.664790003317697
0.66476955778613889
0.66475959173556154
0.66473302169259285
0.66469659378086698
0.66467777397440586
0.66447876800909988
0.66436893950391951
0.66436276359162239
0.66433047314087501
0.66420725332294894
0.66411910553177245
0.66404867649552346
0.66402553645817375
0.66393765918634962
0.66385956411246949
0.66380978734908314
0.66380968318619538
0.66367635743748044
0.66365666674325052
0.6635580249422055
0.66350837172201127
0.66349044719761407
0.66347219163892068
0.66341497013556716
0.6633893586911831
0.66337749436976456
0.66333439319511822
0.66325984401385674
0.66318111130710933
0.66316675642752509
0.66315906854624396
0.66315173556676354
0.66304355304833562
0.66301223274201559
0.66300604860038626
0.66283260020287071
0.66273652320823262
0.66256294146861838
0.66247807638918832
0.66243998873659171
0.662232719302984
0.66221944333337601
0.66215148045700345
0.66206516945931615
0.6620590127682674
0.66197943795229786
0.66194483992895892
0.66192760242293536
0.66189156925053128
0.66186058757010002
0.66184943352658243
0.66183753914179344
0.66175624373619424
0.66172442727185687
0.66170655777381426
0.66159364309757229
0.66137210267279933
0.6613031090183239
0.66113673824283736
0.66102520509046447
0.66096155221211061
0.66091968412997959
0.66091788005164953
0.66084815694927868
0.66084400143552813
0.66082780312341849
0.66078104007874638
0.66069341201661469
0.66061109821684172
0.66054857537414058
0.66047209438514809
0.6603941300346734
0.66017156508935781
0.6601563428575622
0.66003823527727368
0.66000559094107436
0.65998670127005044
0.65997067241116725
0.65989303822996126
0.65950546943472477
0.65947781640580661
0.65942226861974895
0.65937665561568404
0.65937426483379691
0.65922014341431101
0.65916992232947957
0.65916972497174486
0.65913506188510695
0.65907197393814543
0.65899204600273331
0.65898113145256965
0.65880562880439208
0.65877341705418724
0.65863292442649135
0.65854101542637178
0.65844550958523629
0.65843504709792566
0.6583991052896716
0.65834238672472001
0.65829564136566798
0.65802450223089992
0.65801477572448663
0.65787965246728031
0.65787236727923371
0.6578454866750314
0.65783531274043183
0.65773249075224605
0.65772789456479497
0.65752540760919942
0.65745310198188667
0.65744060614048128
0.65740878719080287
0.65739751696946047
0.65738008300322281
0.65727690149329587
0.6572091679075025
0.65717246741539559
0.65716669898061242
0.65707173509679262
0.6569730419893357
0.6569709799698078
0.65697053643296299
0.65695418899328828
0.656824515553453
0.65671036249263193
0.65652988142207336
0.65652559978062364
0.65645175187897176
0.65632868154190893
0.65594372151455471
0.65579325551870482
0.65575870919384738
0.65575591261715915
0.65571207919251406
0.65563572262273062
0.65562467266756297
0.65548588837674726
0.65543147201006757
0.65533169574605288
0.65520937096650556
0.6551694236022465
0.65507945472391726
0.65501754740269635
0.65492725440757338
0.65491616281284526
0.65488092065471137
0.65476332503249923
0.65467976995212085
0.65447439706262789
0.65446037915928656
0.65444152374587217
0.65440468366084059
0.65440143605767975
0.65418877908073214
0.65395829659902838
0.65389497033351673
0.65389035138229623
0.65385326840924751
0.65368164246794236
0.65349917857746231
0.65349838223767864
0.65339061518577368
0.65335767173830883
0.65333370988160433
0.65320982635001978
0.65315106342950502
0.65310793325298766
0.65310128345021368
0.65308975817258164
0.65306213255405166
0.65305123342902094
0.652936391173491
0.65291700403137043
0.65283508968051718
0.65278032642640793
0.65273647332392903
0.65258236796561553
0.65226562177706027
0.65225826093229
0.65223482031125746
0.65199467786897469
0.65188567799256025
0.65187713061332264
0.65184139191499491
0.65182134961552396
0.65175967380079214
0.65174729231188122
0.65172704768165146
0.65163128179467655
0.65158326232902763
0.65152951804651094
0.65150770017106496
0.6513936768678954
0.6513712357276521
0.65128891989093884
0.65119610427009034
0.65111423264054435
0.65107866786419322
0.65105276132850787
0.65103906341536055
0.65097705297305941
0.65086753996555924
0.65077916123468582
0.65059288031774432
0.65057748469253396
0.6505763463868679
0.65055026652104009
0.65045000828788524
0.65044242235460903
0.65043708100502895
0.65042243682945144
0.65032026534721932
0.65020414783828939
0.65017866113484235
0.65017520423545772
0.65015583567834623
0.6501164717330199
0.65010074357706771
0.65000192751620678
0.64997116310544112
0.64995344036048297
0.64992397006276492
0.64979728880028287
0.64974894054293164
0.64972350285883373
0.64970433729098398
0.6496767116851877
0.64965936207022978
0.64963203911760536
0.64954266052531506
0.64937804334822036
0.64935283858992277
0.64924644694431044
0.64921569007018598
0.64911338532316387
0.64897356762978997
0.64897211468416516
0.64894423978691995
0.64892747397994011
0.64890226900047498
0.648889956557957
0.64878021840852262
0.6486421808441355
0.6486324742482461
0.6485657752300158
0.64856188355114497
0.64847024161053346
0.64843474879285767
0.64838352261282628
0.64833093163018429
0.64831621252822946
0.64824582575062339
0.64819372299726608
0.64816822585433365
0.64806806946247808
0.64804497508337688
0.64803225401004116
0.64797158450573433
0.64792143303094474
0.64790599909447233
0.64784117884584391
0.64769971918290203
0.64765684423222691
0.647608980303645
0.6476088046519366
0.647603087191021
0.6475668207134484
0.64753813101665769
0.64744760693125558
0.64742680970350308
0.64739908380431377
0.64737171586314779
0.64734309790650957
0.64726082903790805
0.64706787187174208
0.64706394900893249
0.64704605422110961
0.64704089332532633
0.64687214186696806
0.64685072439050562
0.64682742900003709
0.64668806022243619
0.6466368904697094
0.64663547760817353
0.64647839672473484
0.64646971343291326
0.6463973758449697
0.64635173736721951
0.64626568547817664
0.64624302532639233
0.64624045786617013
0.64617580312568912
0.64606320252021787
0.64602982312297841
0.64570657825083833
0.64568846032540717
0.64555276387908511
0.64554072337503432
0.64551703674128047
0.64545108530127704
0.64541375587285177
0.6453572333711427
0.64530035963895926
0.64524094726904113
0.6451692493104676
0.6450676545813121
0.64493695332381384
0.64482428270350578
0.64473290893188728
0.64471260233933181
0.64465520964826917
0.64465147572575565
0.64451684449826163
0.64451360465631535
0.64445559270335062
0.64427501025159539
0.64423664392014168
0.64413620336725985
0.6440124971049922
0.64400677926018413
0.64395046944304501
0.6439162891077842
0.64376739220665169
0.6437247220168425
0.64350696927564166
0.64350205308376973
0.64349902500844181
0.64337892553933751
0.64332460377660194
0.64322889801961114
0.64320986238725186
0.64320913564963023
0.64315658650759822
0.64315072800726514
0.6430207226082908
0.64296483407122962
0.64290759600925951
0.64284062574075895
0.64261999623170751
0.64257111983278337
0.64255881729428921
0.64249088677135924
0.64246525622632511
0.64241264794447783
0.64230011291688616
0.64229416974582609
0.64226199676631279
0.64223344169761831
0.641965771379717
0.64195535252614311
0.64193848652675412
0.64188209029343846
0.64172913197244952
0.64154732879456822
0.64144149613359513
0.64143009841161958
0.64108262168738095
0.64104432007470025
0.64093894624326431
0.64086064856948788
0.64085363584537069
0.64083567470934821
0.64072884398582564
0.64059848124813112
0.64047745178925697
0.64038313867239161
0.64026208168459209
0.64018995926044642
0.64015790000008188
0.64009369884627754
0.6399516044528275
0.63993890108528328
0.6398640343654789
0.63985948503173307
0.63980549801291076
0.63978198542477738
0.63972264313621974
0.63962296527249884
0.63960760842667963
0.63959871537464719
0.63956139814582735
0.63954279950823667
0.63944341900599744
0.63938580623605323
0.63930814671580782
0.63925817712301714
0.63908135633905228
0.63899151601635173
0.63898799059382583
0.6389706308199572
0.63894957249924489
0.63879526760400929
0.63873863114880947
0.6387252477655917
0.63867928341191649
0.63867418926103903
0.63864280675566854
0.63864093159024837
0.63856702414939392
0.63852378699560719
0.63851678086796626
0.63841176541987787
0.63829482640858448
0.63829049874041432
0.63826288706769285
0.63816941910453318
0.63816768170196958
0.63802914214449258
0.63791829044597315
0.6377953290587649
0.63779076048343597
0.63774139916787387
0.63773103023445865
0.63765632256754889
0.63759820774427534
0.63743306990314841
0.63738280836216299
0.63736502895092262
0.63731123156694836
0.63730802951957111
0.63727518950892004
0.63718451790240649
0.63718446412723428
0.63714526977651109
0.63711014992896098
0.63691614190668355
0.63686770814513183
0.63684030610621123
0.63649023743090705
0.63639697523377092
0.63637498738628273
0.63634814576278675
0.63634088565681324
0.63630487395223201
0.63612536722173274
0.63610308429995155
0.6360507526833622
0.63604739383458342
0.63599483446141192
0.63593875184031234
0.6359320408784781
0.63592382389834312
0.63580000188565478
0.63578295961806974
0.63575091933573535
0.63571228593414864
0.63566860119718915
0.63559200262267046
0.63556627201036975
0.63554709676981092
0.63550296440015464
0.63548001935441367
0.63541382895413823
0.63522456233830216
0.6352241198516545
0.63520262699425911
0.63520143743714119
0.63516183529315007
0.63509168071815669
0.63503164461232531
0.63502607421892077
0.63500725874027431
0.63499237732269509
0.63486443623509792
0.6347304480465743
0.63467390979385274
0.63466391792374166
0.63457322344733225
0.6345157060509814
0.63449276153999468
0.63447457137270602
0.63442599652520626
0.63439207524360242
0.63439109106023084
0.6341313619441189
0.6340810404179934
0.6340540267778052
0.63387555558743058
0.63384779260698387
0.63381536876049427
0.63377251618246266
0.63373896360511706
0.6337047064427126
0.63367420142064124
0.6335024028158518
0.63347682609448441
0.63342246562448901
0.63342028019678764
0.63341623889603405
0.63324414687665453
0.63316433722201904
0.63306233225737896
0.63299513789966655
0.632808407511666
0.63275549519357266
0.63265786756095999
0.63258412630669913
0.63253484344796551
0.63245771167710807
0.63242488707955358
0.63240330234647635
0.63233045529848375
0.63223979092053539
0.63203922301591386
0.63141877547712777
0.63138917779640913
0.63130847540569557
0.63129367782342094
0.63121826190874608
0.63121776080624037
0.63119984480405944
0.63114332200628831
0.63103433114272733
0.63099617162092703
0.63090893843659313
0.63090745840662699
0.63082478077366955
0.63080570747982756
0.63065331094980104
0.63062184926892062
0.63054992465885096
0.63052668396002121
0.63049027858303863
0.63044601067088391
0.63033155376887651
0.63017138146902385
0.63009728484766248
0.62999696097610136
0.62990254705848103
0.62981561030177746
0.6298016872314558
0.6297578566566282
0.62968880394208293
0.62965418233781034
0.62962884070772984
0.62934514964837496
0.62932064468665849
0.62924055645833599
0.6292069634013332
0.62901560308976134
0.62898383319837392
0.62897174607821671
0.62883368065979273
0.62876867243765022
0.62870838497921455
0.62865914267520639
0.62863729281222602
0.62848176923568821
0.62829335915988893
0.62826817655239275
0.62822247650508922
0.62819154556572776
0.6281587248964231
0.62811070750330744
0.62803758896552109
0.62797403880257574
0.62795797836986167
0.6279513090726111
0.62785796034960395
0.62779182052728688
0.62779151092192542
0.62773474232705628
0.62769468398576644
0.62759898848569295
0.6275019755065484
0.62747924172999203
0.62737606279101032
0.62736897711859529
0.62724753381904408
0.6270935093710035
0.62702419610151472
0.62696977891495265
0.62692596082564067
0.62691136750907972
0.62688178474673451
0.62675376312013942
0.62661939378162679
0.6264950814468131
0.62640406647374502
0.62640321396225274
0.62636955191542332
0.62626403777886919
0.62618651206693821
0.62617602196563882
0.62613448666865568
0.62607773052029569
0.62601111223046013
0.62586071638436436
0.62569082813824872
0.62559027582045323
0.62539412011025342
0.62534590321611061
0.62528519899711021
0.62526116997848424
0.6251416606802116
0.62513005273871058
0.62505559947387623
0.62500816041267693
0.62499103171729886
0.62494213748313521
0.62494088690639926
0.62479477902083014
0.62464742147750807
0.62453588062941168
0.62447228401849142
0.62437101259666616
0.62430185943252781
0.62413256376433301
0.62408664215651988
0.62404103572435554
0.62401452625349518
0.6238890910309105
0.62382249030923154
0.62376738927894526
0.62360768608027128
0.62351839923322638
0.62324632539882052
0.62323913193332414
0.62320114522503411
0.62319879940144318
0.62307072929901552
0.62306803325401638
0.62298570019664512
0.62277979894091162
0.62274875682855757
0.62261194573168788
0.62241863187195823
0.62231932491186981
0.62229402485666763
0.62227333158922715
0.62207501197027093
0.62167094166217196
0.62163111042259356
0.62156827163997663
0.62145420968406617
0.62135151030422042
0.62122269140099695
0.6211962391657031
0.62117780629697994
0.62109361908647043
0.62107778614582021
0.62107106545648938
0.62096059224809574
0.62075423579007094
0.62061575244850775
0.62060899222273558
0.6204332587220075
0.62028875519876758
0.62014322313068448
0.61996155149137377
0.61992842919359448
0.61986263995960611
0.61983648981050099
0.61979708331876959
0.6197851151652003
0.61976218984433107
0.61971616449379019
0.61970433715610318
0.61963968990091745
0.61963409025974292
0.61959760063875624
0.61953033437719995
0.61937652220083583
0.61928178440093484
0.61925400920677998
0.61924669604857108
0.61922284054911292
0.61917500549813065
0.61908240133660064
0.61898519215660441
0.61896498907704178
0.61892621379187895
0.61886976183572517
0.61880719621229896
0.61878147246446213
0.61877662182280657
0.61874046707496166
0.61870366875956695
0.61864794584283245
0.6185907126504081
0.61851216479016069
0.61831450924295261
0.61830863682500437
0.61828021812713929
0.61817341968674744
0.61817320680119026
0.6181272451839005
0.6179667874249658
0.61790736498011445
0.6179061733901049
0.6178295510742402
0.61778453371311826
0.61778011375097175
0.61770303715099473
0.6174876611538811
0.61745147096917474
0.61739099112745355
0.61738803474755888
0.61735702686257832
0.61726134594598692
0.61716736910281345
0.61706996272310555
0.61704631837423662
0.61696722402151538
0.61696522529122644
0.61692516635884509
0.61689501445080552
0.61687835727736717
0.61682217443191767
0.61676351115684758
0.6166439635117601
0.61631663080133914
0.61617644475255096
0.61617605573799317
0.61614163668418342
0.61603411178769429
0.61600883103723825
0.61597579664101088
0.61596579664458984
0.61594064711009922
0.61591457918115977
0.61577889295210064
0.61576737017339422
0.61573750928806825
0.61564940345008379
0.61560537208066046
0.61552565522764946
0.61547152401546146
0.61536773812117374
0.61536355943181453
0.61520291275088268
0.61515382015872633
0.61511310456865786
0.61506640940241641
0.61500889864698227
0.61499117837167183
0.61483656531633435
0.61462506876786227
0.61457426689792249
0.61455507517285224
0.61454039282408124
0.61448145014937594
0.61439977292870362
0.61437185560405205
0.61421937302844387
0.61416220476927152
0.61405609517000326
0.61399508847117834
0.61386088256083349
0.61359381462656237
0.61355675994347236
0.61355591376525742
0.61351905375353732
0.61345267674213333
0.61334916864142286
0.61334371899085216
0.61330741326677385
0.61324837300382029
0.61313833924091776
0.61313158821290026
0.61302801364509341
0.61295918375682557
0.61295790269608308
0.61287813314969652
0.61284011551701234
0.61276405623121766
0.61267336155682717
0.61266522916201205
0.6126314958289103
0.61251401068910094
0.61246962992733978
0.61246388086522774
0.61245841209802399
0.61231987512196573
0.61228505611660788
0.61215522769107966
0.61213858488270967
0.61213341777225849
0.61211850513297383
0.61209700993610772
0.61209361438573118
0.6120683984281502
0.61201771778272118
0.61201516404270107
0.6120082563410173
0.61195131827496974
0.61190585834923095
0.61181605980631637
0.61180269169974322
0.61178365032539561
0.61169297622557528
0.61155275761779082
0.6115231163136402
0.61149254300691736
0.61140360605382738
0.61139368940457328
0.61135309697388807
0.6113179249945645
0.6112894941212923
0.61127183089448989
0.61123996756462451
0.61117959978979985
0.61117301228434995
0.61112726627318137
0.61100783066613751
0.61096525691341341
0.61092673975537681
0.610796819499412
0.6107959999846454
0.61075020270480618
0.61072476261428421
0.61071020876875137
0.61066456960889504
0.61059205570287023
0.61058816495269375
0.61056877797545051
0.61037998121720094
0.61034196282771747
0.61033748259386811
0.61027231581525954
0.61026840809316796
0.61024564276654092
0.61017588704465986
0.61014318221863406
0.61008094295396609
0.6100221341429054
0.60994330806797747
0.6099410184409314
0.60982554252683596
0.60980175838721595
0.60965533873877109
0.60950590001229143
0.60943879013132773
0.60929480324095719
0.60925553520738795
0.6092315125358817
0.60922377564262009
0.60922125727415954
0.60915107591988427
0.60910101037913855
0.60896240966580883
0.60881227084559975
0.6087729857379689
0.60876319273349155
0.60875995965435203
0.60869525987579531
0.60865820608470733
0.60844726542386585
0.60840100687849097
0.60839376643295484
0.60837115032831224
0.60825362299145425
0.60824414418724171
0.60811732625128756
0.60784887843061663
0.60780968046697137
0.60779814888819594
0.60778175094010001
0.60775629689754451
0.60774448192274078
0.60765727439870976
0.60757929725275239
0.60752396141178688
0.60745818168470467
0.60722741087456511
0.60722417114970328
0.60714395033196322
0.60713952917658076
0.60710469252246935
0.6071003257520019
0.60708839387068314
0.60706288561829957
0.60705244946192627
0.60704975336835099
0.60690241834876613
0.60668140261277392
0.60651052264427496
0.60650143719454663
0.60649494584245345
0.60644573345420005
0.60642577246887774
0.60630131108712237
0.60626011523079326
0.60625335812871695
0.60611405420850428
0.60609597744881394
0.60608106981364596
0.60602056325382136
0.60587185931462872
0.60583727989128155
0.60570042321518791
0.6056883471120984
0.60566978334687527
0.60560247509575182
0.6055819465579062
0.60548241788010504
0.60547937970662147
0.6053594350130912
0.60529814456707887
0.60522236568198418
0.60501717955009748
0.60494527679713683
0.60492517401987356
0.60484035621879462
0.60452856806006372
0.60450881654967592
0.60450782219148291
0.6044427399780371
0.60430713728650054
0.60429490270758057
0.6042551405840616
0.60411109076434055
0.60407604831254547
0.60402334017884252
0.6040142126105007
0.60398622053314732
0.60397924252788726
0.60394527202445147
0.60389834445955948
0.60389239314390541
0.60376630383789343
0.60373430985181475
0.60368980607140643
0.60368337811580719
0.6036270678247404
0.603621133424879
0.60361200289402239
0.60361128380313245
0.60347431668990814
0.60335436955415289
0.60326924460981579
0.60310588717298697
0.60302993520673764
0.60294642609358717
0.60288286300023719
0.60285195287965876
0.60280016123133995
0.60278076388616031
0.602728081858382
0.6026663867458657
0.60260713597447602
0.60253337868913071
0.60246995187732355
0.60238917956319449
0.60227594127175632
0.60213173124724928
0.60205734943187228
0.60193991773975319
0.60193020836078504
0.60174467147362398
0.60167407769220349
0.60163306369345493
0.60155459132902744
0.60154822072800096
0.60139287505937644
0.60135856265216137
0.60135123488880815
0.60115861412801241
0.60111733619801511
0.60109388040749234
0.60106354785084315
0.60098869606341776
0.60095939812644172
0.60078167521421499
0.6007670864320096
0.60073892605229495
0.60071495768780536
0.60059543714111152
0.60054898413243674
0.60049983636850701
0.60048499796057164
0.60041794455816511
0.60036773163361667
0.6003626676329813
0.60033088842713145
0.60003246866210869
0.59997163261891162
0.59991321025602062
0.59988911732065497
0.59976248593860659
0.59968717936549565
0.59963902332222219
0.59962412873248849
0.59946201765971419
0.59943409668770198
0.59942158929241773
0.59940695409841127
0.59940378081918477
0.59938514665654485
0.59937817358401568
0.59934241503968722
0.59932260698249762
0.59931243205896423
0.59926293039621592
0.59925671338973152
0.59925337760985387
0.59922181281577769
0.5991399995324227
0.59913511457172708
0.59912294521505782
0.59897798159321591
0.59895421172657293
0.59885646609129828
0.59881883276913617
0.59879142094726823
0.59870975694320083
0.59867336145915317
0.59865660059594616
0.59860009109464074
0.5985904729993321
0.598436606089088
0.5983256005327271
0.59817955910403842
0.59816170942027747
0.5981237544907031
0.59806093341312849
0.59795649993559585
0.59781295831278414
0.59779756398609885
0.59771401213977893
0.59746208235424147
0.59744135059172276
0.5973281644720978
0.59730971439261082
0.59730570961066354
0.59723145857076765
0.59723065026003452
0.59714711309971158
0.59712043154115324
0.59706350450418921
0.59695845992436125
0.59692121828902478
0.59685087075493226
0.59674184089580251
0.59667974064286033
0.59665455100337639
0.59662340648139944
0.59656579709397506
0.59654344536142456
0.59650920822560205
0.59648463812789088
0.59645541273130553
0.59642079498062928
0.59641465822541428
0.59636169512316772
0.59631111459274877
0.59620892669593184
0.59617713781144777
0.59610113493480321
0.59605602805112934
0.59587537465413709
0.59585088480747339
0.59573832665298754
0.59545552993435169
0.59544341308732307
0.59539297928563972
0.59538591212924896
0.59529551333741471
0.59522203012043717
0.59520651252325119
0.59514831690563241
0.59510828674953886
0.59506692412425044
0.59492864637573206
0.59491935376254967
0.59487182989938003
0.59476509586513049
0.59476156550049442
0.59475257363125944
0.5947212122264498
0.59470602207742285
0.59462817585854089
0.59461702221812152
0.5946150522928626
0.59457041960915524
0.59456897841625111
0.59453899383813436
0.59443957202459263
0.59443810995701241
0.59443516037489152
0.59442403948117639
0.59435987185706718
0.59423948905364155
0.59414048842096612
0.59412259438169268
0.59406327893529254
0.59405027674172439
0.59404610427721216
0.59395882642411812
0.5939430910644401
0.59390732328696938
0.59365758916597844
0.5935874730371723
0.59349992265240159
0.593489746061166
0.59347338951211015
0.59336477416113098
0.5933594286339533
0.59328368086579952
0.59321778821314042
0.59321738077876818
0.59318088569859995
0.59313670746003389
0.59309859871322612
0.59292612658350674
0.59289752168988652
0.59288685028810273
0.59284623585816609
0.59282567748406068
0.59274999101044146
0.59268524075157569
0.59265268266017768
0.59264230656446137
0.59253533222660693
0.5923409731277044
0.59228550988617445
0.59226097741738493
0.59225809378337868
0.59225385233278105
0.59221314264976166
0.59218610959177298
0.59207464318518832
0.59204845771252346
0.59201960169558632
0.59186929527952215
0.59181258670887205
0.59172668560195096
0.59165532300332535
0.59163585817629238
0.59147659217081372
0.59137379312741989
0.59134368494274403
0.59134139146579978
0.59131233438725983
0.5912904839345976
0.59124433150043199
0.59117292067956273
0.59115182216752715
0.59105216969019425
0.59086134011627456
0.59064153135761222
0.5905316636021205
0.59050655680140518
0.59046275987467955
0.59039362737076073
0.59035257330833346
0.59034648098679809
0.59026654098237974
0.5901733037893131
0.59009043837873798
0.59004596339370452
0.59003299863518055
0.58999698541362144
0.58987836370811875
0.5898650354388294
0.58985248442646554
0.5898293364929984
0.58965754460204434
0.58958033669369114
0.5895605259802128
0.5894182022321619
0.58936694193746308
0.58935878130811914
0.58929581816325316
0.58922733809311267
0.58918311264256418
0.58909497051621562
0.58900592969555399
0.58898314385841855
0.58889272879582488
0.5888488163465998
0.58883318572264942
0.58874304575685243
0.58865933196512887
0.58862764875230444
0.58862268638234594
0.58849021597065443
0.58847000523452953
0.58840895294783979
0.58838257829787399
0.58835946092007863
0.58834782135686559
0.58820718833649743
0.5881740032535071
0.58796245634006439
0.58776702329896491
0.5877603152251184
0.58769270157069031
0.58767141403088197
0.58766728118716738
0.58764705112596116
0.58752076385646723
0.5874897603929794
0.58744979739169212
0.58743218529895258
0.58739817368096126
0.58726613711848319
0.58713386018972513
0.58711922299483676
0.58710343791723218
0.58696861753760932
0.58696175020375485
0.58690551154542314
0.58681527896248253
0.58663893935200595
0.58659049323538948
0.58651987275732631
0.58648337863759503
0.5862817752662961
0.58627272320053259
0.58621897178749871
0.58604198352943315
0.58592618688974873
0.58590577808228883
0.58587780741126261
0.58587642247033422
0.58586985977303763
0.58580988622298436
0.585785678664971
0.58577188624456922
0.58574878498969429
0.58572221020658943
0.58569120108994754
0.58569080411713315
0.58567874594150116
0.58565306629727387
0.58562536009303812
0.58561117548076758
0.58558810277965956
0.58557206715492294
0.58554640191024354
0.58550985005507328
0.58537107524351772
0.58531666418684225
0.58531513570692717
0.58531079429609811
0.58522679673176103
0.58514536767610215
0.58504637186960051
0.5850171984699587
0.58492233428065021
0.58476292635255644
0.58473800045880864
0.58471509648576081
0.58440152588695815
0.58439937953917165
0.58439318782278016
0.5843292516838543
0.58432675591764283
0.58432505536633972
0.58422255770333165
0.584140669144675
0.58411913518558611
0.58410115193125334
0.58403477593506603
0.58401714920124759
0.58392635132133019
0.58391620344807083
0.5838749230258008
0.58386359389390519
0.58385838260422418
0.58383675677346325
0.58382972736437222
0.58378020991170343
0.5836692801169342
0.58362384052219718
0.58360299276487326
0.58358561773177264
0.58355247743166794
0.58350491256784409
0.58348812253212712
0.58346147618943311
0.58341029809915379
0.58339221847319922
0.58335015128248313
0.58334427649472942
0.58326963634547402
0.58322446481268753
0.5830972190411452
0.5830757760080455
0.58301142763758851
0.58295975850076376
0.58279443509462903
0.58279277082146763
0.58278740457187317
0.58273696870379454
0.58268254787616169
0.58265500220697652
0.58265464741317929
0.58263916596064069
0.5826262763654303
0.58251262442868834
0.58238979024702386
0.58236710648597567
0.58236224548636983
0.58225936952250412
0.58216300328227266
0.58215274473554712
0.58208239417765728
0.58187352554803384
0.58185257193218243
0.5818117519591155
0.58174467796885609
0.58172139847957516
0.58168636461822754
0.5815441874914864
0.58136435549007293
0.58136277534559533
0.58106554566669288
0.58104510303466439
0.58082660108594453
0.58068964675704771
0.58036489483789677
0.58028175790467462
0.58025220050243764
0.58022636040020203
0.58022287639296255
0.58017159777373983
0.58016797758460192
0.58007720240664373
0.58003206464501145
0.57994541494418683
0.57990788894637602
0.57989981098455656
0.57988173440032897
0.57984452927636609
0.57983955229901329
0.57968456324250206
0.57967837230844066
0.57965027837774052
0.57959871151340969
0.57955782326883243
0.57954621390873984
0.57951941721729594
0.57941894513144088
0.57935471608936739
0.5793089109891878
0.57903059514952671
0.57900548408985897
0.57891521954697223
0.57871800462621448
0.57868126056991187
0.57865385206293529
0.5786204347032925
0.57851697295112248
0.57848013511300156
0.57832210127388428
0.57813612072695841
0.57803406551436087
0.57800459279758043
0.57793199602569822
0.57792720373827777
0.57786751094462596
0.57785013664205442
0.57784261107556323
0.57774530840618543
0.57773723491551909
0.57773298342942059
0.57773147028948435
0.57772270220313626
0.57770730318618335
0.57768243970726063
0.57760168902474196
0.577598320923564
0.5775613085984268
0.57752758837887253
0.57751531204602025
0.57734644323467488
0.57726803294736551
0.57723355951610356
0.57722811634014093
0.57720486578242747
0.57716364559010191
0.57708069096386794
0.57704168680796042
0.57699071710842709
0.57678698853916077
0.5767050896926883
0.57660279766302724
0.57650746458081747
0.5763218032202394
0.57630521483944097
0.57628212084928754
0.57628205561691348
0.57627162465401049
0.57624736492375739
0.57601621206806797
0.57594651000442088
0.57593910424493888
0.57590941014759878
0.57589295549605513
0.57584434732261902
0.57583941591264909
0.5758362110680072
0.57579667815096514
0.57578015156144924
0.57575776580398552
0.5757575384642849
0.57573135316733171
0.57572071706212102
0.57568236887029911
0.57567857691926061
0.57561456207816541
0.57560871740081299
0.57559119270508352
0.57549466378743075
0.5753893513552556
0.57538866528349641
0.57538103537834095
0.5752645650821866
0.57520444390231085
0.57519357526710801
0.57515878820442712
0.57508597800105432
0.57506244296314035
0.57503419462869931
0.57503336266632954
0.57503126031331542
0.57498890576518713
0.5749021956680217
0.57486201574786921
0.57482537544767709
0.57482027654061107
0.57478050219584376
0.57474256073594776
0.57465728101748137
0.57463772669304236
0.57452108284486481
0.57449737319898164
0.57449615934419607
0.57437899703980233
0.57436890389674333
0.57432146533841555
0.57429811970795774
0.57428985051486325
0.57426883393842398
0.57425746465420102
0.57414688703914996
0.57412570636264271
0.57409489131125846
0.57399847953333405
0.57388835030231222
0.5736124859243017
0.57356263965017396
0.57349434840399227
0.57348620227838409
0.57345422337864915
0.57340391916762135
0.57336098641587885
0.57331858385432499
0.57330113958798812
0.57316081138847264
0.57307242497639721
0.57304546413782775
0.57294580609867174
0.57290545281347249
0.57287920447769991
0.57285012381484235
0.57254077298854777
0.57252525120868825
0.5724527296633859
0.57242217870499179
0.57238953235437784
0.57236028696595986
0.57231493555800994
0.57225256037204508
0.5722283588606274
0.57216984364357026
0.57213104774459067
0.57209762742812109
0.57207131784934395
0.57198779928046517
0.57197725521188347
0.57189796564783035
0.57188132486756438
0.57185774428143188
0.57184420016093795
0.571786741183678
0.57167324715421963
0.57163058241271014
0.57155656609627103
0.57153463951524297
0.57149612298870112
0.57148217840282511
0.57147433341900067
0.57146455972227905
0.5713617926690393
0.57135545401335752
0.57134161664993888
0.57128517969670933
0.57123588521309776
0.5708564553200064
0.57082677180768138
0.57074666603085022
0.57069618694870372
0.57066973454871428
0.57060929418577
0.57055001136985339
0.57042452927733989
0.57041509936297308
0.57040067559637142
0.57033373001550303
0.57024909128409229
0.57019804417956743
0.57018135063147668
0.57012382169010356
0.5701148334742302
0.57002520235896892
0.56999341577803542
0.5699444786082013
0.56994432605433865
0.5698124430627356
0.56972282182129275
0.56962910724722127
0.56959671501176634
0.56952112406661348
0.56948133837390846
0.56947438561459185
0.56947057745343987
0.56937302847930682
0.56928306648865279
0.56921671525615702
0.56919957076761085
0.56914608392113009
0.56906094746705038
0.56900047402452369
0.5689583159553625
0.56894303324405271
0.56890888278565255
0.56883160406782474
0.56872398360430199
0.56855378447919636
0.56851280656160075
0.56848690563828741
0.56844785360397587
0.56840690410183548
0.56838935731582096
0.56835564161457786
0.56833623583749082
0.56829520927535693
0.56826253840896357
0.56817779705433902
0.56816395379619611
0.56813740148178316
0.56811852119587858
0.56807844921536421
0.56805580427696312
0.56803740510450895
0.56785434566688364
0.56784475365834597
0.56782056169902273
0.56778436181172409
0.56775487224218457
0.56768231918005341
0.56757909762360059
0.56754255717890845
0.56750950175656056
0.5674994442351009
0.56748671683533081
0.56740849873969101
0.5673643612037732
0.56715657149603071
0.56713905918258622
0.56711920648451997
0.56711560041304321
0.56705546137108853
0.56693940557735734
0.56688234831224049
0.56688160025633327
0.56671405725624369
0.56665936252773885
0.56655302728511159
0.56653134461170207
0.56643534630352665
0.56633237919436907
0.5663245036476191
0.5662169550555175
0.56618517579722594
0.5661390924646309
0.5660193433420736
0.5659837497271295
0.56583403800094922
0.56574786539151223
0.56574737809622666
0.56574657378538495
0.56574534760096162
0.56551091593689728
0.56546351340798029
0.56545420960127157
0.56542861374373921
0.56530337095248751
0.56527113278203978
0.56517856401031619
0.56515676139987558
0.56515533374387661
0.56508116635967065
0.56505235028942513
0.56492404733133972
0.56483577273778474
0.56479828360508078
0.56477388663988493
0.56471512587498951
0.56466734787415529
0.56459174650868549
0.5645523117043747
0.56454825186734381
0.5645131982249596
0.56440694547456005
0.56422394411181676
0.5642036447540455
0.5641505194339228
0.56414465184063411
0.56411548969158798
0.56390662866118357
0.56380057328697675
0.56372171728112808
0.56359696850686136
0.56358525261572845
0.56349453944160754
0.56348679605060048
0.56340923116674102
0.56340794702549124
0.56340309276724843
0.56333195964229665
0.56319464887868009
0.56315042936056159
0.56307699011055135
0.56307206186037118
0.56304049053700733
0.56299895836714331
0.56293401972755586
0.56287295182542074
0.56283787678967734
0.5628200611902423
0.56279220914319117
0.56258647129728889
0.56256027075418702
0.56250128958313428
0.56236302271342042
0.56231357962550055
0.56227676540812843
0.56223066160132107
0.56212750622970176
0.56210369895167522
0.56202168983265055
0.56190781548632429
0.5615961752827664
0.56145355028380495
0.56134632972896237
0.56132357686675083
0.56127606832588173
0.56121437505753102
0.5611681798576269
0.56116751881453097
0.56110307577996599
0.5610965142915777
0.56102085166942939
0.56101048438653534
0.56099004474157688
0.56098828884619878
0.56092771022536247
0.5608579244087214
0.56084383679547567
0.56077407931313339
0.56074796640363977
0.5605801645725802
0.56057350933621941
0.56053989473646793
0.56050705422035885
0.56047776189094467
0.56035067729616195
0.56031767972771407
0.56028787218843557
0.5602553193969525
0.56009899352302339
0.55982312733915462
0.55976936209826134
0.55976613959175248
0.55976380446768204
0.55970856098354616
0.55967985610500559
0.55947856709827704
0.5592063495620917
0.55905967242147647
0.55904726836921181
0.55895666463072635
0.55887328477535758
0.55881795213076724
0.55872394342817222
0.55861208357033099
0.55848622939755765
0.55839944358521665
0.55837552891054287
0.55836913532246468
0.55822100748591141
0.55822059724131057
0.55819499385274696
0.55816596726100154
0.5580789651323691
0.55805143579321603
0.55800192162690188
0.55797500448710469
0.55789698902477158
0.55786941904417886
0.55781945741587924
0.55779495020686543
0.55768200096034759
0.55766213003642828
0.55764411317370499
0.55737070718678594
0.55736741212147078
0.55735356604702491
0.55733639684543235
0.55733236602079794
0.55730442313087025
0.55728432151845142
0.55724544837266132
0.55722446976213991
0.5570910011533905
0.55708265472145346
0.55703811756206578
0.55702931083108442
0.55696188248892309
0.55682171569286731
0.55681879568855164
0.55675876213245923
0.55666653664502219
0.55665945387660754
0.55663820116267815
0.55656083549436652
0.55653128322343515
0.55643199096088769
0.55631109396718836
0.55627106827922468
0.55626497766367433
0.55618855994783312
0.55616222518309955
0.55605057174182781
0.55604019545365513
0.55603767924858849
0.55601075446734427
0.55597692843709057
0.55592087073173069
0.55588853844774022
0.55582978859589194
0.55578837323792341
0.55577914635930248
0.55569002045821747
0.55568537328716039
0.55564892221214057
0.55547990109761525
0.55506712574955108
0.55504589445148556
0.55496857191696158
0.55493856961642951
0.55490828883542276
0.55490298613943867
0.55488663480886347
0.55484536217884561
0.55478435288275718
0.55471954878460239
0.5545832742381519
0.55455820518594812
0.5543658937065209
0.55434435290394646
0.55429082379529104
0.55415677052953938
0.55412104001728824
0.55403333652557984
0.55402529476813067
0.55401682915218431
0.55384140883464072
0.55380230453366985
0.55378865494447427
0.55368716503643611
0.55355953017309378
0.55343741642964572
0.55342844582097028
0.55340964561519723
0.55333076985241247
0.55332886262722381
0.55319959076079273
0.55318305897956732
0.55316472898821634
0.55312365068379887
0.55310237648665617
0.55261442159149565
0.55259914051027925
0.55257865399922734
0.55257233604549028
0.55247402575693583
0.55247091757773914
0.55246024092940027
0.5523904553005069
0.55236587850922936
0.55224330678961286
0.55207982678977563
0.55207879972030638
0.55198807161007468
0.55197746491260435
0.55195968085732394
0.55195531282309485
0.55194892669434403
0.55189887580588071
0.55189621678024903
0.55177665578560209
0.5517643336327519
0.55169931201192246
0.55161177967776986
0.55153487722407057
0.55143183865003842
0.55139957659312888
0.55138857490328219
0.55134328322875281
0.55130145656198382
0.55128941858021363
0.55124734973558198
0.55124569321549888
0.55119363352897532
0.55111004904372529
0.55092495031854638
0.55081563637840536
0.55072943842010835
0.55062033021816659
0.55058489977854608
0.55050967131614381
0.55048313693671269
0.55046137563050113
0.55041789119218143
0.55033123529050731
0.55019813727111466
0.55010905929696485
0.55003136887469073
0.54999541426457377
0.54992357971265182
0.54990692976163602
0.54989213811106008
0.54987544028028934
0.54985027704616318
0.54984217814501479
0.54982168074501481
0.54979301397073799
0.54974860983166973
0.54969063084542968
0.54965560157061388
0.54964899763340447
0.54962574762212191
0.54959921469783535
0.54955521875116986
0.54944292691742458
0.54922111989223898
0.54919153348651351
0.54899634476254455
0.54897768879463149
0.54890945350835163
0.5488457039793424
0.54884057359600313
0.54883545939790568
0.54862843971055542
0.54862581751805461
0.54850473915684761
0.54847621874039709
0.54839155447029075
0.54836889674012579
0.54824808735681019
0.54819067928528142
0.54815784064859463
0.54812269938642166
0.5481154822506159
0.54804723858490478
0.54788308722803658
0.54776515249703406
0.54764156839841616
0.54751666119020714
0.54746965060210229
0.54746333043299678
0.54740326878740564
0.54740156818950114
0.54739308493500749
0.54738989387390236
0.54735802103824727
0.54733512601156276
0.54733119960074872
0.54728628515817546
0.54716119006582997
0.54711979409066036
0.54705001871531389
0.54697067217667061
0.54695713791045664
0.54689597224699815
0.54679298106083185
0.54677321643224963
0.54667253426545404
0.54652916638169868
0.54646391536842931
0.5464617130883147
0.5463820919545076
0.54638156013902217
0.54635919052489856
0.54635225700530266
0.5462786480164068
0.54620829499972667
0.54607842178623778
0.54603201302488658
0.54594069875512607
0.54573042461078436
0.54563109520339736
0.54562831057598282
0.5455867350506598
0.54552317106181103
0.54551640545137059
0.54545973446268614
0.54544182218281467
0.54535681668467162
0.5452751492726734
0.54513625948465272
0.54509741111192522
0.5450103188969333
0.54496143343261683
0.54485043430220281
0.5447475994965093
0.54460739592326479
0.54455982631834743
0.54449707369807099
0.54448510757970692
0.54443993838415605
0.54438190502186934
0.54434896325986848
0.54428713845759924
0.54426854799922009
0.54423240037329668
0.54418818933720536
0.54416543069942469
0.54408608324594687
0.54406598926844363
0.54406384270592589
0.54398830192892256
0.54386038722653685
0.54384317159687623
0.54383579512074243
0.54382581788751116
0.54374626092617329
0.54364882134078851
0.54361276816483783
0.54355165616405454
0.54353733850904762
0.54348084459271739
0.54347516495274184
0.5434237991057197
0.54340991350309686
0.54339586727040312
0.54337169808873664
0.54333865057521979
0.54331581137426854
0.54329350934294252
0.54324799950257041
0.54323681481737662
0.54318698456545444
0.54312881894211262
0.54309782068481594
0.54308512208328796
0.54306024837188049
0.5430076506387379
0.54298096804127449
0.54292535820428545
0.54292283358542948
0.54290898344605876
0.54290623014003092
0.5428567269418948
0.54276829503565149
0.54273781685869738
0.54267864376965902
0.54264024735146688
0.54258412641004161
0.54250903647984161
0.54246920484581129
0.54241475117468885
0.54238238929316607
0.54237702998978132
0.54231023728097472
0.54228688371336653
0.54223101153029685
0.54222846465915053
0.54220609758799176
0.54219739794033539
0.54213515650424315
0.54207632819377649
0.54207434360768292
0.54204061315401042
0.54201861548543373
0.54201724446059873
0.54194624881640963
0.54193330212402591
0.54187900053845928
0.54181677315072474
0.54179711195779012
0.54174109354180666
0.54167796385943856
0.54166824448306239
0.54161173000782836
0.54156633971977597
0.54148219860129099
0.54147033083190821
0.54144544442450304
0.54143596748831779
0.54128681836347758
0.54126324786034774
0.54115978169715817
0.54107920177501989
0.54093086422599723
0.54091236214496086
0.54090503944179369
0.54084639816371782
0.54078465201608095
0.54074431228747288
0.54062901833221388
0.54057102992539074
0.54023179804449717
0.54020015984276193
0.54018886067943839
0.54013876636937219
0.54009425513822529
0.54005641431870766
0.539958784370978
0.53992256347254286
0.5399161996709716
0.5398749535065217
0.5398000309391312
0.53973851686010621
0.53970794349778206
0.5397032206320288
0.53949176741207716
0.53940644778891311
0.5393974045174067
0.53936619788309281
0.53931601488539715
0.53924058159500854
0.53922139502338495
0.53921364044093667
0.53920962231602843
0.53914536507013266
0.53913247045099999
0.53903466051465032
0.53900244871259007
0.53898709436254044
0.5388207344067284
0.53881911468023602
0.53862854450201714
0.53825556826688747
0.53822104057338482
0.53821413127064921
0.53811806700836629
0.53801962947454929
0.53798562334060307
0.53790474301498992
0.53778693819820622
0.53778197446568654
0.53776298938476919
0.53769184328728914
0.53768985860876128
0.53767817565898279
0.53764509015586026
0.53755863936934889
0.53750468781210503
0.53746754144795728
0.53740150536943454
0.53739331660404366
0.53737959782168754
0.53734029137302908
0.53729069923321049
0.53728611612108068
0.53723917516851838
0.53713765112509915
0.53713287741169036
0.53710836564266939
0.53710731859218508
0.53709673929668733
0.53693505043094358
0.53692766574374273
0.53685882974638177
0.53684052445151254
0.53667099055969092
0.53660813324736667
0.53657677417279637
0.53654748550413944
0.53654421115572937
0.53649256522535116
0.53646299079442539
0.5364190775086749
0.53641016024083943
0.53638166096180617
0.53631920086085028
0.53631743139801091
0.53616886337482517
0.53616298880862245
0.53612637381717543
0.53612524337673229
0.53606172803192753
0.53605234122043888
0.53601159206809845
0.53591430932061224
0.53584902776716248
0.53577478440462634
0.53572875318194724
0.5357100446571974
0.53569696788475418
0.53566266846702049
0.53547150605208949
0.53545437323667655
0.53543809813051746
0.53538552704975051
0.53516132488359991
0.53515839961155887
0.53513326558960783
0.53510831190705999
0.53503443777097126
0.53500832416505451
0.53469660516091899
0.53442770414708018
0.53433087279277303
0.53396827382420542
0.53387285222903325
0.53380451861744682
0.53376312934869696
0.53375971249053933
0.53375128465938182
0.53374698574880086
0.53373464869791132
0.53364231521256611
0.53357092253706728
0.533519242650767
0.53343291205688437
0.53335003407652748
0.53334023087576821
0.53323614723748369
0.53321260321339303
0.53313526023914415
0.53288123140000021
0.53286719328350129
0.53283917416914783
0.53282727526252138
0.532820733778681
0.532788327671884
0.53268791187767617
0.53266037054544968
0.53258959167242037
0.53249697408079499
0.53239711698995984
0.5323486847364739
0.532267162598833
0.53223575363792064
0.53214078344366156
0.5320948429914425
0.53209387139387709
0.53200619384726366
0.53193243137117896
0.53186504912457877
0.53166966083213962
0.53149508905157539
0.53139262535652254
0.53138895052784496
0.53114387542591923
0.53114209139471069
0.53102005263435281
0.53101542602440233
0.53096535109313248
0.53091992414857714
0.5309039783860966
0.53087506285706698
0.53071973192243049
0.53066553831310959
0.53062235199874264
0.53054265140572332
0.53037430526986074
0.53036989814259439
0.53030487633220813
0.53024551036733192
0.53022319100402815
0.53021589582454609
0.53017611752155647
0.53015287176964554
0.53010974720314408
0.53008824347057615
0.53003983981885638
0.53003809493157306
0.53001112618241208
0.52997604446011848
0.52993027630607314
0.5296813798468607
0.52957642667492066
0.52952759982351338
0.52942419164943533
0.52942325866707274
0.52941250597516221
0.52927475130123536
0.52926976043586038
0.52925991789602256
0.52925750730336218
0.52905621956317295
0.52905591033262289
0.52892047853462554
0.52888965459340687
0.52885441876588191
0.52880591200709692
0.52877232554202458
0.52877127553098291
0.52872003460406591
0.52871606493717538
0.52862446606765923
0.52858850618866315
0.52856628417908935
0.52852574320987933
0.52848657154635481
0.5284556272837283
0.52840247482790337
0.52838607152211869
0.52837454766351566
0.52835036983017447
0.52826168195731971
0.52825995339556597
0.52823802718004786
0.52823517821817456
0.52815617060887399
0.52799992819789199
0.52792342197487607
0.52785832202863059
0.52782610333620128
0.52782341184680559
0.52778300987515991
0.52773099845155225
0.52772458503774056
0.52766786399294063
0.52765255240596021
0.52762733041725329
0.52758529765399964
0.52748573568421497
0.52734340036280536
0.52731801755673979
0.52727166196958419
0.52722962611794
0.52719755985581729
0.52713253529334669
0.52711467184917371
0.52692306104499598
0.52677735509968004
0.52673133733591604
0.52672768565856065
0.52668478564054688
0.52665059171410711
0.52660724292661665
0.52652765546284197
0.52648963641212143
0.52640653688802619
0.52638813209351754
0.52636983403358484
0.52633194901107794
0.5262804853677695
0.52614378996123756
0.52610117218324626
0.52608666127602166
0.52606415453528377
0.52602977358749825
0.52602902658074402
0.52586842300719361
0.52572751216999836
0.52562802861435109
0.52562620432193941
0.52561181929764944
0.52559639957422688
0.52549021171005916
0.5254271973954372
0.52536239051734246
0.52530953216782406
0.52529140683980557
0.52527385416501093
0.52526669152038585
0.52526144471989078
0.52507398024540897
0.52503549587304976
0.52494975425919554
0.52489540404932244
0.52488116213113289
0.52482505857142836
0.52480473097963742
0.52478662999906767
0.52476573437072505
0.52456478804614926
0.5245432993241419
0.52442520933940995
0.52439009167477202
0.52433753075342437
0.52426570301447972
0.52426416828473132
0.52422465529660711
0.52418098983451233
0.52402026680139258
0.52399249820455374
0.52383380794474088
0.52381829218536469
0.52380138852047475
0.5237949843530596
0.52376212289921231
0.52375572172169405
0.52374483745688116
0.52373057398977585
0.52371485635026482
0.52370912848981821
0.52370302736495578
0.52367279817474388
0.52364040144486756
0.52361343900749724
0.52360390716744121
0.52359543019334931
0.52358991169936919
0.52355015296222329
0.52353737008896839
0.52352809134091494
0.52352278111034922
0.52336539010686811
0.52335183942114361
0.52334249735356653
0.52329249903676744
0.52310131170271623
0.52300765536755411
0.52298333349731108
0.52272301516037489
0.52270133305724631
0.52261054755326453
0.52253195761798132
0.52245610919037455
0.52245579876575554
0.52237522637837763
0.52237302288626375
0.52236670775223937
0.52236410025521673
0.5223024567301866
0.52219658725012363
0.52212999437124774
0.5220649548827101
0.52191192568040312
0.52185598260084221
0.52184593337081242
0.52170738997997024
0.52168386823192425
0.52167984854730443
0.5216654641761822
0.52163289620606657
0.52163150147771908
0.52161046897622987
0.52159165590579126
0.52150730354120012
0.52148610618504365
0.52140414725470619
0.52136999427839192
0.52136266720749724
0.52118873663886112
0.52117730287246566
0.52115204699751527
0.52098102315366324
0.52097824401325687
0.52096373407709418
0.52095448669629507
0.52091645156034494
0.52087884140033924
0.52078461654659791
0.52069376754089036
0.52063274105858692
0.52041705610310762
0.52039656160271996
0.52038996138889959
0.52038615539530775
0.52036396061926804
0.52033947372987743
0.52029359615968074
0.52012688218160363
0.51998460146453462
0.51997959593596577
0.51989887742971963
0.51983770800358131
0.51981132510934414
0.51980907152647482
0.51980450534013956
0.51977082948038489
0.51974508358764826
0.51973819182938907
0.51968824306015182
0.5196736480653199
0.51962420573159118
0.51958181259448799
0.51940605436166554
0.51940550863202273
0.51934115439536677
0.51926556645673838
0.51925531039117134
0.51920733098770211
0.51913079223678249
0.51902442966670026
0.51900691511671815
0.51898381992209575
0.5188989355600816
0.51888663480681574
0.51882035568978646
0.51874655818410953
0.51871155832733484
0.51871113110824174
0.5186916098128691
0.51868912594757977
0.51866970030238213
0.51859355797927953
0.51838416481476768
0.51833743814725419
0.51827562411541939
0.51825341092670862
0.5182010073901665
0.51810950965337965
0.51810147999778189
0.51804124632290538
0.51803531043651319
0.51797736944356698
0.51791386543009355
0.5178752463272801
0.51780643562830464
0.51774890711819188
0.51773416720266341
0.51746474370129913
0.51743855467147193
0.51736197461938105
0.51729745022616247
0.51710895030965442
0.51708606936591428
0.51706775704705277
0.51703546469707151
0.51699714204602443
0.51699593196496385
0.51695170689699566
0.51695156478715609
0.51695135830126382
0.51690760212045017
0.51687643161573327
0.51687467722293134
0.51685985041818372
0.51682488165726648
0.51666970821389668
0.51661520409088013
0.51657019008580007
0.51652359652315338
0.51650631276047232
0.51649733211091553
0.51645488851061638
0.51643650668157848
0.51643281591482082
0.51629697273170716
0.5161881618624532
0.51617684216142645
0.51613311767914816
0.5161075562432893
0.51610194233986395
0.51597593681493514
0.51595942142374684
0.51595712148701844
0.51580677023850163
0.51571479111108709
0.51563761417041454
0.51558609494703478
0.51557209182827812
0.51551994075483343
0.51551313716487335
0.5154282647506705
0.51539733671428567
0.51535638174445708
0.51533253351189201
0.51525442282383893
0.5152456028085457
0.51522244884112856
0.51520666315003105
0.5151812878691806
0.51506882014409405
0.51506535560762723
0.51483373510074781
0.51473856614720948
0.51469611247671809
0.51466884996737783
0.51463466724861973
0.51459787159070924
0.51452441096005552
0.51449664914660687
0.51448485411690503
0.51446160282138276
0.51432274904298614
0.51425165162682718
0.51424761066151481
0.51420040876934803
0.51404620538819346
0.51403015121428142
0.51394351381074965
0.51393326101770709
0.51388943125696163
0.51387588773599213
0.51381762317242685
0.51374874283113448
0.51364571326120945
0.51360848771121825
0.51358308924910734
0.51357741681965752
0.51357298538888141
0.51356701217777556
0.51355210017874364
0.51354922081843901
0.51344186752360521
0.51337677096557388
0.51328478668013033
0.51328133738370441
0.51327158259608596
0.51325841580521714
0.51325321991249695
0.51324178005983867
0.51314578247124709
0.51314391286214978
0.51298779654841531
0.51295733542430877
0.51293377981856758
0.51292477959518235
0.5129107896882521
0.51271300109350193
0.51266483504919436
0.51265793907326607
0.51264272852588444
0.51257717985114748
0.51257623218723247
0.51254759586376153
0.51253605782163603
0.51243531846957946
0.51240369603669522
0.51240154626918244
0.51240033582819111
0.51229303710396512
0.51227778231609566
0.51224634011657455
0.51222422574942572
0.51218620997096187
0.51210419948621722
0.51199322736237018
0.5118780945014354
0.5118591104761635
0.51185405209226009
0.51180828422858771
0.51179553534860278
0.51175046993110507
0.51173843593929236
0.51172691830727668
0.51169368563814965
0.51138665977408271
0.51134017334566872
0.51123212251751959
0.51118821508553325
0.51113740664507012
0.51109966098039938
0.51105297094348956
0.51091750146245374
0.51088117991956694
0.51083681461934694
0.51069401577382978
0.51066976382739993
0.51053967175840254
0.51041182553935582
0.51038091609269232
0.51036086506870937
0.51036047762173131
0.51035976132521199
0.51035397304190799
0.510297963172059
0.51027753261250264
0.5101044545291713
0.51001269508389546
0.50997228851308396
0.509962353249236
0.50988388751689173
0.50985493397416615
0.50985213057529899
0.50977750252151433
0.50957761501615673
0.50948767864413647
0.50946563732481664
0.50936817916337285
0.50925421618268285
0.50915141985275358
0.50913689080075197
0.50895419831202715
0.50877771227751556
0.50867057320960085
0.5086324356871833
0.50863233057104351
0.50859675324081621
0.50855882189075197
0.50849899068914284
0.50849718949373968
0.50839980405726015
0.50837035267357356
0.50836760121073965
0.5083578130650428
0.50833550408325312
0.50826084543034411
0.50817698313070114
0.50814089180993083
0.50812538524054252
0.50804462599023981
0.50799152613012433
0.50794858053082226
0.50794511887660743
0.50792176675856548
0.50783606606514786
0.50783392404026984
0.50782952668128845
0.50779155256295583
0.50767645533616124
0.50765485401800436
0.50765193940424647
0.50759842717540449
0.50756742558208379
0.50745155981821199
0.5074183206714783
0.50738119741546783
0.50732344098893534
0.50720624185143992
0.50713323236156282
0.50706767240411843
0.50697859230678977
0.50696913832706114
0.50689593967118407
0.50689593351696216
0.50682463090699648
0.50679393550445806
0.50676299640488187
0.50675571084456961
0.50670265903801215
0.50666231698897324
0.50663997629466473
0.5065937393162393
0.5065297089186469
0.50649122150837866
0.50645261904662908
0.50640558403557412
0.50638241379936133
0.50628658677801763
0.50626222658119613
0.50620989018978435
0.50618179509277594
0.50617951536638806
0.50616970067393519
0.50607188046040108
0.50597369086591892
0.50581154147142893
0.50577907015245827
0.50577880422898069
0.50577866552489004
0.50550578693854586
0.50532496375804481
0.50525194999268419
0.50522490612431847
0.50521089337806557
0.50515283879846229
0.50514870468379625
0.50513416038336045
0.50513107974522187
0.50511988488547788
0.50507881601140892
0.50507220233432115
0.50506432145404057
0.50497697119882412
0.5048981038823086
0.50489236332355103
0.50477897886993084
0.50473081960510491
0.50465085077287819
0.50456374000770055
0.50453274044400553
0.5045156598608902
0.50445132254878156
0.50442454902562228
0.50439028550041043
0.50437126709978497
0.50432071174412352
0.50428681112750184
0.50414526254019676
0.50406109680075561
0.50397927877605186
0.50397357544396626
0.50395633562952491
0.50391408168007912
0.50391034022317915
0.50384196199397346
0.50384017934833925
0.50381342549188612
0.50374012614262809
0.50365563064446994
0.50364301821727209
0.50359895522102671
0.50357216900261748
0.50353805767918058
0.50353293919318787
0.5035031140383478
0.50341715308856216
0.50321279668084384
0.50315818688621983
0.50298255904058586
0.50297606524485672
0.50293544197165851
0.50284566592852897
0.50274180631503429
0.50273938110593719
0.50273675739472523
0.50267342258600989
0.50258749492879151
0.50251536887448989
0.50249333931036599
0.50245619096521499
0.50242202815120363
0.50239634963471158
0.50235746550542049
0.50233760994687748
0.50232560736930598
0.50225799193822307
0.50219957514308955
0.50219170598262519
0.50217199370687737
0.50216140728386194
0.50211745843697175
0.50206616313760621
0.50200606641194967
0.50200049208145303
0.50198874358434986
0.50196210803029651
0.50196153843865854
0.50178133942568837
0.50174471143345267
0.50164050618888922
0.50162977622681704
0.50154795240080163
0.50154741212537923
0.50150817607562315
0.50140671765265521
0.5013724487552601
0.50135803624013597
0.50131770836287448
0.50122666161351781
0.50108528297079924
0.50102189334709846
0.50098254748802074
0.50096495168915434
0.50091759780213041
0.50090730734179389
0.50086841097983026
0.50083716677422685
0.50083045803455484
0.50082445682725985
0.50081150391567142
0.50079829092793182
0.50071890644837846
0.50067597153856858
0.5006527791909996
0.50063526182330631
0.50061518477974909
0.50061072493031844
0.50055357645256926
0.50046002183645522
0.50045921341275856
0.50044700480998661
0.50044135992215089
0.50042038078804851
0.50039930998524185
0.50036457555653324
0.50028532086311639
0.50019194541789325
0.50013628869571203
0.5000268966405963
0.49989732047385849
0.4998929540041287
0.49957678030471309
0.49944471692351411
0.49943513956670899
0.49943291974224846
0.49943291568698672
0.49935160203275414
0.49933352002146453
0.49933005875737435
0.4992977510244978
0.49928087152060197
0.4992165069234672
0.49918687096413816
0.49918222393716727
0.49918117139563417
0.49914056020567316
0.49908757482387189
0.49906247385946129
0.49899494767639402
0.49890917594275469
0.49890064911064314
0.49885105191081425
0.49879343934872195
0.49877999925290517
0.49873404632738233
0.49871898012755816
0.4987131609942122
0.49868748160891402
0.49861942020574385
0.49858002531074624
0.49856230673036117
0.4985219396107472
0.49842118083343212
0.49830321834661417
0.49822232534083483
0.49817785505877415
0.4981558217282045
0.49815288747184822
0.49801045419648793
0.49797399115468455
0.49793238735437206
0.49792353540678491
0.49778036127359021
0.49767078139143922
0.49766493741370282
0.49764927988806668
0.49763958266566821
0.49756170125396393
0.49733691106977002
0.49721482194606448
0.49719165348975281
0.49715382735029523
0.49700638118089019
0.49698857295767251
0.49695154880877696
0.4969381728313243
0.4969008774573489
0.49688241655784499
0.49680794162708369
0.49678655324147253
0.49673957084380099
0.49669937653866464
0.49656431280605862
0.49655260761946268
0.49624558819786718
0.49623674022076325
0.49623007031363975
0.49620890326163819
0.49617842657074118
0.49617460409833813
0.49617396279421028
0.49614594601988549
0.49609598883935047
0.49596996811752941
0.49594502162433557
0.49587841772434238
0.49581634695894977
0.49581226323262428
0.49575024544366642
0.49574822273573721
0.49569839190099751
0.49569807952997519
0.49569664797994384
0.49569022982815669
0.49563363046239578
0.4955998246713188
0.49556857927229359
0.49551887198933603
0.49549167187758331
0.49537835947867348
0.49534567943668878
0.49532958047574771
0.49532193346746783
0.49526507520508745
0.49524692515659874
0.49519967511004043
0.49507625754380502
0.49503686604600183
0.49502685232023463
0.49499999594930633
0.49492572950629238
0.49491057982547276
0.49490069631991218
0.49483748915584258
0.49480290008458655
0.49478999778298866
0.49478712265547697
0.4946050216766234
0.49456715391260431
0.49439091210133701
0.49435571297015707
0.49432986225461156
0.49432390452694469
0.49416865190359743
0.4941230919879499
0.49407810645775813
0.49404899690257736
0.49398052432733919
0.49395904128141138
0.49373326082621133
0.49372030648083509
0.49364090936902028
0.49363175667173109
0.49360609618927026
0.49350864587512316
0.49346710644887926
0.49343547426812107
0.49341386471740328
0.49338012499759576
0.4933494870071185
0.49334614453568532
0.4932623802832713
0.49324657999994609
0.49324656336296818
0.49324490372624402
0.49322518394274173
0.4932015659567065
0.49310260432552439
0.49309153065339512
0.49308153076887146
0.49303171234353749
0.49295300441506695
0.49291766677152943
0.49281303026698858
0.49272786436654192
0.49263619824802229
0.49258952675206297
0.49251265952635492
0.49248510601853351
0.49238271465024275
0.4923723591326486
0.49231246047331223
0.49230710554645829
0.49225574198382099
0.49224526327332224
0.49218579874701474
0.49212245424818934
0.49210432081555017
0.49207184463074433
0.49200054982062136
0.49199063424790185
0.49191689601160066
0.4918888301430237
0.49187841096027118
0.49181613414878522
0.49179645410812528
0.49177114076992723
0.49176439829484531
0.49175957899893208
0.49166417599006756
0.49164416555381352
0.49161373962025134
0.49158224631555009
0.4915300843388008
0.49151980189131106
0.49143519905681199
0.49140517705321191
0.49138630942033068
0.49137857196697288
0.49135468611891814
0.49132486195154146
0.49131878626241693
0.49127934918365518
0.49123278023140066
0.49121058177643145
0.4911889156356174
0.49118060980546008
0.49102404381845227
0.49101195141768011
0.49099421964310813
0.49098489280495844
0.49096284527380046
0.49095612756068735
0.49083323791358952
0.49082930913310885
0.49081596909789038
0.49077423291112116
0.49070308337575003
0.49065171804045704
0.49062737900686088
0.49059188497607759
0.49055658626716109
0.49054176481730077
0.49051113102924371
0.49048733940901645
0.49041875029857546
0.49035217604858133
0.49032302645421622
0.49027900654782169
0.49022754080944614
0.49019915985690654
0.49019076403378392
0.49015626211544489
0.49011320581291751
0.49010307476922249
0.48998173099138692
0.4898928722316695
0.48986024873764028
0.48981448730530425
0.48980746022589172
0.48974272775333028
0.48972987272574808
0.48971439646371018
0.48967480032987054
0.48965786493206281
0.48948688162054527
0.48946902271226855
0.48945480210552034
0.48938049772985542
0.48936276742142909
0.48930663270902652
0.48922564382160233
0.48920383990944477
0.48897269864892129
0.48892670563699092
0.48887440856921965
0.48873413508084029
0.48851685838721287
0.48841454918466787
0.48817265711698254
0.48816805031877386
0.48803871767857149
0.48788551502484323
0.48787276519927558
0.48787080599455374
0.4877028661510377
0.48754970963363287
0.48751733932039171
0.48749455667590014
0.48742665199703133
0.48736004528203597
0.48726466852900446
0.48724299285952921
0.48723191112209147
0.48722109334790725
0.48717707231801138
0.48716279074106866
0.4871607831918674
0.48705399271932814
0.4869879052168915
0.48698619581522057
0.486985752241549
0.48694739982257684
0.48682747390527903
0.48671569184640578
0.48667874417016199
0.48667143086471792
0.48665924292268431
0.48660358570943441
0.48655907726891096
0.48652691996427427
0.48626954229103037
0.48625615828868529
0.4862314561176751
0.48621675425087013
0.48599912881689905
0.4859683602782145
0.48595996764184674
0.4858970429838792
0.48589514844764986
0.48587488082882918
0.48584764186102375
0.48584392065231846
0.48583716174846747
0.48583307590166031
0.48580769646306743
0.48576370414413877
0.48567046289036303
0.48564050579084517
0.48560772512187178
0.48553948083897674
0.48546977338692193
0.48539530313943208
0.48536847096559532
0.48531134166852163
0.48525186778265522
0.48519171997874938
0.48518807408335329
0.48514177471352676
0.48513956502299183
0.48509080319999137
0.48506960763651702
0.48506902528099544
0.48502160783167214
0.4849851677619893
0.48479768031507786
0.48479060917137029
0.48475642017935716
0.48474868244355057
0.48467233314297237
0.48460145963432261
0.48458559219728142
0.48454570564703614
0.48453399936402192
0.48451280908594041
0.48444602091568606
0.4843713773887513
0.48436087677216005
0.48435047233309092
0.48421124551695505
0.48415818783331166
0.48413903651705936
0.48412802148771689
0.48412412239153602
0.48409620556030264
0.48408406034557211
0.48407858049256258
0.48407335373164972
0.48404539249616058
0.48389290027227105
0.48385421291140457
0.48378998913988336
0.48375071232176148
0.48374549330865746
0.48369828728257097
0.48367167774321101
0.483608075911584
0.48359091561396
0.48358113186713703
0.4835803302792967
0.4835524937415297
0.48339372922726415
0.48337914873574056
0.48335786115678181
0.48324645380449849
0.48313777159518839
0.48311172497806049
0.48309940957997277
0.48307470132702057
0.48302252906672433
0.48296762951905342
0.48294290395688488
0.48280638953865956
0.48276311758949542
0.48274201878399531
0.48269594528659626
0.48261048071275553
0.48259415731812805
0.48253624372959358
0.4825194660678418
0.48241432386236549
0.48241125443022359
0.4824096490165739
0.48240298068875631
0.48236221286925857
0.4822794653140603
0.48216907133275816
0.48210031149785293
0.48201185681267583
0.48197620035771399
0.48197311720834463
0.48194501503073711
0.48194012161062755
0.48181402398602224
0.48172934207144152
0.48167638463328916
0.48161925916239778
0.48157820221696551
0.48141767054158424
0.48141122253796731
0.48134620390312272
0.48131353909965441
0.48121544830010937
0.48116047771191706
0.48113884311864757
0.48110068631082259
0.48106253908444913
0.48106202000621034
0.48102115229915632
0.48095651915472315
0.48095651400033651
0.48081738964315224
0.48078663751709244
0.48076723586354247
0.48075102595214408
0.48074271719648393
0.48064962630875629
0.48062838770722544
0.48060191878357006
0.48055817432711251
0.48042362487412477
0.48039282198067296
0.48033978833115704
0.48032566121445303
0.48028976769213766
0.48014011295897274
0.48009709747009
0.48006735190713606
0.48006440207625301
0.4800642823658518
0.4800641799495266
0.47996221705233355
0.47995552309560846
0.47995502136414453
0.4798880132811264
0.47955331393250389
0.47949903971442404
0.47947773397854404
0.47945347231769064
0.47943697579426886
0.47943679012797491
0.47941981031365433
0.47938004876232143
0.47934203806337
0.47917618860473576
0.47904752289613439
0.47899179902038835
0.47897481627842192
0.4789034000704398
0.47889602290035976
0.47887417656296577
0.47880463455588668
0.47863467743782778
0.47860536238777585
0.47857513456175493
0.47846532318148388
0.47844875871578174
0.47844303261387094
0.47839059183894184
0.47824702279345366
0.47823905169725611
0.47817610507628922
0.47811978406033684
0.47811502738292999
0.47810212181799966
0.47808872639690747
0.47793729677163449
0.47782696144192466
0.47773129527902808
0.47765770339725711
0.47764301834361234
0.47760377832799805
0.47756732676817676
0.47750778665640248
0.47739953402370894
0.47732008080198196
0.47725592078450579
0.47723030425907215
0.47713560378225356
0.47709202720809463
0.47708181216671836
0.47697321576915835
0.47695447096281451
0.47686083521391043
0.4768428833476589
0.47683644787352064
0.47674641988804722
0.47672606199253753
0.47655888170230537
0.4765396266541958
0.4765243030909046
0.47644144424771584
0.47643663562724731
0.47638110152131136
0.47636658708582957
0.47631622428895254
0.47605139727224988
0.47601955071926755
0.4759342407562851
0.47589594882734504
0.47580416092877759
0.47575788627370874
0.47574332140731873
0.47571462692794769
0.47571454663262136
0.47566950359948085
0.47566501422356428
0.47561881208917867
0.47546317410474959
0.47545120308545963
0.47542020673930258
0.47541515586276656
0.47538503646255853
0.47536963745854477
0.47527571857525114
0.47518218861147687
0.47509131562803142
0.47502412191918031
0.47498599552918769
0.4749559785732213
0.47494378530989306
0.47490642549476814
0.47483006666863065
0.47468335843291848
0.47467301972445874
0.47459832417197478
0.47456288240472672
0.47443788168537265
0.47433640604351213
0.47433514177184871
0.474276417697513
0.47419375869290498
0.4741464996823872
0.4741307030694808
0.47406499960479687
0.47401906358048684
0.47400877065852903
0.47399508277249941
0.47393251324403668
0.47383575336763073
0.47379342679120368
0.47378856122120189
0.47377962352434344
0.47375014591278874
0.47370611165034254
0.47367728457909736
0.47356507509155993
0.47355070197434518
0.47348100069210425
0.47340433465521053
0.47337486796800876
0.47314539331962668
0.47310380006955033
0.47308462670523421
0.47294199522392977
0.472856780912421
0.47285613344105171
0.47284661897695951
0.47280049972933147
0.47268814171067941
0.47268540988407992
0.47261637021517
0.47259865337889606
0.4725233536565599
0.47252149659595061
0.47248908353592767
0.47247663681566726
0.47245729794267338
0.47243743308517405
0.47238813392127693
0.47236483436168647
0.4723380302665004
0.47232115867717728
0.47223477204707459
0.47220764374215524
0.472152889605361
0.47212554431949666
0.47210354273498478
0.47204902546320915
0.47199157793080432
0.47193720336074857
0.47190965418230213
0.47187644972902654
0.47181422286533903
0.47180388044558413
0.47176504915652362
0.47165140824025648
0.47162832653483161
0.47161488355694414
0.47161485845461909
0.47160733366952395
0.47159103350035131
0.47158794637407331
0.47143239718308505
0.47141068553965987
0.47136468281021571
0.47131040743510089
0.47129436387472545
0.47123854742527688
0.47122727366888245
0.4710977546972635
0.47109341694840123
0.47109309374976288
0.47109006254695923
0.47093953995588639
0.47093682130443376
0.47086571101034658
0.47078975130063783
0.47073775682084118
0.47058065684685252
0.47056589149939221
0.47054168745168445
0.47049278093788094
0.47040431304121089
0.47034326282180722
0.47032889350871609
0.47031762435131874
0.47020789220181708
0.47019177258945427
0.47014519162156881
0.4700483945092368
0.47004146542628739
0.47003312044357398
0.47003238868519726
0.46997563849465357
0.46997152200088316
0.46990390542010091
0.46989924973120661
0.46981526637224424
0.46964238039212908
0.4695357574123688
0.4694592639171426
0.46941112492670034
0.46937718622652425
0.46937179741511104
0.46935917062219773
0.46932572327953126
0.46930507346454758
0.46928588180024361
0.46920909340395167
0.46920695092182974
0.46918788982175447
0.46916475211168057
0.46913491861290624
0.46903086740027333
0.46899686951179664
0.46899204066756783
0.46897859645118989
0.46897082745376478
0.46896785356892917
0.4689356305659132
0.46886599129090506
0.46880341728839436
0.46874684122795063
0.46871080271853294
0.46856990823012634
0.46845794640268607
0.46837041365718712
0.46830522113876094
0.46830194077471177
0.46824867657583552
0.46823783352841425
0.46815145288251225
0.46810832256680979
0.46803806994137209
0.46802824732181197
0.46799214921462978
0.46799039985232466
0.46796498516235857
0.46793854890670267
0.46785943599747781
0.46783589859883784
0.46781605333122467
0.46779825543482623
0.46779098295666577
0.4676870718076146
0.46761825902389959
0.46744446973480036
0.46739391662399532
0.46735513289798047
0.46732890500923346
0.46721678957347224
0.46712023739594727
0.46708521601474351
0.46707902579387106
0.46704557417843862
0.46703023735630184
0.46701580356420025
0.46694565105319535
0.46693608329725544
0.46690072307549396
0.46683377390223962
0.46680499035054868
0.46679882155219127
0.4667891373305284
0.46677278667392252
0.46670153495445416
0.46665580168013843
0.46664176129894858
0.46663578844002912
0.46657732646762951
0.4665216768627522
0.46644737569160177
0.46631393771584306
0.46630858100586364
0.46624475227202367
0.46613123588058608
0.46604367213074777
0.46596537345267797
0.46569175302208293
0.46565485624294412
0.46558166826716335
0.4654833661607608
0.46547405773322897
0.46545119459203671
0.46540106653819602
0.46536350971889817
0.46530475820183997
0.46527773737970096
0.46523172663319207
0.46520576481161058
0.4651703003236009
0.46508440650936883
0.46507861201960982
0.46488430586498136
0.46484285594005492
0.46478137596453201
0.46477231283054732
0.46473323829292795
0.46468419640940584
0.46467999879199212
0.46466917841702532
0.46466798185373925
0.46466403391615824
0.46464804262447895
0.46458546125602185
0.46450071357451145
0.4644934714606786
0.46446175415396351
0.46445423313427653
0.46444544831214207
0.46441586571284849
0.46429210917396851
0.46428019207029164
0.46426356544700598
0.46424759280956174
0.46420130170585822
0.46414686520152498
0.46406769230278994
0.46395754865043703
0.46379966010322682
0.46377308189234628
0.46369800296762648
0.46366889921973764
0.46366078588732829
0.46363807608564173
0.46363091247990518
0.46361043059563323
0.46356976232883579
0.46355775529533261
0.46352579917584591
0.46351008322670589
0.46343181416750728
0.46341409271248885
0.4633968533355512
0.46339123367470547
0.46334431888475452
0.46323472183686215
0.46321938073012692
0.46317368695798744
0.46316785259407672
0.46315897290595109
0.46315732878966004
0.4631565239279487
0.46309769792119615
0.46305404452475163
0.46301379530878739
0.46300228411947203
0.46294786502781149
0.46280319225753463
0.46278144237288793
0.46274374629522563
0.46273829956158247
0.46268688264958441
0.46250137337051134
0.46244709121496486
0.46243986612577564
0.46239652341158671
0.46238003322206783
0.46232474616108915
0.46220140219298633
0.46215673702580945
0.46208018970813353
0.46205384441421116
0.46204776592530972
0.46202402814160204
0.46201058018634933
0.46196536765029483
0.46194650318153191
0.46175531652580404
0.46172959287417403
0.46165672536959862
0.46164721586150909
0.46164404379867058
0.46162015774167797
0.46149641612025843
0.46147627087461118
0.46140136690212069
0.46139415730725197
0.4613007068745823
0.46122028309590807
0.4612048835912671
0.46116461984265855
0.46115558700632037
0.46113063701468399
0.46112910229385484
0.46109981143400858
0.46109284266975342
0.4610540568313154
0.4610150416771816
0.46085009514121233
0.4607215536618301
0.46056897584395184
0.4605415538819288
0.46047992850417835
0.4603827620680977
0.4603712374070828
0.46036673279021911
0.46031195992461643
0.46030771227344353
0.46027349467556256
0.46027249744839205
0.46026052306905735
0.46025694075889528
0.46020878799858056
0.46015729555171464
0.46013659576025107
0.45995711516676113
0.45995695331042052
0.45993785162220674
0.459933146209067
0.45992976544059549
0.45988015538862093
0.45985267383345307
0.45984993899133098
0.45981721849373036
0.4597842468150164
0.45976480376929574
0.45964114744582002
0.459636060606672
0.45956565937938104
0.45950113580811458
0.45948038143569181
0.45940916322792991
0.45937186523053947
0.45934312165642216
0.45931887994472431
0.45931225080903798
0.45930480874026897
0.45928911230668423
0.45927711253769588
0.45925573552743509
0.45923037174632275
0.45922516156989696
0.45918614431117838
0.45916667730000732
0.45915291974688444
0.45913875474419619
0.45913353933063678
0.45899428979403889
0.45898910504981505
0.45891432251334735
0.45891385874331325
0.45888698828239904
0.45888124107060985
0.45886658579070572
0.45885644604119064
0.45880193290746774
0.45879542494377035
0.45877813073690726
0.45873542643264387
0.45871071065800972
0.45867381589071621
0.45860330364327173
0.45859553258810687
0.45856597184225156
0.45851259811860828
0.45850877770998216
0.45850176616173349
0.4584972052318817
0.45846374296194603
0.45844799122213914
0.45841017896304403
0.45840264482254794
0.45839277923579386
0.45831741287217376
0.45826134620404274
0.45825022472570626
0.45818631407308752
0.45816925708481537
0.45810122041230122
0.45808648072366881
0.45807084794757857
0.45807054048975099
0.45803857115759405
0.45797243213587846
0.45795881644316677
0.45794409154024562
0.45792317394253296
0.45788759445852373
0.45788022267606204
0.45786151564630007
0.45783655467281947
0.45779646169201621
0.45771765530045166
0.45767061381961088
0.45757126578147939
0.45755713925842639
0.45755452995159285
0.45751129431257942
0.45749662977640648
0.45734447065746653
0.45726263968024816
0.45722966823885069
0.45719694209147976
0.45699318041553444
0.45687236878112308
0.45684935428627116
0.4568415789978188
0.456834809415745
0.45669651420035945
0.45668376030875835
0.45666497543022583
0.45662102397097004
0.45658383562717064
0.45653261775820853
0.45650699774236941
0.45645815003036172
0.4564468990392419
0.45644502699228767
0.45642489160308647
0.45628930494575642
0.45621621930639905
0.45619690283657172
0.45613322522485256
0.45603796889648562
0.45595832447393686
0.45595189013498566
0.45581106836382923
0.45580803877794063
0.45580122616368135
0.45579235089194892
0.45576221328184935
0.45565854844704878
0.45561956092453842
0.45561730805950529
0.45542445521137898
0.45538794476343492
0.45535070663598259
0.45528204905532549
0.45526461510293847
0.45524489651706129
0.45514126334702881
0.45510564994716274
0.45508433935444609
0.45507333418894913
0.45503740314123869
0.45503338412059369
0.45502699597749868
0.4549786968927646
0.45490379879496395
0.45484973246438642
0.45481157217325119
0.4546370955597045
0.45463092883267214
0.45462473351712179
0.45456811743596498
0.45454400585991728
0.45444164800660586
0.45435957282737183
0.45435154027029112
0.45434824676254332
0.45432735689489073
0.45428527612296904
0.4542804866256378
0.45425898091641731
0.45425005299900434
0.45424063803399189
0.45422925582199963
0.4542140690014152
0.45419916681264638
0.45412348194531177
0.45409511185608897
0.45406125310457429
0.45395697456781564
0.45394362676715283
0.4539179047971198
0.45391181035047901
0.45388147257006761
0.45387729094711371
0.45387086702310436
0.45386605476815867
0.45370881235721255
0.45365909303309632
0.45365387674749286
0.45357308646313826
0.45356453835003779
0.45348049092269366
0.45342938946870004
0.45342739884791722
0.45330459464937806
0.45329412090404003
0.45329141322700339
0.45329041810392789
0.45323919795395157
0.45323545815192284
0.45316047013860228
0.45310294906993598
0.45296246212010144
0.45289128039109972
0.45288977050650864
0.45287903385157896
0.45283174186716024
0.45277268992195524
0.45274227375848625
0.4527146011601168
0.45267945288661215
0.45266755549889665
0.45262157102929795
0.45261114029825078
0.45249484775197596
0.45248170602716914
0.45246837958468633
0.45246390276864051
0.45241062705370938
0.45239971662230788
0.45238654971979619
0.45236008475783029
0.45235478000454415
0.45228341932146016
0.45216144543213632
0.4521349057200566
0.45210395714958806
0.45209393887824323
0.45206499757490692
0.45204772026238066
0.4520162549603603
0.45193516712005105
0.45193422652099424
0.45189270872962267
0.45182638114754381
0.45174775699622038
0.45171927937463807
0.4516368904150635
0.45155136988673089
0.45147254273575166
0.45135105253492852
0.45128515866677732
0.45125728173937751
0.45124217706913256
0.45120427593354306
0.45107503804710847
0.45099698041852393
0.45085672317985792
0.450808108218058
0.45077126974320547
0.45066198554542519
0.45055759354563829
0.45050383701953345
0.4505033344791019
0.45047408198938993
0.45036318581988388
0.45036023865178154
0.45032007926896161
0.45024637521381922
0.45019989476587946
0.45018534037621427
0.45017540886926338
0.45013689947953089
0.45012024620197411
0.45010552162219986
0.45006353835291679
0.4500247019336574
0.44994390012777569
0.44991023527736784
0.44983197685788223
0.44982724671413937
0.44982324551431213
0.44981478589363633
0.44980936190499321
0.44968965889475598
0.44967433542452501
0.44965890765390154
0.44961122814278809
0.44960411961870955
0.44958307954234289
0.44928810058741714
0.44922636291723406
0.44916382886198841
0.44909425979176276
0.44896051034322715
0.44893274041848252
0.44890561019342029
0.44889879463070431
0.44882764791335961
0.44878135532727881
0.44877357303698862
0.44863947088605172
0.44861380890644892
0.44860049285859099
0.44859901966591015
0.4485407387596011
0.44849581488122964
0.44848673138097056
0.44845333873006121
0.44842751417473597
0.44841339125609847
0.44829523254632958
0.44828631085285192
0.44823516037075956
0.44815689439944006
0.44809143402387924
0.44806100771292212
0.44791305484780475
0.44788218283449188
0.44784320465594857
0.44783143438440121
0.44780372590023049
0.44775569891907208
0.44769801972087225
0.44760222528199523
0.44755781050646726
0.44753943093608639
0.44752321712950477
0.4475131890396199
0.44744469246166702
0.44743266056973641
0.44729142109975606
0.44716744725239221
0.44708925574837122
0.44703661506193354
0.4469637661273726
0.4469355182774658
0.44675839050944871
0.44674848212370788
0.44669502763485824
0.44667353981943186
0.44667321675871935
0.44666095116138449
0.44663009543026222
0.44646551615599467
0.44640995922820847
0.44628888638051523
0.44626585205244712
0.4462599966623968
0.44625270968639075
0.44624783934343942
0.4461226449840785
0.44599997121895046
0.44593421725877835
0.44587587243152793
0.44582643119622728
0.44570005081317943
0.44566646607199839
0.445644682773152
0.44553427639241816
0.44550554494461592
0.44549757505662768
0.44542987484636376
0.44530614451675476
0.44523848745758499
0.44507366993402453
0.44502133474613803
0.4450188933161584
0.44500996015338656
0.44495417164599493
0.44489287626648594
0.44489264160334058
0.44483665734815758
0.44481826167920213
0.44480704793948561
0.44477877531293053
0.44471928671984434
0.44471303164677894
0.44464627396032569
0.44456516269233121
0.44454787156641501
0.44453235926072826
0.4445118023068329
0.44450512045294027
0.44431520652344408
0.44430382888753955
0.44428297633429586
0.44421405177297602
0.44419953227055292
0.44415016470791635
0.44413069988785037
0.44407706807158231
0.44397970034576295
0.44392205347598107
0.44391773665902229
0.44391015624367258
0.4438787749973846
0.44376506453128212
0.44375445250910966
0.44363092652240677
0.44361162007468785
0.44357218035915791
0.4435533309781402
0.44348453056624382
0.44343737078545103
0.44337391441709184
0.44337174248643646
0.4433544950885841
0.4433375441644411
0.44331876950563098
0.44328221014831443
0.44315170415393668
0.44312736310132306
0.44309533193487532
0.44308239683513856
0.44305976563338978
0.44291784484408414
0.44290280754087202
0.44288567593020745
0.4428803481018872
0.44285509501015508
0.44283946391314355
0.44282361903809087
0.44280637222272751
0.44279982657687539
0.44276696310348135
0.44274658410062667
0.44266295880379375
0.44260094911213277
0.44254341640546541
0.44250738277310531
0.44250223630237678
0.44249463940171768
0.44244589724301253
0.44238239912803778
0.44233059957329557
0.44225602161072675
0.44224067326577271
0.44218788628609279
0.44209631532406568
0.44204589779678044
0.4420340544721138
0.4420170920053888
0.44201212511674565
0.44200860875745701
0.44199678590973496
0.44187417930292949
0.44185519852094934
0.44178877083466211
0.44172923702188877
0.44153972000756264
0.44152628983823228
0.44145094661562989
0.44142562880840253
0.44140463994684181
0.44133386817558934
0.44127355212067904
0.44124871280376915
0.44121991010145112
0.44114194456643219
0.44113989364130979
0.4411260989430727
0.44098735657436111
0.44096836448447141
0.44085354140493072
0.44077249003945917
0.44073185838327233
0.44069094738698678
0.44067228841570827
0.44065242648667419
0.44061826163116669
0.44055140900321083
0.4405267055730403
0.44050279916986201
0.44037331077767439
0.44035053542584501
0.44030885315508039
0.44029497425466402
0.44022151100659157
0.44016136074789675
0.4401439799266238
0.44011864941560269
0.44008377909412066
0.44007791297339693
0.44002352229561925
0.4400085793661459
0.43998018406078782
0.43992777497499475
0.43987229072187101
0.43982711743185571
0.43981927963546746
0.43975045489671605
0.43973616347230005
0.43973440802470343
0.43969199312897128
0.43958011116575663
0.439547019605044
0.43950663848437199
0.43944365274824043
0.43943972218739746
0.43929390759465653
0.43926802251063013
0.43919091868628646
0.43909051168562796
0.4390653820109412
0.43906180829216163
0.43905633199359873
0.4390213995831671
0.43896755108941121
0.43896503035935674
0.43895520485024858
0.43886444753238457
0.43878413706029568
0.43877080786853012
0.43864808221661594
0.43859450412046957
0.43857503274416559
0.43843612043655245
0.43833056814819304
0.43827147948067807
0.43826900108284972
0.43823174813519727
0.4381996453976183
0.43819642031523681
0.43812249621511995
0.43801752635595842
0.43793406369130833
0.43791528546147529
0.43770194419344804
0.43767033634418423
0.43766120200715941
0.43765351076252984
0.43761487861020859
0.43760271430137959
0.43754569525361708
0.43751039677718473
0.43742689589776718
0.4374073629024664
0.43735222217243191
0.43735040399662095
0.4373291484697841
0.43726041272186
0.43725070757696682
0.4372487495822332
0.43724095612455371
0.43715896987861602
0.43706260502380717
0.43705848317805407
0.43704400919199149
0.4370349369294767
0.43701276489926777
0.43700104087581571
0.4369920594927959
0.4369403974691734
0.43692837331397083
0.43684167684852909
0.43683866681318095
0.4366298868906065
0.43660653859435072
0.4365906977767447
0.43652107825557535
0.43648801369221529
0.43641340185067068
0.43638795450849371
0.43636962963122011
0.43631269002018819
0.43628588787380301
0.43619893444803592
0.43618477547579732
0.43612893371333133
0.43612258245371055
0.43602876253254141
0.43598822407488574
0.43589925132868323
0.43587051369489344
0.43584356506076288
0.43580827314109088
0.43579460227697403
0.4357808052003333
0.43567778079905767
0.43554984757354936
0.43553164151842638
0.4355297498972639
0.43551492831637528
0.43540999500204564
0.43538330482099713
0.43537824121983959
0.43534449844981787
0.43532783125580754
0.43530213829142883
0.43525137914959994
0.43519573186730426
0.43507600046589323
0.43505491056150775
0.43504940217182031
0.434997013842151
0.43492156848803071
0.4349069485747068
0.43487986958025676
0.43478715867138207
0.43474038837013501
0.43469788632882927
0.43468838483505939
0.43451548758536529
0.43451287945931488
0.43447886505250116
0.43444159323019405
0.43442605481138963
0.43429874756970588
0.43429301321031621
0.43424314202496206
0.43424035003288131
0.43420992959651367
0.43418142616053712
0.4340583054068386
0.43404581094272204
0.434023411083299
0.43395187203910263
0.43390289410800742
0.43386039850501451
0.4338432330934916
0.43383702380639722
0.43378440680458707
0.43376807431579023
0.4337004211102497
0.43368660202522752
0.43365542293099552
0.43363421019069143
0.43361440286210778
0.43358947849628704
0.4335154911254589
0.43346557977379924
0.43335090226331352
0.43333110291117671
0.43331711386821337
0.43329232841270288
0.4331714977658046
0.43315935767091934
0.43309667659954842
0.43309442508866691
0.43307801908090349
0.4330679929122771
0.43305421966783442
0.43305269315361222
0.43298965102125253
0.43291423594364858
0.43291252082582249
0.43287715858687914
0.43285175785095475
0.43282786212784236
0.43281086826122217
0.43280680140030853
0.43277875062724436
0.43275492360380774
0.43275075369679611
0.43274246824372536
0.43265543906936155
0.43264940259328705
0.4326463761499636
0.43260025605961033
0.4325855450835604
0.43258183904486552
0.43253854476248954
0.43251378570728422
0.43247791086973308
0.43243198381726417
0.43236823409368402
0.43233431110408643
0.43233350743477134
0.43227928005828975
0.43225874063767555
0.4322528289073061
0.43221725059761795
0.43210104315795694
0.43206707564914448
0.4320665351107143
0.43202137178518518
0.43194157699506025
0.43190859115925584
0.43188770567135532
0.43188053092015466
0.43182256541800734
0.43178326000947304
0.43176803802908376
0.43167750199378407
0.43162522755017524
0.43151584993566822
0.43145588619930941
0.43144165932986772
0.43142470914216574
0.43141510192538124
0.43136258941083711
0.43136149156539461
0.4313149346339139
0.43130218602242126
0.43128566702494592
0.43121896400365112
0.43121867318421769
0.43109727415630905
0.43104514379531078
0.43103768224616551
0.43086683770335188
0.43084560100913982
0.43083124689134572
0.43076834402183289
0.43073468421340083
0.43052005276099081
0.43048561382131384
0.43046353910818269
0.43041675402811358
0.43038671188531141
0.4303605285437942
0.43035665337191292
0.43028672974384946
0.43028635323440279
0.43024566335758929
0.43022995061322961
0.43022415133524955
0.43021117687251709
0.43018382097154628
0.43014764024948882
0.43014605512671417
0.43013584714183395
0.43003471752478201
0.42995540180742409
0.42987359937889208
0.42982662913631131
0.42980649535370874
0.42980544212849198
0.42969733336923027
0.42969352989812559
0.42965909590903278
0.42964326158717592
0.4296278004726683
0.42958698603377815
0.42958110360311591
0.42954128437087141
0.42953785635926905
0.4294914933613827
0.42944556321612176
0.42935596844349316
0.42935163932736986
0.42926826728122508
0.4292356556034877
0.42923513379948364
0.4292101748874933
0.4292031574118359
0.42910371156400962
0.42904088124334927
0.42903951542517377
0.42886025643770881
0.42884019051462091
0.42883554497789106
0.42876037653643889
0.42864487540946189
0.42861705566568853
0.42861365776123223
0.42857859960994982
0.42856694150691566
0.42856672150070624
0.42850783028557304
0.42844282756010987
0.42838568813788663
0.42836593300487841
0.42836365260861337
0.42823319550479882
0.42820730167369925
0.42816084725346287
0.42815272389446513
0.42810174438950782
0.42803388584896485
0.42794522413029434
0.4279136299521652
0.42789350251231112
0.42784280093599603
0.42783536884415985
0.42776835009641478
0.42774809205592407
0.42773103572241655
0.42771070500356162
0.42768478376482433
0.42768252452405581
0.42766370588588165
0.4276541074646229
0.4276434526700264
0.42763812055311923
0.42762551412337541
0.42760196778782317
0.42755711472713398
0.42753992681459463
0.42748665006394376
0.42744315727237558
0.42731083605675707
0.42717994336224424
0.42716325692704515
0.42703007460254044
0.42694520826761417
0.42693435454142675
0.42692653120415552
0.42692312571215818
0.42689944178069394
0.42689770821783313
0.426867688714619
0.42684360353258705
0.42681629933912496
0.42681539221823667
0.4268077931141151
0.42680174449115843
0.42674696967840442
0.42674348305680709
0.42673179106299786
0.42671747357591405
0.42669356425668076
0.42669343291430389
0.42667195058868373
0.42666779062907484
0.42663109685346734
0.42659282865347364
0.42655326265260718
0.42652138745833595
0.42647922472211397
0.42646050186452317
0.42644499557723553
0.42641759723149453
0.42637920387789763
0.42636308209502549
0.42634132433361538
0.42626196903551972
0.4262495721417347
0.42620363160871821
0.4261789800060749
0.42614273597349889
0.42606734470747643
0.42605732035038901
0.42603370075043701
0.42602965980606661
0.42591998402401959
0.42590041321052763
0.42588379682325694
0.42585980972285331
0.42560637572129884
0.42559671959499568
0.42555404093461807
0.42555150753984544
0.42554554548380724
0.4255382788843674
0.4255262263639657
0.42549504519361253
0.42543378172199531
0.4254041461315976
0.42533000699831319
0.42532421979427598
0.42531079770136038
0.42529498304488689
0.42528431729859378
0.42524734894472249
0.42520046682517204
0.42518412663969124
0.42517225482601134
0.42511659286714348
0.42509641544994586
0.42509493538497733
0.42506528098964291
0.42503077768636621
0.42502809013718279
0.42500062313227704
0.42498570576595412
0.4249708804004752
0.42492803200376922
0.42491723294473283
0.42475025355960744
0.42474838584930352
0.42473033769882462
0.42471834040749074
0.42470751830962494
0.42466420606794364
0.42464847452957016
0.42461170333506476
0.42459685067752484
0.42459445138734153
0.42446698971132302
0.42420341827555691
0.42414061011099657
0.42413928372858861
0.42412023499239987
0.42403412309438498
0.42401014797697278
0.42400493132020545
0.42374572683331407
0.42369624656590049
0.42354537353607324
0.42352797850520502
0.42351491088921256
0.42349995827541526
0.42333636787677542
0.42329392567915175
0.42327647057696344
0.4232751506463584
0.42325693217516785
0.42324614332252475
0.42324031772958187
0.42321896610889009
0.42305403066470515
0.42303871646544927
0.42302012860356364
0.42301578073641716
0.42299078383998862
0.42298911570400433
0.42296032424612173
0.42295686016351924
0.42294956828051439
0.42283458267790486
0.42280876791238553
0.42279396349340675
0.42278220076973577
0.42277195728145933
0.42276591727878782
0.42273709079207522
0.42268872960889914
0.42268652764127423
0.42268136408554513
0.4226648739051348
0.42253797574628621
0.42247759185484995
0.42244968804204791
0.42233932499543436
0.42230216041418589
0.42229601523929633
0.42228524070373791
0.42226528398482444
0.42226217179317938
0.42219031140918456
0.42218340423693401
0.42210497563280852
0.42207854335983996
0.42206929267649801
0.42206796537977942
0.42198628877026784
0.42197941550699342
0.42197770053654582
0.42189940442747897
0.42182910009470909
0.42182833198755404
0.42180893330143454
0.42179807343835479
0.42174620423049569
0.42170048080877703
0.42165424106192401
0.42164632896356402
0.4215113653654779
0.42147013646903009
0.4214170868942595
0.42140763933728637
0.42138836865695178
0.42126440655581998
0.4212073110380688
0.42115238981630121
0.42109360940447976
0.42109178864590352
0.42108044116690868
0.4210529691361562
0.4208111671556371
0.42068672732273527
0.42061473162587276
0.42061054794036834
0.42057837113677526
0.42056223780041602
0.42055150690283527
0.42051972513592706
0.42045174279275355
0.42043567878946786
0.42037725124022191
0.42035697684316292
0.42033913348788682
0.42029185358593157
0.42023307390587
0.42022309071058911
0.42018554335392749
0.42014916508337502
0.42008800702900723
0.42004099066915634
0.42001637106244899
0.42000496868921733
0.4199524386277726
0.41991945118587182
0.41991203566303137
0.41970222251297828
0.41969538071786089
0.41967557858107907
0.41961868796123258
0.41957642993079308
0.41941040909143329
0.41940463132818789
0.41936330701918834
0.41934836148083571
0.41923730833149359
0.41913612463190741
0.41909776920840341
0.41908447323421633
0.41904147619520909
0.41901749572657881
0.41901524599966478
0.41901239438513316
0.41892631370401223
0.4187445251663347
0.41869841657782608
0.41859559322057593
0.41846301356291787
0.4183848609835128
0.41837405427598207
0.41829605100573564
0.41829128526143272
0.41824479506804235
0.41819205965286949
0.41819058122664704
0.41806676316981245
0.41790619749205354
0.41790464909589281
0.41785668887652089
0.41783153987160704
0.4177884754196271
0.41771277408309604
0.41769716507960303
0.41767227425236847
0.41762337738542216
0.4176197680723126
0.41755119944115748
0.41752184466572917
0.41751389663109867
0.41743673024354305
0.41716448610500018
0.41713577170488397
0.41707606003757847
0.41706695582324843
0.41701608345107338
0.41693440904806167
0.41684464635371071
0.41676001253281825
0.41673259695683845
0.41672109791588058
0.41671791936139185
0.41664165730081104
0.41653170933206662
0.41650897650131813
0.41650333203850709
0.41649740635116533
0.41648233180639765
0.41646893985444478
0.41633498473281216
0.41617787550166652
0.41617339647946378
0.41616169490282862
0.41613570891381785
0.41613204133678894
0.41607518917242386
0.41605758824537009
0.41605259584101911
0.41595980205210015
0.41594842433862622
0.41591032167675801
0.41584382778710122
0.41582921207872897
0.41581811818111925
0.41580785372576895
0.41578004458721585
0.41576018812503795
0.41567470836007364
0.41567009345924899
0.41559567701773775
0.41557526190739186
0.4155517791550748
0.41549847394698242
0.41545750302340012
0.4154473097057903
0.41540096484038069
0.41538604925958633
0.41538118966727705
0.41534792728108333
0.41533923821666657
0.41532898264965445
0.41524508053487497
0.41523863288132162
0.41517318585059798
0.41513525125047057
0.4151157842711567
0.41511149956985854
0.41510686349684861
0.41510058792839222
0.41507367279907181
0.41496463739392331
0.41491899706046992
0.41491456695897028
0.41483263178171076
0.41477169531086333
0.41467578389771703
0.41465831995256935
0.41463684564354208
0.41460492058885001
0.41460387023072209
0.41460372958047442
0.41458367954096276
0.41454328401327639
0.41445811998612186
0.41442079963918793
0.4143623393700821
0.41426830219200572
0.41425300488360728
0.41422948081785238
0.41414826238963992
0.4141385553420201
0.4141030779647959
0.41407035719746599
0.41397751140739142
0.41386499131494636
0.41381627480570798
0.41380902103947503
0.41374886379922871
0.41361963780861138
0.41361034074085273
0.41355153487052981
0.41343959287628484
0.41327127937476393
0.41320589688750065
0.41320147769889154
0.41317400813221933
0.41309835167993442
0.41303009596771595
0.41302703445657835
0.41298536204296121
0.41290171363463657
0.41285001639524443
0.4128106471847971
0.4127549349133553
0.41273908338290877
0.41271627520416215
0.41271123208411925
0.41265360227203091
0.41260325629995914
0.41260197059728448
0.41256906663023402
0.41253286689573582
0.41252890779977158
0.41244784020656877
0.41227635264118184
0.4122577734263887
0.41223343019205366
0.41221767714222407
0.41220650111872004
0.41218474363492474
0.4121450741701842
0.41214383930964971
0.41206254803916215
0.41205387919831865
0.41205355253625048
0.41188577135181137
0.4118601058534801
0.41180920535025806
0.41178536141280508
0.41173020597128018
0.41172017965105107
0.41168721780087775
0.41165385726111553
0.41162388768401947
0.41161025250081562
0.41158947913217536
0.41149079794634513
0.4114532701236302
0.41145202702400729
0.41143644980498917
0.41143220583817397
0.41141656071372568
0.41140426817119347
0.41140193515010964
0.4113375188459637
0.41132423196730206
0.41130353811391751
0.41122774750890373
0.41114904185071494
0.41110737672873898
0.41102653749361384
0.41102029522525896
0.41099311845129577
0.41095265219477783
0.41089630271233352
0.4108655415863911
0.41083594065215345
0.41078922063437473
0.41073985995483353
0.4107164396274211
0.41065259809752797
0.41063715400862733
0.41062265898545203
0.41060243421581849
0.41059865771800075
0.41059153098197393
0.41058687258139598
0.41057850188584999
0.41056974282885611
0.41056528134287656
0.41052931048902058
0.41050588179234176
0.4104936443485428
0.41048391516886606
0.41043301884145417
0.41032168092319821
0.41030234171475838
0.41029869736035163
0.4102783974903344
0.41025693779629119
0.41021109616994683
0.41010363063723859
0.40987205929141174
0.40986787297315097
0.40983658448898691
0.40981936932246271
0.40971969814102793
0.40969287008432048
0.40965164560176481
0.40963789361257891
0.40959214789925585
0.40957128250250896
0.40952578706558385
0.40944798908467928
0.40941917570959718
0.40937157856125772
0.40933081000867017
0.40928679412174768
0.40917243613586296
0.40914523990026547
0.40909357629810955
0.40909062464791007
0.40901993129795816
0.40899885659022917
0.40899120121475274
0.40861575652080195
0.40857831805464462
0.40857455875368975
0.40854392381427718
0.40853337191449901
0.40851215648462696
0.40846153651993244
0.40841440412819824
0.40840530123159124
0.40835595354500587
0.40834922428859693
0.40829605954014636
0.40827583478856855
0.40827104255603947
0.4082619734475913
0.40825645995640647
0.40810509805762663
0.4080743746377668
0.40796865612276106
0.40795804078557352
0.40789654672680564
0.40788513910171464
0.40784765072082868
0.4078284930147954
0.40760987483562705
0.40757962185986013
0.40753254220977558
0.40751732642546756
0.40743598557808686
0.40743415067170385
0.40725401380028803
0.40716392521806588
0.40715171514949472
0.40709243249265809
0.40709157997216189
0.40700117114527162
0.40693353971410029
0.40693148264654005
0.40692612596656053
0.40685557221914026
0.40683772053447026
0.40681152034785534
0.40679523145407637
0.40678617154924956
0.40672114919820723
0.40670407324712859
0.40666972806278662
0.40661573515773447
0.40660921660057314
0.40654854223492098
0.40650513312958758
0.40646027395790679
0.40643411732914486
0.40643402817529783
0.40642023581754366
0.40641794919519536
0.40640964277694458
0.40635635566775724
0.406332111841198
0.40625850457577062
0.40624704352042051
0.40622236118349997
0.40619799045872496
0.40609099960729894
0.40602268883291531
0.4059866526814126
0.40597931790970032
0.40594590995629903
0.40590212464406855
0.40590025389869128
0.40587987617606552
0.40580416064351144
0.40578279189175354
0.40578099515951865
0.40577060740970577
0.40574989455084587
0.40546638463277823
0.40541402253112352
0.40534645298965594
0.40531604525653536
0.40528973347522251
0.40527925663011771
0.40526966584351592
0.40524479780850031
0.40523122279369506
0.40521453207261032
0.40512974719773065
0.40506638354608471
0.40500445567139609
0.40495467719551043
0.40493489266138161
0.40487825331708577
0.40476160750790019
0.40470017716529622
0.40469335436659604
0.40467852030803886
0.40461051288154587
0.40451213465205788
0.40443516853998401
0.40443300346593003
0.40432610958772613
0.40423724336980188
0.40419251559387681
0.40417380304612044
0.40416092170830659
0.40413044813069499
0.40412465398367298
0.4041143797077103
0.40409206452770313
0.40408802112797426
0.40404916013128345
0.40400884885707949
0.40400413208297259
0.40399799799111147
0.40399390442527328
0.4039064798993422
0.40377288974696757
0.40375526513823001
0.40371169428761527
0.40366844033204141
0.40363869957451992
0.40360304891852633
0.40359114992667594
0.403444905055313
0.40342211066085615
0.40342096946664918
0.40336168331437644
0.40335527014499328
0.40333323739441113
0.40333189212106402
0.4033296094123468
0.40332594013820505
0.40328727238257778
0.40327867260783862
0.40327742443732878
0.40324692455986594
0.40319694980010584
0.40317849564312958
0.40317805108180838
0.40315179978939153
0.403126561981895
0.40305268158118557
0.40304984880496209
0.40288112292190764
0.40279937289480078
0.40272934848113362
0.40258335199651918
0.40258252020451485
0.40256332678973372
0.40253293876229468
0.40250040468220449
0.4024799851520709
0.402479503370053
0.40242000055209415
0.4023490461306739
0.40234722113892912
0.40229123393887328
0.40227117772604215
0.40224239931170563
0.40223644530699765
0.40223581380316159
0.40214469456368512
0.40214059838304006
0.40210208383018775
0.40201020066855403
0.4019877749334832
0.40196232007224164
0.40192450537908736
0.40190741433260652
0.40188765160910439
0.40188277106891385
0.40185683842102587
0.40183146688622851
0.40178360534751484
0.40176099093793849
0.40175956935807711
0.40175402443490538
0.40174530399665265
0.40172412385207307
0.40169294014331408
0.40167891935005717
0.40162730183415346
0.40160723317632219
0.40155597955521866
0.40151142761745096
0.40150447545398277
0.40140578770482283
0.40130680328903418
0.40129967992313564
0.40128451595746173
0.4012809100794017
0.40125361281768035
0.40124201274020094
0.40121721315954023
0.40119788443858651
0.40119668147072046
0.40119470627675441
0.40116886384108014
0.40114425818522265
0.40106592721241641
0.40104793244476972
0.40102928358883227
0.40102287084614924
0.4009846318873731
0.4009467190822813
0.40093161572724023
0.40080036951666387
0.4007350586828099
0.4006921460151851
0.40068820069585609
0.40067905173549911
0.40067369893551458
0.40065815529977178
0.40065055649174613
0.40056790423250621
0.40052395086150294
0.40051361962263532
0.40042135949766311
0.40041139084144345
0.40040711336251533
0.40037964429731332
0.40037334055831392
0.40028783504200127
0.40025322107163508
0.40022100437245234
0.40018117286174842
0.40017932774390225
0.40016439537511173
0.40015938472049939
0.40015397477345477
0.40013769962004681
0.40011904785309571
0.40011632988149792
0.40005570515323485
0.39999111728444481
0.3999799102399732
0.39994081132042231
0.39990582939560554
0.39980904483396729
0.39976446231567725
0.39964557917194071
0.39951874759256795
0.39946354309171334
0.39945872560708839
0.39942982243887259
0.39921430057027102
0.39917918155105209
0.39893558736392032
0.3988924511498268
0.39885086821405269
0.39883373054711052
0.39878279960251606
0.3987671500224359
0.39874621836724244
0.39873460599600596
0.39866265323298
0.39863724096124814
0.39863151852444445
0.39856602169565547
0.39853534224830423
0.39849244503677794
0.39849089407153993
0.39848387072935681
0.39847968797679112
0.39834397633842311
0.39833586355061024
0.39830375475802171
0.39827973881748963
0.398272088540152
0.3982335167407885
0.39813545995451421
0.3980945772517796
0.39809166847910166
0.39802746891067708
0.39799619312296619
0.39799293188955254
0.3979480338861256
0.39794728316005679
0.39794198590317442
0.39794132145463817
0.39793486752541762
0.39789428149852318
0.39786665695904094
0.39785788584451404
0.39781884641976956
0.39779707417843041
0.39767312475041494
0.39762801299293704
0.39762698803389074
0.39762593717517075
0.39745145182062808
0.3973125513409313
0.39730918646800517
0.39730698295264488
0.39728875803692526
0.39721447319301961
0.39720703885739039
0.39719825950434412
0.39719067697445093
0.39717002905158166
0.39714905545226642
0.39714324652983907
0.39714088297019445
0.39709688927974496
0.39708977040435972
0.39696353611300156
0.39695729561557047
0.39694005276974043
0.39687683837729071
0.396801436130164
0.39678388823117183
0.39677561930175204
0.3967248872599155
0.39670961736640953
0.39659560871863092
0.39658527604790433
0.39656659324214993
0.39639554741447219
0.39615009585287586
0.39612219704337526
0.39609850501546534
0.3959829510740176
0.39591648018548342
0.39591445119694857
0.3959110400683768
0.39590980483304195
0.39590369237074646
0.39583626126686
0.39579208896821044
0.39578344213665079
0.39577862295729083
0.3957669207731741
0.39574721154881359
0.39569043114731417
0.39560016067597475
0.39552690268332469
0.39543409670471658
0.39542596754312137
0.39538285908991327
0.39537723065694075
0.39527057838177626
0.39524072367568541
0.39522805357052143
0.39517168440129824
0.39512161945320096
0.39508540125346808
0.39505375427249401
0.39499690583714131
0.39497733141135288
0.39495490169953229
0.39490761620530512
0.39490560757891202
0.3949046620630513
0.39483411175775285
0.39478941398774564
0.39478010192542706
0.39475716660875237
0.3947553100746562
0.39471659833172623
0.3946752010260498
0.39463031266558318
0.39453042209419409
0.39446136383744884
0.39442662854488397
0.39436281300411435
0.3943344535008671
0.39432466197108895
0.39431310487779686
0.39429424335566959
0.39425407478665814
0.39407306815834975
0.39400363133442401
0.39394884664306307
0.39392199223991214
0.39388133310167561
0.39381157449947379
0.39378145754357313
0.39375152634784322
0.39373256417322611
0.3937281146009235
0.39371834379710824
0.39363616550472885
0.39357297691149223
0.39356046708379017
0.39353153816070052
0.39352218242166354
0.39345271589260966
0.39343899512796437
0.39341756493038399
0.39338946401303204
0.39331251941587914
0.39323249561451984
0.3932041118774029
0.39304658143231241
0.39303788717887128
0.39290877627789111
0.39284880720738163
0.39281624156999634
0.39262247990488491
0.39261387372439882
0.39261320790208826
0.39255002714959075
0.39253047301088728
0.39252614649191175
0.3925202769536108
0.39247182980408313
0.3922572122441132
0.39225520129578317
0.39225251947346901
0.39223486399143348
0.39223260401949134
0.39216132536812104
0.39206626508907672
0.39204690399899106
0.39198690704240463
0.39197318040493617
0.39197288472156561
0.39192687514230468
0.39184893624825001
0.39175507285320216
0.39173610383299173
0.39169755044075377
0.39169679296285437
0.39159127510101249
0.39154512567980687
0.39151238455059018
0.3914998849546355
0.391492021013012
0.39147813412209143
0.39142448025171467
0.39132687555981288
0.39125632226602286
0.3911450906954847
0.39112748057521968
0.39107732217883701
0.39105339325657362
0.39098186664723211
0.39096870252087146
0.39085955440207953
0.39083024135656758
0.39082293214810981
0.39080596796051331
0.39073602429888493
0.39071481188698143
0.39071248177813062
0.39061736679000403
0.3905251916840532
0.39051692873190308
0.39042490459337437
0.39041402881070209
0.39036941913370182
0.39030315380187097
0.39023222966654841
0.39016634442653148
0.39014236680805442
0.39013527745217941
0.39011893575160717
0.39003448928691686
0.39001456277915908
0.39001017320005343
0.38985967473925853
0.38984032474329705
0.38983695067021001
0.38983404054743626
0.38982574157265021
0.38977685576554705
0.38977574413451116
0.38976937547665097
0.38973771261626217
0.38965069528070634
0.38951670893042523
0.38940600114832252
0.38931052542807276
0.38928859676119115
0.38928369514107214
0.38922914237195066
0.38915803295259666
0.3891302677298803
0.3891229297296771
0.38909743396774732
0.38891124087718631
0.3888929536247171
0.38880259884903701
0.38878631053986906
0.38872197299617794
0.38865137933451638
0.38857673708227813
0.38855665941656425
0.38855595964540829
0.38855501276025983
0.38853184088224013
0.38851589997716629
0.38851519298819187
0.38850207691437777
0.38830499838857047
0.38828484370051553
0.38818854086487797
0.38817849328934706
0.38813626445419691
0.38811249717229163
0.38810987878722236
0.3880927083659666
0.38805754421954769
0.38802098585708794
0.38796014794349032
0.38781249043379051
0.38778426594801596
0.3876336017789993
0.38756202375344234
0.38751746095228595
0.38750147544462554
0.38747077720126422
0.38743103669762508
0.38741493011186368
0.38738641415368952
0.38732601497898694
0.38732404165831769
0.3873054889098283
0.38727953951608013
0.3872487576753067
0.38719548343459692
0.3871539301854558
0.38713370216569498
0.38711803031494613
0.38705730447521275
0.38700449290181904
0.38697459921095834
0.38696184222106478
0.3869232270834756
0.38687642850006254
0.38685540697546866
0.38680796941479467
0.38675075427767125
0.38674877052391493
0.38667387226169625
0.38666168166913184
0.38664686606145021
0.38661767330281677
0.38661354100652284
0.38654215247079521
0.38649863297800124
0.38647260438439218
0.38646479413310891
0.38641827488743291
0.38630563237001847
0.38626895890515428
0.38624295688893112
0.38621574714749607
0.38621096040408343
0.38617950655973665
0.38617867251449062
0.3861715935515424
0.38613350638001065
0.38611068070496657
0.38610384082579163
0.38607285198876451
0.38603643460315296
0.38597630583137565
0.38594761677171213
0.38592950492440609
0.3857659559181576
0.38570647471382991
0.38569939747215903
0.38569056581080557
0.38565837500741962
0.38560574240823592
0.38548893662518496
0.38545835192648331
0.38540419163906575
0.38537397647549271
0.38531402324336833
0.38528644012180463
0.38526996169482547
0.38508290260451739
0.38506733001511689
0.38504576014425507
0.38504104732456829
0.38489386736502235
0.38483818735011421
0.38482930376588176
0.38480967388553022
0.38480372049027306
0.38475199852864123
0.38474778585740649
0.38471089402807651
0.38467246137549171
0.38461284260226447
0.3845865581625782
0.38458123862407095
0.38457533591036946
0.3844706679310303
0.38443207149773656
0.3843205423123276
0.38431250364796343
0.3842843437232662
0.3842607367325771
0.38425843648048036
0.38416299195108944
0.38407535299873713
0.38407187177750901
0.38403819556973112
0.38401727789494994
0.3840151416547089
0.38399377133846374
0.38391000144793502
0.38390695587471196
0.383855720289624
0.38380993736082819
0.38379063959889353
0.38376858293841259
0.38376498332411746
0.38376426748849557
0.38372466865131616
0.383691010335936
0.3836509313648494
0.38364502523138816
0.38361859485967004
0.38356483100685085
0.38351591254258421
0.38349364532845304
0.38326575900652016
0.3832614650133303
0.38315093606854311
0.38314959499903528
0.38309115572010877
0.38306677535894157
0.38302449054786813
0.38301794548565676
0.38298452606392674
0.38282841183827027
0.3828135545073279
0.38281089535602736
0.38280450443734287
0.38277616872518849
0.38272857089146284
0.38263588682397975
0.38263265648003886
0.38262094074027225
0.3825843933998197
0.38249953606452397
0.3824926411137074
0.38243323302573973
0.38241520691560887
0.3823616068097197
0.3821361938733816
0.38210171497356527
0.38206583477438871
0.38205138387592802
0.38198163605369395
0.38194003842310403
0.38191446128995737
0.38191270221543022
0.38190868918985327
0.38190232431425075
0.38189478182551689
0.38187368912831615
0.38187101327613049
0.38184144864392794
0.38179963225753999
0.38178363890793993
0.38168952531042549
0.38163307054657802
0.38163175183377113
0.38158613133092562
0.38156037766245499
0.38152423218273745
0.38138016327872692
0.38126771795137476
0.38124236054680138
0.38122487112445236
0.38119791652567475
0.38118995092218622
0.381177529505279
0.38104797764310183
0.38095606058387549
0.38093500816488285
0.38085650120896042
0.38085127506110333
0.38079721381458675
0.38079654603844654
0.38071499995836328
0.38071058468239766
0.38069228418685569
0.3806862497044019
0.38067013519123211
0.38049912452288537
0.38044095797834482
0.38035444859934875
0.3803276440412342
0.38026873771956166
0.3802659733907921
0.38010958992754607
0.38004651511770615
0.38002150059104944
0.38000442235726617
0.37995425265751481
0.37993098934186587
0.37986889779835836
0.37985283531238417
0.37985124625702066
0.37975209786645281
0.37971498814371774
0.379713808195348
0.37969535517761333
0.3795681040279868
0.37956549321059552
0.37952599103238327
0.37952204512556931
0.37943008599463907
0.37939071704032834
0.37928669343184168
0.379277574877603
0.37927187992965683
0.37925712567985626
0.37922838411781967
0.37917337135194756
0.3791486286034142
0.37911124813524888
0.379108704368262
0.37910097204852355
0.37895509247347409
0.378938927394814
0.37883087999091042
0.37876304275371042
0.37874793122293132
0.37868575292307805
0.37867231410739371
0.37865915642869119
0.37856969878153812
0.37856610592894052
0.37851424155684243
0.37848165432196734
0.37831643857749536
0.37826629931813127
0.37823265058806027
0.37816167579688109
0.37813813190489143
0.37811776428985988
0.37808925620887168
0.37807127979427485
0.37805934379979644
0.37790800454550999
0.37789836390836939
0.37788778318610788
0.37786291872289096
0.3778283855905461
0.37781543400187145
0.37778117351711404
0.37776165988688232
0.3777256597553999
0.37753013476785158
0.37747777826954543
0.37746724103209006
0.37744978207760554
0.37742501765095227
0.37741126246463363
0.37740352915990283
0.37739923222711386
0.37737848381651162
0.37735986517709269
0.37725863731914416
0.37724038559521034
0.37722499226458733
0.37721793909678031
0.37720739394530411
0.37718909713827264
0.37717347179252209
0.37700580529967215
0.37690014469018507
0.37687618085398528
0.37685987021242262
0.37681399962214446
0.37680687113922501
0.37679481051306735
0.37676154881678281
0.37669036151908075
0.37668709180393306
0.37660570815283551
0.37657056170620923
0.37654740964018374
0.37650288309720381
0.37647424745894492
0.37643718124008424
0.37643560485254024
0.37643337072972149
0.37635023633494347
0.37633985692233463
0.37632155548194923
0.37630726941799231
0.37624087663892436
0.37622198942212948
0.37621737160204632
0.37612149224443503
0.37600939999262356
0.375904493717443
0.37590106757324498
0.37588876639573271
0.37581384715306265
0.37580672082078065
0.37574001339916224
0.37573140062814775
0.37564605684600189
0.37555877753108063
0.37553273136459236
0.37550735372784438
0.37549800011256795
0.37547149816346836
0.37546483468185615
0.37545053910009252
0.37539011262197736
0.37534428046021451
0.37532682308119003
0.37520762767648258
0.37515586097492221
0.37513836287963115
0.37512647399710525
0.37507349433407544
0.37504221439812169
0.37503235059948631
0.37501015674581106
0.37500148902814717
0.37492808015387957
0.37492624338367941
0.37489544107403167
0.37481229493203205
0.37476071941911304
0.37474261207190745
0.37471402745840687
0.37467582362067625
0.37458783822413316
0.37457698290044306
0.37455235372432183
0.37452282553865579
0.37450937754802965
0.37446072643037692
0.37440945657244695
0.37440196601918363
0.37439739153053742
0.37436548061689617
0.37433398786218131
0.37433167779474369
0.37429665648917049
0.3742804916511952
0.37427721313550733
0.37425443296167854
0.37419594919033661
0.37415800057321341
0.37412638685301769
0.37410979990809246
0.37410840806958284
0.37408885903972805
0.37405563508861961
0.37385165514132868
0.37382005208068758
0.37375521682739815
0.37373878346877298
0.37370295746600118
0.37364819623082018
0.37363760640989885
0.37358791703594402
0.3735753871585103
0.37351894897701149
0.37346088858215198
0.37340546511636635
0.37340073084319908
0.37334891639941215
0.37328752318335973
0.37325357448638985
0.37324366812584653
0.37322090848081652
0.373205087596927
0.37308748320198065
0.37304695967404827
0.37297061804863524
0.37296060592699692
0.37295777969352556
0.37294837168290745
0.37292623215701776
0.37291924147619099
0.37284894483948505
0.37282511678282437
0.37277542708846745
0.37274896275132463
0.37274283814927345
0.37273308021210627
0.37270541449869582
0.37269361615050828
0.37262972579977649
0.37262852970634297
0.37260091684947483
0.37256043848848158
0.37254700757049891
0.37251226591631442
0.37250483673604207
0.37250139240470298
0.3724768123736355
0.37237424151230741
0.37236744401066724
0.37236519370146853
0.37233534046714928
0.37227807135626217
0.37218251002614045
0.37214588575402791
0.37209288184362205
0.37196393390620164
0.37179616635601076
0.3717945954874603
0.37177330686312021
0.37174100027734192
0.37162876137496942
0.37161606849758272
0.37149606252950623
0.3714761457149624
0.37147140797011297
0.37147115969880551
0.37146103884520248
0.37145995847319946
0.37143728670772169
0.37139579285697022
0.37137382581210754
0.37136412943620134
0.37133798007246299
0.37130811341960751
0.37127484001209471
0.37121356443678016
0.371181496680344
0.37109267239355198
0.37107009282752235
0.37106877750957445
0.37103132107351738
0.37093743513051552
0.37089821028644376
0.37087611699506362
0.37086539269670654
0.37086438279834705
0.37080151041020842
0.37077195070552688
0.37072798179236965
0.37070567912956698
0.3706981034478144
0.37066089681578723
0.37064957024941741
0.37064654050496282
0.37062715589400519
0.37050055780212998
0.3704855256839254
0.37043321850344413
0.37041785686151185
0.37038343932974216
0.37033074676638972
0.37031342257770838
0.37030008223631083
0.37029842736282326
0.37026006909283421
0.37024305449852718
0.37007780817458269
0.3700477103682957
0.36997606889619417
0.3699506048447212
0.36987465681303761
0.36984226755315036
0.36981564206711431
0.36979920750259165
0.36978699756217692
0.36973678276517835
0.36965043706298034
0.36963973716224857
0.36958811239788575
0.36958264588914452
0.36957974797851473
0.36956572554181383
0.36954357114273562
0.36951005526449887
0.36949618290546948
0.36947985976727538
0.36947718290556647
0.36945096001415323
0.3694383290083777
0.36943544329066402
0.36943295137505738
0.36937982778136907
0.36930852198468594
0.36930308921109278
0.36926639713338649
0.36910578543388267
0.36907400904198667
0.36905847132843456
0.36904984979200905
0.36898788958165979
0.36887433783674684
0.36863880768277263
0.3686190856384382
0.3685843436292488
0.36855488095648808
0.36853649222912926
0.36846838750542499
0.36844957815363244
0.36843459781702637
0.36836622588920009
0.36832986687076508
0.36832328863676939
0.36829357711889843
0.36826370374002915
0.36822922483270265
0.36822854566987456
0.36821882034064207
0.36820140659170031
0.36815567593668719
0.36813508837696757
0.3681172935412656
0.3681162278727953
0.3681134284430041
0.36810982887099597
0.3681038243896736
0.36806591587701443
0.36806000014250018
0.36804153458105526
0.36802410101929955
0.36802383594925236
0.36800959120301058
0.36790781504425007
0.36789507031384039
0.36787085166087952
0.36783747795235033
0.36774932440927277
0.36772683455703142
0.36771153945696833
0.36767598418696756
0.3675867935861557
0.36756517451396836
0.36753187414576954
0.36748530171618082
0.36743905388045056
0.36743335803901911
0.36739261666062017
0.36738949757216804
0.3673869322387307
0.36735714545683584
0.36730831258555813
0.36729216489018579
0.36725694047513202
0.36725471702276613
0.36713852993239371
0.36711918992765075
0.36709323864892113
0.36707838741614957
0.36705438029208404
0.36703123676961735
0.36697528058107665
0.36694846008852527
0.3668961703022065
0.36685517933462314
0.36684362130796766
0.36684347107599857
0.36681447785513643
0.36681193047562977
0.36680036044095354
0.36679585188711777
0.36676049855152837
0.36672226226238935
0.36669094067120717
0.36668941953246831
0.36658905977361006
0.36656623730261984
0.36642806230054448
0.36627795838113153
0.3662688625228695
0.36625042966141874
0.36623716447964644
0.36610614450744472
0.36600441276973278
0.3659629033330315
0.36594935499810088
0.36592598530943682
0.36591932447254272
0.36590356417465747
0.3658801147481151
0.36587529909803251
0.36585491278654286
0.36578847042564744
0.3657491091214205
0.36572769845685815
0.36572414297651784
0.36568221145833707
0.36562776313046225
0.36547367883583765
0.36540403923159653
0.36532505261136961
0.36531414861078298
0.36529070329753738
0.36520195131368888
0.36519851673331666
0.36517533112647038
0.36509348566439154
0.3650805522790444
0.3650390565913641
0.36503069679332428
0.36502724832069749
0.36501095304043935
0.36500776061424706
0.3649676701810266
0.36495333229254379
0.36494132816617342
0.36490156019457792
0.36489204499510164
0.36489101118103462
0.36484216324735658
0.36483093708172104
0.36482626690647907
0.36478215712358658
0.36476485198541214
0.36471508460106977
0.36471447239659766
0.36469381928331918
0.36468410877790708
0.36467949554336593
0.36461162100223926
0.36456907593817478
0.36454215034131565
0.36448691767077512
0.36442032222648463
0.3643994910777788
0.36436626751152762
0.36435353816434418
0.36430630160661193
0.36429335680011771
0.36428837618539167
0.36427478491450699
0.36424351808671734
0.36418855709226006
0.36416398573849407
0.36416322358610931
0.36413444211240775
0.36411521174302752
0.36410926763495399
0.36407847353039557
0.36407627405935455
0.36407173664121645
0.36403622802655661
0.36402243091934339
0.36394278592432805
0.36393058005896955
0.36390921899500994
0.36390855313863585
0.36372239942935214
0.36371256891023712
0.36369414549407109
0.36368880902958678
0.36357599053787915
0.36353158330645552
0.36346367803708979
0.36344965148354674
0.3633812921061606
0.3633558890547694
0.36330193381200626
0.36321792524127711
0.36316378341279965
0.36315778645697411
0.36310740443249478
0.36299639539003131
0.36296340914551178
0.36296208119756995
0.36285365299559968
0.36275878889528274
0.36270022653917983
0.36269488096872987
0.36268895211413082
0.36259846465394358
0.36259786592548726
0.36249709486039561
0.36243730845892291
0.36240559992343951
0.36235792147066875
0.36235278367224777
0.36230346692850629
0.36227368156704065
0.36226516630910349
0.36217630999238337
0.36215382868182605
0.36212081599704443
0.36209130819413637
0.36204923522033039
0.3620084630611613
0.36191969623235742
0.36191477229320773
0.36189001203294308
0.36188646951952697
0.36183167752249634
0.36181395422822066
0.36179154618059867
0.36177253306956159
0.36176831639928164
0.36172567728066468
0.36170283618442273
0.3616947044957825
0.36166523790936278
0.36159865638105121
0.36153899520655519
0.36150764061622187
0.3614795104691183
0.36144682335603873
0.36143042355735439
0.36140737244092391
0.36130320390274501
0.36129813637938374
0.361292731925342
0.36125459567734303
0.36115813220232384
0.36115443819683157
0.36114672554312055
0.36113999397298885
0.36105077153648774
0.36103839904038731
0.36102284152865843
0.36098114052095193
0.36097689950664957
0.36096962918806563
0.36095154684944453
0.36080277782563497
0.36075220499412725
0.3607510931686696
0.36075000783837852
0.36065564196163108
0.36063054542054568
0.3606185549758153
0.36058951110360438
0.36057261330445378
0.36055278766350202
0.36054863278319166
0.36054801107738277
0.36051207269732571
0.36044304879419431
0.36028139454299829
0.36027963792746814
0.36018478468336784
0.36014276663361694
0.36013739394256766
0.36010311329632311
0.3601017562939296
0.3600810553019298
0.36007411351151547
0.36003148317641182
0.36000602983607743
0.35992661889654926
0.35990449668127106
0.35987326686705956
0.35986190583088024
0.3598400271652602
0.35983695664838461
0.35980842864427687
0.35979701260014102
0.35979155403031093
0.35974178646081956
0.35971656641003796
0.3595240261222391
0.35943242673270409
0.35942529463825457
0.35940729859814508
0.35934341049702201
0.3593226045083931
0.35924168323963451
0.35923581411842448
0.35920988652628438
0.3591697658369683
0.35916533698502251
0.35909112123835485
0.35903809746481896
0.35902294364575643
0.35895628016521591
0.35895349023187295
0.35886366517059032
0.35879025432910794
0.35875268724265141
0.35874430250013373
0.35873936678308266
0.3587156502623588
0.35870049244567426
0.35864601723725403
0.35855917923439096
0.35852807839362777
0.35844188734535087
0.35838259709310705
0.35827721535343021
0.35827570998738628
0.35824811298115072
0.35823198896920283
0.35817776160812598
0.35813239878559638
0.35812839635606913
0.35811596739206913
0.35800120340619157
0.35799999564054252
0.35798109450936494
0.35796857101083845
0.35795415897814287
0.35795209605372563
0.35794121978278698
0.35791180138149137
0.35790186964576381
0.35789136419293932
0.35787601495909849
0.35782300195719918
0.35775130387416432
0.35772255960672034
0.35772045076972941
0.3577173340707574
0.35767459443982286
0.35766015282213925
0.35765440137964688
0.35763258253510605
0.35762561303612661
0.35755051983374092
0.35753721089359797
0.35750371399538072
0.35746768571358134
0.35741277111988323
0.35740838547843923
0.35736098915777181
0.35728512229871523
0.35728256308161677
0.35726021862482121
0.35716007874220512
0.35711718051548547
0.3571035658871875
0.35702675718130983
0.35689809870495737
0.35689118038901196
0.35687245459558292
0.35680572210706468
0.3567952876254416
0.35675011275088159
0.35668175183288309
0.35663930321958359
0.3565815669412058
0.35656317405642557
0.35653296765941012
0.35650328926964625
0.35644961267754333
0.35643194664336481
0.35642829879147248
0.35637752933859651
0.35635360654314552
0.35634613198982074
0.35633218184059329
0.35626061306548495
0.3562313400601021
0.35618788758807718
0.35609622540338842
0.35605630394012205
0.35601579168923941
0.35597547415324904
0.35594349859537261
0.35591233505200959
0.35589915906436131
0.35586481998378439
0.35583298699631283
0.35582941549838654
0.35578722097523863
0.35577348319145252
0.35569290934565445
0.35567804676376674
0.35559256531748074
0.35555522974562576
0.35553650400107512
0.35553465455176247
0.3555222448922663
0.35550905388033893
0.35550512736422568
0.35546701060327107
0.35545619022815106
0.35540978944165136
0.35538274776263451
0.35537390787900264
0.35526540359739378
0.35525384196343718
0.35524110277318621
0.3552339032798677
0.35514000275322255
0.35513543159060545
0.35504380365722021
0.35502377212641062
0.35501541187980284
0.35494028593979382
0.35493417368750785
0.35488807735173455
0.35481528387694372
0.35479146875747974
0.35477407280629081
0.35475569005679763
0.35468469097225569
0.35464531439381197
0.35463508317984077
0.3545861878541382
0.35455827033833603
0.35455749366867734
0.35455719213126452
0.35447095358598013
0.35441207474495146
0.35434507965338707
0.35431322727215292
0.35431217201082343
0.35421653155371613
0.35414565026860728
0.35410750033043864
0.3540905728276646
0.3540869568224066
0.35407525979302978
0.35406868752759113
0.35405014612554991
0.35402213313739966
0.35401992504208712
0.35391575757704907
0.35388816913843879
0.35381597266649073
0.35361873051340098
0.35359343839396268
0.35356515774482855
0.35350491307295423
0.35348797946862948
0.35347041822547381
0.35346864894459107
0.35345126614837241
0.35339343088838931
0.35339079108928889
0.35334067524612467
0.35319902061807301
0.353181696508791
0.35313469755165705
0.35309259275600147
0.35304304070635051
0.35303656314236492
0.35303390950850599
0.35302466983243203
0.35296836522622821
0.35296171486994321
0.35295836083518245
0.35293820204566256
0.35291331286528055
0.35283132729204775
0.35278595116322359
0.35277210557088207
0.3527290146874294
0.35265091798129339
0.35262550950015303
0.35253165706286865
0.35253127021700459
0.35249928779467316
0.35247503493062654
0.35243633440665251
0.35234765667345708
0.35231683408651709
0.35231461998536923
0.35228167557324053
0.35226439209904642
0.35224106790531134
0.35220907867683982
0.35220513470348158
0.3521546408561409
0.35210727549308662
0.35209180966812853
0.35208138208545087
0.35201443915418723
0.3520115065545909
0.35200891124920441
0.35198457788910031
0.35186475545671181
0.35183203965827792
0.35173909269622516
0.35171470545258304
0.35169308563652141
0.35166583377861793
0.35159132097172752
0.35156527491307582
0.35155986388305344
0.3515460599757983
0.35153258008123356
0.35151097919200452
0.35149390498276961
0.35149055295579801
0.35147061184074246
0.35138102842224
0.3512492053563549
0.35119566267731345
0.3511734803545834
0.35115473901430627
0.3510847620500554
0.35107258490723753
0.3508954426094813
0.35088364693843566
0.35088158147285797
0.35085985840560585
0.35082871373840868
0.35081989161910959
0.3507927429680836
0.35071119685855268
0.35065705099821609
0.3506430651654508
0.35062760999951642
0.35062602122757447
0.35060816939715628
0.35060269391774601
0.35048583854722937
0.35044684553372918
0.35039359784909629
0.35031656437360237
0.35031621958657488
0.35024461634035181
0.35024291993829115
0.35023940445064705
0.35021341623018998
0.35021093463554825
0.35017369643892204
0.34993394885240853
0.34989135012496153
0.34986700116699349
0.34984740998742364
0.34982944034690899
0.34981263596677725
0.34980584059106823
0.34977364723896615
0.3497402706870622
0.3496887849982071
0.34964575098938455
0.34956431696824614
0.34953639830827132
0.34949889065122802
0.34944212788334883
0.34943216612265343
0.34942483667191826
0.34941456625386463
0.34941348815175499
0.34940970323610898
0.34939001981717049
0.34935443129137228
0.34935368943036654
0.34932906310322409
0.34927085491163878
0.3492673272889194
0.34921794244566784
0.34920869168820001
0.34915075432170967
0.34911553890807229
0.34910147239084549
0.34904288022963298
0.34899668232897163
0.34894482859469711
0.34890067986904622
0.34885925738684737
0.3488331208067682
0.34883114428725959
0.34882491120656389
0.34880788610268559
0.34876484542118424
0.3487498451339045
0.34870541545993322
0.34870239552489785
0.34868221496462332
0.3486344694014748
0.34862148553403532
0.34861848854027849
0.34861471916526632
0.34861455392085416
0.34859908082093655
0.34857354260857126
0.34851349263236758
0.34842023339464262
0.34841262159229447
0.34834962456814073
0.34831888759762381
0.34829747000882444
0.34825555732970176
0.34825424645053932
0.34822110623142494
0.34821707111636863
0.34820090496340161
0.34809380298023207
0.34809308706342645
0.34804669558095702
0.34803699536764043
0.34793611825883691
0.34790871049778105
0.34786874121896577
0.34786490245859936
0.34776321061725013
0.34774020397427724
0.34771316920456902
0.34771046833319907
0.34767961074724474
0.34766458592693361
0.3476546177009488
0.34761025894019315
0.34759462424613147
0.34748717772297322
0.3474849648314407
0.34747155646733946
0.34723794092289167
0.34723711141934255
0.34722392436415539
0.34721403707339943
0.34718113951392698
0.34716232258611762
0.34714763838696705
0.34709982800671391
0.34703514213631059
0.34697587721383072
0.34693705572934408
0.3469076374007678
0.34690402735152548
0.3468613609114139
0.34685862615799634
0.34682119957694357
0.34680118050467273
0.34679153556891229
0.34678766675848299
0.3467745962502638
0.34676984208929296
0.34676096687161095
0.34670167545696295
0.34670024936464855
0.34669192352470352
0.34668252663738192
0.34666529121452683
0.34661676229406685
0.34660395019560303
0.34656195950995689
0.34648221818258534
0.34647591310044179
0.34641531608251525
0.34638770075778413
0.34633954961962932
0.34630362304704726
0.34626163150089923
0.34618492387968453
0.34615244557621044
0.3460347891033439
0.34603237831767836
0.34601437689875109
0.34597782169586272
0.34594166121130682
0.3459171042709468
0.34591258817803022
0.34590112011829122
0.34587840703600814
0.34584212762386696
0.34584171716627499
0.34584053466987252
0.34583936557721057
0.34576693638878614
0.34574330877692161
0.34573318162096245
0.34571114647773893
0.34570861407245412
0.34568966023916087
0.3456452676190187
0.34559148703699694
0.34548440929494034
0.34543943912805658
0.34543412549066321
0.34538292877842014
0.34531049873676994
0.3452930274324037
0.34524650796743112
0.34523447973530708
0.34517072272348526
0.3451357865502937
0.34510469440783059
0.34510357767063454
0.34510349809859525
0.34510018659201974
0.34493400928466711
0.34492728309221421
0.34491001928673215
0.34488504313818719
0.34485500877235054
0.34475056582257324
0.34473980567634843
0.34469153657170332
0.34466433579455724
0.34461372751952668
0.34461320460868294
0.34459040588840245
0.34456102381175108
0.34452475547481654
0.34450433556652638
0.34448166599079916
0.34444302324258369
0.34444045215455504
0.3444117130051661
0.34437962320756155
0.3443255345217674
0.34429655943447673
0.3442938456442487
0.34425454177843007
0.34423916788390918
0.34422417584695503
0.3442125062000449
0.34418122767838949
0.34408687373038116
0.34408489152203453
0.34407980347692968
0.34402405511259448
0.34401407994814243
0.34400661749945388
0.34396268684110159
0.34393386473060572
0.34391521249531004
0.34383317548290238
0.34381552499830881
0.34379014545800485
0.34378709318106199
0.34376411922750427
0.34376046366862234
0.34366629745499999
0.34365581512151572
0.34364130635104051
0.34361623146375303
0.34361527756294885
0.34355593207639312
0.34352794444222218
0.34347420593307898
0.34347418619721776
0.34339640473328764
0.34337877939355815
0.34321472609569936
0.34319318321730463
0.3431631818091686
0.34315429229581879
0.34314799519621647
0.34311756966297352
0.34305409194635389
0.34304959592253137
0.34304159645404769
0.34301291465648936
0.34296680033167254
0.34295155823038032
0.3429277931173923
0.34292303333442642
0.34292130081388023
0.34290518206017156
0.34288066016313884
0.34286351057058745
0.34278201800683056
0.34276712971597206
0.34273783341435998
0.34273232025750661
0.3426898318592202
0.34267696219550153
0.34260656358163627
0.3426043225646308
0.34257967102186604
0.34253769517372917
0.34252778693387625
0.34251282553014756
0.34247128010355121
0.34246211822652689
0.34243638124911802
0.34237223195505417
0.3423464101242516
0.34234019346785199
0.34227936591021507
0.34227698163785281
0.34226731633048701
0.34225215215925459
0.34223128126050967
0.34219930789354785
0.34218936956071178
0.34210124537300135
0.34205316255288432
0.34203424509064867
0.3420307835786589
0.34202602892402878
0.34199617671892701
0.34198711469746257
0.34194047000794581
0.34193162007476496
0.34187577736887204
0.3417836528695789
0.34174779492135887
0.3416868967270959
0.34165938457675876
0.341631983296937
0.34152772171056583
0.34148680360572847
0.34147361792373826
0.34146666524341346
0.34142009048443889
0.34140674808540999
0.34133051631675881
0.34128058420037038
0.34118333651013538
0.34117315108953239
0.34112588506179625
0.34109312172581874
0.34106136546745364
0.34102255375128376
0.3409528496562978
0.34094073839683881
0.34093222549134172
0.34091166851430044
0.34087584021538736
0.34087165765707989
0.34074323931529771
0.34070889806053573
0.34064939203748706
0.34059290036529366
0.34047242790795579
0.34046819020045221
0.34042345918775185
0.34036067125695019
0.34035807251077321
0.34030884360215913
0.34030304254808502
0.34027236680330547
0.34015947533935598
0.34015614170805847
0.34011968379950552
0.34004224014632128
0.34001417290959346
0.34000486455589796
0.33999681938544579
0.33997432839866265
0.3399681717965724
0.33993118232399361
0.33991166108981008
0.33990609497230345
0.33990438197778083
0.33984967414182154
0.33983733932647536
0.33976242501855353
0.33976036470348014
0.33973258191582223
0.33970283542019059
0.33964688990072722
0.33964546405025892
0.33964144966566967
0.33953287242358027
0.33952960451778491
0.33951075263742614
0.33951055160208432
0.33948818403373499
0.33942401860003857
0.33939876913741329
0.33935238387186495
0.3393017216047271
0.33926159077876389
0.33924182053405283
0.33921858453208681
0.33921393844648262
0.33920778676706526
0.33909859527990305
0.33902227350996805
0.33897554191844287
0.33895944287824153
0.33895449829061458
0.33894587956255035
0.33893822946742375
0.33893063021474856
0.33890324570093999
0.33889594230306719
0.33886129542815202
0.33880613596109288
0.33878212969406069
0.33877225434509883
0.33873879571532745
0.338703271636005
0.33866565307723012
0.33863522307391808
0.33856993460642493
0.33855829558203904
0.33847899638603707
0.3384500936421454
0.33844726405664471
0.33841605148322534
0.33840470396553718
0.33839560662677554
0.33834943133164852
0.33834032438359118
0.33832374370159513
0.33824952071543746
0.33818921470699509
0.33818674052086622
0.33808797055860745
0.33807071891505391
0.33806196652744214
0.33796298869172836
0.33786074127201143
0.33782968717903694
0.33782774844886276
0.33782378817619363
0.33781116394003913
0.33775957732688694
0.33765780944420265
0.33763936386099885
0.33763023436172607
0.33743875081745389
0.33734283011774879
0.33733173980742465
0.33727905369526906
0.33726226477175569
0.3372077191446915
0.33715926381142369
0.33711743225625473
0.33704527293904901
0.33700899119465205
0.33698503379781142
0.33691923007756108
0.33688322646935903
0.33687116341076179
0.33685912665587714
0.33685761634609435
0.33684553753114155
0.33681353694229399
0.33674717451521369
0.33674551402375247
0.33671059090214212
0.33667828606312317
0.33666038571703488
0.33665875005569967
