0.54160622654041568
0.52960755184621322
0.52251088763476694
0.51590494195960435
0.47301526981791675
0.46866201495507559
0.42330486597453643
0.41577543613176332
0.40370765532665498
0.39896385268611806
0.39717503322211611
0.38413004853050531
0.37932780402858285
0.37636054722975931
0.37278889545226784
0.36802069598863213
0.36268454221887791
0.35443622691622062
0.35381236162952512
0.35126630635568057
0.35080737821247554
0.34725326166768666
0.34523966994927135
0.34342959087855973
0.34236477058094467
0.3410796806427967
0.33781575807776032
0.33216805149398287
0.32845332471217675
0.32562410145628634
0.32348349099458812
0.31661890276833149
0.31413522466676186
0.31312091002932169
0.31121746810822137
0.31066965746323982
0.31047348527402935
0.31031661690582418
0.30753310587467375
0.30594407838503357
0.30563554631235523
0.30317432884263779
0.30164689547242385
0.30070093865423891
0.29713903262671865
0.29706376919457889
0.29334375762786496
0.2921375557467728
0.29130055104372932
0.28987433996029349
0.287667742233159
0.28725577670906088
0.28716954117231902
0.28670512935452513
0.28653344096554562
0.28184745082547119
0.28105622800890001
0.28091290585924983
0.28022411396421676
0.27969052358185154
0.2790955585959442
0.27797994102342127
0.27471145656245383
0.27438508868829425
0.27381206438302469
0.27346806044120853
0.26964818538749014
0.26806505985572282
0.26797923356334902
0.2652574108987385
0.26438335623739989
0.26404240501642295
0.26217035227486107
0.26123105918573503
0.2593893990595002
0.25914905744653088
0.25771257610024872
0.25734593646772219
0.25667993681275908
0.25515470507628546
0.25343290133097257
0.25321526271260725
0.25303053496286765
0.25273823095323272
0.25240700164767321
0.2520323862752975
0.25104375270231871
0.24974402398446377
0.24693140125271526
0.24661967405740717
0.24659724341039507
0.24632937597817464
0.24627237727627313
0.24613423785210362
0.24600302788982684
0.24583363727386492
0.24554316756431285
0.24481914763719786
0.24360854173870625
0.24289094479704659
0.24221286093615213
0.24181259949362732
0.24071419576863901
0.23770176132417048
0.23754756202028313
0.2375310758232641
0.23718334878693415
0.2358456991257375
0.23526352470518413
0.2351710911291536
0.23509954616182202
0.23413742131792076
0.23370252743459868
0.23326787701457224
0.23301655428202811
0.23279238567246011
0.23189425777597894
0.23119113487369083
0.23085386525061166
0.22991030942960722
0.22924089286862531
0.22923864451096479
0.22807239137831642
0.22775065829701613
0.22758591180068288
0.22724246325472452
0.22641741351229155
0.22637922271842098
0.22554831684685042
0.22553434791453922
0.22416649779563247
0.22404533654503675
0.22395405106043434
0.22377601039326112
0.22265206704858032
0.22250399696646478
0.22223975815679475
0.22186302224803003
0.22163777154848011
0.22139503609165587
0.22051495992698417
0.21929831755752729
0.21927423270972796
0.21911044816826886
0.21850519903350155
0.2176120849194757
0.21708208265457726
0.21702764650998099
0.21669679477146989
0.21649707912574861
0.216437205834699
0.21588693911043619
0.21567719818555831
0.21560853617768908
0.21374943386727158
0.21345888950772623
0.21320654418861773
0.21289254514163961
0.21250589824019522
0.21238159002729229
0.21219360754773697
0.21209906689050925
0.21148226431445236
0.2114383217648611
0.21122852789791785
0.21093424061497892
0.21092534474787877
0.21061884262902966
0.21006850124578827
0.21005995377856448
0.20959426705211334
0.20950834154573314
0.20899111215686414
0.208899241380016
0.20874373752949429
0.20860807935913772
0.20817676774987434
0.2081165972649241
0.20810675821100361
0.20735538124115169
0.20707230863468587
0.20659500053357865
0.2065140323744282
0.20637993272483013
0.20630872232650094
0.20625475522225864
0.20595928818529602
0.20585426171042895
0.2052230347450843
0.20510103475865951
0.2050619783210092
0.20475222819285996
0.20463735095536661
0.2045831431090753
0.20449396464698621
0.20432488999698498
0.20425626982938358
0.20424131202518037
0.2042138829047066
0.20410807093265784
0.2038221614333483
0.20381641978435372
0.20353570182551897
0.20337542600258965
0.20321888579830927
0.20303231026650506
0.20289560757894137
0.20286138269506304
0.20232868212089364
0.20226174665014887
0.20210293353724773
0.20133226299375676
0.20126216177798736
0.20096774713675181
0.20079694706040457
0.20053673057436602
0.20039506643598748
0.20020392821051519
0.19982011687301002
0.19973671720793301
0.1993584882497107
0.19935775102174885
0.19930281842775482
0.19878530009390991
0.19877609025901727
0.19870055306591045
0.19826901487649015
0.19806793979497578
0.19806511209714683
0.19764065240638118
0.1975774511626377
0.19739126938100249
0.19736069097338005
0.19707971941602015
0.1969671409447909
0.19653546623813778
0.19625641663296275
0.19594154222066118
0.19588381134613497
0.19571974288107774
0.1956063389006974
0.19536746615283279
0.19530037425511115
0.19526127349303085
0.19514603153770838
0.19508639855530835
0.19505181122029316
0.1950210361087692
0.19491817845569134
0.19470929063583023
0.1946372612340872
0.19436714054094525
0.19412808722713401
0.19385345345702507
0.19381909947066003
0.1937309679991531
0.19355569614070364
0.19328569600407158
0.19296273741333822
0.1928481017133892
0.19278859899860878
0.19276065870519188
0.19271787160760581
0.1926566319497619
0.192615013859672
0.19243225145160545
0.19194983661823892
0.19192567475348357
0.19168630236534215
0.19165068595126997
0.19164476488112814
0.19153402548440146
0.19106761992814314
0.19091401976328323
0.19087861461098496
0.19073684822662162
0.19060492185220693
0.190080651905908
0.19007124710869233
0.1900154437978904
0.18999132918763764
0.18966686950962175
0.18939533583271914
0.18932066063056341
0.18928911637222712
0.18908765394402932
0.18903300867868511
0.18895603165630578
0.18886736181353384
0.18874927372221953
0.18847110797167232
0.18841222822538214
0.1883088863805423
0.18818147490008774
0.18813340500235262
0.1880432421949359
0.18799770635838045
0.18790742750867609
0.18778951874838817
0.18761543876139228
0.18729984159185087
0.18720858307767943
0.18715647498287138
0.18687343032094833
0.18673139211690887
0.18668962688645341
0.18665676537207926
0.18657746259491764
0.18630707364356408
0.18630567157352487
0.18612592672223752
0.18592661482490422
0.18589755089140966
0.1857998437023613
0.18577084903556718
0.18560727723974807
0.18548529820661749
0.18531891596307867
0.18517418129658356
0.18511294975354445
0.18500197409000327
0.18493372517147427
0.18487405129610646
0.18473591311341653
0.18465629398619041
0.18452990107748216
0.18443194944931354
0.18440059958118146
0.1843017037948457
0.18423785820898858
0.18398954669052395
0.18390577755943202
0.18386115615837073
0.18368960256400269
0.18362176302188188
0.18355770614511169
0.18352806628494706
0.18350583045489188
0.18341479905588848
0.18327102528776273
0.1832351643218238
0.18317471505181787
0.18311867610441521
0.18304131579925872
0.18302490896951701
0.18294731553090107
0.18293515035096072
0.18286750820321759
0.18285484113056952
0.18274283298649546
0.18260245850964599
0.18253122140827921
0.18251991661474229
0.18242436208122986
0.18235903958239177
0.18231208451992406
0.18219255179723867
0.18203903999851845
0.18200665756377618
0.18198165956502643
0.18165875510764085
0.18131656293683021
0.18089542806010955
0.18079595130822826
0.18063461714229356
0.18044442804594507
0.18039621020062427
0.18038266787469487
0.18036236450166573
0.18030179604971067
0.18029401091098446
0.17969070200021875
0.17967554547455347
0.17962136410751292
0.17952630866514815
0.17930380233611251
0.17928310694580601
0.17914661864706671
0.17895302261614088
0.1789364506898751
0.17833282396070185
0.17829223512662346
0.17824248121835651
0.17820946081854022
0.17752492247032006
0.17751188782491301
0.17745686024933313
0.17744802439474081
0.17731707209732311
0.17719144140956589
0.17695250812184912
0.17693203593066203
0.17689366130506345
0.17655335877535822
0.17654368229065531
0.17639150696295217
0.17623259516042503
0.17623049671713156
0.17620605849057877
0.17589150262757303
0.17573196767990718
0.17569202648728718
0.17558603887807658
0.17555483136824215
0.17526778141449209
0.17523191452080136
0.17522585880983255
0.17517296033778323
0.17508479078216524
0.17487762590994363
0.1743859387496301
0.17410851497614221
0.17409461338034049
0.17393963012802321
0.17386922005508254
0.17381965251320691
0.17353089141420522
0.17340574957722071
0.1733658842572153
0.17326728408094311
0.17324380838575118
0.17320654492258541
0.17316214116938433
0.17311008312666581
0.17287970302741656
0.17279299393031339
0.17271831047757846
0.17268836263079598
0.17255974805158883
0.17251899205485816
0.17238540172857841
0.17223758162261504
0.17215088097135015
0.17167417625105869
0.1715922315139963
0.17154498525812051
0.17148097673666887
0.17136955343085583
0.1712506472727591
0.17118451215971875
0.17110256051203451
0.1710926375962358
0.17095163346520442
0.17089457022855939
0.17074339127246291
0.17068352190397496
0.17060155086167397
0.17053953362761817
0.17046738806822817
0.17038971748754098
0.17006509591630384
0.1694917303854227
0.16930136326106376
0.169036898734895
0.16885961179842512
0.16875903393299344
0.16842806644457692
0.16840533186291365
0.16826417902329135
0.16822290407025817
0.16769948936814461
0.1676737737423058
0.16762450425390868
0.16748465232800411
0.16740674084923379
0.16691432067460552
0.16662609859935157
0.16652437731911945
0.16642645625492958
0.16641407726084595
0.16640211877928227
0.16622726666096097
0.16615679646890319
0.16609878978858766
0.16581380339979318
0.16578615270125269
0.16550579634713103
0.16549536508059354
0.1653419765706966
0.16500952301199479
0.16482948522186272
0.16481169167417059
0.1646957402122155
0.16466248576434009
0.16442865976556442
0.16439387429481805
0.16428456595763219
0.16423616235720542
0.16420200440501956
0.16417615024224774
0.1640061607724855
0.16392335838831851
0.16365279565907132
0.16356017681418475
0.16355305530640238
0.16348024134031836
0.16333912696805247
0.16324607675381886
0.16319442638740556
0.16319142867310468
0.16317088958433446
0.16314707426281755
0.16301072164885841
0.16291553471838041
0.16290930645684737
0.16274146217313273
0.16272137908566917
0.16261520818720338
0.16235391638826552
0.16234815635966698
0.16220281529903369
0.16216944413845619
0.16206258877191015
0.16204390996224943
0.16201089844958114
0.1619549884117987
0.16188995453494046
0.16184844214252192
0.16183401109110643
0.16182707727725243
0.16177346455993713
0.16174806148941631
0.16146880811498773
0.16146225958399371
0.16114195626150415
0.1611099306021794
0.16079467029980565
0.16063359598868535
0.1600572247028591
0.16003615510384192
0.15996843028879412
0.15992404582203074
0.15989684362529791
0.15985248994109849
0.15951475955364011
0.15937376864475672
0.15923447879028449
0.15919750583101788
0.15904207651363605
0.15899175125324513
0.15897977990385426
0.15888255815463156
0.15879333641481028
0.15878839636007944
0.15870704191309157
0.15859956312099033
0.15859052270714008
0.15858803859817533
0.15848774077022093
0.15846930197180595
0.15843236137829414
0.15838348168842656
0.15831293355485551
0.15806448396775674
0.15802722089198057
0.15798414167923169
0.15790886574508015
0.15776940818390006
0.157700137179969
0.15766120324049651
0.15764826122390727
0.15756117761734109
0.15755059599678681
0.15752336542298209
0.15736413985020536
0.15711130675777496
0.15702634775295077
0.15696990086062018
0.15693763410147712
0.15690176986628149
0.15688024666145045
0.15676062834599044
0.15670689143399044
0.15663374066389077
0.15655584056457572
0.1565036418798943
0.1564743584086167
0.15631702722356094
0.15622635846840346
0.15615012933486871
0.15611140394288747
0.15610651003728993
0.15609443299545606
0.15605141895418603
0.1560280676948588
0.15601464395225789
0.15590971350098606
0.15586821083492475
0.15573018382158932
0.15556279692407737
0.15545241581073604
0.15533485137828021
0.15533326194718183
0.15528570923543064
0.15517904746829675
0.15511374659426086
0.15497534976773186
0.15495984193264239
0.15489049159712065
0.15467493789855957
0.15457261063062758
0.15428309514676936
0.15424471559524405
0.15424388731846081
0.15423599139657004
0.15422070267515958
0.15415358796176287
0.15399552985581841
0.15389675024379113
0.15363286174000609
0.15358677094867296
0.15355425630455949
0.1535537009541165
0.15354391517665619
0.15352373256009805
0.15350967363862933
0.15338405136507874
0.15308717956279494
0.15286490887792722
0.15286462901771555
0.15275943002247122
0.1526694597197723
0.15261027095657151
0.152592267374627
0.15240251412756253
0.15239801636089881
0.15239696935041824
0.1523639151018647
0.15236202788300912
0.15210513501177847
0.15205317387388884
0.15201759125686851
0.15195627732913855
0.15179525574669811
0.15174631345141906
0.15169443516415057
0.15168649192482614
0.15160546575290601
0.15157002525649044
0.15145988112205142
0.15138668120589227
0.1513785954194026
0.15136795215684437
0.15134989505248031
0.1513328799961014
0.15122952357789482
0.15119454117114256
0.15118988869630456
0.15072502431116108
0.15071980051801487
0.15068808753772903
0.15066648092813351
0.15057224856325499
0.15052993803776585
0.15045096645350209
0.15032867865164659
0.15032161512400397
0.1502183255646303
0.15021599721935186
0.15009033405670869
0.15005759675196673
0.15000007878388569
0.14982617131084183
0.14981290299880887
0.14972870284673806
0.14964287790827369
0.14963962363243827
0.14961724277797803
0.14934731730468012
0.14932082282787867
0.14931573215901436
0.14918729857116614
0.14909885341340257
0.14896879124290752
0.14893437889753089
0.14873663635082057
0.14871301854905086
0.14859322392289717
0.14855628254627903
0.14832347969424689
0.14824442355719347
0.14821909370068584
0.1481800998068705
0.14804275846737378
0.14784333505915689
0.14782447457007636
0.14779614030104593
0.14775347816526371
0.14765350162633081
0.14763823604339027
0.14762651833985091
0.14754879654719391
0.14753674874781672
0.14748901932703007
0.14745447145011839
0.14742313867092602
0.14716533583500324
0.14706910794560443
0.14691623276602825
0.1467807531985334
0.14660482207290881
0.14658934425770478
0.14652802354457636
0.1465114817473484
0.14647925888225577
0.14638910758556381
0.14638333872240483
0.14619827393998472
0.14612340131919391
0.14599641726522447
0.14597430018650753
0.14593625926083315
0.14591285123752226
0.1459010441029811
0.14585338805555245
0.14579323448160023
0.14576849679730089
0.14574586313897198
0.14573307963542523
0.14532252341294652
0.14530285428353804
0.14527852460274798
0.14521677031149963
0.14509553417218601
0.14482665774541326
0.14476819057647677
0.14475568364471275
0.14475275106403307
0.1446523186208748
0.14463996921873856
0.14457825639566296
0.14451113335727556
0.14431217769846658
0.14427987293437841
0.14423954669170216
0.14422626548732273
0.14418919918794906
0.14417725875097301
0.14416199327792403
0.14391393484992235
0.14387117977219166
0.14385549835556616
0.14372021007462712
0.14369853484264614
0.14367351409616169
0.14354321002836828
0.14353995259019267
0.14342996407600278
0.14333791716191735
0.1432605131179529
0.14323401118542226
0.1431290612081407
0.14300313262869274
0.14293570971493008
0.14291324684650863
0.14286604502734304
0.14277804861559623
0.1427631580698408
0.14275064035576918
0.14273098050148397
0.14269799255071935
0.14254118470384833
0.14250248772078661
0.14246190186848318
0.14243067126240935
0.14224692703272121
0.14222197391919575
0.14219565672755355
0.14218898642283972
0.14218421524415267
0.14214778621890004
0.14214198487353918
0.14204433331515737
0.14181550239354335
0.14180470974768977
0.14177044039387238
0.14175477132348741
0.14171436775510302
0.14169653588976058
0.14168717470369352
0.14159315015617396
0.14153703092024589
0.1414600677508529
0.14143170137295363
0.14142096113006503
0.14128418201690124
0.14124326358914083
0.14120436314734325
0.14105214003697025
0.14104146569874193
0.1410024781880666
0.14092465547594543
0.14085421313286409
0.14084464162848145
0.14084119763796732
0.14072764903465679
0.14069592155554334
0.14055571865452957
0.14051964367166508
0.14043504641138782
0.14041841295558072
0.1403927370690661
0.14032219149036773
0.14022136858227222
0.14018039410312794
0.14015332684691692
0.14012948273027742
0.14007749959209589
0.13999945781448692
0.13989838634580193
0.13988739349970536
0.13986913957209421
0.13977503036156586
0.1397368492149543
0.13967419424224947
0.13953895872166588
0.1395373438340326
0.13946682909016944
0.13941596679404644
0.1394153679727369
0.13937985506649056
0.13934876244652941
0.13927875929186131
0.13927229616442921
0.13924261482089531
0.13918702111880166
0.13911905269751598
0.1391016363012571
0.1390158020690741
0.13900210220752388
0.1389375866840741
0.13872548975765597
0.13863796251276184
0.13857139058298426
0.1384793574625898
0.13847742038963853
0.13845430009251716
0.13843543764725996
0.13828686142927499
0.13825375411325777
0.13820665164784096
0.13811023611067552
0.13804903603871205
0.13803457461209137
0.13798279977752881
0.13796773625303699
0.13791481403425929
0.13781490358447251
0.13779887444313135
0.13773349359230444
0.1377139419935208
0.13771251347942084
0.13767476579422366
0.13764487110377102
0.13747947584879297
0.13722332592373121
0.13720208298668365
0.13719392140780517
0.13718970301483638
0.13712487995640185
0.13712387708248544
0.13707889916109639
0.13702620351965575
0.13701152778591033
0.1368821717018282
0.13671437114224516
0.13664245900755109
0.13663746313284703
0.13658584415730249
0.13655813627857222
0.13645368849031947
0.13642741586871662
0.13632904497184184
0.13632428205137084
0.13623404328697739
0.13620413643830306
0.13615976827538714
0.13614781520461258
0.13613852284495379
0.13603909292529678
0.13585019785822927
0.13584119142062825
0.13577325671757123
0.13573640046423802
0.13569524048626042
0.13567030626096255
0.13558049260570343
0.13550582056389013
0.13547472844357578
0.13541103887828332
0.1354072029776093
0.13535888309624161
0.1352150718490891
0.13513660244604453
0.13501422916555406
0.13498301459823261
0.13497719799460048
0.13496724095653467
0.13494740701006147
0.13483936937588642
0.1347802591459599
0.13464210049809797
0.13456491177867372
0.13439139722719207
0.1343510743502305
0.13432560672173607
0.1342552658024857
0.13423214765800093
0.13405585717006355
0.13397027285056201
0.13389910985446171
0.13388801684096613
0.13380133336280109
0.13366383273909488
0.13365225578474782
0.13363219988622721
0.13361222678823895
0.13349893351986272
0.13348149477734131
0.1334283633483605
0.13335353945566428
0.13308085762024144
0.13287807895281153
0.13283292945134889
0.13281371951293722
0.13279757189864566
0.13275316200945944
0.13269277556158701
0.13267047872525006
0.13256909928650462
0.13255722855679888
0.13245477452371909
0.13234148637542772
0.13227729695738996
0.13219124696700096
0.13203834774992373
0.13202144484000919
0.13198842365670269
0.13197868003217811
0.13197312255331387
0.13191711513164753
0.13187352742483543
0.13185392201038371
0.13183782813658473
0.13169732376175311
0.13169730544707295
0.1316891596456182
0.13168509014004917
0.13160491297919455
0.1315560425419785
0.13154276774125825
0.13144839785073203
0.13138507596863644
0.13128750033692302
0.13119674712156748
0.13116226332818398
0.13111274989702376
0.13109435486380794
0.13108473824866018
0.13105175474772329
0.13100217202116132
0.13098801224056555
0.13091726373956519
0.13089427618186558
0.13077088593685945
0.13070290284389813
0.13065655707567148
0.13060271807568039
0.13042047410416399
0.13040316810412073
0.13031022526837935
0.13030654503664169
0.13030281062959118
0.13029106394101594
0.1302701857708059
0.1302028880299245
0.130193255263993
0.13013571690134002
0.13011373643864241
0.13008774467389211
0.13005864889561475
0.13004443939385743
0.13002716698968186
0.129912366274616
0.12986470955522086
0.12979604947612389
0.12978107612590803
0.12977313451827827
0.12977231118025115
0.12969102421802814
0.12957875752355436
0.1295763969980657
0.12956327012001032
0.12943515480080167
0.1294257731559279
0.12939505356581046
0.1293489097683875
0.12934018931938759
0.12928636417376058
0.12927715064128339
0.12926350805806089
0.1292267290092797
0.1292068586019508
0.12918868260478017
0.12918194990267981
0.12915840320826863
0.12913302145609873
0.12911476862623872
0.12895249865821554
0.12895126485078673
0.12889663873483825
0.12884795351012249
0.12883221804180006
0.12871912594297125
0.1286575791696275
0.12862558309841451
0.12862356488707805
0.12855097823324477
0.12847205415543714
0.12846491339280494
0.12841834377930364
0.12838828579918102
0.12836736184973141
0.12836215733492182
0.12825852844217428
0.12825106931807986
0.12824271938523457
0.12821114893797242
0.12814240304083011
0.12807156138199655
0.1280273831440569
0.12801218632523026
0.12790749479272898
0.12787718369520765
0.1278414772329155
0.12773043409000442
0.12768356244893286
0.12763161255027722
0.12755610533213099
0.12754600308706421
0.12745064594502858
0.1274249970173405
0.12739158420213337
0.12738130900517847
0.1272863685017307
0.12725668555092537
0.12724756334117091
0.12721812655909071
0.12710823159327589
0.12710077289793542
0.12709614786566148
0.12706958585403078
0.12705986775936851
0.12703447134260148
0.12696775801682561
0.1269173354894168
0.1269022306987273
0.1268881617279953
0.12687106552687327
0.12686377805004259
0.12678812290092967
0.12676197795362079
0.12671764351799419
0.12664447278836971
0.12664106203364195
0.12664027370354755
0.12652211815504419
0.12650250992246312
0.12648035211049988
0.12647505869312115
0.12645701907012055
0.12644250461800227
0.12643235193998487
0.12642970122855987
0.12634923864956782
0.12632585512712599
0.12615223213794655
0.12609113675206929
0.12599059597705664
0.12594929908883173
0.12592688687758902
0.1258988994595657
0.12585832876222916
0.12577419018149866
0.1257067757296953
0.12569284246823598
0.12565385623902897
0.1256528412999226
0.12562279186250538
0.12558104948038917
0.12557490544038893
0.12557358502903709
0.1255532024939644
0.12541642926147184
0.12521130494254581
0.12521107087109679
0.12517176652952894
0.1251097211683361
0.12500759889480587
0.12474508558294869
0.12471164124617025
0.12470694458582504
0.12470652119055541
0.12465879674801093
0.12460171885478841
0.12459993711953174
0.12458913107300752
0.12452938725463501
0.12448313542088518
0.12441468006152746
0.12439953261616785
0.12437451888079529
0.12431576202625003
0.12427272627757564
0.12424768071533178
0.12418446959308999
0.12412055233019981
0.12407078416240579
0.12403792900713492
0.12400227599989518
0.12381368177395184
0.12379933742202913
0.12375677614271569
0.12375086955763999
0.12372998489271349
0.12372518042233725
0.12371960698378016
0.12363654469698498
0.12357320947023658
0.123552688258388
0.12353232839632221
0.12351435340070166
0.12349007830252902
0.1233076555218356
0.12318521783893639
0.12318047620752812
0.12315552098055203
0.12310183928192089
0.12303821199124337
0.12286380460674895
0.12281781692506269
0.122751972096501
0.12268700339068736
0.12268414201214113
0.12258561670810719
0.12256703691067786
0.12255396637608737
0.1225014166945091
0.12249352103187672
0.12237843251999161
0.12233808457759839
0.12231317606349895
0.12230716254493303
0.1222728639584378
0.12223320711028228
0.12215982410952311
0.12212046453707012
0.12204898840028025
0.12192484948743491
0.1218702911064365
0.1218469181187965
0.12182305262448771
0.12180213254408749
0.12179830443410855
0.1217638638406741
0.121662093311327
0.12155332785967463
0.12154248960894079
0.12151028261205321
0.12147619333236086
0.1214503586846491
0.12144240547717366
0.12137988112430609
0.12137658870346554
0.12136716892920676
0.1213634707487469
0.12135541909887064
0.12134849379851183
0.12134817918490839
0.12123467398000505
0.12122150732767445
0.12116227383172253
0.12113985264877353
0.12112753908034077
0.12112718225250502
0.12104136398604275
0.12099611107620804
0.12094779063005587
0.12091760143498703
0.12090139532863031
0.12086366899642946
0.12085148828158601
0.12070916229103858
0.12070565416177947
0.12070328805939276
0.12068723097558431
0.12065547781616077
0.12065482512515487
0.12065261397385073
0.1206342431953067
0.12054508752196623
0.12053731323896483
0.12051199964753981
0.12037157733662138
0.12035968953421367
0.12035330177995159
0.12026385766596537
0.12018940971714537
0.12005883234189627
0.12002543874522598
0.11991636360347295
0.11986929141650135
0.11980945410803634
0.11977242189152906
0.11975584301966713
0.11973085865403219
0.11972864628664651
0.11972641919843045
0.11971698529557939
0.11966871393220531
0.11966182676991394
0.11959976601195543
0.11959961634175478
0.11954756629710135
0.11953290787659347
0.11951367121522417
0.11946675549813093
0.11940016725979789
0.1193184550539584
0.11930355431105577
0.11927865670545777
0.11922251621105638
0.11919472502024579
0.1189626278386532
0.1188790751929214
0.11885431315503572
0.1188400003079276
0.11881290162033169
0.11876062393010779
0.11872668032895835
0.11871218021479493
0.1187027250215561
0.11869824247472481
0.11863464647298719
0.11863315468681013
0.11851261730313022
0.11850647401247519
0.1184796127104297
0.11844741671163939
0.11839731549585138
0.11837445533536883
0.11833837662638963
0.11822349784522949
0.11818980863506104
0.11814397019039702
0.11811573459781564
0.11808085457903489
0.1180611109233928
0.118046877374135
0.11803271128639674
0.11801633396780557
0.11798175213399874
0.1179722355838469
0.11794928350356042
0.11794896808460101
0.11794118504325544
0.1179207757166877
0.11791266059184571
0.11785049161277122
0.11776018756613049
0.11775698728611909
0.11768181481724178
0.11764412225989601
0.1176376890943665
0.11763117651922662
0.11762861443305381
0.11761164875202652
0.1176029911788493
0.11755562296959
0.11748245385188191
0.11746436924977952
0.11742878364344574
0.1174040931868056
0.11737066662184864
0.11732121615303721
0.11728371560748517
0.11721075013485255
0.11714735557270274
0.11712795633545665
0.11711882175750922
0.11704121616250386
0.11696286961624422
0.1169076859312296
0.116842306589706
0.11683353920604252
0.11676361071797803
0.11675357958137049
0.11674667353129539
0.11673095265621811
0.11669942889178048
0.11667923062874797
0.11667435139758105
0.1166665244064537
0.11660346799909324
0.11656996291826985
0.11652654744394984
0.11647314667244323
0.11639155086311009
0.11636111025510983
0.11635621823846827
0.11634625336692719
0.11633853587091733
0.11633280453556444
0.11629022845498492
0.11624255948451204
0.11623583613748631
0.11618112988564926
0.1159746516519805
0.11592532939606832
0.11589455082642369
0.11585543004669023
0.11585348744014246
0.11579257040801232
0.1156544533827558
0.11563432290617402
0.115594960005998
0.11554637245433057
0.11545423085549304
0.11538027113117839
0.11529200118347974
0.11526585463332512
0.11523659357033905
0.11522510572335024
0.1151547097405381
0.11509963010866937
0.11504706712517054
0.11502126189950157
0.11497518935213678
0.11492785002206944
0.11491376436589842
0.11488705301635355
0.11488587696338716
0.1146216436152795
0.11461018301543585
0.1145298172186468
0.11448359354452003
0.11436866900894932
0.11436698756725509
0.11435659365588403
0.11433676735051598
0.11433036555106858
0.11423825081880844
0.11422412328115625
0.11412700141506103
0.1141079455977793
0.11403606467996556
0.11403600308435272
0.11394912018264754
0.11389937752043665
0.11386526719841697
0.11385164565359525
0.11384451239452421
0.11384417556966224
0.11379398605307545
0.11370465441203105
0.11363925433273779
0.11362256129654889
0.1134986049948405
0.1133964882868246
0.1133677622217161
0.11336381588977863
0.11333392662578717
0.11324356908744002
0.11323513754668625
0.11322546906709575
0.11319585671954646
0.1131317896665197
0.1130539866761941
0.11302363664005857
0.11299140084861192
0.11297693457496888
0.11297308842008467
0.11296552080546923
0.11295056340826864
0.11290010142701933
0.11289142467463073
0.11283498262914173
0.11272826733728045
0.11270961454147557
0.1126199316579384
0.11258272286049024
0.11256085544821411
0.11253087417688049
0.11250642309087003
0.11246621924072329
0.11230584900294713
0.11230212643479834
0.11229821869091829
0.112277123822128
0.11222355543841889
0.11221376937228285
0.11220236886088431
0.11219319355991525
0.11208179632188357
0.1120010132446759
0.11198066955157474
0.11191734756382007
0.11187140997637993
0.11182680149696618
0.11179919773893174
0.11174584964809668
0.11169625616808349
0.11168136950948129
0.11164125508871106
0.11163984269312249
0.11159504777427183
0.11158420620208581
0.11157794605442586
0.11156348367368678
0.11156320342557877
0.11154237830987594
0.11150937654808303
0.11149194707415211
0.11147741280272727
0.11143732864794706
0.11142243772891527
0.11135547640757133
0.11133725724984138
0.11123301586769638
0.11119720044067893
0.11108428438749582
0.11104520892939711
0.11095163559548619
0.11086988544453594
0.11084486950455821
0.11079734564172036
0.11074446152097832
0.11071590357428154
0.11068359124087469
0.11066985738816798
0.11064871019965861
0.11063011181277363
0.11062343994983913
0.11058569024989223
0.11050612313205897
0.11048857212910082
0.11047507468182492
0.11044733409991106
0.11038732060442107
0.1103782018636945
0.1103714213748095
0.11032568181346751
0.11031108860083647
0.11015921087371551
0.11014781700999576
0.11008972527488921
0.1100288079632496
0.11001780515869747
0.1099762327828385
0.10993405336795696
0.10992739582916342
0.10986540434604726
0.10984055103367699
0.10982676560664749
0.1097494206325869
0.10967195093561397
0.10964105617476524
0.1096308969037797
0.10962872839285788
0.10957241112736631
0.10955719982939627
0.10953018744515751
0.10950708950439246
0.10950552576756716
0.10947495656893409
0.10945604840926178
0.10944418397553356
0.1094436650209432
0.1094113501653551
0.10940848203156936
0.10934388028920958
0.10933833731688515
0.10931749358802831
0.10927607041260923
0.1092572781788517
0.10917216103917364
0.10912249863811464
0.10911874900403626
0.10907450428688355
0.10906161517830866
0.10905621058244895
0.10905192255898841
0.10898866587171634
0.10894930225964362
0.10893960464374032
0.10890973345237719
0.10886657407063868
0.10881308007856372
0.10879706517711131
0.10877888303094951
0.10874261530042745
0.10870416178654632
0.10869264771449652
0.10859985157738422
0.10853540871670228
0.10851816233130203
0.10851469960331495
0.10850385713362766
0.10849004215840288
0.10844451804360213
0.10825487748845501
0.10822867393212635
0.10817689556890119
0.10812020440903516
0.10812019723563406
0.10801137562822095
0.10799228629739628
0.10799204029673666
0.10786559268669044
0.10783211771788895
0.1078004803970669
0.10778559845946081
0.10777323011759676
0.10774162841217079
0.10770624556088559
0.10768620324946503
0.10761634907250751
0.10761405422413144
0.10760352700483453
0.10755710904978556
0.10754956917939654
0.10752920816449628
0.10747094397471461
0.10742307530422918
0.10739195510246287
0.10739029059011636
0.10735687303145916
0.10734754038454786
0.1073283504900216
0.10730520084597511
0.10727482775802248
0.10724790154709103
0.10724163120349234
0.10722119732394232
0.10721779507514859
0.10721159368750569
0.10719071591286997
0.10713007693057747
0.10712721551451604
0.10697520664165622
0.10681791808398233
0.10670009948763812
0.10668493161383773
0.10658398347686547
0.10657576890174311
0.10657068691315215
0.10652767346621503
0.10651881260863159
0.10651726254218152
0.10647233614943941
0.10646302478480738
0.1064380402611616
0.10641533170353482
0.10639330209294424
0.10638557754297628
0.10636597445495567
0.10628632207375105
0.10626747255346791
0.1062236930264036
0.10621358175075744
0.1061944455044605
0.10619195964804211
0.10618488865062722
0.1061687827078413
0.10604474656737672
0.10604126433487523
0.10603175816488992
0.10597335680923002
0.10594241069963212
0.10592824477910744
0.10591945449171167
0.10591142251703778
0.10589966863502469
0.10589162682928573
0.10588589094256264
0.1058466692054004
0.10582271317405385
0.10577358611507824
0.10576099981143484
0.10574943227680424
0.10573937390754921
0.10566229564199127
0.10564102191355884
0.10563979948883327
0.10562503435008135
0.10557736701332804
0.10556191654731513
0.10547377027455983
0.10544928882615177
0.10544271063820167
0.105401985061189
0.10538811130731911
0.10538067329364088
0.10534188997486385
0.10533015104723138
0.10531487452522142
0.10531179272022187
0.10530021899196136
0.1052904094131828
0.10528863115777545
0.1052871647530364
0.10528436747246635
0.10528326835793617
0.10526424091029604
0.10524351222381646
0.10523396376032645
0.10520291016767144
0.10519606937075386
0.10519382002536438
0.10516292442374359
0.10514205240039894
0.10512554710209313
0.10512310957394989
0.10507743512174544
0.10504445399612658
0.10502997693237875
0.10497031889416669
0.10491746841375087
0.10475450209956287
0.1047023375423979
0.10468261129458949
0.10468156227244631
0.10459873847985973
0.10455935990192067
0.10454272330432081
0.10450867160076617
0.10445898556061134
0.10445712443837055
0.10444986384448814
0.10433759818415729
0.10433429818183995
0.10428819199827566
0.10419152155357513
0.10417591033725494
0.10417141790786393
0.10416627862586518
0.10414567608076593
0.10407115028131986
0.10404376009495452
0.10403771306015291
0.1040020821123351
0.10396301102396167
0.10394248294214434
0.10391714266718849
0.10384379667766472
0.10371385952333649
0.10370793893861949
0.103668661906248
0.10366181862662453
0.10366151470929166
0.10365706321593569
0.10364652788910099
0.10360467608537581
0.10352538742598928
0.10352256680878989
0.10352246582312877
0.10340959239851537
0.10338845979318993
0.10336158005326739
0.10335800060575286
0.10333666570941855
0.10333210144355598
0.10332469818643386
0.10320722708563734
0.10319270100453612
0.10318196867525599
0.10315018599410836
0.10312775460050552
0.10309789222417255
0.10306843325740339
0.10299979547803742
0.10299905162546
0.10298757295074831
0.10298309938684269
0.10294053871372386
0.10288242495883107
0.10285903569388254
0.10284213115420335
0.10280733239500002
0.1028025258480343
0.10273819788306658
0.10270307087199371
0.10267674521260388
0.10266767902549084
0.10260735192409355
0.10255501496363927
0.10255217030100257
0.10252232605003229
0.10252137338771809
0.10250184344781076
0.10244863314002109
0.10244697988009718
0.10244489415408771
0.10244487888182907
0.10239464141338546
0.10238181264397396
0.1023415877588857
0.10226260732942798
0.1022563900751528
0.10224867258472427
0.10224818105413758
0.1022444131804613
0.10224095793168524
0.10222908529655197
0.10218573960852989
0.10211517638479445
0.102084828320574
0.10208226074258481
0.102028519667188
0.10199773082763156
0.1019713783240031
0.1018531049840331
0.10179856274631742
0.10179328072662303
0.1017923730622185
0.10178271470669516
0.1017467830375198
0.10170650075170933
0.10164843189268319
0.10159838071415028
0.10158815095498988
0.10158444461269558
0.10158229831519031
0.1015192521116227
0.10149677793731042
0.10129382056832863
0.10128054881414683
0.10121777609797417
0.10121764692004456
0.10116232604018233
0.10112157005314605
0.1011190124161724
0.10108027893480412
0.10107562672546212
0.10094439583647918
0.10090735668216694
0.1008737842019147
0.10087230991345326
0.1007460593030393
0.10073047996019166
0.10072954609536781
0.10072610206620754
0.10072363668781242
0.10072225768917169
0.10070368166979173
0.10066744131739637
0.10062729281275393
0.10053698739047005
0.10052921275637428
0.10047588251924264
0.10046919883775386
0.10044121776744351
0.10032492904868488
0.10031061531356568
0.10026840547625268
0.100267374931803
0.1002526819318241
0.10024990317246925
0.1002398672506101
0.10023755066846667
0.10012889984141267
0.10012162194623073
0.10009270806893504
0.10007671144115621
0.10006123776747924
0.1000496084907853
0.10004921951290469
0.10002042066906219
0.10001453089665713
0.099903804432254883
0.099886306246093931
0.099884182815698996
0.099873993225650007
0.099855614628871325
0.099845943656574662
0.099813929584915168
0.099808506376549241
0.099772166104411544
0.099733199390647037
0.099724967645338267
0.099688283734456581
0.099639939268853506
0.099625029390911612
0.099554966300800199
0.099510491871129189
0.099506842318313887
0.099471196713938476
0.099413173915597439
0.099394350946066204
0.099359310848859989
0.099321105704595361
0.099320830603535359
0.099308531250239349
0.099295051260438236
0.099252739177268207
0.099232992783642643
0.09921534656739725
0.099192471869839996
0.099161168667333738
0.099157057838157578
0.099103209328297262
0.099093655392446633
0.099069917420400125
0.099061542494137095
0.099024587766331176
0.099014786496542204
0.098994478941979977
0.098958363475099731
0.098865359858387597
0.098838642148433797
0.09878000984450859
0.098769534945862533
0.098753018560034753
0.098725534673482301
0.09870872935980568
0.098707130792367093
0.098706200518488649
0.098649121834783041
0.098562660542603556
0.098558831338098021
0.098557509315105041
0.098530973554563361
0.098492835796287828
0.098468120970506307
0.098440356160627657
0.098423974051721486
0.0983325966687284
0.098329754008786949
0.098308406738798107
0.098303136598657345
0.098266867952119266
0.09822783628686424
0.098204825833539192
0.098190180287063958
0.098188679621718053
0.098113696049716773
0.098112712085715537
0.098087952946176685
0.098028772978802928
0.09799280856766833
0.097941263875874596
0.097922339478282577
0.09792075291623159
0.097872883557181684
0.097859300867270821
0.097773463088999618
0.097766083887320013
0.097756071968779709
0.097735384859345603
0.09770938806174588
0.097703363622418576
0.097683715847996039
0.097677983379864317
0.097669511908672235
0.097660177633267217
0.097651921694009589
0.097609509299329739
0.097528904297663546
0.097520935463191127
0.097507223453104558
0.097463238503174621
0.097452459639254918
0.097424858386622737
0.097360039583070684
0.09728786457977727
0.097287359585717187
0.097209032288983088
0.097196841308958545
0.097184701703099993
0.097151305457516435
0.097145691019296876
0.097134781691029973
0.097115259537198309
0.097089105455269775
0.097053818874593467
0.097030008297534456
0.096972826173067489
0.096937575667102746
0.096930664167050276
0.096889901072070045
0.096885041632053512
0.096870107440594655
0.096814824996448279
0.09673884803162433
0.096695864988560656
0.096681070504706035
0.096647050262630346
0.096580828952800638
0.096550938325278904
0.096535192133819198
0.096534681388974433
0.096510470187704797
0.096505917770260338
0.096491898087539163
0.096469856747374613
0.096455604914929272
0.096432126391790468
0.096404594457848644
0.096371980918981373
0.096324090655245581
0.096261029285196115
0.096228903819128853
0.096222886567697161
0.096208344880727298
0.096203437713896459
0.096145287949542829
0.096105306516766742
0.096009767085239145
0.095980507950301344
0.095964909008030508
0.095867825731860534
0.095854330639114638
0.095816724862870739
0.09578634446850301
0.095756995388371596
0.095738116957046718
0.095733606021933301
0.095729263691923361
0.095723986807579722
0.095699551314407313
0.0956762977577615
0.095663649708876031
0.095640912776489409
0.095606138511389396
0.095582996150711086
0.095579976033738301
0.095551141477037513
0.095523546732481937
0.09546565348371687
0.095431543032248212
0.095402255968890529
0.095400667444452122
0.095386236489128029
0.095379859548091084
0.095376757148305888
0.095372264598108047
0.095348939871515215
0.095331686869395568
0.095306169042155719
0.095292505272805819
0.095256085611248251
0.09523924429634735
0.09518106117127835
0.095173456115561619
0.095167760131353377
0.095165540147180303
0.095145758495443142
0.095137978927659267
0.095025884199228111
0.094994685141877741
0.094960134256422579
0.094954643671738309
0.094952062170038584
0.094926960190636664
0.094925079211943
0.094898147013050022
0.094874703344406897
0.094855527846636437
0.094789875724287737
0.094785496494998636
0.094734783906649994
0.094694301492372901
0.094673199612967426
0.094621089905179562
0.094614251702966168
0.094608179281758992
0.094531988437607073
0.094531909102929634
0.094516939397070829
0.094497132400166745
0.094408523239096875
0.094395425859798529
0.094365378320441257
0.094364856439085223
0.09434768877285532
0.094292648336803647
0.094266443558135057
0.094256211570301215
0.094043679573824368
0.094010169529793228
0.093944026786833987
0.093884594151463385
0.09386918505615717
0.09386401569045616
0.09386141671209948
0.093826659641916249
0.093825826592421668
0.093821976245859806
0.093810419216669563
0.093776983258269192
0.09377180499283827
0.093768042166698318
0.093761419159190701
0.093755503940331109
0.093740355482430399
0.093737692683429241
0.093729914168630385
0.093728995684209254
0.093683027178716835
0.093679154118683466
0.093653649102435246
0.093621208986639698
0.093603226539830706
0.093582352174553102
0.093559032224465918
0.093534748598242901
0.093434864358489189
0.09339665952499962
0.093388621065480279
0.093348455521201579
0.093345966353405294
0.09327988198100165
0.093260146100985722
0.093238219785346216
0.093211452090586455
0.093198924628140389
0.093189701217188808
0.093179050995791449
0.093166121751082395
0.093159948994443714
0.093156338420533683
0.093149751350605409
0.093135841283988677
0.09307492396965765
0.093038221244185856
0.093035396558859035
0.093032835852939963
0.093025582218356412
0.093004721816735719
0.092994165371559592
0.092993706027603859
0.092929926039968636
0.09287407376706143
0.092869498375672876
0.09285911971002124
0.092855899018965168
0.092811471622128244
0.092792513896631013
0.092774376964031388
0.092769352455624496
0.09270785554883168
0.092634971778636555
0.092618434973627872
0.092593760268743386
0.092589428045808345
0.092584124094216763
0.0925771217071365
0.092543009285207575
0.092504114905861468
0.092491436406871505
0.092446438076954005
0.092416589949686032
0.092376394531209202
0.09231087701316093
0.092279638390373703
0.09225288862924988
0.092237333913902708
0.092196347323108871
0.092192924815171912
0.092160483937565013
0.092152117149748303
0.092149555016412379
0.092091057205078514
0.092083418003824344
0.092079409128874662
0.09207710874924474
0.092027812262293812
0.092026789332962725
0.091958095592026778
0.091952290857787805
0.091949668239147062
0.091948302465004475
0.091920705204779213
0.091915172857354427
0.091896867678374031
0.091866451773724586
0.091862049441112467
0.091857580190207261
0.091805154009642634
0.091784071113806459
0.091773334730074818
0.091760060351874853
0.09165009688139257
0.091625853340891059
0.091572358400059201
0.091567108618921367
0.091475949255653874
0.091456290505404575
0.091447935029155436
0.091443639085660486
0.091423150808054437
0.091421278239590675
0.091381722401711926
0.091336207652217491
0.091306034190946989
0.091299410335374989
0.091279566793039252
0.091217344665981193
0.091128632443987306
0.091124918242037292
0.091118914509762755
0.091075103984498459
0.091066929253123444
0.0910333615819722
0.090956187736583566
0.090947079486239091
0.090931424558433435
0.090901100537574178
0.090888098338024595
0.090880362244711466
0.090859414079334774
0.090778731653412909
0.09076223883061367
0.090760114853309426
0.090680635814998356
0.090657652828496957
0.090650183633916942
0.090575071432098531
0.090498426098145388
0.090489136630456268
0.090487288591434761
0.090481631411191157
0.090458602071797983
0.090443609127753025
0.090416387098250839
0.090385951872497969
0.090340695467966511
0.090332965454843608
0.090321767502562295
0.090293775608380963
0.09024484161375497
0.090193891632168205
0.09018309041890156
0.090163462162315924
0.090135789730722629
0.090125324524975792
0.090105513612599872
0.090099424710732984
0.090059561834716903
0.090028301829029878
0.089999121879463975
0.089985932230557231
0.089941213193559161
0.089889957129493894
0.089844281775550566
0.089795900932056624
0.089795419766158791
0.089793648422354988
0.08978995405284719
0.089744298340834763
0.089704447254573175
0.089700109065937284
0.089694036747477501
0.089692515724203781
0.089666072619880605
0.089651328388357751
0.089641559271159313
0.089555605266966889
0.089520253441122105
0.089502432390873424
0.089488241647516245
0.089449463142329322
0.089445792526857526
0.089429990607849064
0.089384577896254189
0.089380384124481738
0.089357518980842043
0.089327406842553941
0.089294271309287188
0.089266914807290751
0.089239620196758379
0.08922731460660395
0.089205062487794196
0.089198370601819441
0.089177288413696668
0.089034730627819275
0.089031761183024125
0.089017802371514201
0.088983111994685671
0.088938478627840004
0.088863094178507393
0.088851427582502557
0.088841727707372753
0.088817469668034069
0.08879349959426043
0.088764351053237031
0.088755620029072266
0.088751295242690681
0.088717888868641986
0.088583585353707875
0.088580607483382742
0.088563113673500324
0.088518805662364683
0.088483686129490216
0.088472426144624097
0.088437376360055081
0.088432241274492257
0.088424913553030615
0.088403815471785233
0.088388103018349179
0.088333373265987489
0.08828809207995035
0.088267809869137778
0.088258873787300282
0.088179447495001548
0.088123873902699171
0.088071624883772612
0.088068945057581879
0.08806081116601755
0.08805868808302611
0.087975310586680303
0.08797361556420337
0.087934452913713698
0.087927691743534889
0.087918469513109665
0.087916409547101421
0.087903455158265156
0.087878787324071672
0.087864540790710419
0.087855699664679168
0.087850865037639739
0.087834783066405367
0.087829332962328102
0.087807287232698414
0.087806697616375773
0.087788840684499131
0.087786412975152592
0.087756872690777199
0.087748379819781716
0.087717768149878209
0.087608918084254361
0.087590403547290752
0.087511120154822222
0.08749374461810927
0.08749174939956969
0.087489233385154921
0.087455236703119762
0.087451518135565037
0.08742376579360249
0.087420486516305906
0.08740539975036489
0.087377241170269279
0.08735113109112487
0.087326665769093148
0.087300492379224034
0.08728373604347324
0.087235968208641726
0.087146100619641273
0.087146076255336463
0.087088230688103827
0.087007375688872082
0.086998962268212965
0.086976680994245978
0.086974792895129813
0.086938820224861851
0.08693827234738262
0.086916095539535235
0.086898641980863375
0.086891983657204103
0.086864800267456216
0.086850699064223394
0.086840422711914722
0.086831325673130275
0.086814660774201302
0.086774036004111502
0.086773985831711545
0.086772690625581919
0.086772670969532381
0.086739014946452739
0.086733635560717004
0.086729190509545875
0.086688768120374654
0.086634614941422744
0.086605015399469409
0.086572200220960183
0.086564512427865545
0.086556865343811157
0.086517948327553953
0.086462284813792034
0.0864567777445438
0.086422100317917347
0.086411461568281264
0.086393876985956172
0.086386344306245241
0.086384742630468248
0.086334101319712156
0.086271915239233929
0.086269067829040022
0.086249157545031568
0.086212614543776239
0.086201455347418895
0.086169811847571748
0.08614876556873223
0.086055015035414156
0.086033220454233755
0.085900936987076265
0.085892464410565278
0.085845346769980457
0.085830044992122476
0.08582204292524194
0.085811176681018578
0.08580807888600607
0.085803350472719267
0.085793858356280381
0.085789870884363462
0.085756109044400342
0.085710495898984565
0.085706266194255865
0.085703798143899224
0.085680104381946523
0.085653916394480292
0.085641627897929729
0.085640890189871824
0.085613518938255542
0.085599914129823124
0.085595933533370069
0.085559031277777059
0.085497899127937663
0.085462712207352451
0.085445469716200789
0.085393510717261228
0.085266944636705311
0.085256983591331548
0.085233268353028219
0.085194598143658082
0.085173881608882673
0.0851570110667733
0.085152385501360325
0.085148674639575636
0.085072817786444849
0.085067956870034919
0.085025631426452447
0.084985139445509644
0.084982422645225639
0.084972058683322749
0.08493147927143184
0.084929995018505469
0.084927331801813041
0.084906345901831978
0.08490574059994685
0.084882653457066068
0.084878259545972431
0.084752433446440081
0.084752320750525717
0.084751944767708115
0.084727642188876184
0.084701713556201486
0.084701197848762178
0.084696192391669603
0.084677376342126034
0.08464961553025406
0.084639944332741565
0.0845529505823258
0.084549077022065364
0.084484691289748101
0.084475215663581335
0.084436406276954784
0.084410829019324757
0.084402537615983694
0.084402180110256839
0.084349676223983913
0.084337258609301594
0.084333457697045894
0.084318451927090574
0.084292914254326667
0.084275090545771023
0.084270116032470976
0.084236610073353133
0.084142380418927298
0.08410983234519584
0.084079441419300349
0.084068652104189304
0.084055921945744766
0.084029587802370589
0.08401577321154817
0.08398347945415871
0.083976710408378064
0.083885567593383392
0.083878599596770118
0.083868146281346825
0.083842578327992218
0.083828255352168618
0.083819402109088961
0.083809893007814745
0.083804743028935827
0.08379191544183294
0.083749755059011222
0.083746122593113745
0.083738422928623199
0.08369054807665291
0.083669774944162376
0.083630967459344618
0.083586807294909998
0.083571770755572372
0.083552569413632566
0.083547109513440312
0.083538885983646685
0.083508083966953833
0.0835028243358827
0.083488853571269908
0.083423029062804563
0.083368805908651256
0.083363838331618562
0.083349299391190665
0.083338165930056815
0.083335231298354323
0.083293712593662625
0.083288006188135116
0.083279518795934981
0.083275520125885336
0.08325524516699595
0.083169870032633875
0.083126978973699917
0.083106514770623086
0.083092407869357343
0.083080673211327713
0.08307615478324111
0.083040340885747674
0.083035006664649982
0.082892859561467414
0.08288333085412021
0.082877053399288303
0.082870094814401107
0.082838533455171545
0.08280727212825173
0.08276755944893556
0.082761189370696819
0.082691973580317199
0.08265316744768858
0.082612873461785086
0.082611674299579815
0.082598859372206734
0.082591156277381381
0.0825614864578436
0.082553722600945512
0.082541701580000196
0.082526786118713266
0.082508628585782395
0.082504836874113169
0.082472796612804572
0.082442053289717807
0.082441049459159296
0.082393837299508513
0.082319031740581916
0.082208736011355324
0.082167778331167327
0.082152913819960288
0.082132854317997994
0.082111818027753553
0.082103942095348645
0.082089182814539516
0.082086047081868924
0.08205137222311773
0.08201040322048618
0.082004284439441494
0.081948814163019884
0.081936792551182483
0.081917616944907623
0.081904480796478732
0.081899730660351569
0.081882262079295443
0.081836564443389256
0.081789536624724962
0.081765461571862624
0.081707567498329331
0.081689869960517456
0.081675739451504262
0.081648204103843949
0.081647698165687288
0.081632778859483751
0.081622681252705886
0.081558600526293337
0.081494425363309572
0.081486872494895016
0.081477786872527144
0.081473809935677738
0.081466832904788955
0.08146495811509942
0.081461976727817575
0.081439657968495907
0.081433657397470438
0.081364284719047275
0.081349948538679245
0.08134127677137111
0.081336704691846243
0.081292845776411216
0.081288758911774367
0.081264576693387977
0.081221937232154595
0.08120815142384212
0.081199749899770676
0.081170540280559422
0.08115179738072871
0.081150448165109065
0.081146956234606521
0.081079991947640817
0.081047515254244112
0.081045425638748433
0.081033025295922795
0.081029349666142808
0.08100507424622401
0.0809944573396333
0.080980506250905679
0.080970578904676987
0.080960641624340995
0.080929743471710419
0.080903188135359377
0.080900972968397308
0.08088265680013082
0.080857619457894381
0.080828047602806333
0.080810000327366655
0.08073907998469218
0.080713320816687487
0.080710759870913182
0.080685958229518809
0.080638829612905014
0.080638585369554774
0.080578484215253474
0.08054615213069706
0.080532788858583074
0.080528154339448654
0.080504940736915109
0.080472908549402991
0.080471395372196289
0.080470135042678678
0.080405601845747465
0.080405554830865977
0.080402927621312584
0.080400812105200573
0.080354223547074582
0.080321840181009782
0.080301142092839686
0.080292560124830603
0.080292448311453143
0.080264593978096085
0.080247237008143041
0.080214874679675877
0.080131795269482456
0.08012880967089045
0.080119192525453284
0.080107147591498784
0.080097426608685296
0.080092108327853587
0.080083838221971446
0.080072714484426197
0.08006697928162837
0.079951750121858761
0.079946124594518983
0.079937911506186704
0.079921226458915598
0.079911791981239141
0.079825255559368313
0.079824231161590833
0.079803078872844629
0.079757613673044389
0.079740587990809422
0.079732241137328172
0.079682611374924578
0.079658799805002137
0.079631201209313787
0.079621732763986361
0.079613225328692139
0.079596279525901203
0.07959586034743428
0.079557799460437173
0.07955112028046217
0.079534965382747611
0.079496451707484234
0.079476884985343763
0.079449487306582023
0.079440941333360909
0.079440701787943893
0.079431940726514064
0.079427031083335722
0.079424729930680768
0.079423174608822242
0.079417224601474809
0.079416016510062207
0.079409937694364108
0.079388946498684596
0.079359957701034045
0.079353074665608953
0.079349706879664805
0.079349228809538319
0.079330948050858177
0.079303375821963548
0.079298441471529063
0.07924772744785491
0.079243686301497904
0.079243113485194763
0.079173175399001872
0.079154961660368742
0.079145310709723957
0.079122837352625083
0.079113047300470141
0.079062042855054679
0.079056100310972072
0.079045977045465884
0.079040585943300892
0.079035607020653459
0.079026856745165727
0.078964044536152703
0.078939288630948234
0.078926330237021058
0.078916285529702451
0.078914347254594425
0.078897469511755233
0.078879729762516268
0.078849360152519005
0.078836302530449237
0.078830231112888005
0.078829679432362493
0.078819323478282632
0.078805837464165737
0.078754696645372643
0.07874020999374623
0.078725264050265531
0.078653308753843257
0.078602221166796715
0.078599234871926854
0.078552594639902121
0.078515948942238317
0.078512196075730317
0.078465534844354701
0.078462900946475428
0.078462171926407032
0.078457657449884602
0.078452676472084551
0.078451904951277046
0.078451661384043886
0.078428966273056275
0.078386491243473133
0.078360343208484812
0.078353426371930934
0.078335619402054649
0.078333361992889983
0.078332164327128209
0.078330742729739333
0.078293954505099836
0.078279329280134383
0.078272699838687038
0.078270895256271553
0.078269279367573052
0.078268811645212044
0.078264379600319497
0.078263619699430534
0.078245410575590132
0.078234847569073174
0.078167849486577304
0.078166650810841634
0.07812881559739214
0.078126179356249839
0.078100601742888118
0.078086975845272022
0.078048105796394027
0.078040072099687316
0.078035863080176876
0.078012525780521744
0.078008399081768251
0.078004944458237982
0.078001323444379767
0.077982866457219538
0.077979547919489939
0.077979218688769142
0.077932887190062666
0.077925994871179571
0.077925720763818873
0.077876153805609596
0.077866195259371218
0.077822013544964166
0.077807652628177487
0.077755790613949438
0.077738791397114593
0.077732640293779007
0.077686346116089447
0.077669070197079665
0.077652166033425146
0.077643067679569855
0.077632992356350322
0.077631405535948883
0.077623354986729676
0.07762316703257402
0.077597866685166203
0.077572868057933564
0.07756290557111363
0.077550059519309197
0.077540356500374649
0.077525849444950848
0.077523753314884494
0.077478295056752564
0.077471666451017954
0.077470858136972146
0.077470398984962718
0.077441210445706926
0.077432608685365667
0.077394707945389912
0.077369305317150028
0.07734678852131055
0.077338632104573909
0.077308472398590761
0.077293652207356289
0.077277654403919538
0.077270253579964407
0.0772632032478031
0.077240968185509309
0.07722763096640009
0.07722697660237117
0.077199757139522082
0.077186271965420716
0.077166930718942386
0.077159839814637338
0.077152817123690765
0.077134956862434212
0.077125594883782997
0.077116989767269911
0.077099821126426119
0.077081537493944086
0.077032246673300137
0.077022936427232458
0.077001175422582474
0.07697562674906476
0.076967197462013678
0.076950939324499798
0.076949312772644704
0.076947549635457885
0.076942828294685711
0.076912372482761712
0.076879800608847068
0.076860487248972306
0.076851342307980908
0.076847049979833729
0.076790334483161513
0.076776221967544467
0.076757058736271644
0.076752730773865366
0.076746466497943103
0.076728318548620222
0.07671608495028652
0.076695756425856132
0.076686434476668883
0.076680045569339661
0.076672047758009676
0.076633752418002923
0.076560874594991002
0.076546329364542073
0.076543661443251726
0.076526501128053051
0.076507238034824579
0.076482090276615622
0.076468952482824898
0.076458456332243574
0.076441386057972252
0.076413856605749148
0.076403458289943937
0.076392003500497893
0.076369062548773542
0.076362112701759161
0.076341755276430029
0.076325737803352389
0.076320049765977907
0.076314974488414775
0.076276105844677644
0.076215174399760777
0.076201828022751286
0.076196055350755146
0.07616916231209736
0.076129027595212811
0.076122439379631673
0.076110578732458328
0.076090025082653598
0.076081490175013339
0.076019848141815657
0.076012898916090116
0.075965656835189702
0.075916159633485872
0.075912899340444845
0.075889058467288842
0.07585387731951139
0.075797226564497416
0.075787965954666192
0.075696994450351954
0.075649957478328922
0.07564192788112295
0.075623523592555975
0.075621527551601633
0.075604075912459018
0.075560003597612127
0.075558505641404747
0.075544121077575965
0.075512437415904188
0.075506683257875087
0.075439910312067246
0.07543918188879406
0.075438975533526062
0.075428452260345238
0.075409477996629004
0.075391153767065761
0.075385196186800452
0.075384455304449205
0.075361032195920039
0.075328904087759954
0.075321188256936553
0.075304141185529014
0.075277720660328701
0.075269803898111845
0.075262698859477839
0.07524251326130954
0.075222144952593481
0.075195837629580181
0.075140063902737891
0.075138268961100013
0.075131857229015789
0.075121924804523066
0.075100051985048918
0.075097410776780213
0.075076869760139109
0.075076344963575181
0.075054280699396722
0.075052985473181871
0.075048779683454317
0.075041711561045624
0.075010457813072043
0.074998097876497319
0.074956448444049847
0.074951486873597831
0.074948859988902078
0.074943331911839217
0.074938880244931977
0.074885324442471549
0.074878929567267299
0.074857931209350012
0.074808889238682799
0.074789706847614101
0.074782227461637943
0.074776380384442009
0.074741936236920617
0.074721140415216519
0.074717938311770565
0.074684552272788418
0.074682574101747626
0.07466365651995413
0.074659267961740813
0.074657604274686401
0.074618858260755733
0.074591013582003221
0.074587617527719766
0.074549970292765055
0.074543773172757608
0.074540917245911192
0.074501187908184316
0.07449972068924969
0.074487571266705396
0.07446591384598393
0.074409844237334669
0.074384624985798634
0.074380096510881233
0.074373328631373442
0.07436660823089386
0.0743655105359802
0.074352044319326127
0.074348624846223441
0.074338283310616038
0.074316576103215473
0.074313958532710708
0.074272785293282642
0.074265200468518658
0.074259344356925008
0.074212222415561288
0.074195074298372396
0.074162340779800759
0.074160590478979105
0.074112203748333175
0.074108759955834422
0.074080818322582731
0.074052918255182495
0.074049491889137162
0.074014704470908396
0.074013550879019049
0.074003406820731255
0.073993342109255705
0.073902057607874078
0.073900894068451392
0.073877832262601112
0.073874781692330402
0.073867777856678765
0.073806347076798159
0.073806007620818251
0.073789693735495862
0.073767191298094073
0.073706554721432449
0.073674001268672837
0.073655365073113835
0.07364587360774949
0.073626877904538923
0.073626033751266903
0.073611526444266398
0.073603935302445994
0.073578598439158732
0.073565563870951173
0.073537952990429784
0.073518702742907449
0.073517929177001701
0.073512886016759454
0.073496676669271649
0.073494067142474931
0.073473957787791283
0.073472337012337963
0.073442542352358101
0.073436314944012912
0.073433990128591975
0.073392552337918138
0.07337138299668694
0.073340961197853036
0.073329012565541363
0.073319244018728677
0.073316777621549825
0.073312501728992119
0.073266331700137188
0.073192571846228793
0.07310777572542225
0.073107301809328715
0.073096184414821727
0.073085109982190047
0.073077660073957343
0.073070104183776213
0.073050927907197707
0.073037803829993087
0.073021086601471774
0.073021052024770605
0.073017469362017057
0.072994251538326574
0.072987329565278466
0.072983678112636202
0.072976736910108753
0.072968380025391882
0.07296474989426037
0.072922795666527082
0.072891007376958528
0.072852946214764874
0.072847540500627875
0.072836589706321536
0.072810422978018208
0.072738140623089448
0.072725818315744054
0.072724555854924405
0.072711112361016836
0.072613184653392768
0.072604490550382414
0.072580219981729949
0.072568475191583895
0.072554847991871604
0.072543026095580013
0.072537472404540615
0.072530213711223507
0.07245371422286416
0.072445995519061834
0.072422958297609752
0.072416780060362507
0.072408045524658543
0.072407650611367155
0.07234665103791503
0.072321206621962786
0.072313846762358705
0.07228454040625297
0.072265740881328797
0.072181608573060871
0.072176050510444581
0.072174859999727212
0.072159967247065027
0.072139145124172979
0.072091073924726801
0.072076446593456231
0.072071498731650543
0.072028251474739693
0.07202419095561563
0.072019744918344619
0.072001229263971775
0.071994414361303105
0.071988139464538844
0.071982324301414546
0.07197910569769507
0.0719597898907402
0.071956940869015107
0.071934236372244498
0.071919444635413707
0.071891853309086276
0.071891800957823868
0.071883568160627118
0.071882305951403255
0.071882014248721163
0.071832144277540588
0.071818267804408642
0.071783348506214539
0.07177555330803391
0.071761767169065682
0.071751260971730318
0.071737876691478381
0.071734377315238559
0.07173418466767062
0.071689999752653208
0.0716857445632922
0.071678736484189265
0.071677147881712255
0.071670581571623274
0.071657182352049598
0.07163689191275302
0.071619148012113817
0.071615440574813921
0.071605515483406254
0.071568038993880451
0.071545279355363714
0.07152302017638873
0.071520672710268254
0.071519807248866932
0.071518164292737177
0.071490045981347727
0.071471917216958822
0.071456200487919036
0.071450223432920262
0.071450074733444766
0.071440981167761972
0.071435589704883548
0.071402528675930346
0.071381880033476841
0.071376837098946808
0.071362068430296674
0.07135468355334923
0.071341215684443959
0.071337035864298293
0.071336058837749183
0.071320453194363378
0.071314380150749701
0.071306879485210695
0.071260999478507794
0.071258592770278989
0.07122916355162949
0.071220953588023134
0.071195192929446899
0.071184817728371846
0.071172353124874521
0.071169486190755041
0.071079649823964711
0.071077608649143087
0.071071876060190359
0.071049400139214958
0.071024917267735785
0.071018883675932509
0.07101187364204592
0.071004113049400186
0.070996442362853032
0.070993566128462887
0.070968698906498248
0.070960755672270323
0.070935646393121346
0.070924915926540474
0.070923280140996428
0.070853365988256936
0.070846700993749012
0.070829133110871467
0.070827552631424248
0.070806549544337113
0.070743864768668063
0.070707033882615816
0.070662688705222201
0.070634103841491561
0.070629332082670568
0.070599877440227971
0.070592355444235769
0.07059083631802382
0.070571420216896899
0.07054955370349171
0.070539713213871563
0.070519257419808801
0.070512548052746732
0.070507870600771821
0.070486726302188385
0.070474096249552032
0.07047228656659292
0.070456249237897381
0.07045022437594102
0.07044916093827204
0.070406503969095813
0.070394252603881935
0.070372294888271958
0.07030639172108985
0.070301966260391521
0.070263603799719312
0.07024457824951709
0.070241770377563587
0.070229601780183892
0.070226105929722948
0.070217289538604927
0.07020094547127477
0.070195598076795929
0.070191022206401429
0.070178536119681625
0.070171987725963808
0.070147357251376871
0.070131011340461263
0.070126740867176379
0.070123117442410288
0.070088738229808573
0.070045927660781479
0.070024521793462607
0.070013637166904702
0.070010903268778804
0.069965611106363637
0.06996127599993443
0.0699440271706811
0.069922073233807641
0.069919205998944828
0.069908313504949721
0.069850554897206082
0.069835650250079734
0.069816517407444864
0.06981300506675997
0.069775164885664723
0.069771344664587356
0.069767214474781902
0.069736988524251489
0.069701672712681947
0.069693464052731899
0.069690491863755602
0.069687987384794051
0.069682284758419144
0.06966280331204712
0.069660996989324889
0.069656317069892101
0.069647183520544997
0.069616761772928165
0.069614538001600806
0.06949484555001699
0.069487803883506477
0.069484267553839962
0.069449559065329639
0.069419042245047052
0.069416955032774064
0.069415305411254569
0.069410868562694544
0.069392388593387533
0.069389682098358885
0.069373309394283253
0.069352507321148574
0.069323771966491421
0.069315990126080418
0.069303445855666723
0.069303377712500364
0.069303233934431954
0.069296349317424275
0.069282063281144987
0.069279043335142523
0.069257045915617307
0.069249399084855598
0.069238635811029667
0.0692226299088015
0.069221778488546035
0.069198519043938339
0.069143670741213428
0.069102849104513447
0.068996498467586598
0.068993118870833967
0.068987098616580048
0.068979375135573687
0.068964765345782927
0.068949617667202825
0.068943906995259541
0.068927612384673029
0.068867629038334252
0.068862784480570705
0.068850626117018116
0.068847056468279363
0.068839408947944922
0.068819544664030299
0.068816921479870036
0.068813798272387816
0.068808536521550195
0.068794107321010656
0.068793646677145687
0.068791531583245802
0.068771050016292495
0.068706333331316052
0.068703268539104675
0.068690202457401636
0.068678183670246432
0.068676153713039451
0.068673417081698718
0.068663490881188616
0.068650392010398728
0.068637348155461575
0.068633876173938069
0.068612088366396928
0.068609860212600376
0.068609469077734311
0.068607385061349488
0.068593178484029266
0.068575271872766672
0.068573947304278751
0.068561781798893592
0.068524206250556066
0.068522575357358589
0.068485834637851906
0.068476795039914773
0.068471829478445212
0.068461556859820125
0.068461076083326466
0.068442291417298698
0.068416301244699274
0.068408925645998181
0.068398923051583127
0.06839688282601343
0.068342697852175505
0.06828977397330882
0.068285353895354714
0.068270699155907166
0.068206398403631685
0.068169905895829969
0.068162575540690079
0.068158702772762425
0.068153815103237134
0.068133789151487711
0.068124745770238596
0.068113325544268105
0.068096407798925437
0.06809460630280588
0.06809036108137935
0.068047946228005779
0.068032457800436194
0.068028987694742485
0.06802521735758052
0.068019217234458695
0.06800941896964173
0.068003282363203937
0.06799364794721148
0.067970656188505618
0.067954925946599992
0.067935454285231373
0.067915514078133135
0.06790472860101511
0.067893782994919702
0.067860361566385016
0.067844515606793721
0.067843042863935901
0.067833228514182206
0.067831551184101252
0.067831042639559233
0.067814383274105189
0.067795527349951298
0.067794684543545661
0.06775914089400463
0.067749209833219637
0.067741881215429622
0.067732485627711003
0.067728225256059968
0.067695162388701435
0.067662856646652531
0.067634032155723361
0.067633228437869716
0.067624047214460872
0.067606072651294827
0.067599765172535645
0.067598748910903228
0.067570096000832108
0.067569699291840368
0.067558031000563054
0.067551886024105029
0.067550900559971816
0.067546202115081402
0.067525090312411468
0.06750901686881787
0.067508029161048158
0.067496269378471432
0.067484929606426838
0.067466913870628545
0.067434214498814399
0.067421551051190215
0.067413007107765502
0.067371732267982071
0.067363053334325115
0.067358995086074666
0.067358820023427468
0.067309250987394875
0.067306379081390436
0.067297101449020069
0.067292992253441541
0.067279645559390214
0.067276681702745297
0.067266428642693138
0.06726440864703738
0.067261878970959865
0.067248329447315888
0.067238178747300106
0.06722238620665015
0.06721848070946651
0.06719643608050678
0.067194021035678175
0.067187558377749645
0.06718018975575013
0.067174929506187753
0.067172035737881955
0.067171841446769978
0.06714029884812496
0.06713107286328697
0.067128499683361487
0.067105914471532177
0.067100010014908285
0.067070268386066237
0.067037734352348582
0.067022155097124919
0.066997827583141698
0.066991926356451459
0.066974227948122952
0.066943901629029356
0.066918213923351025
0.066910131366858416
0.066901341337085918
0.066897298230631674
0.066896486393794377
0.066869528921653029
0.066812714300930318
0.066801085569921065
0.06678040197147328
0.066771152095843139
0.066760396629785987
0.06675279405062963
0.066749199565275766
0.066701776069948288
0.06669502807059477
0.066691092134637295
0.066664250822565371
0.066654064972831328
0.066644295646844542
0.066640914196385112
0.066632972614419875
0.066621767357141981
0.066611062976183411
0.066605226903430931
0.066599825766866488
0.066562414649451701
0.066560871971277455
0.06651985649071239
0.066515395287852053
0.066492190182045718
0.066482310850334125
0.066469460728881352
0.066463512462118776
0.066462755217120736
0.066448445339475082
0.066442849845323573
0.06642568202336735
0.066372771842925157
0.066354375763413936
0.066334315537820446
0.066333347419352873
0.06633218509947765
0.066327749148665655
0.066269907537606032
0.066247011890563409
0.066230886132928407
0.066230636456340156
0.066220043998485301
0.066201565525371112
0.066198363091380594
0.066186325978309993
0.066168861681585631
0.066144496498600366
0.066141942138263798
0.066122333337913064
0.06612078896350003
0.066115008512971779
0.066092528386526253
0.066083840132851415
0.066070797820754701
0.066062377850224743
0.066034042440683768
0.06603239416099127
0.066027350536323942
0.06601696166061842
0.066000631936586049
0.065979743928817072
0.065960071467068226
0.065953174971733836
0.065941903217287351
0.065920861217314192
0.065910103661607877
0.06590544338646262
0.065902438270318803
0.065884602384525648
0.065870688046155271
0.065857131332339988
0.065838513614226976
0.065834058149563515
0.065823708930901462
0.065808850766797031
0.065808796176985165
0.065807472747428569
0.065802341341203913
0.065778391151115501
0.065777382879543572
0.065774517604218263
0.065717983194137977
0.0657045871040495
0.065696558811736847
0.065695730756755943
0.065693516668537136
0.065686049261320531
0.065679811294663007
0.065675194341892201
0.065673966105851231
0.065671792180961003
0.06566307294608105
0.065631836942772193
0.065627547560706212
0.065622467318102909
0.065613136249539919
0.065556281854964968
0.065531082139220528
0.065525862702054349
0.065510776432515516
0.065488012267611417
0.065487256514982828
0.065467378190395137
0.065448907068852036
0.065447478422867647
0.065390108565508989
0.065382055352978849
0.065336451182932936
0.065336327933052177
0.065322910925816061
0.065302326387695828
0.065289528650272294
0.06524709243873647
0.065211536984745758
0.065210473178254832
0.065207105252773248
0.065197218990483752
0.065187476551938919
0.065179180596830366
0.065174889601166727
0.065170485916484042
0.065168323267669179
0.065143953065350618
0.065131743630218369
0.065129078657852432
0.065080876357506354
0.065064892159016188
0.065058331457453336
0.065047246023511543
0.065043664645711999
0.065026174074679866
0.065020446956247174
0.065018721924440193
0.06496657802667001
0.064964743044558085
0.064958557258707944
0.064947525835212669
0.064927017026159356
0.064919916091540936
0.064888565252839966
0.064872797789867626
0.064871296781454382
0.064871281208093545
0.064867535368796705
0.064861747978431986
0.064860545887944321
0.064831105541182238
0.0648212426662476
0.064763772809146691
0.064714413981021929
0.064710685379716193
0.064699588211768355
0.064687042979525169
0.064677391722919447
0.06467295065758949
0.064663300994333942
0.064648276571912078
0.064629184274604151
0.064614170663999784
0.064609876711691494
0.064568098747367506
0.064555592236701875
0.064542942527159711
0.064542348449153575
0.064529599415231842
0.064528283399123032
0.064524438112125229
0.064521203698688009
0.064514574601497565
0.064455521540624366
0.064437090061537361
0.064430972278242918
0.064430710231674959
0.064417174596990923
0.064410844030983266
0.064382941790692802
0.064339564921423828
0.064317914840067672
0.064286415028002156
0.064265928626314806
0.064257207480148057
0.06425554743468305
0.064233960580263233
0.064227543693095954
0.064164418650549962
0.064154722149151411
0.064141642904969834
0.064139698097632925
0.064112289375301543
0.064105820524494747
0.064101542851464202
0.064092982377797841
0.064083525935068941
0.064075909755936009
0.064070579108361975
0.064069751167539088
0.064044939410202908
0.064044918292146591
0.06400650143096262
0.063995125563402422
0.063982138674060329
0.06398130581273985
0.063959506485854314
0.063939929098679377
0.063938039423485873
0.063930382979050307
0.063926882977463698
0.063922414750847312
0.063890831831853165
0.063888026924958291
0.063877121780164109
0.063870714163644079
0.063860691210951309
0.063828921826459245
0.063823660395977616
0.063819346080411607
0.06381242745698916
0.063788942380475847
0.063754654007667999
0.063752913307844661
0.063735489807885737
0.063732281851433994
0.063728703281831459
0.063728517037045088
0.063723921282314813
0.06371808517378845
0.063717912725315726
0.063715901535485855
0.063712207081302291
0.063692660864247172
0.063672917824389691
0.063662244180496971
0.063657403602324372
0.063644036241629287
0.063636197650104906
0.06363150672438235
0.063627046644319354
0.063623096909253649
0.063618912419874482
0.063610089731899785
0.063602366020251738
0.063596636095185885
0.063579240475475238
0.063569229139764136
0.063558784340173494
0.063554746505324222
0.063544769384428282
0.063528071478847523
0.063470150634124145
0.063452944963146435
0.063436500686813113
0.063435684615792839
0.063432631701502068
0.06343078441260111
0.063401497773629578
0.063387385209410313
0.063370763840506078
0.063336361099559438
0.063330752129218987
0.063329351713477228
0.063324832164088546
0.063315953574332562
0.063314010259356943
0.063290608618245286
0.06328946695846159
0.063276284128085947
0.063255983511038533
0.06325023721618768
0.063240640234594026
0.063237914378935903
0.063205080445787501
0.063141762900514167
0.063138478729420883
0.063128177801183932
0.063122618991561769
0.063101261159384484
0.063056047498493958
0.063037123657857241
0.063032196508352623
0.063018368856878351
0.062977730644678834
0.062970875203980883
0.062962260044204132
0.062954083649887888
0.062941726069759965
0.062915634984381547
0.062906742135355131
0.062905459510479683
0.062859091482488832
0.062831797229055186
0.06281796093805074
0.062814213171793282
0.062795724373254355
0.062744849025372404
0.062743140386619489
0.062712964264699897
0.062691758943536305
0.062675596306907638
0.062655684329078837
0.062652608210881741
0.062640887310813659
0.062634009784278466
0.062610075094109638
0.062604708908914453
0.06260130479852917
0.062591219829196604
0.062579723658151912
0.062566513469780663
0.062557536159338081
0.062555572730836451
0.062534457202848309
0.062516726648576743
0.062480959869514789
0.062474084613331003
0.062473983418391867
0.062470747716174918
0.062458865161857342
0.062456132841477434
0.062434155620347147
0.062430120631719439
0.062418336201611579
0.062391742578678501
0.06238062640733863
0.062358566930993689
0.06233725130992137
0.062335121319577816
0.062317147062378252
0.062295553605722344
0.062220090114522307
0.062203254246713961
0.062197831462892969
0.062185463172759879
0.0621727201642681
0.062161955596697745
0.062153240981494592
0.06215162272574782
0.062149818439673384
0.06213542763379977
0.062123061235282981
0.062116860642844204
0.062100541122569582
0.062094743843376238
0.062087266450716494
0.062062938940418776
0.062042104378340825
0.062040521781811964
0.062028689398989707
0.062028185892111419
0.06202319590744728
0.062020829353899215
0.062015391885726689
0.062002437318536316
0.061993941812273808
0.061988641537106245
0.061982953624362458
0.061957336017134643
0.061952284335201689
0.061932732937748598
0.061927859169925811
0.061911832112940123
0.061907958724002468
0.061906182459273838
0.061893372703599937
0.06188799680773456
0.06188002823081018
0.061851071110174037
0.061839071745939334
0.061838129071945157
0.061834846175640529
0.061809404389138109
0.061802655813781866
0.061750383439295703
0.061738667735385853
0.061721570864262061
0.061683381651958712
0.061681050548743649
0.061675342033893119
0.061651935681011599
0.061628433042992106
0.061622912945392391
0.061620544001286283
0.061613292488620804
0.061585120852992503
0.061582393566998517
0.061571428203177521
0.061564239422521108
0.061549144488965153
0.061538023578510959
0.061495776518839765
0.061473662275406273
0.061471186000177688
0.061445058394412971
0.061439592988228875
0.061434112665123553
0.061428067647681141
0.061409917269396319
0.061384360463834824
0.061368703285105526
0.061364010548936518
0.061348189148570216
0.061338709403690191
0.061334884745783518
0.06132899983968481
0.061315800979528504
0.061305381966798647
0.061287754302970496
0.061259758671982342
0.061237651952198546
0.061223062405762432
0.061221759622339292
0.061220448583670019
0.061201093269404719
0.061198403840607582
0.061194912313073689
0.061192376296868946
0.061185396586012006
0.061166497291324118
0.061161089127821457
0.061157613023153978
0.061112106034208344
0.061053414476115259
0.061033963165477288
0.061033153165391527
0.061006037846945284
0.060989511679840749
0.060962742506280025
0.060954396243300873
0.060902058058171442
0.060901136509344277
0.060895010469893762
0.060884633819425417
0.060859395657310349
0.060857285900535622
0.060848512978031587
0.060834070199822253
0.060834036915729639
0.06083195046443287
0.06079779895777488
0.060754370894362981
0.060731784836227362
0.060729760910779286
0.060726746993614043
0.06072047700002961
0.060698359203918098
0.060674609894070447
0.060666531047132558
0.060642247918224076
0.06064009827703274
0.060637917223038927
0.060620565513596326
0.060614713785629395
0.060601966127110295
0.060574615825011599
0.060569553315303913
0.060566009783909865
0.060536625749199408
0.060522430316874119
0.060518782129094853
0.060511861182467534
0.060507770910669285
0.060495024871804616
0.06047816693109432
0.060470435213942096
0.060460389996303779
0.06045080987750355
0.060430829407783902
0.060425331573080075
0.060399776903408239
0.060384146818497582
0.060381454454310653
0.060377154420076837
0.060376958100449581
0.060369024584274983
0.060351668616965871
0.060344348515202484
0.060330922758522566
0.060327725977033848
0.060324623459973262
0.060296921563551646
0.060291089638504984
0.060279568368463397
0.060266424158441176
0.060251838881765295
0.060240715424257234
0.060231207754105655
0.060216569132021898
0.060215592940807756
0.060177989348696906
0.060158064022321017
0.06015793040104557
0.06014272489785262
0.060133333232197023
0.060103727099336819
0.060084540854201576
0.060053467709492124
0.060051346828248045
0.06003302659601021
0.060023879479550742
0.059998628425368856
0.059987713329654448
0.05998767095525695
0.059970416206789987
0.059967388684897094
0.059953679292389241
0.059953343307456476
0.059943954309075155
0.059921655433541068
0.059904402749367099
0.059903593991348793
0.0599003164793427
0.059897474342958286
0.059887423504366981
0.059886443635684405
0.059885104974504645
0.059863532922107103
0.059845055784608109
0.059820326565118626
0.059787086432915089
0.059782473947559353
0.059781732506950354
0.059776082231877789
0.059772009202304237
0.059765706328992668
0.059748831843534286
0.059693180728435088
0.059682677398659047
0.059679672537048097
0.059661299676421108
0.059619200077199085
0.059596888233798037
0.059575144080722918
0.059571762106742726
0.059569458103400093
0.059564477094991311
0.059560326434518647
0.059550169493063326
0.059540259957436024
0.059527866393129597
0.059504486738509665
0.059498636007147249
0.059494425437504432
0.059485433652936404
0.059483248521417759
0.059475875987002019
0.059469465664541678
0.059463048814928664
0.059457260290506908
0.059456032988556395
0.05945345064041957
0.059444795277163155
0.05943849754623149
0.059432384270209297
0.059396634533845138
0.059391947229242806
0.059391334858439788
0.059364541062091082
0.059345558993783666
0.059338373152274269
0.059314294296786675
0.059302281018680528
0.059295413675786182
0.059292722124374073
0.059284919465869619
0.05928364689944627
0.059282989380767599
0.059271823601425508
0.059225096050928572
0.059210189320838838
0.059171047903682952
0.059144125492079598
0.059130908976112381
0.059111226663928873
0.059109994981041997
0.059109247494238744
0.059084915565177705
0.059083890991235906
0.05905528401538062
0.05902875822160767
0.059027865402347002
0.059024005615794906
0.059020561133883605
0.059017596779525248
0.059016518371879871
0.059008187727651588
0.059007918794122136
0.05899804730317023
0.058992614958414583
0.058972154315483728
0.058960604352762819
0.05894514414811957
0.058940472314148999
0.058917229769512899
0.058858555725394293
0.058857667876053621
0.058844154857979766
0.058812074625331584
0.05880630193476967
0.058798516326875251
0.058785241278863594
0.058764296916040792
0.058759913648316939
0.058759680388972321
0.058740702874807184
0.058735831879838468
0.058729603745999268
0.058720044734109592
0.058716904822614477
0.058684527377478334
0.058661223227795795
0.05863984391141993
0.058634084036439854
0.058633049659440016
0.058623293712398238
0.058618317906290726
0.058598920787567857
0.058566225954412292
0.058560892727010178
0.05855106473856371
0.058533762021537157
0.058533557554847772
0.058532716129620542
0.058527158182105833
0.058519126548499875
0.058514916506653997
0.058466505601910884
0.058464012538003506
0.058456381211422069
0.058452247313250869
0.05844298443912517
0.05844280390680421
0.058426880045665229
0.05841567649018977
0.058410727951113926
0.058407589445786924
0.058404780679521047
0.058354998197667526
0.058354205188378451
0.058351575407945805
0.058350037142247395
0.05833926519142834
0.058310523001888541
0.058308211118131531
0.058302957401604953
0.05826653929463653
0.058255680308367946
0.058244570460263878
0.058244201222170583
0.058213204655340411
0.058205860172683935
0.058187765743381067
0.05815257493502151
0.058146140631278161
0.058144230277120873
0.058122835584253463
0.058111034497526637
0.05810293166544931
0.058101507933954286
0.058079523165146744
0.058063824872834534
0.058060330907599579
0.058057701331678625
0.058044868714684623
0.058042070426830676
0.058031301513454078
0.057988924019845726
0.057984708605563838
0.057978254172961895
0.057945828197358953
0.057878509669174391
0.057873334735580199
0.057865468876903435
0.057862420759068868
0.057851612853258974
0.057846940750204426
0.057826617583684639
0.057824886691878984
0.057816871056285163
0.057813410645180884
0.057791353192831067
0.057782578677508793
0.057780624761454652
0.05771769118365442
0.057688782008885345
0.057684427338607104
0.057675586971596707
0.057675359033897963
0.057659758907216398
0.057649610160191357
0.05764285667869419
0.057637781840112853
0.057613444516140276
0.057602438307595441
0.057598257644077347
0.057595126925238785
0.057594913448144353
0.057592557547998829
0.057577840763449017
0.057561316747530795
0.057551434696288949
0.057543740405689138
0.05754354772741483
0.057539669185482263
0.057534238546022902
0.057519193103119592
0.057512922848633803
0.057507877463210046
0.057492289485070576
0.057484152337785963
0.057479200711862612
0.057479091308610987
0.057477336266252864
0.057475752205260182
0.057463364850395819
0.057460183007795186
0.057446300861629856
0.057443558416008685
0.057441649314291118
0.057441314723700662
0.057430497489286511
0.057429587963592328
0.057423139143601157
0.057398021413627744
0.057397462617745927
0.057381921937898511
0.057310260037096057
0.057271564450264219
0.057259295631149204
0.057240237550151903
0.057237416576537213
0.057230867592879785
0.057226469628713771
0.057217672829249069
0.057175225450421918
0.057174472054097043
0.057148022185346842
0.057126453529698362
0.057122586482940788
0.057121544234658074
0.057120303775987431
0.057117222543388128
0.057109546955959441
0.057106821127051295
0.057084279126383947
0.057078661501143282
0.057035243467715796
0.056975683339675613
0.056967415311845099
0.056965714755917864
0.056965208160928066
0.056955561768113658
0.056936797663609262
0.056931882493237509
0.056923813386877395
0.056899378085063117
0.05689625750908462
0.056863553275315636
0.056857508495430434
0.056854799190324184
0.056849547231488363
0.056815260662235578
0.056780961012695794
0.05678050818025613
0.056750148959496038
0.056745854843337121
0.056740967640562065
0.056739352385297509
0.056737783443103415
0.056723607679352209
0.056684519389112613
0.056653379304607378
0.056647207391635278
0.056640047500928492
0.056636619503630213
0.05663095037442608
0.05662828878202153
0.056595533953456657
0.05656927343376672
0.056568777408671535
0.056563790616737504
0.056562471938465288
0.056557490047267775
0.056547863459436916
0.056546071769544792
0.056544781750100151
0.056537243236982872
0.056518199649514982
0.056518193098330519
0.056488899944294818
0.056471464037840056
0.05646539170453372
0.056437065863847183
0.056425829178054693
0.056413640890259152
0.056404466960088953
0.056398982733933359
0.056391918911985438
0.056384899248468082
0.056375673153617696
0.056369532235399498
0.05636350677539511
0.056336913542183994
0.056334928575812432
0.056320911384634145
0.056316916638231428
0.056314832554617923
0.05631435700064074
0.056313665260203191
0.056291830785822214
0.056288646853985831
0.056283369764665421
0.05628084638504776
0.056277344050792578
0.056241210094335574
0.056233994824256096
0.056217548764311447
0.056214138125501023
0.056161141597547398
0.056153690335528465
0.056152778781936967
0.056152387884589143
0.056152003063235971
0.056150981170739571
0.056139860701160352
0.056131120445542818
0.056130823180980692
0.056124425236794284
0.056113702139977496
0.05609812976166316
0.056098032849594831
0.056090736569665303
0.056083096604365966
0.05606136418165248
0.056040381088765252
0.056035502973876085
0.056034834785290054
0.056026588603536848
0.056015504012499787
0.05601102109762144
0.055997832686824733
0.055993379527205102
0.055986960341101955
0.05598534420750844
0.055981950084723432
0.055981573670950559
0.05597784780601129
0.055961129509959719
0.055957498974834263
0.055949349526772045
0.055942100584182836
0.055941898585394556
0.055936425714529475
0.055935713408665176
0.055932577814212736
0.055932277944149247
0.055930758848556035
0.05592621035353533
0.055914158546910404
0.055889759732192533
0.055876076984260968
0.055849944005131748
0.055842347460441928
0.055818875808006381
0.055809433461141318
0.055804457823884303
0.055795613633697144
0.05579454953732927
0.0557921476575702
0.055770595031630198
0.055762086490204546
0.055755734489400466
0.055743509719222761
0.055743404955529353
0.055740880493397496
0.055738394294479972
0.05573220945795123
0.05572979871362229
0.055718343934690523
0.055714715436492347
0.055713552474118237
0.055710182571539646
0.055705394861263309
0.055679418366379969
0.055667900470802681
0.055667631695333036
0.055660097058523463
0.055657450637494756
0.055634691073692628
0.055587665578357315
0.055577497117969665
0.055573715293048789
0.055572528320552372
0.055550858634338771
0.055547086826632626
0.05550118945064348
0.055498494107466982
0.055492207874292994
0.055487651684106715
0.055471050519738961
0.055460902490159433
0.055453595182780792
0.055449601778674147
0.05543837194673927
0.055425205534591321
0.055408525592610357
0.055402011289499814
0.055385077467283855
0.055379691430143076
0.055336220936612744
0.055325352497170861
0.055306347973394732
0.055283509638022865
0.055278921144923228
0.055278487138241919
0.055265464389159358
0.05526335405930792
0.055258418210669034
0.055258070329570551
0.055251707137304228
0.055240698715195644
0.055227357351511915
0.055222235090254604
0.055219557527268398
0.055186577873683751
0.055184289054239687
0.055184140973292786
0.05514489211626785
0.055135135048123229
0.055117999706366029
0.055111721856071348
0.055094633874529376
0.055086971635482172
0.055084067540897799
0.055079288477136175
0.05507219232185355
0.055047473658179601
0.055045895188419243
0.055044942268986131
0.055007353727432304
0.054989218304997957
0.054988402711062701
0.054982070471549273
0.054976657741438853
0.054969017782013435
0.054964320626795737
0.054945946721302846
0.054933064126501105
0.054925650663913118
0.054918039676858044
0.054899862662248014
0.054887402674458657
0.054882795793922259
0.054844621031668483
0.054829585098510179
0.054827638939906193
0.054813479877764415
0.054804310937249912
0.054773596952903313
0.054771815774524411
0.054771275218047616
0.054762283798101913
0.054761819836616966
0.054750576488481528
0.054743874514788321
0.054735657996169147
0.054721766798370625
0.054718569070489539
0.054715709294488282
0.054702528607125663
0.054701529304628897
0.054699638465177315
0.054687149798547052
0.054671787358506356
0.054661128139480618
0.054659112138428827
0.054658444041282894
0.054651220252386591
0.054630399689994787
0.054618235887734415
0.054608030502965518
0.054584889642999165
0.054578697406388939
0.054578359890213618
0.054578259748169322
0.054570145915823869
0.054560475763600021
0.054559583420103912
0.054555436120322723
0.05455136126770703
0.054547532837351073
0.054545960562892376
0.054544442766631208
0.054510925679780067
0.054489427467744204
0.054487291081369529
0.054473318180426306
0.054463862957060148
0.054454234951141822
0.054453103694127106
0.054443129452655399
0.054432966412985895
0.054417992862431354
0.054395427793739605
0.054393271102843324
0.054382233054562565
0.054366791235054585
0.054366299435662263
0.05435703547819664
0.054355764835911542
0.054355757631234063
0.054346552337579478
0.054317011556840294
0.054314453672741125
0.054304600228738169
0.05429615892101728
0.054269439374555299
0.054258650557648176
0.054258130848131719
0.054240816290079201
0.054225919800946022
0.054223562029295916
0.054206803882392185
0.054205267222416184
0.05420437241325135
0.054201900751542541
0.054198167615088041
0.054181273781655825
0.054181028055941549
0.054172194927177973
0.054145292047786168
0.054143052511160722
0.054140043127547229
0.054111995994154019
0.054106616395586019
0.054091581447273496
0.054068935641217737
0.054068624918854384
0.054058140440202913
0.054053230274820258
0.054047561704644753
0.054031301091370561
0.054022572666873304
0.054011764063575045
0.053982492394586072
0.053970547896059061
0.053967969955917502
0.053962192505317037
0.053953585102820542
0.053946769024357723
0.053929288327821803
0.053918255517011439
0.053918234403280287
0.053917122704171976
0.053913624816366669
0.053912203767301166
0.053910022784697975
0.053869074893013728
0.053866974554568695
0.053865285361723809
0.053861600374954674
0.053854515601660422
0.053851409456699091
0.05384870693003932
0.053844947657516622
0.053836794831286616
0.053826943098208534
0.05382215247330719
0.053819576734773604
0.053797555090946893
0.053790014044911898
0.053769833337745016
0.053761366689098797
0.053760642709457823
0.053743886375661562
0.05373585765810264
0.053713690677292675
0.05371107501388097
0.053677037676047312
0.053673230416012296
0.05366398415073545
0.053661510479696369
0.053658302891330022
0.053643841754907655
0.053637510608027843
0.053634598362670954
0.053632685594001375
0.053630723821533756
0.053624368983953459
0.053609752147961744
0.053609651047269377
0.053590745043891039
0.053587360687477895
0.053584334445329514
0.053577005949533386
0.053576455286254862
0.053575600802616669
0.053573481687497281
0.053570062760271916
0.05356664131483483
0.053537077782026397
0.053529475830278159
0.053528046297834787
0.053517233537280766
0.053502973344431291
0.053481020893720463
0.053479069625676987
0.053470175103013128
0.053458297241654802
0.053431373233526841
0.053427368627591676
0.053413310486500852
0.053412988056135466
0.053389384825751736
0.053378944272384779
0.053356484393167966
0.053343891093303446
0.053343150650171221
0.053339896899059623
0.053335798355105268
0.053323926738842196
0.053264885834238232
0.05325240232667347
0.053252283789495682
0.053229115013057819
0.05321772478615612
0.053216817949494968
0.053214460342293206
0.053213311969253614
0.053203197937043874
0.053192331835764571
0.053183929398233076
0.053170807264683276
0.053161159086364949
0.053150376634042165
0.053133238847416664
0.053132899033081438
0.053119275387354101
0.053116936566428255
0.053113882129276126
0.053109013218110686
0.053105475602158697
0.053092722783642077
0.053088764119662707
0.053079843364284063
0.053073373705874387
0.053069169908028728
0.053044141757322347
0.05303067595370433
0.053030281700869146
0.053028598470617534
0.053023459663981518
0.053006654024796013
0.052994450328214843
0.052957095816931206
0.052956786106118162
0.052938748551216636
0.052933844883753862
0.052932047383524687
0.052882461367058362
0.052877800480543219
0.052873087221099006
0.052865922969935829
0.052855176372702956
0.052841112106368951
0.052825994698258417
0.052793040955113259
0.052784639969346701
0.052755872131362784
0.052754065102545648
0.052745939105856524
0.052744192070488825
0.052743950505221293
0.052719544773560952
0.052718640240187499
0.052704476012230113
0.052702958743666359
0.052685127490458332
0.05267635822974534
0.052639114117088937
0.052603799409251535
0.052603654569469797
0.052598024846325989
0.052590070916900766
0.052583821869611323
0.052568379055939064
0.05253437225561608
0.052533955018588228
0.052532345706163566
0.05252801906909825
0.052524467528995672
0.052519511702335271
0.052504273115346903
0.052493660236409001
0.052483101464207503
0.052478774128538304
0.052478098938704788
0.052476889792533551
0.052463657316214357
0.05246270775110299
0.052453515941003205
0.052452767429690988
0.052450589632547936
0.052450324128300585
0.052441295610548687
0.052438474802869957
0.052431240879229866
0.052419003910922787
0.052413570497682568
0.052394798195675461
0.052388710408291399
0.052381407208466089
0.052371344559997028
0.052348004503503111
0.052347047747775606
0.052332825437582928
0.052327215639364572
0.052303658393313593
0.052294261958474371
0.052275166193827445
0.052266099098241398
0.052259617894520112
0.052255531886816198
0.052248284535274643
0.052247391152592595
0.052183699161069234
0.052182275748098167
0.052161756603641286
0.052146820088944577
0.052136572164804933
0.052131574038980805
0.052123894499366344
0.052104826033247176
0.052093492036323179
0.052078272310118613
0.052060751132853099
0.052043777309006632
0.052032414218873474
0.052032209426484392
0.052029244166929292
0.052017934345245487
0.052011046655105989
0.052011017923420035
0.052006621915432864
0.052006481558928674
0.052004681892851221
0.052004598127293182
0.051997712275360243
0.051996761362850676
0.051990123644266036
0.051974533365185038
0.051974073643377555
0.051969006291021719
0.051952817221430886
0.051943717524642559
0.051943186115329047
0.051932368864862029
0.051929649885452851
0.051926363527770789
0.051887481861953036
0.051876607733724267
0.051872683822342107
0.051862753977415667
0.051855816565715834
0.051847496977855699
0.051842708821325911
0.051841671161066798
0.05183045688186734
0.051819247440894195
0.051792074866634646
0.051789731680105595
0.051781266578458135
0.051779725047137681
0.051754243915751952
0.051751009512393607
0.051747363991064867
0.051737283029313678
0.051733942130642939
0.051726786357344887
0.051725812497483536
0.051721166640331349
0.051714824615760463
0.051713428093402791
0.051709871735176147
0.051666371040060215
0.051641053061739529
0.05164069411605797
0.05163419802013431
0.051626247079988904
0.051623460031894802
0.051616612442595335
0.051611864530781461
0.051608963034978236
0.051605015783123535
0.051601866816187544
0.051600530165882001
0.051589666175344648
0.05157969019165104
0.051574714871634487
0.051563421470639845
0.05155859784127316
0.051542613081365492
0.051521305851889188
0.051520541664907049
0.051509139615748899
0.051508487257524979
0.051507228393516367
0.051483496290076078
0.051478668587045334
0.051478201781918212
0.051447961908942103
0.05144407637005189
0.05143972877361707
0.051426745031867803
0.051389237677548535
0.051366843893300901
0.051357736039932482
0.051352867141953563
0.051351008822831341
0.051334072308785283
0.051319431611400269
0.051316732797953395
0.051306049915355915
0.051301897116772466
0.051288890471942364
0.05128098835057688
0.051279791376341817
0.051274273032807322
0.051271505392305725
0.051257175646486082
0.051254207908606027
0.051248514795723232
0.051213385945579171
0.051197621698472084
0.051196650710968211
0.051193859942384359
0.051192125904227274
0.051187486754534897
0.051178375362536228
0.051155841938166705
0.051152169664614167
0.05114354156388641
0.051131515517349291
0.051103844552831373
0.051099519971068708
0.051095855486293897
0.051095538457701699
0.051088703423602846
0.051083568958681422
0.051053642315140715
0.051043455473751623
0.051038070194238713
0.05102821795177595
0.051024207847627047
0.050983604261855046
0.050980998808511341
0.050963527610296946
0.050955922723064574
0.050951332511144483
0.050938722588483976
0.050928846911670045
0.050899811560459599
0.050892109334931941
0.050877182006845045
0.050875748128729359
0.050863218647442573
0.050856932315772131
0.050850340766703479
0.050843593917896494
0.050827995898786844
0.050825754161255919
0.050806468898711668
0.050768367440159258
0.050754456534603844
0.050751025127153841
0.05073528805220081
0.050727328000943581
0.05072455961426648
0.050720648163067421
0.050700125260389028
0.050692129108220775
0.050687413235218991
0.050676184416344756
0.050673955554495373
0.050667822702922825
0.050663251545695717
0.050647018086248281
0.050611814605783428
0.05061033340764972
0.050604045010000952
0.050596419197751034
0.050557946861401769
0.05055424792923921
0.050540298449546162
0.050539454217773491
0.050535067470254262
0.050522326831709936
0.050518156649684953
0.050517579481154595
0.050501719240029351
0.050495718504483894
0.050491234112869827
0.05048359006260876
0.050478765671094585
0.050471075559093879
0.050470658076410241
0.05046710779588235
0.050438062066988566
0.050438029179010427
0.050432743752465925
0.050389866970178061
0.050352104122898034
0.050349618631140965
0.050336937925856771
0.05033638747630291
0.050329645342406276
0.050325898863189715
0.050312530139780549
0.050299101803550579
0.050298959227473877
0.050298274647472663
0.050288142347208228
0.050282818651112164
0.050276173006999533
0.050266129861026354
0.05026311547867611
0.050257234145974938
0.05025363721561521
0.050243020012440159
0.050237056650061569
0.050219027484254469
0.050191878064485856
0.050166904034727115
0.050153965893026613
0.050146287155489702
0.050141152714767025
0.050139205867284091
0.050127624034539221
0.050126776981320169
0.050117418747567782
0.050106712661589545
0.050105714200207749
0.050105042814274858
0.050103016693622791
0.050095607478550963
0.050090298638199082
0.050085868671559869
0.05007820583826289
0.050070306056319923
0.050053499986962569
0.05005204938672525
0.050034990646814652
0.050020072572303328
0.050008449355556567
0.050007192559349288
0.050006323100115241
0.049999041265896174
0.049982359781310923
0.049979762520400886
0.049978681008382493
0.049975046271823038
0.04997185456879627
0.049968599007153211
0.049957510370550143
0.049936225215729678
0.049916665984529325
0.049912234836803411
0.049907085966113145
0.049904846888389302
0.049904615174571988
0.049900491852697355
0.049895065651313915
0.049892819441340046
0.049882133861074845
0.049874715362678929
0.049867372418113676
0.049861914605034155
0.049856690107376728
0.049842901626064813
0.049827241960174497
0.049825301345668607
0.049823241179348041
0.049814110690221951
0.049807138069272366
0.04979077862127846
0.049777300919763602
0.049758975365718452
0.049753924566810263
0.049748309043133918
0.049737830211550579
0.04972778470661661
0.049710678753228377
0.049710370761013478
0.049707937543227478
0.04970150139397906
0.049696956082721719
0.049687120067184155
0.049685836640738591
0.049674767017410762
0.049671501772896323
0.049669082989927157
0.049665386948947697
0.049656202511903405
0.049656193884992463
0.049650502096001775
0.049627349390407222
0.049612420976448732
0.049598684223460754
0.049578768044511813
0.049546749254203451
0.049543609836041787
0.049535906478747366
0.0495338785699454
0.049532552624676193
0.049531541159561147
0.049524850833614444
0.049521221264414397
0.049517691245016142
0.049507074053192865
0.049505329812325645
0.049504154708625688
0.049493577848546591
0.049470843838303594
0.049447662417249856
0.049444315353159317
0.049438906313099974
0.04943346536031764
0.049432785401600829
0.049429874466295133
0.049423015799026707
0.049403034124016351
0.049398935637902527
0.049390167426712962
0.049383587924353836
0.049329482737656707
0.049311694940690189
0.049303838807692339
0.049296113359571653
0.049276778292994546
0.049273105327975297
0.049255730998569162
0.049252901359926153
0.049246249299645224
0.049234398708821604
0.049232779450712132
0.049219882997128275
0.049217058583163872
0.049211958436380404
0.04920507209639742
0.049202324420256155
0.049202203824343135
0.049197403441773466
0.049194611467746306
0.04918901751939677
0.049176454052748293
0.049161343436761748
0.049120667629896045
0.049105189261358095
0.049104829455768162
0.049093324041194993
0.049089799346745094
0.049082932484956404
0.049076382875073134
0.049060271425952658
0.049053781211584727
0.049052346851590219
0.049020176885206955
0.049017314659786392
0.049007713381220959
0.048985519193527574
0.048981536218399332
0.048980379710364015
0.048953497130986408
0.048952505886273666
0.048952201767479886
0.048944911202939853
0.048933540532283056
0.048920250066010064
0.048910128349357457
0.04888561289972787
0.048874834322024559
0.048869665616852805
0.048839070284355475
0.048829425788508178
0.048821897126680593
0.048806552134839074
0.048798643351797802
0.048791486479172398
0.048788651526723195
0.048779140118639583
0.048770280396151153
0.048764831542237312
0.04875622765566074
0.048739224155450685
0.048718811951359742
0.048710234879730439
0.048704637217792841
0.048687806963938922
0.04868271695420516
0.04868154745188908
0.048658890922084738
0.048642859840496974
0.048642633393264106
0.048617147752104989
0.04861559743630816
0.048601092974357454
0.048594754732172535
0.048589789657287878
0.048575082969355067
0.048568153890103966
0.048559828186809463
0.048556937049151976
0.048555259556005863
0.048552090995588881
0.048549081073352936
0.048547293153199167
0.048544419936054878
0.048540496943730145
0.048528738791026274
0.04852790479192319
0.048515011477660637
0.048494234345904275
0.048492673521379898
0.048485238595468882
0.048481562637715261
0.048473955223968274
0.048468137840012734
0.048443213744828267
0.048435590470390109
0.048433467039879226
0.048431536024845352
0.048426569722292721
0.048409377340357537
0.048403102815505354
0.048391161476573567
0.048360990309603405
0.048350241446166169
0.048348158189435504
0.04834540844255944
0.048332621892053333
0.048325561644665789
0.048318517315461378
0.048312082758156981
0.048301096441856199
0.048292272565980968
0.048268961059566177
0.048262353311704434
0.048255912525071193
0.048253590044015589
0.04824567382465339
0.048245004335041711
0.048243281670345362
0.048241247734672393
0.048236304082999615
0.048230637287826297
0.048228590741416541
0.048223747195066606
0.048213875928789056
0.048195923894742081
0.048182382018041876
0.048160741563558741
0.048150389041851517
0.048147646894818694
0.04814135488528784
0.048140661942651986
0.048127397478217031
0.048117121095990457
0.048115054177163427
0.048111426886235542
0.048109732986680268
0.048104886125734513
0.048098885184266124
0.048098025931601056
0.048097298606040721
0.048092783071005125
0.048085106566434888
0.048084824605894992
0.048075651572025799
0.048074509901213057
0.048066154085716767
0.048051375253300055
0.048047055762763094
0.048041190732434569
0.04803593476164076
0.048034638508195143
0.048024695155932218
0.048024468366526026
0.048017924074184648
0.048016618520941919
0.047988713407612141
0.047974369902062712
0.047958749414586166
0.047958557158043737
0.047940514743517161
0.04793592975669686
0.047908630293705269
0.04789486314853264
0.047894349684226407
0.047892193910180202
0.047891023189197843
0.047887695219306164
0.047882065554254526
0.047879326481364462
0.047876467458158933
0.047875374868514099
0.047850890837566745
0.047840959999086954
0.047836623222861689
0.047832020549952343
0.047826959851080098
0.047821284607572984
0.047812309563757177
0.04781224630500059
0.047804435644568544
0.047796940013344981
0.047791248362737244
0.047781071198682364
0.047780221444411367
0.047779719170232798
0.047777564864098516
0.047776410595541129
0.047771628987302764
0.047770175684896318
0.047757139519409457
0.047731983549329539
0.047726862773680691
0.047721387882177162
0.047713154179911163
0.047705879363212446
0.047701477716826826
0.047701188939737155
0.047694947190479252
0.047691044688549081
0.047687455794180302
0.047678033348727798
0.047673574890711772
0.04767087657762524
0.047668992883495999
0.04766214286285627
0.047657096989910344
0.047648760679925996
0.047637000948790566
0.047633778181977823
0.047629890196879007
0.047609046138464173
0.047606175828238631
0.047604079160665516
0.047580097143578026
0.04757336189265509
0.047573332120332455
0.047564535043842018
0.047563611161112171
0.047545650782804851
0.047538472649306315
0.047536098926431972
0.047508282299804798
0.047501605893017884
0.047485214980847117
0.04746484945643227
0.047456446896969637
0.047453702997999378
0.04745266069321772
0.047449965023300997
0.047444333791632147
0.047440626806154552
0.047427066647702187
0.047416900558054531
0.047406040663942335
0.047397039141896094
0.047395603877904313
0.047391175773020433
0.047380773652901435
0.047378724281742848
0.047374396769139265
0.047369541171134406
0.047369080878006321
0.047355248268562126
0.047351056736969724
0.047346076098740364
0.047325882386208183
0.047325638920698118
0.047318439842786296
0.047315888521078563
0.047310780445446433
0.047304384221441599
0.047289279150701961
0.047280398952484093
0.047278749936234099
0.0472725010619836
0.047236747109855072
0.047236665952191691
0.047207533363222753
0.047191849799986557
0.047190912045318036
0.047184746411836474
0.047174408081102868
0.047152758633041296
0.047140946888476871
0.04713203253371024
0.047103930373364897
0.04710268268798256
0.04710251663606823
0.04710041718044989
0.047091338060819755
0.047060599131539704
0.047052065257207107
0.047025782884514332
0.047019372068146201
0.047011975237954952
0.047003947688680547
0.046994262186380822
0.046990366035229242
0.046989681711793893
0.046978606267834101
0.046977629454333522
0.046962366057726093
0.046960337599300253
0.046943038507579055
0.046927758145414888
0.046905050252626646
0.04690148434820212
0.046899806367600792
0.046896446030797949
0.04687222414624527
0.046868814926915893
0.04686461007754647
0.046864369145576457
0.046863157708396441
0.046856746991055014
0.046856195124829698
0.046845348395150192
0.046843673717209745
0.04684304926940161
0.04683317330443304
0.046822818556806062
0.046819503549754345
0.046815754503322919
0.046806990502955483
0.046801039951736172
0.046799969429348352
0.046795415015508865
0.046793860586972477
0.046787904607718873
0.046777787365103747
0.046775416450003042
0.046770021914519726
0.046745512491065032
0.046717810542945278
0.046712342235395457
0.046704297745253413
0.046697901195697583
0.046687359281765581
0.04666220983752533
0.046659479815409119
0.046656079641605334
0.046652516404613591
0.046652397327674532
0.04664220253561524
0.046619839228938365
0.046617608556836561
0.046609809871070669
0.046600955191971688
0.04659124037491235
0.046575904160311182
0.046569265091078664
0.046568716464472644
0.046564767503030437
0.046552523715400966
0.046552326746427272
0.046550096230230702
0.04654980354300961
0.046513493978752915
0.046510872944989491
0.046500390301653975
0.046498494373687652
0.046495799190961411
0.046493333589558837
0.046489351141143713
0.046471975129738552
0.046466111863803165
0.046453651639486775
0.046452371213897593
0.04645083125795043
0.046444237894391539
0.046437397680418685
0.046437291885190551
0.046419269462832452
0.046418009068040562
0.04639506902818992
0.0463871311973705
0.046382783303559869
0.046381236340388682
0.046381083429080143
0.046380040179997049
0.046362312284741809
0.046360937975796344
0.046356625253614274
0.046355699304161224
0.046350535626340499
0.046347384922856512
0.046344310959678822
0.046342181252926114
0.046341046372756003
0.046335639221971314
0.046325069973539836
0.046322140517871049
0.046316375046435092
0.046306557251658213
0.046304245003024033
0.046295587174489748
0.046283512126953662
0.046281035537343022
0.046278161469020786
0.046272613636606098
0.04627235520426623
0.046270195382726115
0.046267553237567295
0.046263432543236283
0.046263420500800845
0.046262410075817724
0.046259912371064374
0.046256177191978581
0.04624876446673757
0.046221319726991651
0.046210956414310958
0.046205053460725162
0.046198862033999984
0.046191110168108007
0.04617128987535838
0.046167677932912168
0.046166027646229145
0.046163493608865527
0.046159653283475405
0.046155413311730044
0.046147390243808165
0.046139132373340913
0.046129575794215144
0.046120516714918985
0.04611983383342675
0.046111074211825608
0.046106019549483096
0.046089110708399772
0.046087420261747267
0.046082509236309632
0.04608004966864801
0.046077502318351608
0.046071415860863961
0.046053812347675374
0.046040953990958165
0.046031855932173717
0.046016344032724373
0.046014987728844249
0.046011961298903253
0.046003190215866102
0.046001880671516872
0.045966472337406895
0.045956562670462706
0.04595342709867177
0.045932030090479227
0.045928844521161541
0.045922700416793687
0.04591634520015795
0.045914443672286621
0.045914178846279463
0.045910081283183753
0.045900709484987041
0.045899499848378308
0.045897865249982663
0.045891724154528878
0.045889068604158346
0.04587962992794755
0.045872195286025347
0.045868413640010861
0.045864802060597488
0.045851034066451676
0.045836223402391948
0.045823910750211694
0.045814621596592782
0.045813327596782673
0.045809948528102357
0.045801883867054312
0.045800973527531576
0.045775738650332923
0.045764832361133455
0.045759007294323487
0.045758145414377831
0.045757088080774826
0.045753957330827974
0.045752349122249576
0.045749048302381058
0.045747748305028577
0.045744311794112237
0.045740300912684086
0.045738383369959307
0.045737760751916198
0.045731053152061461
0.045686748874213368
0.045679002708115944
0.045677601268020063
0.045670935314083949
0.045668546347397525
0.045660637223912455
0.045638210193696009
0.045619403848326912
0.045616064596849526
0.045607396384357388
0.045605385075487316
0.045594060356237774
0.045589605365033536
0.045585141562221765
0.045581739922951912
0.045577895336174193
0.045570419908391245
0.045561822351106999
0.045550950566355913
0.045544172231932016
0.045520831661936045
0.045514834615798069
0.045504970060370867
0.045464651581612836
0.045453033901992498
0.045447783244844116
0.04544668617570962
0.045438907006469229
0.045434496931931634
0.045434366630275898
0.045433493824312575
0.045427097286997939
0.045422148029327175
0.045410171266099947
0.045406214917429071
0.045405245329498328
0.045401274269028243
0.045397681721065924
0.045393627931971284
0.045387197586311219
0.045386380905853028
0.045379960441661676
0.045379633127375911
0.04537482869695799
0.04536424298855208
0.045362082106531976
0.045356115310601193
0.045348183793843803
0.045347183664273254
0.045340364835938431
0.045329495734719394
0.04532343658639483
0.045321915508561579
0.045312984036239908
0.045307966237813108
0.045306969447488535
0.045293907125851733
0.045291394615378025
0.045289388257305704
0.045287705740346754
0.045286551077121505
0.045275034562420872
0.045268508784035058
0.045264708991199179
0.045257194439256777
0.045251799969949991
0.045248512992522381
0.04524127015763231
0.045212231277894775
0.045208575436379517
0.04520809220713326
0.045205382729940666
0.045194815000466904
0.045192144199822558
0.045191377627009754
0.045174026949778588
0.045159202517542303
0.045158477562649242
0.045144564966403511
0.045140230314838402
0.045139589375405846
0.04512599342815448
0.045123118582167748
0.04512305794967314
0.04512257487175092
0.045107326035550351
0.045106619019665443
0.045097746271532735
0.045079523112452807
0.0450759177119145
0.045062394370322098
0.045057499868760849
0.045051163918375596
0.045048986950206184
0.045046254238818487
0.045037904427407897
0.045037387836235378
0.045027335336602387
0.045026926453392145
0.045019397910048997
0.045014568859450349
0.04499770354792957
0.044979943619062823
0.04497423412937137
0.044973567805530058
0.044970680431471739
0.04496965021554012
0.044958164739605906
0.044948214490428767
0.04492973124839255
0.044923523414750283
0.04489873072267303
0.044885710966439181
0.044878563106018954
0.044867001308349454
0.044862228605764692
0.044856811839141544
0.044849985567405208
0.044849279568396211
0.044845941821968181
0.044845326550799661
0.044841762047809305
0.044841681660334379
0.044832471213322782
0.044827473929028867
0.04481926923873069
0.044816763067228239
0.044814909938060685
0.044809818418426371
0.044805335245311412
0.044791130607337894
0.044786875546207632
0.04478407278138382
0.044771706191153629
0.044763376610069371
0.044763144220197192
0.044732047761117423
0.044730942798876669
0.044719900876371635
0.044715599221645759
0.044698652482617396
0.044687166065452956
0.044678643347593062
0.044667733277496381
0.044666104194982341
0.044653392223630906
0.044649716607297343
0.044603830879446742
0.044583310469975046
0.044574932957391074
0.044562601258997948
0.044556473052985129
0.044552130103282808
0.044537556828911126
0.04453590681818987
0.044535294450513581
0.044531511695134557
0.044513354304601148
0.044500514882154063
0.0444902399695071
0.044475187408860348
0.044443605926573197
0.044442065528952794
0.044434807573486196
0.044378925862754187
0.044372983786363007
0.044361782892376779
0.044350692994262732
0.044330378205618824
0.044329021530860463
0.044321460287955833
0.04432135014596543
0.044314441054158882
0.044312516889544684
0.044311415361086882
0.044304739610197215
0.044294856338106516
0.044277015992674119
0.044269052401299983
0.044253345962688748
0.044252098755129532
0.044244211609768616
0.044243628399963604
0.044235076798125633
0.044225802936268307
0.0442221520492284
0.044222111641164061
0.044217305353824975
0.044215031622757167
0.044209847440380361
0.044201855005609983
0.04419244171768702
0.044179091325644272
0.044162621979394343
0.044159034640499376
0.044150680671542535
0.044149347085129013
0.044147853307911628
0.044147402046321893
0.044136805669501643
0.044129193184092065
0.044113376793600695
0.044110513783811166
0.044100831331217616
0.044092306047585218
0.044086021745331563
0.04408546386059839
0.044079851066709072
0.044078229458355975
0.044077620335471718
0.044067017344852466
0.044066535713794201
0.04406561581187185
0.044056621305054632
0.044055908819014715
0.04404758236817307
0.044033608594392613
0.044026825584226693
0.044015758601112571
0.044008662695663343
0.04400818338840453
0.044000868191107573
0.043987272741129742
0.043984357731896503
0.043983779872383839
0.043979594194586621
0.043974552969718556
0.043958129286751163
0.043947264282345411
0.043929915373095242
0.043924289927436987
0.043923424039173396
0.0439142449799532
0.043894038196905925
0.043880139442807609
0.043879935573837736
0.043875726518267613
0.043875222587083672
0.043874172982457625
0.043871828827776897
0.043859392576733297
0.043851036976447259
0.043844462322856881
0.043842641332825491
0.043840920827790182
0.043830763550373776
0.043828304346265876
0.043826364767316092
0.043822515587411202
0.043822309350402523
0.043821973850321279
0.043815502428986942
0.043805879760628302
0.043800490862965849
0.043799034058990077
0.043784779751484017
0.043779809700618642
0.043776389105321403
0.043776227075852429
0.043764850553228922
0.043757635812011392
0.043748505335629885
0.04374811142747554
0.043744677856603277
0.043718879751884238
0.043717002950418679
0.043700083746704144
0.043693415705209578
0.043682342983572181
0.0436706947960908
0.043665089924188279
0.043650982953152083
0.043646193851101543
0.043636841833306829
0.043633726823595995
0.043625876966217142
0.043607254686489363
0.0436019195485347
0.043601482016801925
0.043599921057311523
0.04359768953360172
0.043597443507498848
0.043597129573296547
0.043573195944307315
0.043572579964888836
0.043566322274294696
0.043564571784844804
0.043560299272456887
0.043555739246438525
0.043550065355065851
0.04354984689466327
0.043513780170287675
0.043502956888405615
0.043500050952190873
0.043500023106692334
0.043496249058693967
0.043487086756328189
0.043457462132660517
0.043454688626868992
0.043441600447778457
0.043440608810591724
0.043435648954853801
0.043431531365023028
0.043424363807509463
0.043417807593528021
0.043405470626881749
0.043397442787429678
0.043377552154687735
0.043374732907252515
0.043359760625190404
0.043358801274868006
0.043353117892746283
0.04335200514393401
0.043322508642662939
0.043296438214511561
0.043290503611641065
0.043286523765787323
0.043282701496224783
0.043282679800871061
0.043279892573816384
0.043249176035558508
0.043246046873411853
0.043245128264692803
0.043232487436944307
0.043223714475023108
0.043217853236622007
0.043217672603559631
0.043212275592156943
0.04320434301259183
0.043203326560968203
0.043197538116805108
0.043190207062906071
0.043184199698176391
0.043173070467020985
0.043138878451299274
0.043122425922630055
0.043108083191730512
0.043105591621638184
0.043100045591903467
0.043094038839457935
0.043074469654521157
0.043039483967122136
0.043020023271608407
0.043018892485585783
0.04300741607409965
0.043006773765074814
0.042991291270283817
0.042988261096057113
0.042987316822473753
0.042984935704879365
0.042980716378909371
0.042978972770863044
0.042973403362379294
0.042972161688316884
0.042968047638423823
0.042962031986572988
0.042959900235202082
0.042959705431931401
0.042942446327895095
0.042941394282159165
0.042941185364152347
0.042932881308238732
0.042907233959036568
0.042890571905263332
0.042862885135953543
0.042862366743119204
0.042857649184893327
0.042845654803167633
0.042842006781936198
0.042830429308079197
0.042830214014505978
0.042827123542218591
0.042824417284831856
0.042818918667838789
0.042809521273254436
0.042806229933739622
0.042803886150458902
0.042790134520324485
0.042789032991919336
0.042786877907808697
0.042783344824620997
0.042779115925676403
0.042776184802674089
0.042766183031502064
0.042760181257601941
0.042756152780453978
0.042720978966499137
0.042706005646066039
0.042701606136304186
0.042701251250161179
0.042685337127648409
0.042681422282311435
0.042673502498635822
0.042671435266903784
0.042653600400314587
0.042652424486779521
0.042646086538003634
0.04263596190743086
0.042632966068258275
0.042630346209118881
0.042613015987820343
0.042607280728081773
0.042604167084960821
0.04260048659143182
0.042597423274941003
0.042561903895411958
0.042539261493417121
0.04253807896584174
0.042531686133604009
0.042525083934907275
0.042523790224313449
0.042517755035065746
0.042506428413723478
0.042498507419591353
0.042484469432321495
0.04248158389003677
0.04247491871064444
0.042469928073836545
0.042461801850784138
0.042457838675734369
0.042454932489817972
0.042451030194456521
0.042450149673794978
0.042434172628695199
0.042416587695245429
0.042414263975933945
0.042408482208644828
0.042405417803709447
0.042397291582955264
0.042394494018499131
0.042381239925218403
0.04237524108432944
0.042370264211391548
0.04236625170058135
0.042353196848064156
0.042320029165526657
0.042309936687996361
0.042303430439816013
0.042295957832207312
0.042291222268851
0.042287719367993019
0.042287021644369024
0.042286487435284292
0.042284358794203038
0.042264269639468971
0.042261711563423329
0.042260158614860086
0.042256258683192473
0.042245412919899764
0.042238621739404097
0.042227970204797328
0.042194355323069581
0.042190955965238648
0.042190926206427268
0.042167621415193209
0.042156069542999448
0.04214717902154598
0.042137816863216944
0.042129736172464814
0.042125471694004518
0.042123789691965841
0.042122454259272107
0.042115616483183162
0.042107238892838073
0.042100081703412083
0.042095907644317011
0.042095814783259571
0.042093210465673291
0.042089197688647301
0.042072828413256491
0.042070048276793288
0.042063491471182629
0.042061221246148188
0.042047863674880129
0.04204336503099905
0.042043214861915576
0.042039437054958606
0.042036826239833985
0.042026143046802258
0.042018158774310789
0.042011530861394614
0.042006729126234058
0.042006384527956596
0.042004389755001793
0.041999368599160765
0.041997783644738003
0.041991510086189072
0.041987022407287786
0.041981096071661526
0.04197490862136443
0.041963664218623922
0.041957605413825996
0.041944993652252398
0.041918602460830713
0.041909719067849939
0.041880551517325594
0.041876738413535439
0.041863254124519529
0.041857675451671135
0.041856175599344916
0.041849454508209573
0.041848890288279983
0.041843207970866846
0.041838971571289865
0.041835108276928837
0.041825246695031203
0.041823274020272076
0.041818909393608418
0.041794632301896457
0.041792025574906674
0.041780588297305285
0.041779591048655439
0.041749290443923434
0.041748924665244755
0.041748596028639014
0.041740782029230442
0.041739628415592561
0.041737065784251647
0.041733333732333427
0.041708715349187131
0.04170603069824462
0.041701927207099157
0.04170023541113433
0.041673533962371959
0.041663810523603385
0.041663499374056161
0.041654085676452401
0.04165292448647908
0.041646925423888023
0.04164678559693049
0.041646446636300079
0.041645627797191546
0.041637276455952624
0.041630137879430103
0.041622150414979797
0.041620299589725684
0.041611553552315834
0.041601138021774835
0.041593973643926141
0.041588341977979053
0.041575061608994816
0.04157369908920918
0.041570469717504374
0.04155892938826633
0.041547067981211064
0.04153882659000431
0.0415383355991834
0.041535882275948295
0.041532223745713977
0.041531018248157317
0.041522208322949436
0.041511596805099811
0.041505265916505829
0.041496850982163533
0.041495504328807949
0.041494271966122147
0.041476539134030078
0.041475730548591487
0.041462010620366092
0.04145456883463209
0.041449853486295388
0.041440101387737967
0.041439289632397514
0.041427016451499189
0.041421771953876599
0.041411447145966507
0.041408596929243639
0.041395136591970541
0.041390847053742186
0.041376177907167348
0.041372539409754945
0.041366741059320568
0.041366712813094474
0.041359307454682699
0.041339569352523378
0.041336084429127132
0.041314082366779664
0.041312536171171518
0.041311244802539199
0.04130055617813428
0.041290651875992464
0.041289100759774558
0.041279610516606634
0.041278396119236102
0.041276472510703668
0.041275682965620189
0.041270802958793894
0.041262840993387666
0.041259901615620272
0.041248231525760265
0.04124686506405896
0.041242388956311132
0.041235208949778342
0.041232688722574941
0.04123125497968292
0.041222684018313867
0.041214139032406158
0.041211089164171551
0.041206473720923058
0.041181238729468266
0.04117392591108622
0.041164383995447008
0.041151130377247019
0.041149836811928728
0.041135946928361984
0.04113378102658044
0.041128351078757432
0.041122462612641131
0.04111261542012086
0.041104453353704017
0.041098467575010886
0.041078386891534986
0.041065303889032005
0.041064911552129088
0.041063001210321644
0.04104901178594151
0.041048836010977731
0.041041726172945672
0.041039426159040035
0.041035065664217406
0.041019207363282198
0.041015224741359463
0.041012878075568367
0.041009420799588324
0.041003512821007421
0.041001549337063091
0.040997142881620423
0.040994920129743574
0.04098656303807751
0.040981382359820032
0.040980430328957193
0.040979629042003536
0.040976327761622328
0.040961489080067637
0.040957035457931841
0.040953893556236305
0.040945178037604994
0.040941705076463233
0.040935127008731476
0.040927726085816671
0.040926990834520977
0.040925713835088182
0.040897235935219607
0.040889741191710495
0.040886826373844984
0.040882630895549242
0.040877215942551691
0.040875656191366488
0.040875199103887955
0.040869818347782416
0.040863587489295611
0.040863253076908558
0.040863155639795992
0.040862734545209695
0.040861948341601603
0.04085487389641948
0.040840202729858097
0.0408388318053843
0.040835191006133698
0.040827779640318418
0.040819594178142043
0.040818389663491765
0.04080898946219616
0.040795627744155412
0.040794800734355242
0.040790846881057788
0.040787806803143901
0.040777054217037284
0.040769604071799331
0.040769404163246654
0.040761991566206468
0.040756967785750733
0.040753709607882209
0.040745681436474487
0.04073786175258954
0.040737826019487944
0.040737478089845215
0.040734172795517568
0.040697324923532091
0.040693260823014707
0.040686347429638212
0.040682862966782425
0.040676205644244012
0.040675015346587122
0.04066124370104536
0.040634449199571876
0.040631785412262242
0.040631308226802353
0.040630719406994871
0.040628109597625785
0.040625462526957083
0.040625141803234885
0.040625069959284832
0.040623309480471728
0.04061875341540002
0.040608425278351609
0.040573467411059279
0.040568630223241184
0.040568086566999673
0.040567388198434681
0.040565395088696728
0.040560552205746031
0.040554361124574195
0.040554300508754262
0.040544540010418559
0.040516652677678344
0.040515957232127725
0.04050945666846243
0.040509211778296944
0.040508867633806039
0.040503911062505699
0.040499078929700623
0.040494326779718176
0.040490238565654056
0.040489427792628686
0.040477722608974663
0.040471432611123626
0.040471065240415209
0.040469212152001395
0.040462717338764484
0.040452980089482067
0.040449805202381221
0.040447809747090682
0.040435817372182825
0.040432090102508235
0.040431863644947413
0.040418211428418005
0.040413705902287822
0.040410356479620144
0.040401123663400929
0.040390886368996681
0.040381783078654532
0.040375376352604866
0.04037467276600161
0.04036647485427873
0.040361542960972385
0.040354216257975327
0.040350375687673842
0.040345086301538345
0.040324946308303279
0.040323188828824623
0.040319439696760925
0.04029411384405121
0.040279328527915458
0.040269952748553633
0.040269071847790765
0.040265092903785257
0.040252525683300809
0.040249020956516661
0.040242051867459903
0.0402351539769061
0.04021743803319603
0.040211810358331879
0.040210677289603515
0.040209584149601622
0.040186845670463621
0.040185510553825264
0.040183644024807307
0.0401777287213416
0.040161445525759537
0.040158626137465653
0.040139950217089451
0.04013498383658462
0.040110987506833638
0.040102570824218184
0.040094951814755649
0.040083692387088352
0.040080005335990966
0.040063948379570481
0.040058021704630867
0.040040917297664923
0.040016704116341721
0.040015001690701227
0.04001143319136987
0.040005044581381273
0.04000423845365908
0.039998261620699464
0.039984936630350562
0.039983337940697403
0.039977968765185522
0.039959388898899807
0.039952641429475327
0.03995181849612954
0.039951555347125127
0.039938950605037278
0.039938916583190008
0.039936237078940694
0.039927603839345495
0.039920703406213703
0.039911413672228654
0.039905127329737701
0.039890397444979464
0.039885702183709404
0.039881597343584069
0.039876856675402216
0.039868648138183707
0.039864910123989683
0.039864554037208316
0.039864097255987045
0.039863781632070223
0.039854257663043839
0.039853107933001654
0.039840830988556564
0.039839644635931877
0.039833723774883756
0.039825349342327829
0.039821611205415844
0.039806664926797609
0.039795567229244939
0.039789483975393322
0.039788064910775987
0.039786205503913437
0.039784307353955092
0.039780377303235866
0.039780280588511928
0.039774306424218323
0.039754941933627226
0.039745136987028515
0.039744792628198473
0.039736794253896
0.03973269709416935
0.039719118614756882
0.039714135615703916
0.039713169429946897
0.039708674274443523
0.039700376614431911
0.039700166351246187
0.039693850216390741
0.039688072191852233
0.039685497096185608
0.039681381733869737
0.039674164941749392
0.039669202670934982
0.039668732039943526
0.03966431362140875
0.039662804900959456
0.039655749680369549
0.039655079990269869
0.039646325728006034
0.039645444106123584
0.039639132338651524
0.039634714692222878
0.039634562690771889
0.039632229922228916
0.039628834331547208
0.039621351542418221
0.039617723577020987
0.039616129117137175
0.039609074301816927
0.03959355645954743
0.039587726716040376
0.039585246098786962
0.039580774826860232
0.039579880612587548
0.039565007773053357
0.039564600901381891
0.039559575533294686
0.039558761575609801
0.039556548220443244
0.039549091791580296
0.039541099897282557
0.03952372808788851
0.039504307258321644
0.039502367573056266
0.039494915227859813
0.039493345867884146
0.039480980757633288
0.039469551097532508
0.0394669404474466
0.039465402930071156
0.039447585030529982
0.039427127440017543
0.039421441161860735
0.039415662470792236
0.039414384202055966
0.039413260802304957
0.039409177742822564
0.039408110583600504
0.039396371047566867
0.039393136482841686
0.039391784462847822
0.039387968709990874
0.039381205637744977
0.039374293080802904
0.039356160246544626
0.039355725954834248
0.039352301177316758
0.039351131224913752
0.039348476464352126
0.039342926380400781
0.039340775615339295
0.039333454884033038
0.039329917319597792
0.039323872441624073
0.039321026488179908
0.039319462679529023
0.039315792539700863
0.03931531882436267
0.039314720342249997
0.039293924451754163
0.039289021211421762
0.039287939952994913
0.039278307972075183
0.039277114590526803
0.039267991808709685
0.039265343207254992
0.039263570298889376
0.039239875473352996
0.039222706131808907
0.039217536675074938
0.039211527995161935
0.039206747583300103
0.039205523015755681
0.039202070299381518
0.03919967528881426
0.039191136286055139
0.039186348836034675
0.03915862173743842
0.039156926177456884
0.039147766152579339
0.039144384148606798
0.039133480567515158
0.039130824421757845
0.039123179574473102
0.03911748282725163
0.039099759366370945
0.03908807682217403
0.03908791504511136
0.039071004308905075
0.039070374628068963
0.039068162427573085
0.039067677868520848
0.039067619204616842
0.039066907575866047
0.039051248479378839
0.039046674642894963
0.039035176740900443
0.039034384178229693
0.039025094051616943
0.039024462334889334
0.039020079705564321
0.039007312152567919
0.039005303162039449
0.039004122294079013
0.039003844223516958
0.039002157498917667
0.039001590650176568
0.039000765477641593
0.038992620926783718
0.038990185142941829
0.038982887612546022
0.038982315539918967
0.038970922210042606
0.038970407145096267
0.038966952921261712
0.038963764030949727
0.038963631451834166
0.038957343661645973
0.0389507574707652
0.03893836440754881
0.038935398853169503
0.038933298919481434
0.03893152012444271
0.038925748144396845
0.038922011728085758
0.038907623524455932
0.03890727228097518
0.038893383794464116
0.038892514507700711
0.038879251417447351
0.038875495741484203
0.038866799958911361
0.038862269861962312
0.038846578797563362
0.038843903458626532
0.038834512783659486
0.038833126955750044
0.038826732953031483
0.038815841880641404
0.038814513372059337
0.038797766532054738
0.038792979048132503
0.038786463501002733
0.038782683698706057
0.038768676457230547
0.038767892427811056
0.038766157863674197
0.038762170534713467
0.038760172520400538
0.038756299890822653
0.038752818465152807
0.038741344533106223
0.038733437254741612
0.038727578858767431
0.038712314834454406
0.038703789827772117
0.038699470917610217
0.038697581418098009
0.038695054219053407
0.038688223489288291
0.038681084921778727
0.038653481376030432
0.038651953568038168
0.038648373125041789
0.038644822244592467
0.038642242142980655
0.03863994073981207
0.038639096046490289
0.038638859855864648
0.038638143087108417
0.038626498143706542
0.038625276760990514
0.038623933027444365
0.038619873496779727
0.038610241759772929
0.038595253412049543
0.038585196242347394
0.038580694980821173
0.038564392674045975
0.038559556853100786
0.038553554794134762
0.03855035712135766
0.038547427585735303
0.038547361809599993
0.038542140191442781
0.038528200522204438
0.038525289152175513
0.038525047204958703
0.038523310496789052
0.038521721100961984
0.038518862152002273
0.038509992807996121
0.038506408148200798
0.038503725419293255
0.038497635922980396
0.038483643995034275
0.038483513709455609
0.038482781816315571
0.038480252352326674
0.038479564297019563
0.038467590474421325
0.038460587429724961
0.03845675516204957
0.038454127462149455
0.038454042674691477
0.038453596937189229
0.038451145012392739
0.03845017339692252
0.038449665803641085
0.038443747528509847
0.038427535806626209
0.03842610045365849
0.03842513303063759
0.038421302712186904
0.038410809629786075
0.038408219123377121
0.038407084857819337
0.038394069715315504
0.038389617400829405
0.038379487380455775
0.038377530108314982
0.038374534507256287
0.038371907743473058
0.038366140344913459
0.038361746058857657
0.038360458228817597
0.03835464380571877
0.03834109874225166
0.038331045452840912
0.038329290074947071
0.038323244671766774
0.038321922169277801
0.038319474728133893
0.038316488195998505
0.038314888139591996
0.038311015362898417
0.038300947309486529
0.038297934840693347
0.038282303320390877
0.03827161306296243
0.038259977244990875
0.038258239824598618
0.038256606015550532
0.038254639316743694
0.038234451559748889
0.038217161016109627
0.038200378139077548
0.038196862573039773
0.03819367085522913
0.038190161123251659
0.038189864307173443
0.038181451468513178
0.038181438269582271
0.038172853879730954
0.038172741670065791
0.038151322187371058
0.038148609868351981
0.038145351101063471
0.038141065954583483
0.038140613999822957
0.038134440352636592
0.038133828613878082
0.038119511846350346
0.03811161780517891
0.038108644937083561
0.038108642711582791
0.03810843569695032
0.038102219055340454
0.03809628930637677
0.038095412552092006
0.038094240115960944
0.03808031174764305
0.038072086585047731
0.038022627599292001
0.038017552800915795
0.038014335321848863
0.038010730120954357
0.038006135190019982
0.038004461624533296
0.037999170334998354
0.037995449003450213
0.037987001189345393
0.037982553346885724
0.03798079469146131
0.037977297097701791
0.037976649259429125
0.037949850600724616
0.037946056688416302
0.037940858862257759
0.037940469472374422
0.037938925573920292
0.037933319441401998
0.037933124560019085
0.037930656823618535
0.037928959830475902
0.037927461655619721
0.037918782658254567
0.037914874203317239
0.037910067224052248
0.037906880806046081
0.037900005307486835
0.037899083914038019
0.037889761799566435
0.037888525179102017
0.037876171992619008
0.037874807965173674
0.037872149830860402
0.037860030593316212
0.037857893551249175
0.037857408653168771
0.037849484239741354
0.037848128914955238
0.037843510373538905
0.03784002386066751
0.037839524811251454
0.037837906125298817
0.03783504571468916
0.037829004558768572
0.037816356991911132
0.03781269324016983
0.037806379555792843
0.037801898146914523
0.037784980300970064
0.037781405073527695
0.037775139020043258
0.037774866394665513
0.037772038722369269
0.037768758823685369
0.037764754317596856
0.037752051786841712
0.037751904438330625
0.037742964952359438
0.03774113918101471
0.037734049069740934
0.037730261498796144
0.037729451049097848
0.037728506955308251
0.037726423539849736
0.037718661142189067
0.03771696576961639
0.037692107801464092
0.037691335836511776
0.037686405818225924
0.037679050297617186
0.03767759415137284
0.037675996102589995
0.037675254092527477
0.037670622501364402
0.037667442620140101
0.037667168623760586
0.037656012882133334
0.037648056618109292
0.037644790335392267
0.037641024784921706
0.037640602213629575
0.037639781257979101
0.037634658650952758
0.037624145989441839
0.037622636654306173
0.037622065139591938
0.037620799635505006
0.037616160560811927
0.037608990157755373
0.037586381776868565
0.037586087996423378
0.037581837406267006
0.037577842345908739
0.037571706738071926
0.037560771189452995
0.037555585797072091
0.037551824865165472
0.037543766432891736
0.037534399915331106
0.0375201621126365
0.037518786510240057
0.037513331311685369
0.03750876391458962
0.037498049529913063
0.037477685573658714
0.037473925887866438
0.037451895283747365
0.037450098348476533
0.037439589581384061
0.037435648129810949
0.037434873122031712
0.037431153304565715
0.037430318740790468
0.037425956839229661
0.03742227578969104
0.037412548887967412
0.037412381559506123
0.037409691093058674
0.037403994650634924
0.037402605598246957
0.037394851659261846
0.037386813794960227
0.037377290529410363
0.037370747627008163
0.037353966177421545
0.037346978639498679
0.037345415030175223
0.037336810772615289
0.037331752009842643
0.037325338645220155
0.037323878335123163
0.037319711934634209
0.037319698526717397
0.037316512146944425
0.037308074372379284
0.037308033959051121
0.037296332330148785
0.037292003462194384
0.037290078286726029
0.037288606671397231
0.037282945609940117
0.037272856532934551
0.037269066788908976
0.037265707433594676
0.037254533728423009
0.037252130207403006
0.037251760984226799
0.037249783643948237
0.037247719810013576
0.037245255901893204
0.037243003912925871
0.037238804977076129
0.037237682397816406
0.037235025661474186
0.037225437646213028
0.03721320542001582
0.037212893962384176
0.037206804728364053
0.037201364310293437
0.037195076969673974
0.037193078242566284
0.03717788209297973
0.037176012100231984
0.03716762914984463
0.037160685439852043
0.037158824495416055
0.03715651163778004
0.03715289131881401
0.03714317285101966
0.037141104925898449
0.037137639172028912
0.037129427349697888
0.037128504123400657
0.037124848099581262
0.037118346543324611
0.037113039300611356
0.037106622304762554
0.037106560102584625
0.03710008549313927
0.037090556083029302
0.03708573988967586
0.037082393808055399
0.037074611225978694
0.037069912532432393
0.037060926853073918
0.037057965475961831
0.037056789696469424
0.037047561795521655
0.037047120479038916
0.037040162009257499
0.037037034787855506
0.037033723803446605
0.037028806818117842
0.037025334643495861
0.037016663210995226
0.037015565445758368
0.03701541182995504
0.037011479223445831
0.037002513310544417
0.037001428107344747
0.037001380080043791
0.036990791221252879
0.036983065697307978
0.036979781262727524
0.036973555054303935
0.036973289994873988
0.036969229298223466
0.036950889682823111
0.036940744912837511
0.036940482872275401
0.036935479418349598
0.036931982607061299
0.036918381246156359
0.036914709945018657
0.036894481344898672
0.036891746635904318
0.03688603683580309
0.036870167928069707
0.036869562652576036
0.036869417436783826
0.036863575905448052
0.036862533534107372
0.0368623651145642
0.036861196950504847
0.03685605102938868
0.036851687602216444
0.036850643505725554
0.0368501701711079
0.036836767434291193
0.036836425810673611
0.0368363924954467
0.036832463659044919
0.03683146487849373
0.036827618356149595
0.03682239005730889
0.036821179703364203
0.036820847927041905
0.036818025967534918
0.03681171598407823
0.036806494229427826
0.036801996218006158
0.036799665197294523
0.036797233794317194
0.036790527822043922
0.036789171410672838
0.036783933887717946
0.0367806110769155
0.036762387328868558
0.03674776247046041
0.036742019985008964
0.036723277575895219
0.036718694443052764
0.036714725490305349
0.03671421465914447
0.036700343341157599
0.036699830759488745
0.036698987763568246
0.036696947240598687
0.03669289734966303
0.036686068265018738
0.036680861968359631
0.036678974779141386
0.036670459836618687
0.036665995776019186
0.036656623541765979
0.03665609932538845
0.036653162615121741
0.036639664645717843
0.036638101732716429
0.03663726629999739
0.036633262039840568
0.036622702806150806
0.036616286507549632
0.036616241480113089
0.036615877424240759
0.036609030727550777
0.0366021470738477
0.036594541551347552
0.036591291875657607
0.036573261419760847
0.036569616535949277
0.036567705867939476
0.036561850296307985
0.036547256450155698
0.036524465235034054
0.036511704259863539
0.036505085724280836
0.03650137980891921
0.036500219144237782
0.036499218580318592
0.036486687645197594
0.036485490844328873
0.036483325813947379
0.036481177752893494
0.036477430269990729
0.036468226226265457
0.036455898794499134
0.036452853529714745
0.036448952081690023
0.036447620024529802
0.036446162966057793
0.036437926327016368
0.036414442578408146
0.036409256471114121
0.036406851926460412
0.036401743837788478
0.036382518455419233
0.036361516888079905
0.036357980917744774
0.036357173548246947
0.036356070015692458
0.03635394725202843
0.03634828220799953
0.036347463537594299
0.036344536888750008
0.036341386388116001
0.036336527675972896
0.036333503846282852
0.036326767833067979
0.0363247641325318
0.036323291966079772
0.036311213720632673
0.036309949158615587
0.036302169921140673
0.036295604393288973
0.036293004460507448
0.036292114359740731
0.036278108065395546
0.036276514255409474
0.036273923635288245
0.036269814080255383
0.036269054647749044
0.036264522258964295
0.036264000184637442
0.036260326958814253
0.036253261574576687
0.036237015136020408
0.036230927961334806
0.036213176510232321
0.036205599571532299
0.036202896352523772
0.036186815427131744
0.036185878940005071
0.036182376798245118
0.036177168561737728
0.036169987571829827
0.03616990251006582
0.036154261313882483
0.03615360003305905
0.036141382023978194
0.0361389624470147
0.036136641662897373
0.036125869129039263
0.036124184902138326
0.036115516275840441
0.036109359026804184
0.036077682679596108
0.036062145667243375
0.036062126400534057
0.036057117763556495
0.036056878871868106
0.03605204084306874
0.036035471168247624
0.036023594937075638
0.03602001240230137
0.036019446946847104
0.036008371567005058
0.036008204870494526
0.036005767965196327
0.03600086857342133
0.0359959419385176
0.035995125917884854
0.035987551962859438
0.035970404099749144
0.035969303223768873
0.035966740410452287
0.035951492807756578
0.035950857859080053
0.035947586279236388
0.035946823881811439
0.035923090510884811
0.035922963066200311
0.035917098676952287
0.035909708856305331
0.035907201383050862
0.035900825162195581
0.035897179516114042
0.035894962659156711
0.035890777196750434
0.035886982099667793
0.035868091540018424
0.035865005329785871
0.035856113175513564
0.035851156398200454
0.035850136988887414
0.035831263532002444
0.035828572583836982
0.035825618814591377
0.035812007784738274
0.035809149094001048
0.035806442901526771
0.035792284862068945
0.035787511009690638
0.03578093043203056
0.03577924222802184
0.03577571202454774
0.035746649735896301
0.035733505255966698
0.035732805159282274
0.03573131962267271
0.035727518983421136
0.035726870477984382
0.03571609808989025
0.035708673486088707
0.035707966981079961
0.035705700527947415
0.0356980693049712
0.03566958462776481
0.035666554158940537
0.035661298493776881
0.035661238238712485
0.035659996509889123
0.03564080281041726
0.035640652337218359
0.035639407860382666
0.035634986850122188
0.035631523952925064
0.035625567820848324
0.035621980834369474
0.035619040642639148
0.035618767872124986
0.035615961193147437
0.035614751334642002
0.035613961938000656
0.035604474665582579
0.035590309642859655
0.035580619561866665
0.035579964320515065
0.035579656821984183
0.035573380652028745
0.035568923293800181
0.03556522723907702
0.035542436403467347
0.035541103568318654
0.035536009223446838
0.03553527009012955
0.03553385967503099
0.035529869383554423
0.035526311451444754
0.035524575015839978
0.035523199159749469
0.035519016318486751
0.035498908507163397
0.035495247898946779
0.035489922789975599
0.035478640351595134
0.03547787534391833
0.035477491602896642
0.035476994243971285
0.035473379900675645
0.035470098289222457
0.03546784965230794
0.035451908480639789
0.035448307152656192
0.035446116815584114
0.035442637049375988
0.035441613643084353
0.035440122975806315
0.03543938808948402
0.03543910548720812
0.035432775576260407
0.035431899455326009
0.035429899450102179
0.035416112114976694
0.035414209868025195
0.035395619228611459
0.035391859401619749
0.035388129588187954
0.035387635065617901
0.035381826071756668
0.035381475728151646
0.035368539995977437
0.035361356355781394
0.035360085548658514
0.035358001939077434
0.035345025494912294
0.035340123422240528
0.035323647703738956
0.035314788530469501
0.035313206320754062
0.035311350837586075
0.035307149823760431
0.035305638083731494
0.035301672877758088
0.035294294193763141
0.035292857373993868
0.03529275958750288
0.035280614407110708
0.035274271156718495
0.035273374371744659
0.035258026187117458
0.035257789984296371
0.03525708774186611
0.035245737692406999
0.035238232826485111
0.035217964113489604
0.035216109495555072
0.035214015084272021
0.035211915343058994
0.03520919682227866
0.035204239143931719
0.035190938993950718
0.035186692799039965
0.03518150075569184
0.035172489153704675
0.035170531999100751
0.035168934060005388
0.035162826288218103
0.035161853784742902
0.035161841233398286
0.035148716535676597
0.03514798403130464
0.035146718261506518
0.035145917564073384
0.035143954036614904
0.035142089383367582
0.03514019940587286
0.035140095921084989
0.035139937683702042
0.035131324286098872
0.03512648610106002
0.035122997157153231
0.035120767195778092
0.035119312873107787
0.035113845092395499
0.035110308610820429
0.035106063116340944
0.035104181252203388
0.035103110366212033
0.035096409218434987
0.035092443960983155
0.035090760990786396
0.035089982302458883
0.035085863749562053
0.035085129149693507
0.035083219910662315
0.03507285716286869
0.035048338187734604
0.035046434566348719
0.035036959179198635
0.035034731774425024
0.035034390911969172
0.035027045439434051
0.035013392936896807
0.035003565984812426
0.034987170399217199
0.034985244135563379
0.034975619833042253
0.034975050102750448
0.034973008826051262
0.034966307281112156
0.034964958017189261
0.034963585454502871
0.034961311346002347
0.034958201715581824
0.034952181145304115
0.034948276582074583
0.034933910722612212
0.034930247884699728
0.034920798432761371
0.034916373049903221
0.034914826872690791
0.034896536870568033
0.034877263251481196
0.034875214740363786
0.034873116009045017
0.034869838836532753
0.034858050549988348
0.034852232557605438
0.034844768257523667
0.034843061788745681
0.034840991885044123
0.034840635653208621
0.034838495722241666
0.03482843522255178
0.034817047198438443
0.034814158728533641
0.034803239468472642
0.034798584610016843
0.034795384001177189
0.034795231126683639
0.034793596066595885
0.034790247589586064
0.034789939513347752
0.03478961574186603
0.034787087960796763
0.034778862532142837
0.034775066516769343
0.03477415292115784
0.034766324825129348
0.03476612714946941
0.034760288671329943
0.034757894439453166
0.034757856936800391
0.034756402571955121
0.034755260763067793
0.034746124490304155
0.034734217555609681
0.034733977343372698
0.034732029605410997
0.034720194102021124
0.034711179575301711
0.034704766546931713
0.034704363845208634
0.034702575862526397
0.034702382862486537
0.034675375250010618
0.034675241394955487
0.034673563301981652
0.034668637558341278
0.034667653597580103
0.034667098232792383
0.034660620686179353
0.034660204538345958
0.034655907231309908
0.034654299115061522
0.034652670120794364
0.034651978447904123
0.034643523444960765
0.034639745572075449
0.034634662407001131
0.034630945182049525
0.034626266072454004
0.034609062540456988
0.034604270103386507
0.034598460924286145
0.034597686892923606
0.034593309668495505
0.034588228673252612
0.034586400009553236
0.034581949557072791
0.034580083673842923
0.034565566298845218
0.034562559819989624
0.03456160768900339
0.034558110745322911
0.034557790074992933
0.034553593053500642
0.034553110245552056
0.034550414547091006
0.034549503983726394
0.034541117524465918
0.034538325608935015
0.034525635115638255
0.034513183227598665
0.034509837493727311
0.034508997297411442
0.03450823938566254
0.034502896225192405
0.034495402941776866
0.034492676408061598
0.034488256125427948
0.03448567643961712
0.034460022317843494
0.034450680845415513
0.034449227913836263
0.03444690145019403
0.034440439620567434
0.034428281304809835
0.03442715353555155
0.034421981108370331
0.034400772759170743
0.034399802795516951
0.034391926508186954
0.034391761179692802
0.034384205269422215
0.034382634423040861
0.034380422077265833
0.0343787914628658
0.034370776637149471
0.034369740500837943
0.034368497928321307
0.034366372790520336
0.034362379320221063
0.034359058356452005
0.034357204877693059
0.034349778515477783
0.034348713539624348
0.034343533725985996
0.03432528828623635
0.034322406819751801
0.034318621655851117
0.034316832640112101
0.034316227960810665
0.034310464481110269
0.034304016863980991
0.034303249869918589
0.034302490257823261
0.034291343374226568
0.03428736777838666
0.034284083874941404
0.034273911909551022
0.034270111038826788
0.034260079880839421
0.034259756073034282
0.034249962789142392
0.034239849639785658
0.034239480238299078
0.034239445341332997
0.034238773014809903
0.034235879296816062
0.034230654802064935
0.034221343936305895
0.034206208949286006
0.03420005912953164
0.034197992279818637
0.034197781949786885
0.034195399996385351
0.03419447437601382
0.034194181135969587
0.034192375223519707
0.034188311277431237
0.034188119600293707
0.034187805726645308
0.034183519091326067
0.034174146571256295
0.034173141739057403
0.034170109666142062
0.034169687218072516
0.034166067242736735
0.034165197466214471
0.03415969675813859
0.03415712810986047
0.034153171224985041
0.03414577732421889
0.034145609718083794
0.034145240815782948
0.034139221913815097
0.034126951793435403
0.034119016056645926
0.034117440620638234
0.034112342660422235
0.034108285357658211
0.034105516496390369
0.034104363344282136
0.034101765298087887
0.034098247550753136
0.034068151951080872
0.034064022910130061
0.034063676148016607
0.034059287124898079
0.034057280226793572
0.034052944395600998
0.034045883846355193
0.034034544830109044
0.034028678180202346
0.034028508679549707
0.034027466835847002
0.034027267855462395
0.03400825869987735
0.034004105987138232
0.033999274274623417
0.033998841255016309
0.033992132348449562
0.033986102017641087
0.033980288705470839
0.033973789304921544
0.033968620531466036
0.033962758574981926
0.033960818775728978
0.033958819204939247
0.033956634679972716
0.033942160495278796
0.03393302929871779
0.033932424447484462
0.033932304185323239
0.033932036930392845
0.033927595703253516
0.033917861971069108
0.033916938916807304
0.033913860989792988
0.03390944298338093
0.033908613747990674
0.033900588739441025
0.033899549446142152
0.033895362769082588
0.033893334482481496
0.03388784473544966
0.033876960846201412
0.033875103939161863
0.03387466715141068
0.033873090032036118
0.033865670303874829
0.033860125508187434
0.033855560414053083
0.033853553458817645
0.033853463934723854
0.033847060204239138
0.033840512404429361
0.033834847248918151
0.033828056070778871
0.033826794833421367
0.033826425567002279
0.033808719559074739
0.033806641382393442
0.033788406510700503
0.033781920316110249
0.033781840524634524
0.03377161760428965
0.033771132284041175
0.033764098255366456
0.033761303009806162
0.033756043901559243
0.033754809006517804
0.033748342376701067
0.033747851002586704
0.033725104096375511
0.0337148867529753
0.033706902412736488
0.03370574479392853
0.033701479088705875
0.033688516501853887
0.033687114391285203
0.033683607034691629
0.033676848652267943
0.033674306920599875
0.033671919478470161
0.03366967671978062
0.033666057512029453
0.03365773234888355
0.033653667646371246
0.033651248470535799
0.033645279764891095
0.033643260596513333
0.033635149878984513
0.03363383872085321
0.033630715907037381
0.033624190971120411
0.033615954636638155
0.033615302924400584
0.033606642131118532
0.033595137814746698
0.033590616587527523
0.033586713684224619
0.03357092327057111
0.03356511097652972
0.033564392783267352
0.033559814265527579
0.033557062873679822
0.033553267254144613
0.033544225736261937
0.033530916413179707
0.033523229529719742
0.033522451515324056
0.033519794238505839
0.033518127689025776
0.033517615725060623
0.033517493797635189
0.03351462833571929
0.033509397424338366
0.033508404426450138
0.033502022488097076
0.033501487500753623
0.03350135218216245
0.033497784312303096
0.033487166692761
0.033485388885273561
0.033480397384545633
0.033480141233698947
0.033477331975661488
0.033475928712051899
0.03347523937441875
0.033470333745709686
0.03346997570135922
0.033464941820722273
0.033462608479684054
0.03345509349422604
0.033451693627878004
0.03344981344035778
0.033441751494838641
0.033434668027731713
0.033426932951885646
0.033426242494897812
0.033409863386752676
0.033408931260458588
0.033408494011312975
0.033407618162193828
0.033404688278369551
0.033404057658167376
0.033402359204024172
0.033401097508808465
0.033400426062904207
0.033395661136229757
0.033383490410103626
0.03336791157493043
0.033367043630742901
0.03336683277334359
0.033361115082514103
0.033351216559105785
0.033345001452135661
0.033342094329285046
0.033341712357135282
0.033338365854731607
0.033319901900463363
0.033314286995870503
0.033313810987599231
0.033309163692297403
0.033306837844266461
0.033301915788595753
0.033293487181724556
0.033288555626022634
0.033285948805717898
0.033279603423189405
0.033278795817296314
0.033278256148071339
0.033266272021523352
0.033256843298745474
0.033253905506833638
0.033251730032290018
0.033246590771720812
0.033245579398853156
0.033241692561297283
0.033238550120367027
0.033234602154323417
0.033232201257104327
0.033229339213767743
0.033226744350129588
0.03322548628740811
0.033224533980198846
0.033222798493926571
0.033220226295494627
0.033218334080045278
0.033218135744170846
0.033207031922291991
0.033200091077453441
0.033197672175176024
0.033188854422566909
0.033188333275969185
0.033186550950029384
0.033185812664552714
0.033184062740439689
0.033179277410067529
0.033167759875635888
0.033165361380758498
0.033156375289976003
0.033152459252213627
0.033148765361683999
0.033143962545231248
0.033133502870133842
0.033126641476849079
0.033126224294958463
0.033122068073987918
0.033119757852163964
0.033103282922023497
0.033093266109172348
0.033091804327815083
0.033091583019551764
0.033089145172833824
0.033086738696502437
0.033084688151001997
0.033077394467861954
0.033059529991042211
0.033056245209389858
0.033055754834741845
0.033054276211968409
0.03305286523361517
0.033045826382688534
0.033041998243672731
0.033040268220310934
0.033034127551048349
0.033032206260696487
0.033028333223281789
0.033027341783989694
0.033026395628058515
0.033022750707067575
0.033013326456832678
0.033013106499532638
0.033012972922327855
0.033000192950768441
0.032999930833298802
0.032997560059742768
0.032997185517226586
0.03298961333557162
0.032989589371477765
0.03298935526318493
0.032987131619557478
0.032986416532951278
0.032979949567309833
0.032977290456019659
0.032977030514164084
0.032973881220725226
0.032973386532367401
0.032971251784922641
0.032968995817629701
0.03296678300078678
0.032966523700842312
0.032964909542055512
0.032962358816858314
0.032960688716583329
0.032954818843195739
0.032947826367503812
0.032944713605484961
0.032942022220145348
0.032939467495896192
0.032936896693354305
0.03293312181188042
0.032932562427858879
0.032930482601916396
0.032929678911175694
0.03292946948419976
0.032922923678135145
0.032922582981342131
0.03291298548751545
0.032912471476663797
0.032911576146624419
0.032909912803619989
0.032903763190087844
0.03290172392665603
0.032894310061260451
0.032886663655655901
0.032884192787637864
0.032871133512470917
0.032869077182422664
0.032863809557348966
0.032858562864640055
0.032851166519245911
0.032847523117235225
0.032842832702152887
0.032840299496716505
0.032836204246750565
0.0328174949139192
0.032815665581005855
0.032806947121438154
0.03280566593353073
0.032804688726058524
0.032804305359531161
0.03279776467635704
0.032788270149542095
0.032787089118375655
0.03277005138377069
0.03276229216692228
0.032760812707407987
0.032759688751074455
0.032758909816139201
0.032758898757174339
0.032758826084735036
0.032757773915196312
0.032753452884254977
0.032753051192517306
0.032748547721081066
0.032743554341893112
0.032742988750781174
0.032733461917675781
0.032724971983968197
0.032721097910582551
0.032719504609563764
0.032718331050615182
0.032709970864446401
0.032707381735674605
0.032696283128038482
0.03268411271198992
0.032674264096324297
0.032674103140198966
0.032670542621818274
0.032669169212298566
0.032657638417617915
0.032648313592066519
0.032646386658929903
0.032644892105232068
0.03264425903700878
0.032641395692284747
0.03264053159113469
0.032639022211806486
0.032626146770586451
0.032623243038468967
0.032609278953255418
0.032609221483510024
0.032608011246183871
0.032604350160845473
0.032603102621397699
0.032597973123525685
0.032589217057081933
0.032588190032498285
0.032580818712345944
0.032576911392073526
0.032573215701964468
0.032569614674332392
0.032569426465601133
0.032562107482709823
0.032560443801023256
0.032556949433065183
0.032554555193321656
0.032537902807351075
0.032536960421378103
0.032532728853672144
0.03252712497855325
0.032525304440472268
0.032522957345652852
0.03252202716537872
0.032514793362406987
0.032508135689675283
0.032507499021900831
0.0325066737835807
0.032506504796433792
0.032505595788980247
0.032499578807949847
0.032493583749930145
0.032491481965215334
0.032489092058486747
0.032477625404051212
0.032474482708489752
0.032469864813493565
0.032469041671757584
0.032465403793522821
0.032462786188162326
0.032462358969272721
0.032452875274399245
0.032451178383479384
0.032449642745003636
0.03244688164097434
0.03244479587728348
0.032442758659913896
0.032441295986422598
0.032434620027630791
0.03241909394689222
0.032408368950483567
0.032407421732029068
0.032407399717512664
0.032403921222482972
0.032400674472025791
0.032395578497757531
0.032390676257677255
0.032385746944054002
0.03238488778975742
0.032373506118439817
0.032363848063470431
0.032361183560256489
0.032356936140530215
0.032354026870311046
0.032348233252644749
0.032347376753222704
0.032344906035703919
0.03234115153875769
0.032336640623161515
0.03233640408645929
0.032328530061403807
0.032326723184314794
0.032326223311193697
0.032324708946639372
0.032318644355754544
0.032318293627136896
0.032317969697079826
0.032316718694858859
0.032312323886119633
0.032311675627488094
0.032309585675256811
0.032295472491666491
0.0322932721666973
0.032289340294392462
0.032287748879007233
0.03228433894273796
0.032283702560741076
0.032276333653355846
0.032276175924463892
0.032251912981298342
0.032245872952957694
0.03224578161666164
0.032243225632696576
0.032239880576528948
0.032232603230512635
0.032228930887204951
0.03222375921408438
0.032222604799929784
0.032221738645267874
0.032213366988347529
0.032208794171385204
0.032208181191283047
0.032205933886327857
0.032205744452085371
0.032203907520490314
0.032195693672958992
0.032194237412516591
0.032170706054719118
0.032169034931723489
0.032166993579033736
0.032166924061265
0.032162236693018216
0.032151461722832356
0.032150244053662833
0.032147219737604295
0.032145011423961041
0.032142313894355269
0.032135851725556303
0.032124902214890338
0.032112483291003545
0.032106519553579377
0.032105200739195171
0.032103473096740102
0.032098206059491527
0.032096835206594489
0.032095895775257698
0.032093718846659819
0.032093434233069887
0.032082055481120704
0.032076237206789357
0.032075901031214042
0.032069619386252891
0.032067736598878099
0.03206480510613436
0.032057815711524787
0.032052164267869811
0.032052039853520141
0.032050830114838974
0.032042582168303052
0.032027774245137738
0.03202598542834003
0.032025633875931887
0.032023389105851612
0.032018771617233502
0.032011201041647258
0.032010533215741523
0.032006155847552134
0.032005114063967138
0.032003544824957826
0.0320025913574353
0.032001127024520584
0.031997529089972034
0.031997027058279753
0.031996867323483197
0.031994702648846518
0.031994542058330952
0.03199002092215987
0.03198870588175378
0.031987029292884023
0.031984707170658461
0.031982171641003518
0.031979762345955044
0.031979251405220302
0.031973048402905158
0.031963057797162131
0.031961227925866732
0.031956432353060324
0.031953815437684392
0.031952787751313674
0.031950326921740706
0.031948334634064449
0.031947677002037267
0.031934120735431712
0.031929968549330563
0.03192852760164238
0.031925041592306767
0.031918021799344352
0.031916268090686394
0.031913420340173561
0.031910360345127321
0.03190971891073182
0.031906520857934224
0.031901855091829877
0.031898818600271751
0.031898435397943133
0.031897752877758236
0.031896361740392502
0.03189165800828226
0.031887387280902922
0.031885980589645146
0.031877320037747216
0.031876113055209133
0.031873950260939504
0.03186469523402391
0.031862312336273992
0.03185982131625776
0.031846280474465777
0.031841588783775687
0.031828875987758951
0.031823414807761491
0.031822144972279177
0.031821894036094533
0.03182106901009088
0.031820169472189075
0.031816378351061478
0.031814463959801108
0.031811819033403119
0.03180957122009432
0.031803528101610593
0.031801263311491988
0.031796778143697225
0.031796325686919008
0.031795723162833599
0.031781050641917351
0.031780104105653559
0.031778318605240788
0.031778267364683532
0.031772173433999039
0.031769942758461803
0.031759603064699715
0.031752046278499785
0.031739535424537411
0.031735239598853063
0.031732286019443355
0.03173214898534276
0.031729602486670005
0.031727666918769305
0.031726640924854027
0.031724112111470526
0.031716960435376716
0.031713672846469684
0.031711317942112474
0.031707015438998037
0.031703362660453607
0.031702814186365023
0.031699833086213297
0.031699579559777764
0.03169743999917423
0.031696036695199194
0.03169439281211265
0.031693305058956442
0.031675322535055471
0.031657481251242313
0.031656004797370373
0.031653751802296445
0.03165168490337375
0.031649119576158562
0.031643717775373122
0.031640870722579664
0.031632832443669961
0.031631310284091142
0.031631072371263162
0.031628471325949932
0.031628217057636028
0.031625817609216525
0.031623017891273072
0.031622051091708368
0.031621469770310197
0.031620496070667727
0.031612983330141432
0.031612295950095619
0.031611737050088559
0.031609391615439561
0.031601496917110165
0.031598942329796854
0.031596936402100546
0.031590309122060609
0.031585237117377631
0.031577877460656718
0.031577177838661367
0.031576089347617034
0.031575159569100612
0.031564416690663386
0.031559524627264149
0.031556502662033394
0.031553808393778915
0.031553802661290424
0.031546884361338449
0.031537959493827948
0.031535916150259843
0.031533146408169482
0.031527373198745955
0.031525484011476181
0.031524563405452573
0.031520094991503586
0.031519817626938035
0.031518776759989556
0.031517834543176554
0.031511005404796427
0.031509360984284286
0.031505428161071783
0.031500380789477797
0.03149457248047597
0.03149069828735869
0.031490687778129953
0.031490305826212782
0.031490174280710541
0.031489746644851477
0.031484960473945799
0.031484479679904434
0.031484256286036204
0.031479495953713084
0.031472838134731604
0.031471697173399399
0.031468431054457242
0.031457072119664933
0.031455934477016043
0.031450395337439069
0.031432359471600189
0.031427756027578892
0.031427308096317969
0.03142216442368051
0.031420879276352801
0.03141865932452427
0.031416192239063022
0.031412786348536344
0.03141221804503741
0.031408623583225201
0.031402620175328633
0.031399691735256072
0.031386989531513775
0.03138518597951441
0.03138423585510651
0.031383397893152885
0.031380322049351789
0.031370516585326677
0.031369014890196605
0.031365379156340752
0.031364518179375037
0.03136173455618349
0.031358854996074895
0.031357222274455261
0.031355202719728456
0.031353548290272149
0.031353319497587684
0.031353021607590875
0.031346892371357911
0.031342643685035095
0.031339688575636813
0.031338534397122655
0.031336351802101162
0.031333575409129441
0.031333019509107329
0.031329953790359674
0.031324215448898379
0.031323748974459081
0.031321458695941731
0.031320251503209696
0.03131799142183038
0.031316804219553962
0.031309205433374759
0.031308323570662551
0.031306304260878035
0.031290829038699008
0.031289492425300339
0.031287761943454291
0.031283839328146566
0.03128017536570056
0.031278570982277251
0.031276509084592466
0.031275390956860931
0.031271936782112313
0.031270241799246638
0.031267079768928958
0.031253914298668833
0.031251440015451527
0.031243771044935146
0.031235259550084587
0.031234483330674693
0.031233180177313618
0.031229520203797653
0.031227190710257917
0.031224184158875772
0.031223893862096515
0.031218812396801226
0.031210572448350082
0.031208236722618351
0.031208221763700947
0.03120585817754621
0.031197691330819934
0.031193002700827248
0.031191738151260244
0.031190529482343566
0.03119037770082778
0.031190045141710476
0.031187555821083145
0.031187288675134216
0.031186910100235336
0.03118660328716704
0.031183475110049232
0.031175755497709637
0.031169574685356208
0.03116055302384247
0.031159027895929409
0.031158996531817161
0.031158166830095296
0.031149136914347009
0.031148476537461986
0.031147567049021215
0.031144223825388867
0.031143838494364161
0.031143303108372523
0.031128270069868992
0.031124459592598696
0.031123450890430067
0.031120417980785926
0.03111631351691466
0.031113894171289742
0.03110346038779941
0.031100143885080048
0.031098480067020276
0.031090553452946111
0.03108957261879073
0.031084952057469094
0.031079643904391916
0.03107719369814892
0.031077064428061432
0.031073556121634326
0.031068610889809157
0.031066475750837718
0.03106240713124608
0.031058755099562733
0.031054047538601443
0.031052145395546966
0.031049013046989728
0.031046066219287915
0.03104008201988994
0.031039641749937719
0.0310395442188671
0.031038432690513418
0.031031792247605133
0.031029195271770806
0.03101485888101442
0.031001401479998497
0.030991080431610748
0.030984363279851303
0.030984015074851566
0.030975858890684705
0.030966305863502852
0.030963974517050592
0.030961792993571616
0.030960250447353829
0.030956659612908697
0.030956548941603892
0.030955009297564152
0.030952428586256367
0.030944203534482642
0.03093658936170432
0.030925181278200535
0.03092233431334402
0.030920325971122289
0.030919963519519627
0.030917314068963222
0.030916562654967193
0.030916555473927278
0.030915736399268503
0.030903294935820086
0.030900189882435914
0.030898971146382601
0.030890040973378687
0.030888237845398795
0.030884463398664401
0.030884379468287822
0.030883193239067946
0.030882355055019052
0.030880002689295714
0.030878981998419357
0.030876554491286786
0.030873075793758455
0.030872463400749804
0.030872262467613622
0.030871303276162235
0.030866313578201281
0.030865048555024678
0.030863440778534455
0.030861422574704957
0.030854357011827819
0.030851600521551573
0.030850330556228208
0.030848129843425734
0.030847704638672587
0.030839398564564524
0.030838230492890615
0.030833724167060289
0.030832319502481123
0.030826415720098314
0.030822870608076917
0.030818823503729977
0.030818808286097694
0.030816095781823555
0.030814531043450215
0.030809151555036416
0.030806577031301234
0.03079992521870669
0.03078936875946978
0.030784518590607182
0.030781612788355749
0.030766266197296908
0.030758864116190703
0.03075261713124372
0.030749216341041517
0.030747702088834906
0.030746486051612853
0.030738120082719159
0.030735742559882678
0.030730447999786047
0.030729720370703945
0.030722413777844629
0.030718606217851569
0.03071135283179641
0.030705973289310309
0.030704792887397969
0.030699375232841615
0.030696234897347699
0.030687284025556059
0.030686065228531487
0.030685999027809448
0.030671780668687351
0.030667519605947102
0.030658418195642183
0.030656049413203591
0.030653481812099558
0.030648174333632396
0.030645721066017494
0.030645680437471678
0.030640313651683498
0.030626644997166764
0.03062457852535928
0.0306133070627751
0.030606237675212998
0.030600905158049696
0.030599844602303358
0.030592946242053831
0.030590988094683792
0.030589159815136678
0.03058861846745075
0.030588464471939601
0.03058548984907174
0.030584890082511161
0.03058475523872365
0.030582582862071162
0.030574336346566724
0.030563503149043065
0.030560973499454146
0.030558708855785925
0.030554802922929985
0.030552730395486748
0.030551769851072733
0.03054504350497482
0.030543012933688381
0.030526705855492525
0.030525372405926402
0.030522663936929106
0.030522370797393592
0.030512208738327096
0.030511295653944268
0.030509541547781075
0.030508336803626562
0.030507102155061677
0.030501205562984562
0.030499467692841172
0.030498534513776807
0.030494109270263338
0.030493124494899656
0.03049198413857971
0.030491637662771121
0.03048961139629601
0.030487560077211914
0.030485413961216082
0.030472795300318337
0.030466006610424885
0.030465343247801577
0.030464366267000862
0.030460248101600099
0.030454737106010109
0.030454412517013005
0.030449135822668828
0.030438889926888941
0.030433184875020315
0.030431190124746821
0.030428213492360568
0.030419491103989591
0.030414295833698844
0.030408462396077082
0.030406909555753661
0.030406043385577477
0.030405868230076051
0.030405584779113568
0.030400699376730188
0.030395958379598912
0.030395228392654228
0.030393031302159486
0.030388283786612499
0.030387113095092975
0.030383541561818581
0.030381937094008538
0.030380633745952165
0.030376270409916244
0.030376165056559636
0.030369376685855598
0.030368000572873814
0.030367689313737921
0.030360641236333707
0.030353162388163848
0.030353069911564941
0.030350152697696069
0.030342536091001637
0.030335532325642924
0.030332842129124651
0.030330229365349171
0.030329996704746259
0.030329046227594192
0.030325861623690189
0.030321947292076847
0.03031616363040263
0.030314295480555198
0.030299974580774335
0.030298063691477115
0.030297231214090187
0.030291774172294197
0.030290912885595475
0.030290885965457894
0.030290636298465356
0.03028739988152675
0.030282795753027201
0.030282479282626788
0.030279933005773783
0.030277615704737155
0.030277095087919217
0.030275256568730612
0.030267827855530432
0.030266329658765617
0.030258656020053377
0.030249246588379082
0.030239521185666317
0.030237792446455775
0.030235420211684284
0.03023360302520486
0.030230719044855994
0.030230199059216135
0.030227956091029885
0.030224008514074717
0.030223818595710369
0.030222470122453673
0.030207131351959533
0.03020623842446056
0.03020149344113076
0.030198988606097401
0.030191974186286202
0.030188754541496145
0.030188561142688867
0.030186039313775347
0.030180218285580124
0.030173357609392264
0.03017124583783538
0.030169643153418284
0.030169344237672324
0.030169227943288676
0.030168529383121343
0.030161030143567913
0.03015017069364595
0.030149945615899044
0.030134330861021168
0.030133536847038796
0.03012419395633166
0.030115484667324346
0.030112208933368204
0.030107722767100463
0.03010573839169391
0.030098548739894555
0.030097287872265489
0.030093569683377105
0.030092012072409653
0.030090393141237775
0.030087967163226655
0.030086387834674471
0.030082792094255233
0.030082044530480381
0.030079190221784069
0.030075303848227555
0.030072630618079538
0.030067034411018011
0.030058216774606007
0.030054116945592367
0.030047963559025472
0.030047909301281883
0.030047627572761477
0.030046980226019301
0.030040870404462083
0.030035340692686988
0.030035168155180394
0.03003489122781058
0.030027645620226313
0.030025373476372977
0.0300174045056875
0.030015966638750478
0.030011626250376521
0.030010939278592708
0.030006483730851265
0.030005274920445777
0.030004832912413581
0.030003314177857485
0.030001326012639412
0.030000758973714462
0.02999316015030146
0.029992200210876716
0.029992050971161931
0.029990476871618921
0.029982187143529147
0.029979264285331018
0.029979041892534045
0.029977832357752029
0.029964985411259786
0.029961293170810085
0.029960828988649466
0.029957455869480665
0.029954442621875958
0.029953423337934465
0.029945702329940441
0.029942509435410939
0.029942388344625551
0.029940477249982386
0.029938287449035931
0.029918062825412772
0.029908844243812502
0.029908771320959971
0.029905577200574754
0.029902202536961246
0.029899846838370887
0.029898790741188341
0.029895638250356439
0.029886838659902413
0.029883539231456653
0.029879522201078014
0.029878784239078894
0.029877963263959792
0.029877943452936106
0.029877446127056357
0.029873692515056654
0.029870743263257907
0.02987008576380876
0.029866843773368179
0.029859701088019969
0.029855386720374598
0.029852418903680244
0.029832680785617266
0.029828793982055238
0.029822000247737901
0.029817658872464865
0.029815704172958687
0.029804876749149448
0.029800800883797381
0.029797158958786294
0.029790184729509579
0.029788467361403274
0.029785512247703805
0.029784896491228001
0.029777208008580584
0.029771454257158502
0.02975969287597266
0.0297549854740571
0.029752683994229909
0.029747464388758443
0.029743337475049526
0.029742095311880976
0.029740081607249398
0.029739944678898362
0.029739561675091737
0.02972668223061084
0.029722084318946115
0.02971897414189965
0.029712402418408456
0.029702928842587274
0.029695581821690568
0.029695324165672228
0.029695289235842592
0.029693304234700249
0.029692436515317552
0.029692146238266614
0.029690928868309523
0.029680854858537584
0.029678405441842776
0.029667068560658115
0.029665944544926791
0.029663502990325545
0.029662948241278273
0.029645070930802521
0.029640125212872449
0.029637154876698994
0.029634847536634021
0.029613950410005155
0.029609680718309803
0.029594472042281189
0.02958964651336805
0.029585423950561726
0.029574151513290368
0.029573649010056671
0.029572455856346318
0.029569948762877343
0.029568454713734885
0.029568421219764707
0.029567786798916456
0.029563420163708949
0.029560307402495035
0.029556113331616795
0.029556096304764534
0.029553167720647488
0.029552052128965875
0.029549340155341938
0.029544048595042855
0.029536428408745364
0.029522476563682915
0.029521865044898902
0.029515712312985668
0.02950851189519349
0.029506337246189722
0.029500144359071393
0.029499184721627693
0.029496540136467519
0.029493507495987954
0.029489154608470111
0.029486145085971964
0.029477291323765486
0.029476212213551595
0.029474844726247781
0.029473680454367199
0.029468456396960045
0.029468146637706083
0.029466308724577527
0.029464454820340828
0.029458743780389998
0.029445705747468319
0.029440118616260825
0.029432987088578975
0.029425877129316606
0.029419179464222428
0.02941830853969428
0.029417344327378407
0.02941261592373929
0.029409811693191359
0.029398889793303382
0.029391655361874946
0.02938966560103012
0.029388223414506472
0.029381495262966906
0.02937689658785481
0.029369279080465382
0.029368312237246015
0.029367652481139966
0.029358626088070241
0.029353373843542727
0.029346630941673474
0.029344178963709871
0.029338900528321166
0.029336949500331333
0.0293352358339391
0.029331080701257225
0.029324648825116158
0.029323499793660723
0.0293210287188061
0.029313746471929442
0.029295599083121453
0.029293960544210049
0.029291077373156386
0.029289949724214292
0.02928214629377001
0.029281284090393881
0.029279120410920182
0.029274948577917296
0.029271042998416996
0.029268824399439754
0.029264409078672268
0.029261252479885546
0.029246257346315179
0.029241259508447501
0.029238847768500217
0.029233415215631574
0.029233004326752236
0.029229840821354658
0.029229459304019177
0.029227295879992364
0.029224443152264131
0.029221751178426549
0.029221403691682326
0.029215562243582849
0.029213635063154123
0.029213449274108627
0.029210466284786411
0.029209228067480622
0.029208087967456019
0.029199774472476528
0.029197281444004502
0.02919331270955525
0.029190613250640093
0.029173566887929429
0.029171410044902053
0.029168327496606333
0.02916773369291193
0.029164930145922745
0.029161657318423802
0.0291596639038979
0.029157429628634268
0.029154460285638121
0.029149891293514085
0.029149423061974985
0.029143135675908444
0.02914209663092851
0.029140777125016712
0.02913835692312533
0.029137916670860006
0.029136820482099011
0.02913653893720065
0.029130299825996381
0.029124290080228425
0.029124101117873655
0.029123911010079447
0.029121587991868893
0.029113863744801117
0.029112532041943615
0.02910137479717086
0.029100177316239553
0.029096183090696431
0.02909438671569993
0.029092269687184071
0.029083441700878281
0.029082638824206093
0.029081066685191049
0.029077006024040945
0.029076223582179143
0.029072297953244192
0.029072219050953772
0.02906939694894068
0.029068837973428331
0.029066976930132764
0.029060080231715583
0.029054064970464453
0.029053125367247693
0.029051640941800089
0.029051402025612232
0.029045557497653803
0.029044510783225602
0.029043609658933867
0.029038077850416778
0.029035044714439448
0.029033341641955538
0.029031365581029409
0.029029867276455807
0.029024790593835038
0.029015244344771922
0.029010009707544422
0.029009038443292137
0.02900847259337884
0.029005244798272923
0.02900236295762593
0.029001809036850703
0.028999148505423695
0.028993943100960557
0.028991897318571786
0.028986744388705441
0.028984428332704957
0.028983571042358085
0.028983352490247631
0.028978871934486703
0.0289724249360865
0.028972264569596971
0.028971214681578549
0.028957571978714899
0.028936772097463363
0.028923082282734464
0.028921470791382301
0.02892082322438445
0.028920052282214927
0.02891738866827934
0.028908725028889793
0.028903541866664773
0.02890109801984192
0.028900070544707671
0.028897259094771359
0.028896929426351348
0.028890756085519591
0.028889977235933926
0.028876823909455066
0.028871772831439307
0.02887109935213316
0.028869584354404291
0.028865875986133969
0.028865304212243044
0.028865297004949081
0.0288651155670899
0.028864629655487532
0.02885580027111706
0.028854979881794422
0.028854575042916497
0.028828372044026742
0.028825721585412037
0.028812479810672389
0.028811036256709405
0.028808445872648684
0.028798386750832045
0.028797759191677107
0.028792872077795843
0.028789238866773842
0.028786513423517613
0.028783039839993963
0.028781554222245827
0.028776000816125136
0.028775587524726913
0.028772632921197874
0.028768747478577397
0.028764241832168903
0.028764135180190557
0.028762786780738157
0.028757181898590532
0.028748183643305347
0.028742939390028928
0.028740852332980155
0.028737814837797252
0.028720168448155885
0.028718661099368104
0.028718310733818787
0.028718237255664157
0.028714101798319198
0.028713976586701006
0.02868798103611148
0.028686830106683089
0.028686781430599755
0.028684051607043633
0.028683300323054294
0.028682530846835138
0.028682162425225428
0.028679930427336874
0.028676939616653213
0.028672254861575215
0.028662472235261711
0.028651688071897736
0.028651613918287699
0.028651198382935578
0.028644620168973664
0.028637212753564862
0.028633331988438676
0.028632108575565588
0.028629867524495062
0.028629507352171426
0.028625554345180368
0.028624594422135025
0.028618084880600858
0.028616114160006156
0.028604709323309035
0.028601818844665759
0.028600904549536545
0.028596814493141307
0.028590566633734073
0.028590464489796737
0.028585181465084972
0.028582735533416052
0.028581027734309691
0.028580341716017862
0.028580102583655679
0.028578793946619625
0.02857407334735888
0.028564738943774384
0.028551259734903096
0.028548658675904809
0.028547965297806503
0.028546523976208781
0.028542789760716055
0.028541860551684492
0.028533853621301342
0.02852828430914673
0.028519499358253726
0.028519101850745028
0.028518549396457739
0.028514084873657058
0.028510313671920848
0.028506080263013715
0.028503744969293605
0.028503427574240042
0.028489156776840312
0.028489050690195569
0.028487514809329838
0.028482092269058904
0.028478545453780747
0.028477162375866966
0.028474595613909821
0.028471438237820633
0.028470261460803233
0.028466574746674425
0.028461798186281074
0.028447909511823216
0.028447044402088565
0.028442852312115845
0.028441785941309
0.028437592050198714
0.028425371716494636
0.028425170642455991
0.028423782651028056
0.028417375659097223
0.028415331150963348
0.028413903479842673
0.028410069464684655
0.028409568795001752
0.028397334814184175
0.028396575984289803
0.028393020776413102
0.028392881362537228
0.028391764454661111
0.028388359867681973
0.02838390681268271
0.02837339384068234
0.028371117514321736
0.028369046844471252
0.028360098738434435
0.02835762655867391
0.028355856439689728
0.028351128159267575
0.028349741620373365
0.028347975887691862
0.028347848340941693
0.028339645243794443
0.028338920553039743
0.028333539074751685
0.028329234606649517
0.02832485716671947
0.028322366067525469
0.028320014614744708
0.028316542381852584
0.02831611276383977
0.028305676432501082
0.028305231825920707
0.028303791822213199
0.028301821454212912
0.028301343259397961
0.028300672552242202
0.028296073333028349
0.028294844629867005
0.028289054183507023
0.028284648283215252
0.028280660585736864
0.028277735392353696
0.028277293458520172
0.02827396682932427
0.028273015116622353
0.028271656754157274
0.028266919947614995
0.028262366242655435
0.028259564754502038
0.028254988027079864
0.028254091734458576
0.028253989925725875
0.028247937325700002
0.028246699647099395
0.028244183923992416
0.028243805888438622
0.028242282845465389
0.028241115652346434
0.028233387799343306
0.028231120737376492
0.028230098130902506
0.028228764183170038
0.028224938276119257
0.028222232006104724
0.028221245446586423
0.028212867463924894
0.028209567514573694
0.028204129657611345
0.028203664758427206
0.028200485416676361
0.028197965416081341
0.028194410096534884
0.028190856471209388
0.028186880461293879
0.028186348913872967
0.028185873016204243
0.028184856330831017
0.028182557508957526
0.028181576739494812
0.028173622616642528
0.028169769707890178
0.02816648516305054
0.028158814527332755
0.028153414284895012
0.028150495013741204
0.028149377152872031
0.028143704203849242
0.02813960861229179
0.028139085188967541
0.028137673491576878
0.028135786770878801
0.028129644143328816
0.028123677173572798
0.028119594648836448
0.028118604434527562
0.02811488282471861
0.028110216882003384
0.028107255630291046
0.028095613050507093
0.028090653653566916
0.028089730814984774
0.0280891179016323
0.028087031403225309
0.028086818906956919
0.028085958522021896
0.028085891789058764
0.028085847521229793
0.028085821092683164
0.028084939524479668
0.028083667073181915
0.028077001258320303
0.028074751962847547
0.028073308645063532
0.028072943961329064
0.028066274823322242
0.028065799582864832
0.02806513683317613
0.028063164563926317
0.028062665618081833
0.028054991259120352
0.028052373053132719
0.02804659811437446
0.028034770756835001
0.028032746454864053
0.028031016208560338
0.028014629163637797
0.028013756119979315
0.028010575520058253
0.028001608873515448
0.027997432335888701
0.027996522215681913
0.027992888382391914
0.027991705044489657
0.027986400467165169
0.027985406333135038
0.027985092789726187
0.027979495957058381
0.027968183742399517
0.027967308780865553
0.027961812840506268
0.027958900247894949
0.027954662316142218
0.027952968463116096
0.02795240067515865
0.027952252448488257
0.027952026089693469
0.027950510918445654
0.02794457742889786
0.027944160590613793
0.027941986942296746
0.027934031649725702
0.027931597290717692
0.02793106262075392
0.027926318275724095
0.027923874758804836
0.027922221082418552
0.027917198639871271
0.027915322629280811
0.027913867874504377
0.027906409991704784
0.027902329651964264
0.027900840597390883
0.027899885109563
0.027898290699229597
0.027895007997764933
0.027890408182394688
0.02788850856662245
0.027887929864076882
0.027883658952113109
0.027882982783518476
0.027882894005951859
0.027879122214349784
0.027872925519908803
0.027869091161117399
0.027866976653170734
0.027865005531582974
0.027864403356399777
0.027858195262986364
0.027855714026750775
0.027854987990743162
0.027852267634132698
0.027850165346760082
0.027847090978000755
0.027846458006263022
0.027843923632023333
0.027843319596926999
0.027841536494893765
0.027840203535348523
0.027839805712383849
0.027833958575058167
0.027832911122253185
0.027831653072621716
0.027829752683591464
0.027829225274278543
0.027820287877480233
0.027818301111942428
0.027815270966130352
0.027812127015769812
0.027812072638630635
0.027811170489951201
0.027810529808076946
0.027807533289168167
0.027807509866462764
0.027803970259079207
0.027802793962089376
0.027802687066744467
0.027800595263715554
0.027799148210088692
0.027797662342314955
0.027793416289379251
0.027792275467213544
0.02779128397967897
0.027783448520475627
0.027773770709923845
0.027772911686039067
0.027770780198597536
0.027767149555505452
0.02776521155503171
0.027763001474130002
0.027762994929240663
0.027760566378457641
0.027759393144742968
0.027757133371732998
0.027748410617860243
0.027745901287737778
0.027745489000210261
0.027743879420727476
0.027743295848960108
0.027739968586619528
0.027729794819376589
0.027725212539000198
0.027723739456337458
0.027721768355260849
0.027718154764791756
0.027706504650946963
0.027706415788131863
0.027706317745221396
0.02770512285212395
0.027704115491792816
0.027692113345820456
0.027688363405626307
0.027688241801287577
0.027684060749671714
0.027675184442462253
0.027670287207808203
0.027668274503779355
0.027664692027605881
0.027662935895262714
0.027660268686410749
0.027660205791069245
0.027658690302674288
0.027656622062885508
0.027656445114653039
0.027655155625239833
0.027652799403095629
0.027650574631373343
0.027644699675349074
0.027644363262581677
0.027642969918836989
0.027642169505438092
0.027635106343867604
0.027634446340532776
0.027634056230259753
0.02763119988357806
0.027631131761520787
0.027630087437853217
0.027630013565021656
0.027627936966611869
0.027618005304973138
0.02761651887462116
0.027613823039118964
0.027610953126427737
0.027608182854092368
0.027598192880908964
0.027596652763968513
0.02758964867837433
0.027588488406613938
0.027579147140018922
0.027574468373347549
0.027572174414117266
0.027571615347016076
0.02756375296855787
0.027562569647717083
0.027559942279021553
0.027556906314897069
0.027556474851212379
0.027554986642821345
0.027553527849285563
0.027548883226866518
0.027548390824453331
0.027548121893636014
0.02754207849753363
0.027541734449155954
0.027539394623095903
0.02752941986366739
0.027527268463261697
0.027520835181716767
0.027518860171758152
0.027514820367163479
0.027514429032962237
0.027512969595236341
0.027510415575179522
0.027510390157875094
0.027509247149149048
0.027498875159873561
0.027495010075623483
0.027491197996658903
0.027491020725091683
0.027489295137156089
0.027488225305073253
0.027481179926972639
0.027479078239093457
0.02747435603793013
0.027471215724609595
0.027468080241375051
0.02746562630479981
0.027461349202812277
0.027460499142287542
0.027454795301015817
0.027452123490911289
0.02743803401657352
0.027436602924415261
0.02743382100395618
0.027428493653747308
0.027420628864722643
0.027417769159563003
0.027416277658127864
0.027416218256479403
0.027414728106007313
0.027411392386014505
0.027411192451115774
0.027410931877429184
0.027409352651487293
0.027408904370160053
0.027408066138759669
0.027406313457333201
0.027400147190741558
0.027395813123654369
0.027389468806786315
0.027388554267815373
0.027387377726472106
0.027378429606128001
0.027373980548866892
0.027365018722227068
0.027362555964378511
0.027360833223065675
0.027354826948451653
0.027352387154213342
0.027345453673440562
0.027345120507144119
0.02734431679947863
0.027342473527971565
0.027332183598474141
0.027331011126570638
0.027323330774867073
0.027323268699250558
0.027317216011772498
0.027316204854730013
0.027315990529913375
0.027313349605374206
0.027313189487505697
0.027308944558765667
0.027308869254382393
0.027299756413051195
0.027296952162935019
0.027294430457545565
0.027292370150256699
0.027291828826209754
0.02729169253013659
0.027290345175165442
0.027288616093724578
0.027288297302870544
0.02728503142032887
0.027284500192729148
0.027273060825309149
0.027269898006272261
0.027264997929236305
0.027263355018277237
0.027255312643916046
0.027254964575697229
0.027254650212370272
0.027244118350934175
0.027241191014171794
0.027234690900298578
0.027232431517190119
0.027228776083223927
0.027225602968088999
0.027223928568922889
0.027222269083171571
0.027221857882727109
0.027217930080046342
0.02721730676157802
0.027215007194417162
0.027211064920446885
0.027209395094994395
0.027207670466212034
0.027205171073886675
0.027204290002243725
0.027197952165173355
0.027195840484869407
0.027195258697533982
0.027193535518010965
0.027188116896308269
0.027187980583200579
0.027187451039566553
0.027183735785695044
0.02718248650070958
0.027178131770771174
0.027175623599817865
0.027174471311727452
0.027171453790440399
0.027169604519865723
0.02716775693714998
0.027156851216340171
0.027155089991067253
0.027153293670811218
0.027149940990324244
0.027134876849536509
0.027115844624493242
0.027115675120011288
0.027114770114011626
0.027110572506034027
0.027107040162337163
0.027106211088475777
0.027101687725746171
0.027101659757108182
0.027099818785909745
0.027092616317411292
0.027078473911115758
0.027078125938561584
0.027077878360244109
0.027076903999745796
0.027069909835366435
0.027066388325823719
0.027059777540215661
0.027059337132947517
0.027056471885944615
0.02705290368126859
0.02705290165690551
0.027050616617359184
0.027050433806507974
0.027050128481292811
0.027048505083147233
0.027046159440599446
0.027044835976779164
0.027043150329935154
0.027042375580543072
0.027035070842195176
0.027034650563616279
0.027023074585857423
0.027022527063418383
0.027020047917851814
0.027017698893260934
0.027007651526990258
0.027001648083414299
0.026997714070417886
0.026997687997911777
0.026995598994540106
0.026984502749538515
0.02698036848015781
0.026978625618669788
0.026972787216783378
0.026971235851283141
0.026967640146955935
0.026967522884873505
0.026965571775826168
0.026963355867139435
0.026962279445488947
0.026961839500904909
0.02695942438571448
0.026956636004907636
0.026955996676416332
0.026954933117887343
0.026954477306486157
0.02695190206442474
0.026949861972459802
0.026949818183610388
0.026943789708414826
0.026942711095835147
0.026937453515409208
0.026937082860574436
0.026936366288669862
0.026929810972729749
0.026927179295090788
0.026925900187853048
0.026925387416236152
0.026919264168353146
0.026916065500746305
0.026913521587757349
0.026910899561139155
0.026906893382467781
0.026906071070070921
0.026903102571041875
0.026901400793003172
0.026900761709914792
0.02689907814489494
0.026898326917332092
0.026894348188232983
0.026887400819106219
0.026879909303184693
0.026877930778029985
0.026876307286764361
0.026873929777190775
0.026873321230112386
0.026866729792562716
0.02686507483474794
0.026864099433299961
0.026859562527911059
0.026851454712224727
0.02684643437951309
0.026840091090787232
0.0268383219721995
0.026835370477878095
0.026834879833115822
0.026829137567673286
0.026818889946351728
0.026818243856466615
0.026817964142158278
0.026801673964850999
0.02679227505471141
0.026783762700755272
0.026782596137392835
0.026777320638662516
0.026776758503399341
0.026771879079698805
0.026770769014198229
0.026770209719337402
0.026769788977693214
0.026764946978848337
0.026764944533280204
0.026764441719761802
0.026762017088378769
0.026759466472085838
0.026757894542919387
0.026755820040635078
0.02675209588886119
0.026748427689520043
0.026748047126734637
0.026744589700445211
0.026744094979940996
0.026739395642188395
0.026736006769303731
0.026734803626251642
0.026733792890070891
0.026732494616672677
0.026721141574942889
0.026719369367585209
0.026717378720988959
0.026714207543450316
0.026711837415366129
0.026709146825187113
0.026707868627025955
0.026703109490896198
0.026699929196075396
0.026695442298827154
0.026691415814452623
0.026683298366432073
0.026680371545768498
0.026662961272060977
0.026661654683630891
0.026654879655759613
0.026651741794551553
0.026649697684978105
0.026644652275421947
0.026643059971633812
0.026641569634491921
0.026638465709126032
0.026637025104607644
0.026635085619238063
0.026622988770356897
0.026620287802945942
0.02661591270789819
0.026611566306320732
0.026609775203758578
0.026609645412972803
0.02660058018787172
0.026598286982037613
0.026593766607729143
0.026591189736896496
0.026590243172353322
0.026583765303493278
0.026576730364523557
0.026571947362393617
0.026571671382336744
0.026570476395946924
0.026567428714358597
0.026566645947617269
0.026566199898423744
0.026557440322381196
0.026555337229205681
0.026554141540900467
0.026551880615066536
0.026549681769461073
0.02654913175960651
0.02654488688427983
0.026543720053916232
0.026541880619653301
0.026541293712113303
0.026541283242733842
0.026539765480745679
0.026539545439343407
0.026537115870986762
0.026535865704418276
0.02653560734152768
0.026534460820464241
0.026524377097701172
0.026522038526944458
0.026517922575269502
0.026516248698333137
0.026501544058569672
0.026501245140199931
0.026497826135169451
0.026495199967851851
0.02649095456874314
0.026489352701489811
0.026487388914032534
0.026483932444343484
0.026477122277604691
0.026477020325398577
0.026476470223549105
0.026469578547457993
0.026468061261738951
0.026467476821736079
0.026467410860029929
0.026466155780216716
0.026464420022458041
0.026459639098136985
0.026459334056815473
0.026457340750414813
0.026457139133886042
0.026455804393073778
0.026448152679399799
0.026440313202799826
0.02643719751999124
0.026434925348693249
0.026434737309063809
0.026432222637310879
0.026427556419248252
0.026424723808596218
0.026424088567090796
0.026423808786118223
0.026418593833860225
0.026405978684091138
0.026398256741781638
0.026392384225894877
0.026388426814320291
0.026385835782233798
0.026385539651412163
0.026371876180090372
0.026370151037547085
0.026368361286067961
0.026368357427885319
0.026368141660796516
0.02636508296211287
0.02636475366527791
0.026364669946133294
0.026360872932972582
0.026360173736255214
0.026356843929502632
0.026356681265639947
0.026355667565151078
0.026352624816667718
0.026352599323930258
0.026351556585958506
0.026348291607582609
0.026347838512213569
0.026346471941298542
0.026339250116325846
0.026338068829062547
0.026336293895876359
0.026328665025810619
0.026326610326200817
0.02632320207114909
0.026322485435227687
0.026319233139940029
0.026318733679434651
0.026317874192444763
0.026317070930495699
0.026316421353077726
0.026308957332554114
0.026300211022768118
0.026299459558957742
0.026297437543489306
0.026284564757401003
0.026282516161133779
0.02628139855919014
0.02627233574889231
0.026272026715669878
0.02627098896802146
0.026270060038291399
0.026267778388698856
0.026265774696124487
0.026265219358085994
0.026265136373117674
0.02626310172189732
0.026260268592890941
0.026257509619826043
0.026249428292724156
0.026248365281848471
0.026243342773069597
0.026242235044934472
0.026241678941699095
0.026236605556958555
0.02623281217647877
0.026231748830346523
0.026229779099386594
0.02622851257206029
0.026228241739298233
0.026227407902862189
0.026225607340456227
0.026224575442621984
0.026221777580616723
0.026218349613982863
0.026210984403773493
0.026210925144731046
0.026205175686355352
0.026198532833476659
0.026195341725439272
0.026192424641150729
0.026188707705499477
0.026186039954806502
0.026176367693041835
0.026174390318153995
0.026174384970274377
0.026173645974416883
0.026171671559948657
0.026169732699613243
0.026168769420988558
0.026162682388884178
0.026161676528398559
0.026160690937819787
0.026156493699961623
0.026156149651984741
0.026148217700344468
0.026147251992810514
0.026138563251679955
0.026138149653002526
0.026137247526169777
0.026136749823250763
0.026134029243280288
0.026126966736763901
0.026126142044095128
0.026122634604439209
0.026122541600408378
0.026122365650879713
0.026120852582342202
0.026120701111229688
0.026120286208064808
0.026108462222335625
0.026106204989044052
0.02610257057006464
0.026098029260094607
0.02608962845473423
0.026086321061829759
0.026078295727503878
0.026076253642695339
0.026073986794154388
0.02607272040959311
0.026071618116919017
0.026065302936356418
0.026063978639371665
0.026057738698022623
0.026051140301825232
0.026050480444680005
0.026042336953216002
0.026039008558495766
0.026028460229733767
0.026019636064188428
0.026019476058838992
0.026016414115836845
0.026015520559940601
0.026013741301101592
0.026012527177043519
0.026012463592274958
0.026012225897426355
0.026009392647218216
0.026008542696867105
0.026007363895776268
0.026005499294431744
0.026003974499918481
0.025999449257628569
0.025988733103043362
0.025982271436429755
0.025980320320432147
0.025972290644018705
0.025970027918265349
0.02596916897698974
0.02596417086119512
0.025958057117381739
0.025951990446558059
0.025950724453121153
0.025950249907729192
0.025949257298762893
0.025949189332165223
0.025947393572534554
0.025946097702303859
0.025945593073957503
0.025945434425557579
0.025945341209778146
0.025943694054165415
0.025941552244821475
0.025940564545562417
0.025939899080148647
0.025939182456207868
0.025938017958411948
0.02593457808215522
0.025930486213463833
0.025925481370201557
0.025922568267324423
0.025919713041240272
0.025917222711084844
0.02590645879834183
0.025905380205679916
0.025902168500715941
0.025900206154325138
0.025897720413196133
0.025895420029862982
0.025894596476105401
0.025887824254778279
0.025884879253972849
0.025881223084192641
0.025879428786101881
0.025876139408499445
0.025872725255299343
0.025870290881626439
0.025870088105142224
0.025863240483920094
0.025863102705097889
0.025859384376583788
0.025849319248414049
0.025837524140005334
0.025834416523260455
0.025830782667889123
0.025829621754141822
0.025829304820179977
0.025826940494994566
0.025825132069965825
0.025817982500743429
0.025817439590119583
0.025810748323377822
0.025810678218917634
0.025810331693864947
0.025808820143778652
0.025806890260219716
0.025803733271955488
0.025799204672145998
0.025798570855202898
0.025796025998029257
0.025787144701596716
0.02578506911597259
0.025783784746017033
0.025769178565302611
0.025765186455080843
0.025764586328028256
0.025764400857128535
0.025759727609838065
0.025759185275981832
0.025757398789783753
0.025755705562837822
0.025754535991194604
0.025754486073018223
0.02575295816966439
0.025752141708324714
0.025752040106676852
0.025749825440478418
0.025749090791556649
0.025743283887311508
0.025737131867900914
0.025736493557834642
0.02573451494707724
0.025733582936394186
0.025731992046627006
0.025729221882517334
0.025723925394000188
0.025720313423360081
0.025715700780856728
0.025712348590916336
0.025711527182391565
0.025709809075996182
0.025707014092949031
0.025706633827983789
0.025705996945133931
0.025704793012659804
0.025704491750242923
0.025699642065360205
0.025695868296216378
0.025695490235222777
0.025694619105117174
0.025693820874361985
0.025690453716242817
0.025688914484975008
0.025687447735065344
0.025683804383455817
0.025680711717000034
0.025674539763327443
0.025671247845901544
0.025667033342834301
0.02566643210118269
0.025664741570888404
0.025663453094561254
0.025659033887777745
0.025657880923398751
0.025653633561778143
0.025653525947071848
0.025648140664742653
0.025646127520119695
0.025645123974474857
0.025643085826838191
0.025642649284157746
0.025640719001608147
0.025638165157084274
0.025634360101974049
0.025634145235842416
0.025627448325401522
0.025624202689549232
0.025623416247339232
0.02562088413560254
0.025618968429156133
0.025614663176677922
0.025612577127560255
0.025606375284563894
0.025603755260156191
0.025602503601771128
0.025593123617838602
0.025585208821739026
0.025584994676681263
0.025584249052541048
0.025581513092608733
0.025580027462867607
0.025575540336250809
0.025572432023603101
0.025569830138659447
0.025566706722514255
0.02556559989827125
0.025554393488759708
0.025553110635516761
0.025546519984515684
0.025535204533103425
0.025531345723986479
0.02552939770298478
0.025524772402081543
0.02552474757680534
0.025515235751542863
0.025509637291677757
0.025506570260809869
0.025504334707083669
0.025503625129368879
0.0254997412262114
0.025497945612767622
0.025485123745942376
0.02547587699345065
0.025471468711513488
0.02547065694842135
0.025466399133482778
0.025463284640026843
0.025462554149148279
0.025458201718491294
0.025456451733942571
0.025452248888120112
0.025450754060095501
0.025450033900326557
0.025449642551925656
0.025445316727716032
0.025439209060246448
0.025437527125720498
0.025435849052944819
0.025432433704405771
0.025428445831732985
0.025419896583718248
0.025416841587200933
0.025415308058110108
0.025410383224044486
0.025409219997547947
0.025405214334924361
0.025404705016310869
0.025399155415433722
0.025398936918523195
0.025395263483092484
0.025393868930070323
0.025391930251454167
0.025385273806311916
0.025385160692094549
0.025379058815034484
0.0253764774793689
0.025374391393691159
0.02537322254725901
0.025372662144479301
0.025372540076327488
0.02537129794504335
0.025370992018372198
0.025370291257800895
0.025367508943605756
0.02536669999251041
0.025365649799042694
0.025365327397758902
0.025363499323448595
0.025360686816311866
0.025360674338779074
0.025358975203207474
0.025356551503225862
0.025353396581463444
0.025353369236878025
0.02535324224125339
0.025346638482571397
0.025340534783218096
0.025340178738138659
0.025339610163933182
0.025336086780262092
0.025332597947205226
0.025330132371007473
0.025327810504468803
0.025323609788352925
0.025314126782531435
0.025311582513832805
0.025305060526339088
0.025304385858231158
0.025303080610547819
0.025300868052541413
0.025293388478431128
0.025292979930996228
0.025282291042325468
0.02528049325573551
0.025274772062698132
0.02527281071312399
0.0252713697847026
0.025271158931648278
0.02526993944885618
0.025269587240475278
0.02526532605219324
0.025265091933859458
0.025263787589329321
0.025263020716153939
0.025255972784975465
0.025254092013309446
0.025252591632339692
0.025251442267012807
0.025245595188054432
0.025240496637379702
0.025239351910712204
0.025239046493761581
0.025237030738021846
0.025236704149165772
0.025235548098559508
0.025235290780773512
0.025232801313038802
0.025231682421215214
0.025229268158463717
0.025227289604113363
0.025224528941943703
0.025223253525850566
0.02522020376931431
0.025219994199605546
0.025217088833522503
0.025214485104141687
0.025211276543673694
0.025210241205640409
0.025210091256552082
0.025209395874844349
0.025206525138104813
0.025200193070274438
0.025198526571035766
0.025198251039817914
0.025197079557553639
0.025193438495179073
0.025190642086516279
0.025186300098189215
0.025186042679831964
0.025185110244144986
0.025181337740106693
0.025179416281368862
0.025177251923695861
0.025177251642471542
0.025174416631084676
0.025173121261481381
0.025172827505962728
0.025172418527301416
0.025161397605119325
0.025160796752536449
0.025160202561468142
0.02515394038974355
0.025153265368511417
0.025151521167889993
0.025150701383201687
0.02515006449159814
0.025148751787942524
0.025144397255848001
0.025142675005184939
0.025135744190136783
0.025130210720753401
0.025129798372777068
0.025122232962954159
0.02512150210078579
0.025120702210844205
0.025117321054812819
0.025116809339271132
0.025116174061376846
0.025115905631152246
0.025115404062345529
0.02511289163687867
0.025112419879809961
0.025108139505579115
0.025105570546047298
0.025104275511475361
0.025101633242946026
0.025095762158166623
0.025094154772626019
0.025089647550612985
0.02508933165679984
0.025078009570989282
0.025077332650813661
0.025075848748025629
0.02507513522546263
0.025074201009821606
0.025074156746259273
0.02507286771252331
0.025072687697099486
0.025071631257518441
0.025069402117556847
0.025068691099310359
0.025068672022382294
0.025066953987700005
0.025058463710061665
0.025054483815829354
0.025053956574608332
0.025048156346844663
0.025046569520232539
0.025044191294082922
0.025040576765941062
0.025036555237496549
0.025031834522427302
0.025026570399851452
0.025025620900187753
0.025025325294161644
0.025022992511511608
0.025016816054571202
0.025016742867130785
0.025014621154904337
0.025011086209374367
0.025003325793131637
0.025002536134203394
0.02500170779209759
0.024996375585727863
0.024993913956018216
0.024993127777662511
0.024991744727876339
0.024989413641366278
0.024975282398345247
0.024971854316325617
0.024970784994548689
0.024969000347158002
0.024968675857771773
0.024968052727427921
0.024954055614153758
0.024949692887607421
0.024948844685214328
0.024938603891726582
0.024936173488330052
0.024922912170517522
0.024920568369708532
0.024914221517246333
0.024913846353208556
0.024913195920777464
0.024909111651205254
0.024907528296681344
0.02490279557410904
0.024901322081458534
0.024897808865015601
0.024892446946777037
0.024891958267946129
0.024891270881290381
0.024884030836463029
0.024883187233017648
0.024878985184769498
0.0248765863162804
0.024876218967913227
0.024875761456736572
0.024870988323475798
0.024870092466161311
0.024852507440389554
0.024850147525379968
0.024842519827900152
0.024842095425670726
0.024837978293901251
0.024832236928611941
0.024832015047405377
0.024829490819921578
0.024826840498916109
0.024818021839210912
0.02481027680110021
0.024809253413891424
0.024808720526655247
0.024805467284735091
0.024805302773559888
0.024801065110953167
0.024794280479079767
0.024787881807486516
0.024781887142595431
0.024777400250898855
0.02477501128715081
0.024772985526831659
0.02477224491132073
0.024769578267107371
0.024763974196913278
0.02476354654329898
0.024760674364532075
0.024760233661079004
0.02475944228908681
0.024754579185614214
0.024751003029052483
0.024747470169734418
0.024736994264987947
0.024736269444091904
0.024720648626429604
0.024709114666492248
0.024707176517654191
0.02470250732184814
0.024698586479274934
0.024698533939931211
0.024695636393168054
0.024692439862018446
0.024691519533894646
0.024690710927953601
0.024689752869370214
0.024689657519220191
0.024687729828702248
0.024685246020605511
0.024683033962193929
0.024681767663671025
0.02468028426046736
0.024676098145291536
0.024675367597240341
0.024667176411396444
0.024664324455153621
0.02466124671570177
0.024655267079449004
0.024652669825976199
0.024649977156165067
0.024649051984767013
0.024648592559561238
0.024644075671244391
0.024638816657565246
0.024635675917333257
0.024633561970412249
0.024631583957677072
0.024626759794413797
0.024624612075684626
0.024621097037564561
0.024620256657467088
0.024619589553773406
0.024615907928385198
0.024610882737580088
0.02461058367070219
0.024602586655705458
0.024601032722927164
0.024599698049502756
0.024596273066261047
0.024594115621411713
0.024588152369221537
0.024587652985818678
0.024576337661819551
0.02457219613196537
0.02457219578342968
0.024565855419634533
0.024559111089884483
0.024553876053262463
0.0245525889673259
0.02455137436664916
0.024549155120951328
0.024547044529111932
0.024546225707516803
0.024543709519929107
0.024540142689770332
0.024537482097169928
0.024535347992557206
0.024533788699436797
0.024531654244801134
0.024514659814353933
0.024513536398197984
0.024512807091847524
0.024511435833965669
0.024507352820089867
0.024506772922808485
0.024504529571752563
0.02450292917064794
0.024497149944839442
0.024495158571469465
0.024488012263935828
0.024487378916031817
0.024486080288409096
0.024482651554713655
0.024478162129647783
0.024474696114211748
0.024472352061767139
0.02447048104634857
0.024455514491669487
0.024454983135547659
0.024453494873795736
0.024453340152182344
0.024452869843153688
0.024448563206359002
0.024447152984587283
0.024446503904856476
0.024444818886085923
0.024444701743765788
0.024441990638524987
0.02444002769179893
0.024434246937776315
0.024434082140436714
0.024432773624976381
0.024427680180035497
0.024422646902521057
0.02441762431512734
0.024417326576654505
0.024416186084788738
0.02441583447828664
0.024414279756298046
0.024412979379217194
0.024410842471209046
0.024410573445083975
0.024410173323082571
0.024407371734859133
0.024403299511508776
0.024401334082415242
0.024395344089870985
0.024392379511297149
0.024390355219832769
0.024388115790644215
0.024387673909230707
0.024385568266737975
0.024383741513080145
0.024379388583843486
0.024376580716558967
0.024374685209675333
0.024373330811843619
0.024372042526334126
0.0243719156074126
0.024366905433620939
0.024363598674917615
0.024359263740635601
0.024352201283416502
0.024349414042041245
0.024343622689147828
0.024343279808136352
0.02433935250760309
0.024339045457954348
0.024338448491480844
0.024338379621890335
0.024336912162154098
0.024334571995794627
0.024333239901797393
0.024333206165624451
0.02433202343798279
0.024329346705264151
0.024327904206982939
0.024324210069687876
0.024323663148737816
0.024322019862416566
0.024320885674645919
0.024316033181624196
0.024315984333095945
0.024315543054492003
0.024309199358029408
0.02430905868211905
0.024307545071916157
0.024302973371420174
0.024301256973104687
0.024300179497128194
0.024299470391641702
0.024298768645988119
0.024298156158217125
0.024292651319374279
0.024288471440823644
0.024287378974675793
0.024285906848869467
0.024285002177900458
0.024278834755060087
0.024278640892538339
0.024274165874123888
0.024271809219351178
0.024270988804638887
0.024270149605566997
0.024268672292246822
0.024267022094255242
0.024265038946105669
0.024260929914473959
0.024256157058585262
0.024255937396675597
0.024255392034456588
0.024254700545394085
0.024252349603643378
0.024245642908827809
0.024245432633219464
0.024245291345104388
0.024239247043694862
0.024238959361896337
0.024237813750484557
0.024235984528438215
0.024235704573987261
0.02423520298222407
0.024234202773049145
0.024227188292483267
0.02422364543153787
0.02421472390634475
0.024213390897382791
0.024212277518392319
0.024208036585851536
0.024206279896006697
0.024205445262756021
0.024204084342072593
0.024195221924096014
0.024193551573261664
0.024192742960904821
0.024190530254699718
0.024183823228978444
0.024182769242967916
0.024182415379848582
0.024180526247617157
0.024177423644950111
0.024177415141192281
0.024176262485332833
0.024172239599764663
0.024164251172735254
0.024159670161214463
0.024151161799404391
0.024151091556569117
0.024145937489605477
0.024144592735398214
0.024144081261686396
0.024138649134380009
0.02413728089095836
0.024135861552737652
0.024135813157854586
0.024131575998339958
0.024129856657242713
0.024125850891478021
0.024125224831198281
0.024121468703769553
0.024118595954738864
0.024116753736939344
0.024114279489012069
0.024109691646194881
0.024104195654537686
0.024102693590490776
0.024096550910260021
0.024095144958853114
0.024092668039809133
0.024089265554559713
0.024089019522509567
0.024084165261920781
0.024079962149203969
0.024073404429451471
0.024071230480442091
0.024070317685290527
0.024069446689689519
0.024065248235075394
0.02406208635878037
0.024060581199467652
0.0240577268676886
0.024052656770940716
0.024051566510010586
0.024050828750289913
0.02404846185459308
0.024044147655970311
0.024043230798161872
0.024037066329269486
0.02403349246151661
0.02403310943045945
0.024031520495518072
0.024029068521064831
0.024028422824779131
0.024026890173914281
0.024019926973933521
0.02401204965008151
0.02401073208370063
0.024010281770076539
0.024009741552788393
0.024009613101505251
0.024004371765295903
0.024001835921687392
0.024000969980365536
0.023998801320890318
0.023998397502100668
0.023996982398202138
0.023987975759827928
0.023981774133886514
0.023981591025611346
0.023980150275557412
0.023977906017407704
0.023976076387005552
0.023976006914461889
0.023972327172567937
0.023971372674481111
0.02397092688641541
0.023970654211496578
0.023969064454684226
0.023963762249552763
0.023956298586524427
0.023955280842388304
0.023942689513420441
0.023939881018980154
0.023927906889027115
0.023927307129090122
0.02392650981749957
0.023923049974502973
0.023918867528993647
0.023918404426324716
0.023913095235742345
0.023911120145040883
0.023907865724330284
0.023906370833479684
0.023903255382231176
0.023894817385839651
0.02388475160374812
0.023879156050581708
0.023879137436076305
0.023872036122133386
0.023870451401297864
0.023869171566407683
0.023867944887235731
0.023866754472719409
0.023865806183944967
0.023862923444781314
0.023862623112226981
0.023857383295280029
0.023857171970545186
0.023856424502305427
0.023855339546492004
0.023852430360287752
0.023845255522787986
0.023845097512480883
0.023843421843603319
0.023840392203202328
0.023831485738513764
0.023830018586866036
0.023821082328078037
0.02382084789900573
0.023819515714608584
0.023819174819864515
0.023817209241483381
0.023813197370523457
0.023810031230283222
0.023809990675453467
0.023805314559914217
0.02380333880991059
0.02380299865076525
0.023802512244551023
0.023802288632653702
0.023798263152637913
0.023793938225260852
0.023788456562868595
0.023786086363181507
0.023785511422034555
0.023785302361098888
0.023784455834466707
0.023784063290074094
0.023783023850452792
0.023782961456537091
0.02378264362489339
0.023782485695205465
0.023782457605659574
0.023781046940177197
0.023760244779635915
0.023759703531436638
0.023759641166487527
0.023758890096121543
0.023754751477991269
0.023754657834614414
0.023751715047808836
0.023747905393865752
0.023745610165788536
0.023741050380559181
0.023741022441842702
0.023739303474842363
0.023739186277109903
0.023738508779838914
0.023732689740955021
0.023729066213453668
0.023722900153685431
0.023722404491907236
0.023718966567715816
0.023718678082515463
0.023715137797142974
0.023709285863140264
0.02370392828665582
0.023701088614867631
0.023699286852990418
0.023696680370581806
0.02369454116793579
0.02369417596348506
0.023692140708864926
0.023691911351240581
0.023689183824356707
0.023689012766180614
0.023687476011087082
0.0236872730974137
0.023686196898026427
0.023681158296804092
0.023678608706476811
0.023678586352950358
0.023676126434665021
0.023673296916305903
0.023671564816458636
0.023668722118659131
0.023668135324977083
0.023667457427014874
0.02366261840429025
0.023661808738884176
0.023653146905971475
0.023652144393647732
0.023649717386769832
0.023645374398327031
0.023643179246632669
0.023642325050206199
0.023639648608393907
0.023636986284140689
0.023633074382707477
0.023631588479639823
0.023631280249918844
0.023628919080004761
0.023627662373042577
0.023626991445833356
0.023626190664558455
0.023622584578201163
0.023620237507087697
0.023612031311675958
0.023611361844073264
0.023608573721865561
0.023605548583418456
0.023605022904719573
0.023604700323100882
0.023601162998244062
0.023601047976388588
0.023599971626604706
0.023598969530695416
0.023594235507172462
0.023593479133174316
0.023593228443853375
0.023592660382407697
0.023591821021837611
0.023588707283296453
0.023588401617486515
0.023586419089570595
0.023585014527339458
0.023581851673247091
0.023576541275820966
0.023573516569565432
0.023571256266561213
0.023569886673328731
0.023569135006517871
0.023569111236645821
0.0235631170195384
0.02356304912068051
0.023561967891436178
0.023554374076557659
0.023549596676634726
0.023548275171897618
0.023545507490257446
0.023541857594352157
0.023540986509094759
0.023540238441947883
0.023537671546470948
0.023535699842960105
0.023531637857298615
0.023530002343779301
0.023529023031217712
0.02352829910302524
0.023525707957298851
0.023518846928905459
0.023517730771729438
0.023517530292833485
0.023516585784789979
0.023515082343792706
0.023514541793703755
0.023512842082236179
0.02351099721591187
0.023505735238557247
0.023501227056099364
0.023498668588112507
0.023495925295309032
0.023495542744317997
0.023494817822925836
0.023494789053894492
0.023492812901301816
0.023486032916845055
0.023480443810486362
0.023478475151061683
0.023476301573463684
0.023471917876301169
0.023470741981283197
0.023470461927228507
0.023468802708950864
0.023464491779118635
0.023464418926599541
0.02346422311102456
0.023458263014679494
0.023450027345937985
0.023449838806295319
0.02344966150916632
0.023448161859258514
0.023447413691323978
0.023445062329826596
0.023441402555896072
0.023439833785833947
0.023439397043370065
0.02343444530227359
0.023433825085731642
0.023433111187102829
0.023429132921338306
0.023427700541331361
0.023427469827872957
0.023426672656954167
0.023425651906825957
0.02342540207374743
0.023425037575147207
0.023424877605807595
0.023424777613642572
0.023424390735103384
0.023420632427467305
0.023419026553691952
0.023408330127342052
0.023406646116385769
0.02340664309662931
0.023406629084102872
0.023406114615105906
0.023405313651257875
0.023402247378963504
0.02340042720727515
0.023400083959266998
0.023390189158624099
0.023390106282354533
0.023390041117999284
0.023387825458660048
0.023380872878212021
0.023376083746075374
0.023373008127149809
0.023365425702455065
0.023364898070782882
0.023364858052491989
0.023358039741519485
0.023357923098442836
0.023355396029304504
0.023346310158798438
0.023345513673775763
0.023344084830300593
0.023343497454346798
0.023342647454663801
0.023342293586122307
0.023340482031392544
0.023337120202127356
0.023336337908285452
0.023336026862996264
0.023329279569147463
0.023328906089922618
0.023320235731632701
0.023318160167331532
0.023316938852405045
0.023314983907520119
0.02331315621602215
0.023311555866324069
0.023311441909040508
0.023305644797591528
0.023300971749488503
0.023293324530765717
0.023292789860036571
0.023289342743622373
0.023288879386637224
0.023284891671585047
0.023281117090775311
0.023280159041030171
0.023279706258373556
0.023272604677393449
0.023271892179659952
0.023271306727796318
0.0232690049937893
0.023268077675863627
0.023267458378440738
0.023266079153413537
0.023262861690204115
0.023261719580778641
0.023260166362026428
0.02325615071469506
0.023256105771443238
0.023254608769494853
0.023251748049253829
0.023251637165730921
0.023251237348587795
0.023244430012191158
0.023240026766161409
0.02323869676117063
0.023237801837070315
0.023236715440787821
0.023236379040440281
0.023235084650872293
0.0232344635263932
0.023232417611201109
0.023231189287065232
0.023227049066873805
0.023226724908275327
0.023221256133632656
0.023218466095019114
0.023216312937170504
0.023214484019635242
0.023211933428156643
0.023206102977493748
0.023203985327698431
0.02319646473995245
0.023195908749387515
0.02319544572987163
0.023195397011782751
0.023193554179646133
0.023188989705577315
0.0231867724032109
0.023183480798324909
0.023179154748464985
0.023174717119028833
0.023171649414791277
0.023166924363490601
0.02316520217494776
0.023161317948699512
0.02315795041540546
0.023157349936380328
0.023155749960369666
0.023153831451508077
0.023149460997610723
0.023149100800215747
0.02314897056964961
0.023148083747848731
0.023148078778194397
0.023148012219952881
0.023144526223339932
0.023142750677995275
0.023141400705635553
0.023141119256767029
0.023140642794854647
0.023138364429244624
0.023137617110089933
0.023137304623676386
0.023132051118976652
0.02313062885863159
0.023129631390803065
0.023121090352098389
0.023119950639505317
0.023118233921339798
0.023117688866715336
0.023117538447697716
0.023114798347667758
0.023113977833801674
0.0231105637305066
0.023108161031972788
0.023104984733915642
0.023104511902352385
0.023099245681991676
0.023098832576222545
0.023097773315779526
0.02309603068485799
0.023093762543141303
0.023075992767287463
0.02307514448214355
0.023074096813230298
0.023073986166743523
0.023073872751985056
0.023069332703380071
0.023062933769716232
0.023059549071853907
0.023059254724410987
0.023054547177909217
0.023052846261727395
0.023052258674928338
0.023050804469683658
0.023045838596978042
0.023044278934887839
0.023040493457971573
0.023038356113172336
0.023034351110435846
0.02302562124502305
0.023024893041868246
0.02301691603019811
0.023015323505495171
0.023013767792559054
0.023013210715000457
0.023012086708078371
0.023009318861281328
0.023009006286945546
0.023008453594577864
0.023005352502857339
0.023004293765465429
0.023001210312717204
0.02299837760769528
0.022996932412823513
0.022996484807001762
0.022996127759843832
0.022994242465283254
0.022987037025309735
0.022986823980424342
0.022986221792034665
0.022985841813271363
0.0229848179483087
0.02298286118767303
0.022982345768365879
0.022982309066716035
0.02298162226937759
0.022980992978346874
0.02298088572804375
0.022970652407243369
0.022968626646275792
0.022968052692790036
0.022964627844436609
0.022963933806223691
0.022961825983202309
0.022961258239009755
0.022960666650557213
0.022959984442244296
0.022953175638835019
0.022950672723911165
0.022947489539705761
0.02294444230953056
0.022944386797205962
0.02294292705038984
0.022942878109326676
0.022940167474283884
0.022935129361093935
0.022933360128530918
0.022931951798715305
0.022928519364909521
0.022926026134243362
0.022923669581481874
0.02292129571918182
0.022920885431421133
0.022920525708050123
0.022916450187891253
0.022916314064587866
0.022912125546152934
0.022911836920014812
0.022906237340306997
0.022906062208606592
0.022904186313127958
0.02290409099020186
0.022902179899630573
0.022895414299136826
0.022893862389724264
0.022893615555320108
0.022893086239302279
0.022890923252703605
0.022887020166106262
0.02288588140195116
0.022884996797782792
0.022881537108154486
0.022879840645576337
0.022870291617078761
0.022865779595581514
0.022858214175225343
0.022857804496164053
0.022856365560026976
0.022853580069925085
0.022853178513998543
0.022852105113753025
0.022845965528184794
0.022845871775801135
0.022845581296005505
0.022843699800556286
0.02284310755265908
0.0228386035939897
0.022837765898172543
0.022837713812669594
0.022836473601468055
0.022836281970190851
0.022835909653677655
0.022834887362087761
0.02283286792744205
0.022830375339636257
0.022829590668382874
0.022827291885508749
0.022826798250553271
0.022825318408995765
0.022822967103955986
0.022819049306528314
0.022818698818421641
0.022817416258107411
0.022811304399616889
0.022805308451792634
0.022801865628852516
0.022800154767823329
0.022798195691804413
0.022796195413962793
0.022794769874010752
0.022793940440986829
0.022791427941035655
0.022790785824472325
0.022785016686675135
0.022784009321554128
0.022783120481355418
0.022781836932809007
0.022780052300066661
0.022778091745330138
0.02277593715158481
0.022774237461765223
0.02277174995376386
0.022764841260769587
0.022761098984141484
0.022754359970231095
0.022752384709709458
0.022752022106968882
0.022749844198328949
0.022749285938883146
0.022749156161075174
0.022747844053493123
0.022747709708997296
0.022745120498614765
0.022737899449052124
0.022736956588118938
0.022733849235995189
0.022731779593779141
0.022728685906151916
0.022724659437752585
0.022723792365973154
0.022719401825709688
0.022719335809306483
0.022719295562347183
0.022716503635564947
0.022715400704643833
0.022713812145558225
0.022708398125814756
0.022705867974961973
0.022705802943303557
0.022705354502115804
0.022699439743461041
0.022697247023873532
0.022695512684026597
0.022690813311009663
0.022686838299646996
0.022685036285468113
0.022682824333553481
0.022682642280537985
0.022676281145784304
0.022674042158941671
0.02267030409213348
0.022667022332788979
0.02266696893994084
0.022658095313393092
0.022657427159487948
0.022655942125037
0.022655779665531138
0.022645605969222993
0.02264199799326511
0.022640440802735216
0.022638767796395919
0.022630580199441277
0.022628718592772285
0.022627593220782432
0.02262697824985152
0.022621813452817243
0.022620710364940629
0.02261719540298621
0.022601137282884799
0.022600254126738724
0.022594870670732854
0.02259420747892139
0.022591522282274006
0.022589733334642023
0.022589569763686739
0.022586555340331032
0.022579878367194026
0.022579719490816691
0.022575849048122782
0.022572735503059708
0.022569343901729686
0.022568697461152247
0.022567019717103884
0.022567016196244582
0.022564665438965178
0.022559886704538915
0.022556639319978439
0.022551506956845394
0.022551287158275507
0.022551279747144996
0.022550512156801976
0.022549353754461057
0.022542405349721135
0.022540311191005063
0.022536467526295213
0.022536467020489025
0.022530851040808549
0.022530649124356768
0.022530379679295998
0.022529505938396668
0.022528930065813881
0.022528166434935191
0.022522055556173051
0.022514459425771755
0.022514385991879049
0.022514058551826911
0.022510099481526137
0.022507104720020935
0.022506124124836404
0.022501368689570818
0.022498417802244413
0.022497712421318823
0.022492584869986974
0.02249156802097927
0.022491511322057404
0.022487290291569952
0.022486690702531009
0.022485679994246315
0.022481954686843966
0.022481112724770519
0.022473539609867709
0.022473226484503513
0.022471910204269665
0.022471747870439557
0.022462415399174849
0.022462065735357965
0.022456205633880576
0.022454647396475461
0.022453802528015564
0.022451579206005559
0.022446618331294216
0.02244631026621411
0.022446252453217994
0.022445376711770569
0.022442135958073484
0.022442012689934818
0.02243982723472349
0.022438416732884797
0.022436813979593965
0.02243655042021548
0.022434343471192861
0.022433079045512887
0.022432567237948797
0.02243219926533363
0.022431252592912478
0.022429282581673357
0.022422410841583671
0.022418038279788083
0.022417995483437297
0.022414659769198739
0.022413141981671904
0.022410649100163379
0.022410149015704598
0.022409374004369539
0.022400807598640091
0.022399796461588493
0.022398771246119435
0.022398356283229441
0.02239779573818719
0.022393471957795612
0.022387328195599368
0.022385637176372767
0.022385216259200705
0.022381860980328856
0.022379338348372503
0.022378390779855345
0.022374674465102617
0.022373713876475246
0.022373539093718385
0.0223730055218186
0.022372358276299274
0.02237134722978891
0.022370497484654382
0.022367175031803004
0.022366699956161952
0.022366382264350958
0.022363812269993111
0.022363618583479024
0.022361615420400608
0.022358968345863168
0.022357159388874375
0.022355369734579002
0.022354812886591722
0.022354455706180842
0.02235100263785033
0.022350541856921195
0.022345445323599639
0.022337135907411061
0.022335989788527875
0.022335173478666596
0.022334287251190698
0.022332843895495457
0.022331739466761116
0.022330703666014081
0.022327700933504318
0.022327510100932792
0.022327235733635126
0.022321219444727976
0.02231852248670526
0.022315612341911695
0.022312686913030563
0.022311902966103088
0.022306524221315571
0.022306262688671794
0.02229943401633604
0.022299410278690451
0.022294873154720826
0.022288746439703262
0.022285808318689621
0.022281398799144942
0.022278281223362971
0.022276892837653814
0.022273910573006248
0.022273114411786952
0.022272078021255106
0.022271641991631237
0.02227093238215969
0.022266827601667483
0.022261155882247786
0.022259639941032042
0.022258198072233882
0.022257776232600689
0.022256114163258407
0.022253457653140164
0.022250973649860766
0.022248805343194126
0.022247568037174155
0.022246338768971918
0.022241859448557111
0.022241767642656684
0.022236306373923612
0.02223558490979002
0.022234990488099619
0.022234734373243328
0.02223401401067911
0.022229683000674245
0.022229268272592025
0.022225093884484119
0.022225044693332339
0.022224139125083347
0.022222179800666195
0.022215614974343423
0.022211316501201731
0.022211313953631254
0.022209355927409847
0.022206617012137018
0.022205813162395564
0.022204047511214194
0.02220387883394442
0.022201650488551983
0.022198251005197581
0.022197811283700887
0.022196968291975983
0.022192306453373955
0.022191275013087541
0.022191242646615313
0.02218887856711178
0.022187075406445936
0.022186122078747525
0.022178341404346606
0.022176900535697822
0.022174538240464201
0.022169469113220892
0.022164659337182594
0.022164178486587784
0.022162672762633256
0.02215851751294343
0.02215390616034343
0.022151179076978191
0.022149588022916916
0.022149145096847518
0.022148080345115596
0.0221454496756547
0.022144719294861927
0.022144598297096127
0.022143940047396778
0.022140951040164641
0.022139016524075041
0.022136979429246154
0.022133066634356893
0.022131618569280087
0.02213085962721547
0.022129022504798982
0.022123561051244051
0.022121293422707074
0.022118502959312294
0.022116289526665528
0.022113020307707676
0.022112188786926688
0.022107848152210723
0.022107832954339515
0.022104231772839728
0.022099847643631453
0.022096765031629061
0.022094512875465443
0.022092355004456773
0.022092351732377908
0.022090255938306678
0.022089694523568494
0.022088116173963675
0.022083532583412703
0.022083266565534148
0.022081284603011456
0.022080116460722235
0.02208008508376353
0.022077309728104576
0.022074237574007279
0.022072895175190645
0.022068423184922876
0.022064891449607084
0.022063418048118479
0.022061481978729851
0.02206110319172163
0.022060161863797435
0.022057601375290281
0.02205583153501631
0.022053588396984819
0.022052782925025907
0.02205227764028498
0.02204644397794028
0.022045927066926829
0.02203176416885572
0.022031701865773683
0.022027573314051262
0.022027054679197553
0.022026515242287124
0.022023441624365852
0.022021116791422674
0.022019141215706653
0.022018209653675052
0.022015335492773194
0.022011241417133391
0.022009153323205542
0.022005023239329735
0.022003178299393741
0.021999508172114091
0.021997298668318625
0.02199720154826838
0.021994459980391609
0.021989739404423
0.021988464751198148
0.021987768024413313
0.021984284192149525
0.021983078456219159
0.021980350793625859
0.021978885123934623
0.021977755308316214
0.021974906386911408
0.021972644312078338
0.021971611261821199
0.021971303889113503
0.021970950360907366
0.021969580021591592
0.021969413515334012
0.021965587373485314
0.021961666272114058
0.021956076508768671
0.021953252871499278
0.021951482484946293
0.021951256634390907
0.021946902412443965
0.021945521519554295
0.021944730407304752
0.021942951726090332
0.021941700460896038
0.021940961093147519
0.021939677346278365
0.021937201527564638
0.021933076612120492
0.021927555637333646
0.021927296346362358
0.021924495294486486
0.021923798949738282
0.021916038424756229
0.021911143487619359
0.021909788123748372
0.021909356436009431
0.021906990177321214
0.021902510823413827
0.021900760705154586
0.021898769925744511
0.021895026187758168
0.021893947856870898
0.021892982198834669
0.021891825138495701
0.021886536501869946
0.021884453528361627
0.021883411478205321
0.021879123013709045
0.021878044184801278
0.021876485017041612
0.021872068753598803
0.021871774630641501
0.021870123087565092
0.021864228138521534
0.021859121782919721
0.021859033168253258
0.021857996174552679
0.021855618806623223
0.021849762948038691
0.021848634573741411
0.021843056453467638
0.021842140451634001
0.02184034671031989
0.021839610300774637
0.021838177475392545
0.021835041842783114
0.021829138005909292
0.021828505204201081
0.02182331326737711
0.021821402714132413
0.02182101340318305
0.021820572122605464
0.021813995827937194
0.021812991330385719
0.021811929543415827
0.021811413916736393
0.021810572443340569
0.021806216530394495
0.021806203906261576
0.021802093313205158
0.021800399246965117
0.021800365267935301
0.021798520518683882
0.021795107138230289
0.021787931117216233
0.02178687678866114
0.021785222945924609
0.021784614342727628
0.021779871657169218
0.021779000422130365
0.021773008963962115
0.021770486557397856
0.021770272968113877
0.021769602068340315
0.021769459483449376
0.021769137746611822
0.021767984695874217
0.021766945496425577
0.02176656623984586
0.021765861008221473
0.021763651131511661
0.02176226621128487
0.021761519791787233
0.021760883315860256
0.021755460193664491
0.021752986337238812
0.021747260274791149
0.021747202889398905
0.021743759953047698
0.021741862884667198
0.021740142182299166
0.02173567360619125
0.021734848072544079
0.021734610653694045
0.021733530415825056
0.021731395908764776
0.021729158886337356
0.021721780703896441
0.021721738423137578
0.021718156356765828
0.021716364337288054
0.021714443813700871
0.021712325958999346
0.021711050320065099
0.021707676874603853
0.021701980214208268
0.021701400451740523
0.021699494117918727
0.021699152844247248
0.021693265152477655
0.021688138843943362
0.021686791539239508
0.021684620878963643
0.021680983902127408
0.021679581941537608
0.021678543067455917
0.021675432711822127
0.021671564519549127
0.021671170374681453
0.021667711250948615
0.02166702479769254
0.021666992595005853
0.021654806033350297
0.021654313403196641
0.021649859619084302
0.021647531952106468
0.021647358742664005
0.021647017631300489
0.021644849662080017
0.021643311447824529
0.021641154206401617
0.021639543755015481
0.021637975129412838
0.021637713857100605
0.021637229213960135
0.021637196868873897
0.021636513989898101
0.021635772890175497
0.02163089725294454
0.021630828058086641
0.021627913583025803
0.021624464899539158
0.021623666441345845
0.021621305220216151
0.021619491639730908
0.021618889711921958
0.021616896413808217
0.021609796161742651
0.021606764006743998
0.021604550147651898
0.0216012078863351
0.021601176617393025
0.021600179796763916
0.021599555953752844
0.021598668418851285
0.021597802049633397
0.021597646251611376
0.021597531383234905
0.021593653110830249
0.021592189034178196
0.02158637702960749
0.021584573322554621
0.021583890012776673
0.021581453565358729
0.021580428800032043
0.02157716054031579
0.021577037111513032
0.021575380426726194
0.021571446204421318
0.021571324536048545
0.021570998971993136
0.021570472056287576
0.021569208143091739
0.0215684655731814
0.02156225044417211
0.021561648811768121
0.021555424365186666
0.021550105176709161
0.021549949809154995
0.021548966019235786
0.021547280663883783
0.021547265933641133
0.021542747169698385
0.021541720809193959
0.021540601770928917
0.021540001382109517
0.021535456947112917
0.021534250710677428
0.021527763817807341
0.021526916752181265
0.021519276043141067
0.021518184935825
0.021516980171376706
0.021516834374667459
0.02151386310964698
0.021511313419116482
0.021509463750363642
0.021507929923897152
0.021507203103522471
0.021500722949437005
0.021500435681616605
0.021497768987889285
0.021495345706609093
0.021491603555095641
0.021486453146123324
0.021485127379157379
0.021480204137845623
0.021480110052310004
0.021478051522176765
0.021477919683503256
0.021475670595276757
0.021473403034906389
0.021472357555264988
0.021469962968756147
0.021469786507660033
0.021468091893487518
0.021461767413392924
0.021458781422090633
0.021458721257216175
0.021453931552159269
0.021451628559100745
0.021449227389968059
0.021446315121285663
0.021443796539772245
0.021443785718766102
0.021442844143895332
0.021440011512936334
0.021439068756298973
0.021438970337794242
0.021438323151134656
0.021436078207065529
0.021431320259901798
0.021429939625860029
0.021426003012233505
0.02142557323516741
0.021420488801977555
0.021419076808102438
0.0214166866449308
0.021415757383791277
0.021412087906073997
0.021411161877752286
0.021409779969037753
0.021408724676276573
0.02140618075509022
0.021397593742701858
0.021396373459685567
0.021393978957398564
0.02139384219154402
0.021392542649491027
0.021391962851557356
0.021390831140197748
0.021390789122311037
0.021387088628066545
0.021382219448314581
0.021379626130399943
0.021376489398791807
0.021371672574444247
0.021367530133964557
0.02136509183741242
0.0213641538845088
0.021364054745238704
0.021361370355842742
0.021360957562586446
0.021356194465051034
0.021351204884837702
0.021351171623585876
0.021350789496519404
0.021344936974767345
0.021337828896003146
0.021337096677965912
0.021336169317747476
0.021335035952168045
0.021330315900175881
0.021329988629902211
0.021327401298993839
0.021326759086638988
0.021324780276716609
0.021317359612311095
0.021315791813612792
0.021315421111181662
0.021315415879815978
0.021315242346700524
0.021310979228247217
0.02130665941513385
0.021303742079387403
0.021303008455484905
0.021300938190420476
0.021299829898868694
0.021298327855964146
0.021297935755035337
0.021296935804377214
0.021295450124256987
0.021294478946873408
0.021293815304512503
0.021293269204666398
0.021291890615257689
0.021289631205336522
0.021287922087891802
0.021287552828081879
0.021285962696427907
0.021285118868604895
0.021283920902058159
0.021283644801543631
0.021281506354366944
0.02128115064865399
0.021279138220386504
0.021275663893912913
0.02127335900773588
0.021268048601622024
0.021267244067223058
0.021263723334470633
0.021261171356781371
0.021253030317323226
0.021249861381978607
0.021247217443909065
0.021243341813370422
0.021242540478264526
0.02123979543442038
0.021235650175794443
0.021235271266067141
0.02123510614683468
0.021233217957806028
0.021229523878441799
0.021225351426001491
0.021224594984849358
0.021223940873450305
0.021220320474957827
0.021219179951031838
0.021218322807741396
0.021216165168862273
0.021215153006786388
0.021209064056233583
0.021206416924572681
0.021204823338968934
0.02120295030022832
0.021199665655944111
0.021198710442392143
0.021197587817090534
0.02119492252590896
0.021194860172402304
0.021193515320151741
0.021193194354413039
0.021192402708100955
0.021192261981643278
0.021190548959515981
0.021190178767750274
0.021189913328397456
0.021189814208987551
0.021187452428197532
0.021185139851768717
0.021182576203896204
0.02118136597224617
0.021180974161113777
0.021179274313337139
0.021178956951412416
0.0211743302039352
0.021174320798991678
0.021172209442742836
0.021169636789399666
0.021161286041743433
0.021157898677798867
0.021150386381818802
0.02114976755484424
0.021148486433283261
0.021147249406618572
0.021147140593980512
0.021145324035677499
0.021144601745582244
0.02114363450913306
0.021141701358441619
0.021139133717023178
0.021136318048871752
0.021134831440857677
0.021134599365043628
0.021134195208869652
0.021128615319698368
0.021125657476972863
0.021123505071861646
0.021117723378160268
0.021117603992328603
0.021106459458832678
0.021102224426700969
0.021100960253275552
0.021095379105936063
0.021095141873992321
0.02109391572890023
0.021092569885879472
0.021091422026083266
0.021090623696213475
0.021089068119922446
0.021086539556064304
0.021084272689036138
0.021082060369742788
0.021081968718700071
0.021081945850162705
0.021081905997753014
0.021081733561606048
0.021080429822195209
0.0210802145935601
0.0210758543655203
0.021074988739107098
0.02107466200330918
0.021069773998721463
0.021068737799212277
0.021067615576673318
0.021066279749944655
0.021061920508459248
0.021060283948480224
0.021058787050595221
0.02105021441654311
0.02104746248841434
0.021047217141493924
0.02104710931593488
0.021047100939434571
0.021043361768945421
0.021041504733065545
0.021041328488186749
0.021040860700400149
0.02104067389208392
0.021038623950471763
0.021034176882367972
0.021031523657377933
0.021030100186062807
0.021026423702025055
0.021026383913204424
0.02102540275135514
0.021025016808631544
0.021023550219169532
0.021022948698786455
0.021019133631920889
0.021014044331091074
0.021007128943788474
0.021006621318897217
0.021003388877711013
0.020994590784017921
0.020990393347885397
0.020989605580095036
0.020983335652032694
0.02098297334984579
0.020978019163538544
0.020977844921851223
0.020976174663458871
0.020971201203039937
0.020969917443334526
0.020969816148825239
0.02096972312819962
0.020969111980553026
0.02096815047745525
0.020967622981998033
0.020959277911915937
0.020956497118844869
0.020956374189039163
0.020953179203348386
0.020951573916239582
0.020950796909421091
0.020950751305303082
0.0209497326043501
0.020949012928745014
0.020946871611924572
0.020945095196881425
0.020944037450494446
0.020942504985946034
0.020942415101250549
0.020940663828127742
0.02094016402634416
0.020935176943533314
0.020935148672565292
0.020932271128059367
0.020931666368124685
0.020927685069806901
0.020924667620210287
0.020923287663912018
0.020922082524717046
0.020922066171755328
0.020922009450641783
0.020920209913765787
0.020919335313307509
0.020919228797238801
0.020917047539993901
0.02091537177096069
0.020913758233027522
0.020913035230439379
0.020912554057876721
0.020911138845720639
0.020910429818841399
0.020910131555849341
0.020907839999724644
0.020904966292391247
0.020903355707912914
0.020901797561590506
0.02090160726238487
0.020897905803233065
0.020897679302523283
0.020894947102915215
0.020892808919517145
0.020892037142637664
0.020891230558020273
0.020890367967447095
0.020886655724095531
0.020884140305569038
0.020880955829963008
0.020879241847763543
0.020878697576714407
0.020876695606653176
0.020876293227559736
0.020875092692040919
0.020874625013785415
0.020870377429932779
0.020869989079814539
0.020868175653588533
0.020867060070003263
0.02086467301952653
0.020862310487771069
0.020861092939183246
0.020860439566728811
0.020851765356094301
0.020851247627676657
0.02084849257898138
0.020843851216048145
0.020843337045526999
0.020842513397764183
0.020840359686396887
0.020839742702384596
0.020837161422613742
0.020833877445830443
0.020833349060560735
0.020824913604847648
0.020824903660994969
0.020824086326197949
0.020822014057107142
0.020821235024299167
0.020820255226104964
0.020819550582259486
0.020819357058983728
0.020818403960860949
0.020816922662428797
0.020814728895195721
0.020812647321754051
0.020810821607929526
0.020808168959131269
0.020807081764602744
0.020806919053167096
0.02080458079104644
0.020804401454636752
0.02080365958965881
0.0208006896361667
0.020794909257764609
0.020794109771233284
0.020792180221893171
0.020791644790488801
0.020791456208049154
0.020789416677892646
0.020787094166582927
0.020784110094065
0.020783469557880369
0.020782539041028232
0.020781858548816229
0.020779554977874065
0.020777748111370203
0.020777411832814268
0.020773743955491614
0.020769708129723553
0.020765559803699877
0.020763791764244612
0.020760773445341479
0.0207599440505832
0.020757834225994289
0.020757129675156236
0.020753151559217933
0.020752270946312962
0.02075222415191294
0.020751779975588556
0.020751122908630282
0.020748963832976541
0.020747813632804667
0.020745673685790153
0.020742413073252593
0.02074160755871168
0.020741563599517586
0.02074083477240064
0.020740015403098527
0.020738939221756181
0.020738242506878227
0.020733722064542146
0.02073338692710059
0.020733280677057219
0.020733142704422561
0.020732893378013373
0.020731856980967987
0.020729168480690324
0.020727110999180308
0.020726017434185093
0.020724894825295905
0.020720066712185254
0.02071461810370533
0.020713541843664283
0.020713362770733348
0.020708432202825866
0.020708009878510521
0.02070269585341921
0.020701412944735348
0.020697544031889933
0.020682229264215479
0.020681538430172768
0.020681253204443806
0.020678552285998339
0.020677680683047966
0.020676935629854107
0.020675230015362978
0.020674145333325924
0.0206695183525549
0.020667706596254724
0.020665217912323831
0.020661832211054876
0.020661729394857407
0.020658070649972216
0.020657597787321229
0.020656348733323598
0.020655869198742606
0.020649028399602191
0.020647990404381381
0.020646787838910725
0.020644805003900406
0.020643153735547985
0.020641528364302705
0.02064028206122951
0.020634627712504038
0.020634325396430026
0.020633001999685218
0.020629663807316224
0.020629175367614702
0.020628873137046921
0.020627994142724856
0.020625443170761849
0.020625057145618103
0.02062296289744088
0.020622295759233449
0.020617790082244503
0.020617503075343682
0.020617418018147048
0.020617083175290239
0.020613458128220349
0.02061034819059359
0.020610113645280235
0.020603126132306429
0.020597447570200166
0.020597161956439094
0.020593257951426486
0.020590074252910474
0.020587817581148707
0.020581961114186996
0.020580638471834153
0.020580028655987351
0.02057815293960016
0.020576543987563339
0.020571373868862458
0.020569892481802868
0.020568249959694279
0.020562390177337405
0.020560240552558135
0.020559751751134087
0.020553062940953409
0.020552247033737991
0.020548762742736797
0.020548104493832039
0.020542334109839515
0.020540158810023967
0.020537732108424765
0.020534423699682457
0.020533829774512978
0.020532948660435753
0.020532217420149941
0.020528603944451235
0.020528425003002587
0.020526591209092108
0.02052470251464434
0.020523811972668764
0.02052226091427083
0.020518359631303943
0.020517284410481531
0.020516152604176885
0.020512189041211295
0.020510157157651837
0.020509721792442478
0.0205090555019895
0.020508928710129604
0.020508515130244369
0.020507386283135354
0.020503777169690925
0.020495347263009518
0.020492371592306342
0.02049132657353726
0.020488791667402025
0.02048786463687954
0.020480889025737862
0.020480794351151601
0.020480385067388401
0.020478852115521362
0.020478834835820789
0.02047290836639791
0.020472065786210473
0.020470986502690282
0.02046988719786063
0.020469873147333287
0.020469004132846122
0.020466013620414714
0.020465826110040858
0.020463266867509749
0.020460415382000455
0.02045783897860888
0.020457388742678918
0.020453920527274082
0.020448933218213165
0.020445613299678658
0.020443716855187689
0.020440697277377063
0.020436174475033014
0.020436053199233153
0.02043325811937553
0.020431050451120775
0.020429611646561208
0.020429482034364059
0.020426203977194742
0.020424101229189376
0.020421901753528326
0.02041749585638054
0.020412668279120177
0.020412242641465149
0.020411541351649305
0.020397871189595358
0.020397263700062958
0.02039551513686794
0.02039236396001903
0.02038743393545004
0.020386805598667831
0.020386656669749235
0.020382922977596456
0.020377988443456285
0.020372647097087807
0.020370093251882722
0.020367534750915996
0.020366315945890036
0.020365256142427516
0.020363561656434343
0.020363505646272068
0.020362704936501878
0.020362180622087986
0.020361645337165408
0.020358412811177919
0.020353863658186845
0.020347091316972946
0.02034530919379984
0.020338277880192872
0.020337775069765612
0.020337192310660911
0.020330979384375853
0.020328348234847478
0.020326354792725973
0.02032452226826292
0.020324388936348348
0.020323225866597024
0.020323012818795404
0.020323009098722804
0.020321815222782147
0.020321733520741025
0.020321411731369556
0.02031937196567711
0.020318378474995756
0.020317158009760562
0.020316528475906068
0.020315727903164573
0.020313478776689466
0.020311986967952621
0.020311278742494731
0.020311133802229847
0.020307458426057121
0.020307455521495599
0.020306241691160944
0.020305659665806622
0.020304100003042603
0.020303832969492029
0.020303598693755556
0.020302185476790191
0.020300238391206593
0.020300232395578537
0.020299773996362111
0.020299109071606574
0.020298396321109656
0.020286270927265471
0.020285429865623938
0.020281939847657533
0.020279436220921071
0.02027763631356819
0.020274276669385364
0.020273373817002959
0.020273171202253987
0.020269231889291847
0.020268578748597239
0.020262339456568954
0.020260642649849735
0.020255235347555862
0.020253435313193808
0.020252045359512815
0.020250271966344137
0.020247044388809032
0.020244171741968551
0.020235252258657854
0.020234326359259775
0.020230932403092747
0.020230747822562626
0.020228773470821519
0.02022848513367087
0.020227777732531101
0.020223134144775494
0.02022141593340214
0.020221010078783457
0.020219630106526561
0.020219442857302282
0.020218928032175638
0.020217958934124255
0.020216083968740146
0.020215088213386655
0.020213249173743352
0.020212953658447323
0.02021201266013407
0.020211570255648389
0.020209615668072025
0.020207408992058522
0.020204512932808338
0.020204261288775834
0.020202915929160587
0.02020268781078163
0.020202429197847302
0.020199825784645773
0.020199306337103141
0.020198084983507475
0.020195617463702346
0.020194079795318856
0.020192650389769095
0.020191749183062789
0.020190539321146381
0.020190452740124105
0.020190132468042014
0.020189253381223002
0.020188792160152857
0.020186650358634373
0.020183557058412384
0.020177744084187987
0.02017741048944666
0.020175031221920391
0.02017370734330139
0.020173685986165556
0.020173235218527534
0.020172095534367634
0.0201720745291483
0.020170868321751134
0.020168299947047941
0.020168257962807752
0.020167275071344474
0.020164597677328821
0.020157280817840004
0.020155999791321235
0.020155675387991335
0.020154866292288159
0.020154703273523148
0.020151407035732288
0.020150912921835983
0.020145810216645823
0.020145296276625931
0.020143458732450738
0.020142635403002082
0.020139487133510825
0.020139013213885913
0.020135633989432265
0.020135551449037736
0.020132474722415295
0.020129857029181065
0.020129288032372062
0.020128918915525713
0.020128584975096175
0.020126504747867705
0.020125427797930463
0.02012345395320397
0.020120613034504901
0.020120159470700338
0.020116802826728442
0.020113534752059584
0.020109019800825186
0.020105788197021524
0.020100472429815806
0.02009772520714255
0.020094122955819735
0.020093460489072606
0.020089498411667215
0.020084685835487111
0.020081714156730785
0.020080267816334058
0.020078820662054932
0.020078514737445402
0.020077079959459881
0.020074974290314768
0.020074837331460083
0.020072485343166833
0.020072239906632528
0.020071935169602387
0.020071418895473151
0.020070176628461191
0.020069753699612183
0.020069680320301951
0.020068070496784478
0.02006617400698411
0.020065640686092616
0.020063608860284524
0.020061869269270401
0.020061325795892749
0.020058233281728052
0.020053667145211212
0.020053274434643997
0.020049508046307542
0.020046664810828632
0.020046327757840585
0.020044738608651181
0.020043409675149858
0.020037656206206528
0.020032048964910312
0.020031506149136069
0.020020601273705918
0.020018178770412159
0.020007847289827709
0.020007651134762376
0.02000744904141526
0.020006607869867098
0.020004950477187516
0.020004460294262824
0.020004374567921427
0.020004096820608754
0.020004032682053488
0.020001092217317426
0.020000633659632033
0.02000063275035566
0.019998278827769073
0.019996819568711657
0.019995491131843419
0.019994614654521299
0.019992595359192254
0.019991058265552534
0.019990959883715104
0.019985837635930571
0.019983425485531267
0.01997925699761989
0.019973970651497405
0.019973243062910814
0.019972299232858391
0.019970564922439777
0.01996957628551739
0.019968906132407191
0.019968577956052665
0.01996811362570728
0.019966839331654204
0.019965799117419865
0.019965606809724236
0.019964274937728361
0.019963201318668827
0.019962342343390178
0.019958772661686882
0.019958002700308394
0.019956455619481298
0.019955653296718574
0.019949135020511519
0.0199488281493626
0.019948536769180455
0.019947827951861362
0.019947614964244232
0.019939200171702781
0.019939081306518513
0.01993863009515209
0.019937805337638368
0.019932006729881477
0.019930293516084482
0.019929146278826929
0.019928476253943356
0.019926432640891667
0.019923087965437725
0.019918733335310232
0.019915735541794266
0.019910204516292683
0.019908765238248659
0.019907817388478358
0.019907759166627799
0.019906895239591101
0.019904288951859899
0.019902239124246414
0.019899902226798414
0.019898139468003742
0.019895063568101914
0.019894075637240521
0.019893380021788133
0.019892144039031414
0.019892110132654885
0.01989161288906529
0.019888336626743035
0.019885113996350085
0.019883885159013001
0.019883643070502326
0.019880854543147659
0.019877415714436582
0.019876945974371639
0.019876688273256973
0.019875956851361554
0.019874961802460473
0.01987148595490339
0.019870493150319534
0.019867311460405719
0.019863850078641644
0.019863132021388213
0.019862143560722276
0.01986202337464734
0.019860237527032237
0.019859817540387452
0.019858885681644064
0.019856748965656586
0.019856263243131996
0.019855046328712461
0.019853463336535791
0.019853259294770491
0.019853063806192523
0.019852865726923928
0.019850422918145136
0.019849128168624691
0.019848624813272205
0.019848397099144308
0.019843285533390098
0.019840996767120589
0.019839967450342121
0.019838829920837187
0.019838030467135521
0.019836078303328612
0.019832555689787812
0.019828745325610842
0.019828564109053468
0.019825262592717923
0.01982158851794073
0.019820295893685357
0.019817268334381431
0.019817100123596932
0.019812418715374293
0.019812295083056639
0.019807602302164252
0.019801480996779853
0.019800230408276401
0.019797757601425412
0.019797524781924151
0.019797431946511516
0.019793714586232636
0.019792785013348618
0.019792674753167958
0.019792269010523878
0.019791301339910247
0.019790933471558195
0.019789902909595144
0.01978735854705085
0.019786385330210401
0.019784941617453259
0.019784546233005112
0.019777651486336138
0.019775030713262119
0.019774507581286391
0.019774152946851756
0.019773550937866171
0.019773459674225866
0.0197723066180528
0.019771753011865817
0.019771635719482393
0.019769596412581102
0.019768582560781959
0.019764146771953237
0.019762167109035601
0.019759752670880974
0.0197581509183298
0.019755883129733948
0.019755288797158179
0.019752696914092576
0.019752151219020478
0.01974982352093026
0.019744208732151623
0.019741921029823303
0.019741734002748059
0.019741508794226065
0.019741285718592686
0.019740863974308704
0.019738881744013264
0.019736692247315807
0.019736445460834098
0.019735005944412513
0.019727826919231518
0.019726694654868399
0.01972593980539037
0.019725552398158132
0.019725392166527415
0.019724660052191298
0.019724179839354303
0.019723986951453526
0.019723337921844157
0.019722801953608385
0.019719390712540783
0.019718566060215392
0.019716967611038187
0.019716217452359842
0.019716118742262988
0.019713636316939284
0.019709038792175018
0.019708838643809193
0.019705035111972802
0.019703783077061481
0.01969607210489625
0.019695027308148653
0.019694612342940371
0.019694033402829578
0.019693107236246291
0.019692073471888401
0.019691417823129803
0.019687852672507219
0.019686499970813273
0.019684529902325016
0.019683780228020926
0.019683724169286747
0.019679700089505592
0.019678178454367194
0.019666846463319593
0.019666581706059613
0.019664822585982431
0.019664195494422047
0.019663052865156305
0.019662976937893088
0.019660179938684665
0.01965991606254399
0.019658846933987346
0.019658610041732531
0.019657330259107739
0.019653494052289305
0.019651389519636842
0.01964504717711783
0.019640887688510508
0.019640428064331205
0.019640292964989023
0.019640060146836703
0.019639710977658962
0.019638898254483967
0.019633982473865056
0.019630912992825978
0.019628681549052604
0.019627978377435035
0.019625402370138725
0.019625362830887887
0.01962404088013385
0.019623648233819735
0.019622646869198394
0.019622634176847946
0.019620848497113388
0.019620619123869511
0.01961912930852058
0.019618843451395501
0.01961716815749796
0.019609491865663548
0.019608561704658436
0.019607944062798473
0.01960720488552278
0.019605478666448611
0.019604335439631766
0.019603494416329796
0.019603088988320073
0.019602357322048212
0.019602166592673272
0.019602086763187723
0.019601618546712617
0.019600676577099633
0.019598011308483251
0.01959745349859026
0.019594202931455949
0.01959266918469792
0.019589619367301522
0.019588775256711845
0.019585920115100609
0.019583292323042258
0.019582387592101083
0.019578362595570279
0.019571985806355639
0.019571443830748908
0.019569840887852956
0.019569210865169339
0.019569091011841927
0.019568151251302041
0.019564807299944538
0.019561462079154244
0.019560561072574451
0.019559821915680661
0.019559686762876428
0.019559473065055025
0.019558768719211968
0.019558713349978666
0.019557347436514258
0.01955529793524035
0.019554494590780545
0.019552545910731033
0.019551088962148112
0.01955044792952406
0.019550193374083147
0.019549822193926869
0.019548682559024561
0.019547899444526406
0.01954651545233892
0.01954400967555979
0.019543548848471658
0.019540325710472817
0.019539374474839295
0.0195355676851162
0.0195338541766121
0.019533746424816263
0.019528598958672275
0.019524501826346689
0.019521862018027088
0.019520629584767846
0.019518491806957992
0.019518339761515055
0.019517927354414762
0.019517585935598138
0.019516138685823286
0.019515404602219046
0.019514409527788351
0.019513855382448469
0.019512920960760006
0.019512810646184282
0.019509765796910532
0.019506637945121235
0.019506548612754138
0.019503952976770517
0.019503076606235327
0.0195023089641316
0.019502279269468455
0.019502178350375873
0.019501571357757919
0.019495115487930023
0.019489902690864695
0.019489833179132578
0.019487231028158788
0.01948389294364394
0.019483865626883801
0.01948225962704277
0.019480655155405546
0.019480518446024938
0.019480403256756956
0.01947902170828314
0.019477471315306204
0.019476155248108622
0.019474209242888129
0.019473739102317776
0.019471884080048175
0.019467974940577708
0.019467332485263361
0.019465589374014602
0.01946301817265373
0.019463008252187473
0.019462221076856374
0.019461011252982909
0.019460860751683275
0.019460824413807164
0.019460614182329652
0.01946008297033433
0.019457948761641811
0.01945772795458537
0.019457589859308164
0.01945619551188725
0.019454580982180666
0.019454552504871204
0.019451815625308153
0.019449979498808594
0.019449739012768551
0.019444966877605968
0.019443299209086877
0.019441088718048248
0.019439904508083118
0.019436763687024638
0.019435005417154934
0.019434698330857449
0.019432487330627256
0.019432446577313904
0.019432027693439873
0.019431825886365106
0.019431117309659917
0.01943003800050867
0.019428947253358673
0.019425886849261751
0.019416743282625385
0.019416653612135227
0.01941337081062209
0.019413088306368145
0.019410515506816352
0.019409235701338408
0.019409138481052714
0.019407805910168267
0.019407095143454775
0.019405451087019236
0.019405282336823038
0.019404558833684107
0.01940285518303855
0.019402555613916486
0.019399927779698442
0.019399677103431056
0.019396116866174519
0.019393918329809409
0.019390393416635048
0.019388691022679018
0.019386029638837777
0.019385572572718758
0.019385472854282684
0.019381879640640146
0.019381373487881319
0.019378878085469443
0.019378368887872449
0.019374031688834701
0.019373084138016083
0.019370299119696795
0.019366385273219246
0.019361780960050007
0.019361455624402002
0.019360452004434474
0.019358477499872264
0.019357200302561703
0.01935671731522607
0.019356669991986038
0.019355714564908852
0.019351904212893699
0.019349699359254999
0.019348815151766174
0.019348448423078465
0.019347931705567756
0.01934716812001146
0.019345982940668038
0.019343416153623522
0.019342956028182492
0.019342839360719986
0.019340902467139882
0.01933981885667262
0.019339344092646222
0.019338678842321096
0.019334188627511639
0.019330941123952002
0.019329311485023537
0.019326063834769393
0.01932500287225335
0.019321812364445929
0.019318142010461069
0.019315730211360231
0.019314360712770914
0.019314301544031506
0.019312109957428485
0.019309205965444727
0.019302090772559424
0.019300784681779978
0.019299241497442998
0.019298616494195644
0.019298331817231971
0.019293105573616194
0.019292179174170945
0.019289668086667031
0.019289268099268526
0.019288508382742108
0.019285098637317297
0.019284781851836373
0.019282633478099852
0.019280768469495217
0.019279050484340223
0.019275726370700588
0.019275270363500217
0.019271752917044825
0.019264000775303252
0.019261578492855522
0.019260474494437827
0.019260246408301838
0.019259932229782062
0.019254334679277396
0.019251572225930248
0.019251370334278966
0.019250479793517499
0.01924923380226494
0.019245816999134392
0.019245512228002158
0.019241964215722735
0.019241941428419437
0.019241776269828807
0.019241029335138098
0.019238982546709204
0.019235686253194804
0.019234173967735364
0.019231989128106669
0.019230945152844847
0.019226885164460205
0.019225158265327169
0.019225106661105665
0.019222110894822661
0.019221512942897524
0.019219117578438021
0.019218771998935187
0.019218769215657291
0.019218691544387965
0.019216771955393237
0.019215600601643075
0.019215312567225366
0.019214564844654666
0.019212241330987031
0.019211796150201077
0.019211333836192626
0.019209888039026523
0.019209243359721063
0.019205006504518472
0.019204019039020213
0.0192026442400977
0.019199935220216333
0.01919686464195576
0.019196312360339592
0.019192543893871251
0.019192449679960914
0.019192166373733201
0.019189722647208602
0.019188105414375666
0.019187931132746767
0.019187055198128782
0.019186611842976146
0.019184927622612598
0.019183258057502903
0.019181538902428408
0.019179881716819325
0.01917838672933431
0.019176838562918384
0.019166788425448375
0.0191662697645439
0.019164540727191773
0.019163984583681796
0.019163728297243793
0.019162841364767542
0.019160352461999652
0.019159965326520256
0.019159930284723268
0.019156837141733551
0.01914937100651902
0.019147429157321795
0.019145930945870377
0.019143983001154559
0.01914346808424602
0.019141192188173926
0.019140381364917299
0.019133721391147163
0.019132691586613054
0.019132237620280764
0.019132025787818814
0.019126169529108651
0.019123884937221506
0.019122152251274119
0.019112242164695734
0.019110722955529687
0.019109605163496315
0.019109312165955628
0.01910699703143786
0.01910638066159908
0.019099046922012121
0.01909823047363431
0.019096841566955718
0.019096092153170301
0.019094958044350911
0.019093485525750669
0.019093167229666429
0.019092466403231676
0.019086863522159114
0.019085432034399434
0.01908317806224338
0.019080898128395973
0.0190764898344148
0.019075592574216496
0.019075340901212358
0.019073227020141255
0.019072188764629749
0.019071450751303422
0.01907062037849673
0.019069883977216463
0.019066758747035853
0.019066751949206987
0.019064502886698403
0.019064448932543263
0.019063002284624164
0.019062223549507245
0.019060603194305348
0.019054800126065242
0.019054370405429535
0.019052849699831537
0.01905283377339451
0.01905173502364698
0.019051353577463882
0.019050013132062921
0.019048876734699426
0.019042000550200288
0.019040987724795785
0.019038520776690371
0.019037113395216618
0.019036871343648707
0.019031838915120194
0.019029190139177112
0.019029099386545831
0.019025061214242033
0.019024287482194657
0.019023724604946158
0.019023561553279254
0.019021825923631244
0.019021380433888409
0.019019991729270005
0.019017919892456478
0.019014015775962723
0.019012223214962119
0.019010082246043173
0.019007844102324003
0.019006847629706562
0.019005813446160313
0.019005241334075898
0.019003678485645263
0.019003270917228105
0.018999133632064898
0.018997981379732028
0.018997472674375633
0.018997406924708807
0.018994542484777791
0.018994251683576734
0.018990814386502096
0.018990174581931422
0.018982470389684952
0.01898169601593485
0.01898050003019296
0.018977375543032093
0.01897556489373738
0.018974749862245135
0.01897140948495054
0.018971345103322278
0.018968707055460835
0.01896691513822981
0.018966905410129877
0.018965540280983198
0.01896442615989517
0.018963696934625268
0.01896344665122314
0.018963015492144072
0.01896183939221564
0.018959803357658532
0.018959237390371749
0.018956969810787698
0.01895655645725516
0.018952420372080777
0.01895191179500768
0.018948343113792541
0.018948335353628092
0.018947729046401601
0.018947690812959161
0.018946936418641876
0.018946000951054722
0.018943334197497205
0.018943252287354509
0.018942295171404822
0.018941839492360165
0.018940181205635252
0.018940092662670938
0.01893643307851257
0.018934840130039869
0.018933652125219136
0.018929271013655553
0.018928366264010836
0.018926030184018929
0.018925883087907672
0.018922149280357656
0.018921909639005405
0.018919732071485916
0.018919507592120795
0.018917552982122714
0.018916638333765601
0.01891353817936757
0.018910105062216361
0.018908522257588444
0.01890788260453358
0.01890702863954586
0.018903416091032032
0.018902635315077635
0.018901858568457292
0.01890054551524234
0.018900096634008916
0.018899564075135149
0.018896424572674084
0.018894832737340779
0.018892788907640144
0.01888782238694459
0.01888443920520633
0.018882588513978803
0.018881155124254843
0.018880856675086849
0.018880830191832561
0.018880451328962447
0.01887825520378543
0.018877825289166626
0.01887361810209242
0.018873386389980054
0.018863825427503575
0.018861398269178507
0.018861372936227198
0.01886065435566656
0.018860548545463644
0.018859743724378347
0.018859616589387826
0.018852750026514119
0.018852625197475097
0.018851281906097479
0.018850257870221179
0.018849357994910335
0.018849282957277173
0.018846119747069075
0.018845899887789296
0.018844338332699433
0.018843546264917757
0.018842926086661986
0.01884165534248769
0.018839864577890001
0.01883720178524801
0.018836671753539005
0.018833822221520604
0.018833399343721545
0.01882724574070295
0.01882720139944451
0.01882601655007583
0.018824928794853552
0.018823081472882898
0.018822606410704431
0.018821636647489974
0.018820776277245588
0.018819830698578396
0.018819429114502451
0.018817876127695119
0.018817570032598051
0.018815612461597703
0.018811506433322949
0.018809675582009938
0.018805947058470593
0.018805787731647237
0.018801817680980867
0.018801815558183204
0.018799159511266966
0.018799117494467603
0.018797805169647453
0.018791592925762438
0.01879127151285782
0.018790188586863339
0.018790122697581353
0.018788722033387367
0.018788680898973502
0.018786822745991746
0.018785008759643132
0.01878379741093561
0.01878339572214232
0.018781184081044958
0.018780566125869747
0.018779965066027388
0.01877866054206296
0.018778326173345176
0.018775980473095123
0.018773783178279869
0.018773377860145865
0.018772891948907671
0.018772734549083056
0.018771154633604219
0.018770055041047035
0.018769616952488421
0.018769451936679706
0.018768678726762997
0.018768133149951117
0.018767781197076481
0.018766094972286897
0.018764386705347393
0.018764293771402884
0.0187641710169935
0.018761278308413547
0.018760029490368597
0.01875898596933295
0.018757184593178492
0.018757171013804641
0.018756235831685501
0.018755797233348363
0.018755796073087094
0.018746344718939021
0.018745030167433844
0.018741820785324135
0.018741313836566242
0.018740863670966466
0.018740576507340737
0.018740374760470746
0.01874014404469293
0.018739873748363296
0.018739138533043844
0.018737521127110079
0.018737461751747411
0.018735093818166501
0.01873250855443619
0.01873195668980334
0.018731034280666806
0.018728324682276674
0.018725326440573779
0.018722187090985269
0.018722010257367576
0.01872175579597472
0.018721396412465494
0.018719796744705322
0.018719205042869443
0.018718458223901075
0.018716792476202514
0.018714191016239647
0.018714019217979952
0.018710306302873386
0.018709997960730123
0.018707629594882008
0.018707471877252243
0.01870689150163489
0.018706630831888307
0.018703729882283436
0.018699001065262483
0.018698525511012289
0.018694522714129871
0.018691083800910148
0.018688077185780836
0.018686996318738464
0.018683632053912897
0.018683604303831109
0.018683537988267666
0.018678343210041849
0.01867734346356599
0.018677179153210571
0.018676142456813614
0.018671770432382617
0.018669813953297518
0.018668169757982963
0.018662915484160825
0.01866282975688572
0.018662195465674346
0.018658279466654066
0.018657653862505109
0.01865756795511141
0.018657031939534496
0.01865439806584757
0.018654066361852017
0.018653576289680084
0.018653156612574721
0.018650042362091473
0.018647990426510622
0.018645782687106982
0.018640673350363714
0.018639329344582296
0.018635213906926108
0.018631729658710166
0.018630976053950456
0.018629948599255861
0.018629384569540205
0.018629270165373805
0.018626963362996282
0.018624325479776795
0.018621675319013438
0.018621095321880811
0.018618469493082882
0.018618401778681962
0.018617120483941027
0.018617005305957921
0.018616872867955946
0.018615658009031359
0.018611803015013664
0.018603222781394018
0.01860317628284739
0.018599818472647661
0.018599451766418803
0.018599233238377113
0.01859860745223103
0.018596624045399003
0.018595370062695255
0.018593345988057619
0.018593140507281988
0.018591830610153268
0.018590120181057584
0.01858872497957495
0.018585915539281527
0.018584572284170708
0.01858395789595222
0.018582417939851006
0.018581653594787428
0.018579062402506091
0.018573458700972417
0.018571931841023872
0.018570782560124108
0.018569567196036911
0.018568422352652478
0.018567918991820479
0.018565801749282299
0.018559642676994014
0.018558845594221406
0.018556474798501477
0.018555732861556217
0.018554292421761001
0.018553841789040307
0.018550568379198242
0.018549957632903888
0.018549300740239898
0.01854914235044321
0.018548682568704504
0.018547943094022121
0.018547337568195921
0.018545256279457009
0.018543068312394953
0.018542709459583202
0.018539654282739373
0.018538375786375124
0.018536354023887484
0.018535597176122871
0.018534982293988277
0.01853253259851443
0.018530191269116474
0.018529845269732961
0.018528052757101392
0.018525115241608735
0.018518309207678135
0.018516781216150056
0.018515689873794282
0.018511294448309009
0.018510636874522382
0.018509643607219194
0.018508811170603875
0.018506093908250209
0.018503600791630839
0.018502240248027834
0.018501433664469435
0.018500648408945428
0.018499647801104285
0.018498844890914648
0.01849793757195747
0.018495468622720567
0.018494967747696923
0.018494336889547824
0.018494159397030092
0.018493839625968719
0.018493719301804174
0.018489953324364764
0.018487239551486605
0.018486411137075536
0.018484990543042104
0.018481905352249309
0.018477058657408767
0.018475831529541187
0.018475094695610605
0.018469959802230707
0.018468942102325983
0.018468924918908565
0.018468442988248079
0.018466568929593325
0.018465735687253119
0.018465281355054822
0.018464213358515131
0.018463378777035716
0.018459286031859288
0.018457694962302568
0.018454521177931005
0.018453875478680652
0.018453520047452793
0.018450531331164605
0.01845008117612253
0.018449951524107451
0.018446967883630833
0.01844628122494885
0.018444164557884876
0.018436349881401554
0.01843591751571276
0.018435569346474754
0.018433093737846681
0.018431868394622637
0.018428046910619569
0.018426549350326782
0.018425097007754274
0.01842372456000636
0.018423633570200791
0.018420246290898737
0.018420113302238677
0.018418167397933539
0.018416962309257233
0.018414848236320676
0.018414415371333905
0.018413914457696769
0.018409547492219017
0.018406929705657483
0.018405599205745356
0.018405515876405997
0.018404066856471255
0.018403425210895292
0.018401969932376382
0.018400338836839569
0.018399647726974815
0.01839858358084184
0.018398470226136991
0.018396892102916892
0.018396807848161965
0.018395637093643186
0.018394923855854572
0.018393292000033847
0.018387233933130909
0.018384285608414506
0.018382689907593324
0.018382596211696373
0.018381995065600655
0.018379266972653477
0.018377978747729295
0.018377493823243381
0.018375225602510314
0.018374643843050556
0.018374640342895744
0.018373165099377902
0.018371375472798167
0.018369270486347313
0.018367035408948011
0.01836621458067246
0.018364354988153978
0.018359959516270008
0.018359953838680811
0.018354873261272844
0.018354501977256448
0.018353244673226188
0.018352991549806595
0.018352828514836866
0.018352576114005495
0.018351265271835216
0.018349383201823301
0.018347109012019656
0.01834618482142172
0.01834269690984159
0.01834000084033835
0.018338093612464353
0.018330946162872681
0.018328646275797066
0.018327341292131417
0.018326668952507792
0.018325549836240768
0.018323068531056842
0.018321115941110407
0.018320960054711795
0.018320550231460273
0.018320382989839606
0.018319539976234606
0.018318513872751588
0.018316193637166432
0.018315427762030184
0.018314062870045625
0.018313156677664345
0.018312497053023152
0.018311932858895687
0.018310831606416236
0.018306764276123114
0.018306392127753954
0.018304700899365298
0.01830407685086867
0.018301090998691559
0.018301077171071302
0.018300808839589702
0.018299908317601404
0.018298297360443434
0.018291572388185216
0.01829071852535806
0.018287726391204094
0.018283851205265267
0.018282818066608857
0.018282308676258345
0.01828098914654832
0.018278710951147612
0.018272038277523901
0.018269520776100782
0.018268251751874715
0.018264192714761554
0.018263317378557443
0.018261553719915159
0.018261454582752319
0.018258740106965946
0.018258227430394989
0.018256988269451369
0.018256670958249392
0.018252301133576419
0.018248317907594114
0.018243989082612645
0.018242191065871247
0.018233666547361513
0.01823328579049158
0.018233071543174613
0.01823148781309018
0.018230624273619093
0.018230548585866452
0.018230355997872143
0.018228396436534147
0.018226309466892701
0.018223809350252428
0.018220768726957246
0.018220737857850548
0.018220172711008627
0.018220118986168252
0.018219681167167923
0.018215048530455885
0.018215025855595889
0.018214898560618874
0.018213618479591125
0.018213610421250703
0.018213414624431573
0.018206683866190496
0.01820355563971144
0.018198882478431384
0.01819801440514749
0.018196752581905923
0.018192640058596918
0.018192492944367505
0.018191518512114327
0.018191381437938935
0.018190170517556503
0.018189420433484364
0.018187998312879265
0.018187275649657726
0.018185739321788227
0.018185312283630892
0.018182671794626612
0.018181898753528328
0.018180482303000324
0.018176626467625481
0.018175210862837268
0.018169946755937878
0.018166794416935129
0.018165511208793009
0.018164795311741141
0.018163265587538571
0.018162561405106099
0.018159779699851369
0.018158614249638293
0.018157211516858524
0.018155453593031869
0.01815308829758628
0.018152471135164296
0.018152262927904159
0.018151160519358903
0.018150977976945853
0.018146348285583661
0.018142265071097157
0.018133214875258728
0.018133095178679951
0.018132393799853465
0.01813218934715367
0.018131866235269373
0.018131560620545113
0.018129367525630422
0.01812402831044661
0.018123976000600634
0.01812209341843107
0.018118633685922928
0.018115649299785826
0.018111310186738287
0.018109362048608028
0.018108882596203718
0.018106691974658536
0.01810620953022192
0.018100233821396736
0.018096161639807089
0.018094673866186461
0.018093308795381666
0.018092930929711284
0.018091320524350238
0.01809104834795135
0.018089493912133311
0.018089141754004778
0.018088645168797862
0.018085903340877934
0.018084553035946187
0.018082337904229459
0.018077010953726866
0.018076995590048248
0.018070909098201859
0.018070132240831926
0.018069632695858508
0.018067513687036775
0.018062350277835149
0.018060857558730645
0.018056954641160673
0.018056184280110809
0.018051580679173718
0.018042930927852051
0.018042225355917877
0.018041494684434695
0.018041386080003843
0.018040821057073012
0.018032132396310643
0.018027745382233028
0.018027417439489924
0.018025136666449681
0.018021576434362755
0.018017542115363071
0.018012657025276237
0.018010836880526057
0.01801013901227284
0.01800776721043967
0.018004937756995808
0.018002125179567965
0.018001553460045373
0.0179991586293171
0.017998036304456785
0.017997948194195104
0.017997784734652373
0.017996855204046827
0.017996788083089164
0.017995692067846163
0.0179954649526941
0.017993646495449517
0.017992506397060931
0.017991909256589323
0.017988025347595395
0.017985858109824501
0.017984930969948791
0.017984261711912284
0.017984152364241571
0.01798125021899127
0.017980826459692831
0.017975306661240954
0.017975281980811036
0.01797509043882229
0.017974571504755753
0.017972502264366783
0.017972143448092535
0.017971897418994479
0.017968368527857215
0.017964639876783001
0.017964578030764684
0.017963438099912514
0.017962963344563227
0.017962333126472472
0.017962160171441286
0.017961643106171432
0.017961576944390396
0.017956986123955253
0.01795451180785369
0.017953887966171457
0.017952351375697111
0.017951160462170372
0.017948033575806988
0.01794711648917097
0.01794532856979468
0.017944759665018229
0.017943007678454699
0.017939196340468141
0.017938813016105004
0.017935160570448944
0.017931518531383552
0.017929724005710038
0.017929567959007246
0.017927685489788941
0.017924889700873831
0.017923808585109949
0.017921930849863918
0.017921488201004226
0.01791812744256582
0.0179157455716785
0.017914893081643523
0.017914277279692234
0.017913118743842535
0.017910410433261754
0.017910367471308395
0.017908497700906738
0.017908061742390249
0.017904611977866389
0.01790304976532868
0.017901333423949048
0.017899451512867696
0.017899290598052914
0.01789925716167402
0.017899053952235192
0.017896606170533905
0.017892846010441034
0.017892584079032114
0.017892281242439814
0.017891810462499054
0.017891248519845686
0.017891082850082358
0.017891037033181872
0.017890267389497134
0.01788951160835775
0.017885339599748164
0.017884012677016867
0.01788314635741892
0.017881109792366363
0.017876839768978213
0.017875385987639915
0.017874818960098852
0.017874662626181256
0.017874645183811721
0.017873268998573701
0.017872645633719847
0.017868484789634723
0.017868003605995806
0.017866256080776913
0.017865880321002673
0.017864577697557869
0.017861901731340116
0.017857796498923353
0.017855487120153554
0.017855400585093717
0.017854631662044391
0.017848053622830023
0.017846879262910769
0.017846685273171372
0.01784617484006553
0.017845270167638417
0.017845049838981421
0.017844579706067801
0.017843726478948763
0.017841160339675779
0.017841085671955803
0.017839137455068942
0.017835072313166098
0.017834606291472196
0.017831508533587993
0.017830600384349943
0.017830359094951176
0.017829048418853539
0.017828535691248287
0.017827727023351274
0.01782558544869443
0.017824270936910101
0.017824161691964834
0.017823377450352746
0.017823116346008382
0.017822509007888534
0.017821432999658486
0.017820749226053471
0.017820322634713368
0.017819622811250761
0.017817182332270427
0.017816119157344712
0.017815845492812173
0.017812637092103137
0.017812150780891999
0.017811914292949593
0.017809739087051416
0.017808162554296156
0.017805149161483343
0.017801085503546341
0.017800965192713774
0.017799412007583372
0.017798508221718853
0.017794336186516265
0.017790346209214724
0.01778840200366813
0.017788047230596647
0.017787151457551203
0.017784332084985921
0.017783441351936793
0.017781808324130403
0.017781201907270273
0.017780705680114528
0.017772501807564477
0.017770412113742792
0.017768127386538064
0.017766090418159301
0.017765622168332489
0.017760102777446187
0.0177562881871812
0.017754419296735935
0.017753050257516629
0.017750312464708137
0.017749437229560232
0.017748692259647099
0.017748535399664218
0.017748296851764472
0.017746628881852338
0.017745065763246394
0.017744885121065323
0.017744831889672023
0.017740225648725842
0.017740096957892453
0.017739610977062864
0.017738088565742511
0.017735725509154771
0.017733259608718344
0.017730930802014971
0.017730180409233836
0.0177293762360425
0.017728187433537438
0.017728047756737232
0.017721333029238423
0.017712388818327578
0.017712266524256219
0.017711484530316065
0.017710377994264739
0.01770408132008499
0.01770187974023902
0.017696807898892632
0.017696704120223991
0.017693806405696715
0.017687724657808105
0.017685497197161532
0.017684610725314003
0.017684152734257771
0.017681648817924819
0.017681059373516345
0.017680277852831546
0.017679016212107823
0.017672761177199067
0.01767032906517468
0.017669502907853532
0.017669166987278731
0.017667849248204928
0.01766673545519153
0.017665333999675518
0.017664642493160677
0.01766341257503275
0.017663181737722671
0.017660321175216681
0.017658577005233919
0.017656889674972684
0.017651273885729658
0.0176496105622207
0.017648728291676605
0.017647763652721114
0.017646941107415524
0.017646572941715351
0.017645722727568865
0.017645407543187594
0.017644099118755811
0.017641988666979164
0.017638511024080424
0.017634278842418465
0.017633404692835631
0.017632126153521784
0.017631360458406964
0.017628966802513722
0.017627489086763155
0.017625065820645665
0.017623618997635367
0.017623482047334722
0.017621146806889566
0.017618121526424092
0.017614889957631281
0.017609532946597815
0.017609341206055232
0.01760901602148917
0.017608675594144269
0.017605598415940928
0.017603647581556837
0.017603074701781095
0.017602106318590285
0.017601304347935064
0.017601257699602985
0.017599799919439996
0.01759639500969298
0.017596166677832693
0.017594923120730101
0.017590903132473662
0.017590555436691982
0.01758567934466997
0.017584521733179204
0.017582723307044558
0.017580111643433923
0.017579782453228061
0.01757617358753966
0.017575312010651118
0.017574473429421908
0.017573115436548999
0.017572792930420172
0.01757245467471508
0.017571788763437769
0.017570207255404018
0.017569951371107482
0.017568941646866055
0.017566386352944486
0.017562487162542748
0.017561638070426978
0.017561393019284985
0.017559427268048891
0.017556383974053531
0.017555975228758101
0.017555947426853673
0.0175558236637369
0.017555422516611803
0.017555124201815923
0.017554994730387401
0.017553898005865487
0.01755168738611727
0.017549697737067566
0.017548708985015725
0.017547728485997331
0.017546982701985351
0.017544971986734288
0.017544865928280542
0.017541115871955264
0.01753557935928524
0.017534993993187812
0.017534950456775264
0.017531490826936197
0.017529482482875534
0.017528329683619275
0.017528199965703272
0.017527204382144841
0.017525989901617526
0.017524405596440612
0.017524250062878534
0.017524238408956758
0.017522998821508966
0.01752233928169631
0.017519944391484937
0.017517496152517301
0.017516546229132766
0.017514963563292137
0.01751042929238366
0.017509332992327754
0.017505741923775537
0.017504137958630837
0.017503671153325431
0.017503378404936851
0.017503129768372039
0.017501985706243749
0.017501870514142471
0.017501673550618796
0.017498503724565077
0.017497606550957431
0.017496791369095786
0.017496421834146028
0.017491227558805385
0.017488290985628225
0.017487182388191646
0.017487151982826948
0.017481105596095774
0.01748091320303357
0.017480191753272444
0.017477223350409712
0.017476196266181201
0.017475946281855954
0.017475904704123954
0.017475826343651212
0.017473679158178438
0.017472392845683887
0.017472179616060457
0.017471037263965154
0.017470307770010879
0.017468942647001506
0.017468841498417771
0.017468071360028977
0.017465859031720803
0.017465372884745319
0.017464809134308895
0.017464090819397225
0.017463771084678302
0.017460349942619888
0.017459215564259192
0.017458980071650355
0.017455846441238716
0.017454082106661176
0.017452531591977172
0.017452068330775269
0.017450919295839164
0.017449692273315068
0.017449552176494874
0.017449309087032863
0.017448717731808505
0.017441184322748233
0.017437005727950844
0.017436687780257032
0.017436002933111667
0.017434736185400982
0.017433990627376533
0.017430986861340605
0.017430146537379006
0.017429865010486763
0.017429467755745474
0.01742893651592068
0.017428924116855832
0.017425659717711057
0.017420477988378306
0.017418865305556412
0.017418775198823608
0.017418250064553564
0.01741695394489377
0.017415174418006735
0.017413264597685812
0.017412852384956611
0.01741224089109417
0.017411858600463005
0.017411827570749088
0.017409600192771615
0.017408587298790718
0.017407783289585314
0.017406998429351908
0.017406156539270808
0.01740612753754784
0.017401898488099456
0.017398379532915086
0.017398076866302761
0.017393507636775316
0.017393193605438687
0.017389436405534434
0.017388396182006122
0.017385810105735599
0.017385353846067882
0.017385115987180445
0.017383893323130142
0.017383678967596742
0.017382486875351474
0.017380671483634418
0.017374420968498731
0.017371998964522115
0.017370962559065967
0.017370315196838168
0.017368986956308074
0.017367683020777517
0.017358538034758716
0.017357469467644562
0.0173541421981845
0.017351015240852492
0.017348128266124377
0.017346736755832332
0.017345906719858774
0.017345193541045887
0.017345057387333659
0.017343896028223494
0.01734329489084583
0.017342994342350985
0.017342455036588548
0.0173403041457252
0.017337065712256933
0.017336532214908884
0.017334179027188226
0.017330158866658282
0.017328588993286313
0.017328147765410903
0.017326716876451684
0.017326550635125539
0.017325466359938334
0.017324065128112996
0.017323597570843334
0.017320151362685356
0.017315829281002119
0.017315792030073784
0.017315345744366505
0.017312985958134307
0.017311631077928925
0.017310623180436139
0.017309010245288841
0.017307920681020463
0.017306089888852034
0.017305592656577287
0.017304699378413627
0.017304364443284911
0.017300081530736554
0.017298509498667985
0.017298406819058785
0.017296524773743667
0.017296291410021002
0.017293699077057949
0.01729172675454526
0.017290003068731442
0.017289527870722476
0.017289370546647087
0.017287478175278419
0.017287314398484709
0.017283157373315379
0.017280273455289156
0.017279229262962718
0.017279101468067253
0.017274982655471553
0.017273531916211667
0.017273380510368738
0.017273029701553207
0.01727201454590702
0.017271046458456996
0.017271045236791776
0.017270980211451334
0.017268211674807344
0.017267493747890949
0.017267340509388954
0.017265909814788583
0.017264786510674889
0.017261284225912076
0.01725881814079536
0.017258566249842091
0.017255785915061862
0.017255458849019367
0.01725445820267605
0.017251067507900328
0.017250428757980617
0.017249998887219661
0.017247103036410097
0.01724552576971353
0.017244005357837964
0.017242713274051583
0.017242658191099824
0.017242608370505334
0.017242584555801344
0.017242244131735838
0.017240763501063686
0.017240344160250779
0.017240293758282985
0.017239342884847995
0.017237282032254705
0.017236417895932138
0.017235390760209662
0.017229721616592763
0.017229242332467982
0.017228300114884562
0.017227761034648834
0.017226142663486477
0.017224596019737481
0.01722374137387785
0.01722214642729664
0.017221705526422996
0.017220979471133799
0.017220603281191103
0.017218220525655505
0.017217619766715198
0.01721470378373964
0.017213256035115695
0.017209865872323229
0.017206249957473736
0.017205972509125651
0.017205407084067308
0.017203706738698924
0.017203568511494533
0.017200757889665311
0.017198789464356108
0.017198303420734799
0.017198036641957477
0.017197593520513522
0.017197374805564949
0.017191230775250619
0.017190909566877681
0.017190901900444346
0.017188668961442877
0.017187100174384268
0.017185505251062914
0.017179043892736705
0.017178516807617464
0.017175643155956863
0.01717535693918406
0.017174199924469946
0.017174101916470525
0.017173349091922308
0.017170676041470649
0.017167870953864472
0.017165582758862919
0.017162564237390553
0.017161732204465308
0.017161020548366508
0.017160878700604017
0.017158775338443028
0.017158579744801675
0.017155401031446322
0.017155102249013093
0.017151611887675788
0.017149706455771418
0.017146162867481191
0.017145893781682263
0.017142301488945133
0.017137957900154772
0.017135844926492321
0.017135310116900677
0.017132976113415258
0.017130419658496772
0.017129341715731657
0.017127083812369652
0.017126975582152325
0.017126389960162951
0.017124989085697144
0.017124891666111263
0.017123024011125396
0.01712231161997246
0.01712133952625821
0.017121250094370072
0.017121009433745633
0.017120306364534169
0.017116438416214488
0.017115957416355458
0.017111664591579732
0.017111377832992661
0.017109510193349196
0.01710519976445786
0.017101251835226303
0.017101086758525768
0.017100086352963284
0.017099322213368424
0.017097650451954449
0.017095401400194193
0.017092038969141209
0.017090149732978118
0.017086229962795189
0.017085377855859379
0.017083166435084667
0.017081299135452047
0.017076476300875484
0.017068188675161987
0.017064488993395122
0.017062277766178628
0.0170604089597391
0.017059418709142789
0.017058866704192616
0.017054768355594486
0.017053416003833512
0.017053056018827863
0.017052563875367452
0.017051942936816285
0.017051247162869685
0.017050533672034796
0.017050138425868697
0.017049686670004002
0.017047498066493069
0.017047203534338206
0.01704716461536249
0.017045584163011173
0.017045053387170338
0.017042119101091435
0.017040236432132327
0.017037733820344639
0.017034770421634073
0.017033494655375923
0.017032319674424687
0.017032095107271179
0.017030943365487196
0.017027439637708561
0.017020937259087581
0.017020296150711364
0.017019726411282521
0.017019430309786754
0.01701861343870463
0.017017218221058204
0.017016132133917838
0.017010478007733296
0.01701009899945986
0.017008337588217955
0.017007340599939785
0.017006865370700584
0.017006557852233001
0.017004739737632567
0.017003737078569031
0.017003006546319335
0.017002754583324443
0.016997881804812248
0.01699424861874153
0.016993774772853892
0.016993111007942242
0.016992890175310887
0.01699276066301602
0.016991816392286876
0.016990289567568324
0.016987033610852801
0.016986148373109421
0.016985247915808809
0.016980481458570663
0.016979878577154911
0.016979302058635435
0.016978564168388138
0.016978462391293647
0.016977802963097081
0.016976803116266134
0.01697433126164415
0.01697353749659709
0.016970877445323527
0.016968536018257416
0.016967914293050342
0.016964975802800163
0.016964910701509368
0.016964006111648541
0.016963849790442468
0.016963787231901718
0.016961558367705774
0.016960493324524002
0.016960229291244446
0.016957672322987501
0.016957580520398662
0.016955625770214672
0.016950508621374417
0.016949712206133873
0.016949014964259861
0.016946862957247885
0.016945917534498284
0.016945015759298066
0.016943362331635702
0.016942514219503952
0.016942093245781192
0.016934804832907473
0.016934354766275451
0.016933461683290494
0.016932108235134011
0.016930967434412473
0.016930311258572001
0.016929756870293241
0.016927342176196496
0.016926529479475368
0.016921923027732631
0.01692052153239287
0.016919276174065821
0.01691817127252852
0.01691772900051244
0.016917445819948355
0.016917175691787287
0.016916451131577175
0.016916263639910101
0.01691607183067673
0.016915431110068387
0.016911738166681376
0.016911702308266663
0.016910940740167871
0.016909757029808667
0.016907486666620397
0.016905030586228127
0.016903985775164859
0.016902818105262819
0.016902265609578342
0.016901789219625658
0.016898641424916126
0.016897422880845898
0.016895533832803369
0.016895193581660705
0.016893799964116159
0.016892023612876551
0.016891271287001373
0.016888324992037722
0.016886820285490423
0.016885838189800786
0.016885723168244528
0.016884481608460514
0.016883530601405662
0.016881239577418591
0.016880873695986204
0.016880402879029859
0.016879200978184693
0.016879108539330549
0.016876724373554874
0.016875011588186172
0.016873979639240484
0.016873236136808051
0.016871866149805348
0.016871324549187602
0.016871232547542442
0.016870589859475853
0.016868506947505864
0.016868485107078151
0.016866313601042651
0.016864477688415095
0.016860165239867077
0.016858885068025825
0.016855526878393905
0.0168543921785477
0.016853869508288623
0.016852817183818081
0.016851336856305448
0.016850958510637171
0.016849932717302857
0.016849609072787361
0.016848811503898213
0.016848722556541049
0.016848571321983266
0.016846336875377205
0.016846183986065466
0.016842023829629835
0.016838031373158296
0.016836988389333323
0.016835619311809106
0.016834564337916122
0.016834309335658139
0.016832065149330073
0.016830918958554479
0.016829469775726146
0.016828839694352237
0.016824958503298862
0.016824297120219829
0.016823922390282488
0.016821627410980831
0.016816682482847983
0.016813216519978635
0.016811364372847127
0.016810544956379833
0.016810424107067769
0.016804997686092917
0.016804397903016362
0.016803873270881439
0.016800783134198253
0.016799628437971486
0.01679893755387038
0.016797962081713559
0.016797745852405153
0.016796539440117674
0.016795807678256541
0.016792900161701135
0.016788763863182121
0.01678795033509994
0.01678710244558141
0.016784657745925063
0.016784601154581417
0.016784182605859205
0.016783710918374682
0.01678290671282797
0.016780748409886862
0.016780598313429471
0.016777425167576743
0.016776677413169735
0.016773293593885186
0.01676764278853822
0.016767255639427704
0.016765522748756638
0.01676387681985729
0.016763169405995391
0.016762336806924731
0.016758277362573001
0.016752058474837267
0.016751055145405373
0.016748317970481631
0.016745985835900926
0.016743036042379558
0.016742938033657225
0.016742234642889504
0.016741659089583472
0.016740515988594232
0.016739996779949806
0.016737819333614144
0.016737481066825932
0.016737394424238598
0.016736389143872338
0.016735733378522237
0.01673573097349226
0.016735451571082773
0.016734113081417892
0.016733921877304794
0.016733017442559221
0.016732319943977357
0.016732084096399896
0.016731570789259794
0.01673008081860803
0.016728957159653952
0.016728556493773923
0.01672828835255737
0.016727993186208233
0.016725076072403405
0.016724091200077233
0.016721723184534732
0.016721560937433357
0.016721491038824383
0.016719603214125259
0.016718999364604182
0.016715803166862154
0.0167145554901592
0.016714416855036222
0.01671435778333815
0.016714168012981524
0.016713701732579411
0.016712609558806619
0.016711559169349226
0.016711266153251889
0.01670895210397047
0.016708695703782323
0.01670774255073796
0.016704455401302932
0.016704380892430277
0.016703604746581738
0.01670208320013751
0.016699554686150926
0.016698384690940874
0.016698279126838099
0.016694869054828202
0.0166932320405546
0.016691805491903834
0.016686504229352715
0.016685671450519159
0.016685465524875119
0.016685031600030265
0.016684708954957786
0.016683599187408232
0.016679855409189988
0.016679203279240922
0.016676257706582914
0.016675055475025614
0.016674720078702285
0.016672486885574433
0.016671450706443082
0.016671328206692877
0.016668716681732042
0.016667637817131396
0.016664621439809423
0.016663896753315279
0.016661908347331656
0.016661289732321578
0.016657998147144356
0.016652442597495421
0.016651457812197745
0.016650754545191254
0.016649745974467958
0.016649654294832939
0.016648340097250747
0.016646587312608305
0.01664551054025221
0.016644480091212027
0.016644419839239474
0.016641961992631606
0.016639385174523704
0.016638869754681439
0.016638403974014736
0.016636735040626453
0.016634159204226347
0.016630639337431249
0.016630498172909007
0.016626883179302533
0.016626562883087261
0.016625496095005202
0.016625456432979694
0.016624960198106116
0.016623474155380041
0.016617456955406628
0.016616115943108554
0.016614891427262902
0.016614764325044697
0.016612716254670905
0.016610913785999885
0.016609584636845143
0.0166090810875699
0.016608711923904482
0.016606116272877003
0.016605973901093491
0.016603906147651174
0.016603780287640986
0.016603035890850489
0.016601336563216242
0.016599814586679699
0.016599043527776199
0.016596994595764341
0.01659397720709432
0.016589102753581199
0.016587589135391132
0.016585429679047584
0.016585339869964081
0.016585246442995742
0.016584727551372882
0.01658389567153282
0.016582868712163367
0.016581593395660024
0.016581580988944182
0.016581086231915652
0.016579606567768315
0.016579189664590835
0.016578858341852149
0.016576094187057459
0.01657491948160408
0.016572567845536099
0.016570660104016782
0.016566186447232789
0.01656589746316546
0.016562695128101938
0.016562484819331699
0.016561895979784292
0.016561892127042677
0.016559772066920726
0.01655911094615389
0.016558504572323367
0.0165563151462946
0.016556120787192024
0.016554989885266262
0.016553684146948144
0.016551422928848262
0.016551284211732315
0.016551131568019403
0.016550587934124828
0.01655002167354231
0.016548743098570712
0.01654814895629584
0.016545329503027738
0.016545218612488453
0.016544155540969337
0.01654395065635432
0.016543201956524589
0.016542720048873579
0.016540461768213586
0.016540174848327888
0.016539415618902226
0.016538361117470497
0.016537577553791167
0.016535827355120828
0.01653280737842449
0.016529531381587661
0.016528985577647488
0.016524795699319274
0.016524278099184449
0.016523031813862464
0.016522791115565975
0.016522676427981567
0.016518974150277466
0.01651779463923847
0.016517651048858367
0.016517274811418674
0.016517021925916062
0.016515459120964384
0.01651451174573541
0.016513616512182781
0.016513342284143542
0.01651251198929338
0.01651223720294312
0.016509426235374332
0.016508416066833374
0.016507049760982381
0.01650475687078426
0.016500910348201375
0.016500062058404527
0.016496845518520785
0.016494554294932552
0.016494294473724906
0.016493966199887002
0.016492199285535025
0.016490448281774865
0.016489005953485413
0.016485872099892187
0.016485451977580563
0.016483916006210814
0.016482641900105094
0.016480712041972306
0.016479621804401674
0.016477946135833657
0.016476339890947482
0.01647159834571001
0.016470808103562991
0.016470063628199055
0.016467291416190841
0.016466721450258417
0.016465734497974536
0.016465434739309233
0.01646531117276764
0.016463919132494058
0.016463337143817879
0.016462979825797138
0.016461993784905905
0.016460494621063648
0.01645782260939635
0.016454929371394512
0.016454470119746302
0.01645424512172242
0.016452476020137032
0.016450542656465308
0.016449485490082402
0.016449005848741143
0.016445235700355748
0.016444973955498557
0.016442954505397775
0.016441157595844046
0.016440687379441949
0.016437508479218675
0.016436938385579188
0.016435025406978467
0.016433321427372742
0.016432795456392382
0.016432614989630889
0.016431286031022119
0.016431219633281473
0.016428085805654889
0.016426743386523002
0.016425951864802932
0.016425278146871891
0.016423677063815603
0.016422627450765642
0.016421592613745387
0.016420613790047136
0.016419767225180272
0.016417694624289113
0.016416195802950513
0.016414297815546163
0.016413952552704988
0.016413521636402837
0.016408583347914091
0.016408181751433791
0.016407867403121078
0.01640633448327547
0.016399113795418262
0.016398420885948846
0.016394514726647397
0.016391901569927338
0.016389591634279915
0.01638923021308137
0.016388463262933538
0.016388268143866545
0.016387967300477386
0.016386566586082479
0.016385582667572344
0.016383688351899635
0.016382644403867434
0.016381947933573362
0.016381696048451622
0.016380598662685
0.016379970674543016
0.016376922566345636
0.016376312712088493
0.016372049872897511
0.016370852813066428
0.01637045503239196
0.016368889873880736
0.016368712730308644
0.016367220484977449
0.016366302307291181
0.016366008336232401
0.016365606607849803
0.016363216770362947
0.016362911842144414
0.016361124962832367
0.016361079252483205
0.016360811772194856
0.016359653507054556
0.016359592128243068
0.016357636447997086
0.016357625920029244
0.01635666964143789
0.016355828900202263
0.01635462940615014
0.016353657957536377
0.016351728884306929
0.016350036962738471
0.016348363818977685
0.016345480169626923
0.016343352758261698
0.016338318119419173
0.016337601673904092
0.016337460988673374
0.016334496150831049
0.016332754598438848
0.016332475359978348
0.016331571468000405
0.016330224749663266
0.016326820662795401
0.016323522000209437
0.01632277211590244
0.016320801989865671
0.01631995477197995
0.016318558250298938
0.016316852543249397
0.016314284681375021
0.016313195897394286
0.016308700817925736
0.016307816748524509
0.016307249504403664
0.016305198237922307
0.016303952848582604
0.016303881557336763
0.016303546556979014
0.016303506858426863
0.016297373498000065
0.016296909101945756
0.016295079460566939
0.016295010675964356
0.016294874546242677
0.016294358869422414
0.016294320994184843
0.016287157876203009
0.01628702254070814
0.016286030238750436
0.016284133460674491
0.016282515083866411
0.016281842792523989
0.016278352040126731
0.016277639136912526
0.016276916709341543
0.016276612848371421
0.016276521229596715
0.016276346305108796
0.016274850176600696
0.016272977667995576
0.01626934814148763
0.016268167817294055
0.01626788286763849
0.016267688130106223
0.016265283593284892
0.016262795449609888
0.016260468634363128
0.016259422537046295
0.016254826787466387
0.016251838468619471
0.016248343502587793
0.016247899061031787
0.016247240037600457
0.016245373775352522
0.016244253544223486
0.016241616531768026
0.016239932686942567
0.016239909998529665
0.016237245115543777
0.016237078602987353
0.01623660058385875
0.016235820406368066
0.016234930013522022
0.016234766542933942
0.016228386865417162
0.016228263417172064
0.016227530940486574
0.016220327379921424
0.01621868866300203
0.016215838950155
0.016214792676837324
0.016213326610018806
0.016211508863017608
0.016210164713550697
0.016209867944695457
0.016208512785565277
0.016208310524051504
0.01620785691668996
0.016207821881433708
0.016207375369234635
0.016202172241573463
0.016201631155708662
0.016197319541959992
0.016196286181840158
0.016196140713074368
0.016193075675959154
0.01619154780247203
0.016187503401600519
0.01618708962803133
0.016184976478171641
0.01618332015516892
0.016183116654544374
0.016182685485837719
0.016181943037727069
0.01618162099975726
0.016181540166483668
0.016181473114009179
0.016180936649861241
0.016179284437836151
0.016178929533687894
0.016176762396806595
0.016173943702307347
0.01617339775457317
0.016173291498050999
0.016172797104701212
0.016172424493084935
0.016169062900377749
0.016168272494430033
0.01616683563839386
0.016165619099482737
0.016164022360242919
0.016163819434285596
0.016163701494350573
0.016163460179692862
0.016161434697735448
0.016159423004476477
0.016157804614392469
0.016157258797439459
0.016157054137042944
0.016156699339707595
0.016155579265871994
0.016147982145475047
0.016144529732487305
0.016144395282743345
0.016138630169269485
0.016138490711887176
0.016137762006029524
0.016137659898533732
0.016136526574200855
0.016135579305854464
0.016135528466375355
0.016135276163571688
0.016134975405617914
0.016134787872196212
0.016134742617429951
0.016134161411266341
0.016132902197798355
0.016132307326702594
0.016132085974590576
0.016129960968045639
0.01612459035283699
0.016124096574064425
0.016123453180273375
0.016120964195697446
0.016120278427025549
0.016119294076340537
0.016117557542802002
0.016114729537820192
0.016113651145859418
0.016113250532556033
0.016109125586224595
0.016108819225814731
0.016108443178926016
0.016105952813149874
0.016105466830581526
0.016104064023863836
0.016102722952142056
0.01609955823801568
0.016099167871823139
0.016095977361272738
0.016094967758302315
0.016092042969028376
0.016091548745388477
0.016089174422771257
0.016088807919143099
0.016086992226754825
0.016085727124275882
0.016084764163921794
0.016083206130053249
0.016080981818605903
0.016077803878215977
0.016077077036840436
0.016076936654811805
0.016069312277402568
0.01606770955027053
0.016063183605997816
0.01606305795044673
0.016061688084303721
0.016060310600323639
0.016060162824144301
0.016058972748070999
0.016058618890407252
0.016057693430941319
0.016054806631035951
0.016054292480750677
0.016053058659529298
0.016052485227297717
0.016051530888752125
0.016051092190716831
0.016049856542706173
0.016049137402062867
0.016046636279745011
0.016045635765493432
0.016044298386351113
0.016041100179792739
0.016040603575887852
0.016039966049226712
0.016035944124903407
0.016033385172446249
0.016028513072122042
0.016027123213209354
0.016022555822391048
0.016021677648952386
0.016021107291236698
0.016017141492151211
0.016014282500880089
0.016012859357376636
0.016012732664571049
0.016011584946914067
0.016009004648403831
0.016006588892474648
0.016004142613423596
0.016001883211651281
0.016001842647189731
0.016000463193740048
0.015999864941233583
0.015998569945568298
0.015997411356082212
0.015996063054602671
0.01599577676385968
0.015990506187973458
0.015989602436659648
0.01598926590608413
0.015986029580291675
0.015985596647285594
0.015983298851394784
0.015981454537281527
0.015979362290044319
0.015978316152240383
0.015978063952724504
0.015977787558346834
0.015977053413036821
0.015973638128253375
0.015973310166720656
0.015972840158063984
0.015970945421971784
0.015969987641806942
0.015968417837758573
0.015967534133907012
0.015967495848688319
0.015966973605309992
0.015965711208431578
0.015965210429299444
0.015964643166405407
0.015964094402324856
0.01596283732394373
0.015955935441922219
0.01595155173711791
0.015950548258497246
0.015948671982097231
0.01594540599712559
0.015945042719066306
0.015944701069364173
0.015942934614876923
0.015941866217172789
0.015940926363694687
0.015940100515844519
0.015939183029661248
0.015938427503099817
0.015934211949455223
0.015932636043543249
0.015932598035181229
0.015930627238465594
0.015930286821456124
0.015930182001930061
0.015928781409281622
0.015928449363180372
0.01592709558007286
0.015926197459152074
0.015922957031807548
0.015922180992489935
0.015921677510028532
0.015921594574053823
0.015921467531886058
0.015921232361877893
0.015916590943588015
0.01591569934387875
0.015914650419262266
0.015912389738278201
0.015910766586147252
0.01590973485632019
0.015907176124706785
0.01590355431632515
0.015902890504156733
0.015901002633070305
0.015900920491649598
0.015900810849210238
0.015899011944969992
0.015898616273749788
0.015898271605973742
0.015897592426477199
0.015897553010738426
0.015897538487313376
0.01589461769628691
0.015892299397560171
0.015891913457817378
0.015891772346608456
0.015891570344910313
0.015888217708989464
0.015887236522803324
0.015887113934004351
0.01588710244262324
0.015886101930939756
0.015885977874396759
0.015885870678235308
0.015885429666388139
0.015884525465306738
0.015883983046650969
0.015883772307392699
0.015882925725964139
0.015879605584868308
0.015874161198655257
0.015873636491733373
0.015871193487298318
0.015870391590548073
0.015870314228502543
0.015869212347249757
0.015867821305357275
0.015865489861822173
0.015865111237533879
0.015864907634507288
0.015863893423623095
0.01586319560626932
0.01586132262618084
0.015859117620391629
0.015859059046326163
0.015858597196735574
0.01585606609454631
0.015854463356797601
0.015853747471502443
0.015851008162377452
0.015850569940513988
0.015850416012305378
0.015848469443487903
0.015847411404266258
0.015844818663268301
0.015843005493802926
0.015842788587765583
0.015842171533881514
0.015841981825685556
0.015841836379470422
0.01584099904234753
0.015839645732672152
0.015838651963089222
0.015838585061743647
0.015837504662045986
0.015835699840574861
0.015831101999217698
0.015830074583806412
0.015829600044681653
0.015826590680085243
0.015825401362631743
0.015824422150184196
0.015824265449647119
0.015822154169605251
0.015821295157373381
0.015820311088276754
0.015818459678483218
0.015818394810411446
0.015814112342058928
0.01581357817082555
0.015811580742905347
0.015811433440603054
0.015810576459940103
0.015809768444622556
0.015809413015913772
0.015809381967789291
0.015808484740649022
0.015806531583141891
0.015805676621387574
0.015805111146288103
0.015803886366563515
0.015801867486339858
0.015801339504847408
0.015797457216912624
0.01579294936306111
0.015790195396890659
0.015790026641187237
0.015787743644693902
0.015787170495143395
0.015781273141540354
0.015778244269987626
0.015777679139387376
0.015777262768329837
0.015776601253563418
0.015775725341322926
0.015774992977813495
0.01577387053221194
0.015773759457659527
0.01577134390479986
0.01576918657616418
0.015762284303533585
0.015759976367496445
0.015759292259489611
0.015758620438092279
0.015757781681759436
0.015757226522714732
0.015755863186957032
0.015754331943143785
0.015753396672378503
0.015751726443907307
0.015751025336517739
0.015750778420606633
0.015749007543643018
0.015746154536572979
0.015744576121395303
0.015743364917580757
0.015742604175452458
0.015740551239451863
0.015739120122707104
0.015738578975082251
0.015736936165832563
0.015736097299467882
0.015736044884598822
0.015734598159768357
0.0157327775833002
0.015732177152551707
0.015728048079994388
0.015727836059592583
0.015726861440632983
0.01572347579436988
0.015723306434494714
0.015722642193663771
0.015720940053838974
0.015719000314920042
0.015717095870139884
0.015716927646682616
0.015716121712788075
0.015714744281470926
0.015714457362755656
0.015712565559105503
0.015712047257292427
0.015710960600921583
0.015710866517643304
0.015709151641080218
0.015708493049021034
0.015707088054894944
0.015705637550235671
0.015703313371812289
0.01570312587450004
0.015702002655022983
0.015700326741473918
0.015697808542063207
0.015697481385061045
0.015694215999246159
0.015693523485210446
0.015692708040624108
0.015692664843872755
0.015692464506556772
0.01569097684875044
0.015689832628965079
0.01568872326850014
0.015684601244988938
0.015681620169421748
0.015681411764879135
0.01567846912767145
0.015677562554148768
0.015677228104448104
0.015675669467482296
0.015675581447181477
0.015674237401400382
0.015672999351788255
0.015672570787322187
0.015671354588401205
0.015669163540757838
0.015664958104500262
0.015663413233657691
0.015662699429156525
0.015662172808730786
0.015660763753480071
0.015658282831918738
0.015653343595337852
0.015650508512399717
0.015649664417599605
0.015648155697297356
0.015646592896420612
0.015645243954233508
0.015643646123271755
0.015642997733515369
0.015640015120086597
0.015639480963766841
0.015637798666785024
0.015634715796631702
0.015633962821985346
0.015633475802310753
0.015633292199865326
0.015632075118272137
0.015630744750645246
0.015630066811906186
0.015629478563226426
0.015626692535694348
0.015626505974449353
0.015625960168413746
0.01562469932500876
0.015622953431570705
0.015621143126279192
0.015620218579683714
0.015616129005944187
0.015614696553854146
0.01561294865086677
0.015612758599447428
0.015607482957013349
0.015606426936097071
0.015606178522564457
0.015606175681092245
0.015606146603626673
0.01560506458796841
0.015604959082106875
0.015603493830021513
0.015602406463116848
0.015601035536123516
0.015600975336268351
0.015599972497966349
0.015599525797982646
0.015596084082806666
0.015595636805123159
0.01559362420333814
0.015593512748643778
0.015593326558442425
0.015593323113764114
0.015589469690041142
0.015589324141111119
0.015588656419589687
0.015586067969484804
0.015585470624471603
0.015585283900575866
0.015585275059536654
0.015582939977905859
0.015580148296749386
0.015579664120842159
0.015572247125021423
0.015571766641886945
0.015568200654879275
0.015566811347175403
0.015566012498277982
0.015562680129059757
0.015562295493934881
0.015560564779164001
0.015553983632672089
0.015552736738078389
0.015552656369419582
0.015551786531439687
0.015550413321489171
0.015548300631819077
0.01554819803826102
0.015548099556162348
0.015545825358902258
0.015542271274644385
0.01553875647961088
0.015536039395063112
0.015535338788389242
0.015534946590689007
0.015534754471577905
0.015533143769297314
0.015532678489860213
0.015531175271334149
0.015530956046580993
0.015530892853807496
0.015528830638772997
0.015528793537589489
0.015528003581719603
0.015527519750124747
0.015527092821267527
0.015524258364941979
0.01552351560373668
0.01552174693070754
0.015516671009884455
0.015515101577928242
0.015514445018856959
0.01551400414632873
0.015512784954243332
0.015512713837215046
0.015511382036650015
0.015508335044339787
0.015505378529002151
0.015504513770374973
0.015503629134263119
0.015503105293214362
0.015500994145353789
0.015500860969741454
0.015500164280930316
0.015499759742790642
0.015498731633876632
0.015496271443982537
0.015488374867589354
0.015488308656666946
0.015487255393022823
0.015486801051229264
0.015485302035023834
0.015484231644249139
0.015478980202676422
0.015478595064888776
0.015478373992000489
0.015478054238009856
0.015476645610929337
0.015476197236431954
0.015475714310310237
0.015475418024265077
0.015474260823403573
0.015474240010546486
0.015474013439878682
0.015473814675624155
0.015473498197021799
0.015473272272708673
0.015471655238811112
0.015471262124629941
0.015468293889067262
0.01546591074563905
0.015465355000775756
0.015464929917093978
0.015463792381357542
0.015463181760869749
0.015462881544609274
0.015457690588124377
0.015455349619084572
0.015451872908742158
0.015450898367805672
0.015448042597879904
0.015447048174273772
0.0154455840107687
0.01544438022051735
0.015434818868774991
0.01543476305103952
0.015433900703616978
0.015433807442259289
0.015433436656125244
0.015432991521356342
0.015431820186148427
0.015428608625706604
0.015424173916566362
0.015421606220110554
0.015421035667380938
0.015420830327520889
0.015419640262759741
0.015419501892102882
0.015419165111330128
0.015416667023055858
0.015413719286365639
0.015413310396211591
0.015413064801644505
0.015410385914388827
0.015406069034209697
0.015405511453811242
0.015399766572712347
0.015399401704961567
0.015396701450387542
0.015395573573600649
0.015394773008077022
0.015394665872882251
0.015392167373246573
0.015391505079928085
0.015389918369156043
0.01538971303800986
0.01538782809357179
0.015387052958485446
0.015384967965660733
0.015383763215260256
0.015383033081823979
0.015382959057635197
0.015382510356083874
0.015379734897756424
0.015379240296078501
0.015377377805794516
0.01537663308074386
0.015376483058792431
0.015376242736203546
0.015375335050223808
0.015372684130775364
0.015370906082039143
0.015370783188907864
0.015370643755130881
0.015370545332064389
0.015361350904850014
0.01536028688221654
0.015359973845979581
0.015359958148233389
0.015358527685155577
0.01535852507088115
0.015358274476442812
0.01535585352879037
0.015351523292128619
0.015345925973645825
0.015343777862415611
0.015343460732878339
0.015341365414655746
0.015338463074500663
0.015338461011055009
0.015336737213266161
0.015336730800419541
0.015335525428540241
0.015335006787171052
0.015333256288121044
0.01533041050333772
0.01532974389622593
0.01532761086563003
0.015326991695956596
0.015325205269746445
0.015321126513803218
0.01532026471853617
0.015319703777240592
0.015318307339360831
0.015318032514587526
0.015316686686647618
0.015316610874932062
0.015316177047915753
0.01531113430617463
0.015310743111958862
0.01531025298269198
0.01530982269345915
0.015309785714548406
0.015307914466361375
0.015307380994066491
0.015306740392084617
0.015306243537625736
0.01530597932770968
0.015303622868819184
0.01529991295959636
0.015295928088445357
0.015294343643688053
0.015294329381520196
0.015293555184147913
0.015292617002801734
0.015291621658138934
0.015291621556680927
0.015290268718074785
0.015289967096948916
0.01528879529412943
0.015287292101660689
0.015286977145156104
0.015284090672367129
0.015282937989013192
0.015282594493235034
0.015281983827199835
0.015281892265827223
0.015281817213163806
0.015280981575350792
0.015278341405993018
0.015277975638517264
0.015276052493872976
0.015274648418699336
0.0152733482637262
0.015268820743508504
0.015268593374538019
0.015268216244140025
0.015267418356188056
0.015264679508701964
0.015261938627927421
0.015261443812441126
0.015260859899576136
0.015260561554859617
0.015260501277502036
0.015259569864231702
0.015259059439784204
0.015256549228484188
0.015253606960282542
0.01525356009957384
0.015253055189370085
0.015248651690461041
0.015245772196194324
0.015243546647445963
0.0152417103687772
0.015236911172831293
0.015236480911223989
0.015236472992383562
0.015235966225941823
0.01523580994243794
0.015235008782114383
0.015234497424838886
0.015233391069026854
0.015232493931387675
0.015230134178589433
0.01522932958094959
0.015228408759744367
0.015228406560315334
0.015228162855048098
0.015227394225287075
0.015227271013389282
0.015227061691406363
0.015226323184278957
0.015221302878212644
0.015220429337215733
0.015215381890149399
0.015213786523345818
0.015210478471820119
0.015209537558291525
0.015207864285746619
0.015206291279400331
0.015205724420618759
0.01520551961052375
0.015203109279157122
0.015202645182584339
0.015201911924356677
0.015201026099578758
0.015197414393301247
0.015196036280238792
0.015194695873786209
0.015192290847516263
0.015191763571079044
0.015191732708692495
0.015190211576329648
0.015189930551835351
0.015187505497705102
0.015185042247583588
0.015184030837859701
0.01518346193651323
0.015183180744184096
0.015182843762694591
0.015182711931488046
0.015182452807660183
0.015181606221011527
0.015178045156945843
0.015177830186044789
0.015177553734608154
0.015176739890449174
0.015175148966515051
0.015173096319521275
0.015171073665858072
0.015169473264897029
0.015166724688800391
0.015163282123327824
0.015162262037050378
0.015161975470263917
0.015161567206689404
0.015161415586042662
0.015159870453640031
0.015158792610718222
0.015158734445911601
0.015153171320126531
0.015152779129784017
0.015152551298234717
0.015152294287341802
0.015152073876225108
0.015151105026756253
0.015148930109386045
0.015147523048835243
0.015144473103867314
0.015143499183778981
0.015141331389009348
0.015141069683808534
0.015140415930227294
0.015140080626730345
0.015139603182531649
0.015138529649441356
0.015137735962020865
0.015135121973735025
0.015134595729741107
0.015134520702265852
0.015133955802672738
0.015133100195780045
0.015130356943033841
0.015129349794382851
0.015128592266892518
0.015127099935015299
0.015126628553728285
0.015125976038964305
0.015125430123833206
0.01512220047586545
0.015120623426555332
0.015118497041551477
0.015117571613916685
0.015117178700845909
0.015114600829562943
0.015114059809218853
0.015114049585843224
0.015114034489230521
0.015113899676681046
0.01511331873103069
0.015111745110958903
0.015109993873547849
0.015108125600592449
0.015107418399909108
0.015106216334301049
0.015104637916673817
0.015102543571656545
0.015101065991846881
0.015100552212223077
0.015099214051758816
0.015097884481055866
0.015093835935628668
0.015092867546613813
0.015092677638726302
0.015092131980189454
0.015091886840769331
0.015091812972603433
0.015091393477632765
0.015087425289900713
0.015086562030587313
0.015084841524378993
0.015083939877402457
0.015080112014339614
0.015078139119383183
0.015076054249880294
0.015075671141708227
0.015074979142059332
0.015074361774940231
0.015072193602273661
0.015071836028556943
0.0150707580080142
0.015070075495163454
0.015069193456699406
0.015068630549461937
0.015067506305770487
0.015067152459724918
0.015067035594162833
0.015066360364524954
0.015065731140665624
0.015065317732265779
0.015064449517305322
0.015061710097694523
0.015056974417180338
0.015053669972322565
0.015052638401084117
0.01505123114104547
0.01505044924971646
0.015049824076480331
0.015048485716631584
0.015048125384564662
0.015043834582111112
0.015043498886294134
0.015043478294217009
0.015043149639084581
0.015041714051655624
0.015041711650422437
0.015040724792473705
0.015040158825934987
0.015038911172867424
0.015038842413361848
0.015038169454237232
0.015038113055479009
0.015037932391506248
0.01503766677111831
0.015037339829051527
0.015036699662590138
0.01503667439311066
0.01503526805768483
0.015032791573891129
0.015032774454447071
0.015028716124216929
0.015025634204623297
0.015025446261516815
0.015023939566344569
0.01502250245514258
0.015022389084225294
0.015021565084867863
0.015020461740182435
0.015019577666136059
0.015018575134397104
0.015018524850466199
0.015017465746342324
0.01501713540334681
0.015017018514179902
0.015016398158174788
0.015015680295163977
0.015012599368971787
0.015012153711933506
0.015012138439470173
0.015009870910236277
0.015009615743361678
0.015008098505700243
0.015006259351604365
0.015004789816583338
0.015003829182825295
0.015003627419732962
0.015002362852994163
0.01500198683439815
0.014999304528978241
0.014998132071403698
0.014994691448947516
0.014991491347579447
0.014991374434535765
0.014988483273353002
0.014988238360549303
0.014987152009624983
0.014986901380292992
0.014986375038228422
0.01498599095404078
0.014983663870998381
0.01498293060694972
0.014981417648662973
0.014979037480536965
0.014974908560447335
0.014972236125432536
0.014971748629973245
0.014968875845937616
0.014968750768360586
0.014968172870749941
0.014962608399644939
0.014958240298493408
0.014955845690371694
0.014954420903867791
0.014954149330952956
0.014953752315724871
0.014952528368557778
0.014952020147371613
0.014951591450173152
0.014949463045028706
0.014949001483922154
0.01494798886926464
0.014947754347832319
0.014947494063754752
0.014947199315484517
0.014946307690206545
0.014944619343612487
0.0149437917926445
0.014943624349962104
0.014943471698115487
0.014943055437478038
0.014938432230591795
0.014937646151768751
0.014937297459211739
0.014936512158121886
0.014934738720192572
0.014934297596775066
0.014934075990621017
0.014932366623394082
0.014929587624761848
0.014928760329041087
0.014928511697921401
0.014928402026688331
0.014926294386346302
0.01492554128623573
0.01492245690919539
0.014921556726270102
0.01492036561572471
0.014919822059889586
0.01491826359563758
0.014916011695296065
0.014914516960410075
0.014914050648697639
0.014913877005954408
0.014913831505179175
0.014912918348988103
0.014911249655541931
0.014909229469664154
0.014908150910291147
0.01490739324646128
0.014906789858501647
0.014906785683583078
0.014905306746376273
0.014905104516101723
0.014904620725921251
0.014895637102159442
0.01489491760086035
0.014892995499541858
0.01489249754555837
0.014892281426983777
0.014892148401952708
0.014891669008615603
0.014891333277607383
0.014891263995974728
0.014890945975070598
0.014889557919919486
0.014887996483286953
0.014886979514703927
0.014886655351342936
0.014885006903744709
0.014883652950516768
0.014882901011567242
0.014881938816207536
0.014881417323288229
0.014881166960591878
0.014880199884609056
0.014879912000059807
0.014878034213221763
0.01487649269485818
0.014874157935703836
0.014869208181729977
0.014869165310801928
0.014868604817677928
0.014868542235597072
0.014868403752294264
0.014868000121455291
0.014867964343391011
0.014865252378458203
0.014865223299333973
0.014864872965586104
0.014862958483667138
0.014860411953883948
0.014859875360680041
0.014857108239177606
0.014856862463475565
0.014855743921371229
0.014853977800810587
0.014852720292541418
0.014852408374934267
0.014852295469690632
0.014847909997388659
0.014847058361046212
0.014846767772525325
0.014846725746528814
0.014846345371739043
0.014843277585766512
0.014839479561306157
0.014835876417981874
0.014833235051833713
0.014833143212715288
0.014833070832994509
0.014833021646020562
0.014829901420075068
0.014829729427897051
0.014829248186497534
0.014827201427505942
0.014825814108878876
0.014825094810745242
0.014823021651739607
0.014821883901780618
0.014817919611670581
0.014817583914996008
0.014817185631813704
0.014817011268497438
0.014816058301389828
0.014814313760768104
0.014813535915221101
0.014812666364010265
0.014811388516518654
0.014811352420112509
0.014810439524737918
0.014809156886046781
0.014806915701235936
0.014804353333292202
0.014799623764263409
0.014798670659519982
0.014794131214327521
0.014791979537353865
0.014790872951617136
0.014787332789281068
0.014786864100109588
0.014786639541641044
0.014786327775529717
0.014784916705883588
0.014779986256613389
0.014779552959404318
0.014778758209200797
0.014777345206049879
0.014773154921182566
0.014772959177333704
0.01477170907659736
0.014770236277272517
0.014766158864294433
0.014762097402154837
0.014761549908867312
0.014761256936489156
0.014760552009722528
0.014760351090336828
0.014760138417583661
0.014757471600773193
0.014757003977172332
0.014756717910539074
0.014755231916696395
0.014754370950306267
0.014752985103547854
0.014750334325658329
0.014750138099549807
0.014749338217013372
0.014747187735175946
0.014744284675482014
0.014743569676428979
0.014743403207710969
0.014742618608245359
0.014742302784782632
0.014741453814388478
0.014739501417307246
0.014738010300952139
0.014737183778267531
0.014733117810696916
0.014732994906192509
0.01473164751445223
0.014731031843902625
0.014730335462111806
0.014729323119443914
0.014729276024889236
0.014729152247469429
0.01472904175077417
0.014727868242831822
0.014727460935861882
0.014725567862367086
0.014724302975875046
0.014723229865012752
0.014722839912663649
0.014722231080985287
0.014721919453716854
0.014718264131275862
0.014717656802736961
0.014717266338317129
0.014716804707827612
0.01471525121547144
0.014713712043001646
0.014712968908093246
0.01471296291471357
0.014710629704769934
0.014709482752997131
0.01470941650130439
0.014709388835571701
0.014706728029309411
0.014706054024713304
0.014706002404267329
0.014704852251961806
0.014704328992645968
0.014701949824049184
0.014697686359028135
0.014696619613682224
0.014695309280629499
0.014693852890651317
0.014688812470929713
0.014681127563039893
0.014677380836634923
0.014676683195228033
0.014675405541577029
0.014672784409259745
0.014672667071639386
0.014672248967998198
0.014671604667730077
0.01466948302245827
0.014666288738383718
0.014664174951872812
0.014663595832062769
0.014663563294316097
0.0146631801583821
0.014662081260753223
0.014661965799784847
0.014660896787955598
0.014660602404419415
0.014659693386910522
0.014659623694456966
0.014658011499402632
0.014657577115469304
0.014651937527343334
0.014651036099098312
0.01465078896399603
0.014650513703440523
0.01464890854012852
0.014647354156480304
0.014644473197536581
0.014644462941503514
0.014639480979753291
0.014638694973066217
0.014636767662885977
0.014635324330958774
0.014632993307323927
0.01463279523610499
0.014632634903502494
0.014631313864854245
0.014629830637381486
0.014629720867457329
0.014628912854322496
0.014623620034859229
0.014622822448361217
0.014621036237873733
0.014620915679662961
0.014617044911999355
0.014616504319238945
0.014616179796279556
0.014615562041885433
0.01461337408776766
0.014611189584958233
0.014609563298509683
0.014605763439537438
0.014604154740076097
0.014603468498193108
0.014602130493244622
0.014601923515521085
0.014597218011258392
0.014596765988859287
0.014595485566179607
0.014591736863698546
0.014591539138295698
0.014590674988266368
0.014590556870467276
0.01458730743224314
0.014585717274191766
0.014583737445782971
0.014581369789305564
0.014580774675031619
0.014579885171748836
0.014577877578110464
0.014577629227203244
0.014576501721850058
0.01457534173588363
0.014573949612349351
0.014573701008979279
0.014572710786277589
0.014572388006218817
0.014570360462457499
0.014570191605419985
0.014569741076325388
0.014569624059858167
0.014567709938979141
0.014563493492051228
0.014562482486586412
0.014561214431295098
0.014561076723747712
0.014557320489474071
0.014556320541138668
0.014556131222039909
0.014554470515897018
0.014551999723585575
0.014550631101637965
0.014550542275545711
0.014548817055393451
0.014548021123260885
0.014547709067853737
0.014545969207777506
0.014545407345246567
0.014544001091239482
0.014541999029720176
0.014540286756907455
0.014538179972204898
0.014535231715729251
0.014533949696529212
0.014533638312259196
0.014532081296721634
0.014531999850986887
0.01453145917416908
0.014531447925821178
0.014530602575051323
0.014530359313463772
0.014529969190925151
0.014529493477998536
0.014526326165241023
0.014525469949685843
0.01452129515550655
0.014521234392059781
0.014520109995227801
0.014519090687661742
0.014518540085493621
0.014515973861601632
0.014513644927054753
0.014513226674164187
0.014509476325096308
0.014508852756516049
0.014508305992263073
0.014505567671485387
0.014504825743942108
0.014502799117206224
0.014497879782374259
0.014496438062392179
0.014494574300970207
0.014494060157885695
0.014491304698814475
0.014489161000172474
0.014487779400647469
0.014487098799107652
0.014485756299272413
0.014483257605521745
0.014478957987519931
0.014477198134447847
0.014473785776251288
0.014472801057369981
0.014472743923900891
0.014471570396892463
0.014469221315633538
0.014468250863717402
0.014466168081437683
0.014462865894091671
0.014462497659654927
0.014461875141108237
0.014461025431783389
0.014458131010590385
0.014457546580768157
0.014456381246776957
0.014456373327412658
0.014455826157645103
0.014451887083247111
0.014449870414438147
0.0144473804848356
0.014447086586980563
0.014446878584158121
0.014446835608753679
0.014446672010847319
0.014444706520615977
0.014442630946080941
0.01444205770257135
0.014442041782354642
0.014440923719290103
0.014440379313895923
0.014440255096211706
0.014439965603138614
0.014439550149488344
0.014439434908859104
0.014439258550564708
0.014439157892494548
0.014437353062375856
0.014437146450909039
0.014434987260756683
0.014432336925577561
0.014427478092997419
0.014424424972317487
0.014420768460549878
0.014420375505676104
0.014420251133406828
0.01441922704321489
0.014418419145879702
0.014416810069089276
0.014416268913041118
0.014414667753776964
0.014414634170176386
0.014414355387645223
0.014413778364834829
0.0144123259306
0.01441094081160676
0.014410443454765333
0.01441038227687629
0.014409876160935128
0.014409046525492155
0.01440638481193055
0.014406373840355254
0.014400906455017034
0.014400302415625078
0.014399208882531
0.014398314129037431
0.014398075326406318
0.014396800888762813
0.014394558666352673
0.014393263928620186
0.014392979173066188
0.01439270347584176
0.014390571274795483
0.014389529884091532
0.014389226287962745
0.014388589589285739
0.01438650011817246
0.014386416223221258
0.014386103712188913
0.014385723408275897
0.014385684752662943
0.014384669265204091
0.014380582738092994
0.014379788627175398
0.014379733316243952
0.01437869925439658
0.014378685443066398
0.014378274614632926
0.014372787949438526
0.01437243584718138
0.014371554131393861
0.014367489687383573
0.014366458651600921
0.014366019043249174
0.014364874833655348
0.014364134528800343
0.014363397120095794
0.014363037784750822
0.014362086983124802
0.014360650965490017
0.014359381617878239
0.014358912858861643
0.014358364322131893
0.014357931135573699
0.014354460570373791
0.014354374681784212
0.014353234766267969
0.014350841401686324
0.014348952675734985
0.014347552227005936
0.01434563829539265
0.014343750413149208
0.014343740542476408
0.014342912518457519
0.014342104117880968
0.014341777952354579
0.014340884494986224
0.014338528840507271
0.014337823458630957
0.014336995761196016
0.014335493225815857
0.014335440707323413
0.014333936704168505
0.014333889539622157
0.014333785059655258
0.014331881629074299
0.014329645515379939
0.014327116395620685
0.014324222120279772
0.014323690789050511
0.014323088406646074
0.01432098917432177
0.014319528380809292
0.014319287013099881
0.014315111803891247
0.01431443266026867
0.014314107870623141
0.014313458532068505
0.014312938897046058
0.014310277867533451
0.014308752106335846
0.014305831467582889
0.014305548246687259
0.014304436970349246
0.01430248184361493
0.014298516372849677
0.014297093425005328
0.01429649008093278
0.01429627735236233
0.014295877371351334
0.014295570435290247
0.014294287887984486
0.014293546166684773
0.014293530060052408
0.014291844702861574
0.014290073538429367
0.014285197201752886
0.014282646251206366
0.014282421475905808
0.014282054099324348
0.014281908866928617
0.014280186298939653
0.014278911834368212
0.014277778688129369
0.014277512354160663
0.014275310072073935
0.014273079494071852
0.014271942767365939
0.014271769494789406
0.014271057827468105
0.014270886300168569
0.014270839398264948
0.014269874644744539
0.014265947784826103
0.014259831863673411
0.014259713656837866
0.014258970157460511
0.014258360679855276
0.014258219277367045
0.014257225984018664
0.01425630232989767
0.014256045635764781
0.01425227143347272
0.014252021803642042
0.014251774160676514
0.014250493227756659
0.014250300184352945
0.014247558434350806
0.014244851209094252
0.014242083074960287
0.01423808480838969
0.014237203337678153
0.014236401288495543
0.014234779282839097
0.014234464916879921
0.014234168548393841
0.014233888721362069
0.014231292846116964
0.014231065119028087
0.01423091475797687
0.014230830269519488
0.014230654680092039
0.014230480469439895
0.014229704097302589
0.014229443297741885
0.01422783189745375
0.014227739572635126
0.014225860879868976
0.014224992641305095
0.014224133978906718
0.014223812693490417
0.014223275682410665
0.014221915187614278
0.014220146467744797
0.01421754778800741
0.014215701997547913
0.014215595075613242
0.014214029377525738
0.014213664767059479
0.014213307459131219
0.014212751037894137
0.014212552509543223
0.014210462497504973
0.014210114825258588
0.014209192508049624
0.014209026925930391
0.014209013746474965
0.014208841518134778
0.014205558494806671
0.014205125274989855
0.014203103447224977
0.014201745423541362
0.014199858799396149
0.014199659820142551
0.014199286077079803
0.014197701651020262
0.014197550784010589
0.01419750104074442
0.014193588547446019
0.01419262122114439
0.014192464028394164
0.014191093836082302
0.014190877545686936
0.01419058912301573
0.014189060857187654
0.014188669857392453
0.014188060593568374
0.014187722750960252
0.014186879231767389
0.014186149172227581
0.014185952681523901
0.014184568837295318
0.014183447014463228
0.014182963135003505
0.014178494690262725
0.014177941202186357
0.014177651987719678
0.014177233151257334
0.014177232390913183
0.014177229815768281
0.014176573756840807
0.014176082281362929
0.014175962788431968
0.01417070446532886
0.014170652180477349
0.014170118612390833
0.014168576817363453
0.014167941156746772
0.01416754286526219
0.014167324010557173
0.014167298106113614
0.014164010557192278
0.014163676125719771
0.014160439219647956
0.014159945160230142
0.014157934974769096
0.014157023301936744
0.014156694576956719
0.014155843543410405
0.014155747379491894
0.014154587290065192
0.014152340723237565
0.014152334713564863
0.014148391044753815
0.014147264495715581
0.014147085619886604
0.014146784145000962
0.014143493263486809
0.014142003453510521
0.014140721906207038
0.014139997052365178
0.014138294784782278
0.014136888793734268
0.014136325842927096
0.014135309593921423
0.014134944232148483
0.014132237622260737
0.014131931362719561
0.014130667671944413
0.014129493248362773
0.014128918757528572
0.014128578856945795
0.014128038277763025
0.014127612463712198
0.014126364511499382
0.014125311866677839
0.014125134517220944
0.014123835755046764
0.014123367013009796
0.014118944004932512
0.014118558367868867
0.014117035664138631
0.014116216029666605
0.014115451938155197
0.014112728252215918
0.014110638300118321
0.014107413725908324
0.01410224000122347
0.014100644403577178
0.014100133661948958
0.014100018674624652
0.014099667924747077
0.014096102019594886
0.014095388873574961
0.014094164590885933
0.014093690010942749
0.014091066366942693
0.014090995469313397
0.014090634503099494
0.014089444357150769
0.01408840670458813
0.014088384886271505
0.014086520110492658
0.014085549631572129
0.014085133085218847
0.01408342846863417
0.014082250684367957
0.014079944548111189
0.01407791246934322
0.014076103979194317
0.014073768243275166
0.014073480385135693
0.014073435706048009
0.014072152515362896
0.01406876291667121
0.014068448087818307
0.014067425642556187
0.014067341420825134
0.014066285878861979
0.014063145045915906
0.01406245115822103
0.01406183495611219
0.014061798732200415
0.014060405643474006
0.014059257689111664
0.014056855763578338
0.014056078794640442
0.014053366139380562
0.014053249069075091
0.014052043161387801
0.014051553364060951
0.01405051361892882
0.014049573672228175
0.014047320856128654
0.014046763522948952
0.014046429281643546
0.014046342623062962
0.014045633099209399
0.014043721858490689
0.014042997314495901
0.014042503529806467
0.014042470343149371
0.014041866143429432
0.014041114774936941
0.014040349645353127
0.014038877128743266
0.014037032674797662
0.014036720986050702
0.014035881165764204
0.014034899935604597
0.014032059115650256
0.014032024611939725
0.014029419266691644
0.014028997653713005
0.014027350628648639
0.014026854911999873
0.014025207915706042
0.014024049071464192
0.014023923135748011
0.014022634397562258
0.014021504489899956
0.014020575320196042
0.014016636570418056
0.014015799248021803
0.014015347966378685
0.014015222041938367
0.014014781385190418
0.014014572752592762
0.014014264757389079
0.014013232206508021
0.014010936218518441
0.014007918101152851
0.014006046989401041
0.014005320985188344
0.01400518401244188
0.014003781338339146
0.014003739097619396
0.01400309565373974
0.014001748340501953
0.014001059123514372
0.014000383749876232
0.013999551616519987
0.013998326719370464
0.013997926180401238
0.013997305177440217
0.013997026343762429
0.013996042995801336
0.013995783767532495
0.013995699285753064
0.013995506459112777
0.0139930049118122
0.013991413742630077
0.013991075054919306
0.013990883948040062
0.013989691161639211
0.013989360866748674
0.013987931406357169
0.013987559364064549
0.013983246239975168
0.013979508094410772
0.013978852839638789
0.013978671729804363
0.01397776492736235
0.013977463604264809
0.013977070296952616
0.013976022895055385
0.013975963716910357
0.013975333933792588
0.013973169858244584
0.013972714193872849
0.013972192176302134
0.013971337377470146
0.013970982295444819
0.013969386082719247
0.013966809590976504
0.013966686714978162
0.013966507732061253
0.013965694387429683
0.013965242063701044
0.013964858586160079
0.013964795434930975
0.013964465719971106
0.013964430901605457
0.013964033598693932
0.013963143220193302
0.013962633893236657
0.013959070171373534
0.013959024528830449
0.013957865833326354
0.013957803219653975
0.013956458181499603
0.013956113027859204
0.013955777651589089
0.013954500490959643
0.013954143978783223
0.013953904359222266
0.013952098560876886
0.013950608587476066
0.013950462728610072
0.013948998995755186
0.013947664119315291
0.013945687671588828
0.013944137719419884
0.013942253845060733
0.013941322373817415
0.013940783579661111
0.013940155836107526
0.013938743753672154
0.013938616937814216
0.013938140941992232
0.013937500567991675
0.013936486553001066
0.013936001305371381
0.013935290122705208
0.013934362829689002
0.013934177950594522
0.013933388468404504
0.013932186153453789
0.013931776263597682
0.01393176652098594
0.013930720273302171
0.013930383681666847
0.013929773354332599
0.013926895376898165
0.013925801484939814
0.013925260379764522
0.013924723417137106
0.013924429825791656
0.013922647681180976
0.013922198006442619
0.013917080997245378
0.013915978236965356
0.013913433105248613
0.013913331869138486
0.013911988066367864
0.013910529376560324
0.013910397476173541
0.013910318761567401
0.013909909504609897
0.01390566267464096
0.013905317252707544
0.013903059460734243
0.013900582837904452
0.013899968260196552
0.013899268543281502
0.013896332953940708
0.013894663115486644
0.013893875471362466
0.013891840319717118
0.013891104483809294
0.013890528075731944
0.013888748669237798
0.01388835300000122
0.013887397026806383
0.013887138766858625
0.013886211766637816
0.013885768825674339
0.013885072077862137
0.013883476604793917
0.013883096856493029
0.013879500483717219
0.013879445280679234
0.013878902155768875
0.013878854307680507
0.013876906522037265
0.013876062651626921
0.013875523318531851
0.013874490764566431
0.013874454909241702
0.013873676010128861
0.013873232014946718
0.013870398945223249
0.013869385553219007
0.013869288915810988
0.013868650948464954
0.013868428511533935
0.013868347949389803
0.013867257309511178
0.013866618635418694
0.013866338433749247
0.013865938695293019
0.013864282582175889
0.013863844989186995
0.013863171397115728
0.013862656193185054
0.013862205934561552
0.013861892510232086
0.013861677558275618
0.013859088573940616
0.013858702794794179
0.013858155503546745
0.013856102549097337
0.013855029551619271
0.013853700434689625
0.013853396212336879
0.01385337193380631
0.013851423746432572
0.013850079585781997
0.013847053141931569
0.013846539677028254
0.013846488634963258
0.013844567727047409
0.013843722403920417
0.013841996682308661
0.013841640687615205
0.013841438888336161
0.013839054704895328
0.013836800660698095
0.01383646135598697
0.013836377346950129
0.013836063203222223
0.01383588349135392
0.013834847706497727
0.013833993882320402
0.013833050583295989
0.013832532773365908
0.013831028177191805
0.013830334393993912
0.013827853926412613
0.01382726964556205
0.013827230089740987
0.013826072295711225
0.013825665887053499
0.013825612656169191
0.0138239034225109
0.013823485196282464
0.01382297592669026
0.013822131312257681
0.013821241328288924
0.013820587562263953
0.013820303395615503
0.013819677477879074
0.013819032794025434
0.013818758074365785
0.013817051042632436
0.013816973338622269
0.01381443378391909
0.013813481579084344
0.013813479255003334
0.013812050439706925
0.013811296279717005
0.013810265013295266
0.013809412188426741
0.013808555423118214
0.013807582837979747
0.013807217649932431
0.013805602678230658
0.01380415226094118
0.013803498193998912
0.013802666639042383
0.013801685301707023
0.013801373998146385
0.013799896567212363
0.013799545228811617
0.013797750689864529
0.013797347253576784
0.013797111294420565
0.01379698831412832
0.013796565216340482
0.01379606699128162
0.013794746094555688
0.013791213918157066
0.013790648829670977
0.013789324641670616
0.013788808860391646
0.01378705032993067
0.01378438371759135
0.013783024369804267
0.01378077086729314
0.013779570258292536
0.01377939473750679
0.013779241445628101
0.013778957551258545
0.013778651481317818
0.013778176859526394
0.013778158610338612
0.013776102552336404
0.013772440301265327
0.013772051169905448
0.013771262487828076
0.013770103716330485
0.013769447378659526
0.013768969111134729
0.013768781571576103
0.013768663439523038
0.013765971867400351
0.013765182514534091
0.01376514374786887
0.01376405649465157
0.013762803982888634
0.013762111116220702
0.013762067671376098
0.013761962884712901
0.013759385412290139
0.013758348898495363
0.013753297120071799
0.013753058583346604
0.013751731517017798
0.013750797161947704
0.013748912137462611
0.013748194605134538
0.013747849221545807
0.013747539901999123
0.013747359486333866
0.01374588630727811
0.013738401213604767
0.013736977464258393
0.013736429383525961
0.013734670394793791
0.013733495476554036
0.013732306335632006
0.01373094346468207
0.01373085446128134
0.013730122638457064
0.013729169672277447
0.013728110339804251
0.013728043472308785
0.013726236755879027
0.013725708241580736
0.013725402576381133
0.013724193517459519
0.013722942204344508
0.013721767708845896
0.013718975097746696
0.013718755605673962
0.013714827580680338
0.013713034378002848
0.013712703862520289
0.013712285950152722
0.013711490802871092
0.013711453116180673
0.013710332610322718
0.013710157752003424
0.013709160498133954
0.013708562374259594
0.013708557553295345
0.013708534135356727
0.013708076778463705
0.01370776776545217
0.013706736547124759
0.013705951222108664
0.013704771960834661
0.013704759161027555
0.013703667555755718
0.013703647097219622
0.013703504089878533
0.013701536527928347
0.013699743110117115
0.013697210856649898
0.01369668068010871
0.013695155033465974
0.013692272616622255
0.013692165337991502
0.013688787267003732
0.013688696849085052
0.013687455733185264
0.013686209884308799
0.013685480536154784
0.013685431378544635
0.013685034777712993
0.013682997852243495
0.013682774179718655
0.013681932619155129
0.01368182174658834
0.013681448992820196
0.013681448547835666
0.013681064696952447
0.013678280382193915
0.013677672522088475
0.013675976458804766
0.013673178888594694
0.013670343672803705
0.0136692465781922
0.013667850121674062
0.013667281937965238
0.013664708868457406
0.013663601241424062
0.013663472682584528
0.013662282527351263
0.013662104714678136
0.013660286706597113
0.013657876206127987
0.013657026045454393
0.013654274742238463
0.013652970172135201
0.013652704310307866
0.01365055893881938
0.013649059534311985
0.013648266016671427
0.013648048819404001
0.013647361193002545
0.013644450168138055
0.013644171715737303
0.013642880910648169
0.013641605643826514
0.013640805865021543
0.013640276728407829
0.013640122292161105
0.013638960004954914
0.013635676901395404
0.013632708315899699
0.013631403659447571
0.013628985403284345
0.013627389640448852
0.013624892850247259
0.013624747655314531
0.013624445139823228
0.013622411394800695
0.013622160551671992
0.013620798845419436
0.01361983012473199
0.013617624192139464
0.013615529142844451
0.013614885125706602
0.013613413249346546
0.013612364352563286
0.013610711257499129
0.013610241296500139
0.013607913260454537
0.013607458793852849
0.013606731133177901
0.013606109943049604
0.013605495311816304
0.013604854721255877
0.013604390250902631
0.013603317845420895
0.013603058983089939
0.013602383607748323
0.013601115415549451
0.013600410254631819
0.013599727160040416
0.013598995873769747
0.013598165334268084
0.013597773514836278
0.013597687471767253
0.013595966490388996
0.013593328311643196
0.013593031927886667
0.013590379351624328
0.013588825217163043
0.013586304362089798
0.01358587295403115
0.013583301252779465
0.013582911537466116
0.013580798792748641
0.013580113668940842
0.013579604138221646
0.013579139814534305
0.013578492965174249
0.013573277517490554
0.013572859055426066
0.013572383760935452
0.013571073685051935
0.013569359920848007
0.013568059063752023
0.013566600015969158
0.013565266243750524
0.013560425360396295
0.013559643997637778
0.013558791154712814
0.013555622686453746
0.013553990272485798
0.013551466576145255
0.01355037495391534
0.013547318546405205
0.013546379498005814
0.013545421899527942
0.013544580989826084
0.013544426440627854
0.013543599802027104
0.013542507266636269
0.013542406506743423
0.013541857284922135
0.01353855358675198
0.013538265896087689
0.013537154201448463
0.013533859272590192
0.013533592171593034
0.01353205085565938
0.013531668591613519
0.013529837158154909
0.013528823068997277
0.013525330713427285
0.013525179290727383
0.013522430046837609
0.013521029793881117
0.013520961791454639
0.013519612123403173
0.013519264205592648
0.01351924948239241
0.013519016145537169
0.01351852702810173
0.013518524863162726
0.013517913643644203
0.013517357511182956
0.013517251692404097
0.013515479507551893
0.013514020124771833
0.013513290296642767
0.013511687096387023
0.013511563414768104
0.013508378658608973
0.013507082201856297
0.01350707295581749
0.013506903020267682
0.013506750437995676
0.013506634629557238
0.013506591823117994
0.013505840005043046
0.01350536908157784
0.013503725846717695
0.013502703602769528
0.013501366918684069
0.013500655551073226
0.013500022859747907
0.013499412477122937
0.013499286692497298
0.013498838320311781
0.013498519978534768
0.013496870486196116
0.013496716439595732
0.013496499796530457
0.013494877225363404
0.013494172315612472
0.01349378395409819
0.01349350358095305
0.013489559191517786
0.013488008073312949
0.013487652924732226
0.013485456426548014
0.013482568733219282
0.013482406456857367
0.013481506531936296
0.013476921846945667
0.013476043781171383
0.013475882718794191
0.013475545323743765
0.013475370548669178
0.013474849502991795
0.013473653338728998
0.013473404066940701
0.013473013310603721
0.013473006713245021
0.013472670801139482
0.013472208032079146
0.013471369470836679
0.01346983056332236
0.013469330160977651
0.01346750434378231
0.013467207412915527
0.013466080375144471
0.013464771509840042
0.013460675052954282
0.013460206044739288
0.013459839658413355
0.013459568624169443
0.013459140790775872
0.013456655277939454
0.013456112902290353
0.013454511519041354
0.013453148077602702
0.013452752204130896
0.013452530765382383
0.013451832354761606
0.013449964706650804
0.013448369156265474
0.013446666895426963
0.013445805098554682
0.013445604013635827
0.013443261812340223
0.013442775229012636
0.013440775815251575
0.013440405307505976
0.013440039519188993
0.013439844841956209
0.013437251185427298
0.01343724976173118
0.013436663179872681
0.0134359469599561
0.013435749932673538
0.013434586049679304
0.01343452894066384
0.013434421457545569
0.013432651817493712
0.013432552883867703
0.013432060818722851
0.013430180696145898
0.013428198176253512
0.013426912521249479
0.013426054905281757
0.013425458838979902
0.013424130276832619
0.013423542212176622
0.013419851391115054
0.013418634164801021
0.013418086580072141
0.01341490212751084
0.013414522823105561
0.013414225582270007
0.013412087019767835
0.013410939857932258
0.013410668476710842
0.013406266202236089
0.013404797327653857
0.013403386001492481
0.013402175412178556
0.013402171597851212
0.01340040364811346
0.013400325107491248
0.013400162348784411
0.01339802253409432
0.013395103100790019
0.013394765833289012
0.013393969139860717
0.013393733130198255
0.013392653355137892
0.013391024254209707
0.013390933745329082
0.013388658505949207
0.013388374510232531
0.013383730918850837
0.013383442574163306
0.013383274026541065
0.01338293619339132
0.013380428978822537
0.013380132243597494
0.013378837145189984
0.013374253184833599
0.013374185084209275
0.01336881990099037
0.013368398010236558
0.013367970131842457
0.013366772422453866
0.013365301822161075
0.01336428113691906
0.013362552479539191
0.013359606524261948
0.013359435772826708
0.013359194204698423
0.013357721338743042
0.013357556050375434
0.013355274521956543
0.013352782563444208
0.01334939951288007
0.013349128191362409
0.013348617039370334
0.013347796538107286
0.013347585767142315
0.013347517658971277
0.013346658730589775
0.013346308958207176
0.013345302295528346
0.013344588365420743
0.013344317767037869
0.013343931119580077
0.013342997457651365
0.013342866115947439
0.01334207269521588
0.013341481669001849
0.013339053255103523
0.013338974815226291
0.013337742628581404
0.013337645445833039
0.013337519602756942
0.013336546590976146
0.013334141151226268
0.013333979651653786
0.013333903878322118
0.013333419033200424
0.013332562673529945
0.013332519735310151
0.01333044228222441
0.013329975159854582
0.01332865717012232
0.013327750661780918
0.013326217257460147
0.013325357683318663
0.013325177928660434
0.013324892445407834
0.013324440400836982
0.013322733996638804
0.013321355305258908
0.013320589017032525
0.013319223119867937
0.013317378785127449
0.013315691594027524
0.013315134179623288
0.013314088281910786
0.013313517413083795
0.013313068462228702
0.013311266668407887
0.013310397752445616
0.013309549243111691
0.013309094540133804
0.01330907826112377
0.013308714795785841
0.01330603282561065
0.013305429668761132
0.013302464372255171
0.013300750972454126
0.013299999606202245
0.013298944218412025
0.013298585825259533
0.013293854265254219
0.013292444342848053
0.013292328571768279
0.013291776323126307
0.01328974627298941
0.013289472954462192
0.013283977209943641
0.013283839661002885
0.013283005278853925
0.013282430103443045
0.013282205077236523
0.013280952012449516
0.013280061519793754
0.013277509349736311
0.013276246232284898
0.013274703582636875
0.013272624751373072
0.013272254452194033
0.013272048277319905
0.013270533362805901
0.01327036500777228
0.013270196906076044
0.013269812915313782
0.013266267284853552
0.013266039288484518
0.013264427120451304
0.013263625095151974
0.013261640518679205
0.013261476677283479
0.013261005018873992
0.013260387971438034
0.013259901087920915
0.013259849236970359
0.01325923551594765
0.013258007415304158
0.013257606426636341
0.013256988802345712
0.013249487694385947
0.013248390770213279
0.01324795882384467
0.01324748293309763
0.013247222685459503
0.013244422716870893
0.013244384293695262
0.013242681328427746
0.013242658194994348
0.013240170599425716
0.013240091124426784
0.013239854431718798
0.013239752624576044
0.013237225477257064
0.013236570176366803
0.013236369213217539
0.013236316444260238
0.013236194502877286
0.013233761672125879
0.013233221288932798
0.013232606556191268
0.013232240889704762
0.01323223907030523
0.013230989533655769
0.013230244916817071
0.013229689662884608
0.013229272915898276
0.01322874986475878
0.013225310086891933
0.013224877961855262
0.013223917516495239
0.013223876494519411
0.013221902003875772
0.013220088506301521
0.013218027453970736
0.013217947207417084
0.01321693800941165
0.013215323932655575
0.013214597686996938
0.013214000500551873
0.013213447866427686
0.013212256658210554
0.013211147616064711
0.013210870813601783
0.013210406452269442
0.013209390390096011
0.013207536011386136
0.01320708518127354
0.013206582871895817
0.013205988301670087
0.013205913804412887
0.013205571278415054
0.013205268918943455
0.013202611464545402
0.013197378552990741
0.013196456508853286
0.013195512737613282
0.013195084856230957
0.013194078493084125
0.013193547805926912
0.013193536463000005
0.013192935698529203
0.013191207944171534
0.013191194643929292
0.013190669512851418
0.013190423581790045
0.013190030186133392
0.013187904076992416
0.013185078362523896
0.013184976469100194
0.01318473466130893
0.013183696438736552
0.013179484000087831
0.013178627247605447
0.013177731110001062
0.013177382250263788
0.01317730500019209
0.013175456067671744
0.013175359538204142
0.013172624527048687
0.013171809176269762
0.013170538128937015
0.013170122681628416
0.013167118774156527
0.013167052872332117
0.013165726451262488
0.013165408479955372
0.013164720451679914
0.013164632449806396
0.013164305746455406
0.013164286610833418
0.013163419229555554
0.013163411081186835
0.013163001109592152
0.013162593228205833
0.013162279111930741
0.013161577128588866
0.013161535364952856
0.013161420022842952
0.013161334580824795
0.013160264650395007
0.01315856979152445
0.0131568338045903
0.0131568252267006
0.013156649959005638
0.013154705238394909
0.013154290571867783
0.01315338206535703
0.013150845937618743
0.013150755894000866
0.013150623492279112
0.013150281118723739
0.013148991085243311
0.013147884614562053
0.013146794036280416
0.013146720568386191
0.013145934569009607
0.013143528224551544
0.013141748174833824
0.013140767052534037
0.013140677865998386
0.013139499570957664
0.013138703390145596
0.013136970933545008
0.013136817420510954
0.013135556282467754
0.013134592340540414
0.013132667160984679
0.013132218807549082
0.013131828160952663
0.013130652502907706
0.01313045107081289
0.013130060220372802
0.013130019521964584
0.013129081939260139
0.01312885882775558
0.013128037977930555
0.013127995441386256
0.013127469677370739
0.013126019200650119
0.013125636483691137
0.013125527064258617
0.013125494471638733
0.013124358276631776
0.013123983867206529
0.013119384753821395
0.013116420940305762
0.013115808031419597
0.013113290277690665
0.013110934659136863
0.013110857779070808
0.013110483752999674
0.013109770665784063
0.013107512735808262
0.01310743884711593
0.013107271763820877
0.013106420115398799
0.013104038874893191
0.013102218137247804
0.013102189893436865
0.01309967296235324
0.013097407180235474
0.013096408909666495
0.013096008059739759
0.013095696518759381
0.013095448502844399
0.013095377482864552
0.013095343565729242
0.013094907362659799
0.013094512653245667
0.013094476486448937
0.013093746311415345
0.013091347834453275
0.013090064421221542
0.01308962195812413
0.013088433271925956
0.013084828848483773
0.013084229318958335
0.013081913096540679
0.013078678864070211
0.013078253885029546
0.013077424685853146
0.013076853321785766
0.013075497203471028
0.013075035136943986
0.013074999322943967
0.013074565156575188
0.013074450130332951
0.013073329958713823
0.013073102996533642
0.01307253320318005
0.013071743730590819
0.013071225812247757
0.01306981752592986
0.013069773367939692
0.01306901812733384
0.013068784256070101
0.013068629807945695
0.013066357158706642
0.013066188624707433
0.013066176123029523
0.013064848279185597
0.013063592615199906
0.013063457850617367
0.013062553664537133
0.013060561597359402
0.013059138843817774
0.013056344975608224
0.013056058974984734
0.013054530012177441
0.013052937416996264
0.013051884191239611
0.013051364631905543
0.013051064056007807
0.013051022652082559
0.013050914759857236
0.013050338146754385
0.013049158901789851
0.013049136000916957
0.013048644720317514
0.013046670198071819
0.013044638736531182
0.013043843677852052
0.01304352795209085
0.013043173309725901
0.013040700926235166
0.013037770646475976
0.013037687026018038
0.013037616958179196
0.013037292042486874
0.013031516594256592
0.013031041090209191
0.013030351233816011
0.01302891036256134
0.013028052099396786
0.013025379474567948
0.013025064400157285
0.013024816467883229
0.013023660797957252
0.013021635927802073
0.01302041680934452
0.013020382659491757
0.013020367088174348
0.01301984391828725
0.013018337228337385
0.013017465222179987
0.013016834046452153
0.013016368676432983
0.013015106261374367
0.013015094732769007
0.013014178564547127
0.013013174894646496
0.013012906077504889
0.013012537282489335
0.013011385655079916
0.013010941680027532
0.013008969809062207
0.013008966521118681
0.013007753723595276
0.01300564861611654
0.013005177979581718
0.01300347164313026
0.013001632042637526
0.013001036352354707
0.013000437037880504
0.012999345957656207
0.012998169967109893
0.012997663405176194
0.012996893371931714
0.012995284448023175
0.012994941398943562
0.012990888769338212
0.012989620810429002
0.012984554927164878
0.012983091179758533
0.012983053192940184
0.01298292446161663
0.012982627312655379
0.012982412856947104
0.0129811073870624
0.012980959867274924
0.012978683836283533
0.012977743717669275
0.012976559732347083
0.012976229702773033
0.012975028163811566
0.012973430943536356
0.012972747016662912
0.012972222572656808
0.012970953238639917
0.012970493738301999
0.012964622701737951
0.01296451886610969
0.012964230252395688
0.01296226024968811
0.012961204782929107
0.01295954318075195
0.012956642197352977
0.012956362006510616
0.012955755972823339
0.012952621567850852
0.012950686816139296
0.012949635077724828
0.012948621540787398
0.012948168916090208
0.012947086086586616
0.012946132637451384
0.012943841789187584
0.01294346425367812
0.012943360517144085
0.012943046882240157
0.012941931030157462
0.012939218834228083
0.012937086603658271
0.012936817134181988
0.012936577578994244
0.012930878694579555
0.012930548111857855
0.012929794809361956
0.012929124172378775
0.012928714116966394
0.012928413961950418
0.012927729083286758
0.012926588776575171
0.012925975938011676
0.012924769121593033
0.012924280964152636
0.01292426148160394
0.012922610857085903
0.01292219743100903
0.012922020422825852
0.012921098840965456
0.012920225386356515
0.012914882483553668
0.012913898685448117
0.012913513721457194
0.012910064883358715
0.012908871612977723
0.012907194391970857
0.012906673426459941
0.012906183356189489
0.012905664055182441
0.012903566282092811
0.012903058078532609
0.012902589311764355
0.012902122018953046
0.012901904120157348
0.012900011107109354
0.012899772001933754
0.01289960661920788
0.012898891925688393
0.012897707649360114
0.012897601023751407
0.012896654842335636
0.012893901860330284
0.012893821481149122
0.012893477719982669
0.012892871465004849
0.012892346924260592
0.012892297879205062
0.012890519848744574
0.012890455009110645
0.012890155739725552
0.01289002593756548
0.012886347050150161
0.012886223252744473
0.012885340204254057
0.012884720030416363
0.012884582608433491
0.012883733566691577
0.012882558043529238
0.01288201534948074
0.012881705654067195
0.012878528730500379
0.012877555528383891
0.012876168961565645
0.012876056551293135
0.012876013120070563
0.012875140996517166
0.012874480841536012
0.012874021682550698
0.012873943057886087
0.012870479861921838
0.012869494360820589
0.012869244943080631
0.012868972835566555
0.012868613899003636
0.012865055440903363
0.01286413704279878
0.012863974184908955
0.012863514577353061
0.012862920289656309
0.012862628153735386
0.01285989554407229
0.012859287281153296
0.012858848950651529
0.012858040110162278
0.012857259113382065
0.012856860212318695
0.012855536786624881
0.012854875721475194
0.01285452023748041
0.012854359985753886
0.012852492852132882
0.012850878112104457
0.012850079461654127
0.012846680402988664
0.012845464078841361
0.012845285606049934
0.012842657563848621
0.012842245679777649
0.012840021367044407
0.012839339670540458
0.012838729002258928
0.012835324956680168
0.012834048326720153
0.012832240009604923
0.012832146023968203
0.012830325277429545
0.012827445176946535
0.012827026144255909
0.01282689631809392
0.012826336628354213
0.012822590662002305
0.012821912093912509
0.01282144598604189
0.012819587505975586
0.012819360769986413
0.01281919562135805
0.012817928637036791
0.012817865461846545
0.012815735445938888
0.012814324386099852
0.01281243091496883
0.012811521909222443
0.012811279141667574
0.012809997597683339
0.012809321568778162
0.012809248509039195
0.012808645926758913
0.012807012708109803
0.01280571078174344
0.01280514646052233
0.012804925747771116
0.012804061601587683
0.012803491411026265
0.012799751538880456
0.012798213013746958
0.012797582049998289
0.012795687095642142
0.012793965800654039
0.012792832128805278
0.012789897670035306
0.012789843366852564
0.012789358182289042
0.012788298285884713
0.012788274580668529
0.012787140800620871
0.012786899424673714
0.012786646094625142
0.012786489818810406
0.012784813797645589
0.012784247401194184
0.012783543008639693
0.012783172534259988
0.01278259692557935
0.012782296292676434
0.012782128743765794
0.012781506662226313
0.012781283181802423
0.012780229363058962
0.012780194312549802
0.012777001356752795
0.012776123295110796
0.01277389973191973
0.012773789665307993
0.012772083496992707
0.012771743038314513
0.012771613176685117
0.012770769694482318
0.012769939242360152
0.012768644536036065
0.012767686125973897
0.012767081232275178
0.012766546846129073
0.01276608647097956
0.012765715001182969
0.012764731318990205
0.012761932981041361
0.012761044759633262
0.012759628602695
0.012759047142484383
0.012758813657420705
0.012757872807451998
0.012756667831024193
0.012756241332618084
0.012753985338142319
0.012752979696169828
0.012752545667459446
0.012751741433015737
0.012751202769045235
0.01274959850219431
0.01274750717272231
0.012745820495854215
0.012745637830006646
0.012745608470692263
0.012744015323047878
0.012743937213418016
0.012743017244854863
0.012742872084647815
0.012742804293416211
0.012740720698924304
0.012740403700678225
0.012739027364679295
0.012738722475001978
0.01273865705792227
0.012737398089931549
0.012734436027463882
0.01273314813022283
0.012731533964469029
0.012731421297871583
0.012730542920326488
0.012730184348439933
0.012728485691394335
0.012727405614107018
0.012726556717236562
0.012725661491308979
0.012722473642242282
0.012722065471835171
0.012721238113071652
0.012719473427483285
0.012719381377946551
0.012717753565982322
0.012716972122979222
0.012716892586364114
0.012716848935410637
0.012715914905152885
0.012715511329911311
0.012714998251771975
0.012712354625695499
0.012712201026032644
0.012711488459838549
0.012710614951737914
0.012709593338159998
0.012709221061172015
0.012708708159854998
0.012707939267697022
0.012706782878530054
0.0127061128506818
0.012705458137607246
0.012704955691389496
0.012703960453429005
0.012703791133429983
0.012702909956893205
0.012702463661269935
0.012701715648927516
0.012701037601107917
0.012700790134432295
0.012699595878635355
0.012699179285814417
0.012698575250702929
0.01269851791720634
0.012697797078701204
0.012696967163189663
0.012694064385651722
0.012692938069499674
0.012692672989411206
0.012692167633965511
0.012691491306349027
0.012691375728065012
0.012690526025015074
0.012690291209338261
0.012689048904471636
0.012688542134913749
0.012688245662426434
0.012688105402621736
0.012687997637669661
0.012687053086568142
0.012686950466347116
0.01268623754351886
0.012685366650443017
0.01268473590854933
0.012684717192493658
0.01268333386068636
0.012682731429691188
0.012682678842774669
0.012682395218985324
0.012680932608542864
0.012680713393260759
0.012678956703650518
0.012678173664219933
0.0126777382535873
0.01267548247406991
0.012675369181248057
0.012673481336945508
0.012672888209318651
0.012671758737922449
0.012671729695941322
0.012671690914413071
0.012671094891094881
0.012671033152565446
0.012670721855075461
0.012669744999439854
0.012669726754422871
0.012669340210834429
0.012668090488374738
0.012667243040547083
0.012667160082582238
0.012663582136725667
0.012660160813530228
0.01265921923902657
0.012658841487122022
0.012658454296207652
0.012656991838782777
0.012656524878094636
0.012656090832617886
0.012655166461576606
0.012653043415307652
0.012651797079763166
0.012651770513468339
0.012650983472772747
0.01265082819494991
0.012650440155870869
0.012649092171735644
0.012648149579727061
0.01264754203310511
0.012644885311369194
0.012644137430763647
0.012643662360175549
0.012643452361481464
0.012642690080521478
0.012642641372081185
0.012642553639547719
0.012642488294211732
0.0126422883550517
0.0126393636027412
0.012638363816976347
0.012638345622913169
0.012637168033013454
0.012633688343710824
0.012632815592220495
0.012632421366343502
0.012630802145078123
0.012630158116032623
0.012629090511601555
0.01262619865214539
0.012625542032807848
0.012624824978530612
0.012623134570838379
0.01262268383873141
0.01262234392921955
0.012620960113180237
0.012620526083863217
0.012620500101244488
0.012619400029070445
0.01261861444238681
0.012617896591032032
0.01261618369362291
0.012615337141722673
0.012615064351630118
0.012614627382366706
0.012614554826162232
0.012612014922741874
0.012610727688733329
0.012610676313155966
0.012610424719368102
0.012609495320779932
0.012608292685438128
0.012606921779768446
0.012606665815900175
0.012604688116058409
0.012604316604237581
0.012604107078850393
0.012600587156372002
0.012599748286002641
0.012598055928376916
0.012596914006275647
0.012596739889178695
0.012596445039321006
0.012593559667111488
0.012593062200910599
0.012592992511167016
0.012592869970747655
0.012589716149976221
0.0125896127974256
0.012589509966485338
0.012588160156079045
0.012587703736827192
0.012585854361886346
0.012585110126607952
0.012584872935402964
0.012583368194098362
0.012583108264835097
0.012582487595199749
0.012582408839974229
0.012580078876397489
0.012579694476318676
0.012578887044258696
0.012577593112351144
0.012577390912008319
0.012577249117306746
0.012575712404399954
0.01257521000298272
0.012574234352318919
0.012572765459396753
0.012569446539956182
0.012569425060396041
0.012569283054307885
0.01256910159521302
0.012567745065990494
0.012567721254316683
0.012567624430210008
0.01256760702100901
0.012567133072432955
0.012566869261502937
0.01256661188863631
0.012565133053729456
0.012564915475778043
0.012564138226132089
0.012563721116907834
0.012562520854668547
0.012562178038968218
0.012560973195747916
0.012559738305927416
0.012558676588511918
0.012558674931396306
0.01255646860666958
0.012554813196199804
0.012554509824275053
0.012554477598701147
0.012553923214064412
0.012553473791980954
0.0125526357092534
0.012551604019838142
0.012551312301148736
0.012551012486386208
0.012549245044249679
0.012549031319550125
0.012549004280097463
0.012547273904068094
0.012547056784095734
0.012546639180004995
0.012546233973409699
0.012545789646716937
0.01254527197038955
0.012545079977469625
0.012544322817301039
0.012544162254314123
0.012544064427379559
0.012543557465474446
0.012543023498887494
0.012541029861863666
0.012539868831355657
0.012539744986352056
0.012538004182001374
0.012537858251584955
0.012536611268789894
0.012536119076298872
0.012534857990059279
0.012534809687632065
0.012533974143444534
0.012531444317994512
0.01253112910990337
0.01252804451904004
0.012528016329192902
0.012525328360433878
0.012521979077653891
0.012519507902951803
0.012519470914310299
0.012519237223000898
0.012518807488448035
0.012518132724181695
0.012517775177492805
0.012516288877549919
0.012514876448896543
0.012513928461342548
0.012513466465170941
0.012511200991879783
0.012510131106688166
0.01250954302887817
0.012507927117424567
0.012505687614141078
0.012504987823403445
0.012504114439425765
0.012501654511459136
0.012501385670135911
0.012500566184536589
0.012499795129134416
0.012499557648912852
0.012499183510768716
0.012497816255764915
0.012495934246510085
0.012494529932845683
0.012493123033501832
0.012490442255341483
0.012490435827555189
0.012489348265595978
0.012488655028563417
0.012488145538836088
0.012487404398922253
0.012487268865510312
0.012486521660924994
0.012486166723935824
0.012484895017100584
0.012482704826434383
0.012482255731808375
0.012482064745326454
0.012481186874045811
0.012481186153979187
0.012479533656905484
0.012476737281171612
0.012476579174880363
0.012476358569242578
0.012476110732770959
0.012475539667158198
0.012475073110953753
0.012474490292105412
0.012472494789600226
0.012471951627769094
0.012471377552192376
0.012470937856996765
0.01247065035194498
0.012470210972698527
0.012468772330918343
0.012468378875764314
0.012467955244117051
0.012467181788158603
0.012465133323056923
0.012462910906057235
0.012462856642683146
0.012461955462241084
0.012461486530311332
0.0124605946075079
0.012459531605679494
0.012459281259245881
0.012458072776936755
0.012455952516698251
0.012455530145314047
0.012453782847408367
0.012453306182816783
0.012453292087803372
0.012452896481187652
0.01245240366972053
0.012451842812752242
0.012451574326011964
0.012451437744293388
0.01244886731560222
0.012445597432119775
0.012445530156790001
0.012444967966144634
0.012443270154117286
0.012442457869798798
0.012440555956878317
0.012440514850176757
0.012440035933390482
0.012439585574795882
0.012439513933660367
0.012437892710833405
0.012437388559447191
0.012431502808835109
0.012429364088688766
0.012427896533135448
0.01242697847830998
0.012426770802508072
0.012426715698806214
0.012426704360538606
0.012425320421325011
0.012424915264148764
0.012423317975399023
0.012422925869043444
0.012422618822756568
0.012422418026465239
0.012421316664281749
0.012420853265234594
0.012420364726236758
0.012419649746179215
0.012418923452801017
0.012416984231651638
0.012415035378402115
0.012414976632011668
0.012412346594597464
0.012411929490447083
0.012409338185066584
0.012409133416942832
0.012408432240710629
0.012407567634220955
0.012407227079713614
0.012407160566683761
0.012406149446649009
0.012406005053667494
0.012405801408027441
0.012405383327687744
0.012404456296845811
0.012404294711112743
0.012402937992546716
0.012402420061143206
0.012402396690648899
0.012401348737735744
0.012401046881244378
0.012400945613324974
0.01240074561771785
0.012400514207830653
0.01239995006732808
0.012398690665133976
0.0123964630144774
0.012396007299091969
0.012396005434752319
0.012395702930556111
0.012395579324581955
0.012394679285795794
0.012393348271050739
0.012393253927799358
0.012392788824819569
0.012391292901213486
0.012391168011319937
0.012390662740815097
0.012390184028555381
0.012389337988572516
0.012386672708205957
0.012386611241094919
0.012386552427898016
0.012386025067081094
0.012385742299154024
0.012384457109895485
0.01238256815294949
0.012381966895056192
0.012380792490580434
0.012375143306419525
0.012373767719729194
0.012373665884918214
0.012372188819249806
0.012371312208203915
0.012370639955219481
0.012370542468089142
0.012370048159621545
0.012369114360933199
0.012368787194724302
0.012368747756987805
0.01236833839855931
0.012366341331029583
0.012366108862492642
0.012365158963220295
0.012364734366058087
0.012364020325442912
0.012362824723079835
0.012362736238328452
0.012362661732256437
0.012361790720811762
0.012359504924589679
0.012358661386524703
0.0123566796460858
0.012353587463681332
0.012353490096708426
0.012351941860594391
0.01235168573097269
0.012350239046555685
0.012350122645925899
0.012347719451239716
0.012344478726523949
0.01234312536256001
0.012343006875726242
0.012342055590860278
0.012341282292716917
0.012341274311214264
0.012340984309667617
0.012340554976201396
0.012339986844130155
0.012339905231122392
0.012339751824305115
0.012338739242736289
0.012335731650498555
0.012335503064631161
0.012335429947489715
0.012334449685095894
0.012334448915388357
0.012333897452673655
0.012333852093529456
0.012333842824008364
0.012331683228857696
0.012331642048632052
0.012330599247436199
0.012328069279223638
0.012327981325075133
0.012326297659258412
0.012326180737676003
0.012325173690469968
0.012324872272928724
0.012324267882610641
0.012321881180199126
0.01232170726139147
0.012321004788457792
0.012320216103920582
0.012319121642214863
0.0123176351760986
0.012314790157975066
0.012313180890447233
0.012312721584166448
0.012311784945415894
0.012310741176564305
0.012309982971886908
0.012305184184064824
0.012305144705339643
0.01230431926477937
0.012302446971330044
0.012301969185807771
0.01230139024651912
0.012300030304023074
0.012297346502238928
0.012296728903043794
0.012293846844675459
0.012292426888326772
0.012291518017898359
0.012291511230537079
0.012288847986281328
0.012288558130953609
0.012287645040999783
0.012286178716844721
0.012284581542843034
0.012283752152666137
0.012283400148853697
0.012282592358259833
0.012280683898375439
0.012280085340453427
0.012278288651889411
0.012278284175207953
0.012274429207682513
0.012274160291939746
0.012274091736810469
0.012273892392554836
0.012273847934016367
0.012272861364775957
0.012270929594124484
0.012269679850084507
0.012269051592500513
0.012268416076426454
0.012268330951029692
0.012268003532076001
0.012265538912714043
0.012264811050293631
0.012263395225202698
0.012262513533724963
0.012260868860981032
0.012260357787145015
0.012260275690565431
0.01226000648959448
0.012259212389585484
0.012258783337899797
0.012256195615421826
0.012256135510403473
0.012255541460459572
0.012253828583885634
0.012251072572302124
0.01225091903038584
0.012250032892511189
0.012249993045623013
0.012249788798515873
0.012249439070457464
0.01224932225464693
0.012248987409136818
0.012244334169749752
0.012242936773144409
0.012240732191073396
0.012239236049303508
0.012238333022865087
0.012237297094853205
0.012236169106355861
0.012235384431049086
0.012235337427814803
0.01223467962425636
0.012234477245708426
0.012233623821794605
0.01223247661153274
0.012231892242116144
0.012229976359040072
0.012227850086826914
0.012225849562570756
0.012225266831726705
0.012224052465746378
0.012223873540119102
0.012223605772510819
0.012223532326627163
0.012223492042440262
0.012223265167659533
0.012222463688995024
0.012222175906446661
0.012221300400630502
0.012220937513338132
0.012220466662156589
0.012220193775571792
0.012219977768388028
0.012218201412190719
0.012217972126407966
0.012217196897247337
0.012216133523421701
0.012216114788130944
0.012214854183950772
0.012214734467938328
0.012213307453522306
0.012212652295511514
0.012211376842311883
0.012210727572177931
0.012209460100919367
0.012209095540121935
0.012209054102275026
0.012208019398741851
0.01220555459351615
0.012204629937659075
0.012204279452567362
0.012203705988197486
0.012201224992617339
0.012200037890400823
0.012199316747693235
0.012198946181991291
0.012198938013022393
0.012198558062569944
0.012195253258228185
0.012195140082668783
0.012194951994137415
0.012194393889358777
0.01219397475859864
0.01219351803580087
0.012193346077940863
0.012192643694630523
0.012191753065290531
0.012190031051439579
0.012188856534362
0.012188701405788644
0.012188210544478165
0.012187969764828209
0.012187091989548746
0.012186276048738129
0.012185278889811295
0.012183800759321239
0.012183486341253234
0.012182203448261514
0.012180950710120769
0.012180798073065567
0.012180702037161439
0.012180360606850337
0.012179492014223589
0.012178701724404377
0.01217866593071577
0.012178451452723301
0.012178375363479229
0.012178215465386151
0.01217815591453819
0.012177926234019986
0.012177881023432703
0.012177206651377063
0.012176616879310737
0.012176227235358293
0.012175580239597524
0.012175116842978858
0.012174043747970782
0.012173969482595474
0.012169792692171659
0.012169458513874395
0.012169083474930757
0.012168688356912453
0.012167595393467321
0.012167396235123322
0.012166197444806629
0.012165862115693366
0.012165097720990128
0.012164704384271035
0.012164586297737765
0.012163619306733844
0.012163028920356129
0.012162897644138599
0.012162871105933955
0.012162657772193223
0.012160934466429215
0.01216078685686069
0.012158715221989053
0.012157550705582523
0.012156159516290335
0.01215601054521943
0.012155638441048489
0.012155562512680818
0.012154855822356158
0.012152193705282342
0.012151952652722332
0.012151726670853027
0.012150949620612689
0.01214905588675814
0.012148638648655386
0.012146329100292204
0.012145413497060992
0.012144375583664411
0.012144292579981095
0.012143436315597105
0.012142749103840863
0.012142722256877762
0.012140751413885554
0.012139127568400115
0.012138812781433087
0.012138354884241424
0.012137844042244461
0.012137104824444606
0.012136200207271179
0.012136116945666913
0.012135110185233323
0.012135002545416718
0.012134290164768103
0.012134208651462206
0.012133980843928893
0.012133505305857844
0.012133330743737403
0.012132358542766827
0.012131063258116158
0.012130747332404915
0.012129271545096512
0.012127317366512012
0.012125607241703532
0.012125189904978777
0.01212376387304776
0.012121992275185184
0.012120898660669873
0.012120757130156493
0.012120565821786996
0.012120051441222279
0.012119354713988912
0.012117951696094555
0.012117419812676089
0.012116655340562898
0.012115801754212254
0.012115510002554173
0.012115152430972298
0.01211403835709818
0.01211388371090002
0.012112754761213745
0.012112193005009595
0.012111843956696308
0.012111532274966207
0.012111094641126745
0.012107712307692618
0.012107093383930588
0.012106114344313596
0.012105638691343207
0.012105620706318996
0.012105089728892869
0.01210149557419053
0.01210045468341671
0.012100028777232163
0.012095900192174908
0.012095739156177482
0.012095696172423774
0.012095047761877984
0.012094465166897213
0.012094308433865528
0.012093967038828065
0.012093349525935481
0.012092861567640511
0.012092475275952442
0.012091446911564099
0.012091325586212448
0.012091088641712208
0.01209108054964373
0.012090883166965253
0.012090754606763641
0.0120897054294516
0.01208855296794604
0.012088373446581605
0.012086274516756278
0.012085550742167519
0.012085193075791581
0.012083304829334035
0.012082310625022625
0.012080017606406361
0.012079013714233271
0.012077733955289383
0.012077593520201739
0.012077471268149375
0.012076428747038716
0.012075760031537559
0.012075147082296024
0.012075079337924644
0.012073951809228397
0.012073839597503674
0.012072750386971936
0.012072138037779203
0.012071602427119516
0.012070752391319347
0.012069241742874571
0.012069047136858833
0.012067979919503962
0.012067349989222785
0.012066678422431009
0.012066456352927558
0.012065449426686586
0.01206275405193981
0.012062155516384955
0.012060524081067276
0.012060295026834894
0.012059833218791092
0.012058937860448038
0.012058642236822086
0.012058063052571301
0.012057875375566634
0.012056915706267669
0.012056434801099046
0.012055442193641503
0.012055101891566519
0.01205433738091405
0.012054093528208087
0.01205375179456462
0.012053107705272884
0.012051754994162188
0.012050894559576687
0.012050737434622533
0.012050291597601407
0.012048760396434773
0.012046492994634143
0.012046351052539567
0.01204562267833873
0.012045614499139056
0.012043451808413182
0.012043376109065642
0.012042410628044967
0.012042308871546453
0.012042200489738961
0.012040303202268685
0.012040272877796382
0.012040017042447749
0.012039361884008127
0.012038451086835458
0.012038189980935853
0.012037440915145045
0.012036327563514519
0.012034803966659856
0.012034169237789721
0.012034088071259916
0.012033278286893214
0.012032156194122057
0.012030383824087694
0.012030367945112074
0.012029017081741783
0.012028845221186621
0.012027328498560221
0.01202669996160163
0.012025665193495808
0.012025432445006527
0.012025144663071826
0.012024780612456425
0.012023788778691986
0.012021754773135966
0.012021744704272058
0.012021334050136069
0.012020989637819146
0.012020712325938685
0.01201803292329417
0.012016597863563402
0.012015591539690243
0.012011226120496529
0.012010692856838317
0.012010114885316477
0.012010048925212723
0.012010003814691332
0.012008762767217475
0.012008404808865865
0.012007812340491253
0.012007411666193506
0.012006049638188604
0.012005900402482336
0.012005484371580586
0.012005015291677312
0.01200359596207317
0.012002637654969108
0.012001189989484655
0.012001066848194594
0.012000351929936672
0.011999545426578721
0.011998854607822056
0.011996227063213884
0.01199507764689093
0.011994096969076202
0.011993809094346145
0.011991592219659555
0.011990336314416414
0.01198973913620986
0.011989514791833515
0.011989260202282099
0.011987486153143739
0.01198720578448861
0.011987172340141962
0.011986949720744487
0.011984925249909458
0.01198349137369137
0.011982329091755969
0.011981707091952388
0.011979459737529884
0.011978868958510521
0.011977727968128717
0.011977393505085891
0.011976825508367747
0.011976556475516148
0.011973678121940065
0.01197367409070795
0.011973141697673505
0.011972254128114633
0.011972241110676905
0.011971886859694896
0.011971180525098287
0.011971029311886056
0.011970787723881151
0.011969991526684338
0.011969088913289584
0.011968846707735837
0.011967693125010977
0.011967396500693537
0.011966642485683555
0.011965653846479506
0.011965474129477283
0.011965413674054126
0.011964607354797742
0.0119634371181389
0.011963103707919314
0.0119624728352883
0.011961481379037818
0.011959986326859896
0.011959958816573898
0.011959740344877019
0.011959078672693661
0.011958285421710634
0.011953634614800165
0.011953624597662761
0.011953344177870712
0.011951870839842062
0.011950907720941119
0.011950810264063381
0.011950218461993645
0.011950210080293004
0.011949689446384811
0.011948781375705649
0.01194819347425599
0.011946504667439021
0.011946385919382822
0.011944060703600714
0.011943883754809549
0.01194341168815859
0.011942037691378429
0.011941482955603258
0.011941373166642058
0.011941253216300466
0.011941211776887858
0.011940921244775618
0.01193920559127277
0.011938985682482623
0.011938386291438237
0.011937773987697818
0.011937297538371723
0.011935716367159514
0.011935654907782339
0.011934215273439765
0.011933988090797956
0.011933792058097338
0.011931176803820101
0.011929927337190036
0.011929228336394981
0.011928877832018113
0.011925843907247524
0.011925225079016213
0.011924361241169478
0.011923848105501112
0.011923354526891979
0.011922802506931772
0.011921234133154416
0.011921132018184045
0.011920845991872819
0.011918725602562753
0.011918517170138932
0.011916949827825821
0.011916820877024269
0.011916605778674967
0.011916394130254132
0.011916144019468606
0.011913546328381546
0.01191351837082986
0.011912819712910926
0.011911838899093063
0.011911321977196274
0.011911112074409837
0.011910761662508564
0.011908693223566812
0.01190696836333024
0.01190651806899958
0.011906381907220438
0.01190573094167012
0.011904340032119615
0.01190398999975641
0.011901131763445021
0.011900857672950368
0.011900763695937079
0.011899834570854487
0.011899714973880354
0.011898724900494054
0.01189851970893391
0.011898434655891433
0.011897823064407878
0.011897584329945655
0.011896977631920325
0.011896947967436729
0.011895645961191772
0.011894397792429448
0.011893701267566545
0.011892384815009354
0.011891211929987313
0.011889933647306701
0.011889587454884635
0.011889553914719842
0.011888978274010802
0.011888637798506602
0.011888449870519411
0.011885302988175332
0.01188267960126649
0.011881497110465579
0.011878710091470807
0.011877929824329843
0.011877002038753212
0.011873544227537256
0.011872628083755755
0.011870056431955239
0.011867287916881705
0.011864385439738726
0.01186428042521499
0.011861928600301858
0.01186093891673777
0.011860531269985134
0.011860291549878199
0.01186021750740698
0.011859738787767268
0.011859167912763742
0.011858689328809882
0.011856626823363196
0.01185543643572516
0.011855421350258267
0.011855359118918917
0.011855354393817782
0.011855082195158375
0.011852846014721636
0.011852464195854664
0.011851928451599743
0.011851482960810747
0.011850954967213176
0.011850597847359763
0.011850111975813669
0.011847226184256902
0.011845445872328929
0.011844670362937534
0.011843867834049523
0.011843740640950805
0.011842406466612446
0.011841491583696762
0.011841480360821097
0.011841354798395128
0.011840156410291978
0.011839936072026576
0.01183962618342059
0.011839069278304443
0.011838922158864991
0.011836668406231021
0.011836234792910419
0.011835528340194187
0.011835051096429322
0.011834173906941498
0.011834072372755843
0.011830844486367828
0.011830823832668596
0.011830026973978135
0.011829206263180037
0.01182753328189393
0.011827406097016487
0.011826869034867724
0.011825822578563058
0.011824982410122595
0.011824954297381406
0.011824481523852987
0.011823749785652517
0.011823678160953859
0.011822375618014427
0.011822311005289687
0.011822088308323563
0.011821470027830556
0.011821258359127973
0.011820548366468453
0.011819012260164208
0.011816727869831756
0.011816519164188542
0.011815779674697333
0.011814722355310819
0.011814565594528837
0.011813543857972578
0.011812905069305334
0.01181213824261244
0.011810615305127182
0.011810093489252542
0.011809307823465348
0.011807666383080799
0.011806842667803233
0.011806160030521491
0.011806157319394881
0.01180531382164543
0.011805074459787391
0.011804488559731451
0.011803801745361654
0.011801810445338635
0.01180115230998059
0.011800838004525501
0.011799335534897093
0.011798808673298378
0.011797971002235612
0.011794213875898277
0.01179370560741857
0.01179341330319242
0.011793253283826584
0.011792502876620444
0.011792249135050765
0.011792200630839992
0.011791861639895271
0.011790544947585264
0.011789870062568195
0.011788949520851771
0.011788808045361658
0.011788322010574174
0.01178732974453576
0.01178723665858592
0.011786498042103959
0.011780157409956487
0.011779589844722677
0.01177953544622504
0.011779119208830241
0.011778370546225636
0.011778133570407729
0.01177803657410501
0.011777954729821573
0.011777854860126141
0.011777784148476033
0.01177681046069648
0.011776614812403314
0.011775919964594371
0.011775489273619358
0.011771160874637927
0.011770044671092104
0.011769520403954332
0.011768810757332533
0.011768687860947155
0.011767915168297132
0.011766367768925043
0.011764724552860656
0.011764458830753997
0.011764390145666343
0.011763454494586057
0.011762809828398965
0.011762530433615123
0.011760918433626245
0.011760239984914636
0.011760036667885724
0.011759584243099483
0.01175767253026206
0.011756342405322057
0.011756216869055189
0.011755059765335998
0.011754414712996136
0.011752999587121112
0.011751586049742652
0.011751031943958245
0.011749631523738386
0.011748548381414113
0.011746967478445811
0.011746025802148924
0.011745555705620272
0.011745495019947549
0.011745413646945795
0.011745215947473932
0.011743908956624817
0.011743905089922105
0.01174305693348165
0.011742737169338498
0.011742597460206
0.011741804486883896
0.011740735176285134
0.011739960941180278
0.011739239406449217
0.011738995986454309
0.011737946081310456
0.011737136647252077
0.011735600090281077
0.011734717100155018
0.01173362701979491
0.01173049899499036
0.011729404564938048
0.01172843941553285
0.011727568725825662
0.011726418429159507
0.011726016796413545
0.011723756850412074
0.011723568917184133
0.011722628679223027
0.01172086472349197
0.011720647203363311
0.01172035354090953
0.011719489351651761
0.011718908860750185
0.011716520654308032
0.011716348396939767
0.011715447406622699
0.011714913921891197
0.011713721627560443
0.011712429920063005
0.011712113630094044
0.011711438749772833
0.011711045667247949
0.011710483748870569
0.011709228199457158
0.011708436631742777
0.011708400782852397
0.011708308342889476
0.011708255830476657
0.011708129531075941
0.011707825150764144
0.011707312256996403
0.011706254073211096
0.01170371378236979
0.011702768504091139
0.011702387321006823
0.011702050239939674
0.011701118210377023
0.011699655226785012
0.01169859154162989
0.0116978871167485
0.011696278853703826
0.011695605964739763
0.011694629629697076
0.011694498029134241
0.011693874727062941
0.011693712705658129
0.01169301326741635
0.01169237021014337
0.011691508308429091
0.011690079462888385
0.011690027760858613
0.01168988958541381
0.011689768341974089
0.011688687070173462
0.011687019200095109
0.01168635992265536
0.011685985353636462
0.011685019149744723
0.011684841323414441
0.011684479704934881
0.01168366211006429
0.011682826812020521
0.01168212488666856
0.011681584286283199
0.011676319349346275
0.011675046939520702
0.011673384177684411
0.011670625829592956
0.011670327417609119
0.011669882304040532
0.011669851209333225
0.011669240102513953
0.011669192590755524
0.011667793453675569
0.011666573882383055
0.011666414136172101
0.011666090308843606
0.011665683502685872
0.011664150024658501
0.011660164995687792
0.011660103818524704
0.011659839178031681
0.011659706156696117
0.011658471286301401
0.011658427423645564
0.011658257779718916
0.011655411677354103
0.011654951535602464
0.011653922525315986
0.0116534922746787
0.011653381936301244
0.011653364649578926
0.011653186314835959
0.011653080472260139
0.011652344472922099
0.011652247467510325
0.01165152267502309
0.011651346897756695
0.011651034441188569
0.011649253608662761
0.011648246848514773
0.011647683499108375
0.01164725076229426
0.011647147003494229
0.011644140410222822
0.011643611355075266
0.011642938672749032
0.011642233933434439
0.011641713237559697
0.011639897975550423
0.011639127953382499
0.011638004773228164
0.011635336393948955
0.011634382115893641
0.011633778371360081
0.011632506487994096
0.011631544832987402
0.011629922361670725
0.011628964100185919
0.011627982561510004
0.011627600300037316
0.011625726493107084
0.011625089809855899
0.011625066099946579
0.011624573558186982
0.01162395655431964
0.011623252836472595
0.011622630412489459
0.01162205350338732
0.011620388126724323
0.01162001678125254
0.011619516670908742
0.011618074022707878
0.011617288694696843
0.01161713942947608
0.011617073845515991
0.011615975168275736
0.011614404249500854
0.011614196845024157
0.011613854107780703
0.011613074720479828
0.011612095987736906
0.011611771303396036
0.011611545583432388
0.011610863404981513
0.011610677910043901
0.011610038557961113
0.011607460975576812
0.011607392815027128
0.011606336149675836
0.011604247621691434
0.011603257212525284
0.011603088328114044
0.011602721382582263
0.01160132489090753
0.011600964668957306
0.011599983370403117
0.011599093140888108
0.011598147275286391
0.011596951677527063
0.011596358944337365
0.011596079744087695
0.01159545390791082
0.011595285345897717
0.011594525439161205
0.011594426402362686
0.011593123847093408
0.011592585407594979
0.011590740333460622
0.011590086572908956
0.011590063675088661
0.011589633188162259
0.011586222095049442
0.011585572231081361
0.011584364894445712
0.011583859520654822
0.011583593010830846
0.01158358920902702
0.011582986725198361
0.011582970144138411
0.01158199850634649
0.011580983520120918
0.011580771042331579
0.011578570264428229
0.011578213650204935
0.011577929657374416
0.011576200796502158
0.011574268401321008
0.011573922689069694
0.011573746419746648
0.011573361889320365
0.011573094321810055
0.011572886564270838
0.011572402607358975
0.01157141643098478
0.011570734609915855
0.011570494724984573
0.011569594669665497
0.011566468205144682
0.011566433239247177
0.011565703716047551
0.01156381185296184
0.011561495121834025
0.011559810830128386
0.011559326432430236
0.011558786145893422
0.011558147078436849
0.011557877926825565
0.011557831293121899
0.011557133768968646
0.011555862819677553
0.011555778770161522
0.011554339822599454
0.01155324952941216
0.011552867988563921
0.01155201541750578
0.011549559081868773
0.0115485212790727
0.011548447270123045
0.011547614849141968
0.011543483549745784
0.011542882905084846
0.011541816419985812
0.011541552563798442
0.011540900512830451
0.011540593172922303
0.011538899595543913
0.011538213465998277
0.011537580747832321
0.011536667266513928
0.011536267500753124
0.011535190724926363
0.011534601808388428
0.011534171947994477
0.011533605819252278
0.011532767052329744
0.011532583312670226
0.011532316639809406
0.011530883190324881
0.011530240054244932
0.01152978465110341
0.011528550760779009
0.011528539964554619
0.011528355894107212
0.011528196366892616
0.011528091779633414
0.011527624221385212
0.011524267740093424
0.011522372823340111
0.011521953251521035
0.011521596337740608
0.011520051437303218
0.011519646088334098
0.011519515583083286
0.011518257639069978
0.011518098217175043
0.011516949545339729
0.011515678683781245
0.011515463841383246
0.01151499987090512
0.011513267272441757
0.01151326712418177
0.011511383323089324
0.011510787884682657
0.011510770412949848
0.011508113349710802
0.01150779859281024
0.011506800300040129
0.01150636963930623
0.011505528243369168
0.011504901049737507
0.011503381175756389
0.011503290492858108
0.011501735303074169
0.011501669367661355
0.011501098198235684
0.011499390726948925
0.011498931263927915
0.011495361983397626
0.011494977507059117
0.011494677099877147
0.011493306786981638
0.011490267596879763
0.011489402900580929
0.011488990706723762
0.011488941702296186
0.011488001443271764
0.011486918475732287
0.011486885928802683
0.01148543086123757
0.011485110486684783
0.011484783818357505
0.011483393406026058
0.011481086677620513
0.0114803677586528
0.011480067332769963
0.011478837502073548
0.011475820655925733
0.011473438112677767
0.011472691809276596
0.011472457726372306
0.011471488930207153
0.011470690713129967
0.01147004487160035
0.011469841873284321
0.011469801143969539
0.011468417521091319
0.011468388025170823
0.011467926283980542
0.011467834072432898
0.011467785433145337
0.011467192969278936
0.011465107836560406
0.011465041217404102
0.011463019059653953
0.011462021636388511
0.011461717295975631
0.01146072639425799
0.011460331263532599
0.011460002595695653
0.011458486629791282
0.011456697240171402
0.011455497649577921
0.011454865089521
0.011454671160801184
0.011453909263630463
0.011453007505359545
0.011452994650577935
0.01145271485867747
0.011451265177564751
0.011450522240304207
0.011450416916437826
0.011450344142976266
0.011449649468519894
0.011448334272548124
0.011448255707136016
0.01144776949124829
0.011447730547301371
0.011447614782222521
0.01144651085435869
0.011444642100896345
0.011443586660529427
0.011441274745231038
0.011440721910390517
0.011438944249359663
0.01143752684000158
0.011437388176125309
0.011436605984414632
0.01143630664224379
0.011435130513466148
0.011434814794531921
0.011434549720302018
0.011432866172868676
0.011431315998892806
0.011431157186099709
0.011430313587558805
0.011430233148895939
0.01142881054546914
0.011427575020631492
0.011426802386209873
0.011424225017419907
0.011423789692641977
0.011423576611631323
0.011421309836899839
0.01142109471228649
0.011418810082410547
0.011418735767198301
0.011417613964329179
0.011416847827306408
0.011416359914554971
0.011416107530941145
0.01141418496934782
0.011414081586492068
0.011410072885914647
0.011409230467539057
0.011409117063978328
0.011408914043151877
0.011406657245892781
0.011406517487744187
0.011406002952041293
0.011404684746849539
0.011402696159946503
0.011402317916535228
0.011402060054138415
0.01140154931936342
0.011400967462120238
0.011400435855400846
0.011398770531543825
0.011398768519360824
0.011396692757528006
0.01139635448658703
0.01139624108428996
0.011395340785449581
0.011395043689366346
0.011394624943722714
0.011394575367920696
0.011391686245397884
0.011390099229624369
0.011387532371929207
0.011387469827893253
0.011386406415829789
0.011385666269124087
0.011384523579547787
0.011384410442478666
0.01138292665518021
0.011381767883647894
0.011381562127295059
0.011380961862968209
0.01138010141110669
0.011379950494984151
0.011379585260888276
0.011376040533914023
0.011375560932235252
0.011375344362226432
0.011374734239622408
0.011374395025644458
0.011373395759251247
0.011373154309264054
0.011370414531780171
0.011368608604414061
0.011368365441985422
0.011368070054452175
0.011367509969360865
0.011366636735744045
0.01136582885254275
0.011364393901000721
0.011362093341927504
0.011361755700541588
0.011360914048826623
0.011358291867793064
0.011358165045627788
0.01135789425993162
0.011357085902960719
0.011355197365533495
0.011354708886806225
0.011354058548131473
0.01135404556030746
0.011353924313150241
0.011352931452240613
0.01135199239330662
0.011351768592801983
0.011351351566879645
0.011351047212839759
0.01135056103553986
0.011349682851580029
0.011347412175877893
0.011344079765624283
0.011344064503756756
0.011342159921425007
0.011341756837780086
0.011340045567721243
0.011339175637102997
0.011338112429318271
0.011337652427007636
0.011336718739316081
0.011333942012823147
0.011333562654438741
0.011333522093734427
0.011332847025713235
0.01133218599074267
0.011331404574222584
0.011331209314969497
0.01133055240573988
0.011330319041442567
0.011330205439839841
0.011328257226798127
0.01132670536069157
0.011326662320432911
0.011325988409950624
0.011325236155813705
0.011324937803868652
0.01132109138662892
0.011320117954970621
0.011320094781806525
0.011315525951864218
0.011315447519625283
0.01131454997749678
0.011311865991682161
0.011311191493480427
0.011310150127692419
0.011309362646278355
0.011308635486932589
0.011308127360834008
0.011306976047045928
0.011306588307361552
0.011305659869031918
0.011305536045999558
0.01130462374678338
0.011304590610866153
0.011304237948957628
0.011303664324263059
0.011302165662152553
0.011300596778685106
0.011300228414904098
0.011299835104088416
0.011299700633789893
0.011299217667071272
0.011298917568330086
0.011297856618565248
0.011297712962707934
0.011297482236102843
0.011297022493094215
0.011296666335600985
0.011295711273112723
0.011295375263158387
0.011295039449718745
0.011294092637005142
0.01129399840679457
0.011293674084181389
0.01129252453031623
0.011291414873797158
0.011290927178526948
0.011290869239496536
0.011290601181785587
0.011290338274277101
0.011290103014295911
0.011289667467320852
0.011289621968306291
0.011289028497725494
0.011288762733779246
0.011288552586707839
0.011288541790201067
0.011287813042286233
0.011285857961267727
0.01128556170257562
0.011285452650514382
0.01128505797112259
0.011284913758861516
0.01128467080197944
0.011284118057188371
0.011283247202697098
0.011281741649848171
0.011281103173669272
0.011279125954434128
0.01127748035987646
0.011277314340124824
0.011276535016271893
0.011271691374824205
0.011270384451929533
0.011270272010325863
0.011269920691105856
0.011268994983174756
0.011268571065529576
0.011268386120354659
0.011268192940369522
0.011268092848316652
0.011267956548044371
0.011266636769348803
0.011266097298680293
0.011265739103568038
0.011265365695619724
0.011264777793287065
0.011264674524522737
0.011264658804628007
0.011264001451967083
0.011263385456550767
0.011263048211307051
0.011262863233440995
0.011262511089883907
0.011261954990094967
0.011260046206922636
0.011259261238720793
0.011259027040101883
0.011254997534755456
0.011254871819856722
0.011253456505846559
0.011253209650721218
0.011252796740847502
0.011252296409752546
0.01125170364089681
0.011251069109064779
0.011249848928948515
0.011247949380163335
0.011247563474142703
0.011247475318910325
0.011244328463040132
0.011243498481008129
0.011241920779074072
0.011241260038613017
0.01124113969370844
0.011239532957575455
0.011238471815339221
0.011238146482633139
0.011237294589830936
0.011236881818640066
0.011235471937604597
0.01123534069582182
0.01123522543800406
0.011234937888040739
0.011234365424763464
0.011233823142481067
0.011233240731219845
0.011232701863137526
0.011228536588728341
0.011227602069432879
0.011226462153610433
0.011226038717056484
0.011225760652981072
0.011223162062632344
0.011223061680730438
0.011222116671394458
0.011221408673372516
0.011220568127774454
0.011220078809222088
0.011220059602806764
0.011219865393278228
0.011218562295829406
0.011218336899873225
0.011217947820918266
0.011217682825833816
0.011217648861807188
0.011217437076114146
0.011216938453606979
0.011215759835892002
0.011215560230314706
0.011215514674079139
0.011213287064302782
0.011212940074216752
0.01121033653013181
0.011209356296707142
0.011208999832483042
0.011203971086062005
0.011203953701076705
0.01120362032628109
0.011202379076705994
0.01120184277631184
0.011201332823909513
0.011200321196983016
0.011199477778578859
0.011199421664243557
0.011199138115130446
0.011199069372552535
0.01119858993292515
0.011197814553999113
0.011197341677402998
0.011196297609764861
0.011196072817319495
0.011194711533134142
0.011193126378715054
0.011190627545269512
0.011190398008723665
0.011189659091401126
0.011189094093152163
0.011188834189604912
0.011188201966581086
0.011188168476221014
0.011188125757117928
0.011187813877223304
0.011187807588982556
0.011187757905795086
0.011187500433823976
0.011185755486832451
0.011183332345111244
0.011182505013084569
0.011180988512512086
0.011180289730709373
0.011180186894735804
0.011179801436685411
0.011179192093344888
0.011178255302172207
0.011177888414755664
0.011177701499842287
0.011177652790848019
0.01117727089402681
0.011176397443644232
0.011176015097446437
0.011173257200145783
0.011173212414909935
0.011172217747202685
0.011170139314316287
0.011170004439994011
0.01116943187678514
0.011168704507937029
0.011168594658152963
0.01116612488769719
0.011165965126035484
0.011165941771951016
0.011163682080651589
0.011163179029634351
0.011162546635770456
0.011162333574599835
0.011162052889306967
0.011160347689572849
0.011160339651946412
0.011159349790025495
0.011159236595406742
0.011157981484360601
0.011157192042178429
0.011156925499411071
0.011155931663115081
0.011155835216845785
0.011155732895463058
0.011154278394233936
0.011153821156862129
0.011152736175727308
0.011151477112660287
0.011149981003315748
0.011148399977171122
0.01114809860943859
0.011146866932528197
0.011145258509550169
0.011144133341543291
0.011142571023481427
0.011142107627069716
0.011140850009674488
0.011140512400478336
0.011139244709807934
0.011137849961897218
0.011135287617799442
0.011134846282870141
0.011134452989298134
0.011134385196549777
0.011134188103884035
0.011134085324601342
0.011133740006552239
0.011131779317810415
0.011129176351233751
0.011126851602132141
0.011125904853926512
0.011125728990792545
0.011124755713207979
0.011124646586859703
0.011124248023173584
0.011123952308522957
0.011123629182421319
0.011122930013469104
0.011122807509715735
0.011122219850057952
0.011121882808527661
0.011120909517161362
0.011119480099930844
0.011117097603659329
0.011116163890024074
0.011115702681799589
0.011115192483583043
0.011115085097066617
0.011114664779164406
0.011113334563974869
0.011112919945285158
0.011109796197385448
0.011108700610476268
0.011108087149744168
0.011107754986966487
0.011105276034009955
0.011103682198130731
0.011102587709729151
0.011101839918518862
0.011100917026389032
0.011100207463779927
0.011099550016501964
0.011099496751745149
0.01109937702047996
0.011099327513043121
0.011099232118811054
0.011098978638996535
0.01109873488681625
0.011098198853706623
0.011095908937591943
0.011094763115745912
0.011093658703865429
0.011092946101135297
0.011092062628438154
0.011091300315482659
0.011090802049278953
0.011090122180936409
0.011090047993125398
0.011089771671833349
0.011087922295050054
0.011087818691827778
0.011087004557731796
0.011086752946128898
0.011086552594847435
0.011084522779648505
0.01108342625495614
0.01108198994285201
0.011081752787065274
0.011080321244713181
0.011080034441134734
0.011079910643793602
0.011079127255101441
0.011078261420330911
0.011077891951687317
0.011077745801044271
0.011076447272088579
0.011076397505793522
0.011074768052212048
0.011073592644328631
0.011073030145248687
0.011072222386964495
0.011071694379095515
0.011071316700479774
0.011071161450963134
0.01106667600700637
0.01106667596861575
0.011064917261486703
0.011064329392233648
0.011063788673127031
0.011063493455722818
0.011063210264451872
0.011060609453212749
0.011060471189684194
0.011060226364364786
0.011055912479674215
0.011055615722133401
0.011055593593358283
0.011055049144600867
0.011053967438576208
0.011052035360467756
0.01105164311922935
0.011047594922569917
0.011046980032625935
0.011046702200171937
0.011046661045066675
0.011045032725455045
0.011044105382449446
0.011043144665093641
0.011042360119395066
0.011041514990719235
0.011041447825281851
0.011041407034330923
0.011040219963447449
0.011038317864604208
0.011037590012336231
0.011037515933222337
0.011037394071462991
0.011036673225568328
0.011036663555024537
0.011036286603103403
0.01103615586677572
0.011035649231533447
0.011034312779386313
0.011034192252427097
0.011033439043156557
0.011033380214224365
0.011031563756192448
0.011030713711387514
0.011030569127073033
0.011029773188796159
0.011028654036620388
0.011025940639965938
0.011025111868216879
0.011024039433869882
0.011023056573641445
0.011022935546361634
0.011021646232934581
0.011021431581641898
0.011020996201000098
0.011020467786942222
0.011019764942557783
0.011019744174270955
0.011019588679724791
0.011019527782184591
0.011019482083075514
0.011018930294476099
0.011017505921633246
0.01101702689696866
0.011015249235903418
0.011015010016703195
0.011014997317597084
0.011013746549832077
0.011013353111879499
0.011013102423300478
0.011012336273048158
0.011012088336725076
0.011009515474234512
0.011009432186800196
0.011007685307534669
0.011006611660001888
0.011005764089882134
0.011004972813854083
0.011004061478601831
0.011003532854721726
0.011002802203438158
0.011001441871674008
0.011001233045402547
0.011000552885822114
0.010999019862379712
0.010998444004237327
0.010997209674059073
0.010996766664598159
0.010995957859525878
0.010994404355081712
0.010993701565929253
0.010992756177457886
0.010990799624595015
0.01099005323532313
0.010989858107351824
0.010989412576540639
0.010989094524374906
0.010988949400737413
0.010988647321318495
0.010988630433524979
0.010988015479577076
0.010987762943687387
0.010986820515199284
0.010986723123714848
0.010983708784983769
0.01098335327608338
0.010980751024101952
0.010980608197298089
0.01098030976486849
0.010979739250598012
0.010979547509140573
0.01097525517875962
0.010973958898889715
0.010973526918240696
0.010971992823629336
0.010971585408171896
0.01097097791387302
0.010970412095524344
0.010970295362590803
0.010970269187185359
0.010970183901426468
0.010969981973068624
0.010969598453072693
0.010968792089646703
0.010968632008509071
0.01096835200238344
0.010967802189364714
0.010965400012821945
0.010964885602962795
0.010964449867225593
0.010962906437337392
0.010962300731374988
0.010959517371749963
0.010959064639870678
0.010958807360891274
0.010957862633102571
0.010957056978122286
0.010956543070853909
0.010954749220416643
0.010952799784756119
0.010952750202669522
0.010952459992108842
0.010950450095414335
0.010950078141223465
0.010949802809471953
0.010947916530016916
0.010947885407184171
0.010947288164310873
0.010945657010247911
0.01094519408304733
0.010944492021005288
0.010942602778419871
0.010942288249188189
0.010942191694488625
0.010942002289586365
0.010941826506839246
0.010941410189288875
0.010941369123259088
0.010941161228312667
0.010940993914412169
0.010940388685033461
0.010940214251923711
0.010940120180603559
0.01093963727224025
0.010939380429830201
0.010938418120698956
0.010937970111807327
0.010937900933283163
0.01093731728379403
0.010936983806326935
0.010935134539387418
0.01093494568379891
0.010933255732937755
0.010933133008689491
0.010931155220444447
0.010929402403732363
0.01092925858472135
0.01092898400932462
0.010928894853767209
0.010928487064331388
0.010928366678973336
0.010928351080517939
0.010927510690557793
0.01092576065486585
0.01092511210921366
0.010925057216310973
0.010924679762409208
0.010924051404584125
0.010923720090978542
0.010922468996076688
0.010922115940971392
0.01092060502110118
0.010919137056035942
0.010918587802540274
0.010917794811932276
0.010917377806823069
0.010917036588545025
0.010916554999174001
0.010915914635426205
0.010914331541890802
0.010914273860680366
0.010912231526627627
0.010911860632090806
0.010911837357219277
0.010909797603810991
0.010908601267897016
0.010905516267627688
0.01090484180325006
0.010904282080802385
0.0109038977092296
0.010903113307749743
0.010902883265721299
0.010902636970677499
0.010902404882551696
0.010902041222307767
0.010900565617167625
0.010899490291336656
0.010895958852927563
0.010895489518814581
0.010895241811039234
0.010894683915796155
0.010893821518109345
0.010893635546598267
0.010892622788405667
0.010891896726267917
0.010890886679237592
0.010890819281046451
0.010890400589724519
0.010890285378500057
0.010889759212911927
0.010889038671807131
0.010887859348042584
0.01088756337707298
0.010886679415914912
0.010884693983711606
0.010884126460957929
0.010882946646530457
0.010882690842835727
0.010882525086448084
0.010880894336529763
0.010880388104583742
0.010879570591318527
0.010879233319021049
0.01087655036473111
0.010876156322237927
0.010875615144049455
0.010874709428022851
0.010874633421825012
0.010873041075203867
0.010872760463589535
0.010872559644941941
0.010871643562983459
0.010870152234522661
0.010868851651607465
0.010868695681599464
0.010868261687349218
0.010868065283495062
0.010867556816778675
0.010867126587371458
0.010866759858315329
0.01086534892052185
0.010864309031160342
0.010863544885988922
0.010863277379230049
0.010863249747315713
0.010861974928017191
0.010861653654149804
0.010861190262085769
0.010861146300920428
0.010860680495379919
0.010857969817073924
0.010857718653400419
0.010857599813876717
0.010857104844513596
0.010856907469629407
0.010856588091637545
0.010856545836328654
0.010855793035889559
0.010854982394955264
0.010854326817525052
0.010852262054238424
0.010850909960914782
0.010848383014523353
0.010847821276938209
0.010845761071056836
0.010845674506262335
0.010845205954955549
0.010845137370482535
0.010843133742661866
0.010842998114588609
0.010842568267502036
0.010842547061923126
0.010839647605586649
0.010838521580844753
0.010837018421099312
0.01083690317236027
0.010835865533783193
0.010835073010165463
0.010834477427399198
0.010833281979996487
0.010832168312610279
0.010831195040502907
0.010830450034118947
0.010828019545512284
0.010827794937572502
0.010827197128644979
0.010826995323633919
0.010826849445087255
0.010826357562025131
0.010826340582029904
0.010826225600089683
0.010825838806113357
0.010825812601621776
0.010825633373254321
0.010824550965070082
0.010823702761013002
0.010823643493099519
0.010823154510490632
0.010822195457116053
0.010821974220124986
0.01082102661162143
0.010817462590611398
0.01081613867385914
0.010816097718194907
0.010815742366703003
0.010815406361393524
0.010814764969028955
0.010814287169659135
0.010813988583437247
0.010813274008021541
0.01081307563507523
0.010812153408657132
0.010811477515907273
0.010810261685409476
0.010809228299191474
0.010809198867807989
0.010809065433193682
0.010809044533244872
0.010807655168504798
0.01080647522810408
0.010806109826121105
0.010805213051131185
0.010804813464323427
0.01080379262532432
0.010803520507259284
0.01080299393791918
0.01080221025577288
0.010800833631205289
0.010799287980973857
0.010797852138572286
0.010797163215581034
0.01079633158424474
0.010795566652419399
0.0107950142418578
0.010792130297550539
0.010791761802813722
0.010791031099098743
0.010788340979480192
0.010787976028337479
0.010787757684412962
0.010786688325863577
0.010786017281497598
0.01078520102439067
0.010784529315891127
0.010783032491946095
0.010781698880987589
0.010781614320812549
0.01078081387040941
0.010780488293965832
0.01078027947688894
0.010779492096353753
0.010778885392622041
0.010778753888668407
0.010778067734216284
0.0107776664436123
0.010777259924748697
0.010777023328882043
0.010775556927944484
0.010775451860587154
0.010774499757962809
0.010773078838183268
0.010771919405176836
0.010771905920395975
0.010771311753062091
0.010769136418592761
0.010767993980359786
0.010765720215876334
0.010764871702457924
0.010764756692936559
0.010764123289381334
0.010763210830571988
0.010761947560479612
0.010760894800102797
0.010759796091908205
0.010759218773052186
0.010758041054569569
0.010757564051050158
0.010757365613633305
0.010756995111319756
0.010756324882545815
0.010756210163321199
0.010755892282084139
0.010755518123220885
0.010755063596976318
0.010753070103247081
0.01075198679043632
0.010750799529662233
0.0107505449671843
0.010749211436774925
0.010749199277692873
0.010749127454311501
0.010748959218888254
0.010748789739899513
0.010748707747888189
0.010746657025679177
0.01074418397559211
0.01074245990165304
0.010742260852572391
0.010740067395645862
0.01073923523721906
0.010738252903811946
0.010737171422431031
0.010737115568927444
0.010737019001697535
0.010736385743511902
0.010736299172674643
0.010736233662878047
0.010734969288120419
0.010734917253995609
0.010731615995177059
0.010731603231749912
0.010731091023097947
0.010730571002061229
0.010730303228800054
0.010730050258632183
0.010730036187700491
0.010729294417722425
0.0107288130702381
0.01072841656603031
0.010727163060066002
0.010726650430602881
0.010726068650630017
0.010725397834762647
0.010725068680004377
0.01072506709356646
0.010723483630428354
0.010723111746492318
0.010722279426108119
0.010722220038443945
0.010721878539719655
0.010720496415306235
0.0107197306371532
0.010719714484686489
0.010719169216887002
0.010718254588477491
0.010711797569810746
0.010711723184142308
0.010710222524168179
0.010709238284704662
0.010708610249112177
0.010707433712987654
0.010706346905630869
0.010706326502013471
0.010705563612307714
0.010704334137713515
0.010703454465502509
0.010702403739468453
0.010702384599823976
0.010701976089770313
0.010701908619737459
0.010701796607062464
0.010701524516098338
0.010701361179055105
0.010701175399689239
0.010701174421394805
0.010699252381664002
0.010699182430878786
0.010698945205387044
0.010698453335720025
0.010697169895756808
0.0106949813099744
0.010694203771425128
0.010693858891215952
0.010693107070638615
0.010691904998276982
0.010691412258573412
0.010690975459865082
0.010690919337162239
0.010689744923279667
0.010689044122635574
0.010689039852825688
0.010686998737190447
0.01068673575640766
0.010685704297981949
0.010683545833296004
0.010682705490858677
0.010681099998451434
0.010679348691666502
0.010679246302680299
0.010676918093065889
0.010676618079331519
0.010675744926955262
0.010675079991036165
0.010674261451763008
0.010673847182448726
0.010673198479723757
0.010673149350589035
0.010671853798742265
0.010671853260375626
0.010671233543522379
0.010670997992912913
0.010670355276696962
0.010670161945168724
0.010670159033319202
0.010669747955809781
0.010668964591839206
0.010668193038945789
0.010667987296942624
0.010666711574303454
0.010664836909230589
0.010663824783933329
0.010663802458866297
0.010663620900317684
0.010662883718614923
0.010661510976255867
0.010660836153542639
0.010660717738048478
0.010659800582939102
0.010659396378819871
0.010658843899694129
0.010658624648084987
0.010658252298215258
0.010657014794069671
0.010656228568473992
0.010655652850882396
0.010655323102500258
0.010653412807804583
0.010651372736098411
0.010651354060548781
0.010650865441510039
0.010647464560156054
0.010646256725279656
0.010646251751325204
0.010645854629235733
0.010645665340799774
0.01064552941519282
0.010645144166840296
0.010644495563448179
0.010644489214072128
0.01064173054130281
0.010641534920735949
0.010641217256458748
0.010641174752703857
0.010638868389481734
0.01063867757311503
0.010637318742413379
0.010637151675076784
0.010636924042808428
0.010635479152249768
0.010633773854850185
0.010633046926602037
0.010630619009290012
0.010630525139404065
0.010630200020266035
0.010629921857899179
0.010629588430403096
0.0106283880086356
0.010627933035861115
0.01062673479574712
0.010626290704380594
0.010625711224438955
0.010625609195334985
0.010624834254334092
0.010624117959907147
0.010623464436601239
0.010622257340088575
0.010621293489967482
0.010621196829162651
0.010620608866578649
0.010619695215875913
0.010618494494142336
0.010617294800470788
0.010616827847174642
0.010615676134562862
0.010613105202893065
0.010612739826325983
0.01061203353923156
0.010611822129510014
0.010610937880547748
0.010610685384661997
0.010609314817139445
0.010607777146664547
0.010605309681646033
0.010604980297704647
0.010604954446006365
0.010603931758286779
0.010600942949450617
0.010600666597639717
0.010599404444230947
0.010599029489129207
0.0105985701679614
0.010597246674920485
0.010597166511459092
0.010596788711192016
0.010596403763263484
0.010595945972266461
0.010595341148722735
0.010594584338540361
0.010594552817741741
0.010594306761020154
0.010594024978306653
0.010592495303774966
0.010592481166182516
0.010591907170044225
0.010591486861193312
0.010591456387872839
0.010590926047585412
0.010590889059770209
0.010590539970031227
0.010590203452824572
0.010588970188905767
0.010588576686485843
0.010588402279928065
0.010588299342483211
0.010587671775905196
0.010587066741395647
0.010584651121391037
0.01058409826705608
0.010583637805438613
0.010582283425097969
0.010582137684154743
0.01058019260532094
0.010580173203158946
0.010579689224033038
0.010579379240701174
0.010578776999691999
0.010576867851389248
0.010576512899413557
0.010576016501175204
0.010575791753897577
0.010575089663203781
0.010574962640604814
0.010573341979661123
0.010572901976744995
0.010572344407922133
0.010571436202968068
0.010570401797856767
0.010570228877847664
0.010569870586831119
0.010568983437207793
0.010568458454173946
0.010567699595228205
0.010567628464141405
0.010567546487124407
0.010566824074566165
0.01056668310419537
0.01056595012961465
0.010565913169150143
0.010565665518612374
0.010565111074576441
0.010563082264425431
0.010561725114052053
0.01056119764929021
0.010560618876369108
0.010560034371001203
0.010559601892382146
0.010559255233954899
0.010559004079879234
0.010558098493934021
0.010557038288501325
0.010556404071248459
0.010555155440507492
0.010554484054726292
0.010554099869481554
0.010553777553965081
0.010553278659496169
0.010552549456715373
0.0105514217892923
0.010551043835860124
0.010550374733001043
0.010549895793454016
0.010549655842881442
0.010549452010682969
0.010548680793443252
0.010545938319947747
0.01054270638315109
0.01054174326803106
0.010540832271478676
0.01053921123452726
0.010538923594218326
0.010537477977122924
0.010537296320341666
0.010536702645158704
0.010534213690604097
0.010533752487334
0.01053249991156782
0.010532014345909148
0.010528235710778192
0.010526573597607874
0.010526430714052926
0.010525999392365089
0.010525734591602404
0.01052546473626052
0.010524571252179173
0.010524428355368296
0.010524280742206618
0.010524044351990409
0.010522919913309184
0.010522810711818393
0.010522611660323061
0.010522527608901865
0.01052202065274296
0.010521865472251915
0.010520956202385454
0.010520610347978169
0.010519962546046644
0.010519813515945893
0.010519032176156877
0.010517963972865977
0.010516747031802814
0.010512546854151551
0.010512136473577301
0.010510715695937476
0.010509150571956068
0.010508843849898475
0.01050853678930423
0.01050835338736629
0.010507773754092011
0.010507675785282748
0.010507277836082626
0.010507223451564343
0.010506677511715912
0.010504977352831795
0.010504675471609409
0.010503048181733662
0.010502424414727731
0.010502172538414477
0.010499609387479411
0.01049796945489719
0.010497769469587226
0.010497743815089817
0.010496910619780045
0.010496793143479035
0.010496362667287235
0.010496065188150001
0.010491953374661002
0.010491807798944489
0.010491051255180645
0.010490378852977204
0.010489897905104189
0.010489881186753461
0.010488027013296554
0.010487407824711184
0.010486376505749944
0.010486361314213299
0.010485553134932699
0.010483533108180731
0.010483026568091299
0.010482190405750632
0.010482076243051093
0.010481460870763836
0.01048107644324487
0.01048070918014973
0.010479608550085881
0.010478894805043193
0.010478887755449556
0.010478471708880523
0.010478270664548209
0.010477300973105643
0.010476966785563284
0.010476476432217019
0.01047586964483063
0.010474942392810672
0.010474505023159726
0.010473863996168295
0.010471766491443886
0.010471166368870778
0.010470829819387087
0.010469922604235999
0.0104691691170632
0.01046873873221805
0.01046842113598229
0.010467600692526721
0.010467168261238991
0.010466119961911017
0.01046297639807077
0.010461920279528004
0.010461485718867989
0.010460093922239953
0.010459252301903756
0.010456317052482263
0.010455877046676826
0.010455591558484795
0.010454535784625216
0.010453563192364238
0.01045293269626117
0.010452163704814409
0.010452142105221753
0.010452065688007705
0.010451445779464278
0.010451363367686818
0.010451098084332533
0.01045101367008138
0.010450928815246497
0.01045078797761489
0.010450751119941235
0.010450447326207167
0.010450035771844886
0.010449531412218171
0.010449404668982192
0.010448773721012338
0.010448366364555069
0.010448363678130004
0.010447934397360931
0.010447080846498195
0.010446782568020315
0.010446231548342672
0.010445132555749113
0.010444335315428249
0.010443670089680909
0.010443084656163653
0.010442920767186819
0.010442750855974908
0.01044211764131176
0.010441921135311677
0.010440919606018924
0.010440871910842111
0.010440318433957691
0.010438748106143127
0.010438459794511482
0.010436613990774264
0.010436535123737134
0.010435486443937141
0.010434586349558295
0.010434152526588133
0.010433668478130605
0.010431427113703646
0.01043078090160262
0.010430279700403241
0.010430129396126853
0.010429767776063085
0.010428711956384288
0.010428187760865903
0.010426581451394754
0.01042652976222018
0.010425983551234282
0.010425774814937887
0.010425765668559054
0.010425745766135221
0.010425185358519285
0.01042457335475706
0.010423856698828981
0.010423389014561307
0.010422894489428625
0.010422239243526789
0.010421802728177556
0.010420618488388293
0.010420355054407145
0.010419257371753731
0.010418953570513437
0.010417536618503071
0.01041489832062047
0.010413814173763089
0.010413614499332795
0.010413513917838936
0.01041313944898351
0.010412710966856789
0.010411150137971824
0.010410220675361173
0.010409755387982373
0.010409413330610054
0.010409354836244786
0.010409087601329234
0.010408637532422342
0.010407107662356663
0.010406552612864188
0.010405974167507366
0.010405911209704927
0.010405151898247273
0.010404540362639209
0.010403433573899164
0.010403156811163893
0.010401883121342969
0.010401598049476051
0.010401484602119008
0.010400904296660853
0.010400893376220572
0.010399880437080202
0.010398612009052437
0.010398496610416294
0.010398293336133992
0.010397695396809417
0.010396633577791164
0.010395556408397016
0.010394358429394221
0.01039223071905691
0.010392157621898256
0.010392119766876852
0.010391647045886968
0.010390915461390477
0.010390173420630396
0.010389913199277036
0.010389195898998053
0.01038904941214213
0.010388706245458155
0.010388427292924505
0.010387556073652285
0.010386630037461217
0.010385486055243696
0.010385225724524398
0.010384816875872846
0.010384357875954386
0.010383739259269085
0.010383286836943466
0.010380403441441408
0.010379441216261543
0.010379242436477117
0.010378101445237157
0.010378041198326195
0.01037803579345857
0.010377332440544463
0.010376374203151678
0.010376289192463369
0.01037586292153945
0.010375288703689804
0.010374371006811531
0.010373435284173376
0.010371859017940771
0.010370047143892851
0.010369850657062519
0.010369753873268155
0.010369641705932887
0.010369089926873264
0.010369036786933815
0.010368986159550042
0.010366389576548124
0.010365527488494321
0.010363952249698357
0.010362555529593366
0.010361449177392247
0.01036079245332581
0.010360670285672467
0.010359754492072304
0.010359518446915243
0.010358930885866565
0.010357309401374264
0.010356601048370793
0.010355776454877072
0.010355180739517798
0.010354801718148808
0.010353752510701553
0.010353330910853919
0.010353118993472658
0.010351983635552137
0.010351635888542843
0.010348563904030274
0.010347633001823991
0.010347306485193636
0.010347242643340734
0.010345921862383811
0.010345077847100989
0.010344837054743299
0.010342878289469372
0.010342758460566346
0.010342115556237661
0.010341437692023588
0.010341010953374438
0.010340590576383439
0.010340547469808409
0.010340271573374433
0.010339773991136397
0.010339583429181783
0.010338546653395697
0.010337990086198233
0.010337830504662958
0.010337313670384773
0.010336639971179225
0.010335725190025735
0.0103336088531141
0.010333465364283447
0.010333456567531332
0.010333223681342969
0.010331300297155337
0.010331124100384226
0.01033038544153248
0.010330256867729117
0.010329041691741914
0.010328628357872812
0.010328011190427006
0.010325190661789316
0.010325127766002556
0.010325040073615809
0.010324026675238945
0.010323941345465149
0.010323778768700335
0.010323674855021519
0.010323212730725086
0.010322084913471892
0.010321986599429418
0.010321441821776221
0.010320848182125619
0.010320494107550888
0.010319928962608242
0.010319109297927185
0.010318201963372377
0.01031813223056904
0.010317964043140275
0.010317812334524244
0.010317748768572351
0.010317479227256818
0.010316636768514017
0.010316053923773653
0.010315274093253004
0.01031459801739372
0.010314113527060822
0.010312417274579787
0.010311803148976935
0.010311682202773636
0.010311151547620589
0.010311062853720276
0.010310110420451641
0.010309999104942583
0.010309740627202892
0.010309643068311962
0.010309347640713515
0.010309194970963494
0.010308829286537423
0.010308088316363796
0.010307172701376009
0.01030617084355237
0.010306081292473002
0.010306060667152726
0.01030529752591758
0.010305060010009368
0.010304737943975748
0.010304103610340093
0.010303670452406875
0.010302810429105034
0.010302621677801537
0.010302195897637643
0.010300846121201999
0.01030031973745466
0.010298306108533783
0.010298130311191001
0.010297969404829115
0.010297772565339796
0.010297529619709816
0.010296802185535667
0.010296328895992744
0.010295858865247403
0.010294122562301798
0.01029312342842225
0.01029310032682957
0.010292981448829137
0.010292961069687486
0.010290970000773236
0.010290847164374011
0.010290754880129762
0.010289986757301315
0.010286912326315878
0.010285987966312408
0.010285202641422809
0.010285161372460072
0.010284977040946469
0.010284961478826788
0.010283609449263509
0.010283187727974246
0.010282697649877265
0.010282654407317047
0.010282115631335714
0.010281382688995958
0.010281210240633179
0.010281120717262461
0.010280941878765056
0.01028077023918389
0.010279918512037151
0.01027886963707649
0.010278244058838291
0.010277610008479036
0.010276461324171045
0.010274647836291732
0.010273882450798549
0.010272341329134628
0.010271870007485542
0.010271145596433639
0.010270729259322736
0.010269829108292217
0.010269006906331658
0.010267883276364857
0.010267724523764695
0.010266737731181124
0.010266391748609093
0.010266254022355968
0.01026584174553773
0.010265158963644707
0.010262699744709797
0.010260776106535004
0.010259979753268159
0.010259511546563096
0.010257216878395273
0.010256315427345978
0.010255876012762854
0.010255136792475021
0.010255101532697049
0.010254876199381834
0.010254675397139883
0.010254460218363277
0.010254091268060867
0.010252819027385908
0.010250968161551393
0.010250461218250037
0.010250327970770124
0.010250277279641876
0.01024922761152379
0.010248746300899315
0.010248665253222227
0.010248564065411719
0.010248447697719725
0.010248334311014991
0.010248137925247277
0.010247994270529205
0.010247867008600114
0.01024741198107124
0.010246942845413972
0.010246654382642861
0.010246596568824389
0.010245983093331293
0.010245926351340235
0.010245532692821543
0.010243874525959413
0.010243849410371429
0.01024342333864349
0.01024341304383284
0.010243213158154301
0.010242538419627922
0.010241053336893416
0.010240903017245099
0.010240219119854491
0.010240077010376861
0.010237592653322738
0.010237466952362164
0.010237452511719857
0.010236562692679104
0.010236192790513661
0.010235957139295128
0.010235225337807094
0.010234975326278126
0.010234675838130933
0.010234442492926954
0.0102341260459055
0.010231855144424073
0.010231152881804945
0.010230808754536691
0.010230273300525386
0.010230131338305762
0.010230120631367686
0.010229823778871402
0.0102294454756683
0.010228660912822886
0.010228440592494588
0.010227553855759098
0.010227045212214137
0.01022545064547019
0.010224294086999649
0.010222250691625884
0.010221982137268288
0.010221388266156777
0.010220776313578074
0.010220152691540679
0.010220049484064122
0.010219838308129918
0.010218814553710376
0.010218209557130072
0.010216887165669248
0.010216782180397562
0.010215919213680529
0.010215705646728175
0.010215310593667041
0.010215053873953547
0.010213891725978218
0.010213261155215208
0.010212233496342061
0.010212206251969246
0.010211900053531493
0.010211564018195604
0.010211503375244433
0.010210701894236224
0.01021063197087853
0.010209858401753013
0.010209483758676197
0.010208889913092614
0.010208806840898083
0.010207286178508381
0.010206183279180435
0.010205322916108652
0.010205148989805469
0.010205009211494632
0.010204965766158735
0.010203921299730219
0.010203658635016684
0.010202239670985155
0.010201493740688145
0.010200544954876205
0.01020038758256828
0.010199478677479603
0.010198091650316578
0.010196443118295921
0.010194831945285719
0.010194334680840461
0.010193326029792692
0.010192896527598586
0.010192814706790799
0.010192812414012637
0.010192687085848895
0.010192566396151461
0.010191469385301265
0.010191351929744951
0.01019027611539252
0.010190115161216392
0.01018983662181565
0.010189759625595695
0.010189644331986119
0.010189491879158829
0.010188655632482007
0.010188587638450529
0.010186348955949512
0.010186084177517863
0.010185672820692262
0.01018415032241988
0.010182526236305963
0.010181336795639984
0.010180209940016781
0.010179585970417682
0.010179387875737328
0.01017906582505012
0.0101764785964099
0.010175640417233952
0.010175611020980763
0.01017545387960638
0.010175107197383843
0.010174917913895109
0.010174798234075619
0.01017434267242379
0.010174152468475365
0.010173594181050755
0.010173352644116875
0.010172601831093466
0.010171968045974309
0.010169922910968111
0.01016952661153196
0.010166774620456656
0.010165277217091087
0.010164302010680077
0.010162995074189224
0.010162125270977044
0.010161986039903056
0.010161356928012311
0.010161041591873742
0.010160990030707353
0.010160221101208308
0.01015899624141336
0.01015895560192975
0.010158312881474268
0.010157353960029812
0.010156721757061352
0.010156247735257451
0.010155189376052077
0.010154817759183084
0.010154796885445344
0.010154525938886001
0.010154238861807417
0.010154195542408057
0.010154086520478349
0.010153600099134644
0.010152767959866025
0.010151375927591012
0.01015095698807548
0.01015069296231305
0.010149832145468296
0.01014860273380638
0.010147574067003624
0.010147193619709494
0.010146645555322565
0.010144187622515203
0.010142361163559535
0.010142314757492648
0.010141707980439268
0.010140921014884442
0.010140464079772052
0.010140107848243771
0.010137434365926762
0.010137260335474841
0.010137000375225049
0.010136991934862855
0.01013681916951136
0.010136304471236776
0.010135664594901778
0.010134375655046128
0.010134034914734406
0.010133875252475496
0.010132964837185395
0.010130796603199961
0.010130469099024125
0.01012994483825453
0.01012872777551041
0.010127777973215644
0.010127631291327346
0.010124606345606411
0.010124570708626492
0.010124103321918102
0.010123716965711082
0.010120132608511655
0.010119032120608804
0.0101174765107023
0.010116034942173091
0.01011555990086453
0.010114519314638607
0.010114132241266735
0.010113918571833634
0.010113859801981874
0.010113831211584217
0.010113633730992338
0.010113512803797393
0.010112811911548654
0.010112546434007805
0.010112396007146718
0.010111480733289635
0.010110617919468066
0.010110280968754357
0.010108584343313316
0.010108449269514257
0.010107942847791943
0.010106430926833589
0.010106263087925676
0.010106222684808493
0.010105868602682999
0.01010416761594244
0.010103653052586413
0.010102316862523469
0.010101598585250521
0.010100308041478758
0.010099647064639667
0.010099415399762673
0.010097444851482574
0.010097396721223732
0.010097275225369531
0.010095105422389413
0.010095048621484847
0.010094962250197018
0.010094385894641027
0.0100943238263636
0.010094133873341019
0.010093660910066795
0.010092354214260364
0.010092187205445647
0.010091518513998646
0.0100904204299848
0.010090310919830023
0.010088998893216544
0.010088571205779813
0.010088120535137258
0.010087908473978568
0.010087801702721883
0.010087797125339745
0.01008692467077385
0.010085636358000478
0.010085276514810818
0.010084835746374156
0.010084309870190889
0.010082763539341935
0.010082759012929078
0.010081859780832916
0.010081737475528341
0.010080498895064606
0.010079981861820219
0.010079064222373894
0.010078937378419087
0.010078222510473736
0.010077488400512261
0.010076726437508647
0.010076698569732477
0.010076644934707212
0.010076046833017523
0.010075260843307761
0.010074750733112951
0.010074464333154117
0.010074449875903569
0.010074276415907435
0.010073546829453883
0.010072868275482805
0.010070536549169451
0.010069949545918172
0.010069670583900694
0.010069618520075645
0.010069321851656602
0.010066903686170902
0.010066699837475804
0.010065845984939441
0.010065376791193858
0.010064935587974489
0.010064425343868862
0.010063442006337311
0.010061814757986393
0.010060832303056986
0.010060805176797446
0.010060556192467629
0.010060373360151456
0.010060081938355165
0.010059912373866674
0.010058631595903688
0.01005760641286851
0.010057432248078873
0.010057231147389722
0.010056322148182112
0.010055152806308096
0.010054983049514476
0.01005493699093702
0.010054849364102067
0.010054840615966478
0.01005465352066154
0.010054347229097595
0.010053230627741848
0.010052829281625004
0.010051308919596739
0.010050721910351151
0.010050693237748473
0.01005058098148311
0.010050508169822009
0.010050310724868514
0.01005001978562084
0.01004989356840044
0.010049410025117963
0.010048771609048927
0.010047101908990132
0.01004689195034259
0.010044530253969244
0.010044291588212857
0.010043824450436696
0.010043119118922956
0.010042783159907476
0.010041709712351918
0.01004145984878094
0.010041405742108284
0.010041364949650541
0.010041026459773644
0.010040945316607113
0.010039940117071556
0.010039831820597474
0.01003792513091533
0.010037407313514206
0.01003622245858567
0.010035373979730103
0.01003337130847509
0.010032860346006176
0.010031514348340842
0.010031394696233625
0.010030431145697646
0.010030113913650779
0.010028835473065616
0.010027493776205787
0.01002660144620379
0.010026243558573908
0.010025233686725641
0.01002516897314642
0.010024674820646198
0.010023906416722187
0.010023598379330119
0.010021656899327536
0.010019625621653679
0.010018922364093833
0.01001862748280517
0.01001855996364159
0.010017803012641623
0.010017660010708224
0.010017552128492882
0.010016537401716636
0.010015806665301615
0.010015475181929346
0.010014760700075131
0.010014641711279384
0.010012894174541181
0.010012428747607605
0.010012040279874637
0.010011422921262834
0.010011040825202827
0.010011007770045469
0.010010698114923141
0.01001025289506724
0.010008665703264544
0.010008607489808011
0.010008285105364364
0.01000746820197985
0.010007300851014573
0.010006410571892397
0.010006126588267121
0.010006075979645142
0.010004977118487586
0.010004402114365442
0.010003728482706545
0.010003638287576007
0.010003128968050005
0.010002387753942934
0.010000282264503845
0.0099982223662174775
0.0099982092558312981
0.0099970572142256894
0.0099968845448184327
0.0099954724272407584
0.0099952935987677322
0.0099947361346296656
0.0099929090703096309
0.0099917259571892323
0.0099902091262997726
0.0099896424082883978
0.0099894569570975374
0.0099886407254647074
0.0099879623748399936
0.0099878630938698108
0.0099873911527822053
0.0099859419035619283
0.0099849574349545004
0.0099849105873811416
0.0099839378943216723
0.0099822747568917899
0.0099818929558811702
0.0099813102608415152
0.0099810837480806807
0.0099810343321422093
0.0099808991414284901
0.0099808909009431786
0.0099803644718021861
0.0099803314531201129
0.0099800829558822357
0.0099800063040996027
0.0099798109588749365
0.0099794750993530325
0.0099793501777365838
0.0099784960914973669
0.0099780544713018691
0.0099774165219470752
0.0099774044149400515
0.0099770853295532043
0.0099766814182841168
0.0099752201945444846
0.0099751620739438034
0.009974741115249295
0.009974624588732349
0.0099731155570783811
0.009971368785491385
0.0099701269847877194
0.00996882942326127
0.0099686638363981634
0.0099666821685798161
0.0099649230499818039
0.0099640485349225885
0.0099639055007734387
0.0099620611863280497
0.0099619005590202581
0.0099618368968227566
0.0099607199020628045
0.0099601181554692421
0.0099597930912433009
0.0099597190996694
0.009959338103921753
0.0099592673446494764
0.0099570675095964414
0.0099569775732876852
0.009956101756853972
0.0099559623490821769
0.0099558782150652846
0.00995583644651034
0.0099553189635598251
0.0099537548935422979
0.0099527067677767089
0.0099502937894349417
0.0099502678150147142
0.0099496943334479865
0.0099496671435705033
0.0099480632940906633
0.00994759567948824
0.0099474764499597381
0.0099468026747833761
0.0099457772736823869
0.0099456412431439701
0.0099444570462321451
0.0099443478329329319
0.009944088428873378
0.0099440864142292841
0.009943329897293773
0.0099406076574505894
0.009939756814082306
0.0099396431976797369
0.0099392468085206086
0.0099377547119189179
0.0099376267134814351
0.0099369983647459442
0.0099369202978963778
0.0099362948754854429
0.0099357327542699894
0.0099354755801838619
0.0099351028559295472
0.0099350525326702549
0.0099349695827344892
0.0099333275120102229
0.0099322183625720102
0.0099314084088767077
0.0099304158471273975
0.0099298549678802205
0.0099294131398612942
0.0099281151960917691
0.0099270891214621512
0.0099267587921056458
0.0099260522302520582
0.0099244818551614145
0.0099241863673260079
0.0099220109065954465
0.0099208791693939438
0.0099201681616379791
0.0099200425549471373
0.0099196038673869912
0.0099186632078973342
0.0099182801910966834
0.0099176445483673981
0.0099160132541046171
0.0099158090027572712
0.0099154431498442164
0.0099152867677699593
0.0099141132529032248
0.0099139954259668886
0.0099131674313190539
0.0099118071981493094
0.0099117269813250395
0.0099108077658307276
0.0099105066747638415
0.0099103526916307187
0.009910142977275509
0.0099093628438383253
0.0099092500355015632
0.0099079121937528433
0.0099068154878974649
0.0099064143661092736
0.0099063200609730666
0.00990621617284013
0.0099056346853970221
0.0099054310583969272
0.0099049997251594423
0.0099034462915401633
0.0099032475199991952
0.0099029682238368274
0.0099012456101554222
0.0099011890483259712
0.0099007654300657406
0.0098999828959818216
0.0098998022101341211
0.0098993418359485351
0.009898867451519364
0.0098983423757955519
0.0098965817419493247
0.0098965015971647832
0.0098960462551079768
0.0098942353455926564
0.0098934279247970408
0.0098922407530591689
0.0098903927343859683
0.0098893908986539755
0.0098891966217312666
0.0098890099449579008
0.0098886424772081111
0.0098884428962966869
0.0098876267070690735
0.0098875174710216975
0.0098860535195958218
0.0098859759909995255
0.0098855494288927828
0.009884659105649762
0.0098839182824937179
0.0098820362133784333
0.0098815366748438924
0.00988072779821789
0.0098804930015517073
0.0098800260600281388
0.0098796554467452512
0.0098795254536121844
0.009879235333418588
0.009878527637207998
0.0098785028782170051
0.0098785013873591773
0.0098777275418693196
0.0098764893527238627
0.0098747716453598724
0.0098727754441558443
0.0098718216176478368
0.0098713173398474359
0.0098699479752702209
0.0098690226036581615
0.0098686524845317571
0.0098663732650100689
0.0098651372036096963
0.0098651018818457677
0.0098649849157803372
0.0098648666024463375
0.0098638600614873988
0.0098637052583984749
0.0098629372295628761
0.0098628584491669107
0.0098623338686462184
0.0098614229235861727
0.0098607793302341977
0.0098600048175021202
0.0098595910330634747
0.0098593240375976342
0.0098588445597208169
0.0098583575727317612
0.0098576405246717392
0.0098573676726015184
0.0098567554556267291
0.0098557929424226004
0.0098557440297013642
0.0098545041127579645
0.0098544194133461729
0.0098537452557862625
0.0098537196541146552
0.0098528625982712056
0.0098522582489021186
0.0098516236008155955
0.0098503504744150271
0.0098500681882767085
0.0098500385896576614
0.0098490413825024475
0.0098487817384052545
0.0098486388376534985
0.0098484585959193391
0.0098476494184346567
0.0098470188849614469
0.009846994745920214
0.0098458830962447185
0.0098440810831599331
0.0098433601911913603
0.0098431076507291548
0.0098429609463011377
0.0098425833676975341
0.0098422853230715705
0.0098413674535245011
0.0098407368277609354
0.0098406161357076083
0.0098401135673721902
0.0098400571865658541
0.0098393357028806402
0.0098388777010395313
0.00983886156406839
0.0098388051076790592
0.0098387063328973824
0.0098379269208472859
0.0098373396901702999
0.0098369090373238918
0.0098364438894861395
0.0098355740122847788
0.0098342186731626442
0.0098341941527636013
0.0098321315076466461
0.0098314237708922152
0.0098280027225226343
0.009826645994141011
0.0098264371485663714
0.0098256106589071253
0.0098255230347665482
0.0098251055885714301
0.0098244980776223279
0.0098243695213348949
0.0098239728773547152
0.0098238783698732582
0.0098236714613650546
0.0098235537335446613
0.0098232693851474217
0.0098231497966761502
0.0098213210181871402
0.0098207767496168996
0.0098204870846874074
0.0098202361712719753
0.0098199942209355479
0.0098195782043079601
0.0098188690678883434
0.0098186330973634439
0.0098178061928682024
0.0098163504969511726
0.0098156774398893889
0.0098155827482310064
0.0098139814972190934
0.0098139148699058366
0.0098138752066138889
0.0098133234113659696
0.0098127206643136723
0.0098114995479314029
0.0098110960557754538
0.0098103311807562158
0.0098101239814018214
0.0098078199110764198
0.0098070054090966061
0.0098067405767735781
0.0098039413827238041
0.0098039380361137282
0.0098034399517678422
0.0098032532761216946
0.0098030976019706922
0.0098029718370377418
0.0098024251887525587
0.0098022219714685513
0.0098019662983096813
0.0098015905310066646
0.0097999397582259687
0.0097999030884739404
0.009799867711638377
0.009799402900513187
0.0097987203524961125
0.0097984779013093239
0.0097973509817664579
0.0097961583214149113
0.0097953385609681788
0.0097951167392978516
0.0097947325427896713
0.0097946860565558472
0.009794629917699681
0.0097945357716355749
0.0097940540218537341
0.0097919151678277066
0.0097904911006242799
0.0097904900449039631
0.0097901437554995478
0.009789780616697533
0.0097897169967424268
0.0097893095885116296
0.0097892474851963614
0.0097855234718944029
0.0097848129707042205
0.0097846098531452243
0.0097836871299589873
0.0097835916360399892
0.0097813637906877283
0.0097812222741676495
0.0097794229397689079
0.009778538176999016
0.009777704584028565
0.0097776150325492549
0.0097774687451541061
0.0097773678755897538
0.0097771491024881054
0.0097759751584854063
0.0097759299233149775
0.0097758990545672667
0.0097753834490296766
0.0097749158188682999
0.0097748662494647389
0.0097735635389287808
0.0097734085319665792
0.0097725169098353114
0.0097696003621577827
0.0097687798941215043
0.0097678627164920918
0.0097669189298176442
0.0097663708243282948
0.0097659674362180135
0.0097651128541775684
0.009764406529688999
0.00976431774687175
0.0097642713467203344
0.0097636915309411536
0.0097636099385000549
0.0097622106251949777
0.0097602110552369396
0.0097590881080930336
0.0097578479997935882
0.0097578120896592239
0.0097571694672528176
0.0097568767681009538
0.0097567771965848468
0.0097550670884183031
0.0097540351251241379
0.0097536505765094452
0.0097524011514003948
0.0097523852358427903
0.0097514785062650083
0.0097514387252232021
0.0097508605010812998
0.0097505221384642914
0.0097500774089272907
0.0097475985523203437
0.009747031365353433
0.0097469053008338979
0.0097463406825144417
0.0097459491154597618
0.009745818924016483
0.0097438576251858543
0.0097432050410535508
0.0097424718110771039
0.0097423645907910496
0.0097406493161667027
0.0097404153877706321
0.0097401298875803306
0.0097385268276412064
0.0097384121954328245
0.009738296805496845
0.0097379144427456963
0.0097374901359966303
0.0097368166191761796
0.0097360003851818464
0.0097357760465319829
0.0097357731528524283
0.0097344232714823634
0.0097341579506515109
0.0097335149664655295
0.0097328296945120678
0.0097321143804855563
0.0097300249351764245
0.0097290041830947836
0.0097288646306199801
0.0097275028198136968
0.0097268372798607755
0.0097250790937728638
0.0097249447425120164
0.0097247517919952665
0.0097230896427992191
0.0097229522279215011
0.0097226513409374628
0.009721381155896075
0.0097209863898563113
0.009720345231527967
0.0097190018824011449
0.0097189546885822833
0.0097178577553336046
0.0097159117163316214
0.0097141299673302577
0.0097140369306852256
0.0097136649400238386
0.0097121840442166048
0.0097101168664280157
0.0097096462239972172
0.0097094649734960591
0.0097091034109249175
0.0097073518765534612
0.0097056622615279767
0.009701610742079151
0.0097006701925351629
0.0097005788193852884
0.009700291762921984
0.0096988512654652154
0.0096980880012654241
0.0096980398033336117
0.0096978629868407495
0.0096977115685579242
0.0096976099786126591
0.0096960688107856283
0.0096957807423164229
0.0096946994874823837
0.0096943764496766217
0.009693598126553812
0.0096932173837832106
0.0096931596018671237
0.0096930247291910857
0.0096929942998289966
0.0096924092748344459
0.009691892327229135
0.0096916805583476401
0.0096906881437355003
0.0096892412339303086
0.0096881106589484546
0.0096879267601440843
0.0096872072296746072
0.009687006756612002
0.0096868833251881822
0.0096865643235627824
0.0096862738777593015
0.0096857433777624759
0.0096851665110219368
0.0096847827529924577
0.0096847154054700516
0.0096847099608600943
0.009684615577018189
0.0096825108932935139
0.0096808810000566653
0.0096802141556527038
0.0096797144870138241
0.0096797012798665316
0.0096788279555393986
0.0096787192691740118
0.0096763994858212569
0.0096759495330957131
0.0096745010805721118
0.0096733707658138105
0.0096729835287425632
0.0096729535068742038
0.0096726833949244036
0.0096726451599222583
0.0096725146177754941
0.0096724072537719002
0.0096720631036807791
0.0096707394925259014
0.0096707196854005067
0.0096706586059873596
0.009670218830113736
0.009669839800337178
0.0096688853774531472
0.0096680179919574876
0.0096673357848066025
0.0096671229935555419
0.0096641404061045526
0.0096638996770636101
0.0096637818944028449
0.0096636098764127168
0.0096625262732384296
0.0096625171462395004
0.0096622982713600106
0.0096621037363007235
0.0096613964698510305
0.0096594214101528523
0.0096590283691866136
0.0096570438497436475
0.0096553922878875823
0.0096546500669696944
0.0096536404561033285
0.0096524706820492086
0.009651871904272644
0.0096512272932830576
0.0096509740892932218
0.0096509595146529476
0.0096505279336533863
0.0096500590671464628
0.0096499929943947363
0.0096493262152569353
0.0096475978805552892
0.0096475921619576625
0.0096464736417592057
0.0096461434293776023
0.009645526171703658
0.0096450799352303385
0.0096449355561798126
0.009644874495442381
0.0096442118727483664
0.0096438925456170405
0.0096435879536001419
0.0096426180207167065
0.0096423303869595401
0.0096412699381322655
0.0096411964947995393
0.0096410982613569767
0.0096409623190438134
0.0096404336396504232
0.0096389970480240169
0.0096382758484935983
0.0096379665576362215
0.0096379272072107149
0.0096377637676904136
0.0096373772101608166
0.0096368010973355671
0.0096362012197026611
0.0096359651545452063
0.0096345841475465269
0.0096334685112101342
0.0096330979868644636
0.0096323818425212513
0.0096322861736637538
0.0096314188131079708
0.0096304899107697677
0.0096297257215264779
0.0096287098280229844
0.009627633536772328
0.0096269560094027259
0.0096265567636416097
0.0096259714893228571
0.0096256199649177848
0.0096245250311727745
0.0096245121090785084
0.0096229432265905277
0.0096228831846822283
0.0096227801912994633
0.0096201497497925524
0.0096200633615740171
0.0096198827816448163
0.009619002433491057
0.0096185781191867568
0.0096183311826933057
0.0096181053693616299
0.0096167774275279123
0.0096166452069497005
0.0096163391798405311
0.0096154547309573839
0.0096147435548014169
0.0096139294638173962
0.0096133485905703676
0.0096125386585503188
0.009611445063322701
0.0096112484362207481
0.0096110819906351265
0.0096109974284281693
0.0096109229902866158
0.0096100785149057354
0.0096096268479887482
0.0096095194651842266
0.0096090446115389815
0.0096088284356875327
0.0096086093532346348
0.0096075627026985192
0.0096074369390814381
0.0096071084327626066
0.0096065488425408109
0.0096059307353092149
0.009604435741844046
0.0096041858291914667
0.0096040535419028676
0.0096022576227208795
0.0096015062479447421
0.009600480172003014
0.009599538416999804
0.009599179515541496
0.0095982949320559154
0.0095973493602989918
0.0095970216203733871
0.0095969970163203525
0.00959681798172091
0.0095966245667874102
0.0095951809031822478
0.0095937608007499106
0.0095932526154738768
0.009593111594745048
0.0095918316145048831
0.0095917062187920645
0.0095901337221575809
0.009589754320775936
0.0095892571235617462
0.0095884737560641038
0.0095869569858135269
0.0095866054612346128
0.009585738727395517
0.0095857074765635583
0.0095842087860315388
0.0095833384362298806
0.0095830926391887693
0.0095827500874846247
0.0095824737936455601
0.0095823247380885344
0.0095804650271232254
0.0095790196763865954
0.0095776933023562511
0.009577525505076085
0.0095762045407325833
0.0095744151932358919
0.0095738437755142451
0.0095738141130562431
0.0095736082132734015
0.0095729370770996722
0.0095724951916478732
0.0095701124160689627
0.0095694825825915885
0.0095694321024477908
0.0095690098722519268
0.0095673878412880081
0.009566190847400206
0.0095657686749119585
0.0095656327178088967
0.0095632774251307468
0.0095625536020187626
0.0095624204350396591
0.0095613721688243229
0.0095612301873494818
0.0095609789365235093
0.0095607777696674976
0.0095606964219219874
0.0095600870083789868
0.0095600157045641204
0.0095592864423392453
0.0095589411780911543
0.0095585425740630468
0.0095584289221950017
0.009558115770696549
0.0095578707807433289
0.0095577957232341037
0.0095566551246959001
0.0095565787871250175
0.0095565027765785616
0.0095537515874822235
0.009553485526494097
0.0095532387898919369
0.0095529946874866357
0.0095529840296565277
0.0095524702634309892
0.0095518427147580267
0.0095499729780688693
0.0095495319787244435
0.00954907535553076
0.0095480251106953747
0.0095479388716363592
0.0095454708467240419
0.0095451960375753757
0.0095435567797889712
0.0095424986256373561
0.0095410931218968906
0.0095400293713357818
0.0095397799289779674
0.009539511552563093
0.0095394966195063279
0.0095389013569254708
0.0095384996247172265
0.0095383680044399677
0.0095381436330423709
0.0095376541568972083
0.0095368804395367067
0.009536756698423585
0.0095365937223164041
0.0095357051377684549
0.009535471744423183
0.0095351692142727814
0.009534274681026968
0.0095339095844208174
0.0095332093759643854
0.0095326345164596735
0.0095313537051280664
0.0095312298192838252
0.009530595516461635
0.0095276089911647769
0.0095268682886789132
0.0095262648646795844
0.0095251374715776705
0.0095250300400154149
0.0095242219544409857
0.0095233476333937469
0.0095210960672487584
0.0095208702523925035
0.0095206861535872076
0.0095204403841499443
0.009518063539602023
0.0095173241853533218
0.0095172716787475346
0.0095172128041115314
0.009516817359446577
0.0095159574277330714
0.0095139462056959886
0.0095137118228075072
0.0095134066769401032
0.009513403840346742
0.0095123963672922932
0.0095123563681283555
0.0095118071104196913
0.009511648090805732
0.0095116425563641169
0.0095113161731643758
0.0095112775076963748
0.0095112205920004755
0.0095111011319053522
0.0095107451903839926
0.009510246074266324
0.0095092998837549292
0.0095084647790394505
0.0095081855803596169
0.0095075916292178195
0.0095072678892950957
0.0095069648675789702
0.0095066591335056707
0.009506077395617098
0.0095060139007051934
0.0095056036089651054
0.0095044576519652032
0.0095035696482886883
0.0095027551919051306
0.0095027126148563238
0.0095026589054293866
0.0095019986435670289
0.0095013748022190619
0.0095013473511602782
0.0095012388598609745
0.0094990409154464116
0.0094986999446619522
0.0094982187286753936
0.0094980991324047515
0.0094980707743672135
0.0094976372325498541
0.0094971882542919297
0.0094970972732833607
0.0094960634414824642
0.0094959461713059832
0.0094952035886735012
0.0094945839515421983
0.0094943333836210696
0.0094932594904957174
0.0094929888441567939
0.0094922161508523544
0.0094916599808149097
0.0094909786084474371
0.0094908433947586517
0.0094905074270078705
0.0094896005634000288
0.0094895598615063071
0.0094891686909916225
0.0094879730752655544
0.0094879134830399992
0.0094879068466249394
0.0094872504999778829
0.0094867633850651504
0.0094863146979111933
0.0094851672398323546
0.0094851620817690274
0.0094848049582337227
0.0094845288146180144
0.0094844417396392298
0.0094840524484468714
0.0094830548547428558
0.0094828925937393126
0.0094816744214062405
0.009480702202931672
0.0094805275952336114
0.0094800217347319714
0.0094787856561899305
0.0094739899334742531
0.0094737495196893905
0.0094728418978632482
0.009472041488105128
0.0094718877946352118
0.0094718629348932003
0.0094712699293876615
0.0094699169085934783
0.0094695202866790697
0.0094693756418469718
0.0094676742820661141
0.0094663630555517526
0.0094650414738272591
0.0094649501039315801
0.0094644223178172275
0.0094642855803906672
0.009463976880249747
0.0094637407038636774
0.0094618353342287385
0.0094615974420862933
0.0094593316259409463
0.0094591540232485134
0.0094587637187580221
0.0094584598661577451
0.0094583207565537095
0.0094579471906417675
0.0094574818616078651
0.0094564135612628664
0.0094562226760975185
0.009454700273009627
0.0094543899493946103
0.0094543160880655574
0.009454300118116675
0.009454161481805539
0.0094535984385061243
0.0094518431854477992
0.0094504920706292399
0.0094492516985088017
0.0094484963860723987
0.0094484454884187878
0.0094472907853281624
0.0094468139881109057
0.0094464584559141949
0.0094459500055627688
0.0094447947586729572
0.0094445481234949006
0.0094443218346751418
0.0094437527382333457
0.0094428674987006855
0.0094420832971243377
0.0094417783904848715
0.0094413202052627682
0.009441160493535659
0.009441046855790421
0.0094406258338851148
0.0094402409450167132
0.0094392356407312396
0.0094392183385219111
0.0094388650045352743
0.0094387666275699469
0.0094377122612221039
0.0094373937305258747
0.0094353334937979042
0.0094352663565029429
0.0094352573539436702
0.0094351086691717521
0.0094347534254921334
0.0094342972908994082
0.0094339340453081667
0.0094334687745819597
0.0094325647924798327
0.0094318138436115858
0.0094309842181734861
0.0094306074541707415
0.0094303391199381768
0.009429955984612378
0.0094295449675544339
0.0094289488831224098
0.0094287917376430982
0.0094277342357281906
0.0094268970691804722
0.0094243827467266304
0.0094233341710831028
0.0094214891316109044
0.0094187950573179306
0.0094180857705848265
0.0094179620259518676
0.0094179571610378144
0.0094174636281264199
0.0094162379236480444
0.0094135179406289737
0.0094134789267858784
0.0094127988559221266
0.0094120856955779465
0.0094103911816962784
0.0094083064661756224
0.0094078712892829083
0.0094068131373807127
0.009406797427714636
0.0094049871567412069
0.009404985462203766
0.0094047393061315928
0.0094046449980413806
0.0094038155793984574
0.0094021206085652832
0.0094013531276456314
0.0094001548499263211
0.0093994405494497116
0.0093992900039773335
0.009398524528104607
0.0093973757574917511
0.0093965079606134171
0.0093960255474374779
0.0093951356813698379
0.0093943867852898291
0.0093939444821986972
0.0093927480484426572
0.0093922740194902297
0.0093898155456448168
0.0093897663083313231
0.009388290498066415
0.0093875834530198366
0.0093872974985726686
0.0093869549403701458
0.0093866980206894681
0.0093860074982380273
0.0093855759771581237
0.009385181043099225
0.0093849565390226701
0.0093814572294549751
0.0093810728878282734
0.0093801875154164455
0.0093797286137838522
0.009379707676645796
0.0093794521682466301
0.0093793453508334654
0.0093787853923144645
0.0093787009098706183
0.0093775818371990699
0.0093747579009680615
0.0093740017605152322
0.0093732532047544753
0.009372422418420236
0.0093720683088197605
0.009371981036894227
0.00937073898197688
0.0093703866175621538
0.0093696248627870397
0.0093694448564310227
0.0093693826172478439
0.0093692680307694565
0.0093677714138072198
0.0093672180793008281
0.0093664746483545294
0.0093663771079026403
0.0093660928317107917
0.009366000746556977
0.0093659425136270614
0.009364044825108938
0.0093626774068320106
0.0093617552023211141
0.0093617261941563897
0.0093609164677103396
0.0093602267472092781
0.0093602116024700723
0.0093601415833115022
0.0093597151766737652
0.0093592320537722144
0.0093584912487633433
0.0093578489429380334
0.0093575165031668135
0.0093562938517632362
0.0093551365968750667
0.009354601727027732
0.0093541264539289577
0.0093529367171128423
0.0093527071730370934
0.0093521243907398344
0.0093515484892158426
0.0093504944027655076
0.0093496021873170181
0.0093488477849361963
0.0093487076782820776
0.0093486698565295474
0.0093480124900580316
0.009347146690977897
0.0093459466696625606
0.0093455310077717336
0.0093452576593670254
0.0093449145713943339
0.0093427418676991017
0.0093416323019544275
0.0093410966256416757
0.0093391181948508373
0.0093387098572307939
0.0093386570875056557
0.0093380819748947203
0.009337988209518153
0.0093371253674158789
0.0093361411577549645
0.0093360832918568427
0.0093358636953232987
0.0093347154701419952
0.0093343232979165892
0.0093338958536889425
0.0093333939125547442
0.0093330625089241386
0.0093322122238177208
0.0093320978198450696
0.0093317092506516684
0.0093308314474236567
0.0093297935262908888
0.0093296308161022277
0.0093294706102314481
0.0093292269065683824
0.0093282324414492614
0.0093282165814725111
0.0093280613905489841
0.0093269927967162356
0.0093269044805694007
0.0093236049945074444
0.0093229212521123064
0.009322555226300995
0.0093224262676176364
0.0093220583315699879
0.0093209723493409627
0.0093206554608524089
0.0093205934009878335
0.0093205820582224451
0.0093199120496154104
0.0093192434365110509
0.0093184923077669502
0.0093176039658731565
0.0093168402194511273
0.0093167381490989517
0.0093161721671160512
0.0093150330801382002
0.0093137838274449155
0.0093133390430570461
0.0093132919833683481
0.0093126650863617159
0.0093121370146973716
0.0093120665468576155
0.0093119681331436596
0.0093110565211617438
0.0093110062230459707
0.009310881435791115
0.0093094574827921137
0.0093092065297796876
0.009308785963943883
0.0093087312129498372
0.0093084588106441216
0.0093073270649132473
0.0093072038326019093
0.0093071210752986386
0.0093065383822451015
0.0093046760554871266
0.009304490170670518
0.0093043350836884021
0.0093031993108356713
0.0093029790096190532
0.0093028744398843382
0.0093025340914569803
0.0093024007982996822
0.0093022392639284385
0.0093013590772500002
0.0093012449345008102
0.0093005698612336363
0.0092996010956957649
0.0092994930526577729
0.0092988729181963173
0.0092971855737399266
0.0092970078612101756
0.0092956339329685733
0.0092953890418994971
0.0092953265534916011
0.0092952201332454337
0.0092935458171350994
0.0092935075937812684
0.0092930935313832452
0.0092930581899306943
0.0092922014073945867
0.0092917566445155902
0.0092905158996161429
0.0092897845119791905
0.0092897293430284043
0.0092894556793648719
0.0092893626774120022
0.0092893116147838607
0.0092870052016399366
0.009286371274622585
0.009286220682707293
0.0092849300929362198
0.0092849164242789477
0.0092848688866886374
0.009284109327287968
0.0092838598084555059
0.0092832526147538074
0.0092816214240168532
0.0092814349999401982
0.0092804589166107527
0.0092791489210451161
0.0092790987886336735
0.0092786965334570454
0.0092771792068156236
0.0092763507604743476
0.0092752064848882435
0.009274376780645131
0.009274255740073031
0.0092740414610038516
0.0092729420524381365
0.0092726205080506195
0.0092725096429118713
0.0092700130158696863
0.00926972811880185
0.0092696575137951615
0.0092695028163358971
0.0092693511444454906
0.0092692189321011177
0.0092686765169764131
0.0092682548401934184
0.0092680855760706535
0.0092610938022984549
0.0092602530032037909
0.0092598334122305347
0.0092597960552622104
0.0092597553525069747
0.0092593314667442795
0.0092591600224856459
0.0092591410214822797
0.0092578873828334414
0.0092575248505554208
0.0092567622333037357
0.009256100325905842
0.0092559875508152045
0.0092548481823578922
0.0092548015551875713
0.0092547287021230371
0.0092540373095566387
0.0092537500039991515
0.0092532911054001646
0.0092530809800454982
0.0092524603603967789
0.009251931578478173
0.0092518172539088287
0.009251044277491809
0.0092509210076047142
0.009247823895943582
0.0092475552093608786
0.0092474191525996115
0.009246469249295234
0.0092462122272650282
0.0092460544189761941
0.0092456537742159131
0.0092456497230957169
0.0092451277316201019
0.0092444147708098702
0.009242950957716321
0.0092427171125113675
0.0092419261857012817
0.0092411822924068875
0.0092408695466086356
0.009240694189891022
0.0092403597415067658
0.0092402968567020256
0.0092399702348232183
0.0092397414425028877
0.0092394691858571874
0.0092393292844154557
0.0092391734149872111
0.0092391448874926691
0.0092379944093091172
0.0092379323327281652
0.0092377030306793201
0.0092369620524787258
0.009236722779787777
0.0092365386916249282
0.0092358161831770647
0.0092348035582770147
0.0092346943810829845
0.0092341011764227095
0.0092331917792156694
0.0092324111853852829
0.0092320964666440571
0.0092316036604998212
0.009230954405512231
0.0092299916090986828
0.009229962945791181
0.0092299226701942558
0.009226551706702819
0.0092252783762553098
0.0092251254922404904
0.009224926274102532
0.0092245826264228618
0.0092235118570831286
0.0092234812330107864
0.0092229725734582473
0.0092229138998783013
0.0092227414707797759
0.0092224150347632924
0.0092220673836795782
0.0092208670142782025
0.009219812128248359
0.0092196130424684226
0.00921947686445862
0.0092190208849394772
0.0092188364741141136
0.0092186092686068685
0.0092174787101515342
0.0092169227989652106
0.0092165733201290349
0.0092158926592463952
0.009214855054751607
0.0092141120131806233
0.0092136662146490196
0.0092134918065474667
0.0092134849436585429
0.0092126699777253917
0.0092088313738776743
0.0092085568950116582
0.009207570076276839
0.0092067890715466852
0.0092060865290470497
0.0092040346815729351
0.009204016904679025
0.0092020362997787455
0.0092018745074028876
0.009201794398231709
0.0092016241245302267
0.0092013537773387478
0.0092010631183254837
0.0092008649730821457
0.00919939982557837
0.0091991789278147804
0.0091986056391723456
0.0091977022341479878
0.0091976786097098476
0.0091976141046460139
0.0091969511537691607
0.0091955040737643108
0.0091953204257758468
0.0091945987737128958
0.0091936148692538956
0.0091922903038991841
0.009192100477423984
0.0091905210790913239
0.0091898667897539772
0.0091890123354649127
0.0091883849729449945
0.0091877917824595527
0.0091876600327041712
0.0091870231001058601
0.0091859029597053752
0.0091843915363315765
0.0091843300978550722
0.0091832165312529922
0.0091829285493521141
0.0091826602330924399
0.0091809082015733342
0.0091804167765441591
0.0091802624805985122
0.0091790589577691577
0.0091785585018370579
0.0091785221191971675
0.0091776787525033078
0.0091759199583478137
0.0091756902689646789
0.0091755107382886694
0.0091749915193731647
0.0091741489820033346
0.009173859827267334
0.009171919072801446
0.0091709688672153393
0.009170867017468453
0.0091706063047823499
0.0091698630716268159
0.0091694200591414098
0.0091692454097358767
0.0091688144133412579
0.0091686505082971548
0.0091684938571020436
0.0091684831091337626
0.0091674003709961358
0.0091671073488153159
0.0091668943245895897
0.0091664994907660179
0.0091661222464808692
0.0091657197799327565
0.0091654689749469387
0.0091647790727580527
0.0091646552036950841
0.0091645284661618729
0.0091644740923036757
0.0091644373043736002
0.0091629393033281353
0.0091620937791262926
0.0091619577589324343
0.0091615709442461214
0.0091599865145920167
0.009159280049740922
0.0091592421165994
0.00915883075196193
0.0091587647772843686
0.0091585030979861922
0.0091584924612815501
0.0091582651668507507
0.0091581483710195238
0.009157758038511073
0.0091568802332410021
0.0091565751902480917
0.0091546252305122547
0.0091541057799390379
0.009154023700913878
0.0091539819483393084
0.0091536333649648548
0.0091533919008116513
0.0091529202552692712
0.0091523942888431173
0.009151961795892706
0.009151825108031305
0.0091512736391472903
0.0091506039890603928
0.0091500768873374397
0.0091495823651263266
0.0091490498405685013
0.0091485747982987444
0.0091483968316926501
0.0091482601949481081
0.0091481239777115898
0.0091479771072268939
0.0091478549507293481
0.0091465146844558181
0.0091453138842756375
0.0091445257623942178
0.0091441214449444318
0.0091435021956661616
0.0091434631060389425
0.0091422688200920189
0.0091414685135138597
0.0091406913356296346
0.0091401165074542733
0.0091399962147172675
0.0091398075638049522
0.0091385318361425442
0.0091381762379067945
0.0091378158375849238
0.0091366535706172737
0.0091362766256554324
0.0091361065750435247
0.0091358345281509056
0.009134741095629036
0.0091341793353853073
0.009133477557893406
0.0091334034464443849
0.0091333051193749799
0.0091331239751667355
0.0091327873142363885
0.0091326132842728357
0.0091322391063148479
0.0091313360999196406
0.0091311021312770035
0.0091310998315211854
0.009129684126731874
0.0091295725212594096
0.0091295277433387986
0.0091289592604633756
0.0091289214631625863
0.0091288825318581786
0.0091283540719470889
0.0091283003680211298
0.0091278549593533723
0.0091256515684878248
0.0091255903005392647
0.0091250202921615928
0.0091243128266142969
0.0091235977395032995
0.0091234936229437832
0.0091233874992873807
0.0091230626681167038
0.0091219995795989457
0.0091204882240563962
0.0091197034080958504
0.0091177404249587011
0.0091168442365723214
0.0091167374796816206
0.0091126257640278489
0.0091119444339252918
0.0091116644812168617
0.0091113969081291438
0.0091105379250518339
0.0091104314010876149
0.0091101834468636268
0.0091100489709759914
0.0091098933944240117
0.0091092865334651482
0.0091084269135928222
0.0091079428376310955
0.0091075539787750081
0.0091073553849675744
0.0091069900375516724
0.0091067731499779835
0.0091058500692946832
0.0091046312537533501
0.0091042076381816998
0.0091041857753612499
0.0091041521001848334
0.0091040578012403298
0.0091023964623425206
0.009101846328836101
0.0091014158716795617
0.0091014078255049653
0.009100961510113208
0.0091000831361162902
0.0090985988795104292
0.009098261204630918
0.0090982391738122191
0.0090954473421824781
0.009094456516349804
0.0090941783632540185
0.0090940173809900427
0.0090938380874777021
0.0090928045794196836
0.0090922079102272388
0.0090919548897979985
0.0090904335996781303
0.009088273717594221
0.0090881727078439382
0.0090872760604725506
0.0090869765473818778
0.0090865970692278562
0.009086539686556306
0.0090865105538112962
0.0090864387986493798
0.0090843292534527349
0.0090831249328088715
0.0090828223162764885
0.0090821663461351856
0.0090819119791415194
0.009081659641694861
0.0090814741807063188
0.0090813784530794309
0.0090811185175743644
0.0090808911785967474
0.0090791626235592719
0.0090785636650913375
0.0090774287075963637
0.0090766490280756139
0.0090765642011735401
0.0090765473131916418
0.0090761985698248442
0.0090756575387951881
0.0090750167664519835
0.0090744791415439726
0.0090742173889344618
0.0090733667325564506
0.0090732554200017197
0.0090728270271191874
0.0090727689609339801
0.0090726806789857353
0.0090716842698361794
0.0090713946157921308
0.0090699146811650949
0.0090693379055949812
0.0090686221715063631
0.0090679078222574375
0.0090669557705982395
0.0090669530494986474
0.0090666171256456145
0.0090662710755856669
0.0090657145869587411
0.009064911117074444
0.0090648762458236682
0.0090645441873072989
0.0090638643306963692
0.0090638142898656019
0.0090633885151350582
0.0090628814427442025
0.0090626759046185026
0.0090624164701037721
0.0090622372456146197
0.0090620655526985252
0.0090617639813535353
0.0090613620370485724
0.009060884829815553
0.0090604433759346372
0.0090590177774048913
0.0090588124945250783
0.0090584999095713915
0.0090576438505531095
0.0090565459795993834
0.0090563677617346832
0.0090560297933383292
0.0090549698730797226
0.0090549191946932422
0.009053685357282305
0.0090520268664846006
0.0090518839321556636
0.0090511723849278757
0.0090496777162730174
0.009049118505253341
0.0090486537898011813
0.0090465045192410169
0.0090462888516669934
0.0090461936683713471
0.0090461931428626359
0.0090454068774176444
0.0090449398254293777
0.0090447216241137038
0.0090446901585814095
0.0090442378672646023
0.0090432283875329991
0.0090430249238472593
0.0090428821768093418
0.0090428727649568066
0.0090423127221577991
0.0090411795473440814
0.0090407470078328767
0.009039113695805177
0.0090390763043252127
0.0090386649780196063
0.009038533151473075
0.0090380383247030231
0.0090373319996809622
0.0090372442601152816
0.0090366998788420205
0.0090363396481219927
0.00903591641386319
0.0090352799616558958
0.0090350817217267863
0.0090348197823281427
0.0090334656624946399
0.0090315425568431359
0.0090311049118357214
0.0090310779467619381
0.0090308630902648391
0.0090307826917228589
0.0090298121571120767
0.0090284932783798073
0.0090281834283584793
0.0090281741996372216
0.0090276957125158229
0.0090276572137693595
0.0090262122531661691
0.0090251540544807347
0.0090243198786708473
0.0090221208086913428
0.0090214423718631316
0.0090210477443943456
0.0090209236400962452
0.0090208486040359356
0.0090202649980128582
0.0090199799731066656
0.0090197780265668
0.0090190673766747474
0.0090189516059974769
0.009018760393225184
0.0090179756303749165
0.0090168954487450138
0.0090151361370833759
0.0090142253021429381
0.0090141984242875315
0.0090131565375308528
0.0090131010087265914
0.0090130968588666132
0.0090123562313916151
0.0090110422786275762
0.0090094846040759125
0.0090090252419269268
0.0090085403388103294
0.0090083398478666456
0.0090071495021158757
0.0090063449303643007
0.0090061601761307151
0.0090057240406398471
0.0090052022218304051
0.0090038348852053418
0.0090019950539438117
0.0090017636622036108
0.0090008244142269316
0.0090007920292496102
0.0090003428800247906
0.0089999483437022271
0.0089999106377152156
0.0089992108515330165
0.0089989263880773263
0.0089972177248687536
0.0089970384734339697
0.0089968199692361927
0.0089958491964759451
0.0089957656296776167
0.0089947990472043372
0.008994562251536423
0.008994215156069893
0.0089935514768298922
0.0089932267563086667
0.0089931881762206692
0.0089928118940348026
0.0089922893904775952
0.0089916707415950876
0.0089916617174961681
0.0089909570867282348
0.0089909356857598745
0.0089888027800582165
0.0089860865919924194
0.0089852341779735351
0.0089847958861769966
0.0089847618058754176
0.0089839747710698872
0.0089832758021296255
0.0089831502606957329
0.0089824407729795427
0.0089818275101942804
0.0089815759257225285
0.0089812296196384988
0.0089811117539585865
0.0089809542274664287
0.0089808110015459561
0.0089801664521474787
0.0089793174977894474
0.008978752662338798
0.0089780640275175586
0.0089779593994489329
0.0089773461992815311
0.0089771023000154975
0.0089763705669659837
0.0089758857885689422
0.0089754930955364964
0.0089753051002583357
0.0089734820393778652
0.0089732242028776991
0.0089708321185963686
0.008970219309318914
0.0089701250825708952
0.0089695861984561576
0.0089692672765493819
0.0089681290111843313
0.0089677812383852674
0.0089677679592030102
0.0089674194727874992
0.0089673765633239508
0.0089669202354542982
0.0089668525028832723
0.0089659335991267661
0.0089657013309522512
0.0089654313525911536
0.0089652359094381621
0.008964739019799316
0.0089633348272620903
0.0089625071898295286
0.0089605532595099253
0.0089601559404683655
0.0089598656967609346
0.0089590690120033619
0.0089584070729624467
0.008957537600726987
0.0089573838998381183
0.0089563778994887419
0.0089558165021124455
0.0089557982673149437
0.0089557910058982691
0.0089552397162986075
0.0089552287254672045
0.0089537799172847224
0.0089537473951222211
0.0089529029867809733
0.0089522251118305564
0.0089509987182170674
